target,domain,policy_id,algorithm,availability,budget,selected_subset,source_model,uses_history,selected_additional_items,development_oof_log_loss,n,events,event_rate,log_loss,brier,roc_auc,average_precision,calibration_intercept,calibration_slope,family_unique_contrasts,joint_critical_value,delta_vs_baseline,joint_upper95_vs_baseline,paired_low95_vs_baseline,paired_high95_vs_baseline,bootstrap_se_vs_baseline,delta_vs_full,joint_upper95_vs_full,paired_low95_vs_full,paired_high95_vs_full,bootstrap_se_vs_full,joint_superior_to_baseline
monthly,whole,ridge|history_available|budget=00,ridge,history_available,0,H,ridge::H,True,0,0.669891877603961,1520,594,0.3907894736842105,0.6590370080025045,0.23343689714676394,0.5829079128215198,0.4362024870072966,-0.1852994347412281,1.1037900095458528,20,0.017569987635634766,-5.272060704397674e-05,0.01751726702859079,-0.0002469689129503405,0.00016874109722102846,0.00010173349213998299,-0.013696182199128715,0.003873805436506051,-0.03107703052723146,0.0031259415630673646,0.008641201320254812,False
monthly,whole,ridge|history_available|budget=01,ridge,history_available,1,H_A,ridge::H_A,True,1,0.6653264522853897,1520,594,0.3907894736842105,0.6831481996720719,0.24531972091346985,0.5563763989789907,0.4182903144332375,-0.3822329116247431,0.45266625486375267,20,0.017569987635634766,0.024058471062521236,0.041628458698156,0.016730996105720684,0.03158532328580459,0.003735504378097012,0.010415009470436498,0.027984997106071264,-0.004031059772112977,0.02474178307307793,0.0072269416365436795,False
monthly,whole,ridge|history_available|budget=02,ridge,history_available,2,H_B_A,ridge::H_B_A,True,2,0.6620537879990125,1520,594,0.3907894736842105,0.6823010516580171,0.24503294745018714,0.5665155878438816,0.4150462284605916,-0.3806722398647205,0.47771789509653834,20,0.017569987635634766,0.023211323048472288,0.04078131068410705,0.014492135339056309,0.032003798747426065,0.004479671682120353,0.00956786145638755,0.027137849092022315,-0.0037837045077269565,0.02279936387241513,0.0067553648827808725,False
monthly,whole,ridge|history_available|budget=03,ridge,history_available,3,H_B_A,ridge::H_B_A,True,2,0.6620537879990125,1520,594,0.3907894736842105,0.6823010516580171,0.24503294745018714,0.5665155878438816,0.4150462284605916,-0.3806722398647205,0.47771789509653834,20,0.017569987635634766,0.023211323048472288,0.04078131068410705,0.014492135339056309,0.032003798747426065,0.004479671682120353,0.00956786145638755,0.027137849092022315,-0.0037837045077269565,0.02279936387241513,0.0067553648827808725,False
monthly,whole,ridge|history_available|budget=04,ridge,history_available,4,H_D,ridge::H_D,True,4,0.6444425682898658,1520,594,0.3907894736842105,0.6563067308368015,0.23271682435732827,0.6186041480317939,0.47178680206010265,-0.29537613281916747,0.741188350895025,20,0.017569987635634766,-0.002782997772745266,0.0147869898628895,-0.013278213284369098,0.008061643988374079,0.005474208888589257,-0.016426459364830004,0.0011435282708047619,-0.027184998642570887,-0.0055015718225695275,0.005493763189979645,False
monthly,whole,ridge|history_available|budget=05,ridge,history_available,5,H_D_A,ridge::H_D_A,True,5,0.6403348738197754,1520,594,0.3907894736842105,0.6849988343616684,0.24551039903091912,0.5938806713644726,0.43284931641059776,-0.3949082138437349,0.4784326530120319,20,0.017569987635634766,0.02590910575211902,0.043479093387753784,0.011970007825878246,0.040848378144936325,0.007371458826631369,0.012265644160034284,0.02983563179566905,0.004403237692966452,0.020389094052087588,0.004102847187506076,False
monthly,whole,ridge|history_available|budget=06,ridge,history_available,6,H_D_B_A,ridge::H_D_B_A,True,6,0.6388268554551306,1520,594,0.3907894736842105,0.6837852129030157,0.2449093049158754,0.5995629440553846,0.4348160671529552,-0.3953916072248689,0.49050630595391886,20,0.017569987635634766,0.024695484293466574,0.042265471929101336,0.01006696962261262,0.04034637595151048,0.007772977406488157,0.011052022701381836,0.028622010337016602,0.0037187570452569484,0.017995610894755067,0.0036224351988873873,False
monthly,whole,ridge|history_available|budget=07,ridge,history_available,7,H_D_B_A,ridge::H_D_B_A,True,6,0.6388268554551306,1520,594,0.3907894736842105,0.6837852129030157,0.2449093049158754,0.5995629440553846,0.4348160671529552,-0.3953916072248689,0.49050630595391886,20,0.017569987635634766,0.024695484293466574,0.042265471929101336,0.01006696962261262,0.04034637595151048,0.007772977406488157,0.011052022701381836,0.028622010337016602,0.0037187570452569484,0.017995610894755067,0.0036224351988873873,False
monthly,whole,ridge|history_available|budget=08,ridge,history_available,8,H_D_B_A,ridge::H_D_B_A,True,6,0.6388268554551306,1520,594,0.3907894736842105,0.6837852129030157,0.2449093049158754,0.5995629440553846,0.4348160671529552,-0.3953916072248689,0.49050630595391886,20,0.017569987635634766,0.024695484293466574,0.042265471929101336,0.01006696962261262,0.04034637595151048,0.007772977406488157,0.011052022701381836,0.028622010337016602,0.0037187570452569484,0.017995610894755067,0.0036224351988873873,False
monthly,whole,ridge|history_available|budget=09,ridge,history_available,9,H_D_B_A,ridge::H_D_B_A,True,6,0.6388268554551306,1520,594,0.3907894736842105,0.6837852129030157,0.2449093049158754,0.5995629440553846,0.4348160671529552,-0.3953916072248689,0.49050630595391886,20,0.017569987635634766,0.024695484293466574,0.042265471929101336,0.01006696962261262,0.04034637595151048,0.007772977406488157,0.011052022701381836,0.028622010337016602,0.0037187570452569484,0.017995610894755067,0.0036224351988873873,False
monthly,whole,ridge|history_available|budget=10,ridge,history_available,10,H_D_B_A,ridge::H_D_B_A,True,6,0.6388268554551306,1520,594,0.3907894736842105,0.6837852129030157,0.2449093049158754,0.5995629440553846,0.4348160671529552,-0.3953916072248689,0.49050630595391886,20,0.017569987635634766,0.024695484293466574,0.042265471929101336,0.01006696962261262,0.04034637595151048,0.007772977406488157,0.011052022701381836,0.028622010337016602,0.0037187570452569484,0.017995610894755067,0.0036224351988873873,False
monthly,whole,ridge|history_available|budget=11,ridge,history_available,11,H_D_B_A,ridge::H_D_B_A,True,6,0.6388268554551306,1520,594,0.3907894736842105,0.6837852129030157,0.2449093049158754,0.5995629440553846,0.4348160671529552,-0.3953916072248689,0.49050630595391886,20,0.017569987635634766,0.024695484293466574,0.042265471929101336,0.01006696962261262,0.04034637595151048,0.007772977406488157,0.011052022701381836,0.028622010337016602,0.0037187570452569484,0.017995610894755067,0.0036224351988873873,False
monthly,whole,ridge|history_available|budget=12,ridge,history_available,12,H_D_B_A,ridge::H_D_B_A,True,6,0.6388268554551306,1520,594,0.3907894736842105,0.6837852129030157,0.2449093049158754,0.5995629440553846,0.4348160671529552,-0.3953916072248689,0.49050630595391886,20,0.017569987635634766,0.024695484293466574,0.042265471929101336,0.01006696962261262,0.04034637595151048,0.007772977406488157,0.011052022701381836,0.028622010337016602,0.0037187570452569484,0.017995610894755067,0.0036224351988873873,False
monthly,whole,ridge|history_available|budget=13,ridge,history_available,13,H_D_B_A,ridge::H_D_B_A,True,6,0.6388268554551306,1520,594,0.3907894736842105,0.6837852129030157,0.2449093049158754,0.5995629440553846,0.4348160671529552,-0.3953916072248689,0.49050630595391886,20,0.017569987635634766,0.024695484293466574,0.042265471929101336,0.01006696962261262,0.04034637595151048,0.007772977406488157,0.011052022701381836,0.028622010337016602,0.0037187570452569484,0.017995610894755067,0.0036224351988873873,False
monthly,whole,ridge|history_available|budget=14,ridge,history_available,14,H_D_B_A,ridge::H_D_B_A,True,6,0.6388268554551306,1520,594,0.3907894736842105,0.6837852129030157,0.2449093049158754,0.5995629440553846,0.4348160671529552,-0.3953916072248689,0.49050630595391886,20,0.017569987635634766,0.024695484293466574,0.042265471929101336,0.01006696962261262,0.04034637595151048,0.007772977406488157,0.011052022701381836,0.028622010337016602,0.0037187570452569484,0.017995610894755067,0.0036224351988873873,False
monthly,whole,ridge|history_available|budget=15,ridge,history_available,15,H_D_K,ridge::H_D_K,True,15,0.6375209814080348,1520,594,0.3907894736842105,0.6391747523501157,0.22445883780726208,0.6544167375700852,0.5227105208771339,-0.2356530032828801,0.8532633233090503,20,0.017569987635634766,-0.01991497625943195,-0.0023449886237971833,-0.03224570852690116,-0.007060841950788184,0.006474396205789233,-0.03355843785151669,-0.01598845021588192,-0.04225663140827693,-0.025106379771410305,0.004292626653731387,True
monthly,whole,ridge|history_available|budget=16,ridge,history_available,16,H_D_A_K,ridge::H_D_A_K,True,16,0.6334423649892521,1520,594,0.3907894736842105,0.6687309322740428,0.23789510421975363,0.6222783995462181,0.4779791203086516,-0.36120192858573136,0.573948719903327,20,0.017569987635634766,0.00964120366449328,0.027211191300128047,-0.00598956633857062,0.025795295462099403,0.008156054804587563,-0.004002257927591457,0.013567729708043309,-0.008212090494200417,3.057547373521933e-05,0.0021021589379922935,False
monthly,whole,ridge|history_available|budget=17,ridge,history_available,17,H_D_B_A_K,ridge::H_D_B_A_K,True,17,0.6322907917051597,1520,594,0.3907894736842105,0.6682746496092846,0.23760688218973305,0.6267816756477664,0.4759948512707868,-0.3639286600247223,0.5735753277154472,20,0.017569987635634766,0.009184920999735335,0.0267549086353701,-0.006847394860946245,0.026061900579494236,0.008471523273025775,-0.004458540592349403,0.013111447043285363,-0.007010110950384252,-0.002056230142785158,0.0012905847175966945,False
monthly,whole,ridge|history_available|budget=18,ridge,history_available,18,H_D_B_A_K,ridge::H_D_B_A_K,True,17,0.6322907917051597,1520,594,0.3907894736842105,0.6682746496092846,0.23760688218973305,0.6267816756477664,0.4759948512707868,-0.3639286600247223,0.5735753277154472,20,0.017569987635634766,0.009184920999735335,0.0267549086353701,-0.006847394860946245,0.026061900579494236,0.008471523273025775,-0.004458540592349403,0.013111447043285363,-0.007010110950384252,-0.002056230142785158,0.0012905847175966945,False
monthly,whole,ridge|history_available|budget=19,ridge,history_available,19,H_D_B_A_K,ridge::H_D_B_A_K,True,17,0.6322907917051597,1520,594,0.3907894736842105,0.6682746496092846,0.23760688218973305,0.6267816756477664,0.4759948512707868,-0.3639286600247223,0.5735753277154472,20,0.017569987635634766,0.009184920999735335,0.0267549086353701,-0.006847394860946245,0.026061900579494236,0.008471523273025775,-0.004458540592349403,0.013111447043285363,-0.007010110950384252,-0.002056230142785158,0.0012905847175966945,False
monthly,whole,ridge|history_available|budget=20,ridge,history_available,20,H_D_B_A_K,ridge::H_D_B_A_K,True,17,0.6322907917051597,1520,594,0.3907894736842105,0.6682746496092846,0.23760688218973305,0.6267816756477664,0.4759948512707868,-0.3639286600247223,0.5735753277154472,20,0.017569987635634766,0.009184920999735335,0.0267549086353701,-0.006847394860946245,0.026061900579494236,0.008471523273025775,-0.004458540592349403,0.013111447043285363,-0.007010110950384252,-0.002056230142785158,0.0012905847175966945,False
monthly,whole,ridge|history_available|budget=21,ridge,history_available,21,H_D_B_A_K,ridge::H_D_B_A_K,True,17,0.6322907917051597,1520,594,0.3907894736842105,0.6682746496092846,0.23760688218973305,0.6267816756477664,0.4759948512707868,-0.3639286600247223,0.5735753277154472,20,0.017569987635634766,0.009184920999735335,0.0267549086353701,-0.006847394860946245,0.026061900579494236,0.008471523273025775,-0.004458540592349403,0.013111447043285363,-0.007010110950384252,-0.002056230142785158,0.0012905847175966945,False
monthly,whole,ridge|history_available|budget=22,ridge,history_available,22,H_D_B_A_K,ridge::H_D_B_A_K,True,17,0.6322907917051597,1520,594,0.3907894736842105,0.6682746496092846,0.23760688218973305,0.6267816756477664,0.4759948512707868,-0.3639286600247223,0.5735753277154472,20,0.017569987635634766,0.009184920999735335,0.0267549086353701,-0.006847394860946245,0.026061900579494236,0.008471523273025775,-0.004458540592349403,0.013111447043285363,-0.007010110950384252,-0.002056230142785158,0.0012905847175966945,False
monthly,whole,ridge|history_available|budget=23,ridge,history_available,23,H_D_B_A_K,ridge::H_D_B_A_K,True,17,0.6322907917051597,1520,594,0.3907894736842105,0.6682746496092846,0.23760688218973305,0.6267816756477664,0.4759948512707868,-0.3639286600247223,0.5735753277154472,20,0.017569987635634766,0.009184920999735335,0.0267549086353701,-0.006847394860946245,0.026061900579494236,0.008471523273025775,-0.004458540592349403,0.013111447043285363,-0.007010110950384252,-0.002056230142785158,0.0012905847175966945,False
monthly,whole,ridge|history_available|budget=24,ridge,history_available,24,H_D_B_A_K,ridge::H_D_B_A_K,True,17,0.6322907917051597,1520,594,0.3907894736842105,0.6682746496092846,0.23760688218973305,0.6267816756477664,0.4759948512707868,-0.3639286600247223,0.5735753277154472,20,0.017569987635634766,0.009184920999735335,0.0267549086353701,-0.006847394860946245,0.026061900579494236,0.008471523273025775,-0.004458540592349403,0.013111447043285363,-0.007010110950384252,-0.002056230142785158,0.0012905847175966945,False
monthly,whole,ridge|history_available|budget=25,ridge,history_available,25,H_D_B_A_K,ridge::H_D_B_A_K,True,17,0.6322907917051597,1520,594,0.3907894736842105,0.6682746496092846,0.23760688218973305,0.6267816756477664,0.4759948512707868,-0.3639286600247223,0.5735753277154472,20,0.017569987635634766,0.009184920999735335,0.0267549086353701,-0.006847394860946245,0.026061900579494236,0.008471523273025775,-0.004458540592349403,0.013111447043285363,-0.007010110950384252,-0.002056230142785158,0.0012905847175966945,False
monthly,whole,ridge|history_available|budget=26,ridge,history_available,26,H_D_B_A_K,ridge::H_D_B_A_K,True,17,0.6322907917051597,1520,594,0.3907894736842105,0.6682746496092846,0.23760688218973305,0.6267816756477664,0.4759948512707868,-0.3639286600247223,0.5735753277154472,20,0.017569987635634766,0.009184920999735335,0.0267549086353701,-0.006847394860946245,0.026061900579494236,0.008471523273025775,-0.004458540592349403,0.013111447043285363,-0.007010110950384252,-0.002056230142785158,0.0012905847175966945,False
monthly,whole,ridge|history_available|budget=27,ridge,history_available,27,H_D_B_A_K,ridge::H_D_B_A_K,True,17,0.6322907917051597,1520,594,0.3907894736842105,0.6682746496092846,0.23760688218973305,0.6267816756477664,0.4759948512707868,-0.3639286600247223,0.5735753277154472,20,0.017569987635634766,0.009184920999735335,0.0267549086353701,-0.006847394860946245,0.026061900579494236,0.008471523273025775,-0.004458540592349403,0.013111447043285363,-0.007010110950384252,-0.002056230142785158,0.0012905847175966945,False
monthly,whole,ridge|history_available|budget=28,ridge,history_available,28,H_D_B_P_A_K,ridge::H_D_B_P_A_K,True,28,0.6319125986967781,1520,594,0.3907894736842105,0.6703690404524028,0.23848791329335803,0.6221984059457062,0.4751024665704646,-0.3584423536426468,0.5511378867984549,20,0.017569987635634766,0.011279311842854467,0.028849299478489233,-0.0053525703933384626,0.02826108985975323,0.008539812813426634,-0.002364149749230271,0.015205837886404495,-0.004073914518243677,-0.0007840039268014803,0.0008328567523209324,False
monthly,whole,ridge|history_available|budget=29,ridge,history_available,29,H_D_B_P_A_K,ridge::H_D_B_P_A_K,True,28,0.6319125986967781,1520,594,0.3907894736842105,0.6703690404524028,0.23848791329335803,0.6221984059457062,0.4751024665704646,-0.3584423536426468,0.5511378867984549,20,0.017569987635634766,0.011279311842854467,0.028849299478489233,-0.0053525703933384626,0.02826108985975323,0.008539812813426634,-0.002364149749230271,0.015205837886404495,-0.004073914518243677,-0.0007840039268014803,0.0008328567523209324,False
monthly,whole,ridge|history_available|budget=30,ridge,history_available,30,H_D_B_P_A_K,ridge::H_D_B_P_A_K,True,28,0.6319125986967781,1520,594,0.3907894736842105,0.6703690404524028,0.23848791329335803,0.6221984059457062,0.4751024665704646,-0.3584423536426468,0.5511378867984549,20,0.017569987635634766,0.011279311842854467,0.028849299478489233,-0.0053525703933384626,0.02826108985975323,0.008539812813426634,-0.002364149749230271,0.015205837886404495,-0.004073914518243677,-0.0007840039268014803,0.0008328567523209324,False
monthly,whole,ridge|history_unavailable|budget=00,ridge,history_unavailable,0,NONE,ridge::NONE,False,0,0.6835049913737833,1520,594,0.3907894736842105,0.6723860205485396,0.23967065698201265,0.5,0.3907894736842105,,,19,0.018794734309650656,0.0,0.0,0.0,0.0,0.0,-0.00664661284234902,0.012148121467301636,-0.024948943618955322,0.011589104547371663,0.009339129841909885,False
monthly,whole,ridge|history_unavailable|budget=01,ridge,history_unavailable,1,A,ridge::A,False,1,0.6768594110722397,1520,594,0.3907894736842105,0.6963022527318284,0.25152922678435136,0.48897179134760127,0.38577260190969687,-0.46660942835705266,-0.1464890070381136,19,0.018794734309650656,0.023916232183293196,0.042710966492943855,0.015181198996941866,0.03279976167939594,0.0044907386018272835,0.017269619340944176,0.036064353650594835,0.0021302025947092687,0.03204537095147668,0.007586039437799885,False
monthly,whole,ridge|history_unavailable|budget=02,ridge,history_unavailable,2,B_A,ridge::B_A,False,2,0.6713562513598216,1520,594,0.3907894736842105,0.6924798592336207,0.2496885304605445,0.527919584615049,0.39726764041301293,-0.4170420118146751,0.17869067018464743,19,0.018794734309650656,0.020093838685080634,0.038888572994731294,0.009382086621950383,0.030621909885882825,0.005424094172710044,0.013447225842731614,0.032241960152382274,-0.0001299207534057599,0.02696833311349952,0.0069344753187789805,False
monthly,whole,ridge|history_unavailable|budget=03,ridge,history_unavailable,3,B_A,ridge::B_A,False,2,0.6713562513598216,1520,594,0.3907894736842105,0.6924798592336207,0.2496885304605445,0.527919584615049,0.39726764041301293,-0.4170420118146751,0.17869067018464743,19,0.018794734309650656,0.020093838685080634,0.038888572994731294,0.009382086621950383,0.030621909885882825,0.005424094172710044,0.013447225842731614,0.032241960152382274,-0.0001299207534057599,0.02696833311349952,0.0069344753187789805,False
monthly,whole,ridge|history_unavailable|budget=04,ridge,history_unavailable,4,D,ridge::D,False,4,0.6568160240143509,1520,594,0.3907894736842105,0.665126417552721,0.23657643984763937,0.5850231981441485,0.45356069108646413,-0.2792768805402848,0.6639310453951359,19,0.018794734309650656,-0.007259602995819847,0.011535131313830809,-0.01836497273967475,0.004427456285402539,0.005719507774883122,-0.013906215838168867,0.004888518471481789,-0.026266783256431878,-0.0015707037039664217,0.006282597970595764,False
monthly,whole,ridge|history_unavailable|budget=05,ridge,history_unavailable,5,D_A,ridge::D_A,False,5,0.6508830703941177,1520,594,0.3907894736842105,0.6939097340180052,0.24995163088859487,0.5611632887550815,0.4187761628794696,-0.39929144850919873,0.3497834587879559,19,0.018794734309650656,0.021523713469465244,0.040318447779115904,0.0062041924695414195,0.03712531486157123,0.0079378210314895,0.014877100627116224,0.033671834936766884,0.006275651518007169,0.02392129468024841,0.0044870044742955344,False
monthly,whole,ridge|history_unavailable|budget=06,ridge,history_unavailable,6,D_B_A,ridge::D_B_A,False,6,0.6478313353133246,1520,594,0.3907894736842105,0.6903834059330525,0.248193215839968,0.5745667619317727,0.4257954364769639,-0.39392436698069394,0.40598720133660343,19,0.018794734309650656,0.017997385384511677,0.03679211969416234,0.001809271346596056,0.03484436900941571,0.008503153429308019,0.011350772542162657,0.030145506851813313,0.004105388429845791,0.018688994120790035,0.0038065809580134194,False
monthly,whole,ridge|history_unavailable|budget=07,ridge,history_unavailable,7,D_B_A,ridge::D_B_A,False,6,0.6478313353133246,1520,594,0.3907894736842105,0.6903834059330525,0.248193215839968,0.5745667619317727,0.4257954364769639,-0.39392436698069394,0.40598720133660343,19,0.018794734309650656,0.017997385384511677,0.03679211969416234,0.001809271346596056,0.03484436900941571,0.008503153429308019,0.011350772542162657,0.030145506851813313,0.004105388429845791,0.018688994120790035,0.0038065809580134194,False
monthly,whole,ridge|history_unavailable|budget=08,ridge,history_unavailable,8,D_B_A,ridge::D_B_A,False,6,0.6478313353133246,1520,594,0.3907894736842105,0.6903834059330525,0.248193215839968,0.5745667619317727,0.4257954364769639,-0.39392436698069394,0.40598720133660343,19,0.018794734309650656,0.017997385384511677,0.03679211969416234,0.001809271346596056,0.03484436900941571,0.008503153429308019,0.011350772542162657,0.030145506851813313,0.004105388429845791,0.018688994120790035,0.0038065809580134194,False
monthly,whole,ridge|history_unavailable|budget=09,ridge,history_unavailable,9,D_B_A,ridge::D_B_A,False,6,0.6478313353133246,1520,594,0.3907894736842105,0.6903834059330525,0.248193215839968,0.5745667619317727,0.4257954364769639,-0.39392436698069394,0.40598720133660343,19,0.018794734309650656,0.017997385384511677,0.03679211969416234,0.001809271346596056,0.03484436900941571,0.008503153429308019,0.011350772542162657,0.030145506851813313,0.004105388429845791,0.018688994120790035,0.0038065809580134194,False
monthly,whole,ridge|history_unavailable|budget=10,ridge,history_unavailable,10,D_B_A,ridge::D_B_A,False,6,0.6478313353133246,1520,594,0.3907894736842105,0.6903834059330525,0.248193215839968,0.5745667619317727,0.4257954364769639,-0.39392436698069394,0.40598720133660343,19,0.018794734309650656,0.017997385384511677,0.03679211969416234,0.001809271346596056,0.03484436900941571,0.008503153429308019,0.011350772542162657,0.030145506851813313,0.004105388429845791,0.018688994120790035,0.0038065809580134194,False
monthly,whole,ridge|history_unavailable|budget=11,ridge,history_unavailable,11,D_B_A,ridge::D_B_A,False,6,0.6478313353133246,1520,594,0.3907894736842105,0.6903834059330525,0.248193215839968,0.5745667619317727,0.4257954364769639,-0.39392436698069394,0.40598720133660343,19,0.018794734309650656,0.017997385384511677,0.03679211969416234,0.001809271346596056,0.03484436900941571,0.008503153429308019,0.011350772542162657,0.030145506851813313,0.004105388429845791,0.018688994120790035,0.0038065809580134194,False
monthly,whole,ridge|history_unavailable|budget=12,ridge,history_unavailable,12,D_B_A,ridge::D_B_A,False,6,0.6478313353133246,1520,594,0.3907894736842105,0.6903834059330525,0.248193215839968,0.5745667619317727,0.4257954364769639,-0.39392436698069394,0.40598720133660343,19,0.018794734309650656,0.017997385384511677,0.03679211969416234,0.001809271346596056,0.03484436900941571,0.008503153429308019,0.011350772542162657,0.030145506851813313,0.004105388429845791,0.018688994120790035,0.0038065809580134194,False
monthly,whole,ridge|history_unavailable|budget=13,ridge,history_unavailable,13,D_B_A,ridge::D_B_A,False,6,0.6478313353133246,1520,594,0.3907894736842105,0.6903834059330525,0.248193215839968,0.5745667619317727,0.4257954364769639,-0.39392436698069394,0.40598720133660343,19,0.018794734309650656,0.017997385384511677,0.03679211969416234,0.001809271346596056,0.03484436900941571,0.008503153429308019,0.011350772542162657,0.030145506851813313,0.004105388429845791,0.018688994120790035,0.0038065809580134194,False
monthly,whole,ridge|history_unavailable|budget=14,ridge,history_unavailable,14,D_B_A,ridge::D_B_A,False,6,0.6478313353133246,1520,594,0.3907894736842105,0.6903834059330525,0.248193215839968,0.5745667619317727,0.4257954364769639,-0.39392436698069394,0.40598720133660343,19,0.018794734309650656,0.017997385384511677,0.03679211969416234,0.001809271346596056,0.03484436900941571,0.008503153429308019,0.011350772542162657,0.030145506851813313,0.004105388429845791,0.018688994120790035,0.0038065809580134194,False
monthly,whole,ridge|history_unavailable|budget=15,ridge,history_unavailable,15,D_K,ridge::D_K,False,15,0.6476653957528373,1520,594,0.3907894736842105,0.6473487190138392,0.2279418105223644,0.6298096152307815,0.5182255072232157,-0.20278647681527964,0.8224651278344761,19,0.018794734309650656,-0.025037301534701073,-0.006242567225050417,-0.03818810000495682,-0.011472637872976092,0.00684401405429265,-0.03168391437705009,-0.012889180067399437,-0.041694118915393846,-0.021609077177585298,0.00503392139006733,True
monthly,whole,ridge|history_unavailable|budget=16,ridge,history_unavailable,16,D_A_K,ridge::D_A_K,False,16,0.6418943689389565,1520,594,0.3907894736842105,0.6767853465294392,0.24175794839278514,0.5955141770476544,0.47577142922269244,-0.35670520044523873,0.5042793339847021,19,0.018794734309650656,0.0043993259808983165,0.023194060290548973,-0.012844083985318569,0.021641339571836185,0.008784306026987978,-0.0022472868614507036,0.016547447448199953,-0.007059906189857601,0.0024056367211057607,0.0024840528456303184,False
monthly,whole,ridge|history_unavailable|budget=17,ridge,history_unavailable,17,D_B_A_K,ridge::D_B_A_K,False,17,0.6396683524051824,1520,594,0.3907894736842105,0.6747722145609071,0.24076122961311439,0.6047752543432889,0.4728029803191288,-0.35749686470978836,0.5221914471163087,19,0.018794734309650656,0.002386194012366172,0.021180928322016828,-0.015711884714691194,0.020746896774068116,0.009214180264877175,-0.004260418829982848,0.014534315479667808,-0.006840104268421734,-0.0017579227760173245,0.0012981027976758399,False
monthly,whole,ridge|history_unavailable|budget=18,ridge,history_unavailable,18,D_B_A_K,ridge::D_B_A_K,False,17,0.6396683524051824,1520,594,0.3907894736842105,0.6747722145609071,0.24076122961311439,0.6047752543432889,0.4728029803191288,-0.35749686470978836,0.5221914471163087,19,0.018794734309650656,0.002386194012366172,0.021180928322016828,-0.015711884714691194,0.020746896774068116,0.009214180264877175,-0.004260418829982848,0.014534315479667808,-0.006840104268421734,-0.0017579227760173245,0.0012981027976758399,False
monthly,whole,ridge|history_unavailable|budget=19,ridge,history_unavailable,19,D_B_A_K,ridge::D_B_A_K,False,17,0.6396683524051824,1520,594,0.3907894736842105,0.6747722145609071,0.24076122961311439,0.6047752543432889,0.4728029803191288,-0.35749686470978836,0.5221914471163087,19,0.018794734309650656,0.002386194012366172,0.021180928322016828,-0.015711884714691194,0.020746896774068116,0.009214180264877175,-0.004260418829982848,0.014534315479667808,-0.006840104268421734,-0.0017579227760173245,0.0012981027976758399,False
monthly,whole,ridge|history_unavailable|budget=20,ridge,history_unavailable,20,D_B_A_K,ridge::D_B_A_K,False,17,0.6396683524051824,1520,594,0.3907894736842105,0.6747722145609071,0.24076122961311439,0.6047752543432889,0.4728029803191288,-0.35749686470978836,0.5221914471163087,19,0.018794734309650656,0.002386194012366172,0.021180928322016828,-0.015711884714691194,0.020746896774068116,0.009214180264877175,-0.004260418829982848,0.014534315479667808,-0.006840104268421734,-0.0017579227760173245,0.0012981027976758399,False
monthly,whole,ridge|history_unavailable|budget=21,ridge,history_unavailable,21,D_B_A_K,ridge::D_B_A_K,False,17,0.6396683524051824,1520,594,0.3907894736842105,0.6747722145609071,0.24076122961311439,0.6047752543432889,0.4728029803191288,-0.35749686470978836,0.5221914471163087,19,0.018794734309650656,0.002386194012366172,0.021180928322016828,-0.015711884714691194,0.020746896774068116,0.009214180264877175,-0.004260418829982848,0.014534315479667808,-0.006840104268421734,-0.0017579227760173245,0.0012981027976758399,False
monthly,whole,ridge|history_unavailable|budget=22,ridge,history_unavailable,22,D_B_A_K,ridge::D_B_A_K,False,17,0.6396683524051824,1520,594,0.3907894736842105,0.6747722145609071,0.24076122961311439,0.6047752543432889,0.4728029803191288,-0.35749686470978836,0.5221914471163087,19,0.018794734309650656,0.002386194012366172,0.021180928322016828,-0.015711884714691194,0.020746896774068116,0.009214180264877175,-0.004260418829982848,0.014534315479667808,-0.006840104268421734,-0.0017579227760173245,0.0012981027976758399,False
monthly,whole,ridge|history_unavailable|budget=23,ridge,history_unavailable,23,D_B_A_K,ridge::D_B_A_K,False,17,0.6396683524051824,1520,594,0.3907894736842105,0.6747722145609071,0.24076122961311439,0.6047752543432889,0.4728029803191288,-0.35749686470978836,0.5221914471163087,19,0.018794734309650656,0.002386194012366172,0.021180928322016828,-0.015711884714691194,0.020746896774068116,0.009214180264877175,-0.004260418829982848,0.014534315479667808,-0.006840104268421734,-0.0017579227760173245,0.0012981027976758399,False
monthly,whole,ridge|history_unavailable|budget=24,ridge,history_unavailable,24,D_B_A_K,ridge::D_B_A_K,False,17,0.6396683524051824,1520,594,0.3907894736842105,0.6747722145609071,0.24076122961311439,0.6047752543432889,0.4728029803191288,-0.35749686470978836,0.5221914471163087,19,0.018794734309650656,0.002386194012366172,0.021180928322016828,-0.015711884714691194,0.020746896774068116,0.009214180264877175,-0.004260418829982848,0.014534315479667808,-0.006840104268421734,-0.0017579227760173245,0.0012981027976758399,False
monthly,whole,ridge|history_unavailable|budget=25,ridge,history_unavailable,25,D_B_A_K,ridge::D_B_A_K,False,17,0.6396683524051824,1520,594,0.3907894736842105,0.6747722145609071,0.24076122961311439,0.6047752543432889,0.4728029803191288,-0.35749686470978836,0.5221914471163087,19,0.018794734309650656,0.002386194012366172,0.021180928322016828,-0.015711884714691194,0.020746896774068116,0.009214180264877175,-0.004260418829982848,0.014534315479667808,-0.006840104268421734,-0.0017579227760173245,0.0012981027976758399,False
monthly,whole,ridge|history_unavailable|budget=26,ridge,history_unavailable,26,D_B_A_K,ridge::D_B_A_K,False,17,0.6396683524051824,1520,594,0.3907894736842105,0.6747722145609071,0.24076122961311439,0.6047752543432889,0.4728029803191288,-0.35749686470978836,0.5221914471163087,19,0.018794734309650656,0.002386194012366172,0.021180928322016828,-0.015711884714691194,0.020746896774068116,0.009214180264877175,-0.004260418829982848,0.014534315479667808,-0.006840104268421734,-0.0017579227760173245,0.0012981027976758399,False
monthly,whole,ridge|history_unavailable|budget=27,ridge,history_unavailable,27,D_B_A_K,ridge::D_B_A_K,False,17,0.6396683524051824,1520,594,0.3907894736842105,0.6747722145609071,0.24076122961311439,0.6047752543432889,0.4728029803191288,-0.35749686470978836,0.5221914471163087,19,0.018794734309650656,0.002386194012366172,0.021180928322016828,-0.015711884714691194,0.020746896774068116,0.009214180264877175,-0.004260418829982848,0.014534315479667808,-0.006840104268421734,-0.0017579227760173245,0.0012981027976758399,False
monthly,whole,ridge|history_unavailable|budget=28,ridge,history_unavailable,28,D_B_P_A_K,ridge::D_B_P_A_K,False,28,0.6392629600354856,1520,594,0.3907894736842105,0.6775465711736354,0.241864721833265,0.5999038258757482,0.47248756312154316,-0.3548639780082735,0.4918023116451985,19,0.018794734309650656,0.005160550625095572,0.02395528493474623,-0.01251531122746522,0.02347537926766969,0.009264553071500328,-0.0014860622172534477,0.01730867209239721,-0.002940721391395268,1.623604914434824e-05,0.0007697411359459587,False
monthly,whole,ridge|history_unavailable|budget=29,ridge,history_unavailable,29,D_B_P_A_K,ridge::D_B_P_A_K,False,28,0.6392629600354856,1520,594,0.3907894736842105,0.6775465711736354,0.241864721833265,0.5999038258757482,0.47248756312154316,-0.3548639780082735,0.4918023116451985,19,0.018794734309650656,0.005160550625095572,0.02395528493474623,-0.01251531122746522,0.02347537926766969,0.009264553071500328,-0.0014860622172534477,0.01730867209239721,-0.002940721391395268,1.623604914434824e-05,0.0007697411359459587,False
monthly,whole,ridge|history_unavailable|budget=30,ridge,history_unavailable,30,D_B_P_A_K,ridge::D_B_P_A_K,False,28,0.6392629600354856,1520,594,0.3907894736842105,0.6775465711736354,0.241864721833265,0.5999038258757482,0.47248756312154316,-0.3548639780082735,0.4918023116451985,19,0.018794734309650656,0.005160550625095572,0.02395528493474623,-0.01251531122746522,0.02347537926766969,0.009264553071500328,-0.0014860622172534477,0.01730867209239721,-0.002940721391395268,1.623604914434824e-05,0.0007697411359459587,False
monthly,whole,hgb|history_available|budget=00,hgb,history_available,0,H,hgb::H,True,0,0.66992805107656,1520,594,0.3907894736842105,0.6590426498845029,0.23345043609704455,0.5829079128215198,0.4362024870072966,-0.19174586589502912,1.0803681969566745,29,0.017467825682193797,-4.707872504872146e-05,0.017420746957145076,-7.974212189814368e-05,-1.0524044518076e-05,1.7440579007763687e-05,-0.004494016901197773,0.012973808780996025,-0.018920667808827892,0.009918170803796214,0.00744871280196642,False
monthly,whole,hgb|history_available|budget=01,hgb,history_available,1,H_B,hgb::H_B,True,1,0.661433159416462,1520,594,0.3907894736842105,0.6546860137671998,0.23226597082003808,0.5824415864912625,0.44024231969158595,-0.2260296970239161,0.891242064654498,29,0.017467825682193797,-0.004403714842345363,0.013064110839848434,-0.01070696351490193,0.0025088994799816002,0.0034412045264883254,-0.008850653018494414,0.008617172663699383,-0.023166166288719453,0.005299535632719314,0.007391947157730703,False
monthly,whole,hgb|history_available|budget=02,hgb,history_available,2,H_B_A,hgb::H_B_A,True,2,0.6581088289156036,1520,594,0.3907894736842105,0.6810579892483103,0.24505823921593275,0.5547401662412462,0.40820728925084593,-0.3758430231287126,0.48876327789867036,29,0.017467825682193797,0.021968260638770887,0.03943608632096468,0.01099587946960913,0.0326770031707106,0.005520691371645276,0.017521322462621836,0.03498914814481563,0.0037397577763244763,0.031504012768755404,0.007161707416508004,False
monthly,whole,hgb|history_available|budget=03,hgb,history_available,3,H_B_M_A,hgb::H_B_M_A,True,3,0.6562688329861406,1520,594,0.3907894736842105,0.6856541558486087,0.24668683136481892,0.5524821650631585,0.3948392326583401,-0.38399507403408073,0.4170890853382707,29,0.017467825682193797,0.026564427239059496,0.04403225292125329,0.016586206919744433,0.036941667781216686,0.00499817918742802,0.022117489062910445,0.03958531474510424,0.008636433561895838,0.036104413916430114,0.007012336738519086,False
monthly,whole,hgb|history_available|budget=04,hgb,history_available,4,H_D,hgb::H_D,True,4,0.6394616868840016,1520,594,0.3907894736842105,0.6560040796260069,0.23223516030264096,0.6254208754208754,0.4822826319044531,-0.2874252535915893,0.6941981139251056,29,0.017467825682193797,-0.003085648983541911,0.014382176698651886,-0.014854212851285348,0.009728207903883245,0.006254989819463308,-0.007532587159690962,0.009935238522502835,-0.01895559614618076,0.0036788721061500242,0.005892141789539957,False
monthly,whole,hgb|history_available|budget=05,hgb,history_available,5,H_D_B,hgb::H_D_B,True,5,0.6320526968305438,1520,594,0.3907894736842105,0.6545500332248899,0.23183121295873146,0.6248763735264815,0.46519044193354336,-0.2911756147005829,0.6947701593274641,29,0.017467825682193797,-0.004539695384659037,0.01292813029753476,-0.016753665774861558,0.008605127450123424,0.006661810569761897,-0.008986633560808088,0.008481192121385709,-0.019804128275592327,0.0021388589333493748,0.005598510095680221,False
monthly,whole,hgb|history_available|budget=06,hgb,history_available,6,H_D_B_M,hgb::H_D_B_M,True,6,0.6276883296665146,1520,594,0.3907894736842105,0.6552431469152415,0.23213359241357856,0.6260380987702803,0.46922933472888945,-0.29792562969588815,0.6864649047545023,29,0.017467825682193797,-0.0038465816943066278,0.01362124398788717,-0.0163548727797713,0.009654118028011072,0.006786220590822608,-0.008293519870455679,0.009174305811738118,-0.018896698901454345,0.0024412104071949276,0.005524286559951419,False
monthly,whole,hgb|history_available|budget=07,hgb,history_available,7,H_D_B_M_A,hgb::H_D_B_M_A,True,7,0.6262761272069579,1520,594,0.3907894736842105,0.6852434909662728,0.24602752824638768,0.5910209001461701,0.4265995383853064,-0.37859088855314654,0.45581476021175005,29,0.017467825682193797,0.02615376235672351,0.0436215880389173,0.011275052759556207,0.04196359468373485,0.007909600990537786,0.021706824180574458,0.03917464986276825,0.011423346113955766,0.033117021844402385,0.00556607293149585,False
monthly,whole,hgb|history_available|budget=08,hgb,history_available,8,H_D_B_M_C_A,hgb::H_D_B_M_C_A,True,8,0.6260258136310883,1520,594,0.3907894736842105,0.6840799246814431,0.24546005246682348,0.5921053588440198,0.4246595022381085,-0.37884977205910947,0.4655491655707554,29,0.017467825682193797,0.024990196071893123,0.042458021754086916,0.010386239189339851,0.04062392896024602,0.007812515075941445,0.02054325789574407,0.038011083577937865,0.010342646406236975,0.03210662200816152,0.005476922493902958,False
monthly,whole,hgb|history_available|budget=09,hgb,history_available,9,H_D_B_M_C_A,hgb::H_D_B_M_C_A,True,8,0.6260258136310883,1520,594,0.3907894736842105,0.6840799246814431,0.24546005246682348,0.5921053588440198,0.4246595022381085,-0.37884977205910947,0.4655491655707554,29,0.017467825682193797,0.024990196071893123,0.042458021754086916,0.010386239189339851,0.04062392896024602,0.007812515075941445,0.02054325789574407,0.038011083577937865,0.010342646406236975,0.03210662200816152,0.005476922493902958,False
monthly,whole,hgb|history_available|budget=10,hgb,history_available,10,H_D_B_M_C_A,hgb::H_D_B_M_C_A,True,8,0.6260258136310883,1520,594,0.3907894736842105,0.6840799246814431,0.24546005246682348,0.5921053588440198,0.4246595022381085,-0.37884977205910947,0.4655491655707554,29,0.017467825682193797,0.024990196071893123,0.042458021754086916,0.010386239189339851,0.04062392896024602,0.007812515075941445,0.02054325789574407,0.038011083577937865,0.010342646406236975,0.03210662200816152,0.005476922493902958,False
monthly,whole,hgb|history_available|budget=11,hgb,history_available,11,H_D_B_M_C_A,hgb::H_D_B_M_C_A,True,8,0.6260258136310883,1520,594,0.3907894736842105,0.6840799246814431,0.24546005246682348,0.5921053588440198,0.4246595022381085,-0.37884977205910947,0.4655491655707554,29,0.017467825682193797,0.024990196071893123,0.042458021754086916,0.010386239189339851,0.04062392896024602,0.007812515075941445,0.02054325789574407,0.038011083577937865,0.010342646406236975,0.03210662200816152,0.005476922493902958,False
monthly,whole,hgb|history_available|budget=12,hgb,history_available,12,H_D_B_M_C_A,hgb::H_D_B_M_C_A,True,8,0.6260258136310883,1520,594,0.3907894736842105,0.6840799246814431,0.24546005246682348,0.5921053588440198,0.4246595022381085,-0.37884977205910947,0.4655491655707554,29,0.017467825682193797,0.024990196071893123,0.042458021754086916,0.010386239189339851,0.04062392896024602,0.007812515075941445,0.02054325789574407,0.038011083577937865,0.010342646406236975,0.03210662200816152,0.005476922493902958,False
monthly,whole,hgb|history_available|budget=13,hgb,history_available,13,H_D_B_M_C_A,hgb::H_D_B_M_C_A,True,8,0.6260258136310883,1520,594,0.3907894736842105,0.6840799246814431,0.24546005246682348,0.5921053588440198,0.4246595022381085,-0.37884977205910947,0.4655491655707554,29,0.017467825682193797,0.024990196071893123,0.042458021754086916,0.010386239189339851,0.04062392896024602,0.007812515075941445,0.02054325789574407,0.038011083577937865,0.010342646406236975,0.03210662200816152,0.005476922493902958,False
monthly,whole,hgb|history_available|budget=14,hgb,history_available,14,H_D_B_M_C_A,hgb::H_D_B_M_C_A,True,8,0.6260258136310883,1520,594,0.3907894736842105,0.6840799246814431,0.24546005246682348,0.5921053588440198,0.4246595022381085,-0.37884977205910947,0.4655491655707554,29,0.017467825682193797,0.024990196071893123,0.042458021754086916,0.010386239189339851,0.04062392896024602,0.007812515075941445,0.02054325789574407,0.038011083577937865,0.010342646406236975,0.03210662200816152,0.005476922493902958,False
monthly,whole,hgb|history_available|budget=15,hgb,history_available,15,H_D_B_M_C_A,hgb::H_D_B_M_C_A,True,8,0.6260258136310883,1520,594,0.3907894736842105,0.6840799246814431,0.24546005246682348,0.5921053588440198,0.4246595022381085,-0.37884977205910947,0.4655491655707554,29,0.017467825682193797,0.024990196071893123,0.042458021754086916,0.010386239189339851,0.04062392896024602,0.007812515075941445,0.02054325789574407,0.038011083577937865,0.010342646406236975,0.03210662200816152,0.005476922493902958,False
monthly,whole,hgb|history_available|budget=16,hgb,history_available,16,H_D_B_K,hgb::H_D_B_K,True,16,0.6247425802646154,1520,594,0.3907894736842105,0.6397007249175615,0.22432119940806006,0.6590372770178387,0.5078114703200132,-0.23795460407550953,0.8145808350780293,29,0.017467825682193797,-0.019389003691985707,-0.0019211780097919094,-0.033506206645145975,-0.005437475400417077,0.007205559867250841,-0.023835941868134758,-0.006368116185940961,-0.03218407317093643,-0.01555124057269733,0.004250236924582832,True
monthly,whole,hgb|history_available|budget=17,hgb,history_available,17,H_D_B_A_K,hgb::H_D_B_A_K,True,17,0.6233891039998642,1520,594,0.3907894736842105,0.6567987365341936,0.23269409997644183,0.6346083222433114,0.49296019104735705,-0.3315038294077148,0.6684396062581305,29,0.017467825682193797,-0.0022909920753545476,0.01517683360683925,-0.01726271843723049,0.01242774486020223,0.00765935407066769,-0.006737930251503599,0.010729895430690198,-0.013334325188039304,5.3939269241645803e-05,0.0034368984471282744,False
monthly,whole,hgb|history_available|budget=18,hgb,history_available,18,H_D_B_C_A_K,hgb::H_D_B_C_A_K,True,18,0.622708136279347,1520,594,0.3907894736842105,0.6575740603424745,0.2327578756898731,0.6370517631316767,0.48969868991213983,-0.33640547309526053,0.6644424666574841,29,0.017467825682193797,-0.0015156682670735,0.015952157415120297,-0.0166703951595649,0.01362368709255094,0.007763523610804524,-0.005962606443222551,0.011505219238971246,-0.012398796715257907,0.0006292006277789048,0.0033883100151692104,False
monthly,whole,hgb|history_available|budget=19,hgb,history_available,19,H_D_B_C_A_K,hgb::H_D_B_C_A_K,True,18,0.622708136279347,1520,594,0.3907894736842105,0.6575740603424745,0.2327578756898731,0.6370517631316767,0.48969868991213983,-0.33640547309526053,0.6644424666574841,29,0.017467825682193797,-0.0015156682670735,0.015952157415120297,-0.0166703951595649,0.01362368709255094,0.007763523610804524,-0.005962606443222551,0.011505219238971246,-0.012398796715257907,0.0006292006277789048,0.0033883100151692104,False
monthly,whole,hgb|history_available|budget=20,hgb,history_available,20,H_D_B_C_A_K,hgb::H_D_B_C_A_K,True,18,0.622708136279347,1520,594,0.3907894736842105,0.6575740603424745,0.2327578756898731,0.6370517631316767,0.48969868991213983,-0.33640547309526053,0.6644424666574841,29,0.017467825682193797,-0.0015156682670735,0.015952157415120297,-0.0166703951595649,0.01362368709255094,0.007763523610804524,-0.005962606443222551,0.011505219238971246,-0.012398796715257907,0.0006292006277789048,0.0033883100151692104,False
monthly,whole,hgb|history_available|budget=21,hgb,history_available,21,H_D_B_C_A_K,hgb::H_D_B_C_A_K,True,18,0.622708136279347,1520,594,0.3907894736842105,0.6575740603424745,0.2327578756898731,0.6370517631316767,0.48969868991213983,-0.33640547309526053,0.6644424666574841,29,0.017467825682193797,-0.0015156682670735,0.015952157415120297,-0.0166703951595649,0.01362368709255094,0.007763523610804524,-0.005962606443222551,0.011505219238971246,-0.012398796715257907,0.0006292006277789048,0.0033883100151692104,False
monthly,whole,hgb|history_available|budget=22,hgb,history_available,22,H_D_B_C_A_K,hgb::H_D_B_C_A_K,True,18,0.622708136279347,1520,594,0.3907894736842105,0.6575740603424745,0.2327578756898731,0.6370517631316767,0.48969868991213983,-0.33640547309526053,0.6644424666574841,29,0.017467825682193797,-0.0015156682670735,0.015952157415120297,-0.0166703951595649,0.01362368709255094,0.007763523610804524,-0.005962606443222551,0.011505219238971246,-0.012398796715257907,0.0006292006277789048,0.0033883100151692104,False
monthly,whole,hgb|history_available|budget=23,hgb,history_available,23,H_D_B_C_A_K,hgb::H_D_B_C_A_K,True,18,0.622708136279347,1520,594,0.3907894736842105,0.6575740603424745,0.2327578756898731,0.6370517631316767,0.48969868991213983,-0.33640547309526053,0.6644424666574841,29,0.017467825682193797,-0.0015156682670735,0.015952157415120297,-0.0166703951595649,0.01362368709255094,0.007763523610804524,-0.005962606443222551,0.011505219238971246,-0.012398796715257907,0.0006292006277789048,0.0033883100151692104,False
monthly,whole,hgb|history_available|budget=24,hgb,history_available,24,H_D_B_C_A_K,hgb::H_D_B_C_A_K,True,18,0.622708136279347,1520,594,0.3907894736842105,0.6575740603424745,0.2327578756898731,0.6370517631316767,0.48969868991213983,-0.33640547309526053,0.6644424666574841,29,0.017467825682193797,-0.0015156682670735,0.015952157415120297,-0.0166703951595649,0.01362368709255094,0.007763523610804524,-0.005962606443222551,0.011505219238971246,-0.012398796715257907,0.0006292006277789048,0.0033883100151692104,False
monthly,whole,hgb|history_available|budget=25,hgb,history_available,25,H_D_B_C_A_K,hgb::H_D_B_C_A_K,True,18,0.622708136279347,1520,594,0.3907894736842105,0.6575740603424745,0.2327578756898731,0.6370517631316767,0.48969868991213983,-0.33640547309526053,0.6644424666574841,29,0.017467825682193797,-0.0015156682670735,0.015952157415120297,-0.0166703951595649,0.01362368709255094,0.007763523610804524,-0.005962606443222551,0.011505219238971246,-0.012398796715257907,0.0006292006277789048,0.0033883100151692104,False
monthly,whole,hgb|history_available|budget=26,hgb,history_available,26,H_D_B_C_A_K,hgb::H_D_B_C_A_K,True,18,0.622708136279347,1520,594,0.3907894736842105,0.6575740603424745,0.2327578756898731,0.6370517631316767,0.48969868991213983,-0.33640547309526053,0.6644424666574841,29,0.017467825682193797,-0.0015156682670735,0.015952157415120297,-0.0166703951595649,0.01362368709255094,0.007763523610804524,-0.005962606443222551,0.011505219238971246,-0.012398796715257907,0.0006292006277789048,0.0033883100151692104,False
monthly,whole,hgb|history_available|budget=27,hgb,history_available,27,H_D_B_P_K,hgb::H_D_B_P_K,True,27,0.6224189124890044,1520,594,0.3907894736842105,0.6481457873984171,0.22796133714104574,0.6399106253317917,0.5085916217440238,-0.24164480997441382,0.7362317017680903,29,0.017467825682193797,-0.010943941211131847,0.0065238844710619505,-0.025487789320900643,0.003141832913268608,0.00730550127232622,-0.015390879387280898,0.0020769462949128993,-0.02156566412014315,-0.009078772340133765,0.003234081996002672,False
monthly,whole,hgb|history_available|budget=28,hgb,history_available,28,H_D_B_P_C_K,hgb::H_D_B_P_C_K,True,28,0.6221233869574162,1520,594,0.3907894736842105,0.6482522705192727,0.22788569189096927,0.6405914799543309,0.5102282346867903,-0.24097296823614026,0.7261917108137451,29,0.017467825682193797,-0.010837458090275809,0.0066303675919179884,-0.025719700468876415,0.00374961288984882,0.007480358168117252,-0.01528439626642486,0.0021834294157689373,-0.021539268150657778,-0.009207318049343634,0.003154927193885457,False
monthly,whole,hgb|history_available|budget=29,hgb,history_available,29,H_D_B_P_C_K,hgb::H_D_B_P_C_K,True,28,0.6221233869574162,1520,594,0.3907894736842105,0.6482522705192727,0.22788569189096927,0.6405914799543309,0.5102282346867903,-0.24097296823614026,0.7261917108137451,29,0.017467825682193797,-0.010837458090275809,0.0066303675919179884,-0.025719700468876415,0.00374961288984882,0.007480358168117252,-0.01528439626642486,0.0021834294157689373,-0.021539268150657778,-0.009207318049343634,0.003154927193885457,False
monthly,whole,hgb|history_available|budget=30,hgb,history_available,30,H_D_B_M_P_C_A_K,hgb::H_D_B_M_P_C_A_K,True,30,0.6219650098551895,1520,594,0.3907894736842105,0.6635366667856973,0.23548231786259435,0.618903215015526,0.48572150560523997,-0.3216880181151608,0.6093800091084524,29,0.017467825682193797,0.004446938176149051,0.02191476385834285,-0.009959704509314105,0.018850332009790187,0.007447335479189859,0.0,0.0,0.0,0.0,0.0,False
monthly,whole,hgb|history_unavailable|budget=00,hgb,history_unavailable,0,NONE,hgb::NONE,False,0,0.6835049913737833,1520,594,0.3907894736842105,0.6723860205485396,0.23967065698201265,0.5,0.3907894736842105,,,23,0.018878012159260625,0.0,0.0,0.0,0.0,0.0,-0.005306127903996205,0.01357188425526442,-0.02207891517571466,0.010744972027876604,0.008299919097737899,False
monthly,whole,hgb|history_unavailable|budget=01,hgb,history_unavailable,1,B,hgb::B,False,1,0.6764592159223477,1520,594,0.3907894736842105,0.6718895605170169,0.23953759890943263,0.5449354960694054,0.4144469782827227,-0.29366835455137696,0.5671446208877378,23,0.018878012159260625,-0.0004964600315153778,0.018381552127745247,-0.006929038521113637,0.006173599811780555,0.003338895623302512,-0.005802587935511583,0.013075424223749042,-0.021196415392610846,0.009791980433872825,0.007978501915022005,False
monthly,whole,hgb|history_unavailable|budget=02,hgb,history_unavailable,2,B_A,hgb::B_A,False,2,0.6707577129357915,1520,594,0.3907894736842105,0.6897295704853585,0.24839295319212315,0.5258452051108639,0.396061172303632,-0.4060662969260085,0.254214872547924,23,0.018878012159260625,0.01734354993681353,0.036221562096074154,0.006747527390655236,0.027802353809778833,0.005426389519250969,0.012037422032817324,0.03091543419207795,-0.0024361683218198484,0.026865532399676383,0.007327786843928927,False
monthly,whole,hgb|history_unavailable|budget=03,hgb,history_unavailable,3,B_M_A,hgb::B_M_A,False,3,0.6700832563067912,1520,594,0.3907894736842105,0.6958291389376675,0.2512016610256332,0.5346317749125524,0.3880253971264461,-0.42037935414982386,0.1620815766693182,23,0.018878012159260625,0.023443118389127937,0.04232113054838856,0.011349141757079646,0.0354832214192541,0.00592739673342735,0.018136990485131732,0.03701500264439236,0.0034565602722831075,0.03337869753946932,0.007594700541129524,False
monthly,whole,hgb|history_unavailable|budget=04,hgb,history_unavailable,4,D,hgb::D,False,4,0.6582713689763009,1520,594,0.3907894736842105,0.6790279001503994,0.2423718553464324,0.5710043196544277,0.43891036766366714,-0.337259028145329,0.42362809523667216,23,0.018878012159260625,0.00664187960185969,0.025519891761120315,-0.006963282320063216,0.02049146331793738,0.007038988619472611,0.0013357516978634854,0.02021376385712411,-0.010701937838786327,0.013784505310424766,0.006138463548514181,False
monthly,whole,hgb|history_unavailable|budget=05,hgb,history_unavailable,5,D_B,hgb::D_B,False,5,0.6481134841701371,1520,594,0.3907894736842105,0.6750844007832872,0.2404270507726168,0.5901936935954215,0.44449790041157655,-0.32706143260403253,0.4837324435130929,23,0.018878012159260625,0.0026983802347451125,0.021576392394005738,-0.011739016098921615,0.01755588317385845,0.007568034516667765,-0.0026077476692510926,0.016270264490009533,-0.014174685595378956,0.009038753866785619,0.006044297860722353,False
monthly,whole,hgb|history_unavailable|budget=06,hgb,history_unavailable,6,D_B_A,hgb::D_B_A,False,6,0.642492702408009,1520,594,0.3907894736842105,0.6988573949181482,0.2519967234469022,0.5629904153122296,0.4197104604619162,-0.39847869509126393,0.3224051597650803,23,0.018878012159260625,0.026471374369608225,0.04534938652886885,0.009928570071680635,0.0437654995981183,0.008741995292660577,0.02116524646561202,0.040043258624872645,0.010113052316383108,0.03260451903212333,0.005872243458772136,False
monthly,whole,hgb|history_unavailable|budget=07,hgb,history_unavailable,7,D_B_M_A,hgb::D_B_M_A,False,7,0.642368337931568,1520,594,0.3907894736842105,0.7073885644245267,0.2555322489541738,0.5576072096050497,0.40523771678568876,-0.4087184894160896,0.2571852829940086,23,0.018878012159260625,0.03500254387598545,0.05388055603524607,0.01763577576731003,0.05322732773699993,0.009162904570042743,0.029696415971989243,0.04857442813124987,0.01767958481343853,0.04252044129294232,0.00624729176505389,False
monthly,whole,hgb|history_unavailable|budget=08,hgb,history_unavailable,8,D_B_M_A,hgb::D_B_M_A,False,7,0.642368337931568,1520,594,0.3907894736842105,0.7073885644245267,0.2555322489541738,0.5576072096050497,0.40523771678568876,-0.4087184894160896,0.2571852829940086,23,0.018878012159260625,0.03500254387598545,0.05388055603524607,0.01763577576731003,0.05322732773699993,0.009162904570042743,0.029696415971989243,0.04857442813124987,0.01767958481343853,0.04252044129294232,0.00624729176505389,False
monthly,whole,hgb|history_unavailable|budget=09,hgb,history_unavailable,9,D_B_M_A,hgb::D_B_M_A,False,7,0.642368337931568,1520,594,0.3907894736842105,0.7073885644245267,0.2555322489541738,0.5576072096050497,0.40523771678568876,-0.4087184894160896,0.2571852829940086,23,0.018878012159260625,0.03500254387598545,0.05388055603524607,0.01763577576731003,0.05322732773699993,0.009162904570042743,0.029696415971989243,0.04857442813124987,0.01767958481343853,0.04252044129294232,0.00624729176505389,False
monthly,whole,hgb|history_unavailable|budget=10,hgb,history_unavailable,10,D_B_M_A,hgb::D_B_M_A,False,7,0.642368337931568,1520,594,0.3907894736842105,0.7073885644245267,0.2555322489541738,0.5576072096050497,0.40523771678568876,-0.4087184894160896,0.2571852829940086,23,0.018878012159260625,0.03500254387598545,0.05388055603524607,0.01763577576731003,0.05322732773699993,0.009162904570042743,0.029696415971989243,0.04857442813124987,0.01767958481343853,0.04252044129294232,0.00624729176505389,False
monthly,whole,hgb|history_unavailable|budget=11,hgb,history_unavailable,11,D_B_M_A,hgb::D_B_M_A,False,7,0.642368337931568,1520,594,0.3907894736842105,0.7073885644245267,0.2555322489541738,0.5576072096050497,0.40523771678568876,-0.4087184894160896,0.2571852829940086,23,0.018878012159260625,0.03500254387598545,0.05388055603524607,0.01763577576731003,0.05322732773699993,0.009162904570042743,0.029696415971989243,0.04857442813124987,0.01767958481343853,0.04252044129294232,0.00624729176505389,False
monthly,whole,hgb|history_unavailable|budget=12,hgb,history_unavailable,12,D_B_M_A,hgb::D_B_M_A,False,7,0.642368337931568,1520,594,0.3907894736842105,0.7073885644245267,0.2555322489541738,0.5576072096050497,0.40523771678568876,-0.4087184894160896,0.2571852829940086,23,0.018878012159260625,0.03500254387598545,0.05388055603524607,0.01763577576731003,0.05322732773699993,0.009162904570042743,0.029696415971989243,0.04857442813124987,0.01767958481343853,0.04252044129294232,0.00624729176505389,False
monthly,whole,hgb|history_unavailable|budget=13,hgb,history_unavailable,13,D_B_M_A,hgb::D_B_M_A,False,7,0.642368337931568,1520,594,0.3907894736842105,0.7073885644245267,0.2555322489541738,0.5576072096050497,0.40523771678568876,-0.4087184894160896,0.2571852829940086,23,0.018878012159260625,0.03500254387598545,0.05388055603524607,0.01763577576731003,0.05322732773699993,0.009162904570042743,0.029696415971989243,0.04857442813124987,0.01767958481343853,0.04252044129294232,0.00624729176505389,False
monthly,whole,hgb|history_unavailable|budget=14,hgb,history_unavailable,14,D_B_M_A,hgb::D_B_M_A,False,7,0.642368337931568,1520,594,0.3907894736842105,0.7073885644245267,0.2555322489541738,0.5576072096050497,0.40523771678568876,-0.4087184894160896,0.2571852829940086,23,0.018878012159260625,0.03500254387598545,0.05388055603524607,0.01763577576731003,0.05322732773699993,0.009162904570042743,0.029696415971989243,0.04857442813124987,0.01767958481343853,0.04252044129294232,0.00624729176505389,False
monthly,whole,hgb|history_unavailable|budget=15,hgb,history_unavailable,15,D_B_M_A,hgb::D_B_M_A,False,7,0.642368337931568,1520,594,0.3907894736842105,0.7073885644245267,0.2555322489541738,0.5576072096050497,0.40523771678568876,-0.4087184894160896,0.2571852829940086,23,0.018878012159260625,0.03500254387598545,0.05388055603524607,0.01763577576731003,0.05322732773699993,0.009162904570042743,0.029696415971989243,0.04857442813124987,0.01767958481343853,0.04252044129294232,0.00624729176505389,False
monthly,whole,hgb|history_unavailable|budget=16,hgb,history_unavailable,16,D_B_K,hgb::D_B_K,False,16,0.6391291772665685,1520,594,0.3907894736842105,0.6557392152804669,0.23135293941222398,0.6229965239144506,0.49509467531717466,-0.2480102663733419,0.6781839783951992,23,0.018878012159260625,-0.01664680526807394,0.0022312068911866864,-0.0317626678344826,-0.0017882491228560422,0.007652358863792202,-0.021952933172070144,-0.0030749210128095186,-0.030583734933317792,-0.012768592648349985,0.00461536336651588,False
monthly,whole,hgb|history_unavailable|budget=17,hgb,history_unavailable,17,D_B_A_K,hgb::D_B_A_K,False,17,0.6358662556189094,1520,594,0.3907894736842105,0.6763792308991277,0.24121372753646972,0.5972458566951007,0.4708931037616009,-0.3465180949664687,0.4961571055192307,23,0.018878012159260625,0.003993210350587639,0.022871222509848264,-0.013092423560129402,0.020585145384751546,0.008527861929234427,-0.0013129175534085658,0.01756509460585206,-0.009221674760229406,0.006544991232716686,0.00398222965296446,False
monthly,whole,hgb|history_unavailable|budget=18,hgb,history_unavailable,18,D_B_A_K,hgb::D_B_A_K,False,17,0.6358662556189094,1520,594,0.3907894736842105,0.6763792308991277,0.24121372753646972,0.5972458566951007,0.4708931037616009,-0.3465180949664687,0.4961571055192307,23,0.018878012159260625,0.003993210350587639,0.022871222509848264,-0.013092423560129402,0.020585145384751546,0.008527861929234427,-0.0013129175534085658,0.01756509460585206,-0.009221674760229406,0.006544991232716686,0.00398222965296446,False
monthly,whole,hgb|history_unavailable|budget=19,hgb,history_unavailable,19,D_B_A_K,hgb::D_B_A_K,False,17,0.6358662556189094,1520,594,0.3907894736842105,0.6763792308991277,0.24121372753646972,0.5972458566951007,0.4708931037616009,-0.3465180949664687,0.4961571055192307,23,0.018878012159260625,0.003993210350587639,0.022871222509848264,-0.013092423560129402,0.020585145384751546,0.008527861929234427,-0.0013129175534085658,0.01756509460585206,-0.009221674760229406,0.006544991232716686,0.00398222965296446,False
monthly,whole,hgb|history_unavailable|budget=20,hgb,history_unavailable,20,D_B_A_K,hgb::D_B_A_K,False,17,0.6358662556189094,1520,594,0.3907894736842105,0.6763792308991277,0.24121372753646972,0.5972458566951007,0.4708931037616009,-0.3465180949664687,0.4961571055192307,23,0.018878012159260625,0.003993210350587639,0.022871222509848264,-0.013092423560129402,0.020585145384751546,0.008527861929234427,-0.0013129175534085658,0.01756509460585206,-0.009221674760229406,0.006544991232716686,0.00398222965296446,False
monthly,whole,hgb|history_unavailable|budget=21,hgb,history_unavailable,21,D_B_A_K,hgb::D_B_A_K,False,17,0.6358662556189094,1520,594,0.3907894736842105,0.6763792308991277,0.24121372753646972,0.5972458566951007,0.4708931037616009,-0.3465180949664687,0.4961571055192307,23,0.018878012159260625,0.003993210350587639,0.022871222509848264,-0.013092423560129402,0.020585145384751546,0.008527861929234427,-0.0013129175534085658,0.01756509460585206,-0.009221674760229406,0.006544991232716686,0.00398222965296446,False
monthly,whole,hgb|history_unavailable|budget=22,hgb,history_unavailable,22,D_B_A_K,hgb::D_B_A_K,False,17,0.6358662556189094,1520,594,0.3907894736842105,0.6763792308991277,0.24121372753646972,0.5972458566951007,0.4708931037616009,-0.3465180949664687,0.4961571055192307,23,0.018878012159260625,0.003993210350587639,0.022871222509848264,-0.013092423560129402,0.020585145384751546,0.008527861929234427,-0.0013129175534085658,0.01756509460585206,-0.009221674760229406,0.006544991232716686,0.00398222965296446,False
monthly,whole,hgb|history_unavailable|budget=23,hgb,history_unavailable,23,D_B_A_K,hgb::D_B_A_K,False,17,0.6358662556189094,1520,594,0.3907894736842105,0.6763792308991277,0.24121372753646972,0.5972458566951007,0.4708931037616009,-0.3465180949664687,0.4961571055192307,23,0.018878012159260625,0.003993210350587639,0.022871222509848264,-0.013092423560129402,0.020585145384751546,0.008527861929234427,-0.0013129175534085658,0.01756509460585206,-0.009221674760229406,0.006544991232716686,0.00398222965296446,False
monthly,whole,hgb|history_unavailable|budget=24,hgb,history_unavailable,24,D_B_A_K,hgb::D_B_A_K,False,17,0.6358662556189094,1520,594,0.3907894736842105,0.6763792308991277,0.24121372753646972,0.5972458566951007,0.4708931037616009,-0.3465180949664687,0.4961571055192307,23,0.018878012159260625,0.003993210350587639,0.022871222509848264,-0.013092423560129402,0.020585145384751546,0.008527861929234427,-0.0013129175534085658,0.01756509460585206,-0.009221674760229406,0.006544991232716686,0.00398222965296446,False
monthly,whole,hgb|history_unavailable|budget=25,hgb,history_unavailable,25,D_B_A_K,hgb::D_B_A_K,False,17,0.6358662556189094,1520,594,0.3907894736842105,0.6763792308991277,0.24121372753646972,0.5972458566951007,0.4708931037616009,-0.3465180949664687,0.4961571055192307,23,0.018878012159260625,0.003993210350587639,0.022871222509848264,-0.013092423560129402,0.020585145384751546,0.008527861929234427,-0.0013129175534085658,0.01756509460585206,-0.009221674760229406,0.006544991232716686,0.00398222965296446,False
monthly,whole,hgb|history_unavailable|budget=26,hgb,history_unavailable,26,D_B_A_K,hgb::D_B_A_K,False,17,0.6358662556189094,1520,594,0.3907894736842105,0.6763792308991277,0.24121372753646972,0.5972458566951007,0.4708931037616009,-0.3465180949664687,0.4961571055192307,23,0.018878012159260625,0.003993210350587639,0.022871222509848264,-0.013092423560129402,0.020585145384751546,0.008527861929234427,-0.0013129175534085658,0.01756509460585206,-0.009221674760229406,0.006544991232716686,0.00398222965296446,False
monthly,whole,hgb|history_unavailable|budget=27,hgb,history_unavailable,27,D_P_A_K,hgb::D_P_A_K,False,27,0.6346380484981019,1520,594,0.3907894736842105,0.6833371807032499,0.24331323197568455,0.5779401284260895,0.48153641496562904,-0.3437120838034771,0.40301376799517097,23,0.018878012159260625,0.010951160154709427,0.029829172313970052,-0.006065422603084616,0.027609351599414425,0.008587007083493223,0.005645032250713222,0.024523044409973847,0.0004946959859441963,0.011078537001449656,0.002640783662996789,False
monthly,whole,hgb|history_unavailable|budget=28,hgb,history_unavailable,28,D_B_P_A_K,hgb::D_B_P_A_K,False,28,0.6336998056962528,1520,594,0.3907894736842105,0.6790238938897681,0.2415135921282839,0.5873521027408717,0.4815995333352799,-0.3365338235388886,0.447675974280058,23,0.018878012159260625,0.006637873341226563,0.02551588550048719,-0.009900066410603672,0.023548932718615023,0.008546951729943917,0.0013317454372303583,0.020209757596490983,-0.0015998232141567425,0.004326705455898409,0.0015128793883376341,False
monthly,whole,hgb|history_unavailable|budget=29,hgb,history_unavailable,29,D_B_P_A_K,hgb::D_B_P_A_K,False,28,0.6336998056962528,1520,594,0.3907894736842105,0.6790238938897681,0.2415135921282839,0.5873521027408717,0.4815995333352799,-0.3365338235388886,0.447675974280058,23,0.018878012159260625,0.006637873341226563,0.02551588550048719,-0.009900066410603672,0.023548932718615023,0.008546951729943917,0.0013317454372303583,0.020209757596490983,-0.0015998232141567425,0.004326705455898409,0.0015128793883376341,False
monthly,whole,hgb|history_unavailable|budget=30,hgb,history_unavailable,30,D_B_P_A_K,hgb::D_B_P_A_K,False,28,0.6336998056962528,1520,594,0.3907894736842105,0.6790238938897681,0.2415135921282839,0.5873521027408717,0.4815995333352799,-0.3365338235388886,0.447675974280058,23,0.018878012159260625,0.006637873341226563,0.02551588550048719,-0.009900066410603672,0.023548932718615023,0.008546951729943917,0.0013317454372303583,0.020209757596490983,-0.0015998232141567425,0.004326705455898409,0.0015128793883376341,False
monthly,disjoint,ridge|history_available|budget=00,ridge,history_available,0,H,ridge::H,True,0,0.669891877603961,879,326,0.3708759954493743,0.6598574796974137,0.2338253268022983,0.5675290384850065,0.4063509668317139,-0.3189953142933277,0.8990385660269158,20,0.023084879858191822,-0.00022423388296111124,0.02286064597523071,-0.0004898252225802619,4.452471360527051e-05,0.0001338478104287813,-0.028189182105014865,-0.005104302246823043,-0.05062277798792102,-0.007077869356067861,0.011094989669574186,False
monthly,disjoint,ridge|history_available|budget=01,ridge,history_available,1,H_A,ridge::H_A,True,1,0.6653264522853897,879,326,0.3708759954493743,0.689135985255973,0.24824184802738192,0.5345383241438224,0.3864108094052714,-0.4891045283368856,0.28996746186050665,20,0.023084879858191822,0.02905427167560226,0.05213915153379409,0.019444964014863696,0.037990580966085596,0.004774917165505756,0.0010893234535485075,0.02417420331174033,-0.018276095747102428,0.019683338388607946,0.009693684218127266,False
monthly,disjoint,ridge|history_available|budget=02,ridge,history_available,2,H_B_A,ridge::H_B_A,True,2,0.6620537879990125,879,326,0.3708759954493743,0.6886632909320639,0.24819457020617353,0.5411808429203786,0.3789834313913654,-0.4835808942564924,0.32737038692266385,20,0.023084879858191822,0.02858157735169753,0.051666457209889355,0.01730231847491325,0.03972080298655504,0.005666578167461114,0.0006166291296437754,0.023701508987835598,-0.0178450465287798,0.017739497664349478,0.009137603575156963,False
monthly,disjoint,ridge|history_available|budget=03,ridge,history_available,3,H_B_A,ridge::H_B_A,True,2,0.6620537879990125,879,326,0.3708759954493743,0.6886632909320639,0.24819457020617353,0.5411808429203786,0.3789834313913654,-0.4835808942564924,0.32737038692266385,20,0.023084879858191822,0.02858157735169753,0.051666457209889355,0.01730231847491325,0.03972080298655504,0.005666578167461114,0.0006166291296437754,0.023701508987835598,-0.0178450465287798,0.017739497664349478,0.009137603575156963,False
monthly,disjoint,ridge|history_available|budget=04,ridge,history_available,4,H_D,ridge::H_D,True,4,0.6444425682898658,879,326,0.3708759954493743,0.6652054262799436,0.23704692433349997,0.5830162304884678,0.4197912221404238,-0.3911869935558086,0.5415688849090355,20,0.023084879858191822,0.005123712699573346,0.02820859255776517,-0.00881579429326258,0.019771549028813763,0.007201458633962476,-0.022841235522480408,0.00024364433571141472,-0.03633292018100859,-0.00875063863750447,0.0070555879138694865,False
monthly,disjoint,ridge|history_available|budget=05,ridge,history_available,5,H_D_A,ridge::H_D_A,True,5,0.6403348738197754,879,326,0.3708759954493743,0.6986221373133102,0.25224611687927284,0.5566458469696802,0.3831280355135036,-0.4815978929392856,0.29640265643758495,20,0.023084879858191822,0.03854042373293998,0.0616253035911318,0.019880310034258365,0.057507781273243,0.009443803550242047,0.010575475510886223,0.03366035536907805,-0.0008387409148370466,0.022005534917505065,0.005792593948670141,False
monthly,disjoint,ridge|history_available|budget=06,ridge,history_available,6,H_D_B_A,ridge::H_D_B_A,True,6,0.6388268554551306,879,326,0.3708759954493743,0.6976838906561225,0.2519205967732098,0.5591863677209643,0.38243169982506214,-0.47781359301878695,0.3166548148877339,20,0.023084879858191822,0.03760217707575175,0.06068705693394358,0.018520448529818136,0.05718650436131235,0.009871223224753312,0.009637228853697999,0.032722108711889825,-0.0007571875702120839,0.01935497033185348,0.005170574226625243,False
monthly,disjoint,ridge|history_available|budget=07,ridge,history_available,7,H_D_B_A,ridge::H_D_B_A,True,6,0.6388268554551306,879,326,0.3708759954493743,0.6976838906561225,0.2519205967732098,0.5591863677209643,0.38243169982506214,-0.47781359301878695,0.3166548148877339,20,0.023084879858191822,0.03760217707575175,0.06068705693394358,0.018520448529818136,0.05718650436131235,0.009871223224753312,0.009637228853697999,0.032722108711889825,-0.0007571875702120839,0.01935497033185348,0.005170574226625243,False
monthly,disjoint,ridge|history_available|budget=08,ridge,history_available,8,H_D_B_A,ridge::H_D_B_A,True,6,0.6388268554551306,879,326,0.3708759954493743,0.6976838906561225,0.2519205967732098,0.5591863677209643,0.38243169982506214,-0.47781359301878695,0.3166548148877339,20,0.023084879858191822,0.03760217707575175,0.06068705693394358,0.018520448529818136,0.05718650436131235,0.009871223224753312,0.009637228853697999,0.032722108711889825,-0.0007571875702120839,0.01935497033185348,0.005170574226625243,False
monthly,disjoint,ridge|history_available|budget=09,ridge,history_available,9,H_D_B_A,ridge::H_D_B_A,True,6,0.6388268554551306,879,326,0.3708759954493743,0.6976838906561225,0.2519205967732098,0.5591863677209643,0.38243169982506214,-0.47781359301878695,0.3166548148877339,20,0.023084879858191822,0.03760217707575175,0.06068705693394358,0.018520448529818136,0.05718650436131235,0.009871223224753312,0.009637228853697999,0.032722108711889825,-0.0007571875702120839,0.01935497033185348,0.005170574226625243,False
monthly,disjoint,ridge|history_available|budget=10,ridge,history_available,10,H_D_B_A,ridge::H_D_B_A,True,6,0.6388268554551306,879,326,0.3708759954493743,0.6976838906561225,0.2519205967732098,0.5591863677209643,0.38243169982506214,-0.47781359301878695,0.3166548148877339,20,0.023084879858191822,0.03760217707575175,0.06068705693394358,0.018520448529818136,0.05718650436131235,0.009871223224753312,0.009637228853697999,0.032722108711889825,-0.0007571875702120839,0.01935497033185348,0.005170574226625243,False
monthly,disjoint,ridge|history_available|budget=11,ridge,history_available,11,H_D_B_A,ridge::H_D_B_A,True,6,0.6388268554551306,879,326,0.3708759954493743,0.6976838906561225,0.2519205967732098,0.5591863677209643,0.38243169982506214,-0.47781359301878695,0.3166548148877339,20,0.023084879858191822,0.03760217707575175,0.06068705693394358,0.018520448529818136,0.05718650436131235,0.009871223224753312,0.009637228853697999,0.032722108711889825,-0.0007571875702120839,0.01935497033185348,0.005170574226625243,False
monthly,disjoint,ridge|history_available|budget=12,ridge,history_available,12,H_D_B_A,ridge::H_D_B_A,True,6,0.6388268554551306,879,326,0.3708759954493743,0.6976838906561225,0.2519205967732098,0.5591863677209643,0.38243169982506214,-0.47781359301878695,0.3166548148877339,20,0.023084879858191822,0.03760217707575175,0.06068705693394358,0.018520448529818136,0.05718650436131235,0.009871223224753312,0.009637228853697999,0.032722108711889825,-0.0007571875702120839,0.01935497033185348,0.005170574226625243,False
monthly,disjoint,ridge|history_available|budget=13,ridge,history_available,13,H_D_B_A,ridge::H_D_B_A,True,6,0.6388268554551306,879,326,0.3708759954493743,0.6976838906561225,0.2519205967732098,0.5591863677209643,0.38243169982506214,-0.47781359301878695,0.3166548148877339,20,0.023084879858191822,0.03760217707575175,0.06068705693394358,0.018520448529818136,0.05718650436131235,0.009871223224753312,0.009637228853697999,0.032722108711889825,-0.0007571875702120839,0.01935497033185348,0.005170574226625243,False
monthly,disjoint,ridge|history_available|budget=14,ridge,history_available,14,H_D_B_A,ridge::H_D_B_A,True,6,0.6388268554551306,879,326,0.3708759954493743,0.6976838906561225,0.2519205967732098,0.5591863677209643,0.38243169982506214,-0.47781359301878695,0.3166548148877339,20,0.023084879858191822,0.03760217707575175,0.06068705693394358,0.018520448529818136,0.05718650436131235,0.009871223224753312,0.009637228853697999,0.032722108711889825,-0.0007571875702120839,0.01935497033185348,0.005170574226625243,False
monthly,disjoint,ridge|history_available|budget=15,ridge,history_available,15,H_D_K,ridge::H_D_K,True,15,0.6375209814080348,879,326,0.3708759954493743,0.6494329466908221,0.2293684823534655,0.6142540964510367,0.46473315101488955,-0.3127227811080371,0.6532820200115153,20,0.023084879858191822,-0.010648766889548189,0.012436112968643633,-0.02714417189648809,0.006836251591916879,0.008703191159455025,-0.03861371511160194,-0.01552883525341012,-0.049390524942793654,-0.028029258451080518,0.005467932908506685,False
monthly,disjoint,ridge|history_available|budget=16,ridge,history_available,16,H_D_A_K,ridge::H_D_A_K,True,16,0.6334423649892521,879,326,0.3708759954493743,0.6829244586571656,0.24513224545234163,0.5778076082494814,0.4217497923840063,-0.4356888392208383,0.3956926614876334,20,0.023084879858191822,0.02284274507679407,0.045927624934985894,0.003083956254203657,0.04407620900600841,0.010453039652760437,-0.005122203145259685,0.017962676712932137,-0.010857383535029349,0.0007525539146169743,0.0029577381337816656,False
monthly,disjoint,ridge|history_available|budget=17,ridge,history_available,17,H_D_B_A_K,ridge::H_D_B_A_K,True,17,0.6322907917051597,879,326,0.3708759954493743,0.6825533711336079,0.24504559217789726,0.5812467411442328,0.42013749703585773,-0.434194204338213,0.40314091104880045,20,0.023084879858191822,0.022471657553237767,0.04555653741142959,0.0017408868662157101,0.0442225880327086,0.010765205406433349,-0.005493290668815987,0.017591589189375836,-0.009121955693967409,-0.0020289917426626536,0.0018075317546427975,False
monthly,disjoint,ridge|history_available|budget=18,ridge,history_available,18,H_D_B_A_K,ridge::H_D_B_A_K,True,17,0.6322907917051597,879,326,0.3708759954493743,0.6825533711336079,0.24504559217789726,0.5812467411442328,0.42013749703585773,-0.434194204338213,0.40314091104880045,20,0.023084879858191822,0.022471657553237767,0.04555653741142959,0.0017408868662157101,0.0442225880327086,0.010765205406433349,-0.005493290668815987,0.017591589189375836,-0.009121955693967409,-0.0020289917426626536,0.0018075317546427975,False
monthly,disjoint,ridge|history_available|budget=19,ridge,history_available,19,H_D_B_A_K,ridge::H_D_B_A_K,True,17,0.6322907917051597,879,326,0.3708759954493743,0.6825533711336079,0.24504559217789726,0.5812467411442328,0.42013749703585773,-0.434194204338213,0.40314091104880045,20,0.023084879858191822,0.022471657553237767,0.04555653741142959,0.0017408868662157101,0.0442225880327086,0.010765205406433349,-0.005493290668815987,0.017591589189375836,-0.009121955693967409,-0.0020289917426626536,0.0018075317546427975,False
monthly,disjoint,ridge|history_available|budget=20,ridge,history_available,20,H_D_B_A_K,ridge::H_D_B_A_K,True,17,0.6322907917051597,879,326,0.3708759954493743,0.6825533711336079,0.24504559217789726,0.5812467411442328,0.42013749703585773,-0.434194204338213,0.40314091104880045,20,0.023084879858191822,0.022471657553237767,0.04555653741142959,0.0017408868662157101,0.0442225880327086,0.010765205406433349,-0.005493290668815987,0.017591589189375836,-0.009121955693967409,-0.0020289917426626536,0.0018075317546427975,False
monthly,disjoint,ridge|history_available|budget=21,ridge,history_available,21,H_D_B_A_K,ridge::H_D_B_A_K,True,17,0.6322907917051597,879,326,0.3708759954493743,0.6825533711336079,0.24504559217789726,0.5812467411442328,0.42013749703585773,-0.434194204338213,0.40314091104880045,20,0.023084879858191822,0.022471657553237767,0.04555653741142959,0.0017408868662157101,0.0442225880327086,0.010765205406433349,-0.005493290668815987,0.017591589189375836,-0.009121955693967409,-0.0020289917426626536,0.0018075317546427975,False
monthly,disjoint,ridge|history_available|budget=22,ridge,history_available,22,H_D_B_A_K,ridge::H_D_B_A_K,True,17,0.6322907917051597,879,326,0.3708759954493743,0.6825533711336079,0.24504559217789726,0.5812467411442328,0.42013749703585773,-0.434194204338213,0.40314091104880045,20,0.023084879858191822,0.022471657553237767,0.04555653741142959,0.0017408868662157101,0.0442225880327086,0.010765205406433349,-0.005493290668815987,0.017591589189375836,-0.009121955693967409,-0.0020289917426626536,0.0018075317546427975,False
monthly,disjoint,ridge|history_available|budget=23,ridge,history_available,23,H_D_B_A_K,ridge::H_D_B_A_K,True,17,0.6322907917051597,879,326,0.3708759954493743,0.6825533711336079,0.24504559217789726,0.5812467411442328,0.42013749703585773,-0.434194204338213,0.40314091104880045,20,0.023084879858191822,0.022471657553237767,0.04555653741142959,0.0017408868662157101,0.0442225880327086,0.010765205406433349,-0.005493290668815987,0.017591589189375836,-0.009121955693967409,-0.0020289917426626536,0.0018075317546427975,False
monthly,disjoint,ridge|history_available|budget=24,ridge,history_available,24,H_D_B_A_K,ridge::H_D_B_A_K,True,17,0.6322907917051597,879,326,0.3708759954493743,0.6825533711336079,0.24504559217789726,0.5812467411442328,0.42013749703585773,-0.434194204338213,0.40314091104880045,20,0.023084879858191822,0.022471657553237767,0.04555653741142959,0.0017408868662157101,0.0442225880327086,0.010765205406433349,-0.005493290668815987,0.017591589189375836,-0.009121955693967409,-0.0020289917426626536,0.0018075317546427975,False
monthly,disjoint,ridge|history_available|budget=25,ridge,history_available,25,H_D_B_A_K,ridge::H_D_B_A_K,True,17,0.6322907917051597,879,326,0.3708759954493743,0.6825533711336079,0.24504559217789726,0.5812467411442328,0.42013749703585773,-0.434194204338213,0.40314091104880045,20,0.023084879858191822,0.022471657553237767,0.04555653741142959,0.0017408868662157101,0.0442225880327086,0.010765205406433349,-0.005493290668815987,0.017591589189375836,-0.009121955693967409,-0.0020289917426626536,0.0018075317546427975,False
monthly,disjoint,ridge|history_available|budget=26,ridge,history_available,26,H_D_B_A_K,ridge::H_D_B_A_K,True,17,0.6322907917051597,879,326,0.3708759954493743,0.6825533711336079,0.24504559217789726,0.5812467411442328,0.42013749703585773,-0.434194204338213,0.40314091104880045,20,0.023084879858191822,0.022471657553237767,0.04555653741142959,0.0017408868662157101,0.0442225880327086,0.010765205406433349,-0.005493290668815987,0.017591589189375836,-0.009121955693967409,-0.0020289917426626536,0.0018075317546427975,False
monthly,disjoint,ridge|history_available|budget=27,ridge,history_available,27,H_D_B_A_K,ridge::H_D_B_A_K,True,17,0.6322907917051597,879,326,0.3708759954493743,0.6825533711336079,0.24504559217789726,0.5812467411442328,0.42013749703585773,-0.434194204338213,0.40314091104880045,20,0.023084879858191822,0.022471657553237767,0.04555653741142959,0.0017408868662157101,0.0442225880327086,0.010765205406433349,-0.005493290668815987,0.017591589189375836,-0.009121955693967409,-0.0020289917426626536,0.0018075317546427975,False
monthly,disjoint,ridge|history_available|budget=28,ridge,history_available,28,H_D_B_P_A_K,ridge::H_D_B_P_A_K,True,28,0.6319125986967781,879,326,0.3708759954493743,0.6856309934138977,0.24624884193064656,0.5754002152231554,0.41990248714582845,-0.4355909489609826,0.37506942224263146,20,0.023084879858191822,0.025549279833526395,0.04863415969171822,0.004200531500370089,0.04792589783976563,0.011001699847027152,-0.002415668388527359,0.020669211469664463,-0.00469941984082004,-0.00017803392602845725,0.0011559835281208224,False
monthly,disjoint,ridge|history_available|budget=29,ridge,history_available,29,H_D_B_P_A_K,ridge::H_D_B_P_A_K,True,28,0.6319125986967781,879,326,0.3708759954493743,0.6856309934138977,0.24624884193064656,0.5754002152231554,0.41990248714582845,-0.4355909489609826,0.37506942224263146,20,0.023084879858191822,0.025549279833526395,0.04863415969171822,0.004200531500370089,0.04792589783976563,0.011001699847027152,-0.002415668388527359,0.020669211469664463,-0.00469941984082004,-0.00017803392602845725,0.0011559835281208224,False
monthly,disjoint,ridge|history_available|budget=30,ridge,history_available,30,H_D_B_P_A_K,ridge::H_D_B_P_A_K,True,28,0.6319125986967781,879,326,0.3708759954493743,0.6856309934138977,0.24624884193064656,0.5754002152231554,0.41990248714582845,-0.4355909489609826,0.37506942224263146,20,0.023084879858191822,0.025549279833526395,0.04863415969171822,0.004200531500370089,0.04792589783976563,0.011001699847027152,-0.002415668388527359,0.020669211469664463,-0.00469941984082004,-0.00017803392602845725,0.0011559835281208224,False
monthly,disjoint,ridge|history_unavailable|budget=00,ridge,history_unavailable,0,NONE,ridge::NONE,False,0,0.6835049913737833,879,326,0.3708759954493743,0.6668350699542119,0.23691301513328292,0.5,0.3708759954493743,,,19,0.024815826975098775,0.0,0.0,0.0,0.0,0.0,-0.028522969822303512,-0.003707142847204737,-0.05208537136211669,-0.0050230608177125186,0.011947357152817396,False
monthly,disjoint,ridge|history_unavailable|budget=01,ridge,history_unavailable,1,A,ridge::A,False,1,0.6768594110722397,879,326,0.3708759954493743,0.6974378010830362,0.25209360295313377,0.4764669011193823,0.36096873131970403,-0.5781295300588142,-0.315998731115766,19,0.024815826975098775,0.030602731128822724,0.0554185581039215,0.018801434183374828,0.041590708675574566,0.005693999775392142,0.002079761306519212,0.026895588281617987,-0.018145831853464765,0.02118300741470642,0.010158021993236288,False
monthly,disjoint,ridge|history_unavailable|budget=02,ridge,history_unavailable,2,B_A,ridge::B_A,False,2,0.6713562513598216,879,326,0.3708759954493743,0.6947736482566306,0.25083513544554975,0.5068338898811835,0.36654834523409957,-0.5256208190109911,0.01782848394251088,19,0.024815826975098775,0.027938578302417638,0.05275440527751642,0.014244076213775362,0.04084964986587106,0.006806903742121602,-0.000584391519885874,0.0242314354552129,-0.019204766178378727,0.017325446599420175,0.009398483757391836,False
monthly,disjoint,ridge|history_unavailable|budget=03,ridge,history_unavailable,3,B_A,ridge::B_A,False,2,0.6713562513598216,879,326,0.3708759954493743,0.6947736482566306,0.25083513544554975,0.5068338898811835,0.36654834523409957,-0.5256208190109911,0.01782848394251088,19,0.024815826975098775,0.027938578302417638,0.05275440527751642,0.014244076213775362,0.04084964986587106,0.006806903742121602,-0.000584391519885874,0.0242314354552129,-0.019204766178378727,0.017325446599420175,0.009398483757391836,False
monthly,disjoint,ridge|history_unavailable|budget=04,ridge,history_unavailable,4,D,ridge::D,False,4,0.6568160240143509,879,326,0.3708759954493743,0.6740580169863472,0.2409993872041384,0.540798100711124,0.3848708308111074,-0.423743828311056,0.34400284831773603,19,0.024815826975098775,0.007222947032133775,0.032038774007232554,-0.007411659359520572,0.022576062471946014,0.007604974754795373,-0.021300022790169737,0.003515804184929038,-0.03638526457400572,-0.005820134021289348,0.007961866415029724,False
monthly,disjoint,ridge|history_unavailable|budget=05,ridge,history_unavailable,5,D_A,ridge::D_A,False,5,0.6508830703941177,879,326,0.3708759954493743,0.7087137449800148,0.2571864441199937,0.5170569897602592,0.36220667157128006,-0.5094425256210872,0.1027736935839938,19,0.024815826975098775,0.041878675025801004,0.06669450200089978,0.02154609687818206,0.062115830448861424,0.010229116284059103,0.013355705203497492,0.03817153217859627,0.0010520109675300592,0.02544964102508319,0.00622604748674479,False
monthly,disjoint,ridge|history_unavailable|budget=06,ridge,history_unavailable,6,D_B_A,ridge::D_B_A,False,6,0.6478313353133246,879,326,0.3708759954493743,0.7056574846812447,0.25565702578179134,0.5293629838360754,0.36819616850195375,-0.4946480607388445,0.17772474888389575,19,0.024815826975098775,0.038822414727030186,0.06363824170212896,0.017499241029515316,0.060427618531844696,0.010834777806982072,0.010299444904726673,0.03511527187982545,-0.00023500399992596455,0.020345642781630157,0.005374452418497358,False
monthly,disjoint,ridge|history_unavailable|budget=07,ridge,history_unavailable,7,D_B_A,ridge::D_B_A,False,6,0.6478313353133246,879,326,0.3708759954493743,0.7056574846812447,0.25565702578179134,0.5293629838360754,0.36819616850195375,-0.4946480607388445,0.17772474888389575,19,0.024815826975098775,0.038822414727030186,0.06363824170212896,0.017499241029515316,0.060427618531844696,0.010834777806982072,0.010299444904726673,0.03511527187982545,-0.00023500399992596455,0.020345642781630157,0.005374452418497358,False
monthly,disjoint,ridge|history_unavailable|budget=08,ridge,history_unavailable,8,D_B_A,ridge::D_B_A,False,6,0.6478313353133246,879,326,0.3708759954493743,0.7056574846812447,0.25565702578179134,0.5293629838360754,0.36819616850195375,-0.4946480607388445,0.17772474888389575,19,0.024815826975098775,0.038822414727030186,0.06363824170212896,0.017499241029515316,0.060427618531844696,0.010834777806982072,0.010299444904726673,0.03511527187982545,-0.00023500399992596455,0.020345642781630157,0.005374452418497358,False
monthly,disjoint,ridge|history_unavailable|budget=09,ridge,history_unavailable,9,D_B_A,ridge::D_B_A,False,6,0.6478313353133246,879,326,0.3708759954493743,0.7056574846812447,0.25565702578179134,0.5293629838360754,0.36819616850195375,-0.4946480607388445,0.17772474888389575,19,0.024815826975098775,0.038822414727030186,0.06363824170212896,0.017499241029515316,0.060427618531844696,0.010834777806982072,0.010299444904726673,0.03511527187982545,-0.00023500399992596455,0.020345642781630157,0.005374452418497358,False
monthly,disjoint,ridge|history_unavailable|budget=10,ridge,history_unavailable,10,D_B_A,ridge::D_B_A,False,6,0.6478313353133246,879,326,0.3708759954493743,0.7056574846812447,0.25565702578179134,0.5293629838360754,0.36819616850195375,-0.4946480607388445,0.17772474888389575,19,0.024815826975098775,0.038822414727030186,0.06363824170212896,0.017499241029515316,0.060427618531844696,0.010834777806982072,0.010299444904726673,0.03511527187982545,-0.00023500399992596455,0.020345642781630157,0.005374452418497358,False
monthly,disjoint,ridge|history_unavailable|budget=11,ridge,history_unavailable,11,D_B_A,ridge::D_B_A,False,6,0.6478313353133246,879,326,0.3708759954493743,0.7056574846812447,0.25565702578179134,0.5293629838360754,0.36819616850195375,-0.4946480607388445,0.17772474888389575,19,0.024815826975098775,0.038822414727030186,0.06363824170212896,0.017499241029515316,0.060427618531844696,0.010834777806982072,0.010299444904726673,0.03511527187982545,-0.00023500399992596455,0.020345642781630157,0.005374452418497358,False
monthly,disjoint,ridge|history_unavailable|budget=12,ridge,history_unavailable,12,D_B_A,ridge::D_B_A,False,6,0.6478313353133246,879,326,0.3708759954493743,0.7056574846812447,0.25565702578179134,0.5293629838360754,0.36819616850195375,-0.4946480607388445,0.17772474888389575,19,0.024815826975098775,0.038822414727030186,0.06363824170212896,0.017499241029515316,0.060427618531844696,0.010834777806982072,0.010299444904726673,0.03511527187982545,-0.00023500399992596455,0.020345642781630157,0.005374452418497358,False
monthly,disjoint,ridge|history_unavailable|budget=13,ridge,history_unavailable,13,D_B_A,ridge::D_B_A,False,6,0.6478313353133246,879,326,0.3708759954493743,0.7056574846812447,0.25565702578179134,0.5293629838360754,0.36819616850195375,-0.4946480607388445,0.17772474888389575,19,0.024815826975098775,0.038822414727030186,0.06363824170212896,0.017499241029515316,0.060427618531844696,0.010834777806982072,0.010299444904726673,0.03511527187982545,-0.00023500399992596455,0.020345642781630157,0.005374452418497358,False
monthly,disjoint,ridge|history_unavailable|budget=14,ridge,history_unavailable,14,D_B_A,ridge::D_B_A,False,6,0.6478313353133246,879,326,0.3708759954493743,0.7056574846812447,0.25565702578179134,0.5293629838360754,0.36819616850195375,-0.4946480607388445,0.17772474888389575,19,0.024815826975098775,0.038822414727030186,0.06363824170212896,0.017499241029515316,0.060427618531844696,0.010834777806982072,0.010299444904726673,0.03511527187982545,-0.00023500399992596455,0.020345642781630157,0.005374452418497358,False
monthly,disjoint,ridge|history_unavailable|budget=15,ridge,history_unavailable,15,D_K,ridge::D_K,False,15,0.6476653957528373,879,326,0.3708759954493743,0.6588299054272841,0.2333818362306547,0.5821453532877001,0.4449477641126818,-0.32115486944816274,0.5365014899282613,19,0.024815826975098775,-0.00800516452693023,0.016810662448168544,-0.02570973654719226,0.00988712355189592,0.009262144231494279,-0.03652813434923374,-0.011712307374134968,-0.04934083316521166,-0.024207527306114755,0.00635616436733173,False
monthly,disjoint,ridge|history_unavailable|budget=16,ridge,history_unavailable,16,D_A_K,ridge::D_A_K,False,16,0.6418943689389565,879,326,0.3708759954493743,0.6929141726950467,0.24967138558445545,0.547099479692475,0.41673248233890403,-0.45396527239179774,0.27646303866039024,19,0.024815826975098775,0.02607910274083247,0.05089492971593125,0.004152057720812866,0.048684278497801714,0.011310458808465464,-0.0024438670814710406,0.022371959893627735,-0.009010353033591262,0.004387633784706625,0.0034404511325424867,False
monthly,disjoint,ridge|history_unavailable|budget=17,ridge,history_unavailable,17,D_B_A_K,ridge::D_B_A_K,False,17,0.6396683524051824,879,326,0.3708759954493743,0.6909538791653491,0.24877482670878723,0.556160485472437,0.4144741068262431,-0.4457305879809371,0.3098911966794937,19,0.024815826975098775,0.024118809211134296,0.048934636186233074,0.0016785248680355582,0.04746435641634847,0.011716554459357657,-0.004404160611169217,0.02041166636392956,-0.008026239226506849,-0.0007702142694346625,0.0018125792151595691,False
monthly,disjoint,ridge|history_unavailable|budget=18,ridge,history_unavailable,18,D_B_A_K,ridge::D_B_A_K,False,17,0.6396683524051824,879,326,0.3708759954493743,0.6909538791653491,0.24877482670878723,0.556160485472437,0.4144741068262431,-0.4457305879809371,0.3098911966794937,19,0.024815826975098775,0.024118809211134296,0.048934636186233074,0.0016785248680355582,0.04746435641634847,0.011716554459357657,-0.004404160611169217,0.02041166636392956,-0.008026239226506849,-0.0007702142694346625,0.0018125792151595691,False
monthly,disjoint,ridge|history_unavailable|budget=19,ridge,history_unavailable,19,D_B_A_K,ridge::D_B_A_K,False,17,0.6396683524051824,879,326,0.3708759954493743,0.6909538791653491,0.24877482670878723,0.556160485472437,0.4144741068262431,-0.4457305879809371,0.3098911966794937,19,0.024815826975098775,0.024118809211134296,0.048934636186233074,0.0016785248680355582,0.04746435641634847,0.011716554459357657,-0.004404160611169217,0.02041166636392956,-0.008026239226506849,-0.0007702142694346625,0.0018125792151595691,False
monthly,disjoint,ridge|history_unavailable|budget=20,ridge,history_unavailable,20,D_B_A_K,ridge::D_B_A_K,False,17,0.6396683524051824,879,326,0.3708759954493743,0.6909538791653491,0.24877482670878723,0.556160485472437,0.4144741068262431,-0.4457305879809371,0.3098911966794937,19,0.024815826975098775,0.024118809211134296,0.048934636186233074,0.0016785248680355582,0.04746435641634847,0.011716554459357657,-0.004404160611169217,0.02041166636392956,-0.008026239226506849,-0.0007702142694346625,0.0018125792151595691,False
monthly,disjoint,ridge|history_unavailable|budget=21,ridge,history_unavailable,21,D_B_A_K,ridge::D_B_A_K,False,17,0.6396683524051824,879,326,0.3708759954493743,0.6909538791653491,0.24877482670878723,0.556160485472437,0.4144741068262431,-0.4457305879809371,0.3098911966794937,19,0.024815826975098775,0.024118809211134296,0.048934636186233074,0.0016785248680355582,0.04746435641634847,0.011716554459357657,-0.004404160611169217,0.02041166636392956,-0.008026239226506849,-0.0007702142694346625,0.0018125792151595691,False
monthly,disjoint,ridge|history_unavailable|budget=22,ridge,history_unavailable,22,D_B_A_K,ridge::D_B_A_K,False,17,0.6396683524051824,879,326,0.3708759954493743,0.6909538791653491,0.24877482670878723,0.556160485472437,0.4144741068262431,-0.4457305879809371,0.3098911966794937,19,0.024815826975098775,0.024118809211134296,0.048934636186233074,0.0016785248680355582,0.04746435641634847,0.011716554459357657,-0.004404160611169217,0.02041166636392956,-0.008026239226506849,-0.0007702142694346625,0.0018125792151595691,False
monthly,disjoint,ridge|history_unavailable|budget=23,ridge,history_unavailable,23,D_B_A_K,ridge::D_B_A_K,False,17,0.6396683524051824,879,326,0.3708759954493743,0.6909538791653491,0.24877482670878723,0.556160485472437,0.4144741068262431,-0.4457305879809371,0.3098911966794937,19,0.024815826975098775,0.024118809211134296,0.048934636186233074,0.0016785248680355582,0.04746435641634847,0.011716554459357657,-0.004404160611169217,0.02041166636392956,-0.008026239226506849,-0.0007702142694346625,0.0018125792151595691,False
monthly,disjoint,ridge|history_unavailable|budget=24,ridge,history_unavailable,24,D_B_A_K,ridge::D_B_A_K,False,17,0.6396683524051824,879,326,0.3708759954493743,0.6909538791653491,0.24877482670878723,0.556160485472437,0.4144741068262431,-0.4457305879809371,0.3098911966794937,19,0.024815826975098775,0.024118809211134296,0.048934636186233074,0.0016785248680355582,0.04746435641634847,0.011716554459357657,-0.004404160611169217,0.02041166636392956,-0.008026239226506849,-0.0007702142694346625,0.0018125792151595691,False
monthly,disjoint,ridge|history_unavailable|budget=25,ridge,history_unavailable,25,D_B_A_K,ridge::D_B_A_K,False,17,0.6396683524051824,879,326,0.3708759954493743,0.6909538791653491,0.24877482670878723,0.556160485472437,0.4144741068262431,-0.4457305879809371,0.3098911966794937,19,0.024815826975098775,0.024118809211134296,0.048934636186233074,0.0016785248680355582,0.04746435641634847,0.011716554459357657,-0.004404160611169217,0.02041166636392956,-0.008026239226506849,-0.0007702142694346625,0.0018125792151595691,False
monthly,disjoint,ridge|history_unavailable|budget=26,ridge,history_unavailable,26,D_B_A_K,ridge::D_B_A_K,False,17,0.6396683524051824,879,326,0.3708759954493743,0.6909538791653491,0.24877482670878723,0.556160485472437,0.4144741068262431,-0.4457305879809371,0.3098911966794937,19,0.024815826975098775,0.024118809211134296,0.048934636186233074,0.0016785248680355582,0.04746435641634847,0.011716554459357657,-0.004404160611169217,0.02041166636392956,-0.008026239226506849,-0.0007702142694346625,0.0018125792151595691,False
monthly,disjoint,ridge|history_unavailable|budget=27,ridge,history_unavailable,27,D_B_A_K,ridge::D_B_A_K,False,17,0.6396683524051824,879,326,0.3708759954493743,0.6909538791653491,0.24877482670878723,0.556160485472437,0.4144741068262431,-0.4457305879809371,0.3098911966794937,19,0.024815826975098775,0.024118809211134296,0.048934636186233074,0.0016785248680355582,0.04746435641634847,0.011716554459357657,-0.004404160611169217,0.02041166636392956,-0.008026239226506849,-0.0007702142694346625,0.0018125792151595691,False
monthly,disjoint,ridge|history_unavailable|budget=28,ridge,history_unavailable,28,D_B_P_A_K,ridge::D_B_P_A_K,False,28,0.6392629600354856,879,326,0.3708759954493743,0.6950673430144002,0.25033006794585183,0.5505164246330667,0.41549927149924537,-0.4510753885752812,0.2750414793435124,19,0.024815826975098775,0.02823227306018561,0.05304810003528439,0.004831690093886587,0.05165091642101338,0.011921431092074686,-0.0002906967621179035,0.02452513021298087,-0.002417536769510209,0.0018611960774813743,0.001071792226657022,False
monthly,disjoint,ridge|history_unavailable|budget=29,ridge,history_unavailable,29,D_B_P_A_K,ridge::D_B_P_A_K,False,28,0.6392629600354856,879,326,0.3708759954493743,0.6950673430144002,0.25033006794585183,0.5505164246330667,0.41549927149924537,-0.4510753885752812,0.2750414793435124,19,0.024815826975098775,0.02823227306018561,0.05304810003528439,0.004831690093886587,0.05165091642101338,0.011921431092074686,-0.0002906967621179035,0.02452513021298087,-0.002417536769510209,0.0018611960774813743,0.001071792226657022,False
monthly,disjoint,ridge|history_unavailable|budget=30,ridge,history_unavailable,30,D_B_P_A_K,ridge::D_B_P_A_K,False,28,0.6392629600354856,879,326,0.3708759954493743,0.6950673430144002,0.25033006794585183,0.5505164246330667,0.41549927149924537,-0.4510753885752812,0.2750414793435124,19,0.024815826975098775,0.02823227306018561,0.05304810003528439,0.004831690093886587,0.05165091642101338,0.011921431092074686,-0.0002906967621179035,0.02452513021298087,-0.002417536769510209,0.0018611960774813743,0.001071792226657022,False
monthly,disjoint,hgb|history_available|budget=00,hgb,history_available,0,H,hgb::H,True,0,0.66992805107656,879,326,0.3708759954493743,0.6599982638796411,0.23390567867125348,0.5675290384850065,0.4063509668317139,-0.3242157502696072,0.880048641530538,29,0.02334929877282166,-8.344970072715618e-05,0.023265849072094502,-0.00012699758505865523,-3.756727131299934e-05,2.2781948164303708e-05,-0.020526888790060593,0.002822409982761065,-0.040018191286900644,-0.001285884842742994,0.009759764759747394,False
monthly,disjoint,hgb|history_available|budget=01,hgb,history_available,1,H_B,hgb::H_B,True,1,0.661433159416462,879,326,0.3708759954493743,0.6548787899647571,0.2324536989346317,0.5730566125650385,0.4154111488565394,-0.3349055125872712,0.7994273922747641,29,0.02334929877282166,-0.005202923615610255,0.018146375157211403,-0.01386495435090956,0.0040010012027741565,0.004488620192987447,-0.025646362704943693,-0.0022970639321220343,-0.044028833228230306,-0.0071434975680676575,0.009755427839039772,False
monthly,disjoint,hgb|history_available|budget=02,hgb,history_available,2,H_B_A,hgb::H_B_A,True,2,0.6581088289156036,879,326,0.3708759954493743,0.6848399998809932,0.24701406296460954,0.5370011870555476,0.3766668581941247,-0.47160721997809646,0.41272265961227106,29,0.02334929877282166,0.02475828630062782,0.04810758507344948,0.011232447090402248,0.0385419858711845,0.0070248842286983635,0.004314847211294381,0.02766414598411604,-0.015808279617500295,0.023422022035525684,0.009792324965116717,False
monthly,disjoint,hgb|history_available|budget=03,hgb,history_available,3,H_B_M_A,hgb::H_B_M_A,True,3,0.6562688329861406,879,326,0.3708759954493743,0.6948265950506193,0.25108278478741713,0.5283423379447297,0.36147273519350825,-0.49259465822562326,0.26190063454045415,29,0.02334929877282166,0.03474488147024968,0.058094180243071336,0.02189883051331823,0.04802151085275391,0.006650894298917754,0.01430144238091624,0.0376507411537379,-0.005456936223724293,0.032487024923200776,0.009703892016671262,False
monthly,disjoint,hgb|history_available|budget=04,hgb,history_available,4,H_D,hgb::H_D,True,4,0.6394616868840016,879,326,0.3708759954493743,0.6679649332948887,0.23760815440609898,0.5905296264657918,0.42781691018463874,-0.39561880512854025,0.49596166996316604,29,0.02334929877282166,0.007883219714519774,0.031232518487341432,-0.007877096010579671,0.02495653346169601,0.008488893356830349,-0.012560219374813664,0.010789079398007995,-0.027776916598620745,0.002970012099640589,0.007935202399236549,False
monthly,disjoint,hgb|history_available|budget=05,hgb,history_available,5,H_D_B,hgb::H_D_B,True,5,0.6320526968305438,879,326,0.3708759954493743,0.6661690742787705,0.23710374720519298,0.5913810892066697,0.4172629190826225,-0.3922064274250991,0.5146524036639344,29,0.02334929877282166,0.006087360698400213,0.02943665947122187,-0.010651087748149024,0.02388938642675343,0.008872876724867416,-0.014356078390933225,0.008993220381888434,-0.029347623996659033,0.0005772558414529563,0.007712583486481762,False
monthly,disjoint,hgb|history_available|budget=06,hgb,history_available,6,H_D_B_M,hgb::H_D_B_M,True,6,0.6276883296665146,879,326,0.3708759954493743,0.6660933577221892,0.23708532131270244,0.5926818580192813,0.4209788440700085,-0.3925622209257297,0.5158425557784961,29,0.02334929877282166,0.006011644141818651,0.02936094291464031,-0.010621189219734251,0.02412426124309318,0.008914724199390643,-0.014431794947514787,0.008917503825306872,-0.029207378444777714,0.0005908745608061991,0.007609535912384236,False
monthly,disjoint,hgb|history_available|budget=07,hgb,history_available,7,H_D_B_M_A,hgb::H_D_B_M_A,True,7,0.6262761272069579,879,326,0.3708759954493743,0.7032944882406597,0.25448720126656155,0.5522526320460622,0.37277207254078804,-0.47532104819824234,0.2666754616615911,29,0.02334929877282166,0.043212774660288944,0.0665620734331106,0.023456615452461322,0.0636503819349337,0.010284444178542535,0.022769335570955507,0.046118634343777165,0.007582992919947168,0.038888227831616995,0.007892554232716762,False
monthly,disjoint,hgb|history_available|budget=08,hgb,history_available,8,H_D_B_M_C_A,hgb::H_D_B_M_C_A,True,8,0.6260258136310883,879,326,0.3708759954493743,0.6997079558660056,0.2528383278665139,0.556798389154528,0.37511106072932177,-0.473088860166035,0.2869569409255222,29,0.02334929877282166,0.03962624228563627,0.06297554105845793,0.02045016722857092,0.05996433444523929,0.010109338131696479,0.019182803196302833,0.04253210196912449,0.004078649503605603,0.03522152004834048,0.00775336699102034,False
monthly,disjoint,hgb|history_available|budget=09,hgb,history_available,9,H_D_B_M_C_A,hgb::H_D_B_M_C_A,True,8,0.6260258136310883,879,326,0.3708759954493743,0.6997079558660056,0.2528383278665139,0.556798389154528,0.37511106072932177,-0.473088860166035,0.2869569409255222,29,0.02334929877282166,0.03962624228563627,0.06297554105845793,0.02045016722857092,0.05996433444523929,0.010109338131696479,0.019182803196302833,0.04253210196912449,0.004078649503605603,0.03522152004834048,0.00775336699102034,False
monthly,disjoint,hgb|history_available|budget=10,hgb,history_available,10,H_D_B_M_C_A,hgb::H_D_B_M_C_A,True,8,0.6260258136310883,879,326,0.3708759954493743,0.6997079558660056,0.2528383278665139,0.556798389154528,0.37511106072932177,-0.473088860166035,0.2869569409255222,29,0.02334929877282166,0.03962624228563627,0.06297554105845793,0.02045016722857092,0.05996433444523929,0.010109338131696479,0.019182803196302833,0.04253210196912449,0.004078649503605603,0.03522152004834048,0.00775336699102034,False
monthly,disjoint,hgb|history_available|budget=11,hgb,history_available,11,H_D_B_M_C_A,hgb::H_D_B_M_C_A,True,8,0.6260258136310883,879,326,0.3708759954493743,0.6997079558660056,0.2528383278665139,0.556798389154528,0.37511106072932177,-0.473088860166035,0.2869569409255222,29,0.02334929877282166,0.03962624228563627,0.06297554105845793,0.02045016722857092,0.05996433444523929,0.010109338131696479,0.019182803196302833,0.04253210196912449,0.004078649503605603,0.03522152004834048,0.00775336699102034,False
monthly,disjoint,hgb|history_available|budget=12,hgb,history_available,12,H_D_B_M_C_A,hgb::H_D_B_M_C_A,True,8,0.6260258136310883,879,326,0.3708759954493743,0.6997079558660056,0.2528383278665139,0.556798389154528,0.37511106072932177,-0.473088860166035,0.2869569409255222,29,0.02334929877282166,0.03962624228563627,0.06297554105845793,0.02045016722857092,0.05996433444523929,0.010109338131696479,0.019182803196302833,0.04253210196912449,0.004078649503605603,0.03522152004834048,0.00775336699102034,False
monthly,disjoint,hgb|history_available|budget=13,hgb,history_available,13,H_D_B_M_C_A,hgb::H_D_B_M_C_A,True,8,0.6260258136310883,879,326,0.3708759954493743,0.6997079558660056,0.2528383278665139,0.556798389154528,0.37511106072932177,-0.473088860166035,0.2869569409255222,29,0.02334929877282166,0.03962624228563627,0.06297554105845793,0.02045016722857092,0.05996433444523929,0.010109338131696479,0.019182803196302833,0.04253210196912449,0.004078649503605603,0.03522152004834048,0.00775336699102034,False
monthly,disjoint,hgb|history_available|budget=14,hgb,history_available,14,H_D_B_M_C_A,hgb::H_D_B_M_C_A,True,8,0.6260258136310883,879,326,0.3708759954493743,0.6997079558660056,0.2528383278665139,0.556798389154528,0.37511106072932177,-0.473088860166035,0.2869569409255222,29,0.02334929877282166,0.03962624228563627,0.06297554105845793,0.02045016722857092,0.05996433444523929,0.010109338131696479,0.019182803196302833,0.04253210196912449,0.004078649503605603,0.03522152004834048,0.00775336699102034,False
monthly,disjoint,hgb|history_available|budget=15,hgb,history_available,15,H_D_B_M_C_A,hgb::H_D_B_M_C_A,True,8,0.6260258136310883,879,326,0.3708759954493743,0.6997079558660056,0.2528383278665139,0.556798389154528,0.37511106072932177,-0.473088860166035,0.2869569409255222,29,0.02334929877282166,0.03962624228563627,0.06297554105845793,0.02045016722857092,0.05996433444523929,0.010109338131696479,0.019182803196302833,0.04253210196912449,0.004078649503605603,0.03522152004834048,0.00775336699102034,False
monthly,disjoint,hgb|history_available|budget=16,hgb,history_available,16,H_D_B_K,hgb::H_D_B_K,True,16,0.6247425802646154,879,326,0.3708759954493743,0.645462443779969,0.2272075306231521,0.6294500715561522,0.45925485276707056,-0.2986622115143403,0.6935977102990539,29,0.02334929877282166,-0.014619269800401069,0.00873002897242059,-0.0327735208603745,0.0040177153839108665,0.00931858009806198,-0.035062708889734506,-0.011713410116912848,-0.045649175399555604,-0.02435243413335932,0.005487373688015917,False
monthly,disjoint,hgb|history_available|budget=17,hgb,history_available,17,H_D_B_A_K,hgb::H_D_B_A_K,True,17,0.6233891039998642,879,326,0.3708759954493743,0.6701744415236432,0.23936425832719455,0.591494802471738,0.4281560217776582,-0.40778820937586296,0.48526757986414587,29,0.02334929877282166,0.01009272794327254,0.0334420267160942,-0.008471851658449265,0.02965456659518354,0.009824116232579486,-0.010350711146060898,0.01299858762676076,-0.01986784452243876,-0.0014751635636475284,0.004716133835095514,False
monthly,disjoint,hgb|history_available|budget=18,hgb,history_available,18,H_D_B_C_A_K,hgb::H_D_B_C_A_K,True,18,0.622708136279347,879,326,0.3708759954493743,0.6672560012301526,0.23781087543625617,0.599005424954792,0.43324643850862493,-0.40364964490327976,0.5137118083535147,29,0.02334929877282166,0.00717428764978334,0.030523586422604998,-0.011694869081791426,0.02679171775950232,0.009859911279753024,-0.013269151439550098,0.01008014733327156,-0.02207982208324477,-0.004283612748555499,0.004566679721391464,False
monthly,disjoint,hgb|history_available|budget=19,hgb,history_available,19,H_D_B_C_A_K,hgb::H_D_B_C_A_K,True,18,0.622708136279347,879,326,0.3708759954493743,0.6672560012301526,0.23781087543625617,0.599005424954792,0.43324643850862493,-0.40364964490327976,0.5137118083535147,29,0.02334929877282166,0.00717428764978334,0.030523586422604998,-0.011694869081791426,0.02679171775950232,0.009859911279753024,-0.013269151439550098,0.01008014733327156,-0.02207982208324477,-0.004283612748555499,0.004566679721391464,False
monthly,disjoint,hgb|history_available|budget=20,hgb,history_available,20,H_D_B_C_A_K,hgb::H_D_B_C_A_K,True,18,0.622708136279347,879,326,0.3708759954493743,0.6672560012301526,0.23781087543625617,0.599005424954792,0.43324643850862493,-0.40364964490327976,0.5137118083535147,29,0.02334929877282166,0.00717428764978334,0.030523586422604998,-0.011694869081791426,0.02679171775950232,0.009859911279753024,-0.013269151439550098,0.01008014733327156,-0.02207982208324477,-0.004283612748555499,0.004566679721391464,False
monthly,disjoint,hgb|history_available|budget=21,hgb,history_available,21,H_D_B_C_A_K,hgb::H_D_B_C_A_K,True,18,0.622708136279347,879,326,0.3708759954493743,0.6672560012301526,0.23781087543625617,0.599005424954792,0.43324643850862493,-0.40364964490327976,0.5137118083535147,29,0.02334929877282166,0.00717428764978334,0.030523586422604998,-0.011694869081791426,0.02679171775950232,0.009859911279753024,-0.013269151439550098,0.01008014733327156,-0.02207982208324477,-0.004283612748555499,0.004566679721391464,False
monthly,disjoint,hgb|history_available|budget=22,hgb,history_available,22,H_D_B_C_A_K,hgb::H_D_B_C_A_K,True,18,0.622708136279347,879,326,0.3708759954493743,0.6672560012301526,0.23781087543625617,0.599005424954792,0.43324643850862493,-0.40364964490327976,0.5137118083535147,29,0.02334929877282166,0.00717428764978334,0.030523586422604998,-0.011694869081791426,0.02679171775950232,0.009859911279753024,-0.013269151439550098,0.01008014733327156,-0.02207982208324477,-0.004283612748555499,0.004566679721391464,False
monthly,disjoint,hgb|history_available|budget=23,hgb,history_available,23,H_D_B_C_A_K,hgb::H_D_B_C_A_K,True,18,0.622708136279347,879,326,0.3708759954493743,0.6672560012301526,0.23781087543625617,0.599005424954792,0.43324643850862493,-0.40364964490327976,0.5137118083535147,29,0.02334929877282166,0.00717428764978334,0.030523586422604998,-0.011694869081791426,0.02679171775950232,0.009859911279753024,-0.013269151439550098,0.01008014733327156,-0.02207982208324477,-0.004283612748555499,0.004566679721391464,False
monthly,disjoint,hgb|history_available|budget=24,hgb,history_available,24,H_D_B_C_A_K,hgb::H_D_B_C_A_K,True,18,0.622708136279347,879,326,0.3708759954493743,0.6672560012301526,0.23781087543625617,0.599005424954792,0.43324643850862493,-0.40364964490327976,0.5137118083535147,29,0.02334929877282166,0.00717428764978334,0.030523586422604998,-0.011694869081791426,0.02679171775950232,0.009859911279753024,-0.013269151439550098,0.01008014733327156,-0.02207982208324477,-0.004283612748555499,0.004566679721391464,False
monthly,disjoint,hgb|history_available|budget=25,hgb,history_available,25,H_D_B_C_A_K,hgb::H_D_B_C_A_K,True,18,0.622708136279347,879,326,0.3708759954493743,0.6672560012301526,0.23781087543625617,0.599005424954792,0.43324643850862493,-0.40364964490327976,0.5137118083535147,29,0.02334929877282166,0.00717428764978334,0.030523586422604998,-0.011694869081791426,0.02679171775950232,0.009859911279753024,-0.013269151439550098,0.01008014733327156,-0.02207982208324477,-0.004283612748555499,0.004566679721391464,False
monthly,disjoint,hgb|history_available|budget=26,hgb,history_available,26,H_D_B_C_A_K,hgb::H_D_B_C_A_K,True,18,0.622708136279347,879,326,0.3708759954493743,0.6672560012301526,0.23781087543625617,0.599005424954792,0.43324643850862493,-0.40364964490327976,0.5137118083535147,29,0.02334929877282166,0.00717428764978334,0.030523586422604998,-0.011694869081791426,0.02679171775950232,0.009859911279753024,-0.013269151439550098,0.01008014733327156,-0.02207982208324477,-0.004283612748555499,0.004566679721391464,False
monthly,disjoint,hgb|history_available|budget=27,hgb,history_available,27,H_D_B_P_K,hgb::H_D_B_P_K,True,27,0.6224189124890044,879,326,0.3708759954493743,0.6611003222480567,0.2337833676013,0.5963456439498996,0.44811301486733607,-0.34360245160884195,0.5159101750712878,29,0.02334929877282166,0.001018608667685883,0.02436790744050754,-0.017353574739087604,0.021036570429357915,0.009752211097570117,-0.019424830421647554,0.003924468351174104,-0.02729132946961414,-0.01151331620875018,0.004037245869630739,False
monthly,disjoint,hgb|history_available|budget=28,hgb,history_available,28,H_D_B_P_C_K,hgb::H_D_B_P_C_K,True,28,0.6221233869574162,879,326,0.3708759954493743,0.6610677313856002,0.23358246044975492,0.5975021910604733,0.45079346288791344,-0.34049546279696785,0.5112512234323859,29,0.02334929877282166,0.0009860178052302215,0.02433531657805188,-0.018079812654579485,0.021768909783933067,0.009954128447445334,-0.019457421284103216,0.0038918774887184426,-0.02751588306240652,-0.011737371406134116,0.004011436176041243,False
monthly,disjoint,hgb|history_available|budget=29,hgb,history_available,29,H_D_B_P_C_K,hgb::H_D_B_P_C_K,True,28,0.6221233869574162,879,326,0.3708759954493743,0.6610677313856002,0.23358246044975492,0.5975021910604733,0.45079346288791344,-0.34049546279696785,0.5112512234323859,29,0.02334929877282166,0.0009860178052302215,0.02433531657805188,-0.018079812654579485,0.021768909783933067,0.009954128447445334,-0.019457421284103216,0.0038918774887184426,-0.02751588306240652,-0.011737371406134116,0.004011436176041243,False
monthly,disjoint,hgb|history_available|budget=30,hgb,history_available,30,H_D_B_M_P_C_A_K,hgb::H_D_B_M_P_C_A_K,True,30,0.6219650098551895,879,326,0.3708759954493743,0.6805251526697038,0.24342491972817157,0.5672128601382309,0.4181545978383948,-0.4256365157660521,0.3602708353010966,29,0.02334929877282166,0.020443439089333437,0.043792737862155096,0.0012082418775788085,0.03992766094481458,0.009761898885779604,0.0,0.0,0.0,0.0,0.0,False
monthly,disjoint,hgb|history_unavailable|budget=00,hgb,history_unavailable,0,NONE,hgb::NONE,False,0,0.6835049913737833,879,326,0.3708759954493743,0.6668350699542119,0.23691301513328292,0.5,0.3708759954493743,,,23,0.025410669369209615,0.0,0.0,0.0,0.0,0.0,-0.028077223754423786,-0.002666554385214171,-0.049420881690036444,-0.007266538022242732,0.010728223959173087,False
monthly,disjoint,hgb|history_unavailable|budget=01,hgb,history_unavailable,1,B,hgb::B,False,1,0.6764592159223477,879,326,0.3708759954493743,0.6690652216341283,0.23815255546348524,0.5330212227781538,0.38756517514319233,-0.4191553924503773,0.4026296416130029,23,0.025410669369209615,0.002230151679917136,0.02764082104912675,-0.006607421191094453,0.010599402081998926,0.004376854046211559,-0.02584707207450665,-0.000436402705297035,-0.04611243782454624,-0.005731130713768063,0.010537984813480923,False
monthly,disjoint,hgb|history_unavailable|budget=02,hgb,history_unavailable,2,B_A,hgb::B_A,False,2,0.6707577129357915,879,326,0.3708759954493743,0.6938953504592981,0.2504517063162109,0.5055996849310509,0.3655340290512615,-0.5176190342760755,0.07255761685260291,23,0.025410669369209615,0.027060280505079137,0.052470949874288755,0.013698464686580291,0.04091668425068313,0.00695510722219633,-0.0010169432493446484,0.024393726119864966,-0.02109512711596782,0.018710702414539926,0.010024751931684395,False
monthly,disjoint,hgb|history_unavailable|budget=03,hgb,history_unavailable,3,B_M_A,hgb::B_M_A,False,3,0.6700832563067912,879,326,0.3708759954493743,0.701067704847418,0.2537606426846367,0.518479792320749,0.3588032616191663,-0.5279596546206228,0.003181279229397996,23,0.025410669369209615,0.03423263489320283,0.05964330426241245,0.019239603360090566,0.04962426014591677,0.007763526409179757,0.006155411138779043,0.03156608050798866,-0.015007777765214794,0.02628161329005887,0.010465051345743014,False
monthly,disjoint,hgb|history_unavailable|budget=04,hgb,history_unavailable,4,D,hgb::D,False,4,0.6582713689763009,879,326,0.3708759954493743,0.6909396927309317,0.2478902963674336,0.5201161539400259,0.37345768239216837,-0.4799223019465788,0.14953555254082304,23,0.025410669369209615,0.02410462277671588,0.049515292145925496,0.006355273292552768,0.04346065749933508,0.009431757044250675,-0.003972600977707907,0.021438068391501707,-0.01986265285006831,0.012263439409961534,0.008171087126168939,False
monthly,disjoint,hgb|history_unavailable|budget=05,hgb,history_unavailable,5,D_B,hgb::D_B,False,5,0.6481134841701371,879,326,0.3708759954493743,0.6871916841537392,0.2460708730797813,0.5455712843497266,0.38940780254124474,-0.45403762110127627,0.23812504136136095,23,0.025410669369209615,0.020356614199524503,0.04576728356873412,0.0010551466218786916,0.04011302568770631,0.009941508588172906,-0.007720609554899283,0.017690059814310332,-0.024127204479211344,0.008522938662846601,0.00825217576594857,False
monthly,disjoint,hgb|history_unavailable|budget=06,hgb,history_unavailable,6,D_B_A,hgb::D_B_A,False,6,0.642492702408009,879,326,0.3708759954493743,0.7190759676833627,0.26156315541896097,0.5122061482820977,0.35633679740513763,-0.514431129993074,0.06566707242557455,23,0.025410669369209615,0.05224089772914853,0.07765156709835815,0.030660120653850407,0.07477559104674719,0.011227588558484408,0.024163673974724742,0.04957434334393436,0.008447258332853225,0.040879107546703396,0.008224700735895511,False
monthly,disjoint,hgb|history_unavailable|budget=07,hgb,history_unavailable,7,D_B_M_A,hgb::D_B_M_A,False,7,0.642368337931568,879,326,0.3708759954493743,0.7287618224576828,0.2655238276516093,0.5113824204839192,0.35300099893927506,-0.5257386207781994,0.012986336775621136,23,0.025410669369209615,0.06192675250346735,0.08733742187267697,0.039414843516878954,0.08569348104744988,0.011887510187953709,0.03384952874904357,0.059260198118253185,0.01631328575652876,0.051495791584536085,0.008852707801986609,False
monthly,disjoint,hgb|history_unavailable|budget=08,hgb,history_unavailable,8,D_B_M_A,hgb::D_B_M_A,False,7,0.642368337931568,879,326,0.3708759954493743,0.7287618224576828,0.2655238276516093,0.5113824204839192,0.35300099893927506,-0.5257386207781994,0.012986336775621136,23,0.025410669369209615,0.06192675250346735,0.08733742187267697,0.039414843516878954,0.08569348104744988,0.011887510187953709,0.03384952874904357,0.059260198118253185,0.01631328575652876,0.051495791584536085,0.008852707801986609,False
monthly,disjoint,hgb|history_unavailable|budget=09,hgb,history_unavailable,9,D_B_M_A,hgb::D_B_M_A,False,7,0.642368337931568,879,326,0.3708759954493743,0.7287618224576828,0.2655238276516093,0.5113824204839192,0.35300099893927506,-0.5257386207781994,0.012986336775621136,23,0.025410669369209615,0.06192675250346735,0.08733742187267697,0.039414843516878954,0.08569348104744988,0.011887510187953709,0.03384952874904357,0.059260198118253185,0.01631328575652876,0.051495791584536085,0.008852707801986609,False
monthly,disjoint,hgb|history_unavailable|budget=10,hgb,history_unavailable,10,D_B_M_A,hgb::D_B_M_A,False,7,0.642368337931568,879,326,0.3708759954493743,0.7287618224576828,0.2655238276516093,0.5113824204839192,0.35300099893927506,-0.5257386207781994,0.012986336775621136,23,0.025410669369209615,0.06192675250346735,0.08733742187267697,0.039414843516878954,0.08569348104744988,0.011887510187953709,0.03384952874904357,0.059260198118253185,0.01631328575652876,0.051495791584536085,0.008852707801986609,False
monthly,disjoint,hgb|history_unavailable|budget=11,hgb,history_unavailable,11,D_B_M_A,hgb::D_B_M_A,False,7,0.642368337931568,879,326,0.3708759954493743,0.7287618224576828,0.2655238276516093,0.5113824204839192,0.35300099893927506,-0.5257386207781994,0.012986336775621136,23,0.025410669369209615,0.06192675250346735,0.08733742187267697,0.039414843516878954,0.08569348104744988,0.011887510187953709,0.03384952874904357,0.059260198118253185,0.01631328575652876,0.051495791584536085,0.008852707801986609,False
monthly,disjoint,hgb|history_unavailable|budget=12,hgb,history_unavailable,12,D_B_M_A,hgb::D_B_M_A,False,7,0.642368337931568,879,326,0.3708759954493743,0.7287618224576828,0.2655238276516093,0.5113824204839192,0.35300099893927506,-0.5257386207781994,0.012986336775621136,23,0.025410669369209615,0.06192675250346735,0.08733742187267697,0.039414843516878954,0.08569348104744988,0.011887510187953709,0.03384952874904357,0.059260198118253185,0.01631328575652876,0.051495791584536085,0.008852707801986609,False
monthly,disjoint,hgb|history_unavailable|budget=13,hgb,history_unavailable,13,D_B_M_A,hgb::D_B_M_A,False,7,0.642368337931568,879,326,0.3708759954493743,0.7287618224576828,0.2655238276516093,0.5113824204839192,0.35300099893927506,-0.5257386207781994,0.012986336775621136,23,0.025410669369209615,0.06192675250346735,0.08733742187267697,0.039414843516878954,0.08569348104744988,0.011887510187953709,0.03384952874904357,0.059260198118253185,0.01631328575652876,0.051495791584536085,0.008852707801986609,False
monthly,disjoint,hgb|history_unavailable|budget=14,hgb,history_unavailable,14,D_B_M_A,hgb::D_B_M_A,False,7,0.642368337931568,879,326,0.3708759954493743,0.7287618224576828,0.2655238276516093,0.5113824204839192,0.35300099893927506,-0.5257386207781994,0.012986336775621136,23,0.025410669369209615,0.06192675250346735,0.08733742187267697,0.039414843516878954,0.08569348104744988,0.011887510187953709,0.03384952874904357,0.059260198118253185,0.01631328575652876,0.051495791584536085,0.008852707801986609,False
monthly,disjoint,hgb|history_unavailable|budget=15,hgb,history_unavailable,15,D_B_M_A,hgb::D_B_M_A,False,7,0.642368337931568,879,326,0.3708759954493743,0.7287618224576828,0.2655238276516093,0.5113824204839192,0.35300099893927506,-0.5257386207781994,0.012986336775621136,23,0.025410669369209615,0.06192675250346735,0.08733742187267697,0.039414843516878954,0.08569348104744988,0.011887510187953709,0.03384952874904357,0.059260198118253185,0.01631328575652876,0.051495791584536085,0.008852707801986609,False
monthly,disjoint,hgb|history_unavailable|budget=16,hgb,history_unavailable,16,D_B_K,hgb::D_B_K,False,16,0.6391291772665685,879,326,0.3708759954493743,0.663888994267988,0.23506496520275258,0.5858895705521473,0.4395246033852944,-0.3469346074051983,0.4731844438107587,23,0.025410669369209615,-0.0029460756862260684,0.022464593682983546,-0.021764145952377346,0.016372491693425695,0.009905495801169782,-0.031023299440649854,-0.0056126300714402395,-0.042607312425294766,-0.01855356595752357,0.0062464967792858405,False
monthly,disjoint,hgb|history_unavailable|budget=17,hgb,history_unavailable,17,D_B_A_K,hgb::D_B_A_K,False,17,0.6358662556189094,879,326,0.3708759954493743,0.690994221030474,0.24804361746263215,0.5506467788637548,0.4078564205635833,-0.452398663100169,0.2595838194458204,23,0.025410669369209615,0.024159151076260654,0.04956982044547027,0.0031032427952485788,0.04602410960230712,0.010888791318470656,-0.003918072678163131,0.021492596691046483,-0.014930094806078398,0.007132560289266356,0.005605105014927245,False
monthly,disjoint,hgb|history_unavailable|budget=18,hgb,history_unavailable,18,D_B_A_K,hgb::D_B_A_K,False,17,0.6358662556189094,879,326,0.3708759954493743,0.690994221030474,0.24804361746263215,0.5506467788637548,0.4078564205635833,-0.452398663100169,0.2595838194458204,23,0.025410669369209615,0.024159151076260654,0.04956982044547027,0.0031032427952485788,0.04602410960230712,0.010888791318470656,-0.003918072678163131,0.021492596691046483,-0.014930094806078398,0.007132560289266356,0.005605105014927245,False
monthly,disjoint,hgb|history_unavailable|budget=19,hgb,history_unavailable,19,D_B_A_K,hgb::D_B_A_K,False,17,0.6358662556189094,879,326,0.3708759954493743,0.690994221030474,0.24804361746263215,0.5506467788637548,0.4078564205635833,-0.452398663100169,0.2595838194458204,23,0.025410669369209615,0.024159151076260654,0.04956982044547027,0.0031032427952485788,0.04602410960230712,0.010888791318470656,-0.003918072678163131,0.021492596691046483,-0.014930094806078398,0.007132560289266356,0.005605105014927245,False
monthly,disjoint,hgb|history_unavailable|budget=20,hgb,history_unavailable,20,D_B_A_K,hgb::D_B_A_K,False,17,0.6358662556189094,879,326,0.3708759954493743,0.690994221030474,0.24804361746263215,0.5506467788637548,0.4078564205635833,-0.452398663100169,0.2595838194458204,23,0.025410669369209615,0.024159151076260654,0.04956982044547027,0.0031032427952485788,0.04602410960230712,0.010888791318470656,-0.003918072678163131,0.021492596691046483,-0.014930094806078398,0.007132560289266356,0.005605105014927245,False
monthly,disjoint,hgb|history_unavailable|budget=21,hgb,history_unavailable,21,D_B_A_K,hgb::D_B_A_K,False,17,0.6358662556189094,879,326,0.3708759954493743,0.690994221030474,0.24804361746263215,0.5506467788637548,0.4078564205635833,-0.452398663100169,0.2595838194458204,23,0.025410669369209615,0.024159151076260654,0.04956982044547027,0.0031032427952485788,0.04602410960230712,0.010888791318470656,-0.003918072678163131,0.021492596691046483,-0.014930094806078398,0.007132560289266356,0.005605105014927245,False
monthly,disjoint,hgb|history_unavailable|budget=22,hgb,history_unavailable,22,D_B_A_K,hgb::D_B_A_K,False,17,0.6358662556189094,879,326,0.3708759954493743,0.690994221030474,0.24804361746263215,0.5506467788637548,0.4078564205635833,-0.452398663100169,0.2595838194458204,23,0.025410669369209615,0.024159151076260654,0.04956982044547027,0.0031032427952485788,0.04602410960230712,0.010888791318470656,-0.003918072678163131,0.021492596691046483,-0.014930094806078398,0.007132560289266356,0.005605105014927245,False
monthly,disjoint,hgb|history_unavailable|budget=23,hgb,history_unavailable,23,D_B_A_K,hgb::D_B_A_K,False,17,0.6358662556189094,879,326,0.3708759954493743,0.690994221030474,0.24804361746263215,0.5506467788637548,0.4078564205635833,-0.452398663100169,0.2595838194458204,23,0.025410669369209615,0.024159151076260654,0.04956982044547027,0.0031032427952485788,0.04602410960230712,0.010888791318470656,-0.003918072678163131,0.021492596691046483,-0.014930094806078398,0.007132560289266356,0.005605105014927245,False
monthly,disjoint,hgb|history_unavailable|budget=24,hgb,history_unavailable,24,D_B_A_K,hgb::D_B_A_K,False,17,0.6358662556189094,879,326,0.3708759954493743,0.690994221030474,0.24804361746263215,0.5506467788637548,0.4078564205635833,-0.452398663100169,0.2595838194458204,23,0.025410669369209615,0.024159151076260654,0.04956982044547027,0.0031032427952485788,0.04602410960230712,0.010888791318470656,-0.003918072678163131,0.021492596691046483,-0.014930094806078398,0.007132560289266356,0.005605105014927245,False
monthly,disjoint,hgb|history_unavailable|budget=25,hgb,history_unavailable,25,D_B_A_K,hgb::D_B_A_K,False,17,0.6358662556189094,879,326,0.3708759954493743,0.690994221030474,0.24804361746263215,0.5506467788637548,0.4078564205635833,-0.452398663100169,0.2595838194458204,23,0.025410669369209615,0.024159151076260654,0.04956982044547027,0.0031032427952485788,0.04602410960230712,0.010888791318470656,-0.003918072678163131,0.021492596691046483,-0.014930094806078398,0.007132560289266356,0.005605105014927245,False
monthly,disjoint,hgb|history_unavailable|budget=26,hgb,history_unavailable,26,D_B_A_K,hgb::D_B_A_K,False,17,0.6358662556189094,879,326,0.3708759954493743,0.690994221030474,0.24804361746263215,0.5506467788637548,0.4078564205635833,-0.452398663100169,0.2595838194458204,23,0.025410669369209615,0.024159151076260654,0.04956982044547027,0.0031032427952485788,0.04602410960230712,0.010888791318470656,-0.003918072678163131,0.021492596691046483,-0.014930094806078398,0.007132560289266356,0.005605105014927245,False
monthly,disjoint,hgb|history_unavailable|budget=27,hgb,history_unavailable,27,D_P_A_K,hgb::D_P_A_K,False,27,0.6346380484981019,879,326,0.3708759954493743,0.7012218342890807,0.2511423934160939,0.5217636095363827,0.4143119945049088,-0.4885047280734757,0.11304429336385949,23,0.025410669369209615,0.03438676433486598,0.0597974337040756,0.013066101733357288,0.05601232487383515,0.011141895939943818,0.006309540580442197,0.031720209949651815,-0.0001732282697528924,0.012902053483704342,0.0032947030266881824,False
monthly,disjoint,hgb|history_unavailable|budget=28,hgb,history_unavailable,28,D_B_P_A_K,hgb::D_B_P_A_K,False,28,0.6336998056962528,879,326,0.3708759954493743,0.6990493542662962,0.2503048515948133,0.5291272368231287,0.41200517021832106,-0.48012701169519256,0.13958389400061616,23,0.025410669369209615,0.0322142843120814,0.057624953681291016,0.011182342887321875,0.05414369569171735,0.011105617381613093,0.0041370605576576125,0.029547729926867227,0.0002683148251648643,0.008054908537363138,0.0019954959019732304,False
monthly,disjoint,hgb|history_unavailable|budget=29,hgb,history_unavailable,29,D_B_P_A_K,hgb::D_B_P_A_K,False,28,0.6336998056962528,879,326,0.3708759954493743,0.6990493542662962,0.2503048515948133,0.5291272368231287,0.41200517021832106,-0.48012701169519256,0.13958389400061616,23,0.025410669369209615,0.0322142843120814,0.057624953681291016,0.011182342887321875,0.05414369569171735,0.011105617381613093,0.0041370605576576125,0.029547729926867227,0.0002683148251648643,0.008054908537363138,0.0019954959019732304,False
monthly,disjoint,hgb|history_unavailable|budget=30,hgb,history_unavailable,30,D_B_P_A_K,hgb::D_B_P_A_K,False,28,0.6336998056962528,879,326,0.3708759954493743,0.6990493542662962,0.2503048515948133,0.5291272368231287,0.41200517021832106,-0.48012701169519256,0.13958389400061616,23,0.025410669369209615,0.0322142843120814,0.057624953681291016,0.011182342887321875,0.05414369569171735,0.011105617381613093,0.0041370605576576125,0.029547729926867227,0.0002683148251648643,0.008054908537363138,0.0019954959019732304,False
regular,whole,ridge|history_available|budget=00,ridge,history_available,0,H,ridge::H,True,0,0.48355918053918057,1520,292,0.19210526315789472,0.4827939309794042,0.15326811034329604,0.5738867074204632,0.21911605562212993,1.2314294434680577,1.881723819217758,20,0.01915132117092789,0.0012562852011747672,0.020407606372102656,-0.00022304753317950316,0.0027406978072000623,0.0007552828828044041,-0.032525154412425095,-0.013373833241497206,-0.05072033385288396,-0.014334028255031677,0.00928151175735755,False
regular,whole,ridge|history_available|budget=01,ridge,history_available,1,H_B,ridge::H_B,True,1,0.4771882951878859,1520,292,0.19210526315789472,0.48540546165457293,0.15434768766366336,0.5570883160055331,0.21633556944954166,-0.5096487973657828,0.6500311813886118,20,0.01915132117092789,0.0038678158763450488,0.023019137047272938,-0.002000368692702584,0.009883044886813588,0.003049116499065969,-0.029913623737254813,-0.010762302566326924,-0.04741538814732033,-0.012706837305879215,0.008858458981208734,False
regular,whole,ridge|history_available|budget=02,ridge,history_available,2,H_B_A,ridge::H_B_A,True,2,0.47522173215114283,1520,292,0.19210526315789472,0.49182670187362476,0.1572204374518605,0.5573950850029004,0.21260279409199495,-0.8221103276381989,0.45479540909226174,20,0.01915132117092789,0.010289056095403704,0.029440377266331592,0.003049454430412102,0.017810156134752907,0.0037322128844611345,-0.023492383518196158,-0.004341062347268269,-0.03949860084872156,-0.007958694441690855,0.007977253372359142,False
regular,whole,ridge|history_available|budget=03,ridge,history_available,3,H_B_M_A,ridge::H_B_M_A,True,3,0.47359281684148996,1520,292,0.19210526315789472,0.4889501668480414,0.15620309304281627,0.5825473539779572,0.22925121611368782,-0.7246245620554761,0.5357193083011287,20,0.01915132117092789,0.007412521069814382,0.02656384224074227,-0.001017851606070294,0.016155632810996173,0.004518581673142336,-0.02636891854378548,-0.007217597372857591,-0.042430970674706546,-0.010170779724793173,0.00815578382609762,False
regular,whole,ridge|history_available|budget=04,ridge,history_available,4,H_D,ridge::H_D,True,4,0.4535315605074981,1520,292,0.19210526315789472,0.5216494267708528,0.1679243992498971,0.5529901610816117,0.2111968004683381,-1.1443375373431461,0.204249863470177,20,0.01915132117092789,0.04011178099262819,0.059263102163556076,0.025772204086354358,0.054618944539311334,0.007570058284195489,0.006330341379028326,0.025481662549956215,-0.004632656741341303,0.017138406096013102,0.0055685835172471975,False
regular,whole,ridge|history_available|budget=05,ridge,history_available,5,H_D_B,ridge::H_D_B,True,5,0.4506049781553576,1520,292,0.19210526315789472,0.5212622738927994,0.16787661990189004,0.5583251528267369,0.21400637985200235,-1.1129200422720338,0.22500123805535374,20,0.01915132117092789,0.03972462811457461,0.0588759492855025,0.02486445274887615,0.05527745601066985,0.007829661451656048,0.00594318850097475,0.02509450967190264,-0.003976585020257377,0.015943074006399587,0.005101889781838911,False
regular,whole,ridge|history_available|budget=06,ridge,history_available,6,H_D_B_A,ridge::H_D_B_A,True,6,0.44869545671346145,1520,292,0.19210526315789472,0.5391653219194957,0.17664453071228856,0.5558472959707287,0.20486901898747256,-1.1969131425441806,0.17620166878017576,20,0.01915132117092789,0.0576276761412699,0.07677899731219778,0.04100487905464163,0.07479384917538873,0.008851379668187827,0.02384623652767004,0.04299755769859793,0.01589067670627315,0.03161588468481541,0.00401991445821975,False
regular,whole,ridge|history_available|budget=07,ridge,history_available,7,H_D_B_A,ridge::H_D_B_A,True,6,0.44869545671346145,1520,292,0.19210526315789472,0.5391653219194957,0.17664453071228856,0.5558472959707287,0.20486901898747256,-1.1969131425441806,0.17620166878017576,20,0.01915132117092789,0.0576276761412699,0.07677899731219778,0.04100487905464163,0.07479384917538873,0.008851379668187827,0.02384623652767004,0.04299755769859793,0.01589067670627315,0.03161588468481541,0.00401991445821975,False
regular,whole,ridge|history_available|budget=08,ridge,history_available,8,H_D_B_A,ridge::H_D_B_A,True,6,0.44869545671346145,1520,292,0.19210526315789472,0.5391653219194957,0.17664453071228856,0.5558472959707287,0.20486901898747256,-1.1969131425441806,0.17620166878017576,20,0.01915132117092789,0.0576276761412699,0.07677899731219778,0.04100487905464163,0.07479384917538873,0.008851379668187827,0.02384623652767004,0.04299755769859793,0.01589067670627315,0.03161588468481541,0.00401991445821975,False
regular,whole,ridge|history_available|budget=09,ridge,history_available,9,H_D_B_A,ridge::H_D_B_A,True,6,0.44869545671346145,1520,292,0.19210526315789472,0.5391653219194957,0.17664453071228856,0.5558472959707287,0.20486901898747256,-1.1969131425441806,0.17620166878017576,20,0.01915132117092789,0.0576276761412699,0.07677899731219778,0.04100487905464163,0.07479384917538873,0.008851379668187827,0.02384623652767004,0.04299755769859793,0.01589067670627315,0.03161588468481541,0.00401991445821975,False
regular,whole,ridge|history_available|budget=10,ridge,history_available,10,H_D_B_A,ridge::H_D_B_A,True,6,0.44869545671346145,1520,292,0.19210526315789472,0.5391653219194957,0.17664453071228856,0.5558472959707287,0.20486901898747256,-1.1969131425441806,0.17620166878017576,20,0.01915132117092789,0.0576276761412699,0.07677899731219778,0.04100487905464163,0.07479384917538873,0.008851379668187827,0.02384623652767004,0.04299755769859793,0.01589067670627315,0.03161588468481541,0.00401991445821975,False
regular,whole,ridge|history_available|budget=11,ridge,history_available,11,H_D_B_A,ridge::H_D_B_A,True,6,0.44869545671346145,1520,292,0.19210526315789472,0.5391653219194957,0.17664453071228856,0.5558472959707287,0.20486901898747256,-1.1969131425441806,0.17620166878017576,20,0.01915132117092789,0.0576276761412699,0.07677899731219778,0.04100487905464163,0.07479384917538873,0.008851379668187827,0.02384623652767004,0.04299755769859793,0.01589067670627315,0.03161588468481541,0.00401991445821975,False
regular,whole,ridge|history_available|budget=12,ridge,history_available,12,H_D_B_A,ridge::H_D_B_A,True,6,0.44869545671346145,1520,292,0.19210526315789472,0.5391653219194957,0.17664453071228856,0.5558472959707287,0.20486901898747256,-1.1969131425441806,0.17620166878017576,20,0.01915132117092789,0.0576276761412699,0.07677899731219778,0.04100487905464163,0.07479384917538873,0.008851379668187827,0.02384623652767004,0.04299755769859793,0.01589067670627315,0.03161588468481541,0.00401991445821975,False
regular,whole,ridge|history_available|budget=13,ridge,history_available,13,H_D_B_A,ridge::H_D_B_A,True,6,0.44869545671346145,1520,292,0.19210526315789472,0.5391653219194957,0.17664453071228856,0.5558472959707287,0.20486901898747256,-1.1969131425441806,0.17620166878017576,20,0.01915132117092789,0.0576276761412699,0.07677899731219778,0.04100487905464163,0.07479384917538873,0.008851379668187827,0.02384623652767004,0.04299755769859793,0.01589067670627315,0.03161588468481541,0.00401991445821975,False
regular,whole,ridge|history_available|budget=14,ridge,history_available,14,H_D_B_A,ridge::H_D_B_A,True,6,0.44869545671346145,1520,292,0.19210526315789472,0.5391653219194957,0.17664453071228856,0.5558472959707287,0.20486901898747256,-1.1969131425441806,0.17620166878017576,20,0.01915132117092789,0.0576276761412699,0.07677899731219778,0.04100487905464163,0.07479384917538873,0.008851379668187827,0.02384623652767004,0.04299755769859793,0.01589067670627315,0.03161588468481541,0.00401991445821975,False
regular,whole,ridge|history_available|budget=15,ridge,history_available,15,H_D_K,ridge::H_D_K,True,15,0.44673349185890315,1520,292,0.19210526315789472,0.49836311782088283,0.15946344330225054,0.6152098857703806,0.24639053572656783,-0.8319097455258825,0.40544678868690726,20,0.01915132117092789,0.016825472042658385,0.035976793213586274,0.001057042071101562,0.03290449906096479,0.007994026763397367,-0.016955967570941477,0.002195353599986412,-0.024932915813329733,-0.008901253826985719,0.004066407164887442,False
regular,whole,ridge|history_available|budget=16,ridge,history_available,16,H_D_A_K,ridge::H_D_A_K,True,16,0.44461576392117635,1520,292,0.19210526315789472,0.5138016499604694,0.16618450149349964,0.6051673843201999,0.23297226494737588,-0.9744092230436223,0.3269164572376527,20,0.01915132117092789,0.032264004182244344,0.05141532535317223,0.014703446271085756,0.05076015624277579,0.00902200466667186,-0.0015174354313555183,0.01763388573957237,-0.007204511487781366,0.004484038249225582,0.002941853717269759,False
regular,whole,ridge|history_available|budget=17,ridge,history_available,17,H_D_B_A_K,ridge::H_D_B_A_K,True,17,0.4426349509279068,1520,292,0.19210526315789472,0.5156010186812082,0.16720389899733748,0.6054894917674356,0.232114976067152,-0.9786823781119424,0.3234817444224936,20,0.01915132117092789,0.03406337290298195,0.053214694073909836,0.01624843972269209,0.05230597870424456,0.009185162185471425,0.00028193328938208584,0.019433254460309975,-0.003625635480975736,0.004413327540801184,0.002018438434894095,False
regular,whole,ridge|history_available|budget=18,ridge,history_available,18,H_D_B_A_K,ridge::H_D_B_A_K,True,17,0.4426349509279068,1520,292,0.19210526315789472,0.5156010186812082,0.16720389899733748,0.6054894917674356,0.232114976067152,-0.9786823781119424,0.3234817444224936,20,0.01915132117092789,0.03406337290298195,0.053214694073909836,0.01624843972269209,0.05230597870424456,0.009185162185471425,0.00028193328938208584,0.019433254460309975,-0.003625635480975736,0.004413327540801184,0.002018438434894095,False
regular,whole,ridge|history_available|budget=19,ridge,history_available,19,H_D_B_A_K,ridge::H_D_B_A_K,True,17,0.4426349509279068,1520,292,0.19210526315789472,0.5156010186812082,0.16720389899733748,0.6054894917674356,0.232114976067152,-0.9786823781119424,0.3234817444224936,20,0.01915132117092789,0.03406337290298195,0.053214694073909836,0.01624843972269209,0.05230597870424456,0.009185162185471425,0.00028193328938208584,0.019433254460309975,-0.003625635480975736,0.004413327540801184,0.002018438434894095,False
regular,whole,ridge|history_available|budget=20,ridge,history_available,20,H_D_B_A_K,ridge::H_D_B_A_K,True,17,0.4426349509279068,1520,292,0.19210526315789472,0.5156010186812082,0.16720389899733748,0.6054894917674356,0.232114976067152,-0.9786823781119424,0.3234817444224936,20,0.01915132117092789,0.03406337290298195,0.053214694073909836,0.01624843972269209,0.05230597870424456,0.009185162185471425,0.00028193328938208584,0.019433254460309975,-0.003625635480975736,0.004413327540801184,0.002018438434894095,False
regular,whole,ridge|history_available|budget=21,ridge,history_available,21,H_D_B_A_K,ridge::H_D_B_A_K,True,17,0.4426349509279068,1520,292,0.19210526315789472,0.5156010186812082,0.16720389899733748,0.6054894917674356,0.232114976067152,-0.9786823781119424,0.3234817444224936,20,0.01915132117092789,0.03406337290298195,0.053214694073909836,0.01624843972269209,0.05230597870424456,0.009185162185471425,0.00028193328938208584,0.019433254460309975,-0.003625635480975736,0.004413327540801184,0.002018438434894095,False
regular,whole,ridge|history_available|budget=22,ridge,history_available,22,H_D_B_A_K,ridge::H_D_B_A_K,True,17,0.4426349509279068,1520,292,0.19210526315789472,0.5156010186812082,0.16720389899733748,0.6054894917674356,0.232114976067152,-0.9786823781119424,0.3234817444224936,20,0.01915132117092789,0.03406337290298195,0.053214694073909836,0.01624843972269209,0.05230597870424456,0.009185162185471425,0.00028193328938208584,0.019433254460309975,-0.003625635480975736,0.004413327540801184,0.002018438434894095,False
regular,whole,ridge|history_available|budget=23,ridge,history_available,23,H_D_B_A_K,ridge::H_D_B_A_K,True,17,0.4426349509279068,1520,292,0.19210526315789472,0.5156010186812082,0.16720389899733748,0.6054894917674356,0.232114976067152,-0.9786823781119424,0.3234817444224936,20,0.01915132117092789,0.03406337290298195,0.053214694073909836,0.01624843972269209,0.05230597870424456,0.009185162185471425,0.00028193328938208584,0.019433254460309975,-0.003625635480975736,0.004413327540801184,0.002018438434894095,False
regular,whole,ridge|history_available|budget=24,ridge,history_available,24,H_D_B_A_K,ridge::H_D_B_A_K,True,17,0.4426349509279068,1520,292,0.19210526315789472,0.5156010186812082,0.16720389899733748,0.6054894917674356,0.232114976067152,-0.9786823781119424,0.3234817444224936,20,0.01915132117092789,0.03406337290298195,0.053214694073909836,0.01624843972269209,0.05230597870424456,0.009185162185471425,0.00028193328938208584,0.019433254460309975,-0.003625635480975736,0.004413327540801184,0.002018438434894095,False
regular,whole,ridge|history_available|budget=25,ridge,history_available,25,H_D_B_A_K,ridge::H_D_B_A_K,True,17,0.4426349509279068,1520,292,0.19210526315789472,0.5156010186812082,0.16720389899733748,0.6054894917674356,0.232114976067152,-0.9786823781119424,0.3234817444224936,20,0.01915132117092789,0.03406337290298195,0.053214694073909836,0.01624843972269209,0.05230597870424456,0.009185162185471425,0.00028193328938208584,0.019433254460309975,-0.003625635480975736,0.004413327540801184,0.002018438434894095,False
regular,whole,ridge|history_available|budget=26,ridge,history_available,26,H_D_B_A_K,ridge::H_D_B_A_K,True,17,0.4426349509279068,1520,292,0.19210526315789472,0.5156010186812082,0.16720389899733748,0.6054894917674356,0.232114976067152,-0.9786823781119424,0.3234817444224936,20,0.01915132117092789,0.03406337290298195,0.053214694073909836,0.01624843972269209,0.05230597870424456,0.009185162185471425,0.00028193328938208584,0.019433254460309975,-0.003625635480975736,0.004413327540801184,0.002018438434894095,False
regular,whole,ridge|history_available|budget=27,ridge,history_available,27,H_D_B_A_K,ridge::H_D_B_A_K,True,17,0.4426349509279068,1520,292,0.19210526315789472,0.5156010186812082,0.16720389899733748,0.6054894917674356,0.232114976067152,-0.9786823781119424,0.3234817444224936,20,0.01915132117092789,0.03406337290298195,0.053214694073909836,0.01624843972269209,0.05230597870424456,0.009185162185471425,0.00028193328938208584,0.019433254460309975,-0.003625635480975736,0.004413327540801184,0.002018438434894095,False
regular,whole,ridge|history_available|budget=28,ridge,history_available,28,H_D_B_A_K,ridge::H_D_B_A_K,True,17,0.4426349509279068,1520,292,0.19210526315789472,0.5156010186812082,0.16720389899733748,0.6054894917674356,0.232114976067152,-0.9786823781119424,0.3234817444224936,20,0.01915132117092789,0.03406337290298195,0.053214694073909836,0.01624843972269209,0.05230597870424456,0.009185162185471425,0.00028193328938208584,0.019433254460309975,-0.003625635480975736,0.004413327540801184,0.002018438434894095,False
regular,whole,ridge|history_available|budget=29,ridge,history_available,29,H_D_B_A_K,ridge::H_D_B_A_K,True,17,0.4426349509279068,1520,292,0.19210526315789472,0.5156010186812082,0.16720389899733748,0.6054894917674356,0.232114976067152,-0.9786823781119424,0.3234817444224936,20,0.01915132117092789,0.03406337290298195,0.053214694073909836,0.01624843972269209,0.05230597870424456,0.009185162185471425,0.00028193328938208584,0.019433254460309975,-0.003625635480975736,0.004413327540801184,0.002018438434894095,False
regular,whole,ridge|history_available|budget=30,ridge,history_available,30,H_D_B_A_K,ridge::H_D_B_A_K,True,17,0.4426349509279068,1520,292,0.19210526315789472,0.5156010186812082,0.16720389899733748,0.6054894917674356,0.232114976067152,-0.9786823781119424,0.3234817444224936,20,0.01915132117092789,0.03406337290298195,0.053214694073909836,0.01624843972269209,0.05230597870424456,0.009185162185471425,0.00028193328938208584,0.019433254460309975,-0.003625635480975736,0.004413327540801184,0.002018438434894095,False
regular,whole,ridge|history_unavailable|budget=00,ridge,history_unavailable,0,NONE,ridge::NONE,False,0,0.48682988510277087,1520,292,0.19210526315789472,0.4892666784043059,0.15520250752497775,0.5,0.19210526315789472,,,21,0.019766345186607907,0.0,0.0,0.0,0.0,0.0,-0.026035784132605377,-0.00626943894599747,-0.044493635710891016,-0.007828306147791427,0.009301029582373322,False
regular,whole,ridge|history_unavailable|budget=01,ridge,history_unavailable,1,B,ridge::B,False,1,0.47836982516873877,1520,292,0.19210526315789472,0.4914489553098219,0.1557892932085774,0.5330738811298024,0.20414809964908365,-0.8938559102582988,0.3728488852527332,21,0.019766345186607907,0.0021822769055171443,0.02194862209212505,-0.0045283953608864485,0.00873909954917699,0.0034267171539587413,-0.023853507227088233,-0.004087162040480326,-0.041021467853015144,-0.006600113677073253,0.008876451825470885,False
regular,whole,ridge|history_unavailable|budget=02,ridge,history_unavailable,2,B_A,ridge::B_A,False,2,0.4760069459526036,1520,292,0.19210526315789472,0.49676219573507296,0.15825473543518107,0.5343595221096782,0.20314163813304265,-1.061269566884651,0.2742193117491282,21,0.019766345186607907,0.007495517330777135,0.027261862517385042,-0.0004498577954635303,0.016042122802379925,0.004229134547692586,-0.018540266801828242,0.001226078384779665,-0.03477696210628512,-0.002750800665596993,0.007882419254739974,False
regular,whole,ridge|history_unavailable|budget=03,ridge,history_unavailable,3,B_M_A,ridge::B_M_A,False,3,0.4740775615749651,1520,292,0.19210526315789472,0.49331845528795415,0.15713667580034704,0.566620465396457,0.22314134659291923,-0.8623583050707292,0.42712812479553836,21,0.019766345186607907,0.0040517768836574874,0.023818122070265395,-0.005641237759583586,0.013883223680386341,0.0050606277936510085,-0.02198400724894789,-0.0022176620623399826,-0.03797647481330852,-0.005938633846913105,0.008048899506516079,False
regular,whole,ridge|history_unavailable|budget=04,ridge,history_unavailable,4,D,ridge::D,False,4,0.4574118701497685,1520,292,0.19210526315789472,0.5240326157570064,0.1667539489485099,0.5167537704698586,0.19781907021910589,-1.3095308299355797,0.086011095233104,21,0.019766345186607907,0.034765937352708665,0.05453228253931657,0.020132229380531864,0.04900816023486548,0.007561018778461877,0.008730153220103287,0.028496498406711195,-0.0035293685965949117,0.021068332396817387,0.006248642740820005,False
regular,whole,ridge|history_unavailable|budget=05,ridge,history_unavailable,5,D_B,ridge::D_B,False,5,0.4531181739713088,1520,292,0.19210526315789472,0.522799329846698,0.16636539415406124,0.5356702623711569,0.20642924301629312,-1.2203077921692334,0.145931110247892,21,0.019766345186607907,0.033532651442400196,0.053298996629008104,0.018503650393435305,0.04931111890859652,0.008020050961103718,0.007496867309794819,0.027263212496402726,-0.003577694526034239,0.0187069105916761,0.00566836480879298,False
regular,whole,ridge|history_unavailable|budget=06,ridge,history_unavailable,6,D_B_A,ridge::D_B_A,False,6,0.4508504505652878,1520,292,0.19210526315789472,0.5396774026470554,0.1753775409147871,0.5332342376511534,0.19752293409795071,-1.2802177525920952,0.11284479824480641,21,0.019766345186607907,0.050410724242757665,0.07017706942936558,0.03366146079619379,0.06770669713029899,0.008921495533482083,0.024374940110152288,0.044141285296760195,0.015875527506711513,0.03246701770225149,0.0042884327224904815,False
regular,whole,ridge|history_unavailable|budget=07,ridge,history_unavailable,7,D_B_M_A,ridge::D_B_M_A,False,7,0.450829043059727,1520,292,0.19210526315789472,0.5346743942172354,0.17338388944475205,0.5462468207576637,0.2076108410721491,-1.227371454188183,0.15179136221118197,21,0.019766345186607907,0.045407715812936955,0.06517406099954487,0.028280235605675955,0.06331712251507189,0.009000152256781257,0.019371931680331578,0.039138276866939485,0.010785298321407922,0.027352139895152942,0.004256596804481269,False
regular,whole,ridge|history_unavailable|budget=08,ridge,history_unavailable,8,D_B_M_A,ridge::D_B_M_A,False,7,0.450829043059727,1520,292,0.19210526315789472,0.5346743942172354,0.17338388944475205,0.5462468207576637,0.2076108410721491,-1.227371454188183,0.15179136221118197,21,0.019766345186607907,0.045407715812936955,0.06517406099954487,0.028280235605675955,0.06331712251507189,0.009000152256781257,0.019371931680331578,0.039138276866939485,0.010785298321407922,0.027352139895152942,0.004256596804481269,False
regular,whole,ridge|history_unavailable|budget=09,ridge,history_unavailable,9,D_B_M_A,ridge::D_B_M_A,False,7,0.450829043059727,1520,292,0.19210526315789472,0.5346743942172354,0.17338388944475205,0.5462468207576637,0.2076108410721491,-1.227371454188183,0.15179136221118197,21,0.019766345186607907,0.045407715812936955,0.06517406099954487,0.028280235605675955,0.06331712251507189,0.009000152256781257,0.019371931680331578,0.039138276866939485,0.010785298321407922,0.027352139895152942,0.004256596804481269,False
regular,whole,ridge|history_unavailable|budget=10,ridge,history_unavailable,10,D_B_M_A,ridge::D_B_M_A,False,7,0.450829043059727,1520,292,0.19210526315789472,0.5346743942172354,0.17338388944475205,0.5462468207576637,0.2076108410721491,-1.227371454188183,0.15179136221118197,21,0.019766345186607907,0.045407715812936955,0.06517406099954487,0.028280235605675955,0.06331712251507189,0.009000152256781257,0.019371931680331578,0.039138276866939485,0.010785298321407922,0.027352139895152942,0.004256596804481269,False
regular,whole,ridge|history_unavailable|budget=11,ridge,history_unavailable,11,D_B_M_A,ridge::D_B_M_A,False,7,0.450829043059727,1520,292,0.19210526315789472,0.5346743942172354,0.17338388944475205,0.5462468207576637,0.2076108410721491,-1.227371454188183,0.15179136221118197,21,0.019766345186607907,0.045407715812936955,0.06517406099954487,0.028280235605675955,0.06331712251507189,0.009000152256781257,0.019371931680331578,0.039138276866939485,0.010785298321407922,0.027352139895152942,0.004256596804481269,False
regular,whole,ridge|history_unavailable|budget=12,ridge,history_unavailable,12,D_B_M_A,ridge::D_B_M_A,False,7,0.450829043059727,1520,292,0.19210526315789472,0.5346743942172354,0.17338388944475205,0.5462468207576637,0.2076108410721491,-1.227371454188183,0.15179136221118197,21,0.019766345186607907,0.045407715812936955,0.06517406099954487,0.028280235605675955,0.06331712251507189,0.009000152256781257,0.019371931680331578,0.039138276866939485,0.010785298321407922,0.027352139895152942,0.004256596804481269,False
regular,whole,ridge|history_unavailable|budget=13,ridge,history_unavailable,13,D_B_M_A,ridge::D_B_M_A,False,7,0.450829043059727,1520,292,0.19210526315789472,0.5346743942172354,0.17338388944475205,0.5462468207576637,0.2076108410721491,-1.227371454188183,0.15179136221118197,21,0.019766345186607907,0.045407715812936955,0.06517406099954487,0.028280235605675955,0.06331712251507189,0.009000152256781257,0.019371931680331578,0.039138276866939485,0.010785298321407922,0.027352139895152942,0.004256596804481269,False
regular,whole,ridge|history_unavailable|budget=14,ridge,history_unavailable,14,D_B_M_A,ridge::D_B_M_A,False,7,0.450829043059727,1520,292,0.19210526315789472,0.5346743942172354,0.17338388944475205,0.5462468207576637,0.2076108410721491,-1.227371454188183,0.15179136221118197,21,0.019766345186607907,0.045407715812936955,0.06517406099954487,0.028280235605675955,0.06331712251507189,0.009000152256781257,0.019371931680331578,0.039138276866939485,0.010785298321407922,0.027352139895152942,0.004256596804481269,False
regular,whole,ridge|history_unavailable|budget=15,ridge,history_unavailable,15,D_K,ridge::D_K,False,15,0.4490996608581511,1520,292,0.19210526315789472,0.5002351376881641,0.15874868718594926,0.5933623555396904,0.2378956762075065,-0.865332250766667,0.371743227413471,21,0.019766345186607907,0.01096845928386464,0.030734804470472547,-0.00501485034855678,0.027162105348073142,0.008098169666575296,-0.015067324848740737,0.00469902033786717,-0.023870091496198613,-0.005895482141553023,0.004621336662669442,False
regular,whole,ridge|history_unavailable|budget=16,ridge,history_unavailable,16,D_B_K,ridge::D_B_K,False,16,0.44601389412055115,1520,292,0.19210526315789472,0.5002562720341894,0.15905020346480112,0.6002995180937933,0.23969977165154183,-0.8540753649117487,0.38007456761913716,21,0.019766345186607907,0.010989593629890992,0.0307559388164989,-0.0053043186858904665,0.027677864281930614,0.00833982427809946,-0.015046190502714385,0.004720154683893522,-0.022510440774052523,-0.007387169926794074,0.00391415228605778,False
regular,whole,ridge|history_unavailable|budget=17,ridge,history_unavailable,17,D_B_A_K,ridge::D_B_A_K,False,17,0.4437539382006647,1520,292,0.19210526315789472,0.5161053215838596,0.16624352906489506,0.5886966779706394,0.23043360731303214,-1.0055705941601487,0.2987184481673963,21,0.019766345186607907,0.026838643179560473,0.04660498836616838,0.008683266560936344,0.04526796219634997,0.009351474581389612,0.0008028590469550956,0.020569204233563003,-0.0032031803863629207,0.005248789431481447,0.0021519827276967234,False
regular,whole,ridge|history_unavailable|budget=18,ridge,history_unavailable,18,D_B_A_K,ridge::D_B_A_K,False,17,0.4437539382006647,1520,292,0.19210526315789472,0.5161053215838596,0.16624352906489506,0.5886966779706394,0.23043360731303214,-1.0055705941601487,0.2987184481673963,21,0.019766345186607907,0.026838643179560473,0.04660498836616838,0.008683266560936344,0.04526796219634997,0.009351474581389612,0.0008028590469550956,0.020569204233563003,-0.0032031803863629207,0.005248789431481447,0.0021519827276967234,False
regular,whole,ridge|history_unavailable|budget=19,ridge,history_unavailable,19,D_B_A_K,ridge::D_B_A_K,False,17,0.4437539382006647,1520,292,0.19210526315789472,0.5161053215838596,0.16624352906489506,0.5886966779706394,0.23043360731303214,-1.0055705941601487,0.2987184481673963,21,0.019766345186607907,0.026838643179560473,0.04660498836616838,0.008683266560936344,0.04526796219634997,0.009351474581389612,0.0008028590469550956,0.020569204233563003,-0.0032031803863629207,0.005248789431481447,0.0021519827276967234,False
regular,whole,ridge|history_unavailable|budget=20,ridge,history_unavailable,20,D_B_A_K,ridge::D_B_A_K,False,17,0.4437539382006647,1520,292,0.19210526315789472,0.5161053215838596,0.16624352906489506,0.5886966779706394,0.23043360731303214,-1.0055705941601487,0.2987184481673963,21,0.019766345186607907,0.026838643179560473,0.04660498836616838,0.008683266560936344,0.04526796219634997,0.009351474581389612,0.0008028590469550956,0.020569204233563003,-0.0032031803863629207,0.005248789431481447,0.0021519827276967234,False
regular,whole,ridge|history_unavailable|budget=21,ridge,history_unavailable,21,D_B_A_K,ridge::D_B_A_K,False,17,0.4437539382006647,1520,292,0.19210526315789472,0.5161053215838596,0.16624352906489506,0.5886966779706394,0.23043360731303214,-1.0055705941601487,0.2987184481673963,21,0.019766345186607907,0.026838643179560473,0.04660498836616838,0.008683266560936344,0.04526796219634997,0.009351474581389612,0.0008028590469550956,0.020569204233563003,-0.0032031803863629207,0.005248789431481447,0.0021519827276967234,False
regular,whole,ridge|history_unavailable|budget=22,ridge,history_unavailable,22,D_B_A_K,ridge::D_B_A_K,False,17,0.4437539382006647,1520,292,0.19210526315789472,0.5161053215838596,0.16624352906489506,0.5886966779706394,0.23043360731303214,-1.0055705941601487,0.2987184481673963,21,0.019766345186607907,0.026838643179560473,0.04660498836616838,0.008683266560936344,0.04526796219634997,0.009351474581389612,0.0008028590469550956,0.020569204233563003,-0.0032031803863629207,0.005248789431481447,0.0021519827276967234,False
regular,whole,ridge|history_unavailable|budget=23,ridge,history_unavailable,23,D_B_A_K,ridge::D_B_A_K,False,17,0.4437539382006647,1520,292,0.19210526315789472,0.5161053215838596,0.16624352906489506,0.5886966779706394,0.23043360731303214,-1.0055705941601487,0.2987184481673963,21,0.019766345186607907,0.026838643179560473,0.04660498836616838,0.008683266560936344,0.04526796219634997,0.009351474581389612,0.0008028590469550956,0.020569204233563003,-0.0032031803863629207,0.005248789431481447,0.0021519827276967234,False
regular,whole,ridge|history_unavailable|budget=24,ridge,history_unavailable,24,D_B_A_K,ridge::D_B_A_K,False,17,0.4437539382006647,1520,292,0.19210526315789472,0.5161053215838596,0.16624352906489506,0.5886966779706394,0.23043360731303214,-1.0055705941601487,0.2987184481673963,21,0.019766345186607907,0.026838643179560473,0.04660498836616838,0.008683266560936344,0.04526796219634997,0.009351474581389612,0.0008028590469550956,0.020569204233563003,-0.0032031803863629207,0.005248789431481447,0.0021519827276967234,False
regular,whole,ridge|history_unavailable|budget=25,ridge,history_unavailable,25,D_B_A_K,ridge::D_B_A_K,False,17,0.4437539382006647,1520,292,0.19210526315789472,0.5161053215838596,0.16624352906489506,0.5886966779706394,0.23043360731303214,-1.0055705941601487,0.2987184481673963,21,0.019766345186607907,0.026838643179560473,0.04660498836616838,0.008683266560936344,0.04526796219634997,0.009351474581389612,0.0008028590469550956,0.020569204233563003,-0.0032031803863629207,0.005248789431481447,0.0021519827276967234,False
regular,whole,ridge|history_unavailable|budget=26,ridge,history_unavailable,26,D_B_A_K,ridge::D_B_A_K,False,17,0.4437539382006647,1520,292,0.19210526315789472,0.5161053215838596,0.16624352906489506,0.5886966779706394,0.23043360731303214,-1.0055705941601487,0.2987184481673963,21,0.019766345186607907,0.026838643179560473,0.04660498836616838,0.008683266560936344,0.04526796219634997,0.009351474581389612,0.0008028590469550956,0.020569204233563003,-0.0032031803863629207,0.005248789431481447,0.0021519827276967234,False
regular,whole,ridge|history_unavailable|budget=27,ridge,history_unavailable,27,D_B_A_K,ridge::D_B_A_K,False,17,0.4437539382006647,1520,292,0.19210526315789472,0.5161053215838596,0.16624352906489506,0.5886966779706394,0.23043360731303214,-1.0055705941601487,0.2987184481673963,21,0.019766345186607907,0.026838643179560473,0.04660498836616838,0.008683266560936344,0.04526796219634997,0.009351474581389612,0.0008028590469550956,0.020569204233563003,-0.0032031803863629207,0.005248789431481447,0.0021519827276967234,False
regular,whole,ridge|history_unavailable|budget=28,ridge,history_unavailable,28,D_B_A_K,ridge::D_B_A_K,False,17,0.4437539382006647,1520,292,0.19210526315789472,0.5161053215838596,0.16624352906489506,0.5886966779706394,0.23043360731303214,-1.0055705941601487,0.2987184481673963,21,0.019766345186607907,0.026838643179560473,0.04660498836616838,0.008683266560936344,0.04526796219634997,0.009351474581389612,0.0008028590469550956,0.020569204233563003,-0.0032031803863629207,0.005248789431481447,0.0021519827276967234,False
regular,whole,ridge|history_unavailable|budget=29,ridge,history_unavailable,29,D_B_A_K,ridge::D_B_A_K,False,17,0.4437539382006647,1520,292,0.19210526315789472,0.5161053215838596,0.16624352906489506,0.5886966779706394,0.23043360731303214,-1.0055705941601487,0.2987184481673963,21,0.019766345186607907,0.026838643179560473,0.04660498836616838,0.008683266560936344,0.04526796219634997,0.009351474581389612,0.0008028590469550956,0.020569204233563003,-0.0032031803863629207,0.005248789431481447,0.0021519827276967234,False
regular,whole,ridge|history_unavailable|budget=30,ridge,history_unavailable,30,D_B_A_K,ridge::D_B_A_K,False,17,0.4437539382006647,1520,292,0.19210526315789472,0.5161053215838596,0.16624352906489506,0.5886966779706394,0.23043360731303214,-1.0055705941601487,0.2987184481673963,21,0.019766345186607907,0.026838643179560473,0.04660498836616838,0.008683266560936344,0.04526796219634997,0.009351474581389612,0.0008028590469550956,0.020569204233563003,-0.0032031803863629207,0.005248789431481447,0.0021519827276967234,False
regular,whole,hgb|history_available|budget=00,hgb,history_available,0,H,hgb::H,True,0,0.48393828098496744,1520,292,0.19210526315789472,0.4815072912278388,0.15291665553868655,0.5738867074204632,0.21911605562212993,0.39377187862102975,1.2965683512728654,22,0.017510667147016608,-3.035455038713497e-05,0.017480312596629473,-0.00013242215149609354,7.107719021433588e-05,5.304791960900213e-05,-0.011659039104211788,0.00585162804280482,-0.026771157838134226,0.002803776154296314,0.007433169141546895,False
regular,whole,hgb|history_available|budget=01,hgb,history_available,1,H_B,hgb::H_B,True,1,0.4728432511070441,1520,292,0.19210526315789472,0.48459730756071695,0.154297680393043,0.5613663491142743,0.21050762523855257,-0.5547849682519455,0.6123125609632537,22,0.017510667147016608,0.0030596617824886208,0.02057032892950523,-0.004343457069174987,0.010449760116168622,0.003751363304738984,-0.008569022771336032,0.008941644375680576,-0.023385499228845977,0.006168139565487226,0.007247575417493083,False
regular,whole,hgb|history_available|budget=02,hgb,history_available,2,H_B_A,hgb::H_B_A,True,2,0.4711421513305405,1520,292,0.19210526315789472,0.4872309821611563,0.15537277297699342,0.5680748293248851,0.21274919026985933,-0.6752765108643951,0.5577595558423021,22,0.017510667147016608,0.0056933363829356765,0.023204003529952284,-0.0017710621204398342,0.013667442297732278,0.003856469638454403,-0.005935348170888977,0.011575318976127631,-0.01939070041491338,0.007526821888333554,0.006864792375778794,False
regular,whole,hgb|history_available|budget=03,hgb,history_available,3,H_B_A,hgb::H_B_A,True,2,0.4711421513305405,1520,292,0.19210526315789472,0.4872309821611563,0.15537277297699342,0.5680748293248851,0.21274919026985933,-0.6752765108643951,0.5577595558423021,22,0.017510667147016608,0.0056933363829356765,0.023204003529952284,-0.0017710621204398342,0.013667442297732278,0.003856469638454403,-0.005935348170888977,0.011575318976127631,-0.01939070041491338,0.007526821888333554,0.006864792375778794,False
regular,whole,hgb|history_available|budget=04,hgb,history_available,4,H_D,hgb::H_D,True,4,0.44569282903382124,1520,292,0.19210526315789472,0.5128560919652186,0.16481900052810602,0.5688849783588417,0.21081815319148345,-1.071398806056196,0.24981918655263075,22,0.017510667147016608,0.03131844618699414,0.04882911333401075,0.018012371785094985,0.04475831008166941,0.007002519809012779,0.01968976163316949,0.0372004287801861,0.006732699761400636,0.033040790350128586,0.006921358565343879,False
regular,whole,hgb|history_available|budget=05,hgb,history_available,5,H_D_A,hgb::H_D_A,True,5,0.44503237912712074,1520,292,0.19210526315789472,0.5267388746017796,0.17128094907446983,0.5543315782428272,0.20241213345354933,-1.1865294791379337,0.17846205033509516,22,0.017510667147016608,0.04520122882355487,0.06271189597057147,0.02990248814647795,0.05976271164286844,0.0074725985856705784,0.03357254426973022,0.05108321141674683,0.019898682333202442,0.04748540897182809,0.006899582261342397,False
regular,whole,hgb|history_available|budget=06,hgb,history_available,6,H_D_B_C,hgb::H_D_B_C,True,6,0.4446644717140893,1520,292,0.19210526315789472,0.51442089347136,0.1668388603282718,0.5639920128508322,0.20926776380975048,-1.0703368341428894,0.2571164184720335,22,0.017510667147016608,0.03288324769313583,0.05039391484015244,0.01963928852958735,0.04634161136753627,0.006822046224396517,0.021254563139311178,0.038765230286327786,0.009732119233728322,0.033016979319559464,0.006030579358400651,False
regular,whole,hgb|history_available|budget=07,hgb,history_available,7,H_D_B_C_A,hgb::H_D_B_C_A,True,7,0.44401148300856313,1520,292,0.19210526315789472,0.5285708258979558,0.17379255417429346,0.5604125764133685,0.2031537017671689,-1.1778429406231665,0.1895381061811917,22,0.017510667147016608,0.04703318011973018,0.06454384726674678,0.03278835357411169,0.06125917373611863,0.007368760937538837,0.035404495565905525,0.05291516271292213,0.023749944844793574,0.047101164886124286,0.005947377070630344,False
regular,whole,hgb|history_available|budget=08,hgb,history_available,8,H_D_B_C_A,hgb::H_D_B_C_A,True,7,0.44401148300856313,1520,292,0.19210526315789472,0.5285708258979558,0.17379255417429346,0.5604125764133685,0.2031537017671689,-1.1778429406231665,0.1895381061811917,22,0.017510667147016608,0.04703318011973018,0.06454384726674678,0.03278835357411169,0.06125917373611863,0.007368760937538837,0.035404495565905525,0.05291516271292213,0.023749944844793574,0.047101164886124286,0.005947377070630344,False
regular,whole,hgb|history_available|budget=09,hgb,history_available,9,H_D_B_C_A,hgb::H_D_B_C_A,True,7,0.44401148300856313,1520,292,0.19210526315789472,0.5285708258979558,0.17379255417429346,0.5604125764133685,0.2031537017671689,-1.1778429406231665,0.1895381061811917,22,0.017510667147016608,0.04703318011973018,0.06454384726674678,0.03278835357411169,0.06125917373611863,0.007368760937538837,0.035404495565905525,0.05291516271292213,0.023749944844793574,0.047101164886124286,0.005947377070630344,False
regular,whole,hgb|history_available|budget=10,hgb,history_available,10,H_D_B_C_A,hgb::H_D_B_C_A,True,7,0.44401148300856313,1520,292,0.19210526315789472,0.5285708258979558,0.17379255417429346,0.5604125764133685,0.2031537017671689,-1.1778429406231665,0.1895381061811917,22,0.017510667147016608,0.04703318011973018,0.06454384726674678,0.03278835357411169,0.06125917373611863,0.007368760937538837,0.035404495565905525,0.05291516271292213,0.023749944844793574,0.047101164886124286,0.005947377070630344,False
regular,whole,hgb|history_available|budget=11,hgb,history_available,11,H_D_B_C_A,hgb::H_D_B_C_A,True,7,0.44401148300856313,1520,292,0.19210526315789472,0.5285708258979558,0.17379255417429346,0.5604125764133685,0.2031537017671689,-1.1778429406231665,0.1895381061811917,22,0.017510667147016608,0.04703318011973018,0.06454384726674678,0.03278835357411169,0.06125917373611863,0.007368760937538837,0.035404495565905525,0.05291516271292213,0.023749944844793574,0.047101164886124286,0.005947377070630344,False
regular,whole,hgb|history_available|budget=12,hgb,history_available,12,H_D_B_C_A,hgb::H_D_B_C_A,True,7,0.44401148300856313,1520,292,0.19210526315789472,0.5285708258979558,0.17379255417429346,0.5604125764133685,0.2031537017671689,-1.1778429406231665,0.1895381061811917,22,0.017510667147016608,0.04703318011973018,0.06454384726674678,0.03278835357411169,0.06125917373611863,0.007368760937538837,0.035404495565905525,0.05291516271292213,0.023749944844793574,0.047101164886124286,0.005947377070630344,False
regular,whole,hgb|history_available|budget=13,hgb,history_available,13,H_D_B_C_A,hgb::H_D_B_C_A,True,7,0.44401148300856313,1520,292,0.19210526315789472,0.5285708258979558,0.17379255417429346,0.5604125764133685,0.2031537017671689,-1.1778429406231665,0.1895381061811917,22,0.017510667147016608,0.04703318011973018,0.06454384726674678,0.03278835357411169,0.06125917373611863,0.007368760937538837,0.035404495565905525,0.05291516271292213,0.023749944844793574,0.047101164886124286,0.005947377070630344,False
regular,whole,hgb|history_available|budget=14,hgb,history_available,14,H_D_B_C_A,hgb::H_D_B_C_A,True,7,0.44401148300856313,1520,292,0.19210526315789472,0.5285708258979558,0.17379255417429346,0.5604125764133685,0.2031537017671689,-1.1778429406231665,0.1895381061811917,22,0.017510667147016608,0.04703318011973018,0.06454384726674678,0.03278835357411169,0.06125917373611863,0.007368760937538837,0.035404495565905525,0.05291516271292213,0.023749944844793574,0.047101164886124286,0.005947377070630344,False
regular,whole,hgb|history_available|budget=15,hgb,history_available,15,H_D_P,hgb::H_D_P,True,15,0.43735022465141393,1520,292,0.19210526315789472,0.5141287092199067,0.166439849910815,0.5687776092097631,0.2142095911497241,-1.0579556851757963,0.2646743952533902,22,0.017510667147016608,0.032591063441680335,0.05010173058869694,0.018703177084734797,0.04588667205282177,0.007072874817544095,0.02096237888785568,0.03847304603487229,0.008699229900549556,0.03311791799971677,0.006207949754977733,False
regular,whole,hgb|history_available|budget=16,hgb,history_available,16,H_D_P_A,hgb::H_D_P_A,True,16,0.43602444448701694,1520,292,0.19210526315789472,0.5280902399213546,0.17334489523572194,0.5610902570166436,0.205421819670715,-1.1690418641856917,0.19494956660274707,22,0.017510667147016608,0.04655259414312879,0.06406326129014539,0.031686749923483984,0.06069272797220709,0.00753909203780753,0.034923909589304136,0.052434576736320744,0.022696794894167264,0.04726316474706979,0.006249929988837491,False
regular,whole,hgb|history_available|budget=17,hgb,history_available,17,H_D_B_P_C,hgb::H_D_B_P_C,True,17,0.4355881374064304,1520,292,0.19210526315789472,0.516198995361555,0.16800391660864913,0.5672967515951988,0.2116939442621055,-1.0760090956172887,0.2536068099320518,22,0.017510667147016608,0.03466134958332995,0.052172016730346556,0.02115390893220913,0.04792719591277916,0.006991189909673884,0.023032665029505295,0.0405433321765219,0.01325643693582199,0.033128902224758956,0.005132003281348825,False
regular,whole,hgb|history_available|budget=18,hgb,history_available,18,H_D_B_P_C,hgb::H_D_B_P_C,True,17,0.4355881374064304,1520,292,0.19210526315789472,0.516198995361555,0.16800391660864913,0.5672967515951988,0.2116939442621055,-1.0760090956172887,0.2536068099320518,22,0.017510667147016608,0.03466134958332995,0.052172016730346556,0.02115390893220913,0.04792719591277916,0.006991189909673884,0.023032665029505295,0.0405433321765219,0.01325643693582199,0.033128902224758956,0.005132003281348825,False
regular,whole,hgb|history_available|budget=19,hgb,history_available,19,H_D_B_P_C,hgb::H_D_B_P_C,True,17,0.4355881374064304,1520,292,0.19210526315789472,0.516198995361555,0.16800391660864913,0.5672967515951988,0.2116939442621055,-1.0760090956172887,0.2536068099320518,22,0.017510667147016608,0.03466134958332995,0.052172016730346556,0.02115390893220913,0.04792719591277916,0.006991189909673884,0.023032665029505295,0.0405433321765219,0.01325643693582199,0.033128902224758956,0.005132003281348825,False
regular,whole,hgb|history_available|budget=20,hgb,history_available,20,H_D_B_P_C,hgb::H_D_B_P_C,True,17,0.4355881374064304,1520,292,0.19210526315789472,0.516198995361555,0.16800391660864913,0.5672967515951988,0.2116939442621055,-1.0760090956172887,0.2536068099320518,22,0.017510667147016608,0.03466134958332995,0.052172016730346556,0.02115390893220913,0.04792719591277916,0.006991189909673884,0.023032665029505295,0.0405433321765219,0.01325643693582199,0.033128902224758956,0.005132003281348825,False
regular,whole,hgb|history_available|budget=21,hgb,history_available,21,H_D_B_P_C,hgb::H_D_B_P_C,True,17,0.4355881374064304,1520,292,0.19210526315789472,0.516198995361555,0.16800391660864913,0.5672967515951988,0.2116939442621055,-1.0760090956172887,0.2536068099320518,22,0.017510667147016608,0.03466134958332995,0.052172016730346556,0.02115390893220913,0.04792719591277916,0.006991189909673884,0.023032665029505295,0.0405433321765219,0.01325643693582199,0.033128902224758956,0.005132003281348825,False
regular,whole,hgb|history_available|budget=22,hgb,history_available,22,H_D_B_P_C,hgb::H_D_B_P_C,True,17,0.4355881374064304,1520,292,0.19210526315789472,0.516198995361555,0.16800391660864913,0.5672967515951988,0.2116939442621055,-1.0760090956172887,0.2536068099320518,22,0.017510667147016608,0.03466134958332995,0.052172016730346556,0.02115390893220913,0.04792719591277916,0.006991189909673884,0.023032665029505295,0.0405433321765219,0.01325643693582199,0.033128902224758956,0.005132003281348825,False
regular,whole,hgb|history_available|budget=23,hgb,history_available,23,H_D_B_P_C,hgb::H_D_B_P_C,True,17,0.4355881374064304,1520,292,0.19210526315789472,0.516198995361555,0.16800391660864913,0.5672967515951988,0.2116939442621055,-1.0760090956172887,0.2536068099320518,22,0.017510667147016608,0.03466134958332995,0.052172016730346556,0.02115390893220913,0.04792719591277916,0.006991189909673884,0.023032665029505295,0.0405433321765219,0.01325643693582199,0.033128902224758956,0.005132003281348825,False
regular,whole,hgb|history_available|budget=24,hgb,history_available,24,H_D_B_P_C,hgb::H_D_B_P_C,True,17,0.4355881374064304,1520,292,0.19210526315789472,0.516198995361555,0.16800391660864913,0.5672967515951988,0.2116939442621055,-1.0760090956172887,0.2536068099320518,22,0.017510667147016608,0.03466134958332995,0.052172016730346556,0.02115390893220913,0.04792719591277916,0.006991189909673884,0.023032665029505295,0.0405433321765219,0.01325643693582199,0.033128902224758956,0.005132003281348825,False
regular,whole,hgb|history_available|budget=25,hgb,history_available,25,H_D_B_P_C,hgb::H_D_B_P_C,True,17,0.4355881374064304,1520,292,0.19210526315789472,0.516198995361555,0.16800391660864913,0.5672967515951988,0.2116939442621055,-1.0760090956172887,0.2536068099320518,22,0.017510667147016608,0.03466134958332995,0.052172016730346556,0.02115390893220913,0.04792719591277916,0.006991189909673884,0.023032665029505295,0.0405433321765219,0.01325643693582199,0.033128902224758956,0.005132003281348825,False
regular,whole,hgb|history_available|budget=26,hgb,history_available,26,H_D_B_P_C,hgb::H_D_B_P_C,True,17,0.4355881374064304,1520,292,0.19210526315789472,0.516198995361555,0.16800391660864913,0.5672967515951988,0.2116939442621055,-1.0760090956172887,0.2536068099320518,22,0.017510667147016608,0.03466134958332995,0.052172016730346556,0.02115390893220913,0.04792719591277916,0.006991189909673884,0.023032665029505295,0.0405433321765219,0.01325643693582199,0.033128902224758956,0.005132003281348825,False
regular,whole,hgb|history_available|budget=27,hgb,history_available,27,H_D_B_P_K,hgb::H_D_B_P_K,True,27,0.4352168403015964,1520,292,0.19210526315789472,0.49021972599590125,0.15672515509506965,0.6168497055017624,0.2505130221752544,-0.7096661657084984,0.48155598007805567,22,0.017510667147016608,0.008682080217675192,0.0261927473646918,-0.006064801576034606,0.023306645695351274,0.007256885139066839,-0.002946604336149461,0.014564062810867147,-0.007891517584832463,0.002309801064024416,0.0025746640594315274,False
regular,whole,hgb|history_available|budget=28,hgb,history_available,28,H_D_B_P_K,hgb::H_D_B_P_K,True,27,0.4352168403015964,1520,292,0.19210526315789472,0.49021972599590125,0.15672515509506965,0.6168497055017624,0.2505130221752544,-0.7096661657084984,0.48155598007805567,22,0.017510667147016608,0.008682080217675192,0.0261927473646918,-0.006064801576034606,0.023306645695351274,0.007256885139066839,-0.002946604336149461,0.014564062810867147,-0.007891517584832463,0.002309801064024416,0.0025746640594315274,False
regular,whole,hgb|history_available|budget=29,hgb,history_available,29,H_D_B_P_K,hgb::H_D_B_P_K,True,27,0.4352168403015964,1520,292,0.19210526315789472,0.49021972599590125,0.15672515509506965,0.6168497055017624,0.2505130221752544,-0.7096661657084984,0.48155598007805567,22,0.017510667147016608,0.008682080217675192,0.0261927473646918,-0.006064801576034606,0.023306645695351274,0.007256885139066839,-0.002946604336149461,0.014564062810867147,-0.007891517584832463,0.002309801064024416,0.0025746640594315274,False
regular,whole,hgb|history_available|budget=30,hgb,history_available,30,H_D_B_P_K,hgb::H_D_B_P_K,True,27,0.4352168403015964,1520,292,0.19210526315789472,0.49021972599590125,0.15672515509506965,0.6168497055017624,0.2505130221752544,-0.7096661657084984,0.48155598007805567,22,0.017510667147016608,0.008682080217675192,0.0261927473646918,-0.006064801576034606,0.023306645695351274,0.007256885139066839,-0.002946604336149461,0.014564062810867147,-0.007891517584832463,0.002309801064024416,0.0025746640594315274,False
regular,whole,hgb|history_unavailable|budget=00,hgb,history_unavailable,0,NONE,hgb::NONE,False,0,0.48682988510277087,1520,292,0.19210526315789472,0.4892666784043059,0.15520250752497775,0.5,0.19210526315789472,,,23,0.018368689504588274,0.0,0.0,0.0,0.0,0.0,-0.007537456198856762,0.010831233305731512,-0.02294793970911705,0.0075700944376482756,0.007681004215237373,False
regular,whole,hgb|history_unavailable|budget=01,hgb,history_unavailable,1,B,hgb::B,False,1,0.4765599670766729,1520,292,0.19210526315789472,0.49374437207064903,0.15663359776121114,0.532881453304181,0.20408813302181533,-0.9788632635232074,0.3140515191920697,23,0.018368689504588274,0.004477693666352867,0.02284638317094114,-0.0033727379841920284,0.01208384480544699,0.003950103793106576,-0.0030597625325038957,0.015308926972084379,-0.017941987948965288,0.011971620576552246,0.007348867785746606,False
regular,whole,hgb|history_unavailable|budget=02,hgb,history_unavailable,2,B_A,hgb::B_A,False,2,0.47352204995587244,1520,292,0.19210526315789472,0.49727150630629324,0.15813991000886282,0.527578532863326,0.20022546663210272,-1.0357982947058213,0.2953218336097693,23,0.018368689504588274,0.008004827901986478,0.026373517406574752,-0.0011877352356650772,0.017377615024564922,0.004716779022061993,0.0004673717031297153,0.01883606120771799,-0.01322441236382171,0.013737067710369385,0.0069773197003699175,False
regular,whole,hgb|history_unavailable|budget=03,hgb,history_unavailable,3,B_M_A,hgb::B_M_A,False,3,0.4734961047016346,1520,292,0.19210526315789472,0.48919693086064714,0.15563370609060814,0.5667013408593995,0.22155617087441684,-0.7267566104389267,0.5240281859542927,23,0.018368689504588274,-6.974754365046687e-05,0.018298941960937808,-0.00862496117628316,0.008540718190610794,0.00447705812858413,-0.007607203742507229,0.010761485762081045,-0.02138937023100756,0.005945117980151449,0.006946398833097803,False
regular,whole,hgb|history_unavailable|budget=04,hgb,history_unavailable,4,D,hgb::D,False,4,0.45635682995858146,1520,292,0.19210526315789472,0.5258217736283933,0.16750189735195348,0.5182722770068269,0.194300032993542,-1.3659293975651379,0.04751246108438096,23,0.018368689504588274,0.036555095224097334,0.05492378472868561,0.021994716683556025,0.05070898597509656,0.007462646316693135,0.02901763902524057,0.047386328529828846,0.015320391097347947,0.04323878109998877,0.007232206004455587,False
regular,whole,hgb|history_unavailable|budget=05,hgb,history_unavailable,5,D_A,hgb::D_A,False,5,0.4531285285902286,1520,292,0.19210526315789472,0.5369412477862826,0.17352200277514324,0.5157553768238812,0.19100430290077403,-1.4086552212146466,0.019627439272689028,23,0.018368689504588274,0.04767456938198428,0.06604325888657256,0.03204411464150742,0.0628107648070656,0.007909304622432348,0.040137113183127515,0.05850580268771579,0.02658977760382379,0.05390757815384654,0.006862989758736892,False
regular,whole,hgb|history_unavailable|budget=06,hgb,history_unavailable,6,D_C_A,hgb::D_C_A,False,6,0.4521771466611788,1520,292,0.19210526315789472,0.5334386888514928,0.17387172329652217,0.528229719780465,0.19491764068708514,-1.334156574267404,0.0742076816366371,23,0.018368689504588274,0.0441720104471956,0.06254069995178388,0.02901579674279993,0.05908307229676114,0.007637387157711294,0.036634554248338835,0.05500324375292711,0.023601647425602022,0.05041753025101586,0.006809127226165069,False
regular,whole,hgb|history_unavailable|budget=07,hgb,history_unavailable,7,D_B_C_A,hgb::D_B_C_A,False,7,0.45118026129492866,1520,292,0.19210526315789472,0.5405918431002426,0.17712951089886997,0.5284249364151533,0.19264834226181857,-1.3702003427313547,0.048227947454068866,23,0.018368689504588274,0.05132516469594456,0.06969385420053284,0.035478881805304646,0.06664704987248651,0.007981189287698063,0.043787708497087796,0.06215639800167607,0.03187690212430646,0.055981560662643544,0.006261744296140395,False
regular,whole,hgb|history_unavailable|budget=08,hgb,history_unavailable,8,D_B_C_A,hgb::D_B_C_A,False,7,0.45118026129492866,1520,292,0.19210526315789472,0.5405918431002426,0.17712951089886997,0.5284249364151533,0.19264834226181857,-1.3702003427313547,0.048227947454068866,23,0.018368689504588274,0.05132516469594456,0.06969385420053284,0.035478881805304646,0.06664704987248651,0.007981189287698063,0.043787708497087796,0.06215639800167607,0.03187690212430646,0.055981560662643544,0.006261744296140395,False
regular,whole,hgb|history_unavailable|budget=09,hgb,history_unavailable,9,D_B_C_A,hgb::D_B_C_A,False,7,0.45118026129492866,1520,292,0.19210526315789472,0.5405918431002426,0.17712951089886997,0.5284249364151533,0.19264834226181857,-1.3702003427313547,0.048227947454068866,23,0.018368689504588274,0.05132516469594456,0.06969385420053284,0.035478881805304646,0.06664704987248651,0.007981189287698063,0.043787708497087796,0.06215639800167607,0.03187690212430646,0.055981560662643544,0.006261744296140395,False
regular,whole,hgb|history_unavailable|budget=10,hgb,history_unavailable,10,D_B_C_A,hgb::D_B_C_A,False,7,0.45118026129492866,1520,292,0.19210526315789472,0.5405918431002426,0.17712951089886997,0.5284249364151533,0.19264834226181857,-1.3702003427313547,0.048227947454068866,23,0.018368689504588274,0.05132516469594456,0.06969385420053284,0.035478881805304646,0.06664704987248651,0.007981189287698063,0.043787708497087796,0.06215639800167607,0.03187690212430646,0.055981560662643544,0.006261744296140395,False
regular,whole,hgb|history_unavailable|budget=11,hgb,history_unavailable,11,D_B_C_A,hgb::D_B_C_A,False,7,0.45118026129492866,1520,292,0.19210526315789472,0.5405918431002426,0.17712951089886997,0.5284249364151533,0.19264834226181857,-1.3702003427313547,0.048227947454068866,23,0.018368689504588274,0.05132516469594456,0.06969385420053284,0.035478881805304646,0.06664704987248651,0.007981189287698063,0.043787708497087796,0.06215639800167607,0.03187690212430646,0.055981560662643544,0.006261744296140395,False
regular,whole,hgb|history_unavailable|budget=12,hgb,history_unavailable,12,D_B_C_A,hgb::D_B_C_A,False,7,0.45118026129492866,1520,292,0.19210526315789472,0.5405918431002426,0.17712951089886997,0.5284249364151533,0.19264834226181857,-1.3702003427313547,0.048227947454068866,23,0.018368689504588274,0.05132516469594456,0.06969385420053284,0.035478881805304646,0.06664704987248651,0.007981189287698063,0.043787708497087796,0.06215639800167607,0.03187690212430646,0.055981560662643544,0.006261744296140395,False
regular,whole,hgb|history_unavailable|budget=13,hgb,history_unavailable,13,D_B_C_A,hgb::D_B_C_A,False,7,0.45118026129492866,1520,292,0.19210526315789472,0.5405918431002426,0.17712951089886997,0.5284249364151533,0.19264834226181857,-1.3702003427313547,0.048227947454068866,23,0.018368689504588274,0.05132516469594456,0.06969385420053284,0.035478881805304646,0.06664704987248651,0.007981189287698063,0.043787708497087796,0.06215639800167607,0.03187690212430646,0.055981560662643544,0.006261744296140395,False
regular,whole,hgb|history_unavailable|budget=14,hgb,history_unavailable,14,D_B_C_A,hgb::D_B_C_A,False,7,0.45118026129492866,1520,292,0.19210526315789472,0.5405918431002426,0.17712951089886997,0.5284249364151533,0.19264834226181857,-1.3702003427313547,0.048227947454068866,23,0.018368689504588274,0.05132516469594456,0.06969385420053284,0.035478881805304646,0.06664704987248651,0.007981189287698063,0.043787708497087796,0.06215639800167607,0.03187690212430646,0.055981560662643544,0.006261744296140395,False
regular,whole,hgb|history_unavailable|budget=15,hgb,history_unavailable,15,D_K,hgb::D_K,False,15,0.44496841652517655,1520,292,0.19210526315789472,0.4933563305690186,0.15604968108528297,0.5961344317522645,0.25568986864420384,-0.7697965919499025,0.4400873098060579,23,0.018368689504588274,0.004089652164720126,0.0224583416693084,-0.01093374218469947,0.019833789005930646,0.007487433356656049,-0.0034478040341366367,0.014920885470451638,-0.013356890244535315,0.006579638478523326,0.005160057595718351,False
regular,whole,hgb|history_unavailable|budget=16,hgb,history_unavailable,16,D_B_K,hgb::D_B_K,False,16,0.4435471002753364,1520,292,0.19210526315789472,0.4943937436874972,0.15730414776516127,0.6017106554816831,0.24405344479937152,-0.7828395215730252,0.4317163041847003,23,0.018368689504588274,0.005127065283199783,0.023495754787788058,-0.009795063423610032,0.020839934769939818,0.007597402090233024,-0.002410390915656979,0.015958298588931295,-0.010767879769506217,0.005978054171489266,0.004202826267086371,False
regular,whole,hgb|history_unavailable|budget=17,hgb,history_unavailable,17,D_B_C_K,hgb::D_B_C_K,False,17,0.4426518467692973,1520,292,0.19210526315789472,0.49416407800404516,0.15817859575726367,0.6024566619070991,0.23831013179293942,-0.7836086561898674,0.4378823109948582,23,0.018368689504588274,0.004897399599747498,0.023266089104335773,-0.009162845854366993,0.020074089154407757,0.007339871744373039,-0.002640056599109264,0.01572863290547901,-0.010028788527344453,0.004709325641600867,0.0037797789539079835,False
regular,whole,hgb|history_unavailable|budget=18,hgb,history_unavailable,18,D_B_C_K,hgb::D_B_C_K,False,17,0.4426518467692973,1520,292,0.19210526315789472,0.49416407800404516,0.15817859575726367,0.6024566619070991,0.23831013179293942,-0.7836086561898674,0.4378823109948582,23,0.018368689504588274,0.004897399599747498,0.023266089104335773,-0.009162845854366993,0.020074089154407757,0.007339871744373039,-0.002640056599109264,0.01572863290547901,-0.010028788527344453,0.004709325641600867,0.0037797789539079835,False
regular,whole,hgb|history_unavailable|budget=19,hgb,history_unavailable,19,D_B_C_K,hgb::D_B_C_K,False,17,0.4426518467692973,1520,292,0.19210526315789472,0.49416407800404516,0.15817859575726367,0.6024566619070991,0.23831013179293942,-0.7836086561898674,0.4378823109948582,23,0.018368689504588274,0.004897399599747498,0.023266089104335773,-0.009162845854366993,0.020074089154407757,0.007339871744373039,-0.002640056599109264,0.01572863290547901,-0.010028788527344453,0.004709325641600867,0.0037797789539079835,False
regular,whole,hgb|history_unavailable|budget=20,hgb,history_unavailable,20,D_B_C_K,hgb::D_B_C_K,False,17,0.4426518467692973,1520,292,0.19210526315789472,0.49416407800404516,0.15817859575726367,0.6024566619070991,0.23831013179293942,-0.7836086561898674,0.4378823109948582,23,0.018368689504588274,0.004897399599747498,0.023266089104335773,-0.009162845854366993,0.020074089154407757,0.007339871744373039,-0.002640056599109264,0.01572863290547901,-0.010028788527344453,0.004709325641600867,0.0037797789539079835,False
regular,whole,hgb|history_unavailable|budget=21,hgb,history_unavailable,21,D_B_C_K,hgb::D_B_C_K,False,17,0.4426518467692973,1520,292,0.19210526315789472,0.49416407800404516,0.15817859575726367,0.6024566619070991,0.23831013179293942,-0.7836086561898674,0.4378823109948582,23,0.018368689504588274,0.004897399599747498,0.023266089104335773,-0.009162845854366993,0.020074089154407757,0.007339871744373039,-0.002640056599109264,0.01572863290547901,-0.010028788527344453,0.004709325641600867,0.0037797789539079835,False
regular,whole,hgb|history_unavailable|budget=22,hgb,history_unavailable,22,D_B_C_K,hgb::D_B_C_K,False,17,0.4426518467692973,1520,292,0.19210526315789472,0.49416407800404516,0.15817859575726367,0.6024566619070991,0.23831013179293942,-0.7836086561898674,0.4378823109948582,23,0.018368689504588274,0.004897399599747498,0.023266089104335773,-0.009162845854366993,0.020074089154407757,0.007339871744373039,-0.002640056599109264,0.01572863290547901,-0.010028788527344453,0.004709325641600867,0.0037797789539079835,False
regular,whole,hgb|history_unavailable|budget=23,hgb,history_unavailable,23,D_B_C_K,hgb::D_B_C_K,False,17,0.4426518467692973,1520,292,0.19210526315789472,0.49416407800404516,0.15817859575726367,0.6024566619070991,0.23831013179293942,-0.7836086561898674,0.4378823109948582,23,0.018368689504588274,0.004897399599747498,0.023266089104335773,-0.009162845854366993,0.020074089154407757,0.007339871744373039,-0.002640056599109264,0.01572863290547901,-0.010028788527344453,0.004709325641600867,0.0037797789539079835,False
regular,whole,hgb|history_unavailable|budget=24,hgb,history_unavailable,24,D_B_C_K,hgb::D_B_C_K,False,17,0.4426518467692973,1520,292,0.19210526315789472,0.49416407800404516,0.15817859575726367,0.6024566619070991,0.23831013179293942,-0.7836086561898674,0.4378823109948582,23,0.018368689504588274,0.004897399599747498,0.023266089104335773,-0.009162845854366993,0.020074089154407757,0.007339871744373039,-0.002640056599109264,0.01572863290547901,-0.010028788527344453,0.004709325641600867,0.0037797789539079835,False
regular,whole,hgb|history_unavailable|budget=25,hgb,history_unavailable,25,D_B_C_K,hgb::D_B_C_K,False,17,0.4426518467692973,1520,292,0.19210526315789472,0.49416407800404516,0.15817859575726367,0.6024566619070991,0.23831013179293942,-0.7836086561898674,0.4378823109948582,23,0.018368689504588274,0.004897399599747498,0.023266089104335773,-0.009162845854366993,0.020074089154407757,0.007339871744373039,-0.002640056599109264,0.01572863290547901,-0.010028788527344453,0.004709325641600867,0.0037797789539079835,False
regular,whole,hgb|history_unavailable|budget=26,hgb,history_unavailable,26,D_B_C_K,hgb::D_B_C_K,False,17,0.4426518467692973,1520,292,0.19210526315789472,0.49416407800404516,0.15817859575726367,0.6024566619070991,0.23831013179293942,-0.7836086561898674,0.4378823109948582,23,0.018368689504588274,0.004897399599747498,0.023266089104335773,-0.009162845854366993,0.020074089154407757,0.007339871744373039,-0.002640056599109264,0.01572863290547901,-0.010028788527344453,0.004709325641600867,0.0037797789539079835,False
regular,whole,hgb|history_unavailable|budget=27,hgb,history_unavailable,27,D_B_P_K,hgb::D_B_P_K,False,27,0.4399632335497686,1520,292,0.19210526315789472,0.4989951782425994,0.15957037971495722,0.5925536009102673,0.23257524733404883,-0.8490417006202305,0.3860250799913545,23,0.018368689504588274,0.00972849983830143,0.028097189342889704,-0.0052869590808411,0.02498475609391976,0.007521096372218552,0.0021910436394446675,0.020559733144032942,-0.0040082935698225325,0.008848637523050916,0.0032309095465160396,False
regular,whole,hgb|history_unavailable|budget=28,hgb,history_unavailable,28,D_B_P_K,hgb::D_B_P_K,False,27,0.4399632335497686,1520,292,0.19210526315789472,0.4989951782425994,0.15957037971495722,0.5925536009102673,0.23257524733404883,-0.8490417006202305,0.3860250799913545,23,0.018368689504588274,0.00972849983830143,0.028097189342889704,-0.0052869590808411,0.02498475609391976,0.007521096372218552,0.0021910436394446675,0.020559733144032942,-0.0040082935698225325,0.008848637523050916,0.0032309095465160396,False
regular,whole,hgb|history_unavailable|budget=29,hgb,history_unavailable,29,D_B_P_K,hgb::D_B_P_K,False,27,0.4399632335497686,1520,292,0.19210526315789472,0.4989951782425994,0.15957037971495722,0.5925536009102673,0.23257524733404883,-0.8490417006202305,0.3860250799913545,23,0.018368689504588274,0.00972849983830143,0.028097189342889704,-0.0052869590808411,0.02498475609391976,0.007521096372218552,0.0021910436394446675,0.020559733144032942,-0.0040082935698225325,0.008848637523050916,0.0032309095465160396,False
regular,whole,hgb|history_unavailable|budget=30,hgb,history_unavailable,30,D_B_P_K,hgb::D_B_P_K,False,27,0.4399632335497686,1520,292,0.19210526315789472,0.4989951782425994,0.15957037971495722,0.5925536009102673,0.23257524733404883,-0.8490417006202305,0.3860250799913545,23,0.018368689504588274,0.00972849983830143,0.028097189342889704,-0.0052869590808411,0.02498475609391976,0.007521096372218552,0.0021910436394446675,0.020559733144032942,-0.0040082935698225325,0.008848637523050916,0.0032309095465160396,False
regular,disjoint,ridge|history_available|budget=00,ridge,history_available,0,H,ridge::H,True,0,0.48355918053918057,879,171,0.1945392491467577,0.49064236776274006,0.15605453945675823,0.5379125780553078,0.2074943797595136,-0.11327029390462169,0.9169897489027299,20,0.02586534996186612,-0.0006485211770975163,0.025216828784768604,-0.0026783025130804146,0.0012947016300626064,0.0010269777760721775,-0.04391300889057881,-0.018047658928712688,-0.06830730775345187,-0.02008796182347984,0.01197988548687503,False
regular,disjoint,ridge|history_available|budget=01,ridge,history_available,1,H_B,ridge::H_B,True,1,0.4771882951878859,879,171,0.1945392491467577,0.49606228444118233,0.15805364958196014,0.5308834704463608,0.20399220789367328,-0.9026932583352497,0.3581197405571427,20,0.02586534996186612,0.00477139550134037,0.03063674546320649,-0.0036755005150151676,0.013027053356859605,0.0042399700451456095,-0.03849309221214092,-0.012627742250274802,-0.06131542137843026,-0.015703656609553775,0.011528501755748606,False
regular,disjoint,ridge|history_available|budget=02,ridge,history_available,2,H_B_A,ridge::H_B_A,True,2,0.47522173215114283,879,171,0.1945392491467577,0.5034984140823655,0.16121974926226873,0.5260308256516999,0.2000490469411912,-1.1215684781219253,0.21757583394679902,20,0.02586534996186612,0.012207525142520603,0.03807287510438673,0.0025128268765014215,0.02235803089034917,0.005012540164121509,-0.03105696257096069,-0.005191612609094568,-0.052621562127779464,-0.010569401866796408,0.010575498791993022,False
regular,disjoint,ridge|history_available|budget=03,ridge,history_available,3,H_B_M_A,ridge::H_B_M_A,True,3,0.47359281684148996,879,171,0.1945392491467577,0.49973899500730307,0.159897934515171,0.545965903459213,0.2148201389290272,-0.93938729880172,0.35271549693199167,20,0.02586534996186612,0.008448106067461547,0.03431345602932767,-0.0033510681440171554,0.020607632987809026,0.005994036673937515,-0.034816381646019745,-0.008951031684153624,-0.057551940623046006,-0.013277039389241274,0.011056019382241671,False
regular,disjoint,ridge|history_available|budget=04,ridge,history_available,4,H_D,ridge::H_D,True,4,0.4535315605074981,879,171,0.1945392491467577,0.5392927784165221,0.17236609425569113,0.5152971883569564,0.20434245614234472,-1.322930182778846,0.06630102130266144,20,0.02586534996186612,0.04800188947668077,0.0738672394385469,0.02776031586162208,0.0684363406967256,0.010264552785050608,0.004737401763199478,0.0306027517250656,-0.009291586085915867,0.01869354107483151,0.007175684567159441,False
regular,disjoint,ridge|history_available|budget=05,ridge,history_available,5,H_D_B,ridge::H_D_B,True,5,0.4506049781553576,879,171,0.1945392491467577,0.5397387412369443,0.17272317800594725,0.518064228367529,0.2031771842560384,-1.283637858966709,0.09184841746098082,20,0.02586534996186612,0.04844785229710308,0.0743132022589692,0.02885194050617422,0.06916527604252144,0.01050531311463919,0.005183364583621786,0.031048714545487906,-0.007541871598876782,0.01824023935886788,0.0065565879151722566,False
regular,disjoint,ridge|history_available|budget=06,ridge,history_available,6,H_D_B_A,ridge::H_D_B_A,True,6,0.44869545671346145,879,171,0.1945392491467577,0.5587260921668803,0.18210726788247555,0.5133478706181649,0.19265263641142083,-1.3474088511219875,0.05160031219278892,20,0.02586534996186612,0.06743520322703828,0.0933005531889044,0.04487120256167534,0.09031834858407123,0.011579150746897655,0.024170715513556984,0.05003606547542311,0.013633124184606518,0.03445735683093373,0.0052798603991828005,False
regular,disjoint,ridge|history_available|budget=07,ridge,history_available,7,H_D_B_A,ridge::H_D_B_A,True,6,0.44869545671346145,879,171,0.1945392491467577,0.5587260921668803,0.18210726788247555,0.5133478706181649,0.19265263641142083,-1.3474088511219875,0.05160031219278892,20,0.02586534996186612,0.06743520322703828,0.0933005531889044,0.04487120256167534,0.09031834858407123,0.011579150746897655,0.024170715513556984,0.05003606547542311,0.013633124184606518,0.03445735683093373,0.0052798603991828005,False
regular,disjoint,ridge|history_available|budget=08,ridge,history_available,8,H_D_B_A,ridge::H_D_B_A,True,6,0.44869545671346145,879,171,0.1945392491467577,0.5587260921668803,0.18210726788247555,0.5133478706181649,0.19265263641142083,-1.3474088511219875,0.05160031219278892,20,0.02586534996186612,0.06743520322703828,0.0933005531889044,0.04487120256167534,0.09031834858407123,0.011579150746897655,0.024170715513556984,0.05003606547542311,0.013633124184606518,0.03445735683093373,0.0052798603991828005,False
regular,disjoint,ridge|history_available|budget=09,ridge,history_available,9,H_D_B_A,ridge::H_D_B_A,True,6,0.44869545671346145,879,171,0.1945392491467577,0.5587260921668803,0.18210726788247555,0.5133478706181649,0.19265263641142083,-1.3474088511219875,0.05160031219278892,20,0.02586534996186612,0.06743520322703828,0.0933005531889044,0.04487120256167534,0.09031834858407123,0.011579150746897655,0.024170715513556984,0.05003606547542311,0.013633124184606518,0.03445735683093373,0.0052798603991828005,False
regular,disjoint,ridge|history_available|budget=10,ridge,history_available,10,H_D_B_A,ridge::H_D_B_A,True,6,0.44869545671346145,879,171,0.1945392491467577,0.5587260921668803,0.18210726788247555,0.5133478706181649,0.19265263641142083,-1.3474088511219875,0.05160031219278892,20,0.02586534996186612,0.06743520322703828,0.0933005531889044,0.04487120256167534,0.09031834858407123,0.011579150746897655,0.024170715513556984,0.05003606547542311,0.013633124184606518,0.03445735683093373,0.0052798603991828005,False
regular,disjoint,ridge|history_available|budget=11,ridge,history_available,11,H_D_B_A,ridge::H_D_B_A,True,6,0.44869545671346145,879,171,0.1945392491467577,0.5587260921668803,0.18210726788247555,0.5133478706181649,0.19265263641142083,-1.3474088511219875,0.05160031219278892,20,0.02586534996186612,0.06743520322703828,0.0933005531889044,0.04487120256167534,0.09031834858407123,0.011579150746897655,0.024170715513556984,0.05003606547542311,0.013633124184606518,0.03445735683093373,0.0052798603991828005,False
regular,disjoint,ridge|history_available|budget=12,ridge,history_available,12,H_D_B_A,ridge::H_D_B_A,True,6,0.44869545671346145,879,171,0.1945392491467577,0.5587260921668803,0.18210726788247555,0.5133478706181649,0.19265263641142083,-1.3474088511219875,0.05160031219278892,20,0.02586534996186612,0.06743520322703828,0.0933005531889044,0.04487120256167534,0.09031834858407123,0.011579150746897655,0.024170715513556984,0.05003606547542311,0.013633124184606518,0.03445735683093373,0.0052798603991828005,False
regular,disjoint,ridge|history_available|budget=13,ridge,history_available,13,H_D_B_A,ridge::H_D_B_A,True,6,0.44869545671346145,879,171,0.1945392491467577,0.5587260921668803,0.18210726788247555,0.5133478706181649,0.19265263641142083,-1.3474088511219875,0.05160031219278892,20,0.02586534996186612,0.06743520322703828,0.0933005531889044,0.04487120256167534,0.09031834858407123,0.011579150746897655,0.024170715513556984,0.05003606547542311,0.013633124184606518,0.03445735683093373,0.0052798603991828005,False
regular,disjoint,ridge|history_available|budget=14,ridge,history_available,14,H_D_B_A,ridge::H_D_B_A,True,6,0.44869545671346145,879,171,0.1945392491467577,0.5587260921668803,0.18210726788247555,0.5133478706181649,0.19265263641142083,-1.3474088511219875,0.05160031219278892,20,0.02586534996186612,0.06743520322703828,0.0933005531889044,0.04487120256167534,0.09031834858407123,0.011579150746897655,0.024170715513556984,0.05003606547542311,0.013633124184606518,0.03445735683093373,0.0052798603991828005,False
regular,disjoint,ridge|history_available|budget=15,ridge,history_available,15,H_D_K,ridge::H_D_K,True,15,0.44673349185890315,879,171,0.1945392491467577,0.5174263649995088,0.1637126486821946,0.5725129679188554,0.2341520380802317,-0.9971320900200694,0.2672135257367376,20,0.02586534996186612,0.026135476059668206,0.05200082602153433,0.0050604599665807215,0.04773429054349218,0.010948854284650571,-0.017129011653813087,0.008736338308053034,-0.028293643051269135,-0.0061717318947688005,0.005559459205912231,False
regular,disjoint,ridge|history_available|budget=16,ridge,history_available,16,H_D_A_K,ridge::H_D_A_K,True,16,0.44461576392117635,879,171,0.1945392491467577,0.5334087750651215,0.1707894721943299,0.5604866686490236,0.22029528206417306,-1.1188360450642796,0.19938577792076828,20,0.02586534996186612,0.04211788612527917,0.0679832360871453,0.01912207662786996,0.0658332650639347,0.011967429174243878,-0.001146601588202123,0.024718748373663998,-0.009558413551016193,0.007482927168896951,0.004281798315562136,False
regular,disjoint,ridge|history_available|budget=17,ridge,history_available,17,H_D_B_A_K,ridge::H_D_B_A_K,True,17,0.4426349509279068,879,171,0.1945392491467577,0.5351934093459418,0.17184090887056203,0.5609450887104768,0.21734435265640367,-1.1158765350177486,0.20043050287981673,20,0.02586534996186612,0.043902520406100154,0.06976787036796628,0.02059444516856177,0.06751048266786064,0.012017496174552946,0.0006380326926188618,0.026503382654484983,-0.005060292299062952,0.0064234575964005275,0.0029974287336126345,False
regular,disjoint,ridge|history_available|budget=18,ridge,history_available,18,H_D_B_A_K,ridge::H_D_B_A_K,True,17,0.4426349509279068,879,171,0.1945392491467577,0.5351934093459418,0.17184090887056203,0.5609450887104768,0.21734435265640367,-1.1158765350177486,0.20043050287981673,20,0.02586534996186612,0.043902520406100154,0.06976787036796628,0.02059444516856177,0.06751048266786064,0.012017496174552946,0.0006380326926188618,0.026503382654484983,-0.005060292299062952,0.0064234575964005275,0.0029974287336126345,False
regular,disjoint,ridge|history_available|budget=19,ridge,history_available,19,H_D_B_A_K,ridge::H_D_B_A_K,True,17,0.4426349509279068,879,171,0.1945392491467577,0.5351934093459418,0.17184090887056203,0.5609450887104768,0.21734435265640367,-1.1158765350177486,0.20043050287981673,20,0.02586534996186612,0.043902520406100154,0.06976787036796628,0.02059444516856177,0.06751048266786064,0.012017496174552946,0.0006380326926188618,0.026503382654484983,-0.005060292299062952,0.0064234575964005275,0.0029974287336126345,False
regular,disjoint,ridge|history_available|budget=20,ridge,history_available,20,H_D_B_A_K,ridge::H_D_B_A_K,True,17,0.4426349509279068,879,171,0.1945392491467577,0.5351934093459418,0.17184090887056203,0.5609450887104768,0.21734435265640367,-1.1158765350177486,0.20043050287981673,20,0.02586534996186612,0.043902520406100154,0.06976787036796628,0.02059444516856177,0.06751048266786064,0.012017496174552946,0.0006380326926188618,0.026503382654484983,-0.005060292299062952,0.0064234575964005275,0.0029974287336126345,False
regular,disjoint,ridge|history_available|budget=21,ridge,history_available,21,H_D_B_A_K,ridge::H_D_B_A_K,True,17,0.4426349509279068,879,171,0.1945392491467577,0.5351934093459418,0.17184090887056203,0.5609450887104768,0.21734435265640367,-1.1158765350177486,0.20043050287981673,20,0.02586534996186612,0.043902520406100154,0.06976787036796628,0.02059444516856177,0.06751048266786064,0.012017496174552946,0.0006380326926188618,0.026503382654484983,-0.005060292299062952,0.0064234575964005275,0.0029974287336126345,False
regular,disjoint,ridge|history_available|budget=22,ridge,history_available,22,H_D_B_A_K,ridge::H_D_B_A_K,True,17,0.4426349509279068,879,171,0.1945392491467577,0.5351934093459418,0.17184090887056203,0.5609450887104768,0.21734435265640367,-1.1158765350177486,0.20043050287981673,20,0.02586534996186612,0.043902520406100154,0.06976787036796628,0.02059444516856177,0.06751048266786064,0.012017496174552946,0.0006380326926188618,0.026503382654484983,-0.005060292299062952,0.0064234575964005275,0.0029974287336126345,False
regular,disjoint,ridge|history_available|budget=23,ridge,history_available,23,H_D_B_A_K,ridge::H_D_B_A_K,True,17,0.4426349509279068,879,171,0.1945392491467577,0.5351934093459418,0.17184090887056203,0.5609450887104768,0.21734435265640367,-1.1158765350177486,0.20043050287981673,20,0.02586534996186612,0.043902520406100154,0.06976787036796628,0.02059444516856177,0.06751048266786064,0.012017496174552946,0.0006380326926188618,0.026503382654484983,-0.005060292299062952,0.0064234575964005275,0.0029974287336126345,False
regular,disjoint,ridge|history_available|budget=24,ridge,history_available,24,H_D_B_A_K,ridge::H_D_B_A_K,True,17,0.4426349509279068,879,171,0.1945392491467577,0.5351934093459418,0.17184090887056203,0.5609450887104768,0.21734435265640367,-1.1158765350177486,0.20043050287981673,20,0.02586534996186612,0.043902520406100154,0.06976787036796628,0.02059444516856177,0.06751048266786064,0.012017496174552946,0.0006380326926188618,0.026503382654484983,-0.005060292299062952,0.0064234575964005275,0.0029974287336126345,False
regular,disjoint,ridge|history_available|budget=25,ridge,history_available,25,H_D_B_A_K,ridge::H_D_B_A_K,True,17,0.4426349509279068,879,171,0.1945392491467577,0.5351934093459418,0.17184090887056203,0.5609450887104768,0.21734435265640367,-1.1158765350177486,0.20043050287981673,20,0.02586534996186612,0.043902520406100154,0.06976787036796628,0.02059444516856177,0.06751048266786064,0.012017496174552946,0.0006380326926188618,0.026503382654484983,-0.005060292299062952,0.0064234575964005275,0.0029974287336126345,False
regular,disjoint,ridge|history_available|budget=26,ridge,history_available,26,H_D_B_A_K,ridge::H_D_B_A_K,True,17,0.4426349509279068,879,171,0.1945392491467577,0.5351934093459418,0.17184090887056203,0.5609450887104768,0.21734435265640367,-1.1158765350177486,0.20043050287981673,20,0.02586534996186612,0.043902520406100154,0.06976787036796628,0.02059444516856177,0.06751048266786064,0.012017496174552946,0.0006380326926188618,0.026503382654484983,-0.005060292299062952,0.0064234575964005275,0.0029974287336126345,False
regular,disjoint,ridge|history_available|budget=27,ridge,history_available,27,H_D_B_A_K,ridge::H_D_B_A_K,True,17,0.4426349509279068,879,171,0.1945392491467577,0.5351934093459418,0.17184090887056203,0.5609450887104768,0.21734435265640367,-1.1158765350177486,0.20043050287981673,20,0.02586534996186612,0.043902520406100154,0.06976787036796628,0.02059444516856177,0.06751048266786064,0.012017496174552946,0.0006380326926188618,0.026503382654484983,-0.005060292299062952,0.0064234575964005275,0.0029974287336126345,False
regular,disjoint,ridge|history_available|budget=28,ridge,history_available,28,H_D_B_A_K,ridge::H_D_B_A_K,True,17,0.4426349509279068,879,171,0.1945392491467577,0.5351934093459418,0.17184090887056203,0.5609450887104768,0.21734435265640367,-1.1158765350177486,0.20043050287981673,20,0.02586534996186612,0.043902520406100154,0.06976787036796628,0.02059444516856177,0.06751048266786064,0.012017496174552946,0.0006380326926188618,0.026503382654484983,-0.005060292299062952,0.0064234575964005275,0.0029974287336126345,False
regular,disjoint,ridge|history_available|budget=29,ridge,history_available,29,H_D_B_A_K,ridge::H_D_B_A_K,True,17,0.4426349509279068,879,171,0.1945392491467577,0.5351934093459418,0.17184090887056203,0.5609450887104768,0.21734435265640367,-1.1158765350177486,0.20043050287981673,20,0.02586534996186612,0.043902520406100154,0.06976787036796628,0.02059444516856177,0.06751048266786064,0.012017496174552946,0.0006380326926188618,0.026503382654484983,-0.005060292299062952,0.0064234575964005275,0.0029974287336126345,False
regular,disjoint,ridge|history_available|budget=30,ridge,history_available,30,H_D_B_A_K,ridge::H_D_B_A_K,True,17,0.4426349509279068,879,171,0.1945392491467577,0.5351934093459418,0.17184090887056203,0.5609450887104768,0.21734435265640367,-1.1158765350177486,0.20043050287981673,20,0.02586534996186612,0.043902520406100154,0.06976787036796628,0.02059444516856177,0.06751048266786064,0.012017496174552946,0.0006380326926188618,0.026503382654484983,-0.005060292299062952,0.0064234575964005275,0.0029974287336126345,False
regular,disjoint,ridge|history_unavailable|budget=00,ridge,history_unavailable,0,NONE,ridge::NONE,False,0,0.48682988510277087,879,171,0.1945392491467577,0.49278318589663,0.15670763351298547,0.5,0.1945392491467577,,,21,0.026599729992126713,0.0,0.0,0.0,0.0,0.0,-0.0395803748212718,-0.012980644829145089,-0.06412620280611599,-0.015844214778258377,0.012184192049147462,False
regular,disjoint,ridge|history_unavailable|budget=01,ridge,history_unavailable,1,B,ridge::B,False,1,0.47836982516873877,879,171,0.1945392491467577,0.4977029004113393,0.1580988743468423,0.5196914130901642,0.20148484381143722,-1.0771244666062698,0.23386284757938922,21,0.026599729992126713,0.004919714514699969,0.031519444506826685,-0.004149703227064332,0.01431512770055909,0.004683559588618638,-0.03466066030657183,-0.00806093031444512,-0.057844674723967975,-0.01134393105326966,0.011703671111800455,False
regular,disjoint,ridge|history_unavailable|budget=02,ridge,history_unavailable,2,B_A,ridge::B_A,False,2,0.4760069459526036,879,171,0.1945392491467577,0.5044740698531763,0.16096900602592007,0.5149172365943107,0.19898441273126252,-1.2607524128564718,0.11548195814296229,21,0.026599729992126713,0.011690883956542775,0.03829061394866949,0.0008247159041609054,0.022498725440241528,0.00554764382405082,-0.027889490864729027,-0.0012897608726023142,-0.04928810998370341,-0.0075186820991997695,0.010622234404328511,False
regular,disjoint,ridge|history_unavailable|budget=03,ridge,history_unavailable,3,B_M_A,ridge::B_M_A,False,3,0.4740775615749651,879,171,0.1945392491467577,0.5006105676109636,0.1596389924938264,0.5413775729342188,0.21820736071028624,-0.9973579684916666,0.30824179323823525,21,0.026599729992126713,0.007827381714327564,0.03442711170645428,-0.004951634348365358,0.020552143971193638,0.0065229126452821555,-0.03175299310694424,-0.005153263114817525,-0.0546590144752951,-0.010743957412813506,0.011078382050923768,False
regular,disjoint,ridge|history_unavailable|budget=04,ridge,history_unavailable,4,D,ridge::D,False,4,0.4574118701497685,879,171,0.1945392491467577,0.5378915959457742,0.17070915352044508,0.4898073809759804,0.19367889682834072,-1.436149959321751,-0.010163470881041787,21,0.026599729992126713,0.04510841004913907,0.07170814004126579,0.02466543970656693,0.06602935627959888,0.01042852047348335,0.005528035227867267,0.032127765219993984,-0.009756621133041802,0.021217649696925557,0.00787100368401574,False
regular,disjoint,ridge|history_unavailable|budget=05,ridge,history_unavailable,5,D_B,ridge::D_B,False,5,0.4531181739713088,879,171,0.1945392491467577,0.5386091656895604,0.17077005123983818,0.5070332375194107,0.19762874946064002,-1.3558735776568258,0.04245034598330229,21,0.026599729992126713,0.04582597979292574,0.07242570978505246,0.025269928672607207,0.06706130859318461,0.010959338848120373,0.00624560497165394,0.032845334963780656,-0.007539219952295037,0.020577813674344688,0.007203764339839373,False
regular,disjoint,ridge|history_unavailable|budget=06,ridge,history_unavailable,6,D_B_A,ridge::D_B_A,False,6,0.4508504505652878,879,171,0.1945392491467577,0.5567195413354133,0.18030359743284322,0.5004749397033073,0.18814038188856325,-1.4060191320400866,0.010110230660579034,21,0.026599729992126713,0.06393635543877835,0.09053608543090506,0.04093843648855291,0.08739969823569622,0.01184728871019311,0.024355980617506545,0.05095571060963326,0.013365295144992791,0.03555014413140774,0.005574560190987634,False
regular,disjoint,ridge|history_unavailable|budget=07,ridge,history_unavailable,7,D_B_M_A,ridge::D_B_M_A,False,7,0.450829043059727,879,171,0.1945392491467577,0.5501423372540947,0.17763417333702505,0.5136617438133941,0.19870126938424326,-1.348213481509603,0.05017146659326607,21,0.026599729992126713,0.05735915135745978,0.0839588813495865,0.034715533332348975,0.0806950167750902,0.011806892899671703,0.01777877653618798,0.044378506528314696,0.006963392198712909,0.02855017494081198,0.005510392547100202,False
regular,disjoint,ridge|history_unavailable|budget=08,ridge,history_unavailable,8,D_B_M_A,ridge::D_B_M_A,False,7,0.450829043059727,879,171,0.1945392491467577,0.5501423372540947,0.17763417333702505,0.5136617438133941,0.19870126938424326,-1.348213481509603,0.05017146659326607,21,0.026599729992126713,0.05735915135745978,0.0839588813495865,0.034715533332348975,0.0806950167750902,0.011806892899671703,0.01777877653618798,0.044378506528314696,0.006963392198712909,0.02855017494081198,0.005510392547100202,False
regular,disjoint,ridge|history_unavailable|budget=09,ridge,history_unavailable,9,D_B_M_A,ridge::D_B_M_A,False,7,0.450829043059727,879,171,0.1945392491467577,0.5501423372540947,0.17763417333702505,0.5136617438133941,0.19870126938424326,-1.348213481509603,0.05017146659326607,21,0.026599729992126713,0.05735915135745978,0.0839588813495865,0.034715533332348975,0.0806950167750902,0.011806892899671703,0.01777877653618798,0.044378506528314696,0.006963392198712909,0.02855017494081198,0.005510392547100202,False
regular,disjoint,ridge|history_unavailable|budget=10,ridge,history_unavailable,10,D_B_M_A,ridge::D_B_M_A,False,7,0.450829043059727,879,171,0.1945392491467577,0.5501423372540947,0.17763417333702505,0.5136617438133941,0.19870126938424326,-1.348213481509603,0.05017146659326607,21,0.026599729992126713,0.05735915135745978,0.0839588813495865,0.034715533332348975,0.0806950167750902,0.011806892899671703,0.01777877653618798,0.044378506528314696,0.006963392198712909,0.02855017494081198,0.005510392547100202,False
regular,disjoint,ridge|history_unavailable|budget=11,ridge,history_unavailable,11,D_B_M_A,ridge::D_B_M_A,False,7,0.450829043059727,879,171,0.1945392491467577,0.5501423372540947,0.17763417333702505,0.5136617438133941,0.19870126938424326,-1.348213481509603,0.05017146659326607,21,0.026599729992126713,0.05735915135745978,0.0839588813495865,0.034715533332348975,0.0806950167750902,0.011806892899671703,0.01777877653618798,0.044378506528314696,0.006963392198712909,0.02855017494081198,0.005510392547100202,False
regular,disjoint,ridge|history_unavailable|budget=12,ridge,history_unavailable,12,D_B_M_A,ridge::D_B_M_A,False,7,0.450829043059727,879,171,0.1945392491467577,0.5501423372540947,0.17763417333702505,0.5136617438133941,0.19870126938424326,-1.348213481509603,0.05017146659326607,21,0.026599729992126713,0.05735915135745978,0.0839588813495865,0.034715533332348975,0.0806950167750902,0.011806892899671703,0.01777877653618798,0.044378506528314696,0.006963392198712909,0.02855017494081198,0.005510392547100202,False
regular,disjoint,ridge|history_unavailable|budget=13,ridge,history_unavailable,13,D_B_M_A,ridge::D_B_M_A,False,7,0.450829043059727,879,171,0.1945392491467577,0.5501423372540947,0.17763417333702505,0.5136617438133941,0.19870126938424326,-1.348213481509603,0.05017146659326607,21,0.026599729992126713,0.05735915135745978,0.0839588813495865,0.034715533332348975,0.0806950167750902,0.011806892899671703,0.01777877653618798,0.044378506528314696,0.006963392198712909,0.02855017494081198,0.005510392547100202,False
regular,disjoint,ridge|history_unavailable|budget=14,ridge,history_unavailable,14,D_B_M_A,ridge::D_B_M_A,False,7,0.450829043059727,879,171,0.1945392491467577,0.5501423372540947,0.17763417333702505,0.5136617438133941,0.19870126938424326,-1.348213481509603,0.05017146659326607,21,0.026599729992126713,0.05735915135745978,0.0839588813495865,0.034715533332348975,0.0806950167750902,0.011806892899671703,0.01777877653618798,0.044378506528314696,0.006963392198712909,0.02855017494081198,0.005510392547100202,False
regular,disjoint,ridge|history_unavailable|budget=15,ridge,history_unavailable,15,D_K,ridge::D_K,False,15,0.4490996608581511,879,171,0.1945392491467577,0.5171251830520002,0.16281929020751473,0.5602636534839924,0.2321422353059932,-1.0156963042691038,0.24920633066996714,21,0.026599729992126713,0.024341997155364725,0.05094172714749144,0.0030642387059479415,0.04743998588140956,0.011333131682103734,-0.015238377665907077,0.011361352326219636,-0.027430833240237283,-0.0028542997705172136,0.0061955319637985885,False
regular,disjoint,ridge|history_unavailable|budget=16,ridge,history_unavailable,16,D_B_K,ridge::D_B_K,False,16,0.44601389412055115,879,171,0.1945392491467577,0.5180184243644196,0.1633391848037949,0.5672845012720125,0.2281561548043759,-1.0012001504781134,0.2577338707399636,21,0.026599729992126713,0.02523523846778558,0.0518349684599123,0.003583126306723937,0.04865314376542656,0.011470546453684366,-0.01434513635348622,0.012254593638640492,-0.024285382622976956,-0.0038387627693397324,0.005219723579259484,False
regular,disjoint,ridge|history_unavailable|budget=17,ridge,history_unavailable,17,D_B_A_K,ridge::D_B_A_K,False,17,0.4437539382006647,879,171,0.1945392491467577,0.5341370405572865,0.17046181658023662,0.5520451316615456,0.21720953597438625,-1.1321750554467227,0.18673329389934923,21,0.026599729992126713,0.041353854660651945,0.06795358465277866,0.017511422106001734,0.0657963460893604,0.01243188333180008,0.0017734798393801432,0.028373209831506856,-0.004443856720961173,0.00799815343445632,0.003193980842643815,False
regular,disjoint,ridge|history_unavailable|budget=18,ridge,history_unavailable,18,D_B_A_K,ridge::D_B_A_K,False,17,0.4437539382006647,879,171,0.1945392491467577,0.5341370405572865,0.17046181658023662,0.5520451316615456,0.21720953597438625,-1.1321750554467227,0.18673329389934923,21,0.026599729992126713,0.041353854660651945,0.06795358465277866,0.017511422106001734,0.0657963460893604,0.01243188333180008,0.0017734798393801432,0.028373209831506856,-0.004443856720961173,0.00799815343445632,0.003193980842643815,False
regular,disjoint,ridge|history_unavailable|budget=19,ridge,history_unavailable,19,D_B_A_K,ridge::D_B_A_K,False,17,0.4437539382006647,879,171,0.1945392491467577,0.5341370405572865,0.17046181658023662,0.5520451316615456,0.21720953597438625,-1.1321750554467227,0.18673329389934923,21,0.026599729992126713,0.041353854660651945,0.06795358465277866,0.017511422106001734,0.0657963460893604,0.01243188333180008,0.0017734798393801432,0.028373209831506856,-0.004443856720961173,0.00799815343445632,0.003193980842643815,False
regular,disjoint,ridge|history_unavailable|budget=20,ridge,history_unavailable,20,D_B_A_K,ridge::D_B_A_K,False,17,0.4437539382006647,879,171,0.1945392491467577,0.5341370405572865,0.17046181658023662,0.5520451316615456,0.21720953597438625,-1.1321750554467227,0.18673329389934923,21,0.026599729992126713,0.041353854660651945,0.06795358465277866,0.017511422106001734,0.0657963460893604,0.01243188333180008,0.0017734798393801432,0.028373209831506856,-0.004443856720961173,0.00799815343445632,0.003193980842643815,False
regular,disjoint,ridge|history_unavailable|budget=21,ridge,history_unavailable,21,D_B_A_K,ridge::D_B_A_K,False,17,0.4437539382006647,879,171,0.1945392491467577,0.5341370405572865,0.17046181658023662,0.5520451316615456,0.21720953597438625,-1.1321750554467227,0.18673329389934923,21,0.026599729992126713,0.041353854660651945,0.06795358465277866,0.017511422106001734,0.0657963460893604,0.01243188333180008,0.0017734798393801432,0.028373209831506856,-0.004443856720961173,0.00799815343445632,0.003193980842643815,False
regular,disjoint,ridge|history_unavailable|budget=22,ridge,history_unavailable,22,D_B_A_K,ridge::D_B_A_K,False,17,0.4437539382006647,879,171,0.1945392491467577,0.5341370405572865,0.17046181658023662,0.5520451316615456,0.21720953597438625,-1.1321750554467227,0.18673329389934923,21,0.026599729992126713,0.041353854660651945,0.06795358465277866,0.017511422106001734,0.0657963460893604,0.01243188333180008,0.0017734798393801432,0.028373209831506856,-0.004443856720961173,0.00799815343445632,0.003193980842643815,False
regular,disjoint,ridge|history_unavailable|budget=23,ridge,history_unavailable,23,D_B_A_K,ridge::D_B_A_K,False,17,0.4437539382006647,879,171,0.1945392491467577,0.5341370405572865,0.17046181658023662,0.5520451316615456,0.21720953597438625,-1.1321750554467227,0.18673329389934923,21,0.026599729992126713,0.041353854660651945,0.06795358465277866,0.017511422106001734,0.0657963460893604,0.01243188333180008,0.0017734798393801432,0.028373209831506856,-0.004443856720961173,0.00799815343445632,0.003193980842643815,False
regular,disjoint,ridge|history_unavailable|budget=24,ridge,history_unavailable,24,D_B_A_K,ridge::D_B_A_K,False,17,0.4437539382006647,879,171,0.1945392491467577,0.5341370405572865,0.17046181658023662,0.5520451316615456,0.21720953597438625,-1.1321750554467227,0.18673329389934923,21,0.026599729992126713,0.041353854660651945,0.06795358465277866,0.017511422106001734,0.0657963460893604,0.01243188333180008,0.0017734798393801432,0.028373209831506856,-0.004443856720961173,0.00799815343445632,0.003193980842643815,False
regular,disjoint,ridge|history_unavailable|budget=25,ridge,history_unavailable,25,D_B_A_K,ridge::D_B_A_K,False,17,0.4437539382006647,879,171,0.1945392491467577,0.5341370405572865,0.17046181658023662,0.5520451316615456,0.21720953597438625,-1.1321750554467227,0.18673329389934923,21,0.026599729992126713,0.041353854660651945,0.06795358465277866,0.017511422106001734,0.0657963460893604,0.01243188333180008,0.0017734798393801432,0.028373209831506856,-0.004443856720961173,0.00799815343445632,0.003193980842643815,False
regular,disjoint,ridge|history_unavailable|budget=26,ridge,history_unavailable,26,D_B_A_K,ridge::D_B_A_K,False,17,0.4437539382006647,879,171,0.1945392491467577,0.5341370405572865,0.17046181658023662,0.5520451316615456,0.21720953597438625,-1.1321750554467227,0.18673329389934923,21,0.026599729992126713,0.041353854660651945,0.06795358465277866,0.017511422106001734,0.0657963460893604,0.01243188333180008,0.0017734798393801432,0.028373209831506856,-0.004443856720961173,0.00799815343445632,0.003193980842643815,False
regular,disjoint,ridge|history_unavailable|budget=27,ridge,history_unavailable,27,D_B_A_K,ridge::D_B_A_K,False,17,0.4437539382006647,879,171,0.1945392491467577,0.5341370405572865,0.17046181658023662,0.5520451316615456,0.21720953597438625,-1.1321750554467227,0.18673329389934923,21,0.026599729992126713,0.041353854660651945,0.06795358465277866,0.017511422106001734,0.0657963460893604,0.01243188333180008,0.0017734798393801432,0.028373209831506856,-0.004443856720961173,0.00799815343445632,0.003193980842643815,False
regular,disjoint,ridge|history_unavailable|budget=28,ridge,history_unavailable,28,D_B_A_K,ridge::D_B_A_K,False,17,0.4437539382006647,879,171,0.1945392491467577,0.5341370405572865,0.17046181658023662,0.5520451316615456,0.21720953597438625,-1.1321750554467227,0.18673329389934923,21,0.026599729992126713,0.041353854660651945,0.06795358465277866,0.017511422106001734,0.0657963460893604,0.01243188333180008,0.0017734798393801432,0.028373209831506856,-0.004443856720961173,0.00799815343445632,0.003193980842643815,False
regular,disjoint,ridge|history_unavailable|budget=29,ridge,history_unavailable,29,D_B_A_K,ridge::D_B_A_K,False,17,0.4437539382006647,879,171,0.1945392491467577,0.5341370405572865,0.17046181658023662,0.5520451316615456,0.21720953597438625,-1.1321750554467227,0.18673329389934923,21,0.026599729992126713,0.041353854660651945,0.06795358465277866,0.017511422106001734,0.0657963460893604,0.01243188333180008,0.0017734798393801432,0.028373209831506856,-0.004443856720961173,0.00799815343445632,0.003193980842643815,False
regular,disjoint,ridge|history_unavailable|budget=30,ridge,history_unavailable,30,D_B_A_K,ridge::D_B_A_K,False,17,0.4437539382006647,879,171,0.1945392491467577,0.5341370405572865,0.17046181658023662,0.5520451316615456,0.21720953597438625,-1.1321750554467227,0.18673329389934923,21,0.026599729992126713,0.041353854660651945,0.06795358465277866,0.017511422106001734,0.0657963460893604,0.01243188333180008,0.0017734798393801432,0.028373209831506856,-0.004443856720961173,0.00799815343445632,0.003193980842643815,False
regular,disjoint,hgb|history_available|budget=00,hgb,history_available,0,H,hgb::H,True,0,0.48393828098496744,879,171,0.1945392491467577,0.49130271973832523,0.15623748788075928,0.5379125780553078,0.2074943797595136,-0.5213877869314824,0.6316780873868023,22,0.024504386688742618,1.1830798480993998e-05,0.024516217487223612,-0.00013178785623297468,0.0001504567985594895,7.258020600293827e-05,-0.026247201363465755,-0.0017428146747231373,-0.046248273399454816,-0.006624569932718906,0.010141095247129061,False
regular,disjoint,hgb|history_available|budget=01,hgb,history_available,1,H_B,hgb::H_B,True,1,0.4728432511070441,879,171,0.1945392491467577,0.49403494427453704,0.1572545862742117,0.5514132553606238,0.21275862373189167,-0.7736238782729576,0.44556211689167186,22,0.024504386688742618,0.0027440553346952945,0.027248442023437913,-0.007880220981497625,0.013369366943320296,0.005403196304852042,-0.023514976827251455,0.0009894098614911633,-0.0427314741578793,-0.00505148943646364,0.009643265627000958,False
regular,disjoint,hgb|history_available|budget=02,hgb,history_available,2,H_B_A,hgb::H_B_A,True,2,0.4711421513305405,879,171,0.1945392491467577,0.49871041837715574,0.15903301627702887,0.5367396834836621,0.20137330773418627,-0.9391775746305124,0.34896884525502403,22,0.024504386688742618,0.007419529437315664,0.031923916126058285,-0.0030595390687002204,0.018525780644669886,0.005475368913381654,-0.018839502724631085,0.005664883964111533,-0.037323669826618736,-0.0008049222491274493,0.00928858901165421,False
regular,disjoint,hgb|history_available|budget=03,hgb,history_available,3,H_B_A,hgb::H_B_A,True,2,0.4711421513305405,879,171,0.1945392491467577,0.49871041837715574,0.15903301627702887,0.5367396834836621,0.20137330773418627,-0.9391775746305124,0.34896884525502403,22,0.024504386688742618,0.007419529437315664,0.031923916126058285,-0.0030595390687002204,0.018525780644669886,0.005475368913381654,-0.018839502724631085,0.005664883964111533,-0.037323669826618736,-0.0008049222491274493,0.00928858901165421,False
regular,disjoint,hgb|history_available|budget=04,hgb,history_available,4,H_D,hgb::H_D,True,4,0.44569282903382124,879,171,0.1945392491467577,0.5325643548842128,0.17003705187047066,0.5318333498529751,0.202069193611722,-1.2799834790102687,0.09417515663754082,22,0.024504386688742618,0.0412734659443717,0.06577785263311432,0.02118628341061342,0.06122714289507701,0.010010743137668426,0.015014433782424952,0.03951882047116757,-0.0039696064532717314,0.0339670950076842,0.00960071351263907,False
regular,disjoint,hgb|history_available|budget=05,hgb,history_available,5,H_D_A,hgb::H_D_A,True,5,0.44503237912712074,879,171,0.1945392491467577,0.5475292384100778,0.17700174195028806,0.5149089767733835,0.19280494103849677,-1.3759448205746074,0.031115996625909557,22,0.024504386688742618,0.056238349470235816,0.08074273615897844,0.03561133287444975,0.07671418199341382,0.010420554662258467,0.029979317308289066,0.05448370399703169,0.011175865972748994,0.049590216748404504,0.00958019316973912,False
regular,disjoint,hgb|history_available|budget=06,hgb,history_available,6,H_D_B_C,hgb::H_D_B_C,True,6,0.4446644717140893,879,171,0.1945392491467577,0.5338622446799164,0.17317330131407546,0.5343856345194437,0.2022828817767095,-1.236756870910744,0.12764176868979543,22,0.024504386688742618,0.0425713557400747,0.06707574242881732,0.02398229516469902,0.06170285747364247,0.00975495760645017,0.016312323578127952,0.04081671026687057,0.000373332956556194,0.032256049621933944,0.00825565910762775,False
regular,disjoint,hgb|history_available|budget=07,hgb,history_available,7,H_D_B_C_A,hgb::H_D_B_C_A,True,7,0.44401148300856313,879,171,0.1945392491467577,0.5500415145268946,0.18073528802364017,0.5253493904252156,0.19565165171256998,-1.3342608941249527,0.062395753730805505,22,0.024504386688742618,0.05875062558705196,0.08325501227579458,0.03865861170430998,0.0796497701099103,0.010468633509686283,0.032491593425105214,0.056995980113847836,0.01635508711489219,0.04881483471502918,0.008385743949682846,False
regular,disjoint,hgb|history_available|budget=08,hgb,history_available,8,H_D_B_C_A,hgb::H_D_B_C_A,True,7,0.44401148300856313,879,171,0.1945392491467577,0.5500415145268946,0.18073528802364017,0.5253493904252156,0.19565165171256998,-1.3342608941249527,0.062395753730805505,22,0.024504386688742618,0.05875062558705196,0.08325501227579458,0.03865861170430998,0.0796497701099103,0.010468633509686283,0.032491593425105214,0.056995980113847836,0.01635508711489219,0.04881483471502918,0.008385743949682846,False
regular,disjoint,hgb|history_available|budget=09,hgb,history_available,9,H_D_B_C_A,hgb::H_D_B_C_A,True,7,0.44401148300856313,879,171,0.1945392491467577,0.5500415145268946,0.18073528802364017,0.5253493904252156,0.19565165171256998,-1.3342608941249527,0.062395753730805505,22,0.024504386688742618,0.05875062558705196,0.08325501227579458,0.03865861170430998,0.0796497701099103,0.010468633509686283,0.032491593425105214,0.056995980113847836,0.01635508711489219,0.04881483471502918,0.008385743949682846,False
regular,disjoint,hgb|history_available|budget=10,hgb,history_available,10,H_D_B_C_A,hgb::H_D_B_C_A,True,7,0.44401148300856313,879,171,0.1945392491467577,0.5500415145268946,0.18073528802364017,0.5253493904252156,0.19565165171256998,-1.3342608941249527,0.062395753730805505,22,0.024504386688742618,0.05875062558705196,0.08325501227579458,0.03865861170430998,0.0796497701099103,0.010468633509686283,0.032491593425105214,0.056995980113847836,0.01635508711489219,0.04881483471502918,0.008385743949682846,False
regular,disjoint,hgb|history_available|budget=11,hgb,history_available,11,H_D_B_C_A,hgb::H_D_B_C_A,True,7,0.44401148300856313,879,171,0.1945392491467577,0.5500415145268946,0.18073528802364017,0.5253493904252156,0.19565165171256998,-1.3342608941249527,0.062395753730805505,22,0.024504386688742618,0.05875062558705196,0.08325501227579458,0.03865861170430998,0.0796497701099103,0.010468633509686283,0.032491593425105214,0.056995980113847836,0.01635508711489219,0.04881483471502918,0.008385743949682846,False
regular,disjoint,hgb|history_available|budget=12,hgb,history_available,12,H_D_B_C_A,hgb::H_D_B_C_A,True,7,0.44401148300856313,879,171,0.1945392491467577,0.5500415145268946,0.18073528802364017,0.5253493904252156,0.19565165171256998,-1.3342608941249527,0.062395753730805505,22,0.024504386688742618,0.05875062558705196,0.08325501227579458,0.03865861170430998,0.0796497701099103,0.010468633509686283,0.032491593425105214,0.056995980113847836,0.01635508711489219,0.04881483471502918,0.008385743949682846,False
regular,disjoint,hgb|history_available|budget=13,hgb,history_available,13,H_D_B_C_A,hgb::H_D_B_C_A,True,7,0.44401148300856313,879,171,0.1945392491467577,0.5500415145268946,0.18073528802364017,0.5253493904252156,0.19565165171256998,-1.3342608941249527,0.062395753730805505,22,0.024504386688742618,0.05875062558705196,0.08325501227579458,0.03865861170430998,0.0796497701099103,0.010468633509686283,0.032491593425105214,0.056995980113847836,0.01635508711489219,0.04881483471502918,0.008385743949682846,False
regular,disjoint,hgb|history_available|budget=14,hgb,history_available,14,H_D_B_C_A,hgb::H_D_B_C_A,True,7,0.44401148300856313,879,171,0.1945392491467577,0.5500415145268946,0.18073528802364017,0.5253493904252156,0.19565165171256998,-1.3342608941249527,0.062395753730805505,22,0.024504386688742618,0.05875062558705196,0.08325501227579458,0.03865861170430998,0.0796497701099103,0.010468633509686283,0.032491593425105214,0.056995980113847836,0.01635508711489219,0.04881483471502918,0.008385743949682846,False
regular,disjoint,hgb|history_available|budget=15,hgb,history_available,15,H_D_P,hgb::H_D_P,True,15,0.43735022465141393,879,171,0.1945392491467577,0.5363620693788859,0.17275426453060502,0.5224749727425909,0.19713465395748708,-1.3086056123213536,0.07626990290383695,22,0.024504386688742618,0.04507118043904407,0.06957556712778669,0.02657552692673119,0.06397928953990954,0.009573490687047798,0.018812148277097318,0.04331653496583994,0.0018295269052221897,0.0352169902224482,0.008393571924807653,False
regular,disjoint,hgb|history_available|budget=16,hgb,history_available,16,H_D_P_A,hgb::H_D_P_A,True,16,0.43602444448701694,879,171,0.1945392491467577,0.5509113218295636,0.17987729174765493,0.511997389896587,0.18854251979932168,-1.3948477307541227,0.018163101219523515,22,0.024504386688742618,0.059620432889722796,0.08412481957846542,0.03910879794219417,0.07891768775694419,0.010160792091674102,0.03336140072777605,0.05786578741651867,0.016025364055828103,0.050158175647549236,0.008664019024680412,False
regular,disjoint,hgb|history_available|budget=17,hgb,history_available,17,H_D_B_P_C,hgb::H_D_B_P_C,True,17,0.4355881374064304,879,171,0.1945392491467577,0.539370960364635,0.1752155529300073,0.5198896487924142,0.19552660305510255,-1.314868297377835,0.07251561665492512,22,0.024504386688742618,0.04808007142479315,0.07258445811353577,0.02916725960821183,0.06733756641149662,0.009627056771276633,0.021821039262846398,0.04632542595158902,0.008670750502228425,0.03486967219847287,0.0067348542382200186,False
regular,disjoint,hgb|history_available|budget=18,hgb,history_available,18,H_D_B_P_C,hgb::H_D_B_P_C,True,17,0.4355881374064304,879,171,0.1945392491467577,0.539370960364635,0.1752155529300073,0.5198896487924142,0.19552660305510255,-1.314868297377835,0.07251561665492512,22,0.024504386688742618,0.04808007142479315,0.07258445811353577,0.02916725960821183,0.06733756641149662,0.009627056771276633,0.021821039262846398,0.04632542595158902,0.008670750502228425,0.03486967219847287,0.0067348542382200186,False
regular,disjoint,hgb|history_available|budget=19,hgb,history_available,19,H_D_B_P_C,hgb::H_D_B_P_C,True,17,0.4355881374064304,879,171,0.1945392491467577,0.539370960364635,0.1752155529300073,0.5198896487924142,0.19552660305510255,-1.314868297377835,0.07251561665492512,22,0.024504386688742618,0.04808007142479315,0.07258445811353577,0.02916725960821183,0.06733756641149662,0.009627056771276633,0.021821039262846398,0.04632542595158902,0.008670750502228425,0.03486967219847287,0.0067348542382200186,False
regular,disjoint,hgb|history_available|budget=20,hgb,history_available,20,H_D_B_P_C,hgb::H_D_B_P_C,True,17,0.4355881374064304,879,171,0.1945392491467577,0.539370960364635,0.1752155529300073,0.5198896487924142,0.19552660305510255,-1.314868297377835,0.07251561665492512,22,0.024504386688742618,0.04808007142479315,0.07258445811353577,0.02916725960821183,0.06733756641149662,0.009627056771276633,0.021821039262846398,0.04632542595158902,0.008670750502228425,0.03486967219847287,0.0067348542382200186,False
regular,disjoint,hgb|history_available|budget=21,hgb,history_available,21,H_D_B_P_C,hgb::H_D_B_P_C,True,17,0.4355881374064304,879,171,0.1945392491467577,0.539370960364635,0.1752155529300073,0.5198896487924142,0.19552660305510255,-1.314868297377835,0.07251561665492512,22,0.024504386688742618,0.04808007142479315,0.07258445811353577,0.02916725960821183,0.06733756641149662,0.009627056771276633,0.021821039262846398,0.04632542595158902,0.008670750502228425,0.03486967219847287,0.0067348542382200186,False
regular,disjoint,hgb|history_available|budget=22,hgb,history_available,22,H_D_B_P_C,hgb::H_D_B_P_C,True,17,0.4355881374064304,879,171,0.1945392491467577,0.539370960364635,0.1752155529300073,0.5198896487924142,0.19552660305510255,-1.314868297377835,0.07251561665492512,22,0.024504386688742618,0.04808007142479315,0.07258445811353577,0.02916725960821183,0.06733756641149662,0.009627056771276633,0.021821039262846398,0.04632542595158902,0.008670750502228425,0.03486967219847287,0.0067348542382200186,False
regular,disjoint,hgb|history_available|budget=23,hgb,history_available,23,H_D_B_P_C,hgb::H_D_B_P_C,True,17,0.4355881374064304,879,171,0.1945392491467577,0.539370960364635,0.1752155529300073,0.5198896487924142,0.19552660305510255,-1.314868297377835,0.07251561665492512,22,0.024504386688742618,0.04808007142479315,0.07258445811353577,0.02916725960821183,0.06733756641149662,0.009627056771276633,0.021821039262846398,0.04632542595158902,0.008670750502228425,0.03486967219847287,0.0067348542382200186,False
regular,disjoint,hgb|history_available|budget=24,hgb,history_available,24,H_D_B_P_C,hgb::H_D_B_P_C,True,17,0.4355881374064304,879,171,0.1945392491467577,0.539370960364635,0.1752155529300073,0.5198896487924142,0.19552660305510255,-1.314868297377835,0.07251561665492512,22,0.024504386688742618,0.04808007142479315,0.07258445811353577,0.02916725960821183,0.06733756641149662,0.009627056771276633,0.021821039262846398,0.04632542595158902,0.008670750502228425,0.03486967219847287,0.0067348542382200186,False
regular,disjoint,hgb|history_available|budget=25,hgb,history_available,25,H_D_B_P_C,hgb::H_D_B_P_C,True,17,0.4355881374064304,879,171,0.1945392491467577,0.539370960364635,0.1752155529300073,0.5198896487924142,0.19552660305510255,-1.314868297377835,0.07251561665492512,22,0.024504386688742618,0.04808007142479315,0.07258445811353577,0.02916725960821183,0.06733756641149662,0.009627056771276633,0.021821039262846398,0.04632542595158902,0.008670750502228425,0.03486967219847287,0.0067348542382200186,False
regular,disjoint,hgb|history_available|budget=26,hgb,history_available,26,H_D_B_P_C,hgb::H_D_B_P_C,True,17,0.4355881374064304,879,171,0.1945392491467577,0.539370960364635,0.1752155529300073,0.5198896487924142,0.19552660305510255,-1.314868297377835,0.07251561665492512,22,0.024504386688742618,0.04808007142479315,0.07258445811353577,0.02916725960821183,0.06733756641149662,0.009627056771276633,0.021821039262846398,0.04632542595158902,0.008670750502228425,0.03486967219847287,0.0067348542382200186,False
regular,disjoint,hgb|history_available|budget=27,hgb,history_available,27,H_D_B_P_K,hgb::H_D_B_P_K,True,27,0.4352168403015964,879,171,0.1945392491467577,0.5156499273570778,0.16375667634616348,0.5596359070935342,0.22436129006962335,-1.0285924789928276,0.24582288781521683,22,0.024504386688742618,0.024359038417236245,0.04886342510597887,0.004227386930581868,0.04408737991198918,0.010131492903855089,-0.0018999937447105042,0.022604392944032114,-0.008606775705710995,0.004993663534843696,0.0034536453715391623,False
regular,disjoint,hgb|history_available|budget=28,hgb,history_available,28,H_D_B_P_K,hgb::H_D_B_P_K,True,27,0.4352168403015964,879,171,0.1945392491467577,0.5156499273570778,0.16375667634616348,0.5596359070935342,0.22436129006962335,-1.0285924789928276,0.24582288781521683,22,0.024504386688742618,0.024359038417236245,0.04886342510597887,0.004227386930581868,0.04408737991198918,0.010131492903855089,-0.0018999937447105042,0.022604392944032114,-0.008606775705710995,0.004993663534843696,0.0034536453715391623,False
regular,disjoint,hgb|history_available|budget=29,hgb,history_available,29,H_D_B_P_K,hgb::H_D_B_P_K,True,27,0.4352168403015964,879,171,0.1945392491467577,0.5156499273570778,0.16375667634616348,0.5596359070935342,0.22436129006962335,-1.0285924789928276,0.24582288781521683,22,0.024504386688742618,0.024359038417236245,0.04886342510597887,0.004227386930581868,0.04408737991198918,0.010131492903855089,-0.0018999937447105042,0.022604392944032114,-0.008606775705710995,0.004993663534843696,0.0034536453715391623,False
regular,disjoint,hgb|history_available|budget=30,hgb,history_available,30,H_D_B_P_K,hgb::H_D_B_P_K,True,27,0.4352168403015964,879,171,0.1945392491467577,0.5156499273570778,0.16375667634616348,0.5596359070935342,0.22436129006962335,-1.0285924789928276,0.24582288781521683,22,0.024504386688742618,0.024359038417236245,0.04886342510597887,0.004227386930581868,0.04408737991198918,0.010131492903855089,-0.0018999937447105042,0.022604392944032114,-0.008606775705710995,0.004993663534843696,0.0034536453715391623,False
regular,disjoint,hgb|history_unavailable|budget=00,hgb,history_unavailable,0,NONE,hgb::NONE,False,0,0.48682988510277087,879,171,0.1945392491467577,0.49278318589663,0.15670763351298547,0.5,0.1945392491467577,,,23,0.02534507197966607,0.0,0.0,0.0,0.0,0.0,-0.025717910609404926,-0.00037283862973885515,-0.0463242100018318,-0.005626825848843228,0.010254822633282184,False
regular,disjoint,hgb|history_unavailable|budget=01,hgb,history_unavailable,1,B,hgb::B,False,1,0.4765599670766729,879,171,0.1945392491467577,0.5005474180655476,0.15912587346207763,0.5193816698053986,0.20138721883193844,-1.154808928796127,0.18071168561017978,23,0.02534507197966607,0.0077642321689145866,0.033109304148580654,-0.002404504386327748,0.018275396662156065,0.005286156179684995,-0.01795367844049034,0.007391393539175731,-0.0365950090324598,0.0006327382522986521,0.00953069323392779,False
regular,disjoint,hgb|history_unavailable|budget=02,hgb,history_unavailable,2,B_A,hgb::B_A,False,2,0.47352204995587244,879,171,0.1945392491467577,0.5072890587289288,0.16157097749304786,0.5020938646050153,0.19390993505115994,-1.2901563176197535,0.09535639063168053,23,0.02534507197966607,0.01450587283229271,0.03985094481195878,0.0025700957236251556,0.02661469210653224,0.00622297175373351,-0.011212037777112216,0.014133034202553855,-0.0294160473878485,0.006434187625168801,0.009219906755336984,False
regular,disjoint,hgb|history_unavailable|budget=03,hgb,history_unavailable,3,B_M_A,hgb::B_M_A,False,3,0.4734961047016346,879,171,0.1945392491467577,0.49662167734528057,0.15829100693481835,0.5468786136716557,0.2169408720450287,-0.8879370762621951,0.38813186730788896,23,0.02534507197966607,0.003838491448645731,0.029183563428311802,-0.007599687004080122,0.015627576886004895,0.005851003844776846,-0.021879419160759195,0.003465652818906876,-0.040269514110476134,-0.004442899547911672,0.009275638836585285,False
regular,disjoint,hgb|history_unavailable|budget=04,hgb,history_unavailable,4,D,hgb::D,False,4,0.45635682995858146,879,171,0.1945392491467577,0.5419202585457665,0.1716797749931766,0.49501106816004226,0.19169407047518852,-1.520859945861251,-0.06514792356346608,23,0.02534507197966607,0.04913707264913164,0.07448214462879771,0.027005935946565012,0.07019757418429663,0.010717099257867568,0.023419162039726715,0.04876423401939278,0.004509820367896533,0.042403459744994335,0.009630319961593827,False
regular,disjoint,hgb|history_unavailable|budget=05,hgb,history_unavailable,5,D_A,hgb::D_A,False,5,0.4531285285902286,879,171,0.1945392491467577,0.5531193713512981,0.17778423279141742,0.48600373343905895,0.18461895560682093,-1.5633470342720261,-0.09647406542870725,23,0.02534507197966607,0.06033618545466385,0.08568125743432992,0.037990421593691745,0.08173246889242744,0.011038751638234402,0.03461827484525892,0.05996334682492499,0.01688395274616129,0.053152622264949344,0.009298097836580576,False
regular,disjoint,hgb|history_unavailable|budget=06,hgb,history_unavailable,6,D_C_A,hgb::D_C_A,False,6,0.4521771466611788,879,171,0.1945392491467577,0.5501816597117936,0.17909794912531007,0.5021475534410413,0.19138468275316634,-1.4372981440540682,-0.011625323688041119,23,0.02534507197966607,0.057398473815158224,0.08274354579482429,0.035683113484031685,0.07967241655957452,0.010949437309526184,0.0316805632057533,0.057025635185419365,0.013395413849105137,0.050616680205218915,0.009543099014615154,False
regular,disjoint,hgb|history_unavailable|budget=07,hgb,history_unavailable,7,D_B_C_A,hgb::D_B_C_A,False,7,0.45118026129492866,879,171,0.1945392491467577,0.5612021557245825,0.1839166722673507,0.4961220140747349,0.18543369541976984,-1.508555265355056,-0.06203133967319417,23,0.02534507197966607,0.06841896982794854,0.0937640418076146,0.046852622251352206,0.09120229105402686,0.011286296644467751,0.04270105921854361,0.06804613119820968,0.025981572696782036,0.05925584908808117,0.00850616843384754,False
regular,disjoint,hgb|history_unavailable|budget=08,hgb,history_unavailable,8,D_B_C_A,hgb::D_B_C_A,False,7,0.45118026129492866,879,171,0.1945392491467577,0.5612021557245825,0.1839166722673507,0.4961220140747349,0.18543369541976984,-1.508555265355056,-0.06203133967319417,23,0.02534507197966607,0.06841896982794854,0.0937640418076146,0.046852622251352206,0.09120229105402686,0.011286296644467751,0.04270105921854361,0.06804613119820968,0.025981572696782036,0.05925584908808117,0.00850616843384754,False
regular,disjoint,hgb|history_unavailable|budget=09,hgb,history_unavailable,9,D_B_C_A,hgb::D_B_C_A,False,7,0.45118026129492866,879,171,0.1945392491467577,0.5612021557245825,0.1839166722673507,0.4961220140747349,0.18543369541976984,-1.508555265355056,-0.06203133967319417,23,0.02534507197966607,0.06841896982794854,0.0937640418076146,0.046852622251352206,0.09120229105402686,0.011286296644467751,0.04270105921854361,0.06804613119820968,0.025981572696782036,0.05925584908808117,0.00850616843384754,False
regular,disjoint,hgb|history_unavailable|budget=10,hgb,history_unavailable,10,D_B_C_A,hgb::D_B_C_A,False,7,0.45118026129492866,879,171,0.1945392491467577,0.5612021557245825,0.1839166722673507,0.4961220140747349,0.18543369541976984,-1.508555265355056,-0.06203133967319417,23,0.02534507197966607,0.06841896982794854,0.0937640418076146,0.046852622251352206,0.09120229105402686,0.011286296644467751,0.04270105921854361,0.06804613119820968,0.025981572696782036,0.05925584908808117,0.00850616843384754,False
regular,disjoint,hgb|history_unavailable|budget=11,hgb,history_unavailable,11,D_B_C_A,hgb::D_B_C_A,False,7,0.45118026129492866,879,171,0.1945392491467577,0.5612021557245825,0.1839166722673507,0.4961220140747349,0.18543369541976984,-1.508555265355056,-0.06203133967319417,23,0.02534507197966607,0.06841896982794854,0.0937640418076146,0.046852622251352206,0.09120229105402686,0.011286296644467751,0.04270105921854361,0.06804613119820968,0.025981572696782036,0.05925584908808117,0.00850616843384754,False
regular,disjoint,hgb|history_unavailable|budget=12,hgb,history_unavailable,12,D_B_C_A,hgb::D_B_C_A,False,7,0.45118026129492866,879,171,0.1945392491467577,0.5612021557245825,0.1839166722673507,0.4961220140747349,0.18543369541976984,-1.508555265355056,-0.06203133967319417,23,0.02534507197966607,0.06841896982794854,0.0937640418076146,0.046852622251352206,0.09120229105402686,0.011286296644467751,0.04270105921854361,0.06804613119820968,0.025981572696782036,0.05925584908808117,0.00850616843384754,False
regular,disjoint,hgb|history_unavailable|budget=13,hgb,history_unavailable,13,D_B_C_A,hgb::D_B_C_A,False,7,0.45118026129492866,879,171,0.1945392491467577,0.5612021557245825,0.1839166722673507,0.4961220140747349,0.18543369541976984,-1.508555265355056,-0.06203133967319417,23,0.02534507197966607,0.06841896982794854,0.0937640418076146,0.046852622251352206,0.09120229105402686,0.011286296644467751,0.04270105921854361,0.06804613119820968,0.025981572696782036,0.05925584908808117,0.00850616843384754,False
regular,disjoint,hgb|history_unavailable|budget=14,hgb,history_unavailable,14,D_B_C_A,hgb::D_B_C_A,False,7,0.45118026129492866,879,171,0.1945392491467577,0.5612021557245825,0.1839166722673507,0.4961220140747349,0.18543369541976984,-1.508555265355056,-0.06203133967319417,23,0.02534507197966607,0.06841896982794854,0.0937640418076146,0.046852622251352206,0.09120229105402686,0.011286296644467751,0.04270105921854361,0.06804613119820968,0.025981572696782036,0.05925584908808117,0.00850616843384754,False
regular,disjoint,hgb|history_unavailable|budget=15,hgb,history_unavailable,15,D_K,hgb::D_K,False,15,0.44496841652517655,879,171,0.1945392491467577,0.5082763085113015,0.15979037943157962,0.5631050318829087,0.2471813080089235,-0.9380399715005486,0.30347537542994113,23,0.02534507197966607,0.015493122614666899,0.040838194594332966,-0.004765728773119096,0.03635110314728355,0.010279799262056103,-0.010224787994738027,0.015120283984928044,-0.024451134035979316,0.004415997673345198,0.0073975455010979905,False
regular,disjoint,hgb|history_unavailable|budget=16,hgb,history_unavailable,16,D_B_K,hgb::D_B_K,False,16,0.4435471002753364,879,171,0.1945392491467577,0.5122841217396968,0.16161280216751328,0.563885584960518,0.2365977833682821,-0.976513778460979,0.27805989581809876,23,0.02534507197966607,0.01950093584306095,0.04484600782272702,-0.0009619216399221554,0.040961694511357796,0.010652621730627775,-0.0062169747663439745,0.019128097213322096,-0.017320764973375032,0.0055087294732331085,0.005917965592331035,False
regular,disjoint,hgb|history_unavailable|budget=17,hgb,history_unavailable,17,D_B_C_K,hgb::D_B_C_K,False,17,0.4426518467692973,879,171,0.1945392491467577,0.5110653243421246,0.16292383843116273,0.5697128886245746,0.2316387869397437,-0.953222785719847,0.30135422634360653,23,0.02534507197966607,0.018282138445489704,0.04362721042515577,-0.0009686960048813003,0.03914640726632673,0.010249640613045197,-0.007435772163915222,0.01790929981575085,-0.017898146427026206,0.0030647619940466744,0.005282580294909487,False
regular,disjoint,hgb|history_unavailable|budget=18,hgb,history_unavailable,18,D_B_C_K,hgb::D_B_C_K,False,17,0.4426518467692973,879,171,0.1945392491467577,0.5110653243421246,0.16292383843116273,0.5697128886245746,0.2316387869397437,-0.953222785719847,0.30135422634360653,23,0.02534507197966607,0.018282138445489704,0.04362721042515577,-0.0009686960048813003,0.03914640726632673,0.010249640613045197,-0.007435772163915222,0.01790929981575085,-0.017898146427026206,0.0030647619940466744,0.005282580294909487,False
regular,disjoint,hgb|history_unavailable|budget=19,hgb,history_unavailable,19,D_B_C_K,hgb::D_B_C_K,False,17,0.4426518467692973,879,171,0.1945392491467577,0.5110653243421246,0.16292383843116273,0.5697128886245746,0.2316387869397437,-0.953222785719847,0.30135422634360653,23,0.02534507197966607,0.018282138445489704,0.04362721042515577,-0.0009686960048813003,0.03914640726632673,0.010249640613045197,-0.007435772163915222,0.01790929981575085,-0.017898146427026206,0.0030647619940466744,0.005282580294909487,False
regular,disjoint,hgb|history_unavailable|budget=20,hgb,history_unavailable,20,D_B_C_K,hgb::D_B_C_K,False,17,0.4426518467692973,879,171,0.1945392491467577,0.5110653243421246,0.16292383843116273,0.5697128886245746,0.2316387869397437,-0.953222785719847,0.30135422634360653,23,0.02534507197966607,0.018282138445489704,0.04362721042515577,-0.0009686960048813003,0.03914640726632673,0.010249640613045197,-0.007435772163915222,0.01790929981575085,-0.017898146427026206,0.0030647619940466744,0.005282580294909487,False
regular,disjoint,hgb|history_unavailable|budget=21,hgb,history_unavailable,21,D_B_C_K,hgb::D_B_C_K,False,17,0.4426518467692973,879,171,0.1945392491467577,0.5110653243421246,0.16292383843116273,0.5697128886245746,0.2316387869397437,-0.953222785719847,0.30135422634360653,23,0.02534507197966607,0.018282138445489704,0.04362721042515577,-0.0009686960048813003,0.03914640726632673,0.010249640613045197,-0.007435772163915222,0.01790929981575085,-0.017898146427026206,0.0030647619940466744,0.005282580294909487,False
regular,disjoint,hgb|history_unavailable|budget=22,hgb,history_unavailable,22,D_B_C_K,hgb::D_B_C_K,False,17,0.4426518467692973,879,171,0.1945392491467577,0.5110653243421246,0.16292383843116273,0.5697128886245746,0.2316387869397437,-0.953222785719847,0.30135422634360653,23,0.02534507197966607,0.018282138445489704,0.04362721042515577,-0.0009686960048813003,0.03914640726632673,0.010249640613045197,-0.007435772163915222,0.01790929981575085,-0.017898146427026206,0.0030647619940466744,0.005282580294909487,False
regular,disjoint,hgb|history_unavailable|budget=23,hgb,history_unavailable,23,D_B_C_K,hgb::D_B_C_K,False,17,0.4426518467692973,879,171,0.1945392491467577,0.5110653243421246,0.16292383843116273,0.5697128886245746,0.2316387869397437,-0.953222785719847,0.30135422634360653,23,0.02534507197966607,0.018282138445489704,0.04362721042515577,-0.0009686960048813003,0.03914640726632673,0.010249640613045197,-0.007435772163915222,0.01790929981575085,-0.017898146427026206,0.0030647619940466744,0.005282580294909487,False
regular,disjoint,hgb|history_unavailable|budget=24,hgb,history_unavailable,24,D_B_C_K,hgb::D_B_C_K,False,17,0.4426518467692973,879,171,0.1945392491467577,0.5110653243421246,0.16292383843116273,0.5697128886245746,0.2316387869397437,-0.953222785719847,0.30135422634360653,23,0.02534507197966607,0.018282138445489704,0.04362721042515577,-0.0009686960048813003,0.03914640726632673,0.010249640613045197,-0.007435772163915222,0.01790929981575085,-0.017898146427026206,0.0030647619940466744,0.005282580294909487,False
regular,disjoint,hgb|history_unavailable|budget=25,hgb,history_unavailable,25,D_B_C_K,hgb::D_B_C_K,False,17,0.4426518467692973,879,171,0.1945392491467577,0.5110653243421246,0.16292383843116273,0.5697128886245746,0.2316387869397437,-0.953222785719847,0.30135422634360653,23,0.02534507197966607,0.018282138445489704,0.04362721042515577,-0.0009686960048813003,0.03914640726632673,0.010249640613045197,-0.007435772163915222,0.01790929981575085,-0.017898146427026206,0.0030647619940466744,0.005282580294909487,False
regular,disjoint,hgb|history_unavailable|budget=26,hgb,history_unavailable,26,D_B_C_K,hgb::D_B_C_K,False,17,0.4426518467692973,879,171,0.1945392491467577,0.5110653243421246,0.16292383843116273,0.5697128886245746,0.2316387869397437,-0.953222785719847,0.30135422634360653,23,0.02534507197966607,0.018282138445489704,0.04362721042515577,-0.0009686960048813003,0.03914640726632673,0.010249640613045197,-0.007435772163915222,0.01790929981575085,-0.017898146427026206,0.0030647619940466744,0.005282580294909487,False
regular,disjoint,hgb|history_unavailable|budget=27,hgb,history_unavailable,27,D_B_P_K,hgb::D_B_P_K,False,27,0.4399632335497686,879,171,0.1945392491467577,0.5224773618696074,0.16607604876405105,0.5439587669739321,0.21554404818310366,-1.1298505719434568,0.18117126520507326,23,0.02534507197966607,0.029694175972972803,0.05503924795263887,0.009372590560123741,0.05073320247897366,0.010479952460608358,0.003976265363567877,0.029321337343233948,-0.004243969901262185,0.012432043305230659,0.0043116327491787365,False
regular,disjoint,hgb|history_unavailable|budget=28,hgb,history_unavailable,28,D_B_P_K,hgb::D_B_P_K,False,27,0.4399632335497686,879,171,0.1945392491467577,0.5224773618696074,0.16607604876405105,0.5439587669739321,0.21554404818310366,-1.1298505719434568,0.18117126520507326,23,0.02534507197966607,0.029694175972972803,0.05503924795263887,0.009372590560123741,0.05073320247897366,0.010479952460608358,0.003976265363567877,0.029321337343233948,-0.004243969901262185,0.012432043305230659,0.0043116327491787365,False
regular,disjoint,hgb|history_unavailable|budget=29,hgb,history_unavailable,29,D_B_P_K,hgb::D_B_P_K,False,27,0.4399632335497686,879,171,0.1945392491467577,0.5224773618696074,0.16607604876405105,0.5439587669739321,0.21554404818310366,-1.1298505719434568,0.18117126520507326,23,0.02534507197966607,0.029694175972972803,0.05503924795263887,0.009372590560123741,0.05073320247897366,0.010479952460608358,0.003976265363567877,0.029321337343233948,-0.004243969901262185,0.012432043305230659,0.0043116327491787365,False
regular,disjoint,hgb|history_unavailable|budget=30,hgb,history_unavailable,30,D_B_P_K,hgb::D_B_P_K,False,27,0.4399632335497686,879,171,0.1945392491467577,0.5224773618696074,0.16607604876405105,0.5439587669739321,0.21554404818310366,-1.1298505719434568,0.18117126520507326,23,0.02534507197966607,0.029694175972972803,0.05503924795263887,0.009372590560123741,0.05073320247897366,0.010479952460608358,0.003976265363567877,0.029321337343233948,-0.004243969901262185,0.012432043305230659,0.0043116327491787365,False
