policy_id,algorithm,availability,budget,history_available,selected_subset,source_model,chosen_model,chosen_subset,chosen_config,uses_history,selected_additional_items,selected_items,development_oof_log_loss,selected_config_json,blocks_json,domain,n,reference_label,reference_model,self_contrast,family_unique_nonself_contrasts,q_primary_absolute,q_standardized,inference_status,delta_log_loss,benefit_log_loss,bootstrap_se,marginal_delta95_low,marginal_delta95_high,marginal_delta_upper95,marginal_benefit95_low,marginal_benefit95_high,marginal_benefit_lower95,primary_delta_upper95,standardized_delta_upper95,primary_benchmark_or_full_superiority,standardized_benchmark_or_full_superiority,marginal_superiority_unadjusted,critical_primary,critical_standardized,critical_marginal_normal,critical_marginal_bootstrap,mdd80_primary_normal,mdd80_standardized_normal,mdd80_marginal_normal,mdd80_primary_bootstrap_shift,mdd80_standardized_bootstrap_shift,mdd80_marginal_bootstrap_shift
ridge|history_unavailable|budget=00,ridge,history_unavailable,0,False,NONE,ridge::NONE,ridge::NONE,NONE,0.001,False,0,0,0.6853643289188563,0.001,[],whole,1520,full,ridge::D_B_M_P_C_A_K,False,21,0.023125055144324436,2.606807609085381,"post hoc; fixed-model conditional local-shift approximation, not achieved power",-0.02346741632869842,0.02346741632869842,0.011054424953440644,-0.04540056243236066,-0.0008883572144382963,-0.00496595738796541,0.0008883572144382963,0.04540056243236066,0.00496595738796541,-0.0003423611843739842,0.005349342753993961,True,False,True,0.023125055144324436,0.02881675908269238,0.018182910978529702,0.01850145894073301,0.032428693910078354,0.0381203978484463,0.02748654974428362,0.032425180272813714,0.03811688421118166,0.027801584069222292
ridge|history_unavailable|budget=00,ridge,history_unavailable,0,False,NONE,ridge::NONE,ridge::NONE,NONE,0.001,False,0,0,0.6853643289188563,0.001,[],whole,1520,benchmark,ridge::NONE,True,21,0.023125055144324436,2.606807609085381,"post hoc; fixed-model conditional local-shift approximation, not achieved power",0.0,-0.0,0.0,0.0,0.0,0.0,-0.0,-0.0,-0.0,0.0,0.0,False,False,False,,,,,,,,,,
ridge|history_unavailable|budget=01,ridge,history_unavailable,1,False,B,ridge::B,ridge::B,B,0.1,False,1,1,0.6777381954029948,0.1,"[""B""]",whole,1520,full,ridge::D_B_M_P_C_A_K,False,21,0.023125055144324436,2.606807609085381,"post hoc; fixed-model conditional local-shift approximation, not achieved power",-0.0316711721471814,0.0316711721471814,0.010174815228550975,-0.0516202703661688,-0.01117373655316304,-0.014138607947515446,0.01117373655316304,0.0516202703661688,0.014138607947515446,-0.008546117002856967,-0.0051473863883569095,True,True,True,0.023125055144324436,0.026523785758824494,0.016736081732243144,0.017532564199665958,0.03168839568835398,0.03508712630285404,0.025299422276272687,0.031684220199705446,0.03508295081420551,0.02609172925504697
ridge|history_unavailable|budget=01,ridge,history_unavailable,1,False,B,ridge::B,ridge::B,B,0.1,False,1,1,0.6777381954029948,0.1,"[""B""]",whole,1520,benchmark,ridge::NONE,False,21,0.023125055144324436,2.606807609085381,"post hoc; fixed-model conditional local-shift approximation, not achieved power",-0.008203755818482983,0.008203755818482983,0.0032422692333455025,-0.014507855303751788,-0.0019165049046215663,-0.0027931336811956144,0.0019165049046215663,0.014507855303751788,0.0027931336811956144,0.014921299325841453,0.0002482162897054982,False,False,True,0.023125055144324436,0.008451972108188481,0.005333058308021519,0.0054106221372873685,0.025853817776068187,0.01118073473993223,0.008061820939765266,0.025936893591953593,0.011263810555817638,0.008222460584916524
ridge|history_unavailable|budget=02,ridge,history_unavailable,2,False,B_A,ridge::B_A,ridge::B_A,B_A,0.1,False,2,2,0.6736656514353723,0.1,"[""B"", ""A""]",whole,1520,full,ridge::D_B_M_P_C_A_K,False,21,0.023125055144324436,2.606807609085381,"post hoc; fixed-model conditional local-shift approximation, not achieved power",-0.01946810853291736,0.01946810853291736,0.008602885534543586,-0.03594173455835434,-0.0023476690831317863,-0.005177388026229841,0.0023476690831317863,0.03594173455835434,0.005177388026229841,0.0036569466114070755,0.0029579589386214133,False,False,True,0.023125055144324436,0.022426067471538774,0.014150487473742372,0.01429072050668752,0.030365426280193588,0.02966643860740793,0.021390858609611523,0.030189419418631094,0.02949043174584543,0.021355084780994175
ridge|history_unavailable|budget=02,ridge,history_unavailable,2,False,B_A,ridge::B_A,ridge::B_A,B_A,0.1,False,2,2,0.6736656514353723,0.1,"[""B"", ""A""]",whole,1520,benchmark,ridge::NONE,False,21,0.023125055144324436,2.606807609085381,"post hoc; fixed-model conditional local-shift approximation, not achieved power",0.00399930779578106,-0.00399930779578106,0.005414805425124162,-0.006388038131416493,0.014640638001473194,0.013340307733172857,-0.014640638001473194,0.006388038131416493,-0.013340307733172857,0.027124362940105496,0.018114663779711528,False,False,False,0.023125055144324436,0.014115355983930468,0.008906562342751986,0.009340999937391797,0.027682270365774742,0.018672571205380774,0.013463777564202292,0.027512543205661145,0.018502844045267176,0.013728487998728507
ridge|history_unavailable|budget=03,ridge,history_unavailable,3,False,B_C_A,ridge::B_C_A,ridge::B_C_A,B_C_A,0.1,False,3,3,0.6735209745197117,0.1,"[""B"", ""C"", ""A""]",whole,1520,full,ridge::D_B_M_P_C_A_K,False,21,0.023125055144324436,2.606807609085381,"post hoc; fixed-model conditional local-shift approximation, not achieved power",-0.01969787210042584,0.01969787210042584,0.008511371672728234,-0.03597088895661003,-0.0029909504009335043,-0.005385110832192076,0.0029909504009335043,0.03597088895661003,0.005385110832192076,0.003427183043898597,0.0024896363397958893,False,False,True,0.023125055144324436,0.02218750844022173,0.013999960566219055,0.014312761268233764,0.03028840627092353,0.029350859566820826,0.02116331169281815,0.029984873760497258,0.029047327056394547,0.021172579884406583
ridge|history_unavailable|budget=03,ridge,history_unavailable,3,False,B_C_A,ridge::B_C_A,ridge::B_C_A,B_C_A,0.1,False,3,3,0.6735209745197117,0.1,"[""B"", ""C"", ""A""]",whole,1520,benchmark,ridge::NONE,False,21,0.023125055144324436,2.606807609085381,"post hoc; fixed-model conditional local-shift approximation, not achieved power",0.003769544228272581,-0.003769544228272581,0.005590785564260851,-0.0070207497443404675,0.014866944254184118,0.01334284514979483,-0.014866944254184118,0.0070207497443404675,-0.01334284514979483,0.026894599372597017,0.018343646577952472,False,False,False,0.023125055144324436,0.014574102349679891,0.009196023912882394,0.009573300921522249,0.027830378987559294,0.01927942619291475,0.013901347756117252,0.027669663385423274,0.01911871059077873,0.014117909162621085
ridge|history_unavailable|budget=04,ridge,history_unavailable,4,False,D,ridge::D,ridge::D,D,1.0,False,4,4,0.6621656516928427,1.0,"[""D""]",whole,1520,full,ridge::D_B_M_P_C_A_K,False,21,0.023125055144324436,2.606807609085381,"post hoc; fixed-model conditional local-shift approximation, not achieved power",0.0015501640250100701,-0.0015501640250100701,0.005988456818122667,-0.010161148134821505,0.01325505151225167,0.011338849653981443,-0.01325505151225167,0.010161148134821505,-0.011338849653981443,0.024675219169334506,0.01716091882517147,False,False,False,0.023125055144324436,0.0156107548001614,0.009850134917131341,0.009788685628971373,0.028165067558790967,0.020650767214627927,0.01489014733159787,0.028063539282582695,0.02054923893841966,0.014727169767229632
ridge|history_unavailable|budget=04,ridge,history_unavailable,4,False,D,ridge::D,ridge::D,D,1.0,False,4,4,0.6621656516928427,1.0,"[""D""]",whole,1520,benchmark,ridge::NONE,False,21,0.023125055144324436,2.606807609085381,"post hoc; fixed-model conditional local-shift approximation, not achieved power",0.02501758035370849,-0.02501758035370849,0.007864672637809855,0.00945661477065427,0.03978472484102152,0.03769763940660193,-0.03978472484102152,-0.00945661477065427,-0.03769763940660193,0.048142635498032924,0.04551926882891681,False,False,False,0.023125055144324436,0.020501688475208325,0.012936235313087541,0.012680059052893438,0.029744130631405113,0.027120763962289,0.019555310800168216,0.029941556737429622,0.02731819006831351,0.019496560645998622
ridge|history_unavailable|budget=05,ridge,history_unavailable,5,False,D_B,ridge::D_B,ridge::D_B,D_B,1.0,False,5,5,0.6582120307239033,1.0,"[""D"", ""B""]",whole,1520,full,ridge::D_B_M_P_C_A_K,False,21,0.023125055144324436,2.606807609085381,"post hoc; fixed-model conditional local-shift approximation, not achieved power",-0.00813060994130077,0.00813060994130077,0.005204117695459641,-0.01783125826508907,0.0022388953570022033,0.0006787886268773344,-0.0022388953570022033,0.01783125826508907,-0.0006787886268773344,0.014994445203023666,0.005435523665799299,False,False,False,0.023125055144324436,0.01356613360710007,0.008560011866459128,0.008809398568178105,0.02750495109883581,0.017946029561611444,0.0129399078209705,0.027513344935123696,0.01795442339789933,0.013197688358977366
ridge|history_unavailable|budget=05,ridge,history_unavailable,5,False,D_B,ridge::D_B,ridge::D_B,D_B,1.0,False,5,5,0.6582120307239033,1.0,"[""D"", ""B""]",whole,1520,benchmark,ridge::NONE,False,21,0.023125055144324436,2.606807609085381,"post hoc; fixed-model conditional local-shift approximation, not achieved power",0.01533680638739765,-0.01533680638739765,0.008433744070039753,-0.0012981088788909453,0.032018033434983696,0.02891369998942809,-0.032018033434983696,0.0012981088788909453,-0.02891369998942809,0.03846186153172208,0.03732195460225599,False,False,False,0.023125055144324436,0.021985148214858342,0.01387227452238536,0.013576893602030437,0.030223073232189545,0.029083166302723448,0.020970292610250466,0.03067573265400876,0.029535825724542664,0.02112757111171476
ridge|history_unavailable|budget=06,ridge,history_unavailable,6,False,D_B_A,ridge::D_B_A,ridge::D_B_A,D_B_A,1.0,False,6,6,0.6545563941969289,1.0,"[""D"", ""B"", ""A""]",whole,1520,full,ridge::D_B_M_P_C_A_K,False,21,0.023125055144324436,2.606807609085381,"post hoc; fixed-model conditional local-shift approximation, not achieved power",0.011916375111418631,-0.011916375111418631,0.0038616817939663853,0.004392487444316193,0.01946555738602357,0.018265696211046137,-0.01946555738602357,-0.004392487444316193,-0.018265696211046137,0.035041430255743064,0.021983036595796687,False,False,False,0.023125055144324436,0.010066661484378058,0.006351901304938077,0.0063493210996275065,0.02637512853942849,0.013316734879482112,0.00960197470004213,0.02639535216243454,0.01333695850248816,0.009619618117737608
ridge|history_unavailable|budget=06,ridge,history_unavailable,6,False,D_B_A,ridge::D_B_A,ridge::D_B_A,D_B_A,1.0,False,6,6,0.6545563941969289,1.0,"[""D"", ""B"", ""A""]",whole,1520,benchmark,ridge::NONE,False,21,0.023125055144324436,2.606807609085381,"post hoc; fixed-model conditional local-shift approximation, not achieved power",0.03538379144011705,-0.03538379144011705,0.010673211288085358,0.014029807466322979,0.05633966862410325,0.05263677004914867,-0.05633966862410325,-0.014029807466322979,-0.05263677004914867,0.058508846584441485,0.06320679983927394,False,False,False,0.023125055144324436,0.02782300839915689,0.017555870298426594,0.017252978609031615,0.032107856394787186,0.036805809649619645,0.026538671548889343,0.032361006238627185,0.037058959493459644,0.026488929703334368
ridge|history_unavailable|budget=07,ridge,history_unavailable,7,False,D_B_A,ridge::D_B_A,ridge::D_B_A,D_B_A,1.0,False,6,6,0.6545563941969289,1.0,"[""D"", ""B"", ""A""]",whole,1520,full,ridge::D_B_M_P_C_A_K,False,21,0.023125055144324436,2.606807609085381,"post hoc; fixed-model conditional local-shift approximation, not achieved power",0.011916375111418631,-0.011916375111418631,0.0038616817939663853,0.004392487444316193,0.01946555738602357,0.018265696211046137,-0.01946555738602357,-0.004392487444316193,-0.018265696211046137,0.035041430255743064,0.021983036595796687,False,False,False,0.023125055144324436,0.010066661484378058,0.006351901304938077,0.0063493210996275065,0.02637512853942849,0.013316734879482112,0.00960197470004213,0.02639535216243454,0.01333695850248816,0.009619618117737608
ridge|history_unavailable|budget=07,ridge,history_unavailable,7,False,D_B_A,ridge::D_B_A,ridge::D_B_A,D_B_A,1.0,False,6,6,0.6545563941969289,1.0,"[""D"", ""B"", ""A""]",whole,1520,benchmark,ridge::NONE,False,21,0.023125055144324436,2.606807609085381,"post hoc; fixed-model conditional local-shift approximation, not achieved power",0.03538379144011705,-0.03538379144011705,0.010673211288085358,0.014029807466322979,0.05633966862410325,0.05263677004914867,-0.05633966862410325,-0.014029807466322979,-0.05263677004914867,0.058508846584441485,0.06320679983927394,False,False,False,0.023125055144324436,0.02782300839915689,0.017555870298426594,0.017252978609031615,0.032107856394787186,0.036805809649619645,0.026538671548889343,0.032361006238627185,0.037058959493459644,0.026488929703334368
ridge|history_unavailable|budget=08,ridge,history_unavailable,8,False,D_B_A,ridge::D_B_A,ridge::D_B_A,D_B_A,1.0,False,6,6,0.6545563941969289,1.0,"[""D"", ""B"", ""A""]",whole,1520,full,ridge::D_B_M_P_C_A_K,False,21,0.023125055144324436,2.606807609085381,"post hoc; fixed-model conditional local-shift approximation, not achieved power",0.011916375111418631,-0.011916375111418631,0.0038616817939663853,0.004392487444316193,0.01946555738602357,0.018265696211046137,-0.01946555738602357,-0.004392487444316193,-0.018265696211046137,0.035041430255743064,0.021983036595796687,False,False,False,0.023125055144324436,0.010066661484378058,0.006351901304938077,0.0063493210996275065,0.02637512853942849,0.013316734879482112,0.00960197470004213,0.02639535216243454,0.01333695850248816,0.009619618117737608
ridge|history_unavailable|budget=08,ridge,history_unavailable,8,False,D_B_A,ridge::D_B_A,ridge::D_B_A,D_B_A,1.0,False,6,6,0.6545563941969289,1.0,"[""D"", ""B"", ""A""]",whole,1520,benchmark,ridge::NONE,False,21,0.023125055144324436,2.606807609085381,"post hoc; fixed-model conditional local-shift approximation, not achieved power",0.03538379144011705,-0.03538379144011705,0.010673211288085358,0.014029807466322979,0.05633966862410325,0.05263677004914867,-0.05633966862410325,-0.014029807466322979,-0.05263677004914867,0.058508846584441485,0.06320679983927394,False,False,False,0.023125055144324436,0.02782300839915689,0.017555870298426594,0.017252978609031615,0.032107856394787186,0.036805809649619645,0.026538671548889343,0.032361006238627185,0.037058959493459644,0.026488929703334368
ridge|history_unavailable|budget=09,ridge,history_unavailable,9,False,D_B_A,ridge::D_B_A,ridge::D_B_A,D_B_A,1.0,False,6,6,0.6545563941969289,1.0,"[""D"", ""B"", ""A""]",whole,1520,full,ridge::D_B_M_P_C_A_K,False,21,0.023125055144324436,2.606807609085381,"post hoc; fixed-model conditional local-shift approximation, not achieved power",0.011916375111418631,-0.011916375111418631,0.0038616817939663853,0.004392487444316193,0.01946555738602357,0.018265696211046137,-0.01946555738602357,-0.004392487444316193,-0.018265696211046137,0.035041430255743064,0.021983036595796687,False,False,False,0.023125055144324436,0.010066661484378058,0.006351901304938077,0.0063493210996275065,0.02637512853942849,0.013316734879482112,0.00960197470004213,0.02639535216243454,0.01333695850248816,0.009619618117737608
ridge|history_unavailable|budget=09,ridge,history_unavailable,9,False,D_B_A,ridge::D_B_A,ridge::D_B_A,D_B_A,1.0,False,6,6,0.6545563941969289,1.0,"[""D"", ""B"", ""A""]",whole,1520,benchmark,ridge::NONE,False,21,0.023125055144324436,2.606807609085381,"post hoc; fixed-model conditional local-shift approximation, not achieved power",0.03538379144011705,-0.03538379144011705,0.010673211288085358,0.014029807466322979,0.05633966862410325,0.05263677004914867,-0.05633966862410325,-0.014029807466322979,-0.05263677004914867,0.058508846584441485,0.06320679983927394,False,False,False,0.023125055144324436,0.02782300839915689,0.017555870298426594,0.017252978609031615,0.032107856394787186,0.036805809649619645,0.026538671548889343,0.032361006238627185,0.037058959493459644,0.026488929703334368
ridge|history_unavailable|budget=10,ridge,history_unavailable,10,False,D_B_A,ridge::D_B_A,ridge::D_B_A,D_B_A,1.0,False,6,6,0.6545563941969289,1.0,"[""D"", ""B"", ""A""]",whole,1520,full,ridge::D_B_M_P_C_A_K,False,21,0.023125055144324436,2.606807609085381,"post hoc; fixed-model conditional local-shift approximation, not achieved power",0.011916375111418631,-0.011916375111418631,0.0038616817939663853,0.004392487444316193,0.01946555738602357,0.018265696211046137,-0.01946555738602357,-0.004392487444316193,-0.018265696211046137,0.035041430255743064,0.021983036595796687,False,False,False,0.023125055144324436,0.010066661484378058,0.006351901304938077,0.0063493210996275065,0.02637512853942849,0.013316734879482112,0.00960197470004213,0.02639535216243454,0.01333695850248816,0.009619618117737608
ridge|history_unavailable|budget=10,ridge,history_unavailable,10,False,D_B_A,ridge::D_B_A,ridge::D_B_A,D_B_A,1.0,False,6,6,0.6545563941969289,1.0,"[""D"", ""B"", ""A""]",whole,1520,benchmark,ridge::NONE,False,21,0.023125055144324436,2.606807609085381,"post hoc; fixed-model conditional local-shift approximation, not achieved power",0.03538379144011705,-0.03538379144011705,0.010673211288085358,0.014029807466322979,0.05633966862410325,0.05263677004914867,-0.05633966862410325,-0.014029807466322979,-0.05263677004914867,0.058508846584441485,0.06320679983927394,False,False,False,0.023125055144324436,0.02782300839915689,0.017555870298426594,0.017252978609031615,0.032107856394787186,0.036805809649619645,0.026538671548889343,0.032361006238627185,0.037058959493459644,0.026488929703334368
ridge|history_unavailable|budget=11,ridge,history_unavailable,11,False,D_B_A,ridge::D_B_A,ridge::D_B_A,D_B_A,1.0,False,6,6,0.6545563941969289,1.0,"[""D"", ""B"", ""A""]",whole,1520,full,ridge::D_B_M_P_C_A_K,False,21,0.023125055144324436,2.606807609085381,"post hoc; fixed-model conditional local-shift approximation, not achieved power",0.011916375111418631,-0.011916375111418631,0.0038616817939663853,0.004392487444316193,0.01946555738602357,0.018265696211046137,-0.01946555738602357,-0.004392487444316193,-0.018265696211046137,0.035041430255743064,0.021983036595796687,False,False,False,0.023125055144324436,0.010066661484378058,0.006351901304938077,0.0063493210996275065,0.02637512853942849,0.013316734879482112,0.00960197470004213,0.02639535216243454,0.01333695850248816,0.009619618117737608
ridge|history_unavailable|budget=11,ridge,history_unavailable,11,False,D_B_A,ridge::D_B_A,ridge::D_B_A,D_B_A,1.0,False,6,6,0.6545563941969289,1.0,"[""D"", ""B"", ""A""]",whole,1520,benchmark,ridge::NONE,False,21,0.023125055144324436,2.606807609085381,"post hoc; fixed-model conditional local-shift approximation, not achieved power",0.03538379144011705,-0.03538379144011705,0.010673211288085358,0.014029807466322979,0.05633966862410325,0.05263677004914867,-0.05633966862410325,-0.014029807466322979,-0.05263677004914867,0.058508846584441485,0.06320679983927394,False,False,False,0.023125055144324436,0.02782300839915689,0.017555870298426594,0.017252978609031615,0.032107856394787186,0.036805809649619645,0.026538671548889343,0.032361006238627185,0.037058959493459644,0.026488929703334368
ridge|history_unavailable|budget=12,ridge,history_unavailable,12,False,D_B_A,ridge::D_B_A,ridge::D_B_A,D_B_A,1.0,False,6,6,0.6545563941969289,1.0,"[""D"", ""B"", ""A""]",whole,1520,full,ridge::D_B_M_P_C_A_K,False,21,0.023125055144324436,2.606807609085381,"post hoc; fixed-model conditional local-shift approximation, not achieved power",0.011916375111418631,-0.011916375111418631,0.0038616817939663853,0.004392487444316193,0.01946555738602357,0.018265696211046137,-0.01946555738602357,-0.004392487444316193,-0.018265696211046137,0.035041430255743064,0.021983036595796687,False,False,False,0.023125055144324436,0.010066661484378058,0.006351901304938077,0.0063493210996275065,0.02637512853942849,0.013316734879482112,0.00960197470004213,0.02639535216243454,0.01333695850248816,0.009619618117737608
ridge|history_unavailable|budget=12,ridge,history_unavailable,12,False,D_B_A,ridge::D_B_A,ridge::D_B_A,D_B_A,1.0,False,6,6,0.6545563941969289,1.0,"[""D"", ""B"", ""A""]",whole,1520,benchmark,ridge::NONE,False,21,0.023125055144324436,2.606807609085381,"post hoc; fixed-model conditional local-shift approximation, not achieved power",0.03538379144011705,-0.03538379144011705,0.010673211288085358,0.014029807466322979,0.05633966862410325,0.05263677004914867,-0.05633966862410325,-0.014029807466322979,-0.05263677004914867,0.058508846584441485,0.06320679983927394,False,False,False,0.023125055144324436,0.02782300839915689,0.017555870298426594,0.017252978609031615,0.032107856394787186,0.036805809649619645,0.026538671548889343,0.032361006238627185,0.037058959493459644,0.026488929703334368
ridge|history_unavailable|budget=13,ridge,history_unavailable,13,False,D_B_A,ridge::D_B_A,ridge::D_B_A,D_B_A,1.0,False,6,6,0.6545563941969289,1.0,"[""D"", ""B"", ""A""]",whole,1520,full,ridge::D_B_M_P_C_A_K,False,21,0.023125055144324436,2.606807609085381,"post hoc; fixed-model conditional local-shift approximation, not achieved power",0.011916375111418631,-0.011916375111418631,0.0038616817939663853,0.004392487444316193,0.01946555738602357,0.018265696211046137,-0.01946555738602357,-0.004392487444316193,-0.018265696211046137,0.035041430255743064,0.021983036595796687,False,False,False,0.023125055144324436,0.010066661484378058,0.006351901304938077,0.0063493210996275065,0.02637512853942849,0.013316734879482112,0.00960197470004213,0.02639535216243454,0.01333695850248816,0.009619618117737608
ridge|history_unavailable|budget=13,ridge,history_unavailable,13,False,D_B_A,ridge::D_B_A,ridge::D_B_A,D_B_A,1.0,False,6,6,0.6545563941969289,1.0,"[""D"", ""B"", ""A""]",whole,1520,benchmark,ridge::NONE,False,21,0.023125055144324436,2.606807609085381,"post hoc; fixed-model conditional local-shift approximation, not achieved power",0.03538379144011705,-0.03538379144011705,0.010673211288085358,0.014029807466322979,0.05633966862410325,0.05263677004914867,-0.05633966862410325,-0.014029807466322979,-0.05263677004914867,0.058508846584441485,0.06320679983927394,False,False,False,0.023125055144324436,0.02782300839915689,0.017555870298426594,0.017252978609031615,0.032107856394787186,0.036805809649619645,0.026538671548889343,0.032361006238627185,0.037058959493459644,0.026488929703334368
ridge|history_unavailable|budget=14,ridge,history_unavailable,14,False,D_B_A,ridge::D_B_A,ridge::D_B_A,D_B_A,1.0,False,6,6,0.6545563941969289,1.0,"[""D"", ""B"", ""A""]",whole,1520,full,ridge::D_B_M_P_C_A_K,False,21,0.023125055144324436,2.606807609085381,"post hoc; fixed-model conditional local-shift approximation, not achieved power",0.011916375111418631,-0.011916375111418631,0.0038616817939663853,0.004392487444316193,0.01946555738602357,0.018265696211046137,-0.01946555738602357,-0.004392487444316193,-0.018265696211046137,0.035041430255743064,0.021983036595796687,False,False,False,0.023125055144324436,0.010066661484378058,0.006351901304938077,0.0063493210996275065,0.02637512853942849,0.013316734879482112,0.00960197470004213,0.02639535216243454,0.01333695850248816,0.009619618117737608
ridge|history_unavailable|budget=14,ridge,history_unavailable,14,False,D_B_A,ridge::D_B_A,ridge::D_B_A,D_B_A,1.0,False,6,6,0.6545563941969289,1.0,"[""D"", ""B"", ""A""]",whole,1520,benchmark,ridge::NONE,False,21,0.023125055144324436,2.606807609085381,"post hoc; fixed-model conditional local-shift approximation, not achieved power",0.03538379144011705,-0.03538379144011705,0.010673211288085358,0.014029807466322979,0.05633966862410325,0.05263677004914867,-0.05633966862410325,-0.014029807466322979,-0.05263677004914867,0.058508846584441485,0.06320679983927394,False,False,False,0.023125055144324436,0.02782300839915689,0.017555870298426594,0.017252978609031615,0.032107856394787186,0.036805809649619645,0.026538671548889343,0.032361006238627185,0.037058959493459644,0.026488929703334368
ridge|history_unavailable|budget=15,ridge,history_unavailable,15,False,D_K,ridge::D_K,ridge::D_K,D_K,1.0,False,15,15,0.6534616584557627,1.0,"[""D"", ""K""]",whole,1520,full,ridge::D_B_M_P_C_A_K,False,21,0.023125055144324436,2.606807609085381,"post hoc; fixed-model conditional local-shift approximation, not achieved power",-0.01973928363528954,0.01973928363528954,0.005133350804380385,-0.029609651771262988,-0.009878598766778728,-0.011406861705267004,0.009878598766778728,0.029609651771262988,0.011406861705267004,0.003385771509034897,-0.006357625698326189,False,True,True,0.023125055144324436,0.01338165793696335,0.008443610688999334,0.008332421930022536,0.02744539218066957,0.01770199497330848,0.012763947725344464,0.02733753500704508,0.017594137799683992,0.012544901792743177
ridge|history_unavailable|budget=15,ridge,history_unavailable,15,False,D_K,ridge::D_K,ridge::D_K,D_K,1.0,False,15,15,0.6534616584557627,1.0,"[""D"", ""K""]",whole,1520,benchmark,ridge::NONE,False,21,0.023125055144324436,2.606807609085381,"post hoc; fixed-model conditional local-shift approximation, not achieved power",0.003728132693408881,-0.003728132693408881,0.008488538957172786,-0.01369413016384172,0.02028935657841352,0.01724404400772863,-0.02028935657841352,0.01369413016384172,-0.01724404400772863,0.026853187837733317,0.025856120636984586,False,False,False,0.023125055144324436,0.022127987943575705,0.013962404091224524,0.013515911314319751,0.030269189772691937,0.029272122571943202,0.021106538719592022,0.030267388932478247,0.029270321731729516,0.020658245102473563
ridge|history_unavailable|budget=16,ridge,history_unavailable,16,False,D_A_K,ridge::D_A_K,ridge::D_A_K,D_A_K,1.0,False,16,16,0.6495521869548352,1.0,"[""D"", ""A"", ""K""]",whole,1520,full,ridge::D_B_M_P_C_A_K,False,21,0.023125055144324436,2.606807609085381,"post hoc; fixed-model conditional local-shift approximation, not achieved power",0.0009274614581034069,-0.0009274614581034069,0.002891983981731301,-0.004618170523200821,0.00665838546112838,0.005746133056816993,-0.00665838546112838,0.004618170523200821,-0.005746133056816993,0.024052516602427843,0.008466307307033601,False,False,False,0.023125055144324436,0.007538845848930194,0.00475689034143629,0.004818671598713586,0.025559010270502242,0.009972800975108,0.007190845467614096,0.025519247947206326,0.009933038651812083,0.007212864401595475
ridge|history_unavailable|budget=16,ridge,history_unavailable,16,False,D_A_K,ridge::D_A_K,ridge::D_A_K,D_A_K,1.0,False,16,16,0.6495521869548352,1.0,"[""D"", ""A"", ""K""]",whole,1520,benchmark,ridge::NONE,False,21,0.023125055144324436,2.606807609085381,"post hoc; fixed-model conditional local-shift approximation, not achieved power",0.024394877786801827,-0.024394877786801827,0.010500515823298157,0.0031238640147777073,0.04534985604637214,0.04122369550537998,-0.04534985604637214,-0.0031238640147777073,-0.04122369550537998,0.04751993293112626,0.05176770233429691,False,False,False,0.023125055144324436,0.02737282454749508,0.017271811536813297,0.01682881771857815,0.03196251222468054,0.036210281627851185,0.026109268617169397,0.03181704475434608,0.03606481415751672,0.025520807328599796
ridge|history_unavailable|budget=17,ridge,history_unavailable,17,False,D_B_A_K,ridge::D_B_A_K,ridge::D_B_A_K,D_B_A_K,1.0,False,17,17,0.6465315444142528,1.0,"[""D"", ""B"", ""A"", ""K""]",whole,1520,full,ridge::D_B_M_P_C_A_K,False,21,0.023125055144324436,2.606807609085381,"post hoc; fixed-model conditional local-shift approximation, not achieved power",-0.007252262169917478,0.007252262169917478,0.0017756173498039577,-0.010644234884656942,-0.0037649599550455683,-0.004303742056157829,0.0037649599550455683,0.010644234884656942,0.004303742056157829,0.015872792974406958,-0.002623569351624503,False,True,True,0.023125055144324436,0.004628692818292975,0.002920630637903001,0.0029485201137596493,0.024619452408619912,0.006123090082588451,0.004415027902198476,0.02461404867567014,0.0061176863496386815,0.004437513645105355
ridge|history_unavailable|budget=17,ridge,history_unavailable,17,False,D_B_A_K,ridge::D_B_A_K,ridge::D_B_A_K,D_B_A_K,1.0,False,17,17,0.6465315444142528,1.0,"[""D"", ""B"", ""A"", ""K""]",whole,1520,benchmark,ridge::NONE,False,21,0.023125055144324436,2.606807609085381,"post hoc; fixed-model conditional local-shift approximation, not achieved power",0.016215154158780942,-0.016215154158780942,0.010860992491170736,-0.005343465983303181,0.03810715093510154,0.03374356796278004,-0.03810715093510154,0.005343465983303181,-0.03374356796278004,0.039340209303105375,0.044527672026984,False,False,False,0.023125055144324436,0.028312517868203064,0.01786474289139489,0.017528413803999096,0.03226589704256971,0.03745335976644834,0.02700558478964016,0.03232006291745717,0.0375075256413358,0.026723421577131833
ridge|history_unavailable|budget=18,ridge,history_unavailable,18,False,D_B_A_K,ridge::D_B_A_K,ridge::D_B_A_K,D_B_A_K,1.0,False,17,17,0.6465315444142528,1.0,"[""D"", ""B"", ""A"", ""K""]",whole,1520,full,ridge::D_B_M_P_C_A_K,False,21,0.023125055144324436,2.606807609085381,"post hoc; fixed-model conditional local-shift approximation, not achieved power",-0.007252262169917478,0.007252262169917478,0.0017756173498039577,-0.010644234884656942,-0.0037649599550455683,-0.004303742056157829,0.0037649599550455683,0.010644234884656942,0.004303742056157829,0.015872792974406958,-0.002623569351624503,False,True,True,0.023125055144324436,0.004628692818292975,0.002920630637903001,0.0029485201137596493,0.024619452408619912,0.006123090082588451,0.004415027902198476,0.02461404867567014,0.0061176863496386815,0.004437513645105355
ridge|history_unavailable|budget=18,ridge,history_unavailable,18,False,D_B_A_K,ridge::D_B_A_K,ridge::D_B_A_K,D_B_A_K,1.0,False,17,17,0.6465315444142528,1.0,"[""D"", ""B"", ""A"", ""K""]",whole,1520,benchmark,ridge::NONE,False,21,0.023125055144324436,2.606807609085381,"post hoc; fixed-model conditional local-shift approximation, not achieved power",0.016215154158780942,-0.016215154158780942,0.010860992491170736,-0.005343465983303181,0.03810715093510154,0.03374356796278004,-0.03810715093510154,0.005343465983303181,-0.03374356796278004,0.039340209303105375,0.044527672026984,False,False,False,0.023125055144324436,0.028312517868203064,0.01786474289139489,0.017528413803999096,0.03226589704256971,0.03745335976644834,0.02700558478964016,0.03232006291745717,0.0375075256413358,0.026723421577131833
ridge|history_unavailable|budget=19,ridge,history_unavailable,19,False,D_B_A_K,ridge::D_B_A_K,ridge::D_B_A_K,D_B_A_K,1.0,False,17,17,0.6465315444142528,1.0,"[""D"", ""B"", ""A"", ""K""]",whole,1520,full,ridge::D_B_M_P_C_A_K,False,21,0.023125055144324436,2.606807609085381,"post hoc; fixed-model conditional local-shift approximation, not achieved power",-0.007252262169917478,0.007252262169917478,0.0017756173498039577,-0.010644234884656942,-0.0037649599550455683,-0.004303742056157829,0.0037649599550455683,0.010644234884656942,0.004303742056157829,0.015872792974406958,-0.002623569351624503,False,True,True,0.023125055144324436,0.004628692818292975,0.002920630637903001,0.0029485201137596493,0.024619452408619912,0.006123090082588451,0.004415027902198476,0.02461404867567014,0.0061176863496386815,0.004437513645105355
ridge|history_unavailable|budget=19,ridge,history_unavailable,19,False,D_B_A_K,ridge::D_B_A_K,ridge::D_B_A_K,D_B_A_K,1.0,False,17,17,0.6465315444142528,1.0,"[""D"", ""B"", ""A"", ""K""]",whole,1520,benchmark,ridge::NONE,False,21,0.023125055144324436,2.606807609085381,"post hoc; fixed-model conditional local-shift approximation, not achieved power",0.016215154158780942,-0.016215154158780942,0.010860992491170736,-0.005343465983303181,0.03810715093510154,0.03374356796278004,-0.03810715093510154,0.005343465983303181,-0.03374356796278004,0.039340209303105375,0.044527672026984,False,False,False,0.023125055144324436,0.028312517868203064,0.01786474289139489,0.017528413803999096,0.03226589704256971,0.03745335976644834,0.02700558478964016,0.03232006291745717,0.0375075256413358,0.026723421577131833
ridge|history_unavailable|budget=20,ridge,history_unavailable,20,False,D_B_A_K,ridge::D_B_A_K,ridge::D_B_A_K,D_B_A_K,1.0,False,17,17,0.6465315444142528,1.0,"[""D"", ""B"", ""A"", ""K""]",whole,1520,full,ridge::D_B_M_P_C_A_K,False,21,0.023125055144324436,2.606807609085381,"post hoc; fixed-model conditional local-shift approximation, not achieved power",-0.007252262169917478,0.007252262169917478,0.0017756173498039577,-0.010644234884656942,-0.0037649599550455683,-0.004303742056157829,0.0037649599550455683,0.010644234884656942,0.004303742056157829,0.015872792974406958,-0.002623569351624503,False,True,True,0.023125055144324436,0.004628692818292975,0.002920630637903001,0.0029485201137596493,0.024619452408619912,0.006123090082588451,0.004415027902198476,0.02461404867567014,0.0061176863496386815,0.004437513645105355
ridge|history_unavailable|budget=20,ridge,history_unavailable,20,False,D_B_A_K,ridge::D_B_A_K,ridge::D_B_A_K,D_B_A_K,1.0,False,17,17,0.6465315444142528,1.0,"[""D"", ""B"", ""A"", ""K""]",whole,1520,benchmark,ridge::NONE,False,21,0.023125055144324436,2.606807609085381,"post hoc; fixed-model conditional local-shift approximation, not achieved power",0.016215154158780942,-0.016215154158780942,0.010860992491170736,-0.005343465983303181,0.03810715093510154,0.03374356796278004,-0.03810715093510154,0.005343465983303181,-0.03374356796278004,0.039340209303105375,0.044527672026984,False,False,False,0.023125055144324436,0.028312517868203064,0.01786474289139489,0.017528413803999096,0.03226589704256971,0.03745335976644834,0.02700558478964016,0.03232006291745717,0.0375075256413358,0.026723421577131833
ridge|history_unavailable|budget=21,ridge,history_unavailable,21,False,D_B_A_K,ridge::D_B_A_K,ridge::D_B_A_K,D_B_A_K,1.0,False,17,17,0.6465315444142528,1.0,"[""D"", ""B"", ""A"", ""K""]",whole,1520,full,ridge::D_B_M_P_C_A_K,False,21,0.023125055144324436,2.606807609085381,"post hoc; fixed-model conditional local-shift approximation, not achieved power",-0.007252262169917478,0.007252262169917478,0.0017756173498039577,-0.010644234884656942,-0.0037649599550455683,-0.004303742056157829,0.0037649599550455683,0.010644234884656942,0.004303742056157829,0.015872792974406958,-0.002623569351624503,False,True,True,0.023125055144324436,0.004628692818292975,0.002920630637903001,0.0029485201137596493,0.024619452408619912,0.006123090082588451,0.004415027902198476,0.02461404867567014,0.0061176863496386815,0.004437513645105355
ridge|history_unavailable|budget=21,ridge,history_unavailable,21,False,D_B_A_K,ridge::D_B_A_K,ridge::D_B_A_K,D_B_A_K,1.0,False,17,17,0.6465315444142528,1.0,"[""D"", ""B"", ""A"", ""K""]",whole,1520,benchmark,ridge::NONE,False,21,0.023125055144324436,2.606807609085381,"post hoc; fixed-model conditional local-shift approximation, not achieved power",0.016215154158780942,-0.016215154158780942,0.010860992491170736,-0.005343465983303181,0.03810715093510154,0.03374356796278004,-0.03810715093510154,0.005343465983303181,-0.03374356796278004,0.039340209303105375,0.044527672026984,False,False,False,0.023125055144324436,0.028312517868203064,0.01786474289139489,0.017528413803999096,0.03226589704256971,0.03745335976644834,0.02700558478964016,0.03232006291745717,0.0375075256413358,0.026723421577131833
ridge|history_unavailable|budget=22,ridge,history_unavailable,22,False,D_B_A_K,ridge::D_B_A_K,ridge::D_B_A_K,D_B_A_K,1.0,False,17,17,0.6465315444142528,1.0,"[""D"", ""B"", ""A"", ""K""]",whole,1520,full,ridge::D_B_M_P_C_A_K,False,21,0.023125055144324436,2.606807609085381,"post hoc; fixed-model conditional local-shift approximation, not achieved power",-0.007252262169917478,0.007252262169917478,0.0017756173498039577,-0.010644234884656942,-0.0037649599550455683,-0.004303742056157829,0.0037649599550455683,0.010644234884656942,0.004303742056157829,0.015872792974406958,-0.002623569351624503,False,True,True,0.023125055144324436,0.004628692818292975,0.002920630637903001,0.0029485201137596493,0.024619452408619912,0.006123090082588451,0.004415027902198476,0.02461404867567014,0.0061176863496386815,0.004437513645105355
ridge|history_unavailable|budget=22,ridge,history_unavailable,22,False,D_B_A_K,ridge::D_B_A_K,ridge::D_B_A_K,D_B_A_K,1.0,False,17,17,0.6465315444142528,1.0,"[""D"", ""B"", ""A"", ""K""]",whole,1520,benchmark,ridge::NONE,False,21,0.023125055144324436,2.606807609085381,"post hoc; fixed-model conditional local-shift approximation, not achieved power",0.016215154158780942,-0.016215154158780942,0.010860992491170736,-0.005343465983303181,0.03810715093510154,0.03374356796278004,-0.03810715093510154,0.005343465983303181,-0.03374356796278004,0.039340209303105375,0.044527672026984,False,False,False,0.023125055144324436,0.028312517868203064,0.01786474289139489,0.017528413803999096,0.03226589704256971,0.03745335976644834,0.02700558478964016,0.03232006291745717,0.0375075256413358,0.026723421577131833
ridge|history_unavailable|budget=23,ridge,history_unavailable,23,False,D_B_A_K,ridge::D_B_A_K,ridge::D_B_A_K,D_B_A_K,1.0,False,17,17,0.6465315444142528,1.0,"[""D"", ""B"", ""A"", ""K""]",whole,1520,full,ridge::D_B_M_P_C_A_K,False,21,0.023125055144324436,2.606807609085381,"post hoc; fixed-model conditional local-shift approximation, not achieved power",-0.007252262169917478,0.007252262169917478,0.0017756173498039577,-0.010644234884656942,-0.0037649599550455683,-0.004303742056157829,0.0037649599550455683,0.010644234884656942,0.004303742056157829,0.015872792974406958,-0.002623569351624503,False,True,True,0.023125055144324436,0.004628692818292975,0.002920630637903001,0.0029485201137596493,0.024619452408619912,0.006123090082588451,0.004415027902198476,0.02461404867567014,0.0061176863496386815,0.004437513645105355
ridge|history_unavailable|budget=23,ridge,history_unavailable,23,False,D_B_A_K,ridge::D_B_A_K,ridge::D_B_A_K,D_B_A_K,1.0,False,17,17,0.6465315444142528,1.0,"[""D"", ""B"", ""A"", ""K""]",whole,1520,benchmark,ridge::NONE,False,21,0.023125055144324436,2.606807609085381,"post hoc; fixed-model conditional local-shift approximation, not achieved power",0.016215154158780942,-0.016215154158780942,0.010860992491170736,-0.005343465983303181,0.03810715093510154,0.03374356796278004,-0.03810715093510154,0.005343465983303181,-0.03374356796278004,0.039340209303105375,0.044527672026984,False,False,False,0.023125055144324436,0.028312517868203064,0.01786474289139489,0.017528413803999096,0.03226589704256971,0.03745335976644834,0.02700558478964016,0.03232006291745717,0.0375075256413358,0.026723421577131833
ridge|history_unavailable|budget=24,ridge,history_unavailable,24,False,D_B_A_K,ridge::D_B_A_K,ridge::D_B_A_K,D_B_A_K,1.0,False,17,17,0.6465315444142528,1.0,"[""D"", ""B"", ""A"", ""K""]",whole,1520,full,ridge::D_B_M_P_C_A_K,False,21,0.023125055144324436,2.606807609085381,"post hoc; fixed-model conditional local-shift approximation, not achieved power",-0.007252262169917478,0.007252262169917478,0.0017756173498039577,-0.010644234884656942,-0.0037649599550455683,-0.004303742056157829,0.0037649599550455683,0.010644234884656942,0.004303742056157829,0.015872792974406958,-0.002623569351624503,False,True,True,0.023125055144324436,0.004628692818292975,0.002920630637903001,0.0029485201137596493,0.024619452408619912,0.006123090082588451,0.004415027902198476,0.02461404867567014,0.0061176863496386815,0.004437513645105355
ridge|history_unavailable|budget=24,ridge,history_unavailable,24,False,D_B_A_K,ridge::D_B_A_K,ridge::D_B_A_K,D_B_A_K,1.0,False,17,17,0.6465315444142528,1.0,"[""D"", ""B"", ""A"", ""K""]",whole,1520,benchmark,ridge::NONE,False,21,0.023125055144324436,2.606807609085381,"post hoc; fixed-model conditional local-shift approximation, not achieved power",0.016215154158780942,-0.016215154158780942,0.010860992491170736,-0.005343465983303181,0.03810715093510154,0.03374356796278004,-0.03810715093510154,0.005343465983303181,-0.03374356796278004,0.039340209303105375,0.044527672026984,False,False,False,0.023125055144324436,0.028312517868203064,0.01786474289139489,0.017528413803999096,0.03226589704256971,0.03745335976644834,0.02700558478964016,0.03232006291745717,0.0375075256413358,0.026723421577131833
ridge|history_unavailable|budget=25,ridge,history_unavailable,25,False,D_B_A_K,ridge::D_B_A_K,ridge::D_B_A_K,D_B_A_K,1.0,False,17,17,0.6465315444142528,1.0,"[""D"", ""B"", ""A"", ""K""]",whole,1520,full,ridge::D_B_M_P_C_A_K,False,21,0.023125055144324436,2.606807609085381,"post hoc; fixed-model conditional local-shift approximation, not achieved power",-0.007252262169917478,0.007252262169917478,0.0017756173498039577,-0.010644234884656942,-0.0037649599550455683,-0.004303742056157829,0.0037649599550455683,0.010644234884656942,0.004303742056157829,0.015872792974406958,-0.002623569351624503,False,True,True,0.023125055144324436,0.004628692818292975,0.002920630637903001,0.0029485201137596493,0.024619452408619912,0.006123090082588451,0.004415027902198476,0.02461404867567014,0.0061176863496386815,0.004437513645105355
ridge|history_unavailable|budget=25,ridge,history_unavailable,25,False,D_B_A_K,ridge::D_B_A_K,ridge::D_B_A_K,D_B_A_K,1.0,False,17,17,0.6465315444142528,1.0,"[""D"", ""B"", ""A"", ""K""]",whole,1520,benchmark,ridge::NONE,False,21,0.023125055144324436,2.606807609085381,"post hoc; fixed-model conditional local-shift approximation, not achieved power",0.016215154158780942,-0.016215154158780942,0.010860992491170736,-0.005343465983303181,0.03810715093510154,0.03374356796278004,-0.03810715093510154,0.005343465983303181,-0.03374356796278004,0.039340209303105375,0.044527672026984,False,False,False,0.023125055144324436,0.028312517868203064,0.01786474289139489,0.017528413803999096,0.03226589704256971,0.03745335976644834,0.02700558478964016,0.03232006291745717,0.0375075256413358,0.026723421577131833
ridge|history_unavailable|budget=26,ridge,history_unavailable,26,False,D_B_A_K,ridge::D_B_A_K,ridge::D_B_A_K,D_B_A_K,1.0,False,17,17,0.6465315444142528,1.0,"[""D"", ""B"", ""A"", ""K""]",whole,1520,full,ridge::D_B_M_P_C_A_K,False,21,0.023125055144324436,2.606807609085381,"post hoc; fixed-model conditional local-shift approximation, not achieved power",-0.007252262169917478,0.007252262169917478,0.0017756173498039577,-0.010644234884656942,-0.0037649599550455683,-0.004303742056157829,0.0037649599550455683,0.010644234884656942,0.004303742056157829,0.015872792974406958,-0.002623569351624503,False,True,True,0.023125055144324436,0.004628692818292975,0.002920630637903001,0.0029485201137596493,0.024619452408619912,0.006123090082588451,0.004415027902198476,0.02461404867567014,0.0061176863496386815,0.004437513645105355
ridge|history_unavailable|budget=26,ridge,history_unavailable,26,False,D_B_A_K,ridge::D_B_A_K,ridge::D_B_A_K,D_B_A_K,1.0,False,17,17,0.6465315444142528,1.0,"[""D"", ""B"", ""A"", ""K""]",whole,1520,benchmark,ridge::NONE,False,21,0.023125055144324436,2.606807609085381,"post hoc; fixed-model conditional local-shift approximation, not achieved power",0.016215154158780942,-0.016215154158780942,0.010860992491170736,-0.005343465983303181,0.03810715093510154,0.03374356796278004,-0.03810715093510154,0.005343465983303181,-0.03374356796278004,0.039340209303105375,0.044527672026984,False,False,False,0.023125055144324436,0.028312517868203064,0.01786474289139489,0.017528413803999096,0.03226589704256971,0.03745335976644834,0.02700558478964016,0.03232006291745717,0.0375075256413358,0.026723421577131833
ridge|history_unavailable|budget=27,ridge,history_unavailable,27,False,D_B_A_K,ridge::D_B_A_K,ridge::D_B_A_K,D_B_A_K,1.0,False,17,17,0.6465315444142528,1.0,"[""D"", ""B"", ""A"", ""K""]",whole,1520,full,ridge::D_B_M_P_C_A_K,False,21,0.023125055144324436,2.606807609085381,"post hoc; fixed-model conditional local-shift approximation, not achieved power",-0.007252262169917478,0.007252262169917478,0.0017756173498039577,-0.010644234884656942,-0.0037649599550455683,-0.004303742056157829,0.0037649599550455683,0.010644234884656942,0.004303742056157829,0.015872792974406958,-0.002623569351624503,False,True,True,0.023125055144324436,0.004628692818292975,0.002920630637903001,0.0029485201137596493,0.024619452408619912,0.006123090082588451,0.004415027902198476,0.02461404867567014,0.0061176863496386815,0.004437513645105355
ridge|history_unavailable|budget=27,ridge,history_unavailable,27,False,D_B_A_K,ridge::D_B_A_K,ridge::D_B_A_K,D_B_A_K,1.0,False,17,17,0.6465315444142528,1.0,"[""D"", ""B"", ""A"", ""K""]",whole,1520,benchmark,ridge::NONE,False,21,0.023125055144324436,2.606807609085381,"post hoc; fixed-model conditional local-shift approximation, not achieved power",0.016215154158780942,-0.016215154158780942,0.010860992491170736,-0.005343465983303181,0.03810715093510154,0.03374356796278004,-0.03810715093510154,0.005343465983303181,-0.03374356796278004,0.039340209303105375,0.044527672026984,False,False,False,0.023125055144324436,0.028312517868203064,0.01786474289139489,0.017528413803999096,0.03226589704256971,0.03745335976644834,0.02700558478964016,0.03232006291745717,0.0375075256413358,0.026723421577131833
ridge|history_unavailable|budget=28,ridge,history_unavailable,28,False,D_B_P_A_K,ridge::D_B_P_A_K,ridge::D_B_P_A_K,D_B_P_A_K,1.0,False,28,28,0.645554504910448,1.0,"[""D"", ""B"", ""P"", ""A"", ""K""]",whole,1520,full,ridge::D_B_M_P_C_A_K,False,21,0.023125055144324436,2.606807609085381,"post hoc; fixed-model conditional local-shift approximation, not achieved power",-0.003230092339159718,0.003230092339159718,0.0009112663688491308,-0.0050833980026839115,-0.0014645785516747697,-0.0017451399792357382,0.0014645785516747697,0.0050833980026839115,0.0017451399792357382,0.01989496280516472,-0.0008545962349401984,False,True,True,0.023125055144324436,0.0023754961042195197,0.001498899791920391,0.0014849523599239798,0.023891996269788753,0.0031424372296838354,0.0022658409173847063,0.023929717781735537,0.003180158741630622,0.0022896149973350823
ridge|history_unavailable|budget=28,ridge,history_unavailable,28,False,D_B_P_A_K,ridge::D_B_P_A_K,ridge::D_B_P_A_K,D_B_P_A_K,1.0,False,28,28,0.645554504910448,1.0,"[""D"", ""B"", ""P"", ""A"", ""K""]",whole,1520,benchmark,ridge::NONE,False,21,0.023125055144324436,2.606807609085381,"post hoc; fixed-model conditional local-shift approximation, not achieved power",0.020237323989538702,-0.020237323989538702,0.010930418510579284,-0.0016012005786483659,0.04183840415831694,0.03808462906359451,-0.04183840415831694,0.0016012005786483659,-0.03808462906359451,0.043362379133863135,0.048730822133404475,False,False,False,0.023125055144324436,0.028493498143865776,0.017978938531223846,0.017847305074055807,0.03232432745466639,0.037692770454207734,0.027178210841565797,0.03209531474784135,0.03746375774738269,0.026817564677572722
ridge|history_unavailable|budget=29,ridge,history_unavailable,29,False,D_B_P_A_K,ridge::D_B_P_A_K,ridge::D_B_P_A_K,D_B_P_A_K,1.0,False,28,28,0.645554504910448,1.0,"[""D"", ""B"", ""P"", ""A"", ""K""]",whole,1520,full,ridge::D_B_M_P_C_A_K,False,21,0.023125055144324436,2.606807609085381,"post hoc; fixed-model conditional local-shift approximation, not achieved power",-0.003230092339159718,0.003230092339159718,0.0009112663688491308,-0.0050833980026839115,-0.0014645785516747697,-0.0017451399792357382,0.0014645785516747697,0.0050833980026839115,0.0017451399792357382,0.01989496280516472,-0.0008545962349401984,False,True,True,0.023125055144324436,0.0023754961042195197,0.001498899791920391,0.0014849523599239798,0.023891996269788753,0.0031424372296838354,0.0022658409173847063,0.023929717781735537,0.003180158741630622,0.0022896149973350823
ridge|history_unavailable|budget=29,ridge,history_unavailable,29,False,D_B_P_A_K,ridge::D_B_P_A_K,ridge::D_B_P_A_K,D_B_P_A_K,1.0,False,28,28,0.645554504910448,1.0,"[""D"", ""B"", ""P"", ""A"", ""K""]",whole,1520,benchmark,ridge::NONE,False,21,0.023125055144324436,2.606807609085381,"post hoc; fixed-model conditional local-shift approximation, not achieved power",0.020237323989538702,-0.020237323989538702,0.010930418510579284,-0.0016012005786483659,0.04183840415831694,0.03808462906359451,-0.04183840415831694,0.0016012005786483659,-0.03808462906359451,0.043362379133863135,0.048730822133404475,False,False,False,0.023125055144324436,0.028493498143865776,0.017978938531223846,0.017847305074055807,0.03232432745466639,0.037692770454207734,0.027178210841565797,0.03209531474784135,0.03746375774738269,0.026817564677572722
ridge|history_unavailable|budget=30,ridge,history_unavailable,30,False,D_B_P_A_K,ridge::D_B_P_A_K,ridge::D_B_P_A_K,D_B_P_A_K,1.0,False,28,28,0.645554504910448,1.0,"[""D"", ""B"", ""P"", ""A"", ""K""]",whole,1520,full,ridge::D_B_M_P_C_A_K,False,21,0.023125055144324436,2.606807609085381,"post hoc; fixed-model conditional local-shift approximation, not achieved power",-0.003230092339159718,0.003230092339159718,0.0009112663688491308,-0.0050833980026839115,-0.0014645785516747697,-0.0017451399792357382,0.0014645785516747697,0.0050833980026839115,0.0017451399792357382,0.01989496280516472,-0.0008545962349401984,False,True,True,0.023125055144324436,0.0023754961042195197,0.001498899791920391,0.0014849523599239798,0.023891996269788753,0.0031424372296838354,0.0022658409173847063,0.023929717781735537,0.003180158741630622,0.0022896149973350823
ridge|history_unavailable|budget=30,ridge,history_unavailable,30,False,D_B_P_A_K,ridge::D_B_P_A_K,ridge::D_B_P_A_K,D_B_P_A_K,1.0,False,28,28,0.645554504910448,1.0,"[""D"", ""B"", ""P"", ""A"", ""K""]",whole,1520,benchmark,ridge::NONE,False,21,0.023125055144324436,2.606807609085381,"post hoc; fixed-model conditional local-shift approximation, not achieved power",0.020237323989538702,-0.020237323989538702,0.010930418510579284,-0.0016012005786483659,0.04183840415831694,0.03808462906359451,-0.04183840415831694,0.0016012005786483659,-0.03808462906359451,0.043362379133863135,0.048730822133404475,False,False,False,0.023125055144324436,0.028493498143865776,0.017978938531223846,0.017847305074055807,0.03232432745466639,0.037692770454207734,0.027178210841565797,0.03209531474784135,0.03746375774738269,0.026817564677572722
ridge|history_unavailable|budget=00,ridge,history_unavailable,0,False,NONE,ridge::NONE,ridge::NONE,NONE,0.001,False,0,0,0.6853643289188563,0.001,[],disjoint,879,full,ridge::D_B_M_P_C_A_K,False,21,0.03103450671618057,2.5752381693336783,"post hoc; fixed-model conditional local-shift approximation, not achieved power",-0.058974120088800985,0.058974120088800985,0.014907533904921808,-0.0872415655664413,-0.028906616333261404,-0.03410527122886698,0.028906616333261404,0.0872415655664413,0.03410527122886698,-0.027939613372620416,-0.020583669766210407,True,True,True,0.03103450671618057,0.03839045032259058,0.02452071121241268,0.024868848859934005,0.04358100379077091,0.050936947397180916,0.03706720828700301,0.04336450057189302,0.05072044417830303,0.037198842715646455
ridge|history_unavailable|budget=00,ridge,history_unavailable,0,False,NONE,ridge::NONE,ridge::NONE,NONE,0.001,False,0,0,0.6853643289188563,0.001,[],disjoint,879,benchmark,ridge::NONE,True,21,0.03103450671618057,2.5752381693336783,"post hoc; fixed-model conditional local-shift approximation, not achieved power",0.0,-0.0,0.0,0.0,0.0,0.0,-0.0,-0.0,-0.0,0.0,0.0,False,False,False,,,,,,,,,,
ridge|history_unavailable|budget=01,ridge,history_unavailable,1,False,B,ridge::B,ridge::B,B,0.1,False,1,1,0.6777381954029948,0.1,"[""B""]",disjoint,879,full,ridge::D_B_M_P_C_A_K,False,21,0.03103450671618057,2.5752381693336783,"post hoc; fixed-model conditional local-shift approximation, not achieved power",-0.06603486608162867,0.06603486608162867,0.013945850116627757,-0.09316402313149769,-0.0376221378172881,-0.042929762776578506,0.0376221378172881,0.09316402313149769,0.042929762776578506,-0.035000359365448104,-0.030120980557482344,True,True,True,0.03103450671618057,0.03591388552414633,0.022938882145256776,0.02310510330505017,0.04277163029455979,0.04765100910252555,0.034676005723636,0.04294114733570056,0.04782052614366632,0.03501174392457016
ridge|history_unavailable|budget=01,ridge,history_unavailable,1,False,B,ridge::B,ridge::B,B,0.1,False,1,1,0.6777381954029948,0.1,"[""B""]",disjoint,879,benchmark,ridge::NONE,False,21,0.03103450671618057,2.5752381693336783,"post hoc; fixed-model conditional local-shift approximation, not achieved power",-0.007060745992827688,0.007060745992827688,0.00430974809302541,-0.015063337161845599,0.0016488525819385053,0.00026246573505453365,-0.0016488525819385053,0.015063337161845599,-0.00026246573505453365,0.02397376072335288,0.004037881796544379,False,False,False,0.03103450671618057,0.011098627789372068,0.007088904782060036,0.007323211727882222,0.03466168222262113,0.014725803295812629,0.010716080288500596,0.034513165975205276,0.014577287048396776,0.01080187098690693
ridge|history_unavailable|budget=02,ridge,history_unavailable,2,False,B_A,ridge::B_A,ridge::B_A,B_A,0.1,False,2,2,0.6736656514353723,0.1,"[""B"", ""A""]",disjoint,879,full,ridge::D_B_M_P_C_A_K,False,21,0.03103450671618057,2.5752381693336783,"post hoc; fixed-model conditional local-shift approximation, not achieved power",-0.048966433693686806,0.048966433693686806,0.012268512896948677,-0.07267159514326513,-0.0239810055132293,-0.028055748806835694,0.0239810055132293,0.07267159514326513,0.028055748806835694,-0.017931926977506236,-0.01737209100050207,True,True,True,0.03103450671618057,0.031594342693184736,0.020179907935846945,0.020910684886851112,0.041359947674615725,0.041919783651619885,0.030505348894282098,0.04135116475091295,0.04191100072791712,0.031227342921583495
ridge|history_unavailable|budget=02,ridge,history_unavailable,2,False,B_A,ridge::B_A,ridge::B_A,B_A,0.1,False,2,2,0.6736656514353723,0.1,"[""B"", ""A""]",disjoint,879,benchmark,ridge::NONE,False,21,0.03103450671618057,2.5752381693336783,"post hoc; fixed-model conditional local-shift approximation, not achieved power",0.01000768639511418,-0.01000768639511418,0.006927991922481009,-0.003238298403852766,0.023502950693226908,0.021518431909321088,-0.023502950693226908,0.003238298403852766,-0.021518431909321088,0.04104219311129475,0.027848915630722684,False,False,False,0.03103450671618057,0.017841229235608505,0.01139553264118339,0.011510745514206909,0.03686525182416222,0.023671974343590155,0.01722627774916504,0.036780142643612505,0.02358686516304044,0.017256381441638845
ridge|history_unavailable|budget=03,ridge,history_unavailable,3,False,B_C_A,ridge::B_C_A,ridge::B_C_A,B_C_A,0.1,False,3,3,0.6735209745197117,0.1,"[""B"", ""C"", ""A""]",disjoint,879,full,ridge::D_B_M_P_C_A_K,False,21,0.03103450671618057,2.5752381693336783,"post hoc; fixed-model conditional local-shift approximation, not achieved power",-0.050122511441648254,0.050122511441648254,0.012199888413199638,-0.0736363414906756,-0.0253901983108405,-0.029244718217660136,0.0253901983108405,0.0736363414906756,0.029244718217660136,-0.019088004725467685,-0.01870489313836486,True,True,True,0.03103450671618057,0.03141761830328339,0.020067030704854667,0.02087779322398812,0.041302191851949555,0.04168530343905238,0.03033471584062365,0.041149785766580564,0.04153289735368339,0.030993072274388113
ridge|history_unavailable|budget=03,ridge,history_unavailable,3,False,B_C_A,ridge::B_C_A,ridge::B_C_A,B_C_A,0.1,False,3,3,0.6735209745197117,0.1,"[""B"", ""C"", ""A""]",disjoint,879,benchmark,ridge::NONE,False,21,0.03103450671618057,2.5752381693336783,"post hoc; fixed-model conditional local-shift approximation, not achieved power",0.008851608647152731,-0.008851608647152731,0.007131248125612444,-0.004618358368824113,0.02266369842286317,0.020631946281415653,-0.02266369842286317,0.004618358368824113,-0.020631946281415653,0.0398861153633333,0.027216271015219146,False,False,False,0.03103450671618057,0.018364662368066414,0.011729859344104516,0.011780337634262922,0.037036316560573046,0.02436647221245889,0.01773166918849699,0.037029108167677675,0.02435926381956352,0.017774939085760028
ridge|history_unavailable|budget=04,ridge,history_unavailable,4,False,D,ridge::D,ridge::D,D,1.0,False,4,4,0.6621656516928427,1.0,"[""D""]",disjoint,879,full,ridge::D_B_M_P_C_A_K,False,21,0.03103450671618057,2.5752381693336783,"post hoc; fixed-model conditional local-shift approximation, not achieved power",-0.007746120843344029,0.007746120843344029,0.007972941494833817,-0.023349300635591083,0.008278714222300698,0.005819566509319082,-0.008278714222300698,0.023349300635591083,-0.005819566509319082,0.02328838587283654,0.01278610241601633,False,False,False,0.03103450671618057,0.02053222325936036,0.013114321735249297,0.01356568735266311,0.03774470357226728,0.027242420115447072,0.019824518591336007,0.037652239412745155,0.02714995595592494,0.020183420049227692
ridge|history_unavailable|budget=04,ridge,history_unavailable,4,False,D,ridge::D,ridge::D,D,1.0,False,4,4,0.6621656516928427,1.0,"[""D""]",disjoint,879,benchmark,ridge::NONE,False,21,0.03103450671618057,2.5752381693336783,"post hoc; fixed-model conditional local-shift approximation, not achieved power",0.05122799924545696,-0.05122799924545696,0.011036531504008927,0.02944637746656562,0.0723643303043514,0.06923228121013261,-0.0723643303043514,-0.02944637746656562,-0.06923228121013261,0.08226250596163753,0.07964969643163437,False,False,False,0.03103450671618057,0.028421697186177416,0.01815347887333327,0.01800428196467566,0.04032308597495089,0.03771027644494774,0.02744205813210359,0.04023052185364361,0.03761771232364046,0.027200297102138702
ridge|history_unavailable|budget=05,ridge,history_unavailable,5,False,D_B,ridge::D_B,ridge::D_B,D_B,1.0,False,5,5,0.6582120307239033,1.0,"[""D"", ""B""]",disjoint,879,full,ridge::D_B_M_P_C_A_K,False,21,0.03103450671618057,2.5752381693336783,"post hoc; fixed-model conditional local-shift approximation, not achieved power",-0.01816748898036602,0.01816748898036602,0.007080106683775855,-0.031496902673379124,-0.004539261295990159,-0.006583330996823835,0.004539261295990159,0.031496902673379124,0.006583330996823835,0.01286701773581455,6.54719946480524e-05,False,False,True,0.03103450671618057,0.018232960975014072,0.011645739158012074,0.011584157983542185,0.03699327483720784,0.024191729096041344,0.017604507279039342,0.037334720203481095,0.024533174462314594,0.017884371470842708
ridge|history_unavailable|budget=05,ridge,history_unavailable,5,False,D_B,ridge::D_B,ridge::D_B,D_B,1.0,False,5,5,0.6582120307239033,1.0,"[""D"", ""B""]",disjoint,879,benchmark,ridge::NONE,False,21,0.03103450671618057,2.5752381693336783,"post hoc; fixed-model conditional local-shift approximation, not achieved power",0.040806631108434965,-0.040806631108434965,0.011660105799098174,0.018003619366155507,0.06408917886252175,0.06022005448732373,-0.06408917886252175,-0.018003619366155507,-0.06022005448732373,0.07184113782461554,0.07083418062074155,False,False,False,0.03103450671618057,0.030027549512306587,0.019179167314284526,0.01941342337888877,0.04084789934240827,0.039840942138534285,0.028992559940512218,0.040997245000714014,0.03999028779684004,0.029376161663422218
ridge|history_unavailable|budget=06,ridge,history_unavailable,6,False,D_B_A,ridge::D_B_A,ridge::D_B_A,D_B_A,1.0,False,6,6,0.6545563941969289,1.0,"[""D"", ""B"", ""A""]",disjoint,879,full,ridge::D_B_M_P_C_A_K,False,21,0.03103450671618057,2.5752381693336783,"post hoc; fixed-model conditional local-shift approximation, not achieved power",0.006494038611554953,-0.006494038611554953,0.005642385273800972,-0.0041438972222412294,0.018150918984167423,0.016126619888871353,-0.018150918984167423,0.0041438972222412294,-0.016126619888871353,0.03752854532773552,0.021024524534733476,False,False,False,0.03103450671618057,0.01453048592317852,0.009280897882269105,0.009632581277316398,0.03578325797061059,0.01927923717760854,0.014029649136699122,0.03564622331655244,0.019142202523550395,0.014244297877688272
ridge|history_unavailable|budget=06,ridge,history_unavailable,6,False,D_B_A,ridge::D_B_A,ridge::D_B_A,D_B_A,1.0,False,6,6,0.6545563941969289,1.0,"[""D"", ""B"", ""A""]",disjoint,879,benchmark,ridge::NONE,False,21,0.03103450671618057,2.5752381693336783,"post hoc; fixed-model conditional local-shift approximation, not achieved power",0.06546815870035594,-0.06546815870035594,0.014258230685424667,0.03753928273758286,0.09370514083933407,0.08866874494684024,-0.09370514083933407,-0.03753928273758286,-0.08866874494684024,0.09650266541653651,0.10218649858862623,False,False,False,0.03103450671618057,0.03671833988827029,0.02345270245683154,0.023200586246484304,0.043034536414214855,0.048718369586304586,0.03545273215486582,0.04317319792950131,0.048857031101591036,0.035339277459805044
ridge|history_unavailable|budget=07,ridge,history_unavailable,7,False,D_B_A,ridge::D_B_A,ridge::D_B_A,D_B_A,1.0,False,6,6,0.6545563941969289,1.0,"[""D"", ""B"", ""A""]",disjoint,879,full,ridge::D_B_M_P_C_A_K,False,21,0.03103450671618057,2.5752381693336783,"post hoc; fixed-model conditional local-shift approximation, not achieved power",0.006494038611554953,-0.006494038611554953,0.005642385273800972,-0.0041438972222412294,0.018150918984167423,0.016126619888871353,-0.018150918984167423,0.0041438972222412294,-0.016126619888871353,0.03752854532773552,0.021024524534733476,False,False,False,0.03103450671618057,0.01453048592317852,0.009280897882269105,0.009632581277316398,0.03578325797061059,0.01927923717760854,0.014029649136699122,0.03564622331655244,0.019142202523550395,0.014244297877688272
ridge|history_unavailable|budget=07,ridge,history_unavailable,7,False,D_B_A,ridge::D_B_A,ridge::D_B_A,D_B_A,1.0,False,6,6,0.6545563941969289,1.0,"[""D"", ""B"", ""A""]",disjoint,879,benchmark,ridge::NONE,False,21,0.03103450671618057,2.5752381693336783,"post hoc; fixed-model conditional local-shift approximation, not achieved power",0.06546815870035594,-0.06546815870035594,0.014258230685424667,0.03753928273758286,0.09370514083933407,0.08866874494684024,-0.09370514083933407,-0.03753928273758286,-0.08866874494684024,0.09650266541653651,0.10218649858862623,False,False,False,0.03103450671618057,0.03671833988827029,0.02345270245683154,0.023200586246484304,0.043034536414214855,0.048718369586304586,0.03545273215486582,0.04317319792950131,0.048857031101591036,0.035339277459805044
ridge|history_unavailable|budget=08,ridge,history_unavailable,8,False,D_B_A,ridge::D_B_A,ridge::D_B_A,D_B_A,1.0,False,6,6,0.6545563941969289,1.0,"[""D"", ""B"", ""A""]",disjoint,879,full,ridge::D_B_M_P_C_A_K,False,21,0.03103450671618057,2.5752381693336783,"post hoc; fixed-model conditional local-shift approximation, not achieved power",0.006494038611554953,-0.006494038611554953,0.005642385273800972,-0.0041438972222412294,0.018150918984167423,0.016126619888871353,-0.018150918984167423,0.0041438972222412294,-0.016126619888871353,0.03752854532773552,0.021024524534733476,False,False,False,0.03103450671618057,0.01453048592317852,0.009280897882269105,0.009632581277316398,0.03578325797061059,0.01927923717760854,0.014029649136699122,0.03564622331655244,0.019142202523550395,0.014244297877688272
ridge|history_unavailable|budget=08,ridge,history_unavailable,8,False,D_B_A,ridge::D_B_A,ridge::D_B_A,D_B_A,1.0,False,6,6,0.6545563941969289,1.0,"[""D"", ""B"", ""A""]",disjoint,879,benchmark,ridge::NONE,False,21,0.03103450671618057,2.5752381693336783,"post hoc; fixed-model conditional local-shift approximation, not achieved power",0.06546815870035594,-0.06546815870035594,0.014258230685424667,0.03753928273758286,0.09370514083933407,0.08866874494684024,-0.09370514083933407,-0.03753928273758286,-0.08866874494684024,0.09650266541653651,0.10218649858862623,False,False,False,0.03103450671618057,0.03671833988827029,0.02345270245683154,0.023200586246484304,0.043034536414214855,0.048718369586304586,0.03545273215486582,0.04317319792950131,0.048857031101591036,0.035339277459805044
ridge|history_unavailable|budget=09,ridge,history_unavailable,9,False,D_B_A,ridge::D_B_A,ridge::D_B_A,D_B_A,1.0,False,6,6,0.6545563941969289,1.0,"[""D"", ""B"", ""A""]",disjoint,879,full,ridge::D_B_M_P_C_A_K,False,21,0.03103450671618057,2.5752381693336783,"post hoc; fixed-model conditional local-shift approximation, not achieved power",0.006494038611554953,-0.006494038611554953,0.005642385273800972,-0.0041438972222412294,0.018150918984167423,0.016126619888871353,-0.018150918984167423,0.0041438972222412294,-0.016126619888871353,0.03752854532773552,0.021024524534733476,False,False,False,0.03103450671618057,0.01453048592317852,0.009280897882269105,0.009632581277316398,0.03578325797061059,0.01927923717760854,0.014029649136699122,0.03564622331655244,0.019142202523550395,0.014244297877688272
ridge|history_unavailable|budget=09,ridge,history_unavailable,9,False,D_B_A,ridge::D_B_A,ridge::D_B_A,D_B_A,1.0,False,6,6,0.6545563941969289,1.0,"[""D"", ""B"", ""A""]",disjoint,879,benchmark,ridge::NONE,False,21,0.03103450671618057,2.5752381693336783,"post hoc; fixed-model conditional local-shift approximation, not achieved power",0.06546815870035594,-0.06546815870035594,0.014258230685424667,0.03753928273758286,0.09370514083933407,0.08866874494684024,-0.09370514083933407,-0.03753928273758286,-0.08866874494684024,0.09650266541653651,0.10218649858862623,False,False,False,0.03103450671618057,0.03671833988827029,0.02345270245683154,0.023200586246484304,0.043034536414214855,0.048718369586304586,0.03545273215486582,0.04317319792950131,0.048857031101591036,0.035339277459805044
ridge|history_unavailable|budget=10,ridge,history_unavailable,10,False,D_B_A,ridge::D_B_A,ridge::D_B_A,D_B_A,1.0,False,6,6,0.6545563941969289,1.0,"[""D"", ""B"", ""A""]",disjoint,879,full,ridge::D_B_M_P_C_A_K,False,21,0.03103450671618057,2.5752381693336783,"post hoc; fixed-model conditional local-shift approximation, not achieved power",0.006494038611554953,-0.006494038611554953,0.005642385273800972,-0.0041438972222412294,0.018150918984167423,0.016126619888871353,-0.018150918984167423,0.0041438972222412294,-0.016126619888871353,0.03752854532773552,0.021024524534733476,False,False,False,0.03103450671618057,0.01453048592317852,0.009280897882269105,0.009632581277316398,0.03578325797061059,0.01927923717760854,0.014029649136699122,0.03564622331655244,0.019142202523550395,0.014244297877688272
ridge|history_unavailable|budget=10,ridge,history_unavailable,10,False,D_B_A,ridge::D_B_A,ridge::D_B_A,D_B_A,1.0,False,6,6,0.6545563941969289,1.0,"[""D"", ""B"", ""A""]",disjoint,879,benchmark,ridge::NONE,False,21,0.03103450671618057,2.5752381693336783,"post hoc; fixed-model conditional local-shift approximation, not achieved power",0.06546815870035594,-0.06546815870035594,0.014258230685424667,0.03753928273758286,0.09370514083933407,0.08866874494684024,-0.09370514083933407,-0.03753928273758286,-0.08866874494684024,0.09650266541653651,0.10218649858862623,False,False,False,0.03103450671618057,0.03671833988827029,0.02345270245683154,0.023200586246484304,0.043034536414214855,0.048718369586304586,0.03545273215486582,0.04317319792950131,0.048857031101591036,0.035339277459805044
ridge|history_unavailable|budget=11,ridge,history_unavailable,11,False,D_B_A,ridge::D_B_A,ridge::D_B_A,D_B_A,1.0,False,6,6,0.6545563941969289,1.0,"[""D"", ""B"", ""A""]",disjoint,879,full,ridge::D_B_M_P_C_A_K,False,21,0.03103450671618057,2.5752381693336783,"post hoc; fixed-model conditional local-shift approximation, not achieved power",0.006494038611554953,-0.006494038611554953,0.005642385273800972,-0.0041438972222412294,0.018150918984167423,0.016126619888871353,-0.018150918984167423,0.0041438972222412294,-0.016126619888871353,0.03752854532773552,0.021024524534733476,False,False,False,0.03103450671618057,0.01453048592317852,0.009280897882269105,0.009632581277316398,0.03578325797061059,0.01927923717760854,0.014029649136699122,0.03564622331655244,0.019142202523550395,0.014244297877688272
ridge|history_unavailable|budget=11,ridge,history_unavailable,11,False,D_B_A,ridge::D_B_A,ridge::D_B_A,D_B_A,1.0,False,6,6,0.6545563941969289,1.0,"[""D"", ""B"", ""A""]",disjoint,879,benchmark,ridge::NONE,False,21,0.03103450671618057,2.5752381693336783,"post hoc; fixed-model conditional local-shift approximation, not achieved power",0.06546815870035594,-0.06546815870035594,0.014258230685424667,0.03753928273758286,0.09370514083933407,0.08866874494684024,-0.09370514083933407,-0.03753928273758286,-0.08866874494684024,0.09650266541653651,0.10218649858862623,False,False,False,0.03103450671618057,0.03671833988827029,0.02345270245683154,0.023200586246484304,0.043034536414214855,0.048718369586304586,0.03545273215486582,0.04317319792950131,0.048857031101591036,0.035339277459805044
ridge|history_unavailable|budget=12,ridge,history_unavailable,12,False,D_B_A,ridge::D_B_A,ridge::D_B_A,D_B_A,1.0,False,6,6,0.6545563941969289,1.0,"[""D"", ""B"", ""A""]",disjoint,879,full,ridge::D_B_M_P_C_A_K,False,21,0.03103450671618057,2.5752381693336783,"post hoc; fixed-model conditional local-shift approximation, not achieved power",0.006494038611554953,-0.006494038611554953,0.005642385273800972,-0.0041438972222412294,0.018150918984167423,0.016126619888871353,-0.018150918984167423,0.0041438972222412294,-0.016126619888871353,0.03752854532773552,0.021024524534733476,False,False,False,0.03103450671618057,0.01453048592317852,0.009280897882269105,0.009632581277316398,0.03578325797061059,0.01927923717760854,0.014029649136699122,0.03564622331655244,0.019142202523550395,0.014244297877688272
ridge|history_unavailable|budget=12,ridge,history_unavailable,12,False,D_B_A,ridge::D_B_A,ridge::D_B_A,D_B_A,1.0,False,6,6,0.6545563941969289,1.0,"[""D"", ""B"", ""A""]",disjoint,879,benchmark,ridge::NONE,False,21,0.03103450671618057,2.5752381693336783,"post hoc; fixed-model conditional local-shift approximation, not achieved power",0.06546815870035594,-0.06546815870035594,0.014258230685424667,0.03753928273758286,0.09370514083933407,0.08866874494684024,-0.09370514083933407,-0.03753928273758286,-0.08866874494684024,0.09650266541653651,0.10218649858862623,False,False,False,0.03103450671618057,0.03671833988827029,0.02345270245683154,0.023200586246484304,0.043034536414214855,0.048718369586304586,0.03545273215486582,0.04317319792950131,0.048857031101591036,0.035339277459805044
ridge|history_unavailable|budget=13,ridge,history_unavailable,13,False,D_B_A,ridge::D_B_A,ridge::D_B_A,D_B_A,1.0,False,6,6,0.6545563941969289,1.0,"[""D"", ""B"", ""A""]",disjoint,879,full,ridge::D_B_M_P_C_A_K,False,21,0.03103450671618057,2.5752381693336783,"post hoc; fixed-model conditional local-shift approximation, not achieved power",0.006494038611554953,-0.006494038611554953,0.005642385273800972,-0.0041438972222412294,0.018150918984167423,0.016126619888871353,-0.018150918984167423,0.0041438972222412294,-0.016126619888871353,0.03752854532773552,0.021024524534733476,False,False,False,0.03103450671618057,0.01453048592317852,0.009280897882269105,0.009632581277316398,0.03578325797061059,0.01927923717760854,0.014029649136699122,0.03564622331655244,0.019142202523550395,0.014244297877688272
ridge|history_unavailable|budget=13,ridge,history_unavailable,13,False,D_B_A,ridge::D_B_A,ridge::D_B_A,D_B_A,1.0,False,6,6,0.6545563941969289,1.0,"[""D"", ""B"", ""A""]",disjoint,879,benchmark,ridge::NONE,False,21,0.03103450671618057,2.5752381693336783,"post hoc; fixed-model conditional local-shift approximation, not achieved power",0.06546815870035594,-0.06546815870035594,0.014258230685424667,0.03753928273758286,0.09370514083933407,0.08866874494684024,-0.09370514083933407,-0.03753928273758286,-0.08866874494684024,0.09650266541653651,0.10218649858862623,False,False,False,0.03103450671618057,0.03671833988827029,0.02345270245683154,0.023200586246484304,0.043034536414214855,0.048718369586304586,0.03545273215486582,0.04317319792950131,0.048857031101591036,0.035339277459805044
ridge|history_unavailable|budget=14,ridge,history_unavailable,14,False,D_B_A,ridge::D_B_A,ridge::D_B_A,D_B_A,1.0,False,6,6,0.6545563941969289,1.0,"[""D"", ""B"", ""A""]",disjoint,879,full,ridge::D_B_M_P_C_A_K,False,21,0.03103450671618057,2.5752381693336783,"post hoc; fixed-model conditional local-shift approximation, not achieved power",0.006494038611554953,-0.006494038611554953,0.005642385273800972,-0.0041438972222412294,0.018150918984167423,0.016126619888871353,-0.018150918984167423,0.0041438972222412294,-0.016126619888871353,0.03752854532773552,0.021024524534733476,False,False,False,0.03103450671618057,0.01453048592317852,0.009280897882269105,0.009632581277316398,0.03578325797061059,0.01927923717760854,0.014029649136699122,0.03564622331655244,0.019142202523550395,0.014244297877688272
ridge|history_unavailable|budget=14,ridge,history_unavailable,14,False,D_B_A,ridge::D_B_A,ridge::D_B_A,D_B_A,1.0,False,6,6,0.6545563941969289,1.0,"[""D"", ""B"", ""A""]",disjoint,879,benchmark,ridge::NONE,False,21,0.03103450671618057,2.5752381693336783,"post hoc; fixed-model conditional local-shift approximation, not achieved power",0.06546815870035594,-0.06546815870035594,0.014258230685424667,0.03753928273758286,0.09370514083933407,0.08866874494684024,-0.09370514083933407,-0.03753928273758286,-0.08866874494684024,0.09650266541653651,0.10218649858862623,False,False,False,0.03103450671618057,0.03671833988827029,0.02345270245683154,0.023200586246484304,0.043034536414214855,0.048718369586304586,0.03545273215486582,0.04317319792950131,0.048857031101591036,0.035339277459805044
ridge|history_unavailable|budget=15,ridge,history_unavailable,15,False,D_K,ridge::D_K,ridge::D_K,D_K,1.0,False,15,15,0.6534616584557627,1.0,"[""D"", ""K""]",disjoint,879,full,ridge::D_B_M_P_C_A_K,False,21,0.03103450671618057,2.5752381693336783,"post hoc; fixed-model conditional local-shift approximation, not achieved power",-0.025754518686933903,0.025754518686933903,0.006802935609240571,-0.03881909695321262,-0.012379402801304387,-0.014711809276488545,0.012379402801304387,0.03881909695321262,0.014711809276488545,0.005279988029246667,-0.008235339242498325,False,True,True,0.03103450671618057,0.017519179444435578,0.011189833310776677,0.011042709410445358,0.036760001775546725,0.023244674503801733,0.01691532837014283,0.03683127216352286,0.023315944891777865,0.016839474857787647
ridge|history_unavailable|budget=15,ridge,history_unavailable,15,False,D_K,ridge::D_K,ridge::D_K,D_K,1.0,False,15,15,0.6534616584557627,1.0,"[""D"", ""K""]",disjoint,879,benchmark,ridge::NONE,False,21,0.03103450671618057,2.5752381693336783,"post hoc; fixed-model conditional local-shift approximation, not achieved power",0.03321960140186708,-0.03321960140186708,0.011952628681215056,0.009426880205559197,0.056142411711497864,0.05326800547908308,-0.056142411711497864,-0.009426880205559197,-0.05326800547908308,0.06425410811804766,0.06400046700560456,False,False,False,0.03103450671618057,0.03078086560373748,0.019660324637900777,0.020048404077215996,0.04109409281130378,0.04084045169886069,0.029719910733023987,0.04100210696185359,0.04074846584941051,0.030016004322889023
ridge|history_unavailable|budget=16,ridge,history_unavailable,16,False,D_A_K,ridge::D_A_K,ridge::D_A_K,D_A_K,1.0,False,16,16,0.6495521869548352,1.0,"[""D"", ""A"", ""K""]",disjoint,879,full,ridge::D_B_M_P_C_A_K,False,21,0.03103450671618057,2.5752381693336783,"post hoc; fixed-model conditional local-shift approximation, not achieved power",-0.00021081816641377316,0.00021081816641377316,0.004041630549587717,-0.008195761431091316,0.00754067534194929,0.006559943753669366,-0.00754067534194929,0.008195761431091316,-0.006559943753669366,0.030823688549766796,0.010197343091229568,False,False,False,0.03103450671618057,0.010408161257643342,0.0066478906682872286,0.006770761920083139,0.03443602880497056,0.013809683346433331,0.010049412757077218,0.03432267734075746,0.013696331882220233,0.010058932544660032
ridge|history_unavailable|budget=16,ridge,history_unavailable,16,False,D_A_K,ridge::D_A_K,ridge::D_A_K,D_A_K,1.0,False,16,16,0.6495521869548352,1.0,"[""D"", ""A"", ""K""]",disjoint,879,benchmark,ridge::NONE,False,21,0.03103450671618057,2.5752381693336783,"post hoc; fixed-model conditional local-shift approximation, not achieved power",0.05876330192238721,-0.05876330192238721,0.014161439747219725,0.030348962208977565,0.08597095842469542,0.08270612871980175,-0.08597095842469542,-0.030348962208977565,-0.08270612871980175,0.08979780863856779,0.09523238209214652,False,False,False,0.03103450671618057,0.03646908016975931,0.023293495531069103,0.023942826797414534,0.04295307510540414,0.04838764855898288,0.03521206392029266,0.043146012702440444,0.048580586156019186,0.03605433278367441
ridge|history_unavailable|budget=17,ridge,history_unavailable,17,False,D_B_A_K,ridge::D_B_A_K,ridge::D_B_A_K,D_B_A_K,1.0,False,17,17,0.6465315444142528,1.0,"[""D"", ""B"", ""A"", ""K""]",disjoint,879,full,ridge::D_B_M_P_C_A_K,False,21,0.03103450671618057,2.5752381693336783,"post hoc; fixed-model conditional local-shift approximation, not achieved power",-0.010227334395447985,0.010227334395447985,0.0024845439890805654,-0.01488277420659359,-0.005212095008053414,-0.006061785997532,0.005212095008053414,0.01488277420659359,0.006061785997532,0.020807172320732585,-0.0038290418813791546,False,True,True,0.03103450671618057,0.00639829251406883,0.004086711191759647,0.004165548397915985,0.033125551693136725,0.008489337491024984,0.006177756168715801,0.03305624879631301,0.008420034594201268,0.006187290478048424
ridge|history_unavailable|budget=17,ridge,history_unavailable,17,False,D_B_A_K,ridge::D_B_A_K,ridge::D_B_A_K,D_B_A_K,1.0,False,17,17,0.6465315444142528,1.0,"[""D"", ""B"", ""A"", ""K""]",disjoint,879,benchmark,ridge::NONE,False,21,0.03103450671618057,2.5752381693336783,"post hoc; fixed-model conditional local-shift approximation, not achieved power",0.048746785693353,-0.048746785693353,0.01446948804610418,0.020256715332066022,0.07659926208613578,0.07281042520680608,-0.07659926208613578,-0.020256715332066022,-0.07281042520680608,0.07978129240953358,0.08600916360039787,False,False,False,0.03103450671618057,0.03726237790704487,0.02380018989276543,0.02406363951345309,0.043212335094711306,0.04944020628557561,0.03597801827129617,0.04350489743429768,0.049732768625161974,0.0365340302315702
ridge|history_unavailable|budget=18,ridge,history_unavailable,18,False,D_B_A_K,ridge::D_B_A_K,ridge::D_B_A_K,D_B_A_K,1.0,False,17,17,0.6465315444142528,1.0,"[""D"", ""B"", ""A"", ""K""]",disjoint,879,full,ridge::D_B_M_P_C_A_K,False,21,0.03103450671618057,2.5752381693336783,"post hoc; fixed-model conditional local-shift approximation, not achieved power",-0.010227334395447985,0.010227334395447985,0.0024845439890805654,-0.01488277420659359,-0.005212095008053414,-0.006061785997532,0.005212095008053414,0.01488277420659359,0.006061785997532,0.020807172320732585,-0.0038290418813791546,False,True,True,0.03103450671618057,0.00639829251406883,0.004086711191759647,0.004165548397915985,0.033125551693136725,0.008489337491024984,0.006177756168715801,0.03305624879631301,0.008420034594201268,0.006187290478048424
ridge|history_unavailable|budget=18,ridge,history_unavailable,18,False,D_B_A_K,ridge::D_B_A_K,ridge::D_B_A_K,D_B_A_K,1.0,False,17,17,0.6465315444142528,1.0,"[""D"", ""B"", ""A"", ""K""]",disjoint,879,benchmark,ridge::NONE,False,21,0.03103450671618057,2.5752381693336783,"post hoc; fixed-model conditional local-shift approximation, not achieved power",0.048746785693353,-0.048746785693353,0.01446948804610418,0.020256715332066022,0.07659926208613578,0.07281042520680608,-0.07659926208613578,-0.020256715332066022,-0.07281042520680608,0.07978129240953358,0.08600916360039787,False,False,False,0.03103450671618057,0.03726237790704487,0.02380018989276543,0.02406363951345309,0.043212335094711306,0.04944020628557561,0.03597801827129617,0.04350489743429768,0.049732768625161974,0.0365340302315702
ridge|history_unavailable|budget=19,ridge,history_unavailable,19,False,D_B_A_K,ridge::D_B_A_K,ridge::D_B_A_K,D_B_A_K,1.0,False,17,17,0.6465315444142528,1.0,"[""D"", ""B"", ""A"", ""K""]",disjoint,879,full,ridge::D_B_M_P_C_A_K,False,21,0.03103450671618057,2.5752381693336783,"post hoc; fixed-model conditional local-shift approximation, not achieved power",-0.010227334395447985,0.010227334395447985,0.0024845439890805654,-0.01488277420659359,-0.005212095008053414,-0.006061785997532,0.005212095008053414,0.01488277420659359,0.006061785997532,0.020807172320732585,-0.0038290418813791546,False,True,True,0.03103450671618057,0.00639829251406883,0.004086711191759647,0.004165548397915985,0.033125551693136725,0.008489337491024984,0.006177756168715801,0.03305624879631301,0.008420034594201268,0.006187290478048424
ridge|history_unavailable|budget=19,ridge,history_unavailable,19,False,D_B_A_K,ridge::D_B_A_K,ridge::D_B_A_K,D_B_A_K,1.0,False,17,17,0.6465315444142528,1.0,"[""D"", ""B"", ""A"", ""K""]",disjoint,879,benchmark,ridge::NONE,False,21,0.03103450671618057,2.5752381693336783,"post hoc; fixed-model conditional local-shift approximation, not achieved power",0.048746785693353,-0.048746785693353,0.01446948804610418,0.020256715332066022,0.07659926208613578,0.07281042520680608,-0.07659926208613578,-0.020256715332066022,-0.07281042520680608,0.07978129240953358,0.08600916360039787,False,False,False,0.03103450671618057,0.03726237790704487,0.02380018989276543,0.02406363951345309,0.043212335094711306,0.04944020628557561,0.03597801827129617,0.04350489743429768,0.049732768625161974,0.0365340302315702
ridge|history_unavailable|budget=20,ridge,history_unavailable,20,False,D_B_A_K,ridge::D_B_A_K,ridge::D_B_A_K,D_B_A_K,1.0,False,17,17,0.6465315444142528,1.0,"[""D"", ""B"", ""A"", ""K""]",disjoint,879,full,ridge::D_B_M_P_C_A_K,False,21,0.03103450671618057,2.5752381693336783,"post hoc; fixed-model conditional local-shift approximation, not achieved power",-0.010227334395447985,0.010227334395447985,0.0024845439890805654,-0.01488277420659359,-0.005212095008053414,-0.006061785997532,0.005212095008053414,0.01488277420659359,0.006061785997532,0.020807172320732585,-0.0038290418813791546,False,True,True,0.03103450671618057,0.00639829251406883,0.004086711191759647,0.004165548397915985,0.033125551693136725,0.008489337491024984,0.006177756168715801,0.03305624879631301,0.008420034594201268,0.006187290478048424
ridge|history_unavailable|budget=20,ridge,history_unavailable,20,False,D_B_A_K,ridge::D_B_A_K,ridge::D_B_A_K,D_B_A_K,1.0,False,17,17,0.6465315444142528,1.0,"[""D"", ""B"", ""A"", ""K""]",disjoint,879,benchmark,ridge::NONE,False,21,0.03103450671618057,2.5752381693336783,"post hoc; fixed-model conditional local-shift approximation, not achieved power",0.048746785693353,-0.048746785693353,0.01446948804610418,0.020256715332066022,0.07659926208613578,0.07281042520680608,-0.07659926208613578,-0.020256715332066022,-0.07281042520680608,0.07978129240953358,0.08600916360039787,False,False,False,0.03103450671618057,0.03726237790704487,0.02380018989276543,0.02406363951345309,0.043212335094711306,0.04944020628557561,0.03597801827129617,0.04350489743429768,0.049732768625161974,0.0365340302315702
ridge|history_unavailable|budget=21,ridge,history_unavailable,21,False,D_B_A_K,ridge::D_B_A_K,ridge::D_B_A_K,D_B_A_K,1.0,False,17,17,0.6465315444142528,1.0,"[""D"", ""B"", ""A"", ""K""]",disjoint,879,full,ridge::D_B_M_P_C_A_K,False,21,0.03103450671618057,2.5752381693336783,"post hoc; fixed-model conditional local-shift approximation, not achieved power",-0.010227334395447985,0.010227334395447985,0.0024845439890805654,-0.01488277420659359,-0.005212095008053414,-0.006061785997532,0.005212095008053414,0.01488277420659359,0.006061785997532,0.020807172320732585,-0.0038290418813791546,False,True,True,0.03103450671618057,0.00639829251406883,0.004086711191759647,0.004165548397915985,0.033125551693136725,0.008489337491024984,0.006177756168715801,0.03305624879631301,0.008420034594201268,0.006187290478048424
ridge|history_unavailable|budget=21,ridge,history_unavailable,21,False,D_B_A_K,ridge::D_B_A_K,ridge::D_B_A_K,D_B_A_K,1.0,False,17,17,0.6465315444142528,1.0,"[""D"", ""B"", ""A"", ""K""]",disjoint,879,benchmark,ridge::NONE,False,21,0.03103450671618057,2.5752381693336783,"post hoc; fixed-model conditional local-shift approximation, not achieved power",0.048746785693353,-0.048746785693353,0.01446948804610418,0.020256715332066022,0.07659926208613578,0.07281042520680608,-0.07659926208613578,-0.020256715332066022,-0.07281042520680608,0.07978129240953358,0.08600916360039787,False,False,False,0.03103450671618057,0.03726237790704487,0.02380018989276543,0.02406363951345309,0.043212335094711306,0.04944020628557561,0.03597801827129617,0.04350489743429768,0.049732768625161974,0.0365340302315702
ridge|history_unavailable|budget=22,ridge,history_unavailable,22,False,D_B_A_K,ridge::D_B_A_K,ridge::D_B_A_K,D_B_A_K,1.0,False,17,17,0.6465315444142528,1.0,"[""D"", ""B"", ""A"", ""K""]",disjoint,879,full,ridge::D_B_M_P_C_A_K,False,21,0.03103450671618057,2.5752381693336783,"post hoc; fixed-model conditional local-shift approximation, not achieved power",-0.010227334395447985,0.010227334395447985,0.0024845439890805654,-0.01488277420659359,-0.005212095008053414,-0.006061785997532,0.005212095008053414,0.01488277420659359,0.006061785997532,0.020807172320732585,-0.0038290418813791546,False,True,True,0.03103450671618057,0.00639829251406883,0.004086711191759647,0.004165548397915985,0.033125551693136725,0.008489337491024984,0.006177756168715801,0.03305624879631301,0.008420034594201268,0.006187290478048424
ridge|history_unavailable|budget=22,ridge,history_unavailable,22,False,D_B_A_K,ridge::D_B_A_K,ridge::D_B_A_K,D_B_A_K,1.0,False,17,17,0.6465315444142528,1.0,"[""D"", ""B"", ""A"", ""K""]",disjoint,879,benchmark,ridge::NONE,False,21,0.03103450671618057,2.5752381693336783,"post hoc; fixed-model conditional local-shift approximation, not achieved power",0.048746785693353,-0.048746785693353,0.01446948804610418,0.020256715332066022,0.07659926208613578,0.07281042520680608,-0.07659926208613578,-0.020256715332066022,-0.07281042520680608,0.07978129240953358,0.08600916360039787,False,False,False,0.03103450671618057,0.03726237790704487,0.02380018989276543,0.02406363951345309,0.043212335094711306,0.04944020628557561,0.03597801827129617,0.04350489743429768,0.049732768625161974,0.0365340302315702
ridge|history_unavailable|budget=23,ridge,history_unavailable,23,False,D_B_A_K,ridge::D_B_A_K,ridge::D_B_A_K,D_B_A_K,1.0,False,17,17,0.6465315444142528,1.0,"[""D"", ""B"", ""A"", ""K""]",disjoint,879,full,ridge::D_B_M_P_C_A_K,False,21,0.03103450671618057,2.5752381693336783,"post hoc; fixed-model conditional local-shift approximation, not achieved power",-0.010227334395447985,0.010227334395447985,0.0024845439890805654,-0.01488277420659359,-0.005212095008053414,-0.006061785997532,0.005212095008053414,0.01488277420659359,0.006061785997532,0.020807172320732585,-0.0038290418813791546,False,True,True,0.03103450671618057,0.00639829251406883,0.004086711191759647,0.004165548397915985,0.033125551693136725,0.008489337491024984,0.006177756168715801,0.03305624879631301,0.008420034594201268,0.006187290478048424
ridge|history_unavailable|budget=23,ridge,history_unavailable,23,False,D_B_A_K,ridge::D_B_A_K,ridge::D_B_A_K,D_B_A_K,1.0,False,17,17,0.6465315444142528,1.0,"[""D"", ""B"", ""A"", ""K""]",disjoint,879,benchmark,ridge::NONE,False,21,0.03103450671618057,2.5752381693336783,"post hoc; fixed-model conditional local-shift approximation, not achieved power",0.048746785693353,-0.048746785693353,0.01446948804610418,0.020256715332066022,0.07659926208613578,0.07281042520680608,-0.07659926208613578,-0.020256715332066022,-0.07281042520680608,0.07978129240953358,0.08600916360039787,False,False,False,0.03103450671618057,0.03726237790704487,0.02380018989276543,0.02406363951345309,0.043212335094711306,0.04944020628557561,0.03597801827129617,0.04350489743429768,0.049732768625161974,0.0365340302315702
ridge|history_unavailable|budget=24,ridge,history_unavailable,24,False,D_B_A_K,ridge::D_B_A_K,ridge::D_B_A_K,D_B_A_K,1.0,False,17,17,0.6465315444142528,1.0,"[""D"", ""B"", ""A"", ""K""]",disjoint,879,full,ridge::D_B_M_P_C_A_K,False,21,0.03103450671618057,2.5752381693336783,"post hoc; fixed-model conditional local-shift approximation, not achieved power",-0.010227334395447985,0.010227334395447985,0.0024845439890805654,-0.01488277420659359,-0.005212095008053414,-0.006061785997532,0.005212095008053414,0.01488277420659359,0.006061785997532,0.020807172320732585,-0.0038290418813791546,False,True,True,0.03103450671618057,0.00639829251406883,0.004086711191759647,0.004165548397915985,0.033125551693136725,0.008489337491024984,0.006177756168715801,0.03305624879631301,0.008420034594201268,0.006187290478048424
ridge|history_unavailable|budget=24,ridge,history_unavailable,24,False,D_B_A_K,ridge::D_B_A_K,ridge::D_B_A_K,D_B_A_K,1.0,False,17,17,0.6465315444142528,1.0,"[""D"", ""B"", ""A"", ""K""]",disjoint,879,benchmark,ridge::NONE,False,21,0.03103450671618057,2.5752381693336783,"post hoc; fixed-model conditional local-shift approximation, not achieved power",0.048746785693353,-0.048746785693353,0.01446948804610418,0.020256715332066022,0.07659926208613578,0.07281042520680608,-0.07659926208613578,-0.020256715332066022,-0.07281042520680608,0.07978129240953358,0.08600916360039787,False,False,False,0.03103450671618057,0.03726237790704487,0.02380018989276543,0.02406363951345309,0.043212335094711306,0.04944020628557561,0.03597801827129617,0.04350489743429768,0.049732768625161974,0.0365340302315702
ridge|history_unavailable|budget=25,ridge,history_unavailable,25,False,D_B_A_K,ridge::D_B_A_K,ridge::D_B_A_K,D_B_A_K,1.0,False,17,17,0.6465315444142528,1.0,"[""D"", ""B"", ""A"", ""K""]",disjoint,879,full,ridge::D_B_M_P_C_A_K,False,21,0.03103450671618057,2.5752381693336783,"post hoc; fixed-model conditional local-shift approximation, not achieved power",-0.010227334395447985,0.010227334395447985,0.0024845439890805654,-0.01488277420659359,-0.005212095008053414,-0.006061785997532,0.005212095008053414,0.01488277420659359,0.006061785997532,0.020807172320732585,-0.0038290418813791546,False,True,True,0.03103450671618057,0.00639829251406883,0.004086711191759647,0.004165548397915985,0.033125551693136725,0.008489337491024984,0.006177756168715801,0.03305624879631301,0.008420034594201268,0.006187290478048424
ridge|history_unavailable|budget=25,ridge,history_unavailable,25,False,D_B_A_K,ridge::D_B_A_K,ridge::D_B_A_K,D_B_A_K,1.0,False,17,17,0.6465315444142528,1.0,"[""D"", ""B"", ""A"", ""K""]",disjoint,879,benchmark,ridge::NONE,False,21,0.03103450671618057,2.5752381693336783,"post hoc; fixed-model conditional local-shift approximation, not achieved power",0.048746785693353,-0.048746785693353,0.01446948804610418,0.020256715332066022,0.07659926208613578,0.07281042520680608,-0.07659926208613578,-0.020256715332066022,-0.07281042520680608,0.07978129240953358,0.08600916360039787,False,False,False,0.03103450671618057,0.03726237790704487,0.02380018989276543,0.02406363951345309,0.043212335094711306,0.04944020628557561,0.03597801827129617,0.04350489743429768,0.049732768625161974,0.0365340302315702
ridge|history_unavailable|budget=26,ridge,history_unavailable,26,False,D_B_A_K,ridge::D_B_A_K,ridge::D_B_A_K,D_B_A_K,1.0,False,17,17,0.6465315444142528,1.0,"[""D"", ""B"", ""A"", ""K""]",disjoint,879,full,ridge::D_B_M_P_C_A_K,False,21,0.03103450671618057,2.5752381693336783,"post hoc; fixed-model conditional local-shift approximation, not achieved power",-0.010227334395447985,0.010227334395447985,0.0024845439890805654,-0.01488277420659359,-0.005212095008053414,-0.006061785997532,0.005212095008053414,0.01488277420659359,0.006061785997532,0.020807172320732585,-0.0038290418813791546,False,True,True,0.03103450671618057,0.00639829251406883,0.004086711191759647,0.004165548397915985,0.033125551693136725,0.008489337491024984,0.006177756168715801,0.03305624879631301,0.008420034594201268,0.006187290478048424
ridge|history_unavailable|budget=26,ridge,history_unavailable,26,False,D_B_A_K,ridge::D_B_A_K,ridge::D_B_A_K,D_B_A_K,1.0,False,17,17,0.6465315444142528,1.0,"[""D"", ""B"", ""A"", ""K""]",disjoint,879,benchmark,ridge::NONE,False,21,0.03103450671618057,2.5752381693336783,"post hoc; fixed-model conditional local-shift approximation, not achieved power",0.048746785693353,-0.048746785693353,0.01446948804610418,0.020256715332066022,0.07659926208613578,0.07281042520680608,-0.07659926208613578,-0.020256715332066022,-0.07281042520680608,0.07978129240953358,0.08600916360039787,False,False,False,0.03103450671618057,0.03726237790704487,0.02380018989276543,0.02406363951345309,0.043212335094711306,0.04944020628557561,0.03597801827129617,0.04350489743429768,0.049732768625161974,0.0365340302315702
ridge|history_unavailable|budget=27,ridge,history_unavailable,27,False,D_B_A_K,ridge::D_B_A_K,ridge::D_B_A_K,D_B_A_K,1.0,False,17,17,0.6465315444142528,1.0,"[""D"", ""B"", ""A"", ""K""]",disjoint,879,full,ridge::D_B_M_P_C_A_K,False,21,0.03103450671618057,2.5752381693336783,"post hoc; fixed-model conditional local-shift approximation, not achieved power",-0.010227334395447985,0.010227334395447985,0.0024845439890805654,-0.01488277420659359,-0.005212095008053414,-0.006061785997532,0.005212095008053414,0.01488277420659359,0.006061785997532,0.020807172320732585,-0.0038290418813791546,False,True,True,0.03103450671618057,0.00639829251406883,0.004086711191759647,0.004165548397915985,0.033125551693136725,0.008489337491024984,0.006177756168715801,0.03305624879631301,0.008420034594201268,0.006187290478048424
ridge|history_unavailable|budget=27,ridge,history_unavailable,27,False,D_B_A_K,ridge::D_B_A_K,ridge::D_B_A_K,D_B_A_K,1.0,False,17,17,0.6465315444142528,1.0,"[""D"", ""B"", ""A"", ""K""]",disjoint,879,benchmark,ridge::NONE,False,21,0.03103450671618057,2.5752381693336783,"post hoc; fixed-model conditional local-shift approximation, not achieved power",0.048746785693353,-0.048746785693353,0.01446948804610418,0.020256715332066022,0.07659926208613578,0.07281042520680608,-0.07659926208613578,-0.020256715332066022,-0.07281042520680608,0.07978129240953358,0.08600916360039787,False,False,False,0.03103450671618057,0.03726237790704487,0.02380018989276543,0.02406363951345309,0.043212335094711306,0.04944020628557561,0.03597801827129617,0.04350489743429768,0.049732768625161974,0.0365340302315702
ridge|history_unavailable|budget=28,ridge,history_unavailable,28,False,D_B_P_A_K,ridge::D_B_P_A_K,ridge::D_B_P_A_K,D_B_P_A_K,1.0,False,28,28,0.645554504910448,1.0,"[""D"", ""B"", ""P"", ""A"", ""K""]",disjoint,879,full,ridge::D_B_M_P_C_A_K,False,21,0.03103450671618057,2.5752381693336783,"post hoc; fixed-model conditional local-shift approximation, not achieved power",-0.002913101428580589,0.002913101428580589,0.0013519519740668566,-0.005656335485579589,-0.00038524870537776134,-0.0007623032387411256,0.00038524870537776134,0.005656335485579589,0.0007623032387411256,0.02812140528759998,0.0005684968981423955,False,False,True,0.03103450671618057,0.0034815983267229844,0.002223763108008072,0.0021507981898394634,0.03217233820432605,0.004619429814868469,0.003361594596153556,0.03224322118604114,0.004690312796583556,0.0033595126597000357
ridge|history_unavailable|budget=28,ridge,history_unavailable,28,False,D_B_P_A_K,ridge::D_B_P_A_K,ridge::D_B_P_A_K,D_B_P_A_K,1.0,False,28,28,0.645554504910448,1.0,"[""D"", ""B"", ""P"", ""A"", ""K""]",disjoint,879,benchmark,ridge::NONE,False,21,0.03103450671618057,2.5752381693336783,"post hoc; fixed-model conditional local-shift approximation, not achieved power",0.056061018660220396,-0.056061018660220396,0.014790922744475809,0.026318339466231945,0.08467028270981858,0.08063373955683599,-0.08467028270981858,-0.026318339466231945,-0.08063373955683599,0.08709552537640097,0.09415116747146014,False,False,False,0.03103450671618057,0.038090148811239746,0.024328902922210058,0.024572720896615597,0.04348286136206798,0.050538503457127154,0.03677725756809746,0.04366061201153081,0.05071625410658999,0.03719882619196584
ridge|history_unavailable|budget=29,ridge,history_unavailable,29,False,D_B_P_A_K,ridge::D_B_P_A_K,ridge::D_B_P_A_K,D_B_P_A_K,1.0,False,28,28,0.645554504910448,1.0,"[""D"", ""B"", ""P"", ""A"", ""K""]",disjoint,879,full,ridge::D_B_M_P_C_A_K,False,21,0.03103450671618057,2.5752381693336783,"post hoc; fixed-model conditional local-shift approximation, not achieved power",-0.002913101428580589,0.002913101428580589,0.0013519519740668566,-0.005656335485579589,-0.00038524870537776134,-0.0007623032387411256,0.00038524870537776134,0.005656335485579589,0.0007623032387411256,0.02812140528759998,0.0005684968981423955,False,False,True,0.03103450671618057,0.0034815983267229844,0.002223763108008072,0.0021507981898394634,0.03217233820432605,0.004619429814868469,0.003361594596153556,0.03224322118604114,0.004690312796583556,0.0033595126597000357
ridge|history_unavailable|budget=29,ridge,history_unavailable,29,False,D_B_P_A_K,ridge::D_B_P_A_K,ridge::D_B_P_A_K,D_B_P_A_K,1.0,False,28,28,0.645554504910448,1.0,"[""D"", ""B"", ""P"", ""A"", ""K""]",disjoint,879,benchmark,ridge::NONE,False,21,0.03103450671618057,2.5752381693336783,"post hoc; fixed-model conditional local-shift approximation, not achieved power",0.056061018660220396,-0.056061018660220396,0.014790922744475809,0.026318339466231945,0.08467028270981858,0.08063373955683599,-0.08467028270981858,-0.026318339466231945,-0.08063373955683599,0.08709552537640097,0.09415116747146014,False,False,False,0.03103450671618057,0.038090148811239746,0.024328902922210058,0.024572720896615597,0.04348286136206798,0.050538503457127154,0.03677725756809746,0.04366061201153081,0.05071625410658999,0.03719882619196584
ridge|history_unavailable|budget=30,ridge,history_unavailable,30,False,D_B_P_A_K,ridge::D_B_P_A_K,ridge::D_B_P_A_K,D_B_P_A_K,1.0,False,28,28,0.645554504910448,1.0,"[""D"", ""B"", ""P"", ""A"", ""K""]",disjoint,879,full,ridge::D_B_M_P_C_A_K,False,21,0.03103450671618057,2.5752381693336783,"post hoc; fixed-model conditional local-shift approximation, not achieved power",-0.002913101428580589,0.002913101428580589,0.0013519519740668566,-0.005656335485579589,-0.00038524870537776134,-0.0007623032387411256,0.00038524870537776134,0.005656335485579589,0.0007623032387411256,0.02812140528759998,0.0005684968981423955,False,False,True,0.03103450671618057,0.0034815983267229844,0.002223763108008072,0.0021507981898394634,0.03217233820432605,0.004619429814868469,0.003361594596153556,0.03224322118604114,0.004690312796583556,0.0033595126597000357
ridge|history_unavailable|budget=30,ridge,history_unavailable,30,False,D_B_P_A_K,ridge::D_B_P_A_K,ridge::D_B_P_A_K,D_B_P_A_K,1.0,False,28,28,0.645554504910448,1.0,"[""D"", ""B"", ""P"", ""A"", ""K""]",disjoint,879,benchmark,ridge::NONE,False,21,0.03103450671618057,2.5752381693336783,"post hoc; fixed-model conditional local-shift approximation, not achieved power",0.056061018660220396,-0.056061018660220396,0.014790922744475809,0.026318339466231945,0.08467028270981858,0.08063373955683599,-0.08467028270981858,-0.026318339466231945,-0.08063373955683599,0.08709552537640097,0.09415116747146014,False,False,False,0.03103450671618057,0.038090148811239746,0.024328902922210058,0.024572720896615597,0.04348286136206798,0.050538503457127154,0.03677725756809746,0.04366061201153081,0.05071625410658999,0.03719882619196584
ridge|history_available|budget=00,ridge,history_available,0,True,P0,P0,P0,P0,,True,0,0,0.6620828063230408,,"[""H""]",whole,1520,full,ridge::H_D_B_M_P_C_A_K,False,25,0.02229214816222482,2.65580397971585,"post hoc; fixed-model conditional local-shift approximation, not achieved power",-0.038987217708090216,0.038987217708090216,0.010575285651947966,-0.05963312491408352,-0.017262835702183663,-0.020673297551104138,0.017262835702183663,0.05963312491408352,0.020673297551104138,-0.016695069545865394,-0.01090133198701488,True,True,True,0.02229214816222482,0.028085885721075336,0.017394796960654477,0.018313920156986078,0.03119253311800321,0.03698627067685373,0.026295181916432864,0.031173678534159845,0.03696741609301036,0.027195450528921097
ridge|history_available|budget=00,ridge,history_available,0,True,P0,P0,P0,P0,,True,0,0,0.6620828063230408,,"[""H""]",whole,1520,benchmark,P0,True,25,0.02229214816222482,2.65580397971585,"post hoc; fixed-model conditional local-shift approximation, not achieved power",0.0,-0.0,0.0,0.0,0.0,0.0,-0.0,-0.0,-0.0,0.0,0.0,False,False,False,,,,,,,,,,
ridge|history_available|budget=01,ridge,history_available,1,True,H_B,ridge::H_B,ridge::H_B,H_B,1.0,True,1,1,0.6578158495921907,1.0,"[""H"", ""B""]",whole,1520,full,ridge::H_D_B_M_P_C_A_K,False,25,0.02229214816222482,2.65580397971585,"post hoc; fixed-model conditional local-shift approximation, not achieved power",-0.04236810420889159,0.04236810420889159,0.01004400263599375,-0.06207872279020816,-0.021697004035863044,-0.02530599037997175,0.021697004035863044,0.06207872279020816,0.02530599037997175,-0.020075956046666767,-0.015693202035942898,True,True,True,0.02229214816222482,0.02667490217294869,0.016520914164924468,0.01706211382891984,0.030745394050739484,0.03512814806146335,0.02497416005343913,0.0305703750561553,0.03495312906687917,0.025340340722850317
ridge|history_available|budget=01,ridge,history_available,1,True,H_B,ridge::H_B,ridge::H_B,H_B,1.0,True,1,1,0.6578158495921907,1.0,"[""H"", ""B""]",whole,1520,benchmark,P0,False,25,0.02229214816222482,2.65580397971585,"post hoc; fixed-model conditional local-shift approximation, not achieved power",-0.003380886500801372,0.003380886500801372,0.0024230667534464326,-0.008054499711388033,0.0013511408885207299,0.0005064763691249741,-0.0013511408885207299,0.008054499711388033,-0.0005064763691249741,0.01891126166142345,0.0030543038261188274,False,False,False,0.02229214816222482,0.0064351903269202,0.003985590137751893,0.0038873628699263463,0.024331452592289925,0.008474494756985303,0.006024894567816996,0.024410220916564817,0.008553263081260195,0.006005435624266342
ridge|history_available|budget=02,ridge,history_available,2,True,H_B_A,ridge::H_B_A,ridge::H_B_A,H_B_A,0.1,True,2,2,0.6557119973590803,0.1,"[""H"", ""B"", ""A""]",whole,1520,full,ridge::H_D_B_M_P_C_A_K,False,25,0.02229214816222482,2.65580397971585,"post hoc; fixed-model conditional local-shift approximation, not achieved power",-0.02870995657471831,0.02870995657471831,0.008842383206171645,-0.04549919512842883,-0.01122249948082257,-0.013820468280772009,0.01122249948082257,0.04549919512842883,0.013820468280772009,-0.006417808412493488,-0.00522632006559506,True,True,True,0.02229214816222482,0.02348363650912325,0.014544426087566217,0.0148894882939463,0.029734085623927424,0.03092557397082585,0.021986363549268816,0.029677702495464198,0.030869190842362625,0.022275042627185677
ridge|history_available|budget=02,ridge,history_available,2,True,H_B_A,ridge::H_B_A,ridge::H_B_A,H_B_A,0.1,True,2,2,0.6557119973590803,0.1,"[""H"", ""B"", ""A""]",whole,1520,benchmark,P0,False,25,0.02229214816222482,2.65580397971585,"post hoc; fixed-model conditional local-shift approximation, not achieved power",0.010277261133371907,-0.010277261133371907,0.0041345615407442655,0.0022514638160667233,0.01853117296138868,0.017179309500946163,-0.01853117296138868,-0.0022514638160667233,-0.017179309500946163,0.03256940929559673,0.021257846127660622,False,False,False,0.02229214816222482,0.010980584994288717,0.006800748546147272,0.006902048367574258,0.02577188294642914,0.014460319778493035,0.01028048333035159,0.0257368145700561,0.014425251402119994,0.010346714775405535
ridge|history_available|budget=03,ridge,history_available,3,True,H_B_A,ridge::H_B_A,ridge::H_B_A,H_B_A,0.1,True,2,2,0.6557119973590803,0.1,"[""H"", ""B"", ""A""]",whole,1520,full,ridge::H_D_B_M_P_C_A_K,False,25,0.02229214816222482,2.65580397971585,"post hoc; fixed-model conditional local-shift approximation, not achieved power",-0.02870995657471831,0.02870995657471831,0.008842383206171645,-0.04549919512842883,-0.01122249948082257,-0.013820468280772009,0.01122249948082257,0.04549919512842883,0.013820468280772009,-0.006417808412493488,-0.00522632006559506,True,True,True,0.02229214816222482,0.02348363650912325,0.014544426087566217,0.0148894882939463,0.029734085623927424,0.03092557397082585,0.021986363549268816,0.029677702495464198,0.030869190842362625,0.022275042627185677
ridge|history_available|budget=03,ridge,history_available,3,True,H_B_A,ridge::H_B_A,ridge::H_B_A,H_B_A,0.1,True,2,2,0.6557119973590803,0.1,"[""H"", ""B"", ""A""]",whole,1520,benchmark,P0,False,25,0.02229214816222482,2.65580397971585,"post hoc; fixed-model conditional local-shift approximation, not achieved power",0.010277261133371907,-0.010277261133371907,0.0041345615407442655,0.0022514638160667233,0.01853117296138868,0.017179309500946163,-0.01853117296138868,-0.0022514638160667233,-0.017179309500946163,0.03256940929559673,0.021257846127660622,False,False,False,0.02229214816222482,0.010980584994288717,0.006800748546147272,0.006902048367574258,0.02577188294642914,0.014460319778493035,0.01028048333035159,0.0257368145700561,0.014425251402119994,0.010346714775405535
ridge|history_available|budget=04,ridge,history_available,4,True,H_D,ridge::H_D,ridge::H_D,H_D,1.0,True,4,4,0.6396754472363618,1.0,"[""H"", ""D""]",whole,1520,full,ridge::H_D_B_M_P_C_A_K,False,25,0.02229214816222482,2.65580397971585,"post hoc; fixed-model conditional local-shift approximation, not achieved power",-0.0032762751193714523,0.0032762751193714523,0.004738898270474741,-0.012507896380355979,0.006155697930863981,0.004591460379271186,-0.006155697930863981,0.012507896380355979,-0.004591460379271186,0.01901587304285337,0.009309309766823922,False,False,False,0.02229214816222482,0.012585584886195374,0.007794794007944436,0.007867735498642638,0.02628050557039832,0.016573942294368878,0.011783151416117936,0.02623182224016025,0.016525258964130804,0.011807409576578068
ridge|history_available|budget=04,ridge,history_available,4,True,H_D,ridge::H_D,ridge::H_D,H_D,1.0,True,4,4,0.6396754472363618,1.0,"[""H"", ""D""]",whole,1520,benchmark,P0,False,25,0.02229214816222482,2.65580397971585,"post hoc; fixed-model conditional local-shift approximation, not achieved power",0.035710942588718764,-0.035710942588718764,0.008321102579471584,0.018934719705642374,0.050847234552690614,0.04891114370125624,-0.050847234552690614,-0.018934719705642374,-0.04891114370125624,0.058003090750943585,0.057810159934903224,False,False,False,0.02229214816222482,0.022099217346184457,0.013686995758079086,0.013200201112537474,0.029295364779846456,0.02910243396380609,0.020690212375700717,0.029514675765040476,0.02932174494900011,0.02042272871535313
ridge|history_available|budget=05,ridge,history_available,5,True,H_D_B,ridge::H_D_B,ridge::H_D_B,H_D_B,1.0,True,5,5,0.6379948075675399,1.0,"[""H"", ""D"", ""B""]",whole,1520,full,ridge::H_D_B_M_P_C_A_K,False,25,0.02229214816222482,2.65580397971585,"post hoc; fixed-model conditional local-shift approximation, not achieved power",-0.008977919000090484,0.008977919000090484,0.004312014443449202,-0.017058360714820052,-0.00043846068469251265,-0.0017334677362757962,0.00043846068469251265,0.017058360714820052,0.0017334677362757962,0.013314229162134338,0.0024739461194141325,False,False,True,0.02229214816222482,0.011451865119504617,0.007092632596774554,0.007244451263814688,0.025921231077304763,0.015080948034584558,0.010721715511854494,0.025798824482556725,0.01495854143983652,0.010751127584146591
ridge|history_available|budget=05,ridge,history_available,5,True,H_D_B,ridge::H_D_B,ridge::H_D_B,H_D_B,1.0,True,5,5,0.6379948075675399,1.0,"[""H"", ""D"", ""B""]",whole,1520,benchmark,P0,False,25,0.02229214816222482,2.65580397971585,"post hoc; fixed-model conditional local-shift approximation, not achieved power",0.030009298707999732,-0.030009298707999732,0.0085029544729023,0.012887575344146154,0.04657375802236101,0.043397086388209376,-0.04657375802236101,-0.012887575344146154,-0.043397086388209376,0.052301446870224554,0.052591479036476346,False,False,False,0.02229214816222482,0.022582180328476618,0.013986115504556593,0.013387787680209644,0.029448415194723184,0.02973844736097498,0.021142382537054954,0.029766157466440887,0.030056189632692687,0.02086179698442571
ridge|history_available|budget=06,ridge,history_available,6,True,H_D_B_A,ridge::H_D_B_A,ridge::H_D_B_A,H_D_B_A,1.0,True,6,6,0.6362755316368176,1.0,"[""H"", ""D"", ""B"", ""A""]",whole,1520,full,ridge::H_D_B_M_P_C_A_K,False,25,0.02229214816222482,2.65580397971585,"post hoc; fixed-model conditional local-shift approximation, not achieved power",0.010247036400673926,-0.010247036400673926,0.003571331043872158,0.0034150528557350904,0.017424683226211247,0.01638013988576586,-0.017424683226211247,-0.0034150528557350904,-0.01638013988576586,0.03253918456289875,0.019731791599872366,False,False,False,0.02229214816222482,0.009484755199198438,0.005874316820557507,0.006133103485091934,0.02529785620086575,0.012490463237839368,0.008880024859198435,0.025081653961372095,0.012274260998345714,0.008922609284239208
ridge|history_available|budget=06,ridge,history_available,6,True,H_D_B_A,ridge::H_D_B_A,ridge::H_D_B_A,H_D_B_A,1.0,True,6,6,0.6362755316368176,1.0,"[""H"", ""D"", ""B"", ""A""]",whole,1520,benchmark,P0,False,25,0.02229214816222482,2.65580397971585,"post hoc; fixed-model conditional local-shift approximation, not achieved power",0.04923425410876414,-0.04923425410876414,0.010296756331351619,0.028208984022387855,0.06939321933371291,0.06579491128734564,-0.06939321933371291,-0.028208984022387855,-0.06579491128734564,0.07152640227098897,0.07658042055173214,False,False,False,0.02229214816222482,0.027346166442968004,0.016936656997459245,0.016560657178581503,0.030958116927616686,0.03601213520835987,0.025602625762851106,0.031046900366742604,0.03610091864748578,0.025315409383099285
ridge|history_available|budget=07,ridge,history_available,7,True,H_D_B_M_A,ridge::H_D_B_M_A,ridge::H_D_B_M_A,H_D_B_M_A,1.0,True,7,7,0.6362310759849575,1.0,"[""H"", ""D"", ""B"", ""M"", ""A""]",whole,1520,full,ridge::H_D_B_M_P_C_A_K,False,25,0.02229214816222482,2.65580397971585,"post hoc; fixed-model conditional local-shift approximation, not achieved power",0.014281677147523486,-0.014281677147523486,0.0035906056237889226,0.007433172284603748,0.02140275706199395,0.020270568959459105,-0.02140275706199395,-0.007433172284603748,-0.020270568959459105,0.03657382530974831,0.023817621852772218,False,False,False,0.02229214816222482,0.009535944705248732,0.005906020683241563,0.005988891811935617,0.025314078096591898,0.012557874639615808,0.008927950617608638,0.025162476746722517,0.012406273289746427,0.00885922039643331
ridge|history_available|budget=07,ridge,history_available,7,True,H_D_B_M_A,ridge::H_D_B_M_A,ridge::H_D_B_M_A,H_D_B_M_A,1.0,True,7,7,0.6362310759849575,1.0,"[""H"", ""D"", ""B"", ""M"", ""A""]",whole,1520,benchmark,P0,False,25,0.02229214816222482,2.65580397971585,"post hoc; fixed-model conditional local-shift approximation, not achieved power",0.0532688948556137,-0.0532688948556137,0.01035219431447045,0.03223132298902129,0.0733205129133029,0.06988658995917929,-0.0733205129133029,-0.03223132298902129,-0.06988658995917929,0.07556104301783853,0.08076229371477611,False,False,False,0.02229214816222482,0.027493398859162417,0.01702784436506313,0.01661769510356558,0.031004774711355952,0.03620602540829355,0.025740470914194256,0.031146364386244095,0.03634761508318169,0.025471911327584855
ridge|history_available|budget=08,ridge,history_available,8,True,H_D_B_M_A,ridge::H_D_B_M_A,ridge::H_D_B_M_A,H_D_B_M_A,1.0,True,7,7,0.6362310759849575,1.0,"[""H"", ""D"", ""B"", ""M"", ""A""]",whole,1520,full,ridge::H_D_B_M_P_C_A_K,False,25,0.02229214816222482,2.65580397971585,"post hoc; fixed-model conditional local-shift approximation, not achieved power",0.014281677147523486,-0.014281677147523486,0.0035906056237889226,0.007433172284603748,0.02140275706199395,0.020270568959459105,-0.02140275706199395,-0.007433172284603748,-0.020270568959459105,0.03657382530974831,0.023817621852772218,False,False,False,0.02229214816222482,0.009535944705248732,0.005906020683241563,0.005988891811935617,0.025314078096591898,0.012557874639615808,0.008927950617608638,0.025162476746722517,0.012406273289746427,0.00885922039643331
ridge|history_available|budget=08,ridge,history_available,8,True,H_D_B_M_A,ridge::H_D_B_M_A,ridge::H_D_B_M_A,H_D_B_M_A,1.0,True,7,7,0.6362310759849575,1.0,"[""H"", ""D"", ""B"", ""M"", ""A""]",whole,1520,benchmark,P0,False,25,0.02229214816222482,2.65580397971585,"post hoc; fixed-model conditional local-shift approximation, not achieved power",0.0532688948556137,-0.0532688948556137,0.01035219431447045,0.03223132298902129,0.0733205129133029,0.06988658995917929,-0.0733205129133029,-0.03223132298902129,-0.06988658995917929,0.07556104301783853,0.08076229371477611,False,False,False,0.02229214816222482,0.027493398859162417,0.01702784436506313,0.01661769510356558,0.031004774711355952,0.03620602540829355,0.025740470914194256,0.031146364386244095,0.03634761508318169,0.025471911327584855
ridge|history_available|budget=09,ridge,history_available,9,True,H_D_B_M_A,ridge::H_D_B_M_A,ridge::H_D_B_M_A,H_D_B_M_A,1.0,True,7,7,0.6362310759849575,1.0,"[""H"", ""D"", ""B"", ""M"", ""A""]",whole,1520,full,ridge::H_D_B_M_P_C_A_K,False,25,0.02229214816222482,2.65580397971585,"post hoc; fixed-model conditional local-shift approximation, not achieved power",0.014281677147523486,-0.014281677147523486,0.0035906056237889226,0.007433172284603748,0.02140275706199395,0.020270568959459105,-0.02140275706199395,-0.007433172284603748,-0.020270568959459105,0.03657382530974831,0.023817621852772218,False,False,False,0.02229214816222482,0.009535944705248732,0.005906020683241563,0.005988891811935617,0.025314078096591898,0.012557874639615808,0.008927950617608638,0.025162476746722517,0.012406273289746427,0.00885922039643331
ridge|history_available|budget=09,ridge,history_available,9,True,H_D_B_M_A,ridge::H_D_B_M_A,ridge::H_D_B_M_A,H_D_B_M_A,1.0,True,7,7,0.6362310759849575,1.0,"[""H"", ""D"", ""B"", ""M"", ""A""]",whole,1520,benchmark,P0,False,25,0.02229214816222482,2.65580397971585,"post hoc; fixed-model conditional local-shift approximation, not achieved power",0.0532688948556137,-0.0532688948556137,0.01035219431447045,0.03223132298902129,0.0733205129133029,0.06988658995917929,-0.0733205129133029,-0.03223132298902129,-0.06988658995917929,0.07556104301783853,0.08076229371477611,False,False,False,0.02229214816222482,0.027493398859162417,0.01702784436506313,0.01661769510356558,0.031004774711355952,0.03620602540829355,0.025740470914194256,0.031146364386244095,0.03634761508318169,0.025471911327584855
ridge|history_available|budget=10,ridge,history_available,10,True,H_D_B_M_A,ridge::H_D_B_M_A,ridge::H_D_B_M_A,H_D_B_M_A,1.0,True,7,7,0.6362310759849575,1.0,"[""H"", ""D"", ""B"", ""M"", ""A""]",whole,1520,full,ridge::H_D_B_M_P_C_A_K,False,25,0.02229214816222482,2.65580397971585,"post hoc; fixed-model conditional local-shift approximation, not achieved power",0.014281677147523486,-0.014281677147523486,0.0035906056237889226,0.007433172284603748,0.02140275706199395,0.020270568959459105,-0.02140275706199395,-0.007433172284603748,-0.020270568959459105,0.03657382530974831,0.023817621852772218,False,False,False,0.02229214816222482,0.009535944705248732,0.005906020683241563,0.005988891811935617,0.025314078096591898,0.012557874639615808,0.008927950617608638,0.025162476746722517,0.012406273289746427,0.00885922039643331
ridge|history_available|budget=10,ridge,history_available,10,True,H_D_B_M_A,ridge::H_D_B_M_A,ridge::H_D_B_M_A,H_D_B_M_A,1.0,True,7,7,0.6362310759849575,1.0,"[""H"", ""D"", ""B"", ""M"", ""A""]",whole,1520,benchmark,P0,False,25,0.02229214816222482,2.65580397971585,"post hoc; fixed-model conditional local-shift approximation, not achieved power",0.0532688948556137,-0.0532688948556137,0.01035219431447045,0.03223132298902129,0.0733205129133029,0.06988658995917929,-0.0733205129133029,-0.03223132298902129,-0.06988658995917929,0.07556104301783853,0.08076229371477611,False,False,False,0.02229214816222482,0.027493398859162417,0.01702784436506313,0.01661769510356558,0.031004774711355952,0.03620602540829355,0.025740470914194256,0.031146364386244095,0.03634761508318169,0.025471911327584855
ridge|history_available|budget=11,ridge,history_available,11,True,H_D_B_M_A,ridge::H_D_B_M_A,ridge::H_D_B_M_A,H_D_B_M_A,1.0,True,7,7,0.6362310759849575,1.0,"[""H"", ""D"", ""B"", ""M"", ""A""]",whole,1520,full,ridge::H_D_B_M_P_C_A_K,False,25,0.02229214816222482,2.65580397971585,"post hoc; fixed-model conditional local-shift approximation, not achieved power",0.014281677147523486,-0.014281677147523486,0.0035906056237889226,0.007433172284603748,0.02140275706199395,0.020270568959459105,-0.02140275706199395,-0.007433172284603748,-0.020270568959459105,0.03657382530974831,0.023817621852772218,False,False,False,0.02229214816222482,0.009535944705248732,0.005906020683241563,0.005988891811935617,0.025314078096591898,0.012557874639615808,0.008927950617608638,0.025162476746722517,0.012406273289746427,0.00885922039643331
ridge|history_available|budget=11,ridge,history_available,11,True,H_D_B_M_A,ridge::H_D_B_M_A,ridge::H_D_B_M_A,H_D_B_M_A,1.0,True,7,7,0.6362310759849575,1.0,"[""H"", ""D"", ""B"", ""M"", ""A""]",whole,1520,benchmark,P0,False,25,0.02229214816222482,2.65580397971585,"post hoc; fixed-model conditional local-shift approximation, not achieved power",0.0532688948556137,-0.0532688948556137,0.01035219431447045,0.03223132298902129,0.0733205129133029,0.06988658995917929,-0.0733205129133029,-0.03223132298902129,-0.06988658995917929,0.07556104301783853,0.08076229371477611,False,False,False,0.02229214816222482,0.027493398859162417,0.01702784436506313,0.01661769510356558,0.031004774711355952,0.03620602540829355,0.025740470914194256,0.031146364386244095,0.03634761508318169,0.025471911327584855
ridge|history_available|budget=12,ridge,history_available,12,True,H_D_B_M_A,ridge::H_D_B_M_A,ridge::H_D_B_M_A,H_D_B_M_A,1.0,True,7,7,0.6362310759849575,1.0,"[""H"", ""D"", ""B"", ""M"", ""A""]",whole,1520,full,ridge::H_D_B_M_P_C_A_K,False,25,0.02229214816222482,2.65580397971585,"post hoc; fixed-model conditional local-shift approximation, not achieved power",0.014281677147523486,-0.014281677147523486,0.0035906056237889226,0.007433172284603748,0.02140275706199395,0.020270568959459105,-0.02140275706199395,-0.007433172284603748,-0.020270568959459105,0.03657382530974831,0.023817621852772218,False,False,False,0.02229214816222482,0.009535944705248732,0.005906020683241563,0.005988891811935617,0.025314078096591898,0.012557874639615808,0.008927950617608638,0.025162476746722517,0.012406273289746427,0.00885922039643331
ridge|history_available|budget=12,ridge,history_available,12,True,H_D_B_M_A,ridge::H_D_B_M_A,ridge::H_D_B_M_A,H_D_B_M_A,1.0,True,7,7,0.6362310759849575,1.0,"[""H"", ""D"", ""B"", ""M"", ""A""]",whole,1520,benchmark,P0,False,25,0.02229214816222482,2.65580397971585,"post hoc; fixed-model conditional local-shift approximation, not achieved power",0.0532688948556137,-0.0532688948556137,0.01035219431447045,0.03223132298902129,0.0733205129133029,0.06988658995917929,-0.0733205129133029,-0.03223132298902129,-0.06988658995917929,0.07556104301783853,0.08076229371477611,False,False,False,0.02229214816222482,0.027493398859162417,0.01702784436506313,0.01661769510356558,0.031004774711355952,0.03620602540829355,0.025740470914194256,0.031146364386244095,0.03634761508318169,0.025471911327584855
ridge|history_available|budget=13,ridge,history_available,13,True,H_D_B_M_A,ridge::H_D_B_M_A,ridge::H_D_B_M_A,H_D_B_M_A,1.0,True,7,7,0.6362310759849575,1.0,"[""H"", ""D"", ""B"", ""M"", ""A""]",whole,1520,full,ridge::H_D_B_M_P_C_A_K,False,25,0.02229214816222482,2.65580397971585,"post hoc; fixed-model conditional local-shift approximation, not achieved power",0.014281677147523486,-0.014281677147523486,0.0035906056237889226,0.007433172284603748,0.02140275706199395,0.020270568959459105,-0.02140275706199395,-0.007433172284603748,-0.020270568959459105,0.03657382530974831,0.023817621852772218,False,False,False,0.02229214816222482,0.009535944705248732,0.005906020683241563,0.005988891811935617,0.025314078096591898,0.012557874639615808,0.008927950617608638,0.025162476746722517,0.012406273289746427,0.00885922039643331
ridge|history_available|budget=13,ridge,history_available,13,True,H_D_B_M_A,ridge::H_D_B_M_A,ridge::H_D_B_M_A,H_D_B_M_A,1.0,True,7,7,0.6362310759849575,1.0,"[""H"", ""D"", ""B"", ""M"", ""A""]",whole,1520,benchmark,P0,False,25,0.02229214816222482,2.65580397971585,"post hoc; fixed-model conditional local-shift approximation, not achieved power",0.0532688948556137,-0.0532688948556137,0.01035219431447045,0.03223132298902129,0.0733205129133029,0.06988658995917929,-0.0733205129133029,-0.03223132298902129,-0.06988658995917929,0.07556104301783853,0.08076229371477611,False,False,False,0.02229214816222482,0.027493398859162417,0.01702784436506313,0.01661769510356558,0.031004774711355952,0.03620602540829355,0.025740470914194256,0.031146364386244095,0.03634761508318169,0.025471911327584855
ridge|history_available|budget=14,ridge,history_available,14,True,H_D_B_M_A,ridge::H_D_B_M_A,ridge::H_D_B_M_A,H_D_B_M_A,1.0,True,7,7,0.6362310759849575,1.0,"[""H"", ""D"", ""B"", ""M"", ""A""]",whole,1520,full,ridge::H_D_B_M_P_C_A_K,False,25,0.02229214816222482,2.65580397971585,"post hoc; fixed-model conditional local-shift approximation, not achieved power",0.014281677147523486,-0.014281677147523486,0.0035906056237889226,0.007433172284603748,0.02140275706199395,0.020270568959459105,-0.02140275706199395,-0.007433172284603748,-0.020270568959459105,0.03657382530974831,0.023817621852772218,False,False,False,0.02229214816222482,0.009535944705248732,0.005906020683241563,0.005988891811935617,0.025314078096591898,0.012557874639615808,0.008927950617608638,0.025162476746722517,0.012406273289746427,0.00885922039643331
ridge|history_available|budget=14,ridge,history_available,14,True,H_D_B_M_A,ridge::H_D_B_M_A,ridge::H_D_B_M_A,H_D_B_M_A,1.0,True,7,7,0.6362310759849575,1.0,"[""H"", ""D"", ""B"", ""M"", ""A""]",whole,1520,benchmark,P0,False,25,0.02229214816222482,2.65580397971585,"post hoc; fixed-model conditional local-shift approximation, not achieved power",0.0532688948556137,-0.0532688948556137,0.01035219431447045,0.03223132298902129,0.0733205129133029,0.06988658995917929,-0.0733205129133029,-0.03223132298902129,-0.06988658995917929,0.07556104301783853,0.08076229371477611,False,False,False,0.02229214816222482,0.027493398859162417,0.01702784436506313,0.01661769510356558,0.031004774711355952,0.03620602540829355,0.025740470914194256,0.031146364386244095,0.03634761508318169,0.025471911327584855
ridge|history_available|budget=15,ridge,history_available,15,True,H_D_K,ridge::H_D_K,ridge::H_D_K,H_D_K,1.0,True,15,15,0.633478707878488,1.0,"[""H"", ""D"", ""K""]",whole,1520,full,ridge::H_D_B_M_P_C_A_K,False,25,0.02229214816222482,2.65580397971585,"post hoc; fixed-model conditional local-shift approximation, not achieved power",-0.02342257605671627,0.02342257605671627,0.003909447693090332,-0.031217446434830643,-0.01608117510998327,-0.01694610342124169,0.01608117510998327,0.031217446434830643,0.01694610342124169,-0.0011304278944914495,-0.01303984931491602,True,True,True,0.02229214816222482,0.010382726741800252,0.006430469217356698,0.006476472635474578,0.02558242235227229,0.01367300093184772,0.009720743407404166,0.02553421799004496,0.013624796569620389,0.009718542463294715
ridge|history_available|budget=15,ridge,history_available,15,True,H_D_K,ridge::H_D_K,ridge::H_D_K,H_D_K,1.0,True,15,15,0.633478707878488,1.0,"[""H"", ""D"", ""K""]",whole,1520,benchmark,P0,False,25,0.02229214816222482,2.65580397971585,"post hoc; fixed-model conditional local-shift approximation, not achieved power",0.015564641651373945,-0.015564641651373945,0.008683702905832162,-0.002311072935487747,0.032182641625009265,0.029598133813646198,-0.032182641625009265,0.002311072935487747,-0.029598133813646198,0.03785678981359877,0.038626854387353096,False,False,False,0.02229214816222482,0.023062212735979148,0.014283420220027071,0.014033492162272253,0.029600536913811988,0.03037060148756631,0.021591808971614234,0.02966316841637133,0.03043323299012566,0.02140451241641876
ridge|history_available|budget=16,ridge,history_available,16,True,H_D_A_K,ridge::H_D_A_K,ridge::H_D_A_K,H_D_A_K,1.0,True,16,16,0.6316089221778484,1.0,"[""H"", ""D"", ""A"", ""K""]",whole,1520,full,ridge::H_D_B_M_P_C_A_K,False,25,0.02229214816222482,2.65580397971585,"post hoc; fixed-model conditional local-shift approximation, not achieved power",-0.003985548313498621,0.003985548313498621,0.00233165800278537,-0.008526891479454068,0.0006526121250590312,-0.00017262896064730972,-0.0006526121250590312,0.008526891479454068,0.00017262896064730972,0.0183065998487262,0.0022068782896350744,False,False,True,0.02229214816222482,0.006192426603133696,0.003835236122691942,0.0038129193528513117,0.0242545210467992,0.008154799487708076,0.005797609007266322,0.02422815540512626,0.008128433846035135,0.005748926595752751
ridge|history_available|budget=16,ridge,history_available,16,True,H_D_A_K,ridge::H_D_A_K,ridge::H_D_A_K,H_D_A_K,1.0,True,16,16,0.6316089221778484,1.0,"[""H"", ""D"", ""A"", ""K""]",whole,1520,benchmark,P0,False,25,0.02229214816222482,2.65580397971585,"post hoc; fixed-model conditional local-shift approximation, not achieved power",0.035001669394591595,-0.035001669394591595,0.010261685539156728,0.01347264841249263,0.054686870636874337,0.05181091958842381,-0.054686870636874337,-0.01347264841249263,-0.05181091958842381,0.057293817556816416,0.06225469468807662,False,False,False,0.02229214816222482,0.027253025293485025,0.016878970677717417,0.016809250193832212,0.030928600604227245,0.035889477735487445,0.025515423119719837,0.03096442182432113,0.03592529895558133,0.02548152385592852
ridge|history_available|budget=17,ridge,history_available,17,True,H_D_B_A_K,ridge::H_D_B_A_K,ridge::H_D_B_A_K,H_D_B_A_K,1.0,True,17,17,0.6303176464587247,1.0,"[""H"", ""D"", ""B"", ""A"", ""K""]",whole,1520,full,ridge::H_D_B_M_P_C_A_K,False,25,0.02229214816222482,2.65580397971585,"post hoc; fixed-model conditional local-shift approximation, not achieved power",-0.008023949274609699,0.008023949274609699,0.0017265181579970948,-0.011158414371694413,-0.0044165120241478,-0.005021534674286488,0.0044165120241478,0.011158414371694413,0.005021534674286488,0.014268198887615123,-0.0034386554795493357,False,True,True,0.02229214816222482,0.004585293795060363,0.0028398696541790964,0.0030024146003232105,0.023745222504144372,0.006038368136979913,0.004292943996098647,0.023655222557085475,0.005948368189921016,0.004365488995183864
ridge|history_available|budget=17,ridge,history_available,17,True,H_D_B_A_K,ridge::H_D_B_A_K,ridge::H_D_B_A_K,H_D_B_A_K,1.0,True,17,17,0.6303176464587247,1.0,"[""H"", ""D"", ""B"", ""A"", ""K""]",whole,1520,benchmark,P0,False,25,0.02229214816222482,2.65580397971585,"post hoc; fixed-model conditional local-shift approximation, not achieved power",0.030963268433480517,-0.030963268433480517,0.010465198790732861,0.009429768159909105,0.0515229032020086,0.04788515578618301,-0.0515229032020086,-0.009429768159909105,-0.04788515578618301,0.05325541659570534,0.05875678503042635,False,False,False,0.02229214816222482,0.027793516596945834,0.017213720187705107,0.016921887352702496,0.03109988167806718,0.0366012501127882,0.026021453703547467,0.03128182812786391,0.03678319656258492,0.025911567318341582
ridge|history_available|budget=18,ridge,history_available,18,True,H_D_B_M_A_K,ridge::H_D_B_M_A_K,ridge::H_D_B_M_A_K,H_D_B_M_A_K,1.0,True,18,18,0.6297690531788611,1.0,"[""H"", ""D"", ""B"", ""M"", ""A"", ""K""]",whole,1520,full,ridge::H_D_B_M_P_C_A_K,False,25,0.02229214816222482,2.65580397971585,"post hoc; fixed-model conditional local-shift approximation, not achieved power",-0.0006678158039821191,0.0006678158039821191,0.0015732584089912817,-0.0036469233104373415,0.0025056082193240536,0.0018985286864033613,-0.0025056082193240536,0.0036469233104373415,-0.0018985286864033613,0.021624332358242702,0.003510450139738353,False,False,False,0.02229214816222482,0.004178265943720472,0.002587779800161212,0.0025663444903854804,0.023616235845129025,0.0055023536266246755,0.003911867483065415,0.02360762451884004,0.0054937423003356915,0.0038818208470007
ridge|history_available|budget=18,ridge,history_available,18,True,H_D_B_M_A_K,ridge::H_D_B_M_A_K,ridge::H_D_B_M_A_K,H_D_B_M_A_K,1.0,True,18,18,0.6297690531788611,1.0,"[""H"", ""D"", ""B"", ""M"", ""A"", ""K""]",whole,1520,benchmark,P0,False,25,0.02229214816222482,2.65580397971585,"post hoc; fixed-model conditional local-shift approximation, not achieved power",0.0383194019041081,-0.0383194019041081,0.010571644882660786,0.01670105624144237,0.058793410323946596,0.05544252649751821,-0.058793410323946596,-0.01670105624144237,-0.05544252649751821,0.06061155006633292,0.06639561845562131,False,False,False,0.02229214816222482,0.028076216551513215,0.017388808428087564,0.017123124593410116,0.03118946896926458,0.03697353735855297,0.02628612923512732,0.03131943316437837,0.03710350155366676,0.026150409595563667
ridge|history_available|budget=19,ridge,history_available,19,True,H_D_B_M_A_K,ridge::H_D_B_M_A_K,ridge::H_D_B_M_A_K,H_D_B_M_A_K,1.0,True,18,18,0.6297690531788611,1.0,"[""H"", ""D"", ""B"", ""M"", ""A"", ""K""]",whole,1520,full,ridge::H_D_B_M_P_C_A_K,False,25,0.02229214816222482,2.65580397971585,"post hoc; fixed-model conditional local-shift approximation, not achieved power",-0.0006678158039821191,0.0006678158039821191,0.0015732584089912817,-0.0036469233104373415,0.0025056082193240536,0.0018985286864033613,-0.0025056082193240536,0.0036469233104373415,-0.0018985286864033613,0.021624332358242702,0.003510450139738353,False,False,False,0.02229214816222482,0.004178265943720472,0.002587779800161212,0.0025663444903854804,0.023616235845129025,0.0055023536266246755,0.003911867483065415,0.02360762451884004,0.0054937423003356915,0.0038818208470007
ridge|history_available|budget=19,ridge,history_available,19,True,H_D_B_M_A_K,ridge::H_D_B_M_A_K,ridge::H_D_B_M_A_K,H_D_B_M_A_K,1.0,True,18,18,0.6297690531788611,1.0,"[""H"", ""D"", ""B"", ""M"", ""A"", ""K""]",whole,1520,benchmark,P0,False,25,0.02229214816222482,2.65580397971585,"post hoc; fixed-model conditional local-shift approximation, not achieved power",0.0383194019041081,-0.0383194019041081,0.010571644882660786,0.01670105624144237,0.058793410323946596,0.05544252649751821,-0.058793410323946596,-0.01670105624144237,-0.05544252649751821,0.06061155006633292,0.06639561845562131,False,False,False,0.02229214816222482,0.028076216551513215,0.017388808428087564,0.017123124593410116,0.03118946896926458,0.03697353735855297,0.02628612923512732,0.03131943316437837,0.03710350155366676,0.026150409595563667
ridge|history_available|budget=20,ridge,history_available,20,True,H_D_B_M_A_K,ridge::H_D_B_M_A_K,ridge::H_D_B_M_A_K,H_D_B_M_A_K,1.0,True,18,18,0.6297690531788611,1.0,"[""H"", ""D"", ""B"", ""M"", ""A"", ""K""]",whole,1520,full,ridge::H_D_B_M_P_C_A_K,False,25,0.02229214816222482,2.65580397971585,"post hoc; fixed-model conditional local-shift approximation, not achieved power",-0.0006678158039821191,0.0006678158039821191,0.0015732584089912817,-0.0036469233104373415,0.0025056082193240536,0.0018985286864033613,-0.0025056082193240536,0.0036469233104373415,-0.0018985286864033613,0.021624332358242702,0.003510450139738353,False,False,False,0.02229214816222482,0.004178265943720472,0.002587779800161212,0.0025663444903854804,0.023616235845129025,0.0055023536266246755,0.003911867483065415,0.02360762451884004,0.0054937423003356915,0.0038818208470007
ridge|history_available|budget=20,ridge,history_available,20,True,H_D_B_M_A_K,ridge::H_D_B_M_A_K,ridge::H_D_B_M_A_K,H_D_B_M_A_K,1.0,True,18,18,0.6297690531788611,1.0,"[""H"", ""D"", ""B"", ""M"", ""A"", ""K""]",whole,1520,benchmark,P0,False,25,0.02229214816222482,2.65580397971585,"post hoc; fixed-model conditional local-shift approximation, not achieved power",0.0383194019041081,-0.0383194019041081,0.010571644882660786,0.01670105624144237,0.058793410323946596,0.05544252649751821,-0.058793410323946596,-0.01670105624144237,-0.05544252649751821,0.06061155006633292,0.06639561845562131,False,False,False,0.02229214816222482,0.028076216551513215,0.017388808428087564,0.017123124593410116,0.03118946896926458,0.03697353735855297,0.02628612923512732,0.03131943316437837,0.03710350155366676,0.026150409595563667
ridge|history_available|budget=21,ridge,history_available,21,True,H_D_B_M_A_K,ridge::H_D_B_M_A_K,ridge::H_D_B_M_A_K,H_D_B_M_A_K,1.0,True,18,18,0.6297690531788611,1.0,"[""H"", ""D"", ""B"", ""M"", ""A"", ""K""]",whole,1520,full,ridge::H_D_B_M_P_C_A_K,False,25,0.02229214816222482,2.65580397971585,"post hoc; fixed-model conditional local-shift approximation, not achieved power",-0.0006678158039821191,0.0006678158039821191,0.0015732584089912817,-0.0036469233104373415,0.0025056082193240536,0.0018985286864033613,-0.0025056082193240536,0.0036469233104373415,-0.0018985286864033613,0.021624332358242702,0.003510450139738353,False,False,False,0.02229214816222482,0.004178265943720472,0.002587779800161212,0.0025663444903854804,0.023616235845129025,0.0055023536266246755,0.003911867483065415,0.02360762451884004,0.0054937423003356915,0.0038818208470007
ridge|history_available|budget=21,ridge,history_available,21,True,H_D_B_M_A_K,ridge::H_D_B_M_A_K,ridge::H_D_B_M_A_K,H_D_B_M_A_K,1.0,True,18,18,0.6297690531788611,1.0,"[""H"", ""D"", ""B"", ""M"", ""A"", ""K""]",whole,1520,benchmark,P0,False,25,0.02229214816222482,2.65580397971585,"post hoc; fixed-model conditional local-shift approximation, not achieved power",0.0383194019041081,-0.0383194019041081,0.010571644882660786,0.01670105624144237,0.058793410323946596,0.05544252649751821,-0.058793410323946596,-0.01670105624144237,-0.05544252649751821,0.06061155006633292,0.06639561845562131,False,False,False,0.02229214816222482,0.028076216551513215,0.017388808428087564,0.017123124593410116,0.03118946896926458,0.03697353735855297,0.02628612923512732,0.03131943316437837,0.03710350155366676,0.026150409595563667
ridge|history_available|budget=22,ridge,history_available,22,True,H_D_B_M_A_K,ridge::H_D_B_M_A_K,ridge::H_D_B_M_A_K,H_D_B_M_A_K,1.0,True,18,18,0.6297690531788611,1.0,"[""H"", ""D"", ""B"", ""M"", ""A"", ""K""]",whole,1520,full,ridge::H_D_B_M_P_C_A_K,False,25,0.02229214816222482,2.65580397971585,"post hoc; fixed-model conditional local-shift approximation, not achieved power",-0.0006678158039821191,0.0006678158039821191,0.0015732584089912817,-0.0036469233104373415,0.0025056082193240536,0.0018985286864033613,-0.0025056082193240536,0.0036469233104373415,-0.0018985286864033613,0.021624332358242702,0.003510450139738353,False,False,False,0.02229214816222482,0.004178265943720472,0.002587779800161212,0.0025663444903854804,0.023616235845129025,0.0055023536266246755,0.003911867483065415,0.02360762451884004,0.0054937423003356915,0.0038818208470007
ridge|history_available|budget=22,ridge,history_available,22,True,H_D_B_M_A_K,ridge::H_D_B_M_A_K,ridge::H_D_B_M_A_K,H_D_B_M_A_K,1.0,True,18,18,0.6297690531788611,1.0,"[""H"", ""D"", ""B"", ""M"", ""A"", ""K""]",whole,1520,benchmark,P0,False,25,0.02229214816222482,2.65580397971585,"post hoc; fixed-model conditional local-shift approximation, not achieved power",0.0383194019041081,-0.0383194019041081,0.010571644882660786,0.01670105624144237,0.058793410323946596,0.05544252649751821,-0.058793410323946596,-0.01670105624144237,-0.05544252649751821,0.06061155006633292,0.06639561845562131,False,False,False,0.02229214816222482,0.028076216551513215,0.017388808428087564,0.017123124593410116,0.03118946896926458,0.03697353735855297,0.02628612923512732,0.03131943316437837,0.03710350155366676,0.026150409595563667
ridge|history_available|budget=23,ridge,history_available,23,True,H_D_B_M_A_K,ridge::H_D_B_M_A_K,ridge::H_D_B_M_A_K,H_D_B_M_A_K,1.0,True,18,18,0.6297690531788611,1.0,"[""H"", ""D"", ""B"", ""M"", ""A"", ""K""]",whole,1520,full,ridge::H_D_B_M_P_C_A_K,False,25,0.02229214816222482,2.65580397971585,"post hoc; fixed-model conditional local-shift approximation, not achieved power",-0.0006678158039821191,0.0006678158039821191,0.0015732584089912817,-0.0036469233104373415,0.0025056082193240536,0.0018985286864033613,-0.0025056082193240536,0.0036469233104373415,-0.0018985286864033613,0.021624332358242702,0.003510450139738353,False,False,False,0.02229214816222482,0.004178265943720472,0.002587779800161212,0.0025663444903854804,0.023616235845129025,0.0055023536266246755,0.003911867483065415,0.02360762451884004,0.0054937423003356915,0.0038818208470007
ridge|history_available|budget=23,ridge,history_available,23,True,H_D_B_M_A_K,ridge::H_D_B_M_A_K,ridge::H_D_B_M_A_K,H_D_B_M_A_K,1.0,True,18,18,0.6297690531788611,1.0,"[""H"", ""D"", ""B"", ""M"", ""A"", ""K""]",whole,1520,benchmark,P0,False,25,0.02229214816222482,2.65580397971585,"post hoc; fixed-model conditional local-shift approximation, not achieved power",0.0383194019041081,-0.0383194019041081,0.010571644882660786,0.01670105624144237,0.058793410323946596,0.05544252649751821,-0.058793410323946596,-0.01670105624144237,-0.05544252649751821,0.06061155006633292,0.06639561845562131,False,False,False,0.02229214816222482,0.028076216551513215,0.017388808428087564,0.017123124593410116,0.03118946896926458,0.03697353735855297,0.02628612923512732,0.03131943316437837,0.03710350155366676,0.026150409595563667
ridge|history_available|budget=24,ridge,history_available,24,True,H_D_B_M_A_K,ridge::H_D_B_M_A_K,ridge::H_D_B_M_A_K,H_D_B_M_A_K,1.0,True,18,18,0.6297690531788611,1.0,"[""H"", ""D"", ""B"", ""M"", ""A"", ""K""]",whole,1520,full,ridge::H_D_B_M_P_C_A_K,False,25,0.02229214816222482,2.65580397971585,"post hoc; fixed-model conditional local-shift approximation, not achieved power",-0.0006678158039821191,0.0006678158039821191,0.0015732584089912817,-0.0036469233104373415,0.0025056082193240536,0.0018985286864033613,-0.0025056082193240536,0.0036469233104373415,-0.0018985286864033613,0.021624332358242702,0.003510450139738353,False,False,False,0.02229214816222482,0.004178265943720472,0.002587779800161212,0.0025663444903854804,0.023616235845129025,0.0055023536266246755,0.003911867483065415,0.02360762451884004,0.0054937423003356915,0.0038818208470007
ridge|history_available|budget=24,ridge,history_available,24,True,H_D_B_M_A_K,ridge::H_D_B_M_A_K,ridge::H_D_B_M_A_K,H_D_B_M_A_K,1.0,True,18,18,0.6297690531788611,1.0,"[""H"", ""D"", ""B"", ""M"", ""A"", ""K""]",whole,1520,benchmark,P0,False,25,0.02229214816222482,2.65580397971585,"post hoc; fixed-model conditional local-shift approximation, not achieved power",0.0383194019041081,-0.0383194019041081,0.010571644882660786,0.01670105624144237,0.058793410323946596,0.05544252649751821,-0.058793410323946596,-0.01670105624144237,-0.05544252649751821,0.06061155006633292,0.06639561845562131,False,False,False,0.02229214816222482,0.028076216551513215,0.017388808428087564,0.017123124593410116,0.03118946896926458,0.03697353735855297,0.02628612923512732,0.03131943316437837,0.03710350155366676,0.026150409595563667
ridge|history_available|budget=25,ridge,history_available,25,True,H_D_B_M_A_K,ridge::H_D_B_M_A_K,ridge::H_D_B_M_A_K,H_D_B_M_A_K,1.0,True,18,18,0.6297690531788611,1.0,"[""H"", ""D"", ""B"", ""M"", ""A"", ""K""]",whole,1520,full,ridge::H_D_B_M_P_C_A_K,False,25,0.02229214816222482,2.65580397971585,"post hoc; fixed-model conditional local-shift approximation, not achieved power",-0.0006678158039821191,0.0006678158039821191,0.0015732584089912817,-0.0036469233104373415,0.0025056082193240536,0.0018985286864033613,-0.0025056082193240536,0.0036469233104373415,-0.0018985286864033613,0.021624332358242702,0.003510450139738353,False,False,False,0.02229214816222482,0.004178265943720472,0.002587779800161212,0.0025663444903854804,0.023616235845129025,0.0055023536266246755,0.003911867483065415,0.02360762451884004,0.0054937423003356915,0.0038818208470007
ridge|history_available|budget=25,ridge,history_available,25,True,H_D_B_M_A_K,ridge::H_D_B_M_A_K,ridge::H_D_B_M_A_K,H_D_B_M_A_K,1.0,True,18,18,0.6297690531788611,1.0,"[""H"", ""D"", ""B"", ""M"", ""A"", ""K""]",whole,1520,benchmark,P0,False,25,0.02229214816222482,2.65580397971585,"post hoc; fixed-model conditional local-shift approximation, not achieved power",0.0383194019041081,-0.0383194019041081,0.010571644882660786,0.01670105624144237,0.058793410323946596,0.05544252649751821,-0.058793410323946596,-0.01670105624144237,-0.05544252649751821,0.06061155006633292,0.06639561845562131,False,False,False,0.02229214816222482,0.028076216551513215,0.017388808428087564,0.017123124593410116,0.03118946896926458,0.03697353735855297,0.02628612923512732,0.03131943316437837,0.03710350155366676,0.026150409595563667
ridge|history_available|budget=26,ridge,history_available,26,True,H_D_B_M_A_K,ridge::H_D_B_M_A_K,ridge::H_D_B_M_A_K,H_D_B_M_A_K,1.0,True,18,18,0.6297690531788611,1.0,"[""H"", ""D"", ""B"", ""M"", ""A"", ""K""]",whole,1520,full,ridge::H_D_B_M_P_C_A_K,False,25,0.02229214816222482,2.65580397971585,"post hoc; fixed-model conditional local-shift approximation, not achieved power",-0.0006678158039821191,0.0006678158039821191,0.0015732584089912817,-0.0036469233104373415,0.0025056082193240536,0.0018985286864033613,-0.0025056082193240536,0.0036469233104373415,-0.0018985286864033613,0.021624332358242702,0.003510450139738353,False,False,False,0.02229214816222482,0.004178265943720472,0.002587779800161212,0.0025663444903854804,0.023616235845129025,0.0055023536266246755,0.003911867483065415,0.02360762451884004,0.0054937423003356915,0.0038818208470007
ridge|history_available|budget=26,ridge,history_available,26,True,H_D_B_M_A_K,ridge::H_D_B_M_A_K,ridge::H_D_B_M_A_K,H_D_B_M_A_K,1.0,True,18,18,0.6297690531788611,1.0,"[""H"", ""D"", ""B"", ""M"", ""A"", ""K""]",whole,1520,benchmark,P0,False,25,0.02229214816222482,2.65580397971585,"post hoc; fixed-model conditional local-shift approximation, not achieved power",0.0383194019041081,-0.0383194019041081,0.010571644882660786,0.01670105624144237,0.058793410323946596,0.05544252649751821,-0.058793410323946596,-0.01670105624144237,-0.05544252649751821,0.06061155006633292,0.06639561845562131,False,False,False,0.02229214816222482,0.028076216551513215,0.017388808428087564,0.017123124593410116,0.03118946896926458,0.03697353735855297,0.02628612923512732,0.03131943316437837,0.03710350155366676,0.026150409595563667
ridge|history_available|budget=27,ridge,history_available,27,True,H_D_B_M_A_K,ridge::H_D_B_M_A_K,ridge::H_D_B_M_A_K,H_D_B_M_A_K,1.0,True,18,18,0.6297690531788611,1.0,"[""H"", ""D"", ""B"", ""M"", ""A"", ""K""]",whole,1520,full,ridge::H_D_B_M_P_C_A_K,False,25,0.02229214816222482,2.65580397971585,"post hoc; fixed-model conditional local-shift approximation, not achieved power",-0.0006678158039821191,0.0006678158039821191,0.0015732584089912817,-0.0036469233104373415,0.0025056082193240536,0.0018985286864033613,-0.0025056082193240536,0.0036469233104373415,-0.0018985286864033613,0.021624332358242702,0.003510450139738353,False,False,False,0.02229214816222482,0.004178265943720472,0.002587779800161212,0.0025663444903854804,0.023616235845129025,0.0055023536266246755,0.003911867483065415,0.02360762451884004,0.0054937423003356915,0.0038818208470007
ridge|history_available|budget=27,ridge,history_available,27,True,H_D_B_M_A_K,ridge::H_D_B_M_A_K,ridge::H_D_B_M_A_K,H_D_B_M_A_K,1.0,True,18,18,0.6297690531788611,1.0,"[""H"", ""D"", ""B"", ""M"", ""A"", ""K""]",whole,1520,benchmark,P0,False,25,0.02229214816222482,2.65580397971585,"post hoc; fixed-model conditional local-shift approximation, not achieved power",0.0383194019041081,-0.0383194019041081,0.010571644882660786,0.01670105624144237,0.058793410323946596,0.05544252649751821,-0.058793410323946596,-0.01670105624144237,-0.05544252649751821,0.06061155006633292,0.06639561845562131,False,False,False,0.02229214816222482,0.028076216551513215,0.017388808428087564,0.017123124593410116,0.03118946896926458,0.03697353735855297,0.02628612923512732,0.03131943316437837,0.03710350155366676,0.026150409595563667
ridge|history_available|budget=28,ridge,history_available,28,True,H_D_B_P_A_K,ridge::H_D_B_P_A_K,ridge::H_D_B_P_A_K,H_D_B_P_A_K,1.0,True,28,28,0.6294674622760528,1.0,"[""H"", ""D"", ""B"", ""P"", ""A"", ""K""]",whole,1520,full,ridge::H_D_B_M_P_C_A_K,False,25,0.02229214816222482,2.65580397971585,"post hoc; fixed-model conditional local-shift approximation, not achieved power",-0.005940529371703196,0.005940529371703196,0.0011559389753784555,-0.008122617958422965,-0.0036815797565235633,-0.0040104726615814434,0.0036815797565235633,0.008122617958422965,0.0040104726615814434,0.016351618790521626,-0.002870582040584432,False,True,True,0.02229214816222482,0.003069947331118764,0.001901350416185821,0.0019300567101217523,0.023265010948617847,0.00404281011751179,0.0028742132025788474,0.023263577109200528,0.0040413762780944695,0.0029014856570974577
ridge|history_available|budget=28,ridge,history_available,28,True,H_D_B_P_A_K,ridge::H_D_B_P_A_K,ridge::H_D_B_P_A_K,H_D_B_P_A_K,1.0,True,28,28,0.6294674622760528,1.0,"[""H"", ""D"", ""B"", ""P"", ""A"", ""K""]",whole,1520,benchmark,P0,False,25,0.02229214816222482,2.65580397971585,"post hoc; fixed-model conditional local-shift approximation, not achieved power",0.03304668833638702,-0.03304668833638702,0.010483525350922718,0.011648096129621609,0.053702801179838305,0.049870108858006024,-0.053702801179838305,-0.011648096129621609,-0.049870108858006024,0.05533883649861184,0.06088887668481958,False,False,False,0.02229214816222482,0.027842188348432557,0.01724386469670294,0.016823420521619007,0.031115305700261317,0.03666534588646905,0.026067022234739435,0.031182139588462277,0.03673217977467001,0.025713411947856465
ridge|history_available|budget=29,ridge,history_available,29,True,H_D_B_M_P_A_K,ridge::H_D_B_M_P_A_K,ridge::H_D_B_M_P_A_K,H_D_B_M_P_A_K,1.0,True,29,29,0.6292921291184919,1.0,"[""H"", ""D"", ""B"", ""M"", ""P"", ""A"", ""K""]",whole,1520,full,ridge::H_D_B_M_P_C_A_K,False,25,0.02229214816222482,2.65580397971585,"post hoc; fixed-model conditional local-shift approximation, not achieved power",-0.0005301792756530199,0.0005301792756530199,0.00035922490433771805,-0.0012907126663332963,0.00017739387030815397,3.955622700658188e-05,-0.00017739387030815397,0.0012907126663332963,-3.955622700658188e-05,0.0217619688865718,0.0004238516549001371,False,False,False,0.02229214816222482,0.000954030930553157,0.0005908723867911912,0.0005697355026596018,0.022594479469343644,0.0012563622376719796,0.0008932036939100135,0.02258822221673715,0.0012501049850654868,0.0008658095571719316
ridge|history_available|budget=29,ridge,history_available,29,True,H_D_B_M_P_A_K,ridge::H_D_B_M_P_A_K,ridge::H_D_B_M_P_A_K,H_D_B_M_P_A_K,1.0,True,29,29,0.6292921291184919,1.0,"[""H"", ""D"", ""B"", ""M"", ""P"", ""A"", ""K""]",whole,1520,benchmark,P0,False,25,0.02229214816222482,2.65580397971585,"post hoc; fixed-model conditional local-shift approximation, not achieved power",0.038457038432437196,-0.038457038432437196,0.01052621769592646,0.016725754795144935,0.0590057459627325,0.05544129974840354,-0.0590057459627325,-0.016725754795144935,-0.05544129974840354,0.06074918659466202,0.0664126092806341,False,False,False,0.02229214816222482,0.027955570848196897,0.017314087355225407,0.016984261315966344,0.031151236484327487,0.036814659170299566,0.026173175677328072,0.031234190993061614,0.03689761367903369,0.025926304146803136
ridge|history_available|budget=30,ridge,history_available,30,True,H_D_B_M_P_A_K,ridge::H_D_B_M_P_A_K,ridge::H_D_B_M_P_A_K,H_D_B_M_P_A_K,1.0,True,29,29,0.6292921291184919,1.0,"[""H"", ""D"", ""B"", ""M"", ""P"", ""A"", ""K""]",whole,1520,full,ridge::H_D_B_M_P_C_A_K,False,25,0.02229214816222482,2.65580397971585,"post hoc; fixed-model conditional local-shift approximation, not achieved power",-0.0005301792756530199,0.0005301792756530199,0.00035922490433771805,-0.0012907126663332963,0.00017739387030815397,3.955622700658188e-05,-0.00017739387030815397,0.0012907126663332963,-3.955622700658188e-05,0.0217619688865718,0.0004238516549001371,False,False,False,0.02229214816222482,0.000954030930553157,0.0005908723867911912,0.0005697355026596018,0.022594479469343644,0.0012563622376719796,0.0008932036939100135,0.02258822221673715,0.0012501049850654868,0.0008658095571719316
ridge|history_available|budget=30,ridge,history_available,30,True,H_D_B_M_P_A_K,ridge::H_D_B_M_P_A_K,ridge::H_D_B_M_P_A_K,H_D_B_M_P_A_K,1.0,True,29,29,0.6292921291184919,1.0,"[""H"", ""D"", ""B"", ""M"", ""P"", ""A"", ""K""]",whole,1520,benchmark,P0,False,25,0.02229214816222482,2.65580397971585,"post hoc; fixed-model conditional local-shift approximation, not achieved power",0.038457038432437196,-0.038457038432437196,0.01052621769592646,0.016725754795144935,0.0590057459627325,0.05544129974840354,-0.0590057459627325,-0.016725754795144935,-0.05544129974840354,0.06074918659466202,0.0664126092806341,False,False,False,0.02229214816222482,0.027955570848196897,0.017314087355225407,0.016984261315966344,0.031151236484327487,0.036814659170299566,0.026173175677328072,0.031234190993061614,0.03689761367903369,0.025926304146803136
ridge|history_available|budget=00,ridge,history_available,0,True,P0,P0,P0,P0,,True,0,0,0.6620828063230408,,"[""H""]",disjoint,879,full,ridge::H_D_B_M_P_C_A_K,False,25,0.029735024026618886,2.623851463746673,"post hoc; fixed-model conditional local-shift approximation, not achieved power",-0.06260187166830444,0.06260187166830444,0.01428164411046526,-0.0898437490427984,-0.03428072430908993,-0.03804047404676056,0.03428072430908993,0.0898437490427984,0.03804047404676056,-0.032866847641685557,-0.02512895886435112,True,True,True,0.029735024026618886,0.037472912803953325,0.023491214113928915,0.02456139762154388,0.04175475896031801,0.04949264773765245,0.035510949047628027,0.04128555618214233,0.04902344495947677,0.03611192977706732
ridge|history_available|budget=00,ridge,history_available,0,True,P0,P0,P0,P0,,True,0,0,0.6620828063230408,,"[""H""]",disjoint,879,benchmark,P0,True,25,0.029735024026618886,2.623851463746673,"post hoc; fixed-model conditional local-shift approximation, not achieved power",0.0,-0.0,0.0,0.0,0.0,0.0,-0.0,-0.0,-0.0,0.0,0.0,False,False,False,,,,,,,,,,
ridge|history_available|budget=01,ridge,history_available,1,True,H_B,ridge::H_B,ridge::H_B,H_B,1.0,True,1,1,0.6578158495921907,1.0,"[""H"", ""B""]",disjoint,879,full,ridge::H_D_B_M_P_C_A_K,False,25,0.029735024026618886,2.623851463746673,"post hoc; fixed-model conditional local-shift approximation, not achieved power",-0.06641707284460452,0.06641707284460452,0.013710457419252229,-0.0924856517330239,-0.03903953159867657,-0.0428297836212541,0.03903953159867657,0.0924856517330239,0.0428297836212541,-0.03668204881798563,-0.030442869076463125,True,True,True,0.029735024026618886,0.035974203768141394,0.02255169561322075,0.023587289223350415,0.04127403611265886,0.047513215854181376,0.034090707699260724,0.041379564881097765,0.04761874462262027,0.0352318300778293
ridge|history_available|budget=01,ridge,history_available,1,True,H_B,ridge::H_B,ridge::H_B,H_B,1.0,True,1,1,0.6578158495921907,1.0,"[""H"", ""B""]",disjoint,879,benchmark,P0,False,25,0.029735024026618886,2.623851463746673,"post hoc; fixed-model conditional local-shift approximation, not achieved power",-0.003815201176300076,0.003815201176300076,0.0032844730092763965,-0.010077542072754051,0.002687055084261026,0.0015938786585478915,-0.002687055084261026,0.010077542072754051,-0.0015938786585478915,0.02591982285031881,0.004802768136726237,False,False,False,0.029735024026618886,0.008617969313026313,0.005402477341932497,0.0054090798348479675,0.03249930625232303,0.011382251538730456,0.00816675956763664,0.03248373297588524,0.011366678262292667,0.008157788784114321
ridge|history_available|budget=02,ridge,history_available,2,True,H_B_A,ridge::H_B_A,ridge::H_B_A,H_B_A,0.1,True,2,2,0.6557119973590803,0.1,"[""H"", ""B"", ""A""]",disjoint,879,full,ridge::H_D_B_M_P_C_A_K,False,25,0.029735024026618886,2.623851463746673,"post hoc; fixed-model conditional local-shift approximation, not achieved power",-0.049411595180267054,0.049411595180267054,0.012456292028015186,-0.07309702024616185,-0.023534374597651488,-0.027859834412871085,0.023534374597651488,0.07309702024616185,0.027859834412871085,-0.019676571153648167,-0.01672813510970339,True,True,True,0.029735024026618886,0.032683460070563664,0.020488777120647488,0.02155176076739597,0.04021850388898149,0.043166939932926265,0.030972256983010087,0.04020766532373722,0.043156101367682,0.032024402064514304
ridge|history_available|budget=02,ridge,history_available,2,True,H_B_A,ridge::H_B_A,ridge::H_B_A,H_B_A,0.1,True,2,2,0.6557119973590803,0.1,"[""H"", ""B"", ""A""]",disjoint,879,benchmark,P0,False,25,0.029735024026618886,2.623851463746673,"post hoc; fixed-model conditional local-shift approximation, not achieved power",0.013190276488037389,-0.013190276488037389,0.005345511018037668,0.0031727529534627177,0.02345249316056549,0.02202364860710916,-0.02345249316056549,-0.0031727529534627177,-0.02202364860710916,0.042925300514656275,0.027216103397189495,False,False,False,0.029735024026618886,0.014025826909152106,0.008792583185928316,0.008833372119071774,0.03423391960369736,0.018524722486230574,0.013291478763006782,0.03438812935234911,0.018678932234882328,0.013486477444801998
ridge|history_available|budget=03,ridge,history_available,3,True,H_B_A,ridge::H_B_A,ridge::H_B_A,H_B_A,0.1,True,2,2,0.6557119973590803,0.1,"[""H"", ""B"", ""A""]",disjoint,879,full,ridge::H_D_B_M_P_C_A_K,False,25,0.029735024026618886,2.623851463746673,"post hoc; fixed-model conditional local-shift approximation, not achieved power",-0.049411595180267054,0.049411595180267054,0.012456292028015186,-0.07309702024616185,-0.023534374597651488,-0.027859834412871085,0.023534374597651488,0.07309702024616185,0.027859834412871085,-0.019676571153648167,-0.01672813510970339,True,True,True,0.029735024026618886,0.032683460070563664,0.020488777120647488,0.02155176076739597,0.04021850388898149,0.043166939932926265,0.030972256983010087,0.04020766532373722,0.043156101367682,0.032024402064514304
ridge|history_available|budget=03,ridge,history_available,3,True,H_B_A,ridge::H_B_A,ridge::H_B_A,H_B_A,0.1,True,2,2,0.6557119973590803,0.1,"[""H"", ""B"", ""A""]",disjoint,879,benchmark,P0,False,25,0.029735024026618886,2.623851463746673,"post hoc; fixed-model conditional local-shift approximation, not achieved power",0.013190276488037389,-0.013190276488037389,0.005345511018037668,0.0031727529534627177,0.02345249316056549,0.02202364860710916,-0.02345249316056549,-0.0031727529534627177,-0.02202364860710916,0.042925300514656275,0.027216103397189495,False,False,False,0.029735024026618886,0.014025826909152106,0.008792583185928316,0.008833372119071774,0.03423391960369736,0.018524722486230574,0.013291478763006782,0.03438812935234911,0.018678932234882328,0.013486477444801998
ridge|history_available|budget=04,ridge,history_available,4,True,H_D,ridge::H_D,ridge::H_D,H_D,1.0,True,4,4,0.6396754472363618,1.0,"[""H"", ""D""]",disjoint,879,full,ridge::H_D_B_M_P_C_A_K,False,25,0.029735024026618886,2.623851463746673,"post hoc; fixed-model conditional local-shift approximation, not achieved power",-0.012722203781118657,0.012722203781118657,0.006435819758750473,-0.025131833614939,0.00011782456329122518,-0.00177929332621507,-0.00011782456329122518,0.025131833614939,0.00177929332621507,0.01701282024550023,0.004164431313288534,False,False,True,0.029735024026618886,0.01688663509440719,0.010585981472586664,0.010942910454903587,0.035151546591031396,0.022303157658819697,0.016002504036999172,0.03513329070437278,0.022284901772161084,0.01634117713265748
ridge|history_available|budget=04,ridge,history_available,4,True,H_D,ridge::H_D,ridge::H_D,H_D,1.0,True,4,4,0.6396754472363618,1.0,"[""H"", ""D""]",disjoint,879,benchmark,P0,False,25,0.029735024026618886,2.623851463746673,"post hoc; fixed-model conditional local-shift approximation, not achieved power",0.049879667887185786,-0.049879667887185786,0.011481266504554919,0.02682137098138278,0.07215846037284342,0.06844277736334664,-0.07215846037284342,-0.02682137098138278,-0.06844277736334664,0.07961469191380467,0.08000480581082786,False,False,False,0.029735024026618886,0.030125137923642076,0.01888500285201361,0.01856310947616086,0.039397901705161775,0.039788015602184965,0.0285478805305565,0.0395935288757298,0.039983642772752986,0.028421614325271766
ridge|history_available|budget=05,ridge,history_available,5,True,H_D_B,ridge::H_D_B,ridge::H_D_B,H_D_B,1.0,True,5,5,0.6379948075675399,1.0,"[""H"", ""D"", ""B""]",disjoint,879,full,ridge::H_D_B_M_P_C_A_K,False,25,0.029735024026618886,2.623851463746673,"post hoc; fixed-model conditional local-shift approximation, not achieved power",-0.01927459821132471,0.01927459821132471,0.005944958373096252,-0.030641942743262186,-0.007412478767803366,-0.009353546879613543,0.007412478767803366,0.030641942743262186,0.009353546879613543,0.010460425815294175,-0.003675910482163069,False,True,True,0.029735024026618886,0.015598687729161642,0.009778586342062894,0.009921051331711169,0.03473842722612378,0.020602090928666536,0.014781989541567786,0.03471658995371957,0.020580253656262325,0.014902617258811854
ridge|history_available|budget=05,ridge,history_available,5,True,H_D_B,ridge::H_D_B,ridge::H_D_B,H_D_B,1.0,True,5,5,0.6379948075675399,1.0,"[""H"", ""D"", ""B""]",disjoint,879,benchmark,P0,False,25,0.029735024026618886,2.623851463746673,"post hoc; fixed-model conditional local-shift approximation, not achieved power",0.04332727345697973,-0.04332727345697973,0.01163783724997228,0.020158825277102523,0.06640494117589761,0.062347194463074226,-0.06640494117589761,-0.020158825277102523,-0.062347194463074226,0.07306229748359862,0.07386322976016506,False,False,False,0.029735024026618886,0.030535956303185327,0.01914253881048785,0.01901992100609449,0.039529674969061374,0.04033060724562781,0.028937189752930335,0.03979305996887394,0.04059399224544038,0.029077956948349543
ridge|history_available|budget=06,ridge,history_available,6,True,H_D_B_A,ridge::H_D_B_A,ridge::H_D_B_A,H_D_B_A,1.0,True,6,6,0.6362755316368176,1.0,"[""H"", ""D"", ""B"", ""A""]",disjoint,879,full,ridge::H_D_B_M_P_C_A_K,False,25,0.029735024026618886,2.623851463746673,"post hoc; fixed-model conditional local-shift approximation, not achieved power",0.0034593905033358796,-0.0034593905033358796,0.005260068477296833,-0.00670258121592204,0.014006814806361229,0.012122462033461356,-0.014006814806361229,0.00670258121592204,-0.012122462033461356,0.033194414529954766,0.01726102887689891,False,False,False,0.029735024026618886,0.01380163837356303,0.008652042712894803,0.008663071530125476,0.03416200934715945,0.01822862369410359,0.013079028033435363,0.03395231010074073,0.018018924447684867,0.012880357604247316
ridge|history_available|budget=06,ridge,history_available,6,True,H_D_B_A,ridge::H_D_B_A,ridge::H_D_B_A,H_D_B_A,1.0,True,6,6,0.6362755316368176,1.0,"[""H"", ""D"", ""B"", ""A""]",disjoint,879,benchmark,P0,False,25,0.029735024026618886,2.623851463746673,"post hoc; fixed-model conditional local-shift approximation, not achieved power",0.06606126217164032,-0.06606126217164032,0.013720159247817816,0.039060068383535845,0.09313179105735907,0.08781141445896645,-0.09313179105735907,-0.039060068383535845,-0.08781141445896645,0.09579628619825921,0.10206092209686456,False,False,False,0.029735024026618886,0.035999659925224234,0.022567653701124915,0.021750152287326123,0.04128220137758414,0.04754683727618949,0.03411483105209017,0.04162008817739528,0.047884724076000626,0.033635216438102515
ridge|history_available|budget=07,ridge,history_available,7,True,H_D_B_M_A,ridge::H_D_B_M_A,ridge::H_D_B_M_A,H_D_B_M_A,1.0,True,7,7,0.6362310759849575,1.0,"[""H"", ""D"", ""B"", ""M"", ""A""]",disjoint,879,full,ridge::H_D_B_M_P_C_A_K,False,25,0.029735024026618886,2.623851463746673,"post hoc; fixed-model conditional local-shift approximation, not achieved power",0.00943960630464813,-0.00943960630464813,0.005297384490038593,-0.0008024961012788271,0.020100076656972832,0.018420565222671142,-0.020100076656972832,0.0008024961012788271,-0.018420565222671142,0.039174630331267016,0.023339156352864814,False,False,False,0.029735024026618886,0.013899550048216686,0.008713422091796454,0.008980958918023012,0.03419341529583519,0.01835794131743299,0.013171813361012757,0.03401518459769094,0.01817971061928874,0.013261119489095068
ridge|history_available|budget=07,ridge,history_available,7,True,H_D_B_M_A,ridge::H_D_B_M_A,ridge::H_D_B_M_A,H_D_B_M_A,1.0,True,7,7,0.6362310759849575,1.0,"[""H"", ""D"", ""B"", ""M"", ""A""]",disjoint,879,benchmark,P0,False,25,0.029735024026618886,2.623851463746673,"post hoc; fixed-model conditional local-shift approximation, not achieved power",0.07204147797295257,-0.07204147797295257,0.0138243506476883,0.045002800150652146,0.09925376264988503,0.09397056592558078,-0.09925376264988503,-0.045002800150652146,-0.09397056592558078,0.10177650199957146,0.10831452065523678,False,False,False,0.029735024026618886,0.036273042682284214,0.022739033303099034,0.02192908795262821,0.04136989107207083,0.04790790972773616,0.03437390034855097,0.04164721422263853,0.048185232878303855,0.03384127814864785
ridge|history_available|budget=08,ridge,history_available,8,True,H_D_B_M_A,ridge::H_D_B_M_A,ridge::H_D_B_M_A,H_D_B_M_A,1.0,True,7,7,0.6362310759849575,1.0,"[""H"", ""D"", ""B"", ""M"", ""A""]",disjoint,879,full,ridge::H_D_B_M_P_C_A_K,False,25,0.029735024026618886,2.623851463746673,"post hoc; fixed-model conditional local-shift approximation, not achieved power",0.00943960630464813,-0.00943960630464813,0.005297384490038593,-0.0008024961012788271,0.020100076656972832,0.018420565222671142,-0.020100076656972832,0.0008024961012788271,-0.018420565222671142,0.039174630331267016,0.023339156352864814,False,False,False,0.029735024026618886,0.013899550048216686,0.008713422091796454,0.008980958918023012,0.03419341529583519,0.01835794131743299,0.013171813361012757,0.03401518459769094,0.01817971061928874,0.013261119489095068
ridge|history_available|budget=08,ridge,history_available,8,True,H_D_B_M_A,ridge::H_D_B_M_A,ridge::H_D_B_M_A,H_D_B_M_A,1.0,True,7,7,0.6362310759849575,1.0,"[""H"", ""D"", ""B"", ""M"", ""A""]",disjoint,879,benchmark,P0,False,25,0.029735024026618886,2.623851463746673,"post hoc; fixed-model conditional local-shift approximation, not achieved power",0.07204147797295257,-0.07204147797295257,0.0138243506476883,0.045002800150652146,0.09925376264988503,0.09397056592558078,-0.09925376264988503,-0.045002800150652146,-0.09397056592558078,0.10177650199957146,0.10831452065523678,False,False,False,0.029735024026618886,0.036273042682284214,0.022739033303099034,0.02192908795262821,0.04136989107207083,0.04790790972773616,0.03437390034855097,0.04164721422263853,0.048185232878303855,0.03384127814864785
ridge|history_available|budget=09,ridge,history_available,9,True,H_D_B_M_A,ridge::H_D_B_M_A,ridge::H_D_B_M_A,H_D_B_M_A,1.0,True,7,7,0.6362310759849575,1.0,"[""H"", ""D"", ""B"", ""M"", ""A""]",disjoint,879,full,ridge::H_D_B_M_P_C_A_K,False,25,0.029735024026618886,2.623851463746673,"post hoc; fixed-model conditional local-shift approximation, not achieved power",0.00943960630464813,-0.00943960630464813,0.005297384490038593,-0.0008024961012788271,0.020100076656972832,0.018420565222671142,-0.020100076656972832,0.0008024961012788271,-0.018420565222671142,0.039174630331267016,0.023339156352864814,False,False,False,0.029735024026618886,0.013899550048216686,0.008713422091796454,0.008980958918023012,0.03419341529583519,0.01835794131743299,0.013171813361012757,0.03401518459769094,0.01817971061928874,0.013261119489095068
ridge|history_available|budget=09,ridge,history_available,9,True,H_D_B_M_A,ridge::H_D_B_M_A,ridge::H_D_B_M_A,H_D_B_M_A,1.0,True,7,7,0.6362310759849575,1.0,"[""H"", ""D"", ""B"", ""M"", ""A""]",disjoint,879,benchmark,P0,False,25,0.029735024026618886,2.623851463746673,"post hoc; fixed-model conditional local-shift approximation, not achieved power",0.07204147797295257,-0.07204147797295257,0.0138243506476883,0.045002800150652146,0.09925376264988503,0.09397056592558078,-0.09925376264988503,-0.045002800150652146,-0.09397056592558078,0.10177650199957146,0.10831452065523678,False,False,False,0.029735024026618886,0.036273042682284214,0.022739033303099034,0.02192908795262821,0.04136989107207083,0.04790790972773616,0.03437390034855097,0.04164721422263853,0.048185232878303855,0.03384127814864785
ridge|history_available|budget=10,ridge,history_available,10,True,H_D_B_M_A,ridge::H_D_B_M_A,ridge::H_D_B_M_A,H_D_B_M_A,1.0,True,7,7,0.6362310759849575,1.0,"[""H"", ""D"", ""B"", ""M"", ""A""]",disjoint,879,full,ridge::H_D_B_M_P_C_A_K,False,25,0.029735024026618886,2.623851463746673,"post hoc; fixed-model conditional local-shift approximation, not achieved power",0.00943960630464813,-0.00943960630464813,0.005297384490038593,-0.0008024961012788271,0.020100076656972832,0.018420565222671142,-0.020100076656972832,0.0008024961012788271,-0.018420565222671142,0.039174630331267016,0.023339156352864814,False,False,False,0.029735024026618886,0.013899550048216686,0.008713422091796454,0.008980958918023012,0.03419341529583519,0.01835794131743299,0.013171813361012757,0.03401518459769094,0.01817971061928874,0.013261119489095068
ridge|history_available|budget=10,ridge,history_available,10,True,H_D_B_M_A,ridge::H_D_B_M_A,ridge::H_D_B_M_A,H_D_B_M_A,1.0,True,7,7,0.6362310759849575,1.0,"[""H"", ""D"", ""B"", ""M"", ""A""]",disjoint,879,benchmark,P0,False,25,0.029735024026618886,2.623851463746673,"post hoc; fixed-model conditional local-shift approximation, not achieved power",0.07204147797295257,-0.07204147797295257,0.0138243506476883,0.045002800150652146,0.09925376264988503,0.09397056592558078,-0.09925376264988503,-0.045002800150652146,-0.09397056592558078,0.10177650199957146,0.10831452065523678,False,False,False,0.029735024026618886,0.036273042682284214,0.022739033303099034,0.02192908795262821,0.04136989107207083,0.04790790972773616,0.03437390034855097,0.04164721422263853,0.048185232878303855,0.03384127814864785
ridge|history_available|budget=11,ridge,history_available,11,True,H_D_B_M_A,ridge::H_D_B_M_A,ridge::H_D_B_M_A,H_D_B_M_A,1.0,True,7,7,0.6362310759849575,1.0,"[""H"", ""D"", ""B"", ""M"", ""A""]",disjoint,879,full,ridge::H_D_B_M_P_C_A_K,False,25,0.029735024026618886,2.623851463746673,"post hoc; fixed-model conditional local-shift approximation, not achieved power",0.00943960630464813,-0.00943960630464813,0.005297384490038593,-0.0008024961012788271,0.020100076656972832,0.018420565222671142,-0.020100076656972832,0.0008024961012788271,-0.018420565222671142,0.039174630331267016,0.023339156352864814,False,False,False,0.029735024026618886,0.013899550048216686,0.008713422091796454,0.008980958918023012,0.03419341529583519,0.01835794131743299,0.013171813361012757,0.03401518459769094,0.01817971061928874,0.013261119489095068
ridge|history_available|budget=11,ridge,history_available,11,True,H_D_B_M_A,ridge::H_D_B_M_A,ridge::H_D_B_M_A,H_D_B_M_A,1.0,True,7,7,0.6362310759849575,1.0,"[""H"", ""D"", ""B"", ""M"", ""A""]",disjoint,879,benchmark,P0,False,25,0.029735024026618886,2.623851463746673,"post hoc; fixed-model conditional local-shift approximation, not achieved power",0.07204147797295257,-0.07204147797295257,0.0138243506476883,0.045002800150652146,0.09925376264988503,0.09397056592558078,-0.09925376264988503,-0.045002800150652146,-0.09397056592558078,0.10177650199957146,0.10831452065523678,False,False,False,0.029735024026618886,0.036273042682284214,0.022739033303099034,0.02192908795262821,0.04136989107207083,0.04790790972773616,0.03437390034855097,0.04164721422263853,0.048185232878303855,0.03384127814864785
ridge|history_available|budget=12,ridge,history_available,12,True,H_D_B_M_A,ridge::H_D_B_M_A,ridge::H_D_B_M_A,H_D_B_M_A,1.0,True,7,7,0.6362310759849575,1.0,"[""H"", ""D"", ""B"", ""M"", ""A""]",disjoint,879,full,ridge::H_D_B_M_P_C_A_K,False,25,0.029735024026618886,2.623851463746673,"post hoc; fixed-model conditional local-shift approximation, not achieved power",0.00943960630464813,-0.00943960630464813,0.005297384490038593,-0.0008024961012788271,0.020100076656972832,0.018420565222671142,-0.020100076656972832,0.0008024961012788271,-0.018420565222671142,0.039174630331267016,0.023339156352864814,False,False,False,0.029735024026618886,0.013899550048216686,0.008713422091796454,0.008980958918023012,0.03419341529583519,0.01835794131743299,0.013171813361012757,0.03401518459769094,0.01817971061928874,0.013261119489095068
ridge|history_available|budget=12,ridge,history_available,12,True,H_D_B_M_A,ridge::H_D_B_M_A,ridge::H_D_B_M_A,H_D_B_M_A,1.0,True,7,7,0.6362310759849575,1.0,"[""H"", ""D"", ""B"", ""M"", ""A""]",disjoint,879,benchmark,P0,False,25,0.029735024026618886,2.623851463746673,"post hoc; fixed-model conditional local-shift approximation, not achieved power",0.07204147797295257,-0.07204147797295257,0.0138243506476883,0.045002800150652146,0.09925376264988503,0.09397056592558078,-0.09925376264988503,-0.045002800150652146,-0.09397056592558078,0.10177650199957146,0.10831452065523678,False,False,False,0.029735024026618886,0.036273042682284214,0.022739033303099034,0.02192908795262821,0.04136989107207083,0.04790790972773616,0.03437390034855097,0.04164721422263853,0.048185232878303855,0.03384127814864785
ridge|history_available|budget=13,ridge,history_available,13,True,H_D_B_M_A,ridge::H_D_B_M_A,ridge::H_D_B_M_A,H_D_B_M_A,1.0,True,7,7,0.6362310759849575,1.0,"[""H"", ""D"", ""B"", ""M"", ""A""]",disjoint,879,full,ridge::H_D_B_M_P_C_A_K,False,25,0.029735024026618886,2.623851463746673,"post hoc; fixed-model conditional local-shift approximation, not achieved power",0.00943960630464813,-0.00943960630464813,0.005297384490038593,-0.0008024961012788271,0.020100076656972832,0.018420565222671142,-0.020100076656972832,0.0008024961012788271,-0.018420565222671142,0.039174630331267016,0.023339156352864814,False,False,False,0.029735024026618886,0.013899550048216686,0.008713422091796454,0.008980958918023012,0.03419341529583519,0.01835794131743299,0.013171813361012757,0.03401518459769094,0.01817971061928874,0.013261119489095068
ridge|history_available|budget=13,ridge,history_available,13,True,H_D_B_M_A,ridge::H_D_B_M_A,ridge::H_D_B_M_A,H_D_B_M_A,1.0,True,7,7,0.6362310759849575,1.0,"[""H"", ""D"", ""B"", ""M"", ""A""]",disjoint,879,benchmark,P0,False,25,0.029735024026618886,2.623851463746673,"post hoc; fixed-model conditional local-shift approximation, not achieved power",0.07204147797295257,-0.07204147797295257,0.0138243506476883,0.045002800150652146,0.09925376264988503,0.09397056592558078,-0.09925376264988503,-0.045002800150652146,-0.09397056592558078,0.10177650199957146,0.10831452065523678,False,False,False,0.029735024026618886,0.036273042682284214,0.022739033303099034,0.02192908795262821,0.04136989107207083,0.04790790972773616,0.03437390034855097,0.04164721422263853,0.048185232878303855,0.03384127814864785
ridge|history_available|budget=14,ridge,history_available,14,True,H_D_B_M_A,ridge::H_D_B_M_A,ridge::H_D_B_M_A,H_D_B_M_A,1.0,True,7,7,0.6362310759849575,1.0,"[""H"", ""D"", ""B"", ""M"", ""A""]",disjoint,879,full,ridge::H_D_B_M_P_C_A_K,False,25,0.029735024026618886,2.623851463746673,"post hoc; fixed-model conditional local-shift approximation, not achieved power",0.00943960630464813,-0.00943960630464813,0.005297384490038593,-0.0008024961012788271,0.020100076656972832,0.018420565222671142,-0.020100076656972832,0.0008024961012788271,-0.018420565222671142,0.039174630331267016,0.023339156352864814,False,False,False,0.029735024026618886,0.013899550048216686,0.008713422091796454,0.008980958918023012,0.03419341529583519,0.01835794131743299,0.013171813361012757,0.03401518459769094,0.01817971061928874,0.013261119489095068
ridge|history_available|budget=14,ridge,history_available,14,True,H_D_B_M_A,ridge::H_D_B_M_A,ridge::H_D_B_M_A,H_D_B_M_A,1.0,True,7,7,0.6362310759849575,1.0,"[""H"", ""D"", ""B"", ""M"", ""A""]",disjoint,879,benchmark,P0,False,25,0.029735024026618886,2.623851463746673,"post hoc; fixed-model conditional local-shift approximation, not achieved power",0.07204147797295257,-0.07204147797295257,0.0138243506476883,0.045002800150652146,0.09925376264988503,0.09397056592558078,-0.09925376264988503,-0.045002800150652146,-0.09397056592558078,0.10177650199957146,0.10831452065523678,False,False,False,0.029735024026618886,0.036273042682284214,0.022739033303099034,0.02192908795262821,0.04136989107207083,0.04790790972773616,0.03437390034855097,0.04164721422263853,0.048185232878303855,0.03384127814864785
ridge|history_available|budget=15,ridge,history_available,15,True,H_D_K,ridge::H_D_K,ridge::H_D_K,H_D_K,1.0,True,15,15,0.633478707878488,1.0,"[""H"", ""D"", ""K""]",disjoint,879,full,ridge::H_D_B_M_P_C_A_K,False,25,0.029735024026618886,2.623851463746673,"post hoc; fixed-model conditional local-shift approximation, not achieved power",-0.03095103082633932,0.03095103082633932,0.0052179566132235095,-0.0410793882289455,-0.02083227800776006,-0.02252158434424791,0.02083227800776006,0.0410793882289455,0.02252158434424791,-0.0012160067997204344,-0.01725988772896618,True,True,True,0.029735024026618886,0.013691143097373138,0.008582774860536109,0.008429446482091412,0.034126567108170004,0.018082686178924254,0.012974317942087225,0.03436000099376055,0.018316120064514798,0.013054423449233073
ridge|history_available|budget=15,ridge,history_available,15,True,H_D_K,ridge::H_D_K,ridge::H_D_K,H_D_K,1.0,True,15,15,0.633478707878488,1.0,"[""H"", ""D"", ""K""]",disjoint,879,benchmark,P0,False,25,0.029735024026618886,2.623851463746673,"post hoc; fixed-model conditional local-shift approximation, not achieved power",0.03165084084196512,-0.03165084084196512,0.011995926860005973,0.007897966943715924,0.055107251129222865,0.05172874216315941,-0.055107251129222865,-0.007897966943715924,-0.05172874216315941,0.06138586486858401,0.06312637109258983,False,False,False,0.029735024026618886,0.0314755302506247,0.01973154380432541,0.02007790132119429,0.03983105078838757,0.04157155701239339,0.02982757056609409,0.03984400850701097,0.041584514731016785,0.03018688580158637
ridge|history_available|budget=16,ridge,history_available,16,True,H_D_A_K,ridge::H_D_A_K,ridge::H_D_A_K,H_D_A_K,1.0,True,16,16,0.6316089221778484,1.0,"[""H"", ""D"", ""A"", ""K""]",disjoint,879,full,ridge::H_D_B_M_P_C_A_K,False,25,0.029735024026618886,2.623851463746673,"post hoc; fixed-model conditional local-shift approximation, not achieved power",-0.007952479697858283,0.007952479697858283,0.0032794600323413532,-0.014485409065720286,-0.0015250695478510636,-0.002387519048259029,0.0015250695478510636,0.014485409065720286,0.002387519048259029,0.021782544328760603,0.0006523363082992888,False,False,True,0.029735024026618886,0.008604816006157572,0.005394231728639067,0.0055649606495992545,0.032495087224491084,0.011364879204029772,0.008154294926511265,0.032377254038543496,0.011247046018082178,0.008207190661523861
ridge|history_available|budget=16,ridge,history_available,16,True,H_D_A_K,ridge::H_D_A_K,ridge::H_D_A_K,H_D_A_K,1.0,True,16,16,0.6316089221778484,1.0,"[""H"", ""D"", ""A"", ""K""]",disjoint,879,benchmark,P0,False,25,0.029735024026618886,2.623851463746673,"post hoc; fixed-model conditional local-shift approximation, not achieved power",0.05464939197044616,-0.05464939197044616,0.013724801618239567,0.027079640063144863,0.08137887740339032,0.07709193228467848,-0.08137887740339032,-0.027079640063144863,-0.07709193228467848,0.08438441599706505,0.09066123278609675,False,False,False,0.029735024026618886,0.0360118408156506,0.022575289720950787,0.022442540314232314,0.0412861084951052,0.047562925284136914,0.0341263741894371,0.04139770830035249,0.047674525089384204,0.03410522458796592
ridge|history_available|budget=17,ridge,history_available,17,True,H_D_B_A_K,ridge::H_D_B_A_K,ridge::H_D_B_A_K,H_D_B_A_K,1.0,True,17,17,0.6303176464587247,1.0,"[""H"", ""D"", ""B"", ""A"", ""K""]",disjoint,879,full,ridge::H_D_B_M_P_C_A_K,False,25,0.029735024026618886,2.623851463746673,"post hoc; fixed-model conditional local-shift approximation, not achieved power",-0.013195566538378944,0.013195566538378944,0.002411236883257322,-0.017735479860614228,-0.008410637501027152,-0.009066738257851198,0.008410637501027152,0.017735479860614228,0.009066738257851198,0.016539457488239942,-0.006868839112804254,False,True,True,0.029735024026618886,0.006326727425574691,0.00396613173286497,0.004128828280527746,0.031764372186742426,0.008356075585698227,0.005995479892988506,0.03175072189691465,0.008342425295870454,0.006144526150823509
ridge|history_available|budget=17,ridge,history_available,17,True,H_D_B_A_K,ridge::H_D_B_A_K,ridge::H_D_B_A_K,H_D_B_A_K,1.0,True,17,17,0.6303176464587247,1.0,"[""H"", ""D"", ""B"", ""A"", ""K""]",disjoint,879,benchmark,P0,False,25,0.029735024026618886,2.623851463746673,"post hoc; fixed-model conditional local-shift approximation, not achieved power",0.0494063051299255,-0.0494063051299255,0.013888360489807575,0.021719601600417394,0.07635680092345364,0.07231332415878848,-0.07635680092345364,-0.021719601600417394,-0.07231332415878848,0.07914132915654438,0.08584730013014857,False,False,False,0.029735024026618886,0.03644099500022307,0.022844320124069516,0.022907019028862982,0.04142376311435606,0.048129734087960244,0.03453305921180669,0.041488124121112815,0.048194095094717,0.03466011912335691
ridge|history_available|budget=18,ridge,history_available,18,True,H_D_B_M_A_K,ridge::H_D_B_M_A_K,ridge::H_D_B_M_A_K,H_D_B_M_A_K,1.0,True,18,18,0.6297690531788611,1.0,"[""H"", ""D"", ""B"", ""M"", ""A"", ""K""]",disjoint,879,full,ridge::H_D_B_M_P_C_A_K,False,25,0.029735024026618886,2.623851463746673,"post hoc; fixed-model conditional local-shift approximation, not achieved power",-0.001688359014916263,0.001688359014916263,0.0021646498812666276,-0.005772848236408451,0.0026130475863986573,0.0019272481049331215,-0.0026130475863986573,0.005772848236408451,-0.0019272481049331215,0.028046665011702623,0.00399136074454424,False,False,False,0.029735024026618886,0.005679719759460503,0.003560532208281486,0.0036156071198493846,0.03155683932994397,0.007501535062785585,0.005382347511606567,0.03159243406882276,0.007537129801664381,0.0054730171620532625
ridge|history_available|budget=18,ridge,history_available,18,True,H_D_B_M_A_K,ridge::H_D_B_M_A_K,ridge::H_D_B_M_A_K,H_D_B_M_A_K,1.0,True,18,18,0.6297690531788611,1.0,"[""H"", ""D"", ""B"", ""M"", ""A"", ""K""]",disjoint,879,benchmark,P0,False,25,0.029735024026618886,2.623851463746673,"post hoc; fixed-model conditional local-shift approximation, not achieved power",0.06091351265338818,-0.06091351265338818,0.01408989186592145,0.032662205066539204,0.08840584852166183,0.08352062489998202,-0.08840584852166183,-0.032662205066539204,-0.08352062489998202,0.09064853668000707,0.09788329604981852,False,False,False,0.029735024026618886,0.03696978339643034,0.02317580973901494,0.022607112246593848,0.04159337619972467,0.04882813556953612,0.03503416191212072,0.041746437199277814,0.048981196569089266,0.034618525419252776
ridge|history_available|budget=19,ridge,history_available,19,True,H_D_B_M_A_K,ridge::H_D_B_M_A_K,ridge::H_D_B_M_A_K,H_D_B_M_A_K,1.0,True,18,18,0.6297690531788611,1.0,"[""H"", ""D"", ""B"", ""M"", ""A"", ""K""]",disjoint,879,full,ridge::H_D_B_M_P_C_A_K,False,25,0.029735024026618886,2.623851463746673,"post hoc; fixed-model conditional local-shift approximation, not achieved power",-0.001688359014916263,0.001688359014916263,0.0021646498812666276,-0.005772848236408451,0.0026130475863986573,0.0019272481049331215,-0.0026130475863986573,0.005772848236408451,-0.0019272481049331215,0.028046665011702623,0.00399136074454424,False,False,False,0.029735024026618886,0.005679719759460503,0.003560532208281486,0.0036156071198493846,0.03155683932994397,0.007501535062785585,0.005382347511606567,0.03159243406882276,0.007537129801664381,0.0054730171620532625
ridge|history_available|budget=19,ridge,history_available,19,True,H_D_B_M_A_K,ridge::H_D_B_M_A_K,ridge::H_D_B_M_A_K,H_D_B_M_A_K,1.0,True,18,18,0.6297690531788611,1.0,"[""H"", ""D"", ""B"", ""M"", ""A"", ""K""]",disjoint,879,benchmark,P0,False,25,0.029735024026618886,2.623851463746673,"post hoc; fixed-model conditional local-shift approximation, not achieved power",0.06091351265338818,-0.06091351265338818,0.01408989186592145,0.032662205066539204,0.08840584852166183,0.08352062489998202,-0.08840584852166183,-0.032662205066539204,-0.08352062489998202,0.09064853668000707,0.09788329604981852,False,False,False,0.029735024026618886,0.03696978339643034,0.02317580973901494,0.022607112246593848,0.04159337619972467,0.04882813556953612,0.03503416191212072,0.041746437199277814,0.048981196569089266,0.034618525419252776
ridge|history_available|budget=20,ridge,history_available,20,True,H_D_B_M_A_K,ridge::H_D_B_M_A_K,ridge::H_D_B_M_A_K,H_D_B_M_A_K,1.0,True,18,18,0.6297690531788611,1.0,"[""H"", ""D"", ""B"", ""M"", ""A"", ""K""]",disjoint,879,full,ridge::H_D_B_M_P_C_A_K,False,25,0.029735024026618886,2.623851463746673,"post hoc; fixed-model conditional local-shift approximation, not achieved power",-0.001688359014916263,0.001688359014916263,0.0021646498812666276,-0.005772848236408451,0.0026130475863986573,0.0019272481049331215,-0.0026130475863986573,0.005772848236408451,-0.0019272481049331215,0.028046665011702623,0.00399136074454424,False,False,False,0.029735024026618886,0.005679719759460503,0.003560532208281486,0.0036156071198493846,0.03155683932994397,0.007501535062785585,0.005382347511606567,0.03159243406882276,0.007537129801664381,0.0054730171620532625
ridge|history_available|budget=20,ridge,history_available,20,True,H_D_B_M_A_K,ridge::H_D_B_M_A_K,ridge::H_D_B_M_A_K,H_D_B_M_A_K,1.0,True,18,18,0.6297690531788611,1.0,"[""H"", ""D"", ""B"", ""M"", ""A"", ""K""]",disjoint,879,benchmark,P0,False,25,0.029735024026618886,2.623851463746673,"post hoc; fixed-model conditional local-shift approximation, not achieved power",0.06091351265338818,-0.06091351265338818,0.01408989186592145,0.032662205066539204,0.08840584852166183,0.08352062489998202,-0.08840584852166183,-0.032662205066539204,-0.08352062489998202,0.09064853668000707,0.09788329604981852,False,False,False,0.029735024026618886,0.03696978339643034,0.02317580973901494,0.022607112246593848,0.04159337619972467,0.04882813556953612,0.03503416191212072,0.041746437199277814,0.048981196569089266,0.034618525419252776
ridge|history_available|budget=21,ridge,history_available,21,True,H_D_B_M_A_K,ridge::H_D_B_M_A_K,ridge::H_D_B_M_A_K,H_D_B_M_A_K,1.0,True,18,18,0.6297690531788611,1.0,"[""H"", ""D"", ""B"", ""M"", ""A"", ""K""]",disjoint,879,full,ridge::H_D_B_M_P_C_A_K,False,25,0.029735024026618886,2.623851463746673,"post hoc; fixed-model conditional local-shift approximation, not achieved power",-0.001688359014916263,0.001688359014916263,0.0021646498812666276,-0.005772848236408451,0.0026130475863986573,0.0019272481049331215,-0.0026130475863986573,0.005772848236408451,-0.0019272481049331215,0.028046665011702623,0.00399136074454424,False,False,False,0.029735024026618886,0.005679719759460503,0.003560532208281486,0.0036156071198493846,0.03155683932994397,0.007501535062785585,0.005382347511606567,0.03159243406882276,0.007537129801664381,0.0054730171620532625
ridge|history_available|budget=21,ridge,history_available,21,True,H_D_B_M_A_K,ridge::H_D_B_M_A_K,ridge::H_D_B_M_A_K,H_D_B_M_A_K,1.0,True,18,18,0.6297690531788611,1.0,"[""H"", ""D"", ""B"", ""M"", ""A"", ""K""]",disjoint,879,benchmark,P0,False,25,0.029735024026618886,2.623851463746673,"post hoc; fixed-model conditional local-shift approximation, not achieved power",0.06091351265338818,-0.06091351265338818,0.01408989186592145,0.032662205066539204,0.08840584852166183,0.08352062489998202,-0.08840584852166183,-0.032662205066539204,-0.08352062489998202,0.09064853668000707,0.09788329604981852,False,False,False,0.029735024026618886,0.03696978339643034,0.02317580973901494,0.022607112246593848,0.04159337619972467,0.04882813556953612,0.03503416191212072,0.041746437199277814,0.048981196569089266,0.034618525419252776
ridge|history_available|budget=22,ridge,history_available,22,True,H_D_B_M_A_K,ridge::H_D_B_M_A_K,ridge::H_D_B_M_A_K,H_D_B_M_A_K,1.0,True,18,18,0.6297690531788611,1.0,"[""H"", ""D"", ""B"", ""M"", ""A"", ""K""]",disjoint,879,full,ridge::H_D_B_M_P_C_A_K,False,25,0.029735024026618886,2.623851463746673,"post hoc; fixed-model conditional local-shift approximation, not achieved power",-0.001688359014916263,0.001688359014916263,0.0021646498812666276,-0.005772848236408451,0.0026130475863986573,0.0019272481049331215,-0.0026130475863986573,0.005772848236408451,-0.0019272481049331215,0.028046665011702623,0.00399136074454424,False,False,False,0.029735024026618886,0.005679719759460503,0.003560532208281486,0.0036156071198493846,0.03155683932994397,0.007501535062785585,0.005382347511606567,0.03159243406882276,0.007537129801664381,0.0054730171620532625
ridge|history_available|budget=22,ridge,history_available,22,True,H_D_B_M_A_K,ridge::H_D_B_M_A_K,ridge::H_D_B_M_A_K,H_D_B_M_A_K,1.0,True,18,18,0.6297690531788611,1.0,"[""H"", ""D"", ""B"", ""M"", ""A"", ""K""]",disjoint,879,benchmark,P0,False,25,0.029735024026618886,2.623851463746673,"post hoc; fixed-model conditional local-shift approximation, not achieved power",0.06091351265338818,-0.06091351265338818,0.01408989186592145,0.032662205066539204,0.08840584852166183,0.08352062489998202,-0.08840584852166183,-0.032662205066539204,-0.08352062489998202,0.09064853668000707,0.09788329604981852,False,False,False,0.029735024026618886,0.03696978339643034,0.02317580973901494,0.022607112246593848,0.04159337619972467,0.04882813556953612,0.03503416191212072,0.041746437199277814,0.048981196569089266,0.034618525419252776
ridge|history_available|budget=23,ridge,history_available,23,True,H_D_B_M_A_K,ridge::H_D_B_M_A_K,ridge::H_D_B_M_A_K,H_D_B_M_A_K,1.0,True,18,18,0.6297690531788611,1.0,"[""H"", ""D"", ""B"", ""M"", ""A"", ""K""]",disjoint,879,full,ridge::H_D_B_M_P_C_A_K,False,25,0.029735024026618886,2.623851463746673,"post hoc; fixed-model conditional local-shift approximation, not achieved power",-0.001688359014916263,0.001688359014916263,0.0021646498812666276,-0.005772848236408451,0.0026130475863986573,0.0019272481049331215,-0.0026130475863986573,0.005772848236408451,-0.0019272481049331215,0.028046665011702623,0.00399136074454424,False,False,False,0.029735024026618886,0.005679719759460503,0.003560532208281486,0.0036156071198493846,0.03155683932994397,0.007501535062785585,0.005382347511606567,0.03159243406882276,0.007537129801664381,0.0054730171620532625
ridge|history_available|budget=23,ridge,history_available,23,True,H_D_B_M_A_K,ridge::H_D_B_M_A_K,ridge::H_D_B_M_A_K,H_D_B_M_A_K,1.0,True,18,18,0.6297690531788611,1.0,"[""H"", ""D"", ""B"", ""M"", ""A"", ""K""]",disjoint,879,benchmark,P0,False,25,0.029735024026618886,2.623851463746673,"post hoc; fixed-model conditional local-shift approximation, not achieved power",0.06091351265338818,-0.06091351265338818,0.01408989186592145,0.032662205066539204,0.08840584852166183,0.08352062489998202,-0.08840584852166183,-0.032662205066539204,-0.08352062489998202,0.09064853668000707,0.09788329604981852,False,False,False,0.029735024026618886,0.03696978339643034,0.02317580973901494,0.022607112246593848,0.04159337619972467,0.04882813556953612,0.03503416191212072,0.041746437199277814,0.048981196569089266,0.034618525419252776
ridge|history_available|budget=24,ridge,history_available,24,True,H_D_B_M_A_K,ridge::H_D_B_M_A_K,ridge::H_D_B_M_A_K,H_D_B_M_A_K,1.0,True,18,18,0.6297690531788611,1.0,"[""H"", ""D"", ""B"", ""M"", ""A"", ""K""]",disjoint,879,full,ridge::H_D_B_M_P_C_A_K,False,25,0.029735024026618886,2.623851463746673,"post hoc; fixed-model conditional local-shift approximation, not achieved power",-0.001688359014916263,0.001688359014916263,0.0021646498812666276,-0.005772848236408451,0.0026130475863986573,0.0019272481049331215,-0.0026130475863986573,0.005772848236408451,-0.0019272481049331215,0.028046665011702623,0.00399136074454424,False,False,False,0.029735024026618886,0.005679719759460503,0.003560532208281486,0.0036156071198493846,0.03155683932994397,0.007501535062785585,0.005382347511606567,0.03159243406882276,0.007537129801664381,0.0054730171620532625
ridge|history_available|budget=24,ridge,history_available,24,True,H_D_B_M_A_K,ridge::H_D_B_M_A_K,ridge::H_D_B_M_A_K,H_D_B_M_A_K,1.0,True,18,18,0.6297690531788611,1.0,"[""H"", ""D"", ""B"", ""M"", ""A"", ""K""]",disjoint,879,benchmark,P0,False,25,0.029735024026618886,2.623851463746673,"post hoc; fixed-model conditional local-shift approximation, not achieved power",0.06091351265338818,-0.06091351265338818,0.01408989186592145,0.032662205066539204,0.08840584852166183,0.08352062489998202,-0.08840584852166183,-0.032662205066539204,-0.08352062489998202,0.09064853668000707,0.09788329604981852,False,False,False,0.029735024026618886,0.03696978339643034,0.02317580973901494,0.022607112246593848,0.04159337619972467,0.04882813556953612,0.03503416191212072,0.041746437199277814,0.048981196569089266,0.034618525419252776
ridge|history_available|budget=25,ridge,history_available,25,True,H_D_B_M_A_K,ridge::H_D_B_M_A_K,ridge::H_D_B_M_A_K,H_D_B_M_A_K,1.0,True,18,18,0.6297690531788611,1.0,"[""H"", ""D"", ""B"", ""M"", ""A"", ""K""]",disjoint,879,full,ridge::H_D_B_M_P_C_A_K,False,25,0.029735024026618886,2.623851463746673,"post hoc; fixed-model conditional local-shift approximation, not achieved power",-0.001688359014916263,0.001688359014916263,0.0021646498812666276,-0.005772848236408451,0.0026130475863986573,0.0019272481049331215,-0.0026130475863986573,0.005772848236408451,-0.0019272481049331215,0.028046665011702623,0.00399136074454424,False,False,False,0.029735024026618886,0.005679719759460503,0.003560532208281486,0.0036156071198493846,0.03155683932994397,0.007501535062785585,0.005382347511606567,0.03159243406882276,0.007537129801664381,0.0054730171620532625
ridge|history_available|budget=25,ridge,history_available,25,True,H_D_B_M_A_K,ridge::H_D_B_M_A_K,ridge::H_D_B_M_A_K,H_D_B_M_A_K,1.0,True,18,18,0.6297690531788611,1.0,"[""H"", ""D"", ""B"", ""M"", ""A"", ""K""]",disjoint,879,benchmark,P0,False,25,0.029735024026618886,2.623851463746673,"post hoc; fixed-model conditional local-shift approximation, not achieved power",0.06091351265338818,-0.06091351265338818,0.01408989186592145,0.032662205066539204,0.08840584852166183,0.08352062489998202,-0.08840584852166183,-0.032662205066539204,-0.08352062489998202,0.09064853668000707,0.09788329604981852,False,False,False,0.029735024026618886,0.03696978339643034,0.02317580973901494,0.022607112246593848,0.04159337619972467,0.04882813556953612,0.03503416191212072,0.041746437199277814,0.048981196569089266,0.034618525419252776
ridge|history_available|budget=26,ridge,history_available,26,True,H_D_B_M_A_K,ridge::H_D_B_M_A_K,ridge::H_D_B_M_A_K,H_D_B_M_A_K,1.0,True,18,18,0.6297690531788611,1.0,"[""H"", ""D"", ""B"", ""M"", ""A"", ""K""]",disjoint,879,full,ridge::H_D_B_M_P_C_A_K,False,25,0.029735024026618886,2.623851463746673,"post hoc; fixed-model conditional local-shift approximation, not achieved power",-0.001688359014916263,0.001688359014916263,0.0021646498812666276,-0.005772848236408451,0.0026130475863986573,0.0019272481049331215,-0.0026130475863986573,0.005772848236408451,-0.0019272481049331215,0.028046665011702623,0.00399136074454424,False,False,False,0.029735024026618886,0.005679719759460503,0.003560532208281486,0.0036156071198493846,0.03155683932994397,0.007501535062785585,0.005382347511606567,0.03159243406882276,0.007537129801664381,0.0054730171620532625
ridge|history_available|budget=26,ridge,history_available,26,True,H_D_B_M_A_K,ridge::H_D_B_M_A_K,ridge::H_D_B_M_A_K,H_D_B_M_A_K,1.0,True,18,18,0.6297690531788611,1.0,"[""H"", ""D"", ""B"", ""M"", ""A"", ""K""]",disjoint,879,benchmark,P0,False,25,0.029735024026618886,2.623851463746673,"post hoc; fixed-model conditional local-shift approximation, not achieved power",0.06091351265338818,-0.06091351265338818,0.01408989186592145,0.032662205066539204,0.08840584852166183,0.08352062489998202,-0.08840584852166183,-0.032662205066539204,-0.08352062489998202,0.09064853668000707,0.09788329604981852,False,False,False,0.029735024026618886,0.03696978339643034,0.02317580973901494,0.022607112246593848,0.04159337619972467,0.04882813556953612,0.03503416191212072,0.041746437199277814,0.048981196569089266,0.034618525419252776
ridge|history_available|budget=27,ridge,history_available,27,True,H_D_B_M_A_K,ridge::H_D_B_M_A_K,ridge::H_D_B_M_A_K,H_D_B_M_A_K,1.0,True,18,18,0.6297690531788611,1.0,"[""H"", ""D"", ""B"", ""M"", ""A"", ""K""]",disjoint,879,full,ridge::H_D_B_M_P_C_A_K,False,25,0.029735024026618886,2.623851463746673,"post hoc; fixed-model conditional local-shift approximation, not achieved power",-0.001688359014916263,0.001688359014916263,0.0021646498812666276,-0.005772848236408451,0.0026130475863986573,0.0019272481049331215,-0.0026130475863986573,0.005772848236408451,-0.0019272481049331215,0.028046665011702623,0.00399136074454424,False,False,False,0.029735024026618886,0.005679719759460503,0.003560532208281486,0.0036156071198493846,0.03155683932994397,0.007501535062785585,0.005382347511606567,0.03159243406882276,0.007537129801664381,0.0054730171620532625
ridge|history_available|budget=27,ridge,history_available,27,True,H_D_B_M_A_K,ridge::H_D_B_M_A_K,ridge::H_D_B_M_A_K,H_D_B_M_A_K,1.0,True,18,18,0.6297690531788611,1.0,"[""H"", ""D"", ""B"", ""M"", ""A"", ""K""]",disjoint,879,benchmark,P0,False,25,0.029735024026618886,2.623851463746673,"post hoc; fixed-model conditional local-shift approximation, not achieved power",0.06091351265338818,-0.06091351265338818,0.01408989186592145,0.032662205066539204,0.08840584852166183,0.08352062489998202,-0.08840584852166183,-0.032662205066539204,-0.08352062489998202,0.09064853668000707,0.09788329604981852,False,False,False,0.029735024026618886,0.03696978339643034,0.02317580973901494,0.022607112246593848,0.04159337619972467,0.04882813556953612,0.03503416191212072,0.041746437199277814,0.048981196569089266,0.034618525419252776
ridge|history_available|budget=28,ridge,history_available,28,True,H_D_B_P_A_K,ridge::H_D_B_P_A_K,ridge::H_D_B_P_A_K,H_D_B_P_A_K,1.0,True,28,28,0.6294674622760528,1.0,"[""H"", ""D"", ""B"", ""P"", ""A"", ""K""]",disjoint,879,full,ridge::H_D_B_M_P_C_A_K,False,25,0.029735024026618886,2.623851463746673,"post hoc; fixed-model conditional local-shift approximation, not achieved power",-0.008615692953436893,0.008615692953436893,0.001651647167564499,-0.01179505458023922,-0.005264027027156117,-0.005928846694108691,0.005264027027156117,0.01179505458023922,0.005928846694108691,0.021119331073181993,-0.004282016115229736,False,True,True,0.029735024026618886,0.004333676838207157,0.002716717834012592,0.002686846259328202,0.03112508535321173,0.005723738164800001,0.004106779160605435,0.031161361417648616,0.005760014229236888,0.004113183650357933
ridge|history_available|budget=28,ridge,history_available,28,True,H_D_B_P_A_K,ridge::H_D_B_P_A_K,ridge::H_D_B_P_A_K,H_D_B_P_A_K,1.0,True,28,28,0.6294674622760528,1.0,"[""H"", ""D"", ""B"", ""P"", ""A"", ""K""]",disjoint,879,benchmark,P0,False,25,0.029735024026618886,2.623851463746673,"post hoc; fixed-model conditional local-shift approximation, not achieved power",0.05398617871486755,-0.05398617871486755,0.01415779516097481,0.025457437695521938,0.08167053838778741,0.07673409998576931,-0.08167053838778741,-0.025457437695521938,-0.07673409998576931,0.08372120274148644,0.09113413027141687,False,False,False,0.029735024026618886,0.037147951556549326,0.02328750072016542,0.02274792127090176,0.04165052505467114,0.04906345258460158,0.03520300174821767,0.0417753694736467,0.04918829700357714,0.034788266717929575
ridge|history_available|budget=29,ridge,history_available,29,True,H_D_B_M_P_A_K,ridge::H_D_B_M_P_A_K,ridge::H_D_B_M_P_A_K,H_D_B_M_P_A_K,1.0,True,29,29,0.6292921291184919,1.0,"[""H"", ""D"", ""B"", ""M"", ""P"", ""A"", ""K""]",disjoint,879,full,ridge::H_D_B_M_P_C_A_K,False,25,0.029735024026618886,2.623851463746673,"post hoc; fixed-model conditional local-shift approximation, not achieved power",3.794070236273761e-05,-3.794070236273761e-05,0.0005261953324369135,-0.001072777000865935,0.0010554581386627208,0.0008740340808488176,-0.0010554581386627208,0.001072777000865935,-0.0008740340808488176,0.029772964728981624,0.0014185990955940006,False,False,False,0.029735024026618886,0.001380658393231263,0.0008655143010437928,0.00083609337848608,0.03017788119140475,0.0018235155580171277,0.0013083714658296576,0.03017208528487917,0.001817719651491548,0.0012731546367463651
ridge|history_available|budget=29,ridge,history_available,29,True,H_D_B_M_P_A_K,ridge::H_D_B_M_P_A_K,ridge::H_D_B_M_P_A_K,H_D_B_M_P_A_K,1.0,True,29,29,0.6292921291184919,1.0,"[""H"", ""D"", ""B"", ""M"", ""P"", ""A"", ""K""]",disjoint,879,benchmark,P0,False,25,0.029735024026618886,2.623851463746673,"post hoc; fixed-model conditional local-shift approximation, not achieved power",0.06263981237066718,-0.06263981237066718,0.014246879578770928,0.03456040365053348,0.0900886418126303,0.08573581071347744,-0.0900886418126303,-0.03456040365053348,-0.08573581071347744,0.09237483639728607,0.10002150820724787,False,False,False,0.029735024026618886,0.037381695836580686,0.023434031547882223,0.02309599834281026,0.041725500392268834,0.049372172202230634,0.03542450791353217,0.04184886326543926,0.04949553507540106,0.03520983758163063
ridge|history_available|budget=30,ridge,history_available,30,True,H_D_B_M_P_A_K,ridge::H_D_B_M_P_A_K,ridge::H_D_B_M_P_A_K,H_D_B_M_P_A_K,1.0,True,29,29,0.6292921291184919,1.0,"[""H"", ""D"", ""B"", ""M"", ""P"", ""A"", ""K""]",disjoint,879,full,ridge::H_D_B_M_P_C_A_K,False,25,0.029735024026618886,2.623851463746673,"post hoc; fixed-model conditional local-shift approximation, not achieved power",3.794070236273761e-05,-3.794070236273761e-05,0.0005261953324369135,-0.001072777000865935,0.0010554581386627208,0.0008740340808488176,-0.0010554581386627208,0.001072777000865935,-0.0008740340808488176,0.029772964728981624,0.0014185990955940006,False,False,False,0.029735024026618886,0.001380658393231263,0.0008655143010437928,0.00083609337848608,0.03017788119140475,0.0018235155580171277,0.0013083714658296576,0.03017208528487917,0.001817719651491548,0.0012731546367463651
ridge|history_available|budget=30,ridge,history_available,30,True,H_D_B_M_P_A_K,ridge::H_D_B_M_P_A_K,ridge::H_D_B_M_P_A_K,H_D_B_M_P_A_K,1.0,True,29,29,0.6292921291184919,1.0,"[""H"", ""D"", ""B"", ""M"", ""P"", ""A"", ""K""]",disjoint,879,benchmark,P0,False,25,0.029735024026618886,2.623851463746673,"post hoc; fixed-model conditional local-shift approximation, not achieved power",0.06263981237066718,-0.06263981237066718,0.014246879578770928,0.03456040365053348,0.0900886418126303,0.08573581071347744,-0.0900886418126303,-0.03456040365053348,-0.08573581071347744,0.09237483639728607,0.10002150820724787,False,False,False,0.029735024026618886,0.037381695836580686,0.023434031547882223,0.02309599834281026,0.041725500392268834,0.049372172202230634,0.03542450791353217,0.04184886326543926,0.04949553507540106,0.03520983758163063
hgb|history_unavailable|budget=00,hgb,history_unavailable,0,False,NONE,hgb::NONE,hgb::NONE,NONE,"{""learning_rate"": 0.05, ""max_leaf_nodes"": 3}",False,0,0,0.6853643289188563,"{""learning_rate"": 0.05, ""max_leaf_nodes"": 3}",[],whole,1520,full,hgb::D_B_M_P_C_A_K,False,31,0.02297049839611392,2.756492256429987,"post hoc; fixed-model conditional local-shift approximation, not achieved power",-0.02716175373235097,0.02716175373235097,0.009504116257798446,-0.04554392543778246,-0.007859654054713835,-0.010996755561225372,0.007859654054713835,0.04554392543778246,0.010996755561225372,-0.00419125533623705,-0.0009637308635192035,True,True,True,0.02297049839611392,0.026198022868831765,0.015632880097608225,0.016164998171125596,0.030969364445022636,0.03419688891774048,0.023631746146516943,0.030473072065294288,0.033700596538012134,0.023667571840305966
hgb|history_unavailable|budget=00,hgb,history_unavailable,0,False,NONE,hgb::NONE,hgb::NONE,NONE,"{""learning_rate"": 0.05, ""max_leaf_nodes"": 3}",False,0,0,0.6853643289188563,"{""learning_rate"": 0.05, ""max_leaf_nodes"": 3}",[],whole,1520,benchmark,hgb::NONE,True,31,0.02297049839611392,2.756492256429987,"post hoc; fixed-model conditional local-shift approximation, not achieved power",0.0,-0.0,0.0,0.0,0.0,0.0,-0.0,-0.0,-0.0,0.0,0.0,False,False,False,,,,,,,,,,
hgb|history_unavailable|budget=01,hgb,history_unavailable,1,False,B,hgb::B,hgb::B,B,"{""learning_rate"": 0.05, ""max_leaf_nodes"": 3}",False,1,1,0.6760966845523163,"{""learning_rate"": 0.05, ""max_leaf_nodes"": 3}","[""B""]",whole,1520,full,hgb::D_B_M_P_C_A_K,False,31,0.02297049839611392,2.756492256429987,"post hoc; fixed-model conditional local-shift approximation, not achieved power",-0.030908911021171548,0.030908911021171548,0.008910887792856013,-0.04827686648205555,-0.012908886095033194,-0.01605162064390645,0.012908886095033194,0.04827686648205555,0.01605162064390645,-0.00793841262505763,-0.006346117822247449,True,True,True,0.02297049839611392,0.0245627931989241,0.014657106105436812,0.014857290377265096,0.03047009077256722,0.0320623855753774,0.02215669848189011,0.03007506336181505,0.03166735816462523,0.021961855342966227
hgb|history_unavailable|budget=01,hgb,history_unavailable,1,False,B,hgb::B,hgb::B,B,"{""learning_rate"": 0.05, ""max_leaf_nodes"": 3}",False,1,1,0.6760966845523163,"{""learning_rate"": 0.05, ""max_leaf_nodes"": 3}","[""B""]",whole,1520,benchmark,hgb::NONE,False,31,0.02297049839611392,2.756492256429987,"post hoc; fixed-model conditional local-shift approximation, not achieved power",-0.0037471572888205795,0.0037471572888205795,0.0038053495079238982,-0.011444723304235422,0.003589054667181012,0.0025121935612141526,-0.003589054667181012,0.011444723304235422,-0.0025121935612141526,0.01922334110729334,0.006742259162781308,False,False,False,0.02297049839611392,0.010489416451601888,0.006259242939926624,0.006259350850034732,0.026173161343148912,0.013692079398636882,0.009461905886961617,0.026261140311956768,0.013780058367444739,0.009549992765877584
hgb|history_unavailable|budget=02,hgb,history_unavailable,2,False,B_A,hgb::B_A,hgb::B_A,B_A,"{""learning_rate"": 0.05, ""max_leaf_nodes"": 7}",False,2,2,0.6710019459030957,"{""learning_rate"": 0.05, ""max_leaf_nodes"": 7}","[""B"", ""A""]",whole,1520,full,hgb::D_B_M_P_C_A_K,False,31,0.02297049839611392,2.756492256429987,"post hoc; fixed-model conditional local-shift approximation, not achieved power",-0.025378481608076653,0.025378481608076653,0.008026468841897116,-0.04034503256412339,-0.008649426879521142,-0.012000682922619296,0.008649426879521142,0.04034503256412339,0.012000682922619296,-0.0024079832119627345,-0.0032535823989106837,True,True,True,0.02297049839611392,0.02212489920916597,0.013202366386207455,0.013377798685457357,0.02972574500406593,0.02888014581711798,0.019957612994159466,0.029436041778275704,0.028590442591327758,0.019843342067619146
hgb|history_unavailable|budget=02,hgb,history_unavailable,2,False,B_A,hgb::B_A,hgb::B_A,B_A,"{""learning_rate"": 0.05, ""max_leaf_nodes"": 7}",False,2,2,0.6710019459030957,"{""learning_rate"": 0.05, ""max_leaf_nodes"": 7}","[""B"", ""A""]",whole,1520,benchmark,hgb::NONE,False,31,0.02297049839611392,2.756492256429987,"post hoc; fixed-model conditional local-shift approximation, not achieved power",0.0017832721242743155,-0.0017832721242743155,0.005617259099361553,-0.009419693327988943,0.012565931639018283,0.010830421701549563,-0.012565931639018283,0.009419693327988943,-0.010830421701549563,0.024753770520388234,0.017267203334025323,False,False,False,0.02297049839611392,0.015483931209751006,0.009239569003111011,0.009047149577275248,0.027698102928617265,0.020211535742254354,0.013967173535614358,0.027637275977881175,0.020150708791518264,0.013713927159042504
hgb|history_unavailable|budget=03,hgb,history_unavailable,3,False,B_M_A,hgb::B_M_A,hgb::B_M_A,B_M_A,"{""learning_rate"": 0.05, ""max_leaf_nodes"": 3}",False,3,3,0.6681826337714976,"{""learning_rate"": 0.05, ""max_leaf_nodes"": 3}","[""B"", ""M"", ""A""]",whole,1520,full,hgb::D_B_M_P_C_A_K,False,31,0.02297049839611392,2.756492256429987,"post hoc; fixed-model conditional local-shift approximation, not achieved power",-0.010099164142120087,0.010099164142120087,0.008496599555297848,-0.026276952712008823,0.006702035612880072,0.0041369997256358905,-0.006702035612880072,0.026276952712008823,-0.0041369997256358905,0.012871334253993831,0.013321646738044902,False,False,False,0.02297049839611392,0.02342081088016499,0.013975662595285931,0.014236163867755978,0.030121416995018767,0.03057172947906984,0.02112658119419078,0.029600627596192933,0.030050940080244004,0.020866293067834996
hgb|history_unavailable|budget=03,hgb,history_unavailable,3,False,B_M_A,hgb::B_M_A,hgb::B_M_A,B_M_A,"{""learning_rate"": 0.05, ""max_leaf_nodes"": 3}",False,3,3,0.6681826337714976,"{""learning_rate"": 0.05, ""max_leaf_nodes"": 3}","[""B"", ""M"", ""A""]",whole,1520,benchmark,hgb::NONE,False,31,0.02297049839611392,2.756492256429987,"post hoc; fixed-model conditional local-shift approximation, not achieved power",0.01706258959023088,-0.01706258959023088,0.007059567057156841,0.0032239922594251846,0.03058475758396257,0.028698246800723293,-0.03058475758396257,-0.0032239922594251846,-0.028698246800723293,0.0400330879863448,0.03652223151703195,False,False,False,0.02297049839611392,0.019459641926801066,0.011611954478671561,0.011635657210492412,0.028911979931248968,0.025401123461936116,0.017553436013806607,0.028583371520116058,0.025072515050803205,0.01724853033449455
hgb|history_unavailable|budget=04,hgb,history_unavailable,4,False,D,hgb::D,hgb::D,D,"{""learning_rate"": 0.05, ""max_leaf_nodes"": 7}",False,4,4,0.6641680792622449,"{""learning_rate"": 0.05, ""max_leaf_nodes"": 7}","[""D""]",whole,1520,full,hgb::D_B_M_P_C_A_K,False,31,0.02297049839611392,2.756492256429987,"post hoc; fixed-model conditional local-shift approximation, not achieved power",0.00271506738283811,-0.00271506738283811,0.00629983234927326,-0.009257908977359623,0.015197044231452381,0.013441146785411445,-0.015197044231452381,0.009257908977359623,-0.013441146785411445,0.02568556577895203,0.020080506470416985,False,False,False,0.02297049839611392,0.017365439087578875,0.010362302088888335,0.010726079402573335,0.02827257106921183,0.022667511760676787,0.015664374761986243,0.028336575872888806,0.022731516564353765,0.016092156879348223
hgb|history_unavailable|budget=04,hgb,history_unavailable,4,False,D,hgb::D,hgb::D,D,"{""learning_rate"": 0.05, ""max_leaf_nodes"": 7}",False,4,4,0.6641680792622449,"{""learning_rate"": 0.05, ""max_leaf_nodes"": 7}","[""D""]",whole,1520,benchmark,hgb::NONE,False,31,0.02297049839611392,2.756492256429987,"post hoc; fixed-model conditional local-shift approximation, not achieved power",0.02987682111518908,-0.02987682111518908,0.008368907312763837,0.013404473323051301,0.04551332116595612,0.04318163193684607,-0.04551332116595612,-0.013404473323051301,-0.04318163193684607,0.052847319511303,0.052945649317602886,False,False,False,0.02297049839611392,0.02306882820241381,0.013765627547020296,0.013304810821656993,0.030013948492339602,0.030112278298639494,0.02080907764324598,0.030301412588688886,0.030399742394988778,0.02063572501423196
hgb|history_unavailable|budget=05,hgb,history_unavailable,5,False,D_C,hgb::D_C,hgb::D_C,D_C,"{""learning_rate"": 0.05, ""max_leaf_nodes"": 7}",False,5,5,0.6579254494910797,"{""learning_rate"": 0.05, ""max_leaf_nodes"": 7}","[""D"", ""C""]",whole,1520,full,hgb::D_B_M_P_C_A_K,False,31,0.02297049839611392,2.756492256429987,"post hoc; fixed-model conditional local-shift approximation, not achieved power",-0.003781139075018758,0.003781139075018758,0.006484165747406969,-0.015981350173403668,0.009221708137700632,0.007020903384198649,-0.009221708137700632,0.015981350173403668,-0.007020903384198649,0.01918935932109516,0.01409241359711711,False,False,False,0.02297049839611392,0.01787355267213587,0.010665503547376855,0.010802042459217407,0.02842770997113781,0.023330764247159762,0.016122715122400745,0.028653600016313566,0.023556654292335517,0.016485144079417056
hgb|history_unavailable|budget=05,hgb,history_unavailable,5,False,D_C,hgb::D_C,hgb::D_C,D_C,"{""learning_rate"": 0.05, ""max_leaf_nodes"": 7}",False,5,5,0.6579254494910797,"{""learning_rate"": 0.05, ""max_leaf_nodes"": 7}","[""D"", ""C""]",whole,1520,benchmark,hgb::NONE,False,31,0.02297049839611392,2.756492256429987,"post hoc; fixed-model conditional local-shift approximation, not achieved power",0.02338061465733221,-0.02338061465733221,0.008274289167446944,0.006704487589258654,0.039075885975651564,0.036698808751708764,-0.039075885975651564,-0.006704487589258654,-0.036698808751708764,0.04635111305344613,0.04618862867486224,False,False,False,0.02297049839611392,0.022808014017530027,0.013609994547520383,0.01331819409437655,0.029934315852159617,0.029771831473575726,0.020573812003566082,0.029941751304345492,0.0297792669257616,0.020289447002608124
hgb|history_unavailable|budget=06,hgb,history_unavailable,6,False,D_B_C,hgb::D_B_C,hgb::D_B_C,D_B_C,"{""learning_rate"": 0.05, ""max_leaf_nodes"": 7}",False,6,6,0.6529262330125998,"{""learning_rate"": 0.05, ""max_leaf_nodes"": 7}","[""D"", ""B"", ""C""]",whole,1520,full,hgb::D_B_M_P_C_A_K,False,31,0.02297049839611392,2.756492256429987,"post hoc; fixed-model conditional local-shift approximation, not achieved power",-0.003041883823019176,0.003041883823019176,0.006109959911587275,-0.014486932287272759,0.00933547762789076,0.007476736727795469,-0.00933547762789076,0.014486932287272759,-0.007476736727795469,0.019928614573094743,0.013800173360368796,False,False,False,0.02297049839611392,0.016842057183387972,0.010049989721102427,0.010518620550814645,0.028112770393985055,0.02198432918125911,0.015192261718973562,0.027972220807307796,0.02184377959458185,0.015520342962008521
hgb|history_unavailable|budget=06,hgb,history_unavailable,6,False,D_B_C,hgb::D_B_C,hgb::D_B_C,D_B_C,"{""learning_rate"": 0.05, ""max_leaf_nodes"": 7}",False,6,6,0.6529262330125998,"{""learning_rate"": 0.05, ""max_leaf_nodes"": 7}","[""D"", ""B"", ""C""]",whole,1520,benchmark,hgb::NONE,False,31,0.02297049839611392,2.756492256429987,"post hoc; fixed-model conditional local-shift approximation, not achieved power",0.024119869909331793,-0.024119869909331793,0.009076907005124757,0.005919935049284904,0.04124576167519324,0.038427180775909904,-0.04124576167519324,-0.005919935049284904,-0.038427180775909904,0.04709036830544571,0.049140293781293296,False,False,False,0.02297049839611392,0.0250204238719615,0.014930183408880682,0.01430731086657811,0.030609816066793645,0.03265974154264122,0.022569501079560406,0.030696776014500944,0.03274670149034852,0.022033588484965134
hgb|history_unavailable|budget=07,hgb,history_unavailable,7,False,D_M_C_A,hgb::D_M_C_A,hgb::D_M_C_A,D_M_C_A,"{""learning_rate"": 0.05, ""max_leaf_nodes"": 7}",False,7,7,0.650369538146649,"{""learning_rate"": 0.05, ""max_leaf_nodes"": 7}","[""D"", ""M"", ""C"", ""A""]",whole,1520,full,hgb::D_B_M_P_C_A_K,False,31,0.02297049839611392,2.756492256429987,"post hoc; fixed-model conditional local-shift approximation, not achieved power",0.029491399203866453,-0.029491399203866453,0.006853853812356683,0.015985042895978192,0.04342389079349822,0.04081272648088477,-0.04342389079349822,-0.015985042895978192,-0.04081272648088477,0.05246189759998037,0.0483839941643308,False,False,False,0.02297049839611392,0.018892594960464342,0.011273586301850064,0.01132132727701832,0.02873884729639797,0.024660943860748394,0.017041935202134116,0.028426507950501792,0.02434860451485222,0.016777336831406198
hgb|history_unavailable|budget=07,hgb,history_unavailable,7,False,D_M_C_A,hgb::D_M_C_A,hgb::D_M_C_A,D_M_C_A,"{""learning_rate"": 0.05, ""max_leaf_nodes"": 7}",False,7,7,0.650369538146649,"{""learning_rate"": 0.05, ""max_leaf_nodes"": 7}","[""D"", ""M"", ""C"", ""A""]",whole,1520,benchmark,hgb::NONE,False,31,0.02297049839611392,2.756492256429987,"post hoc; fixed-model conditional local-shift approximation, not achieved power",0.05665315293621742,-0.05665315293621742,0.010703862188066167,0.03584908428029394,0.07749905447893267,0.07389529778095547,-0.07749905447893267,-0.03584908428029394,-0.07389529778095547,0.07962365133233135,0.08615826617151555,False,False,False,0.02297049839611392,0.029505113235298128,0.017606286542429354,0.017242144844738048,0.031979096094828637,0.038513710934012846,0.026614884241144072,0.03171455949564138,0.03824917433482559,0.025986205944265504
hgb|history_unavailable|budget=08,hgb,history_unavailable,8,False,D_B_M_C_A,hgb::D_B_M_C_A,hgb::D_B_M_C_A,D_B_M_C_A,"{""learning_rate"": 0.05, ""max_leaf_nodes"": 7}",False,8,8,0.6485929332417237,"{""learning_rate"": 0.05, ""max_leaf_nodes"": 7}","[""D"", ""B"", ""M"", ""C"", ""A""]",whole,1520,full,hgb::D_B_M_P_C_A_K,False,31,0.02297049839611392,2.756492256429987,"post hoc; fixed-model conditional local-shift approximation, not achieved power",0.026135924853206594,-0.026135924853206594,0.006435242504345094,0.01325572604199192,0.03925913436014239,0.03690175558472354,-0.03925913436014239,-0.01325572604199192,-0.03690175558472354,0.04910642324932051,0.04387462098468296,False,False,False,0.02297049839611392,0.01773869613147637,0.010585031973584303,0.01076583073151695,0.028386535130961687,0.023154732866324138,0.01600106870843207,0.027985714984450863,0.022753912719813314,0.015781047319853896
hgb|history_unavailable|budget=08,hgb,history_unavailable,8,False,D_B_M_C_A,hgb::D_B_M_C_A,hgb::D_B_M_C_A,D_B_M_C_A,"{""learning_rate"": 0.05, ""max_leaf_nodes"": 7}",False,8,8,0.6485929332417237,"{""learning_rate"": 0.05, ""max_leaf_nodes"": 7}","[""D"", ""B"", ""M"", ""C"", ""A""]",whole,1520,benchmark,hgb::NONE,False,31,0.02297049839611392,2.756492256429987,"post hoc; fixed-model conditional local-shift approximation, not achieved power",0.05329767858555756,-0.05329767858555756,0.01099474358550129,0.03126668732271175,0.07433113526391547,0.07100383293450335,-0.07433113526391547,-0.03126668732271175,-0.07100383293450335,0.07626817698167149,0.08360460414042514,False,False,False,0.02297049839611392,0.030306925554867577,0.01808474386401323,0.017706154348945784,0.0322239080553614,0.03956033521411506,0.02733815352326071,0.0319744955326937,0.03931092269144736,0.026710151485525566
hgb|history_unavailable|budget=09,hgb,history_unavailable,9,False,D_B_M_C_A,hgb::D_B_M_C_A,hgb::D_B_M_C_A,D_B_M_C_A,"{""learning_rate"": 0.05, ""max_leaf_nodes"": 7}",False,8,8,0.6485929332417237,"{""learning_rate"": 0.05, ""max_leaf_nodes"": 7}","[""D"", ""B"", ""M"", ""C"", ""A""]",whole,1520,full,hgb::D_B_M_P_C_A_K,False,31,0.02297049839611392,2.756492256429987,"post hoc; fixed-model conditional local-shift approximation, not achieved power",0.026135924853206594,-0.026135924853206594,0.006435242504345094,0.01325572604199192,0.03925913436014239,0.03690175558472354,-0.03925913436014239,-0.01325572604199192,-0.03690175558472354,0.04910642324932051,0.04387462098468296,False,False,False,0.02297049839611392,0.01773869613147637,0.010585031973584303,0.01076583073151695,0.028386535130961687,0.023154732866324138,0.01600106870843207,0.027985714984450863,0.022753912719813314,0.015781047319853896
hgb|history_unavailable|budget=09,hgb,history_unavailable,9,False,D_B_M_C_A,hgb::D_B_M_C_A,hgb::D_B_M_C_A,D_B_M_C_A,"{""learning_rate"": 0.05, ""max_leaf_nodes"": 7}",False,8,8,0.6485929332417237,"{""learning_rate"": 0.05, ""max_leaf_nodes"": 7}","[""D"", ""B"", ""M"", ""C"", ""A""]",whole,1520,benchmark,hgb::NONE,False,31,0.02297049839611392,2.756492256429987,"post hoc; fixed-model conditional local-shift approximation, not achieved power",0.05329767858555756,-0.05329767858555756,0.01099474358550129,0.03126668732271175,0.07433113526391547,0.07100383293450335,-0.07433113526391547,-0.03126668732271175,-0.07100383293450335,0.07626817698167149,0.08360460414042514,False,False,False,0.02297049839611392,0.030306925554867577,0.01808474386401323,0.017706154348945784,0.0322239080553614,0.03956033521411506,0.02733815352326071,0.0319744955326937,0.03931092269144736,0.026710151485525566
hgb|history_unavailable|budget=10,hgb,history_unavailable,10,False,D_B_M_C_A,hgb::D_B_M_C_A,hgb::D_B_M_C_A,D_B_M_C_A,"{""learning_rate"": 0.05, ""max_leaf_nodes"": 7}",False,8,8,0.6485929332417237,"{""learning_rate"": 0.05, ""max_leaf_nodes"": 7}","[""D"", ""B"", ""M"", ""C"", ""A""]",whole,1520,full,hgb::D_B_M_P_C_A_K,False,31,0.02297049839611392,2.756492256429987,"post hoc; fixed-model conditional local-shift approximation, not achieved power",0.026135924853206594,-0.026135924853206594,0.006435242504345094,0.01325572604199192,0.03925913436014239,0.03690175558472354,-0.03925913436014239,-0.01325572604199192,-0.03690175558472354,0.04910642324932051,0.04387462098468296,False,False,False,0.02297049839611392,0.01773869613147637,0.010585031973584303,0.01076583073151695,0.028386535130961687,0.023154732866324138,0.01600106870843207,0.027985714984450863,0.022753912719813314,0.015781047319853896
hgb|history_unavailable|budget=10,hgb,history_unavailable,10,False,D_B_M_C_A,hgb::D_B_M_C_A,hgb::D_B_M_C_A,D_B_M_C_A,"{""learning_rate"": 0.05, ""max_leaf_nodes"": 7}",False,8,8,0.6485929332417237,"{""learning_rate"": 0.05, ""max_leaf_nodes"": 7}","[""D"", ""B"", ""M"", ""C"", ""A""]",whole,1520,benchmark,hgb::NONE,False,31,0.02297049839611392,2.756492256429987,"post hoc; fixed-model conditional local-shift approximation, not achieved power",0.05329767858555756,-0.05329767858555756,0.01099474358550129,0.03126668732271175,0.07433113526391547,0.07100383293450335,-0.07433113526391547,-0.03126668732271175,-0.07100383293450335,0.07626817698167149,0.08360460414042514,False,False,False,0.02297049839611392,0.030306925554867577,0.01808474386401323,0.017706154348945784,0.0322239080553614,0.03956033521411506,0.02733815352326071,0.0319744955326937,0.03931092269144736,0.026710151485525566
hgb|history_unavailable|budget=11,hgb,history_unavailable,11,False,D_B_M_C_A,hgb::D_B_M_C_A,hgb::D_B_M_C_A,D_B_M_C_A,"{""learning_rate"": 0.05, ""max_leaf_nodes"": 7}",False,8,8,0.6485929332417237,"{""learning_rate"": 0.05, ""max_leaf_nodes"": 7}","[""D"", ""B"", ""M"", ""C"", ""A""]",whole,1520,full,hgb::D_B_M_P_C_A_K,False,31,0.02297049839611392,2.756492256429987,"post hoc; fixed-model conditional local-shift approximation, not achieved power",0.026135924853206594,-0.026135924853206594,0.006435242504345094,0.01325572604199192,0.03925913436014239,0.03690175558472354,-0.03925913436014239,-0.01325572604199192,-0.03690175558472354,0.04910642324932051,0.04387462098468296,False,False,False,0.02297049839611392,0.01773869613147637,0.010585031973584303,0.01076583073151695,0.028386535130961687,0.023154732866324138,0.01600106870843207,0.027985714984450863,0.022753912719813314,0.015781047319853896
hgb|history_unavailable|budget=11,hgb,history_unavailable,11,False,D_B_M_C_A,hgb::D_B_M_C_A,hgb::D_B_M_C_A,D_B_M_C_A,"{""learning_rate"": 0.05, ""max_leaf_nodes"": 7}",False,8,8,0.6485929332417237,"{""learning_rate"": 0.05, ""max_leaf_nodes"": 7}","[""D"", ""B"", ""M"", ""C"", ""A""]",whole,1520,benchmark,hgb::NONE,False,31,0.02297049839611392,2.756492256429987,"post hoc; fixed-model conditional local-shift approximation, not achieved power",0.05329767858555756,-0.05329767858555756,0.01099474358550129,0.03126668732271175,0.07433113526391547,0.07100383293450335,-0.07433113526391547,-0.03126668732271175,-0.07100383293450335,0.07626817698167149,0.08360460414042514,False,False,False,0.02297049839611392,0.030306925554867577,0.01808474386401323,0.017706154348945784,0.0322239080553614,0.03956033521411506,0.02733815352326071,0.0319744955326937,0.03931092269144736,0.026710151485525566
hgb|history_unavailable|budget=12,hgb,history_unavailable,12,False,D_B_M_C_A,hgb::D_B_M_C_A,hgb::D_B_M_C_A,D_B_M_C_A,"{""learning_rate"": 0.05, ""max_leaf_nodes"": 7}",False,8,8,0.6485929332417237,"{""learning_rate"": 0.05, ""max_leaf_nodes"": 7}","[""D"", ""B"", ""M"", ""C"", ""A""]",whole,1520,full,hgb::D_B_M_P_C_A_K,False,31,0.02297049839611392,2.756492256429987,"post hoc; fixed-model conditional local-shift approximation, not achieved power",0.026135924853206594,-0.026135924853206594,0.006435242504345094,0.01325572604199192,0.03925913436014239,0.03690175558472354,-0.03925913436014239,-0.01325572604199192,-0.03690175558472354,0.04910642324932051,0.04387462098468296,False,False,False,0.02297049839611392,0.01773869613147637,0.010585031973584303,0.01076583073151695,0.028386535130961687,0.023154732866324138,0.01600106870843207,0.027985714984450863,0.022753912719813314,0.015781047319853896
hgb|history_unavailable|budget=12,hgb,history_unavailable,12,False,D_B_M_C_A,hgb::D_B_M_C_A,hgb::D_B_M_C_A,D_B_M_C_A,"{""learning_rate"": 0.05, ""max_leaf_nodes"": 7}",False,8,8,0.6485929332417237,"{""learning_rate"": 0.05, ""max_leaf_nodes"": 7}","[""D"", ""B"", ""M"", ""C"", ""A""]",whole,1520,benchmark,hgb::NONE,False,31,0.02297049839611392,2.756492256429987,"post hoc; fixed-model conditional local-shift approximation, not achieved power",0.05329767858555756,-0.05329767858555756,0.01099474358550129,0.03126668732271175,0.07433113526391547,0.07100383293450335,-0.07433113526391547,-0.03126668732271175,-0.07100383293450335,0.07626817698167149,0.08360460414042514,False,False,False,0.02297049839611392,0.030306925554867577,0.01808474386401323,0.017706154348945784,0.0322239080553614,0.03956033521411506,0.02733815352326071,0.0319744955326937,0.03931092269144736,0.026710151485525566
hgb|history_unavailable|budget=13,hgb,history_unavailable,13,False,D_B_M_C_A,hgb::D_B_M_C_A,hgb::D_B_M_C_A,D_B_M_C_A,"{""learning_rate"": 0.05, ""max_leaf_nodes"": 7}",False,8,8,0.6485929332417237,"{""learning_rate"": 0.05, ""max_leaf_nodes"": 7}","[""D"", ""B"", ""M"", ""C"", ""A""]",whole,1520,full,hgb::D_B_M_P_C_A_K,False,31,0.02297049839611392,2.756492256429987,"post hoc; fixed-model conditional local-shift approximation, not achieved power",0.026135924853206594,-0.026135924853206594,0.006435242504345094,0.01325572604199192,0.03925913436014239,0.03690175558472354,-0.03925913436014239,-0.01325572604199192,-0.03690175558472354,0.04910642324932051,0.04387462098468296,False,False,False,0.02297049839611392,0.01773869613147637,0.010585031973584303,0.01076583073151695,0.028386535130961687,0.023154732866324138,0.01600106870843207,0.027985714984450863,0.022753912719813314,0.015781047319853896
hgb|history_unavailable|budget=13,hgb,history_unavailable,13,False,D_B_M_C_A,hgb::D_B_M_C_A,hgb::D_B_M_C_A,D_B_M_C_A,"{""learning_rate"": 0.05, ""max_leaf_nodes"": 7}",False,8,8,0.6485929332417237,"{""learning_rate"": 0.05, ""max_leaf_nodes"": 7}","[""D"", ""B"", ""M"", ""C"", ""A""]",whole,1520,benchmark,hgb::NONE,False,31,0.02297049839611392,2.756492256429987,"post hoc; fixed-model conditional local-shift approximation, not achieved power",0.05329767858555756,-0.05329767858555756,0.01099474358550129,0.03126668732271175,0.07433113526391547,0.07100383293450335,-0.07433113526391547,-0.03126668732271175,-0.07100383293450335,0.07626817698167149,0.08360460414042514,False,False,False,0.02297049839611392,0.030306925554867577,0.01808474386401323,0.017706154348945784,0.0322239080553614,0.03956033521411506,0.02733815352326071,0.0319744955326937,0.03931092269144736,0.026710151485525566
hgb|history_unavailable|budget=14,hgb,history_unavailable,14,False,D_B_M_C_A,hgb::D_B_M_C_A,hgb::D_B_M_C_A,D_B_M_C_A,"{""learning_rate"": 0.05, ""max_leaf_nodes"": 7}",False,8,8,0.6485929332417237,"{""learning_rate"": 0.05, ""max_leaf_nodes"": 7}","[""D"", ""B"", ""M"", ""C"", ""A""]",whole,1520,full,hgb::D_B_M_P_C_A_K,False,31,0.02297049839611392,2.756492256429987,"post hoc; fixed-model conditional local-shift approximation, not achieved power",0.026135924853206594,-0.026135924853206594,0.006435242504345094,0.01325572604199192,0.03925913436014239,0.03690175558472354,-0.03925913436014239,-0.01325572604199192,-0.03690175558472354,0.04910642324932051,0.04387462098468296,False,False,False,0.02297049839611392,0.01773869613147637,0.010585031973584303,0.01076583073151695,0.028386535130961687,0.023154732866324138,0.01600106870843207,0.027985714984450863,0.022753912719813314,0.015781047319853896
hgb|history_unavailable|budget=14,hgb,history_unavailable,14,False,D_B_M_C_A,hgb::D_B_M_C_A,hgb::D_B_M_C_A,D_B_M_C_A,"{""learning_rate"": 0.05, ""max_leaf_nodes"": 7}",False,8,8,0.6485929332417237,"{""learning_rate"": 0.05, ""max_leaf_nodes"": 7}","[""D"", ""B"", ""M"", ""C"", ""A""]",whole,1520,benchmark,hgb::NONE,False,31,0.02297049839611392,2.756492256429987,"post hoc; fixed-model conditional local-shift approximation, not achieved power",0.05329767858555756,-0.05329767858555756,0.01099474358550129,0.03126668732271175,0.07433113526391547,0.07100383293450335,-0.07433113526391547,-0.03126668732271175,-0.07100383293450335,0.07626817698167149,0.08360460414042514,False,False,False,0.02297049839611392,0.030306925554867577,0.01808474386401323,0.017706154348945784,0.0322239080553614,0.03956033521411506,0.02733815352326071,0.0319744955326937,0.03931092269144736,0.026710151485525566
hgb|history_unavailable|budget=15,hgb,history_unavailable,15,False,D_P,hgb::D_P,hgb::D_P,D_P,"{""learning_rate"": 0.05, ""max_leaf_nodes"": 7}",False,15,15,0.6465103724542357,"{""learning_rate"": 0.05, ""max_leaf_nodes"": 7}","[""D"", ""P""]",whole,1520,full,hgb::D_B_M_P_C_A_K,False,31,0.02297049839611392,2.756492256429987,"post hoc; fixed-model conditional local-shift approximation, not achieved power",0.009442001319974636,-0.009442001319974636,0.005959829054664641,-0.0017866005768373307,0.021452950590504845,0.0196184034678208,-0.021452950590504845,0.0017866005768373307,-0.0196184034678208,0.032412499716088554,0.02587022395880417,False,False,False,0.02297049839611392,0.016428222638829534,0.009803046436575898,0.010176402147846163,0.027986417076984467,0.021444141319700082,0.014818965117446447,0.02801889528513169,0.021476619527847303,0.015224799036863934
hgb|history_unavailable|budget=15,hgb,history_unavailable,15,False,D_P,hgb::D_P,hgb::D_P,D_P,"{""learning_rate"": 0.05, ""max_leaf_nodes"": 7}",False,15,15,0.6465103724542357,"{""learning_rate"": 0.05, ""max_leaf_nodes"": 7}","[""D"", ""P""]",whole,1520,benchmark,hgb::NONE,False,31,0.02297049839611392,2.756492256429987,"post hoc; fixed-model conditional local-shift approximation, not achieved power",0.036603755052325604,-0.036603755052325604,0.009025630719505262,0.019081250184238254,0.05406769118945938,0.051106338529677324,-0.05406769118945938,-0.019081250184238254,-0.051106338529677324,0.05957425344843952,0.061482836240038474,False,False,False,0.02297049839611392,0.02487908118771287,0.014845841424502857,0.01450258347735172,0.030566660856037528,0.03247524364763648,0.022442003884426465,0.030695760709485327,0.03260434350108428,0.02222784579072313
hgb|history_unavailable|budget=16,hgb,history_unavailable,16,False,D_P_C,hgb::D_P_C,hgb::D_P_C,D_P_C,"{""learning_rate"": 0.05, ""max_leaf_nodes"": 7}",False,16,16,0.6441902261965382,"{""learning_rate"": 0.05, ""max_leaf_nodes"": 7}","[""D"", ""P"", ""C""]",whole,1520,full,hgb::D_B_M_P_C_A_K,False,31,0.02297049839611392,2.756492256429987,"post hoc; fixed-model conditional local-shift approximation, not achieved power",0.00663339534777152,-0.00663339534777152,0.006006526618387624,-0.004732195480785146,0.018601719615162295,0.01692927507715688,-0.018601719615162295,0.004732195480785146,-0.01692927507715688,0.02960389374388544,0.023190339459397604,False,False,False,0.02297049839611392,0.016556944111626084,0.009879857093635445,0.010295879729385359,0.028025718738169857,0.02161216445368202,0.01493507743569138,0.02794899860221283,0.021535444317724996,0.015274379935484271
hgb|history_unavailable|budget=16,hgb,history_unavailable,16,False,D_P_C,hgb::D_P_C,hgb::D_P_C,D_P_C,"{""learning_rate"": 0.05, ""max_leaf_nodes"": 7}",False,16,16,0.6441902261965382,"{""learning_rate"": 0.05, ""max_leaf_nodes"": 7}","[""D"", ""P"", ""C""]",whole,1520,benchmark,hgb::NONE,False,31,0.02297049839611392,2.756492256429987,"post hoc; fixed-model conditional local-shift approximation, not achieved power",0.03379514908012249,-0.03379514908012249,0.008901005045586287,0.01670720631960853,0.05088973037517511,0.048035709610556435,-0.05088973037517511,-0.01670720631960853,-0.048035709610556435,0.05676564747623641,0.05833070056272533,False,False,False,0.02297049839611392,0.024535551482602842,0.014640850432745958,0.014240560530433943,0.030461773242618985,0.03202682632910791,0.02213212527925102,0.030652637810413146,0.032217690896902074,0.02192269994473317
hgb|history_unavailable|budget=17,hgb,history_unavailable,17,False,D_M_P_A,hgb::D_M_P_A,hgb::D_M_P_A,D_M_P_A,"{""learning_rate"": 0.05, ""max_leaf_nodes"": 7}",False,17,17,0.640925623536283,"{""learning_rate"": 0.05, ""max_leaf_nodes"": 7}","[""D"", ""M"", ""P"", ""A""]",whole,1520,full,hgb::D_B_M_P_C_A_K,False,31,0.02297049839611392,2.756492256429987,"post hoc; fixed-model conditional local-shift approximation, not achieved power",0.022976741211683693,-0.022976741211683693,0.004937751715165624,0.013248578334735287,0.03300297565558208,0.03141965486375683,-0.03300297565558208,-0.013248578334735287,-0.03141965486375683,0.04594723960779761,0.036587615578711624,False,False,False,0.02297049839611392,0.01361087436702793,0.00812187881767603,0.008442913652073133,0.027126215085708383,0.017766591056622396,0.012277595507270495,0.026878002787798908,0.01751837875871292,0.012350418043758124
hgb|history_unavailable|budget=17,hgb,history_unavailable,17,False,D_M_P_A,hgb::D_M_P_A,hgb::D_M_P_A,D_M_P_A,"{""learning_rate"": 0.05, ""max_leaf_nodes"": 7}",False,17,17,0.640925623536283,"{""learning_rate"": 0.05, ""max_leaf_nodes"": 7}","[""D"", ""M"", ""P"", ""A""]",whole,1520,benchmark,hgb::NONE,False,31,0.02297049839611392,2.756492256429987,"post hoc; fixed-model conditional local-shift approximation, not achieved power",0.05013849494403466,-0.05013849494403466,0.009815936540563286,0.030725346386404444,0.06902674932175873,0.06646103998279046,-0.06902674932175873,-0.030725346386404444,-0.06646103998279046,0.07310899334014859,0.07719604800770552,False,False,False,0.02297049839611392,0.027057553063670855,0.016145778820671006,0.016322545038755795,0.031231799016056237,0.03531885368361317,0.024407079440613322,0.03109948224852031,0.035186536916077246,0.024451528891162186
hgb|history_unavailable|budget=18,hgb,history_unavailable,18,False,D_M_P_C_A,hgb::D_M_P_C_A,hgb::D_M_P_C_A,D_M_P_C_A,"{""learning_rate"": 0.05, ""max_leaf_nodes"": 7}",False,18,18,0.6379512231708448,"{""learning_rate"": 0.05, ""max_leaf_nodes"": 7}","[""D"", ""M"", ""P"", ""C"", ""A""]",whole,1520,full,hgb::D_B_M_P_C_A_K,False,31,0.02297049839611392,2.756492256429987,"post hoc; fixed-model conditional local-shift approximation, not achieved power",0.025102184125525673,-0.025102184125525673,0.004981559249246148,0.015431503888607418,0.035174788957501715,0.03368840081541384,-0.035174788957501715,-0.015431503888607418,-0.03368840081541384,0.04807268252163959,0.03883381362101986,False,False,False,0.02297049839611392,0.013731629495494188,0.00819393579899618,0.008586216689888168,0.027163084436581022,0.017924215535961293,0.012386521839463283,0.026850525661628183,0.01761165676100845,0.012466243955402431
hgb|history_unavailable|budget=18,hgb,history_unavailable,18,False,D_M_P_C_A,hgb::D_M_P_C_A,hgb::D_M_P_C_A,D_M_P_C_A,"{""learning_rate"": 0.05, ""max_leaf_nodes"": 7}",False,18,18,0.6379512231708448,"{""learning_rate"": 0.05, ""max_leaf_nodes"": 7}","[""D"", ""M"", ""P"", ""C"", ""A""]",whole,1520,benchmark,hgb::NONE,False,31,0.02297049839611392,2.756492256429987,"post hoc; fixed-model conditional local-shift approximation, not achieved power",0.05226393785787664,-0.05226393785787664,0.009841399764589474,0.032966395755523216,0.0713142502738369,0.06877636167551866,-0.0713142502738369,-0.032966395755523216,-0.06877636167551866,0.07523443625399057,0.07939168010139942,False,False,False,0.02297049839611392,0.027127742243522785,0.016187662097064362,0.016512423817642022,0.0312532294060719,0.03541047325348076,0.02447039310702234,0.03116628502741317,0.03532352887482204,0.024708210448941274
hgb|history_unavailable|budget=19,hgb,history_unavailable,19,False,D_M_P_C_A,hgb::D_M_P_C_A,hgb::D_M_P_C_A,D_M_P_C_A,"{""learning_rate"": 0.05, ""max_leaf_nodes"": 7}",False,18,18,0.6379512231708448,"{""learning_rate"": 0.05, ""max_leaf_nodes"": 7}","[""D"", ""M"", ""P"", ""C"", ""A""]",whole,1520,full,hgb::D_B_M_P_C_A_K,False,31,0.02297049839611392,2.756492256429987,"post hoc; fixed-model conditional local-shift approximation, not achieved power",0.025102184125525673,-0.025102184125525673,0.004981559249246148,0.015431503888607418,0.035174788957501715,0.03368840081541384,-0.035174788957501715,-0.015431503888607418,-0.03368840081541384,0.04807268252163959,0.03883381362101986,False,False,False,0.02297049839611392,0.013731629495494188,0.00819393579899618,0.008586216689888168,0.027163084436581022,0.017924215535961293,0.012386521839463283,0.026850525661628183,0.01761165676100845,0.012466243955402431
hgb|history_unavailable|budget=19,hgb,history_unavailable,19,False,D_M_P_C_A,hgb::D_M_P_C_A,hgb::D_M_P_C_A,D_M_P_C_A,"{""learning_rate"": 0.05, ""max_leaf_nodes"": 7}",False,18,18,0.6379512231708448,"{""learning_rate"": 0.05, ""max_leaf_nodes"": 7}","[""D"", ""M"", ""P"", ""C"", ""A""]",whole,1520,benchmark,hgb::NONE,False,31,0.02297049839611392,2.756492256429987,"post hoc; fixed-model conditional local-shift approximation, not achieved power",0.05226393785787664,-0.05226393785787664,0.009841399764589474,0.032966395755523216,0.0713142502738369,0.06877636167551866,-0.0713142502738369,-0.032966395755523216,-0.06877636167551866,0.07523443625399057,0.07939168010139942,False,False,False,0.02297049839611392,0.027127742243522785,0.016187662097064362,0.016512423817642022,0.0312532294060719,0.03541047325348076,0.02447039310702234,0.03116628502741317,0.03532352887482204,0.024708210448941274
hgb|history_unavailable|budget=20,hgb,history_unavailable,20,False,D_M_P_C_A,hgb::D_M_P_C_A,hgb::D_M_P_C_A,D_M_P_C_A,"{""learning_rate"": 0.05, ""max_leaf_nodes"": 7}",False,18,18,0.6379512231708448,"{""learning_rate"": 0.05, ""max_leaf_nodes"": 7}","[""D"", ""M"", ""P"", ""C"", ""A""]",whole,1520,full,hgb::D_B_M_P_C_A_K,False,31,0.02297049839611392,2.756492256429987,"post hoc; fixed-model conditional local-shift approximation, not achieved power",0.025102184125525673,-0.025102184125525673,0.004981559249246148,0.015431503888607418,0.035174788957501715,0.03368840081541384,-0.035174788957501715,-0.015431503888607418,-0.03368840081541384,0.04807268252163959,0.03883381362101986,False,False,False,0.02297049839611392,0.013731629495494188,0.00819393579899618,0.008586216689888168,0.027163084436581022,0.017924215535961293,0.012386521839463283,0.026850525661628183,0.01761165676100845,0.012466243955402431
hgb|history_unavailable|budget=20,hgb,history_unavailable,20,False,D_M_P_C_A,hgb::D_M_P_C_A,hgb::D_M_P_C_A,D_M_P_C_A,"{""learning_rate"": 0.05, ""max_leaf_nodes"": 7}",False,18,18,0.6379512231708448,"{""learning_rate"": 0.05, ""max_leaf_nodes"": 7}","[""D"", ""M"", ""P"", ""C"", ""A""]",whole,1520,benchmark,hgb::NONE,False,31,0.02297049839611392,2.756492256429987,"post hoc; fixed-model conditional local-shift approximation, not achieved power",0.05226393785787664,-0.05226393785787664,0.009841399764589474,0.032966395755523216,0.0713142502738369,0.06877636167551866,-0.0713142502738369,-0.032966395755523216,-0.06877636167551866,0.07523443625399057,0.07939168010139942,False,False,False,0.02297049839611392,0.027127742243522785,0.016187662097064362,0.016512423817642022,0.0312532294060719,0.03541047325348076,0.02447039310702234,0.03116628502741317,0.03532352887482204,0.024708210448941274
hgb|history_unavailable|budget=21,hgb,history_unavailable,21,False,D_M_P_C_A,hgb::D_M_P_C_A,hgb::D_M_P_C_A,D_M_P_C_A,"{""learning_rate"": 0.05, ""max_leaf_nodes"": 7}",False,18,18,0.6379512231708448,"{""learning_rate"": 0.05, ""max_leaf_nodes"": 7}","[""D"", ""M"", ""P"", ""C"", ""A""]",whole,1520,full,hgb::D_B_M_P_C_A_K,False,31,0.02297049839611392,2.756492256429987,"post hoc; fixed-model conditional local-shift approximation, not achieved power",0.025102184125525673,-0.025102184125525673,0.004981559249246148,0.015431503888607418,0.035174788957501715,0.03368840081541384,-0.035174788957501715,-0.015431503888607418,-0.03368840081541384,0.04807268252163959,0.03883381362101986,False,False,False,0.02297049839611392,0.013731629495494188,0.00819393579899618,0.008586216689888168,0.027163084436581022,0.017924215535961293,0.012386521839463283,0.026850525661628183,0.01761165676100845,0.012466243955402431
hgb|history_unavailable|budget=21,hgb,history_unavailable,21,False,D_M_P_C_A,hgb::D_M_P_C_A,hgb::D_M_P_C_A,D_M_P_C_A,"{""learning_rate"": 0.05, ""max_leaf_nodes"": 7}",False,18,18,0.6379512231708448,"{""learning_rate"": 0.05, ""max_leaf_nodes"": 7}","[""D"", ""M"", ""P"", ""C"", ""A""]",whole,1520,benchmark,hgb::NONE,False,31,0.02297049839611392,2.756492256429987,"post hoc; fixed-model conditional local-shift approximation, not achieved power",0.05226393785787664,-0.05226393785787664,0.009841399764589474,0.032966395755523216,0.0713142502738369,0.06877636167551866,-0.0713142502738369,-0.032966395755523216,-0.06877636167551866,0.07523443625399057,0.07939168010139942,False,False,False,0.02297049839611392,0.027127742243522785,0.016187662097064362,0.016512423817642022,0.0312532294060719,0.03541047325348076,0.02447039310702234,0.03116628502741317,0.03532352887482204,0.024708210448941274
hgb|history_unavailable|budget=22,hgb,history_unavailable,22,False,D_M_P_C_A,hgb::D_M_P_C_A,hgb::D_M_P_C_A,D_M_P_C_A,"{""learning_rate"": 0.05, ""max_leaf_nodes"": 7}",False,18,18,0.6379512231708448,"{""learning_rate"": 0.05, ""max_leaf_nodes"": 7}","[""D"", ""M"", ""P"", ""C"", ""A""]",whole,1520,full,hgb::D_B_M_P_C_A_K,False,31,0.02297049839611392,2.756492256429987,"post hoc; fixed-model conditional local-shift approximation, not achieved power",0.025102184125525673,-0.025102184125525673,0.004981559249246148,0.015431503888607418,0.035174788957501715,0.03368840081541384,-0.035174788957501715,-0.015431503888607418,-0.03368840081541384,0.04807268252163959,0.03883381362101986,False,False,False,0.02297049839611392,0.013731629495494188,0.00819393579899618,0.008586216689888168,0.027163084436581022,0.017924215535961293,0.012386521839463283,0.026850525661628183,0.01761165676100845,0.012466243955402431
hgb|history_unavailable|budget=22,hgb,history_unavailable,22,False,D_M_P_C_A,hgb::D_M_P_C_A,hgb::D_M_P_C_A,D_M_P_C_A,"{""learning_rate"": 0.05, ""max_leaf_nodes"": 7}",False,18,18,0.6379512231708448,"{""learning_rate"": 0.05, ""max_leaf_nodes"": 7}","[""D"", ""M"", ""P"", ""C"", ""A""]",whole,1520,benchmark,hgb::NONE,False,31,0.02297049839611392,2.756492256429987,"post hoc; fixed-model conditional local-shift approximation, not achieved power",0.05226393785787664,-0.05226393785787664,0.009841399764589474,0.032966395755523216,0.0713142502738369,0.06877636167551866,-0.0713142502738369,-0.032966395755523216,-0.06877636167551866,0.07523443625399057,0.07939168010139942,False,False,False,0.02297049839611392,0.027127742243522785,0.016187662097064362,0.016512423817642022,0.0312532294060719,0.03541047325348076,0.02447039310702234,0.03116628502741317,0.03532352887482204,0.024708210448941274
hgb|history_unavailable|budget=23,hgb,history_unavailable,23,False,D_M_P_C_A,hgb::D_M_P_C_A,hgb::D_M_P_C_A,D_M_P_C_A,"{""learning_rate"": 0.05, ""max_leaf_nodes"": 7}",False,18,18,0.6379512231708448,"{""learning_rate"": 0.05, ""max_leaf_nodes"": 7}","[""D"", ""M"", ""P"", ""C"", ""A""]",whole,1520,full,hgb::D_B_M_P_C_A_K,False,31,0.02297049839611392,2.756492256429987,"post hoc; fixed-model conditional local-shift approximation, not achieved power",0.025102184125525673,-0.025102184125525673,0.004981559249246148,0.015431503888607418,0.035174788957501715,0.03368840081541384,-0.035174788957501715,-0.015431503888607418,-0.03368840081541384,0.04807268252163959,0.03883381362101986,False,False,False,0.02297049839611392,0.013731629495494188,0.00819393579899618,0.008586216689888168,0.027163084436581022,0.017924215535961293,0.012386521839463283,0.026850525661628183,0.01761165676100845,0.012466243955402431
hgb|history_unavailable|budget=23,hgb,history_unavailable,23,False,D_M_P_C_A,hgb::D_M_P_C_A,hgb::D_M_P_C_A,D_M_P_C_A,"{""learning_rate"": 0.05, ""max_leaf_nodes"": 7}",False,18,18,0.6379512231708448,"{""learning_rate"": 0.05, ""max_leaf_nodes"": 7}","[""D"", ""M"", ""P"", ""C"", ""A""]",whole,1520,benchmark,hgb::NONE,False,31,0.02297049839611392,2.756492256429987,"post hoc; fixed-model conditional local-shift approximation, not achieved power",0.05226393785787664,-0.05226393785787664,0.009841399764589474,0.032966395755523216,0.0713142502738369,0.06877636167551866,-0.0713142502738369,-0.032966395755523216,-0.06877636167551866,0.07523443625399057,0.07939168010139942,False,False,False,0.02297049839611392,0.027127742243522785,0.016187662097064362,0.016512423817642022,0.0312532294060719,0.03541047325348076,0.02447039310702234,0.03116628502741317,0.03532352887482204,0.024708210448941274
hgb|history_unavailable|budget=24,hgb,history_unavailable,24,False,D_M_P_C_A,hgb::D_M_P_C_A,hgb::D_M_P_C_A,D_M_P_C_A,"{""learning_rate"": 0.05, ""max_leaf_nodes"": 7}",False,18,18,0.6379512231708448,"{""learning_rate"": 0.05, ""max_leaf_nodes"": 7}","[""D"", ""M"", ""P"", ""C"", ""A""]",whole,1520,full,hgb::D_B_M_P_C_A_K,False,31,0.02297049839611392,2.756492256429987,"post hoc; fixed-model conditional local-shift approximation, not achieved power",0.025102184125525673,-0.025102184125525673,0.004981559249246148,0.015431503888607418,0.035174788957501715,0.03368840081541384,-0.035174788957501715,-0.015431503888607418,-0.03368840081541384,0.04807268252163959,0.03883381362101986,False,False,False,0.02297049839611392,0.013731629495494188,0.00819393579899618,0.008586216689888168,0.027163084436581022,0.017924215535961293,0.012386521839463283,0.026850525661628183,0.01761165676100845,0.012466243955402431
hgb|history_unavailable|budget=24,hgb,history_unavailable,24,False,D_M_P_C_A,hgb::D_M_P_C_A,hgb::D_M_P_C_A,D_M_P_C_A,"{""learning_rate"": 0.05, ""max_leaf_nodes"": 7}",False,18,18,0.6379512231708448,"{""learning_rate"": 0.05, ""max_leaf_nodes"": 7}","[""D"", ""M"", ""P"", ""C"", ""A""]",whole,1520,benchmark,hgb::NONE,False,31,0.02297049839611392,2.756492256429987,"post hoc; fixed-model conditional local-shift approximation, not achieved power",0.05226393785787664,-0.05226393785787664,0.009841399764589474,0.032966395755523216,0.0713142502738369,0.06877636167551866,-0.0713142502738369,-0.032966395755523216,-0.06877636167551866,0.07523443625399057,0.07939168010139942,False,False,False,0.02297049839611392,0.027127742243522785,0.016187662097064362,0.016512423817642022,0.0312532294060719,0.03541047325348076,0.02447039310702234,0.03116628502741317,0.03532352887482204,0.024708210448941274
hgb|history_unavailable|budget=25,hgb,history_unavailable,25,False,D_M_P_C_A,hgb::D_M_P_C_A,hgb::D_M_P_C_A,D_M_P_C_A,"{""learning_rate"": 0.05, ""max_leaf_nodes"": 7}",False,18,18,0.6379512231708448,"{""learning_rate"": 0.05, ""max_leaf_nodes"": 7}","[""D"", ""M"", ""P"", ""C"", ""A""]",whole,1520,full,hgb::D_B_M_P_C_A_K,False,31,0.02297049839611392,2.756492256429987,"post hoc; fixed-model conditional local-shift approximation, not achieved power",0.025102184125525673,-0.025102184125525673,0.004981559249246148,0.015431503888607418,0.035174788957501715,0.03368840081541384,-0.035174788957501715,-0.015431503888607418,-0.03368840081541384,0.04807268252163959,0.03883381362101986,False,False,False,0.02297049839611392,0.013731629495494188,0.00819393579899618,0.008586216689888168,0.027163084436581022,0.017924215535961293,0.012386521839463283,0.026850525661628183,0.01761165676100845,0.012466243955402431
hgb|history_unavailable|budget=25,hgb,history_unavailable,25,False,D_M_P_C_A,hgb::D_M_P_C_A,hgb::D_M_P_C_A,D_M_P_C_A,"{""learning_rate"": 0.05, ""max_leaf_nodes"": 7}",False,18,18,0.6379512231708448,"{""learning_rate"": 0.05, ""max_leaf_nodes"": 7}","[""D"", ""M"", ""P"", ""C"", ""A""]",whole,1520,benchmark,hgb::NONE,False,31,0.02297049839611392,2.756492256429987,"post hoc; fixed-model conditional local-shift approximation, not achieved power",0.05226393785787664,-0.05226393785787664,0.009841399764589474,0.032966395755523216,0.0713142502738369,0.06877636167551866,-0.0713142502738369,-0.032966395755523216,-0.06877636167551866,0.07523443625399057,0.07939168010139942,False,False,False,0.02297049839611392,0.027127742243522785,0.016187662097064362,0.016512423817642022,0.0312532294060719,0.03541047325348076,0.02447039310702234,0.03116628502741317,0.03532352887482204,0.024708210448941274
hgb|history_unavailable|budget=26,hgb,history_unavailable,26,False,D_M_P_C_A,hgb::D_M_P_C_A,hgb::D_M_P_C_A,D_M_P_C_A,"{""learning_rate"": 0.05, ""max_leaf_nodes"": 7}",False,18,18,0.6379512231708448,"{""learning_rate"": 0.05, ""max_leaf_nodes"": 7}","[""D"", ""M"", ""P"", ""C"", ""A""]",whole,1520,full,hgb::D_B_M_P_C_A_K,False,31,0.02297049839611392,2.756492256429987,"post hoc; fixed-model conditional local-shift approximation, not achieved power",0.025102184125525673,-0.025102184125525673,0.004981559249246148,0.015431503888607418,0.035174788957501715,0.03368840081541384,-0.035174788957501715,-0.015431503888607418,-0.03368840081541384,0.04807268252163959,0.03883381362101986,False,False,False,0.02297049839611392,0.013731629495494188,0.00819393579899618,0.008586216689888168,0.027163084436581022,0.017924215535961293,0.012386521839463283,0.026850525661628183,0.01761165676100845,0.012466243955402431
hgb|history_unavailable|budget=26,hgb,history_unavailable,26,False,D_M_P_C_A,hgb::D_M_P_C_A,hgb::D_M_P_C_A,D_M_P_C_A,"{""learning_rate"": 0.05, ""max_leaf_nodes"": 7}",False,18,18,0.6379512231708448,"{""learning_rate"": 0.05, ""max_leaf_nodes"": 7}","[""D"", ""M"", ""P"", ""C"", ""A""]",whole,1520,benchmark,hgb::NONE,False,31,0.02297049839611392,2.756492256429987,"post hoc; fixed-model conditional local-shift approximation, not achieved power",0.05226393785787664,-0.05226393785787664,0.009841399764589474,0.032966395755523216,0.0713142502738369,0.06877636167551866,-0.0713142502738369,-0.032966395755523216,-0.06877636167551866,0.07523443625399057,0.07939168010139942,False,False,False,0.02297049839611392,0.027127742243522785,0.016187662097064362,0.016512423817642022,0.0312532294060719,0.03541047325348076,0.02447039310702234,0.03116628502741317,0.03532352887482204,0.024708210448941274
hgb|history_unavailable|budget=27,hgb,history_unavailable,27,False,D_P_C_K,hgb::D_P_C_K,hgb::D_P_C_K,D_P_C_K,"{""learning_rate"": 0.05, ""max_leaf_nodes"": 7}",False,27,27,0.6370776595795395,"{""learning_rate"": 0.05, ""max_leaf_nodes"": 7}","[""D"", ""P"", ""C"", ""K""]",whole,1520,full,hgb::D_B_M_P_C_A_K,False,31,0.02297049839611392,2.756492256429987,"post hoc; fixed-model conditional local-shift approximation, not achieved power",-0.006213877280310642,0.006213877280310642,0.005193818647253326,-0.01673315491211625,0.004117915590306564,0.0023399997645259032,-0.004117915590306564,0.01673315491211625,-0.0023399997645259032,0.016756621115803276,0.008102843602144822,False,False,False,0.02297049839611392,0.014316720882455464,0.008543071439662821,0.008553877044836546,0.027341726452969266,0.018687948939310813,0.01291429949651817,0.027344444640795842,0.018690667127137392,0.012927823289518471
hgb|history_unavailable|budget=27,hgb,history_unavailable,27,False,D_P_C_K,hgb::D_P_C_K,hgb::D_P_C_K,D_P_C_K,"{""learning_rate"": 0.05, ""max_leaf_nodes"": 7}",False,27,27,0.6370776595795395,"{""learning_rate"": 0.05, ""max_leaf_nodes"": 7}","[""D"", ""P"", ""C"", ""K""]",whole,1520,benchmark,hgb::NONE,False,31,0.02297049839611392,2.756492256429987,"post hoc; fixed-model conditional local-shift approximation, not achieved power",0.020947876452040326,-0.020947876452040326,0.008876911123700192,0.002960928205800732,0.03800476602250949,0.03562432769111497,-0.03800476602250949,-0.002960928205800732,-0.03562432769111497,0.043918374848154244,0.04541701322553712,False,False,False,0.02297049839611392,0.024469136773496797,0.01460121945794413,0.014676451239074642,0.030441495286359598,0.03194013366374247,0.02207221634818981,0.03085263714817202,0.0323512755255549,0.022558589991132742
hgb|history_unavailable|budget=28,hgb,history_unavailable,28,False,D_M_P_A_K,hgb::D_M_P_A_K,hgb::D_M_P_A_K,D_M_P_A_K,"{""learning_rate"": 0.05, ""max_leaf_nodes"": 7}",False,28,28,0.6344975802563864,"{""learning_rate"": 0.05, ""max_leaf_nodes"": 7}","[""D"", ""M"", ""P"", ""A"", ""K""]",whole,1520,full,hgb::D_B_M_P_C_A_K,False,31,0.02297049839611392,2.756492256429987,"post hoc; fixed-model conditional local-shift approximation, not achieved power",0.011185911680678395,-0.011185911680678395,0.0032000860556537438,0.004866851459775434,0.01734183845165492,0.016466000662246738,-0.01734183845165492,-0.004866851459775434,-0.016466000662246738,0.034156410076792314,0.020006924112997523,False,False,False,0.02297049839611392,0.008821012432319126,0.005263673155198891,0.005280088981568342,0.025663758769812705,0.011514272806017911,0.007956933528897675,0.025710365111277004,0.011560879147482214,0.008019955696731428
hgb|history_unavailable|budget=28,hgb,history_unavailable,28,False,D_M_P_A_K,hgb::D_M_P_A_K,hgb::D_M_P_A_K,D_M_P_A_K,"{""learning_rate"": 0.05, ""max_leaf_nodes"": 7}",False,28,28,0.6344975802563864,"{""learning_rate"": 0.05, ""max_leaf_nodes"": 7}","[""D"", ""M"", ""P"", ""A"", ""K""]",whole,1520,benchmark,hgb::NONE,False,31,0.02297049839611392,2.756492256429987,"post hoc; fixed-model conditional local-shift approximation, not achieved power",0.038347665413029364,-0.038347665413029364,0.009459099223528373,0.01934875491403006,0.056626116579714066,0.054113809631428075,-0.056626116579714066,-0.01934875491403006,-0.054113809631428075,0.06131816380914328,0.06442159917548823,False,False,False,0.02297049839611392,0.026073933762458864,0.015558833665514499,0.01576614421839871,0.030931477153108462,0.03403491251945341,0.023519812422509043,0.031155746184367034,0.03425918155071198,0.023951392006651827
hgb|history_unavailable|budget=29,hgb,history_unavailable,29,False,D_M_P_C_A_K,hgb::D_M_P_C_A_K,hgb::D_M_P_C_A_K,D_M_P_C_A_K,"{""learning_rate"": 0.05, ""max_leaf_nodes"": 7}",False,29,29,0.6317969039258379,"{""learning_rate"": 0.05, ""max_leaf_nodes"": 7}","[""D"", ""M"", ""P"", ""C"", ""A"", ""K""]",whole,1520,full,hgb::D_B_M_P_C_A_K,False,31,0.02297049839611392,2.756492256429987,"post hoc; fixed-model conditional local-shift approximation, not achieved power",0.009996276348219757,-0.009996276348219757,0.0030667152134065245,0.0038356119136558845,0.016022077954790274,0.015012709491021252,-0.016022077954790274,-0.0038356119136558845,-0.015012709491021252,0.032966774744333675,0.018449653086650877,False,False,False,0.02297049839611392,0.00845337673843112,0.00504429764159898,0.005016433142801495,0.02555151103703794,0.011034389379355143,0.007625310282523001,0.025522972085638723,0.011005850427955923,0.007568906832326298
hgb|history_unavailable|budget=29,hgb,history_unavailable,29,False,D_M_P_C_A_K,hgb::D_M_P_C_A_K,hgb::D_M_P_C_A_K,D_M_P_C_A_K,"{""learning_rate"": 0.05, ""max_leaf_nodes"": 7}",False,29,29,0.6317969039258379,"{""learning_rate"": 0.05, ""max_leaf_nodes"": 7}","[""D"", ""M"", ""P"", ""C"", ""A"", ""K""]",whole,1520,benchmark,hgb::NONE,False,31,0.02297049839611392,2.756492256429987,"post hoc; fixed-model conditional local-shift approximation, not achieved power",0.037158030080570725,-0.037158030080570725,0.009416028071759702,0.017742870196266906,0.05605131192338728,0.052674284072362895,-0.05605131192338728,-0.017742870196266906,-0.052674284072362895,0.060128528476684644,0.06311323854670373,False,False,False,0.02297049839611392,0.025955208466133004,0.015487987925310823,0.015516253991792166,0.030895227557225506,0.033879937627244595,0.02341271708642241,0.031121985338196906,0.03410669540821599,0.02366774093387515
hgb|history_unavailable|budget=30,hgb,history_unavailable,30,False,D_M_P_C_A_K,hgb::D_M_P_C_A_K,hgb::D_M_P_C_A_K,D_M_P_C_A_K,"{""learning_rate"": 0.05, ""max_leaf_nodes"": 7}",False,29,29,0.6317969039258379,"{""learning_rate"": 0.05, ""max_leaf_nodes"": 7}","[""D"", ""M"", ""P"", ""C"", ""A"", ""K""]",whole,1520,full,hgb::D_B_M_P_C_A_K,False,31,0.02297049839611392,2.756492256429987,"post hoc; fixed-model conditional local-shift approximation, not achieved power",0.009996276348219757,-0.009996276348219757,0.0030667152134065245,0.0038356119136558845,0.016022077954790274,0.015012709491021252,-0.016022077954790274,-0.0038356119136558845,-0.015012709491021252,0.032966774744333675,0.018449653086650877,False,False,False,0.02297049839611392,0.00845337673843112,0.00504429764159898,0.005016433142801495,0.02555151103703794,0.011034389379355143,0.007625310282523001,0.025522972085638723,0.011005850427955923,0.007568906832326298
hgb|history_unavailable|budget=30,hgb,history_unavailable,30,False,D_M_P_C_A_K,hgb::D_M_P_C_A_K,hgb::D_M_P_C_A_K,D_M_P_C_A_K,"{""learning_rate"": 0.05, ""max_leaf_nodes"": 7}",False,29,29,0.6317969039258379,"{""learning_rate"": 0.05, ""max_leaf_nodes"": 7}","[""D"", ""M"", ""P"", ""C"", ""A"", ""K""]",whole,1520,benchmark,hgb::NONE,False,31,0.02297049839611392,2.756492256429987,"post hoc; fixed-model conditional local-shift approximation, not achieved power",0.037158030080570725,-0.037158030080570725,0.009416028071759702,0.017742870196266906,0.05605131192338728,0.052674284072362895,-0.05605131192338728,-0.017742870196266906,-0.052674284072362895,0.060128528476684644,0.06311323854670373,False,False,False,0.02297049839611392,0.025955208466133004,0.015487987925310823,0.015516253991792166,0.030895227557225506,0.033879937627244595,0.02341271708642241,0.031121985338196906,0.03410669540821599,0.02366774093387515
hgb|history_unavailable|budget=00,hgb,history_unavailable,0,False,NONE,hgb::NONE,hgb::NONE,NONE,"{""learning_rate"": 0.05, ""max_leaf_nodes"": 3}",False,0,0,0.6853643289188563,"{""learning_rate"": 0.05, ""max_leaf_nodes"": 3}",[],disjoint,879,full,hgb::D_B_M_P_C_A_K,False,31,0.03073256444047339,2.747916138595601,"post hoc; fixed-model conditional local-shift approximation, not achieved power",-0.06360040353177321,0.06360040353177321,0.012475469837213987,-0.08770580850522577,-0.03783966318633912,-0.04217027798814544,0.03783966318633912,0.08770580850522577,0.04217027798814544,-0.03286783909129982,-0.029318858629530264,True,True,True,0.03073256444047339,0.034281544902242944,0.020520321809665117,0.02143012554362777,0.04123218475427111,0.04478116521604067,0.031019942123462835,0.04074827043148726,0.04429725089325681,0.03144583153464164
hgb|history_unavailable|budget=00,hgb,history_unavailable,0,False,NONE,hgb::NONE,hgb::NONE,NONE,"{""learning_rate"": 0.05, ""max_leaf_nodes"": 3}",False,0,0,0.6853643289188563,"{""learning_rate"": 0.05, ""max_leaf_nodes"": 3}",[],disjoint,879,benchmark,hgb::NONE,True,31,0.03073256444047339,2.747916138595601,"post hoc; fixed-model conditional local-shift approximation, not achieved power",0.0,-0.0,0.0,0.0,0.0,0.0,-0.0,-0.0,-0.0,0.0,0.0,False,False,False,,,,,,,,,,
hgb|history_unavailable|budget=01,hgb,history_unavailable,1,False,B,hgb::B,hgb::B,B,"{""learning_rate"": 0.05, ""max_leaf_nodes"": 3}",False,1,1,0.6760966845523163,"{""learning_rate"": 0.05, ""max_leaf_nodes"": 3}","[""B""]",disjoint,879,full,hgb::D_B_M_P_C_A_K,False,31,0.03073256444047339,2.747916138595601,"post hoc; fixed-model conditional local-shift approximation, not achieved power",-0.06651656338082235,0.06651656338082235,0.011995496302701428,-0.08965421357084695,-0.04218743050809346,-0.046054562349771795,0.04218743050809346,0.08965421357084695,0.046054562349771795,-0.035783998940348956,-0.03355394550016523,True,True,True,0.03073256444047339,0.032962617880657116,0.019730835600581417,0.02046200103105055,0.0408282288360723,0.04305828227625602,0.029826499996180325,0.0404866725068342,0.042716725947017926,0.03021610909741136
hgb|history_unavailable|budget=01,hgb,history_unavailable,1,False,B,hgb::B,hgb::B,B,"{""learning_rate"": 0.05, ""max_leaf_nodes"": 3}",False,1,1,0.6760966845523163,"{""learning_rate"": 0.05, ""max_leaf_nodes"": 3}","[""B""]",disjoint,879,benchmark,hgb::NONE,False,31,0.03073256444047339,2.747916138595601,"post hoc; fixed-model conditional local-shift approximation, not achieved power",-0.002916159849049138,0.002916159849049138,0.00494440511256013,-0.012491994331728682,0.007453613414317892,0.005349585907800224,-0.007453613414317892,0.012491994331728682,-0.005349585907800224,0.027816404591424253,0.010670650755509442,False,False,False,0.03073256444047339,0.01358681060455858,0.008132822682511932,0.008265745756849362,0.03489388077059047,0.017748126934675663,0.012294139012629011,0.03490572021739933,0.01775996638148452,0.012438901533775304
hgb|history_unavailable|budget=02,hgb,history_unavailable,2,False,B_A,hgb::B_A,hgb::B_A,B_A,"{""learning_rate"": 0.05, ""max_leaf_nodes"": 7}",False,2,2,0.6710019459030957,"{""learning_rate"": 0.05, ""max_leaf_nodes"": 7}","[""B"", ""A""]",disjoint,879,full,hgb::D_B_M_P_C_A_K,False,31,0.03073256444047339,2.747916138595601,"post hoc; fixed-model conditional local-shift approximation, not achieved power",-0.052898802213326435,0.052898802213326435,0.010857950195536462,-0.07332371442508412,-0.030269028789065316,-0.03423733448680556,0.030269028789065316,0.07332371442508412,0.03423733448680556,-0.022166237772853044,-0.023062065638944532,True,True,True,0.03073256444047339,0.029836736574381902,0.017859738760386597,0.018661467726520876,0.039870845878114056,0.038975018012022564,0.026998020198027255,0.03958559632889028,0.038689768462798785,0.027514499614937758
hgb|history_unavailable|budget=02,hgb,history_unavailable,2,False,B_A,hgb::B_A,hgb::B_A,B_A,"{""learning_rate"": 0.05, ""max_leaf_nodes"": 7}",False,2,2,0.6710019459030957,"{""learning_rate"": 0.05, ""max_leaf_nodes"": 7}","[""B"", ""A""]",disjoint,879,benchmark,hgb::NONE,False,31,0.03073256444047339,2.747916138595601,"post hoc; fixed-model conditional local-shift approximation, not achieved power",0.010701601318446774,-0.010701601318446774,0.007473605609612952,-0.003386578236416509,0.025226650529718037,0.022802456397029887,-0.025226650529718037,0.003386578236416509,-0.022802456397029887,0.041434165758920165,0.031238442786600817,False,False,False,0.03073256444047339,0.020536841468154043,0.012292987293376733,0.012100855078583111,0.037022509612873296,0.02682678664055395,0.018582932465776636,0.03725998406937199,0.027064261097052643,0.018628274707481712
hgb|history_unavailable|budget=03,hgb,history_unavailable,3,False,B_M_A,hgb::B_M_A,hgb::B_M_A,B_M_A,"{""learning_rate"": 0.05, ""max_leaf_nodes"": 3}",False,3,3,0.6681826337714976,"{""learning_rate"": 0.05, ""max_leaf_nodes"": 3}","[""B"", ""M"", ""A""]",disjoint,879,full,hgb::D_B_M_P_C_A_K,False,31,0.03073256444047339,2.747916138595601,"post hoc; fixed-model conditional local-shift approximation, not achieved power",-0.03536125959952363,0.03536125959952363,0.011527594045431968,-0.05703863639867701,-0.012436132442100966,-0.01573990748718587,0.012436132442100966,0.05703863639867701,0.01573990748718587,-0.00462869515905024,-0.0036843978829025764,True,True,True,0.03073256444047339,0.031676861716621055,0.018961204875652966,0.019621352112337762,0.04043443236111763,0.041378729637265285,0.028663072796297196,0.040162400450326805,0.04110669772647446,0.029051188122191172
hgb|history_unavailable|budget=03,hgb,history_unavailable,3,False,B_M_A,hgb::B_M_A,hgb::B_M_A,B_M_A,"{""learning_rate"": 0.05, ""max_leaf_nodes"": 3}",False,3,3,0.6681826337714976,"{""learning_rate"": 0.05, ""max_leaf_nodes"": 3}","[""B"", ""M"", ""A""]",disjoint,879,benchmark,hgb::NONE,False,31,0.03073256444047339,2.747916138595601,"post hoc; fixed-model conditional local-shift approximation, not achieved power",0.028239143932249577,-0.028239143932249577,0.009461547740428228,0.009352503078585789,0.04676046875482628,0.04381169519706122,-0.04676046875482628,-0.009352503078585789,-0.04381169519706122,0.05897170837272297,0.05423868366426504,False,False,False,0.03073256444047339,0.025999539732015468,0.015562861117417877,0.01557255126481164,0.038695603921281616,0.033962579212823696,0.0235259005982261,0.0386741304454118,0.03394110573695387,0.023514117269750046
hgb|history_unavailable|budget=04,hgb,history_unavailable,4,False,D,hgb::D,hgb::D,D,"{""learning_rate"": 0.05, ""max_leaf_nodes"": 7}",False,4,4,0.6641680792622449,"{""learning_rate"": 0.05, ""max_leaf_nodes"": 7}","[""D""]",disjoint,879,full,hgb::D_B_M_P_C_A_K,False,31,0.03073256444047339,2.747916138595601,"post hoc; fixed-model conditional local-shift approximation, not achieved power",-0.012159414271326052,0.012159414271326052,0.008510851650572603,-0.02891725605249529,0.004921835084958571,0.0022979847700036644,-0.004921835084958571,0.02891725605249529,-0.0022979847700036644,0.01857315016914734,0.01122769233247541,False,False,False,0.03073256444047339,0.02338710660380146,0.01399910520589027,0.014457399041329717,0.037895477905384375,0.03055002006871245,0.021162018670801256,0.03753946957191452,0.030194011735242596,0.02126430417277085
hgb|history_unavailable|budget=04,hgb,history_unavailable,4,False,D,hgb::D,hgb::D,D,"{""learning_rate"": 0.05, ""max_leaf_nodes"": 7}",False,4,4,0.6641680792622449,"{""learning_rate"": 0.05, ""max_leaf_nodes"": 7}","[""D""]",disjoint,879,benchmark,hgb::NONE,False,31,0.03073256444047339,2.747916138595601,"post hoc; fixed-model conditional local-shift approximation, not achieved power",0.051440989260447156,-0.051440989260447156,0.011325353201033367,0.028434233308605728,0.07291517502208286,0.06994155557742593,-0.07291517502208286,-0.028434233308605728,-0.06994155557742593,0.08217355370092055,0.0825621100968621,False,False,False,0.03073256444047339,0.031121120836414936,0.0186285482892262,0.018500566316978766,0.04026422217217605,0.040652778568117595,0.028160206020928853,0.03976211295876942,0.04015066935471096,0.027530114835274795
hgb|history_unavailable|budget=05,hgb,history_unavailable,5,False,D_C,hgb::D_C,hgb::D_C,D_C,"{""learning_rate"": 0.05, ""max_leaf_nodes"": 7}",False,5,5,0.6579254494910797,"{""learning_rate"": 0.05, ""max_leaf_nodes"": 7}","[""D"", ""C""]",disjoint,879,full,hgb::D_B_M_P_C_A_K,False,31,0.03073256444047339,2.747916138595601,"post hoc; fixed-model conditional local-shift approximation, not achieved power",-0.02136666876693938,0.02136666876693938,0.008804158548365871,-0.038204827193541985,-0.0038527522202222164,-0.006318474577243556,0.0038527522202222164,0.038204827193541985,0.006318474577243556,0.009365895673534012,0.002826420594869615,False,False,True,0.03073256444047339,0.024193089361808993,0.014481552120535411,0.015048194189695822,0.03814233121852059,0.031602856139856195,0.021891318898582614,0.03803330596759836,0.03149383088893396,0.02234893571682079
hgb|history_unavailable|budget=05,hgb,history_unavailable,5,False,D_C,hgb::D_C,hgb::D_C,D_C,"{""learning_rate"": 0.05, ""max_leaf_nodes"": 7}",False,5,5,0.6579254494910797,"{""learning_rate"": 0.05, ""max_leaf_nodes"": 7}","[""D"", ""C""]",disjoint,879,benchmark,hgb::NONE,False,31,0.03073256444047339,2.747916138595601,"post hoc; fixed-model conditional local-shift approximation, not achieved power",0.04223373476483383,-0.04223373476483383,0.011185792769636353,0.01992653433205474,0.0638468797046183,0.060305949203984056,-0.0638468797046183,-0.01992653433205474,-0.060305949203984056,0.07296629920530723,0.07297135523950354,False,False,False,0.03073256444047339,0.030737620474669717,0.018398991807463908,0.018072214439150226,0.040146765149745724,0.04015182118394205,0.027813192516736238,0.03994116050523536,0.03994621653943168,0.027280810503912192
hgb|history_unavailable|budget=06,hgb,history_unavailable,6,False,D_B_C,hgb::D_B_C,hgb::D_B_C,D_B_C,"{""learning_rate"": 0.05, ""max_leaf_nodes"": 7}",False,6,6,0.6529262330125998,"{""learning_rate"": 0.05, ""max_leaf_nodes"": 7}","[""D"", ""B"", ""C""]",disjoint,879,full,hgb::D_B_M_P_C_A_K,False,31,0.03073256444047339,2.747916138595601,"post hoc; fixed-model conditional local-shift approximation, not achieved power",-0.020289727730345986,0.020289727730345986,0.00858178245543509,-0.03664033295554405,-0.0034707112262710345,-0.005926543436147199,0.0034707112262710345,0.03664033295554405,0.005926543436147199,0.010442836710127405,0.0032922907768606798,False,False,True,0.03073256444047339,0.023582018507206665,0.01411577599753092,0.014363184294198786,0.03795517477687106,0.03080462884360434,0.02133838633392859,0.03784774638787452,0.030697200454607793,0.021478366241599916
hgb|history_unavailable|budget=06,hgb,history_unavailable,6,False,D_B_C,hgb::D_B_C,hgb::D_B_C,D_B_C,"{""learning_rate"": 0.05, ""max_leaf_nodes"": 7}",False,6,6,0.6529262330125998,"{""learning_rate"": 0.05, ""max_leaf_nodes"": 7}","[""D"", ""B"", ""C""]",disjoint,879,benchmark,hgb::NONE,False,31,0.03073256444047339,2.747916138595601,"post hoc; fixed-model conditional local-shift approximation, not achieved power",0.04331067580142722,-0.04331067580142722,0.01198344326014979,0.019471008133506044,0.06702261862338388,0.06296267696533418,-0.06702261862338388,-0.019471008133506044,-0.06296267696533418,0.07404324024190062,0.07624017293193752,False,False,False,0.03073256444047339,0.03292949713051029,0.019711010109824557,0.019652001163906963,0.04081808473953168,0.043015017429568585,0.029796530408882846,0.04078718833061688,0.042984121020653784,0.029706625054050452
hgb|history_unavailable|budget=07,hgb,history_unavailable,7,False,D_M_C_A,hgb::D_M_C_A,hgb::D_M_C_A,D_M_C_A,"{""learning_rate"": 0.05, ""max_leaf_nodes"": 7}",False,7,7,0.650369538146649,"{""learning_rate"": 0.05, ""max_leaf_nodes"": 7}","[""D"", ""M"", ""C"", ""A""]",disjoint,879,full,hgb::D_B_M_P_C_A_K,False,31,0.03073256444047339,2.747916138595601,"post hoc; fixed-model conditional local-shift approximation, not achieved power",0.025546301720560494,-0.025546301720560494,0.009681119639194121,0.006691728451098472,0.044480341174748625,0.04144719563930366,-0.044480341174748625,-0.006691728451098472,-0.04144719563930366,0.056278866161033884,0.05214920661677684,False,False,False,0.03073256444047339,0.026602904896216348,0.01592402475147958,0.01590089391874316,0.038880400293578914,0.03475074074932187,0.0240718606045851,0.0386546715721869,0.034525012027929854,0.02382300105045667
hgb|history_unavailable|budget=07,hgb,history_unavailable,7,False,D_M_C_A,hgb::D_M_C_A,hgb::D_M_C_A,D_M_C_A,"{""learning_rate"": 0.05, ""max_leaf_nodes"": 7}",False,7,7,0.650369538146649,"{""learning_rate"": 0.05, ""max_leaf_nodes"": 7}","[""D"", ""M"", ""C"", ""A""]",disjoint,879,benchmark,hgb::NONE,False,31,0.03073256444047339,2.747916138595601,"post hoc; fixed-model conditional local-shift approximation, not achieved power",0.0891467052523337,-0.0891467052523337,0.01443879789126754,0.0602734100527425,0.11574675614187817,0.111724928339767,-0.11574675614187817,-0.0602734100527425,-0.111724928339767,0.1198792696928071,0.1288233109996679,False,False,False,0.03073256444047339,0.039676605747334205,0.023749709080270683,0.022578223087433298,0.04288456333303197,0.051828604639892785,0.03590170797282926,0.04288120558160951,0.051825246888470324,0.034726864228569417
hgb|history_unavailable|budget=08,hgb,history_unavailable,8,False,D_B_M_C_A,hgb::D_B_M_C_A,hgb::D_B_M_C_A,D_B_M_C_A,"{""learning_rate"": 0.05, ""max_leaf_nodes"": 7}",False,8,8,0.6485929332417237,"{""learning_rate"": 0.05, ""max_leaf_nodes"": 7}","[""D"", ""B"", ""M"", ""C"", ""A""]",disjoint,879,full,hgb::D_B_M_P_C_A_K,False,31,0.03073256444047339,2.747916138595601,"post hoc; fixed-model conditional local-shift approximation, not achieved power",0.018493615707697364,-0.018493615707697364,0.00903587287678385,0.0009875694943798398,0.035923784355803234,0.03341633981090066,-0.035923784355803234,-0.0009875694943798398,-0.03341633981090066,0.049226180148170755,0.04332343661210997,False,False,False,0.03073256444047339,0.024829820904412603,0.014862688274050349,0.014922724103203298,0.03833734691744025,0.03243460338137946,0.02246747075101721,0.03799886153242325,0.032096117996362465,0.022189021195153157
hgb|history_unavailable|budget=08,hgb,history_unavailable,8,False,D_B_M_C_A,hgb::D_B_M_C_A,hgb::D_B_M_C_A,D_B_M_C_A,"{""learning_rate"": 0.05, ""max_leaf_nodes"": 7}",False,8,8,0.6485929332417237,"{""learning_rate"": 0.05, ""max_leaf_nodes"": 7}","[""D"", ""B"", ""M"", ""C"", ""A""]",disjoint,879,benchmark,hgb::NONE,False,31,0.03073256444047339,2.747916138595601,"post hoc; fixed-model conditional local-shift approximation, not achieved power",0.08209401923947057,-0.08209401923947057,0.014581947382775025,0.05324173534517802,0.10979513850778308,0.10502955701828362,-0.10979513850778308,-0.05324173534517802,-0.10502955701828362,0.11282658367994397,0.12216398778474995,False,False,False,0.03073256444047339,0.040069968545279375,0.023985169040573028,0.02293553777881305,0.043005040984659834,0.05234244508946582,0.03625764558475947,0.04251563956482732,0.0518530436696333,0.03471861290316698
hgb|history_unavailable|budget=09,hgb,history_unavailable,9,False,D_B_M_C_A,hgb::D_B_M_C_A,hgb::D_B_M_C_A,D_B_M_C_A,"{""learning_rate"": 0.05, ""max_leaf_nodes"": 7}",False,8,8,0.6485929332417237,"{""learning_rate"": 0.05, ""max_leaf_nodes"": 7}","[""D"", ""B"", ""M"", ""C"", ""A""]",disjoint,879,full,hgb::D_B_M_P_C_A_K,False,31,0.03073256444047339,2.747916138595601,"post hoc; fixed-model conditional local-shift approximation, not achieved power",0.018493615707697364,-0.018493615707697364,0.00903587287678385,0.0009875694943798398,0.035923784355803234,0.03341633981090066,-0.035923784355803234,-0.0009875694943798398,-0.03341633981090066,0.049226180148170755,0.04332343661210997,False,False,False,0.03073256444047339,0.024829820904412603,0.014862688274050349,0.014922724103203298,0.03833734691744025,0.03243460338137946,0.02246747075101721,0.03799886153242325,0.032096117996362465,0.022189021195153157
hgb|history_unavailable|budget=09,hgb,history_unavailable,9,False,D_B_M_C_A,hgb::D_B_M_C_A,hgb::D_B_M_C_A,D_B_M_C_A,"{""learning_rate"": 0.05, ""max_leaf_nodes"": 7}",False,8,8,0.6485929332417237,"{""learning_rate"": 0.05, ""max_leaf_nodes"": 7}","[""D"", ""B"", ""M"", ""C"", ""A""]",disjoint,879,benchmark,hgb::NONE,False,31,0.03073256444047339,2.747916138595601,"post hoc; fixed-model conditional local-shift approximation, not achieved power",0.08209401923947057,-0.08209401923947057,0.014581947382775025,0.05324173534517802,0.10979513850778308,0.10502955701828362,-0.10979513850778308,-0.05324173534517802,-0.10502955701828362,0.11282658367994397,0.12216398778474995,False,False,False,0.03073256444047339,0.040069968545279375,0.023985169040573028,0.02293553777881305,0.043005040984659834,0.05234244508946582,0.03625764558475947,0.04251563956482732,0.0518530436696333,0.03471861290316698
hgb|history_unavailable|budget=10,hgb,history_unavailable,10,False,D_B_M_C_A,hgb::D_B_M_C_A,hgb::D_B_M_C_A,D_B_M_C_A,"{""learning_rate"": 0.05, ""max_leaf_nodes"": 7}",False,8,8,0.6485929332417237,"{""learning_rate"": 0.05, ""max_leaf_nodes"": 7}","[""D"", ""B"", ""M"", ""C"", ""A""]",disjoint,879,full,hgb::D_B_M_P_C_A_K,False,31,0.03073256444047339,2.747916138595601,"post hoc; fixed-model conditional local-shift approximation, not achieved power",0.018493615707697364,-0.018493615707697364,0.00903587287678385,0.0009875694943798398,0.035923784355803234,0.03341633981090066,-0.035923784355803234,-0.0009875694943798398,-0.03341633981090066,0.049226180148170755,0.04332343661210997,False,False,False,0.03073256444047339,0.024829820904412603,0.014862688274050349,0.014922724103203298,0.03833734691744025,0.03243460338137946,0.02246747075101721,0.03799886153242325,0.032096117996362465,0.022189021195153157
hgb|history_unavailable|budget=10,hgb,history_unavailable,10,False,D_B_M_C_A,hgb::D_B_M_C_A,hgb::D_B_M_C_A,D_B_M_C_A,"{""learning_rate"": 0.05, ""max_leaf_nodes"": 7}",False,8,8,0.6485929332417237,"{""learning_rate"": 0.05, ""max_leaf_nodes"": 7}","[""D"", ""B"", ""M"", ""C"", ""A""]",disjoint,879,benchmark,hgb::NONE,False,31,0.03073256444047339,2.747916138595601,"post hoc; fixed-model conditional local-shift approximation, not achieved power",0.08209401923947057,-0.08209401923947057,0.014581947382775025,0.05324173534517802,0.10979513850778308,0.10502955701828362,-0.10979513850778308,-0.05324173534517802,-0.10502955701828362,0.11282658367994397,0.12216398778474995,False,False,False,0.03073256444047339,0.040069968545279375,0.023985169040573028,0.02293553777881305,0.043005040984659834,0.05234244508946582,0.03625764558475947,0.04251563956482732,0.0518530436696333,0.03471861290316698
hgb|history_unavailable|budget=11,hgb,history_unavailable,11,False,D_B_M_C_A,hgb::D_B_M_C_A,hgb::D_B_M_C_A,D_B_M_C_A,"{""learning_rate"": 0.05, ""max_leaf_nodes"": 7}",False,8,8,0.6485929332417237,"{""learning_rate"": 0.05, ""max_leaf_nodes"": 7}","[""D"", ""B"", ""M"", ""C"", ""A""]",disjoint,879,full,hgb::D_B_M_P_C_A_K,False,31,0.03073256444047339,2.747916138595601,"post hoc; fixed-model conditional local-shift approximation, not achieved power",0.018493615707697364,-0.018493615707697364,0.00903587287678385,0.0009875694943798398,0.035923784355803234,0.03341633981090066,-0.035923784355803234,-0.0009875694943798398,-0.03341633981090066,0.049226180148170755,0.04332343661210997,False,False,False,0.03073256444047339,0.024829820904412603,0.014862688274050349,0.014922724103203298,0.03833734691744025,0.03243460338137946,0.02246747075101721,0.03799886153242325,0.032096117996362465,0.022189021195153157
hgb|history_unavailable|budget=11,hgb,history_unavailable,11,False,D_B_M_C_A,hgb::D_B_M_C_A,hgb::D_B_M_C_A,D_B_M_C_A,"{""learning_rate"": 0.05, ""max_leaf_nodes"": 7}",False,8,8,0.6485929332417237,"{""learning_rate"": 0.05, ""max_leaf_nodes"": 7}","[""D"", ""B"", ""M"", ""C"", ""A""]",disjoint,879,benchmark,hgb::NONE,False,31,0.03073256444047339,2.747916138595601,"post hoc; fixed-model conditional local-shift approximation, not achieved power",0.08209401923947057,-0.08209401923947057,0.014581947382775025,0.05324173534517802,0.10979513850778308,0.10502955701828362,-0.10979513850778308,-0.05324173534517802,-0.10502955701828362,0.11282658367994397,0.12216398778474995,False,False,False,0.03073256444047339,0.040069968545279375,0.023985169040573028,0.02293553777881305,0.043005040984659834,0.05234244508946582,0.03625764558475947,0.04251563956482732,0.0518530436696333,0.03471861290316698
hgb|history_unavailable|budget=12,hgb,history_unavailable,12,False,D_B_M_C_A,hgb::D_B_M_C_A,hgb::D_B_M_C_A,D_B_M_C_A,"{""learning_rate"": 0.05, ""max_leaf_nodes"": 7}",False,8,8,0.6485929332417237,"{""learning_rate"": 0.05, ""max_leaf_nodes"": 7}","[""D"", ""B"", ""M"", ""C"", ""A""]",disjoint,879,full,hgb::D_B_M_P_C_A_K,False,31,0.03073256444047339,2.747916138595601,"post hoc; fixed-model conditional local-shift approximation, not achieved power",0.018493615707697364,-0.018493615707697364,0.00903587287678385,0.0009875694943798398,0.035923784355803234,0.03341633981090066,-0.035923784355803234,-0.0009875694943798398,-0.03341633981090066,0.049226180148170755,0.04332343661210997,False,False,False,0.03073256444047339,0.024829820904412603,0.014862688274050349,0.014922724103203298,0.03833734691744025,0.03243460338137946,0.02246747075101721,0.03799886153242325,0.032096117996362465,0.022189021195153157
hgb|history_unavailable|budget=12,hgb,history_unavailable,12,False,D_B_M_C_A,hgb::D_B_M_C_A,hgb::D_B_M_C_A,D_B_M_C_A,"{""learning_rate"": 0.05, ""max_leaf_nodes"": 7}",False,8,8,0.6485929332417237,"{""learning_rate"": 0.05, ""max_leaf_nodes"": 7}","[""D"", ""B"", ""M"", ""C"", ""A""]",disjoint,879,benchmark,hgb::NONE,False,31,0.03073256444047339,2.747916138595601,"post hoc; fixed-model conditional local-shift approximation, not achieved power",0.08209401923947057,-0.08209401923947057,0.014581947382775025,0.05324173534517802,0.10979513850778308,0.10502955701828362,-0.10979513850778308,-0.05324173534517802,-0.10502955701828362,0.11282658367994397,0.12216398778474995,False,False,False,0.03073256444047339,0.040069968545279375,0.023985169040573028,0.02293553777881305,0.043005040984659834,0.05234244508946582,0.03625764558475947,0.04251563956482732,0.0518530436696333,0.03471861290316698
hgb|history_unavailable|budget=13,hgb,history_unavailable,13,False,D_B_M_C_A,hgb::D_B_M_C_A,hgb::D_B_M_C_A,D_B_M_C_A,"{""learning_rate"": 0.05, ""max_leaf_nodes"": 7}",False,8,8,0.6485929332417237,"{""learning_rate"": 0.05, ""max_leaf_nodes"": 7}","[""D"", ""B"", ""M"", ""C"", ""A""]",disjoint,879,full,hgb::D_B_M_P_C_A_K,False,31,0.03073256444047339,2.747916138595601,"post hoc; fixed-model conditional local-shift approximation, not achieved power",0.018493615707697364,-0.018493615707697364,0.00903587287678385,0.0009875694943798398,0.035923784355803234,0.03341633981090066,-0.035923784355803234,-0.0009875694943798398,-0.03341633981090066,0.049226180148170755,0.04332343661210997,False,False,False,0.03073256444047339,0.024829820904412603,0.014862688274050349,0.014922724103203298,0.03833734691744025,0.03243460338137946,0.02246747075101721,0.03799886153242325,0.032096117996362465,0.022189021195153157
hgb|history_unavailable|budget=13,hgb,history_unavailable,13,False,D_B_M_C_A,hgb::D_B_M_C_A,hgb::D_B_M_C_A,D_B_M_C_A,"{""learning_rate"": 0.05, ""max_leaf_nodes"": 7}",False,8,8,0.6485929332417237,"{""learning_rate"": 0.05, ""max_leaf_nodes"": 7}","[""D"", ""B"", ""M"", ""C"", ""A""]",disjoint,879,benchmark,hgb::NONE,False,31,0.03073256444047339,2.747916138595601,"post hoc; fixed-model conditional local-shift approximation, not achieved power",0.08209401923947057,-0.08209401923947057,0.014581947382775025,0.05324173534517802,0.10979513850778308,0.10502955701828362,-0.10979513850778308,-0.05324173534517802,-0.10502955701828362,0.11282658367994397,0.12216398778474995,False,False,False,0.03073256444047339,0.040069968545279375,0.023985169040573028,0.02293553777881305,0.043005040984659834,0.05234244508946582,0.03625764558475947,0.04251563956482732,0.0518530436696333,0.03471861290316698
hgb|history_unavailable|budget=14,hgb,history_unavailable,14,False,D_B_M_C_A,hgb::D_B_M_C_A,hgb::D_B_M_C_A,D_B_M_C_A,"{""learning_rate"": 0.05, ""max_leaf_nodes"": 7}",False,8,8,0.6485929332417237,"{""learning_rate"": 0.05, ""max_leaf_nodes"": 7}","[""D"", ""B"", ""M"", ""C"", ""A""]",disjoint,879,full,hgb::D_B_M_P_C_A_K,False,31,0.03073256444047339,2.747916138595601,"post hoc; fixed-model conditional local-shift approximation, not achieved power",0.018493615707697364,-0.018493615707697364,0.00903587287678385,0.0009875694943798398,0.035923784355803234,0.03341633981090066,-0.035923784355803234,-0.0009875694943798398,-0.03341633981090066,0.049226180148170755,0.04332343661210997,False,False,False,0.03073256444047339,0.024829820904412603,0.014862688274050349,0.014922724103203298,0.03833734691744025,0.03243460338137946,0.02246747075101721,0.03799886153242325,0.032096117996362465,0.022189021195153157
hgb|history_unavailable|budget=14,hgb,history_unavailable,14,False,D_B_M_C_A,hgb::D_B_M_C_A,hgb::D_B_M_C_A,D_B_M_C_A,"{""learning_rate"": 0.05, ""max_leaf_nodes"": 7}",False,8,8,0.6485929332417237,"{""learning_rate"": 0.05, ""max_leaf_nodes"": 7}","[""D"", ""B"", ""M"", ""C"", ""A""]",disjoint,879,benchmark,hgb::NONE,False,31,0.03073256444047339,2.747916138595601,"post hoc; fixed-model conditional local-shift approximation, not achieved power",0.08209401923947057,-0.08209401923947057,0.014581947382775025,0.05324173534517802,0.10979513850778308,0.10502955701828362,-0.10979513850778308,-0.05324173534517802,-0.10502955701828362,0.11282658367994397,0.12216398778474995,False,False,False,0.03073256444047339,0.040069968545279375,0.023985169040573028,0.02293553777881305,0.043005040984659834,0.05234244508946582,0.03625764558475947,0.04251563956482732,0.0518530436696333,0.03471861290316698
hgb|history_unavailable|budget=15,hgb,history_unavailable,15,False,D_P,hgb::D_P,hgb::D_P,D_P,"{""learning_rate"": 0.05, ""max_leaf_nodes"": 7}",False,15,15,0.6465103724542357,"{""learning_rate"": 0.05, ""max_leaf_nodes"": 7}","[""D"", ""P""]",disjoint,879,full,hgb::D_B_M_P_C_A_K,False,31,0.03073256444047339,2.747916138595601,"post hoc; fixed-model conditional local-shift approximation, not achieved power",0.0004672644049100727,-0.0004672644049100727,0.008151664035259487,-0.014995669898971595,0.01668566758741998,0.0142008286226043,-0.01668566758741998,0.014995669898971595,-0.0142008286226043,0.031199828845383464,0.022867353563808958,False,False,False,0.03073256444047339,0.022400089158898885,0.013408294154086441,0.013733564217694227,0.03759317798150044,0.029260702699925933,0.02026890769511349,0.037590317531598944,0.029257842250024438,0.02059131730881978
hgb|history_unavailable|budget=15,hgb,history_unavailable,15,False,D_P,hgb::D_P,hgb::D_P,D_P,"{""learning_rate"": 0.05, ""max_leaf_nodes"": 7}",False,15,15,0.6465103724542357,"{""learning_rate"": 0.05, ""max_leaf_nodes"": 7}","[""D"", ""P""]",disjoint,879,benchmark,hgb::NONE,False,31,0.03073256444047339,2.747916138595601,"post hoc; fixed-model conditional local-shift approximation, not achieved power",0.06406766793668328,-0.06406766793668328,0.012203368468203815,0.03979840177754543,0.08819405607342042,0.08417566574522678,-0.08819405607342042,-0.03979840177754543,-0.08417566574522678,0.09480023237715668,0.09760150109568921,False,False,False,0.03073256444047339,0.03353383315900594,0.020072754885950277,0.02010799780854349,0.04100317846442789,0.04380444718296044,0.030343368909904776,0.041015329979866906,0.043816598698399455,0.030390763347937007
hgb|history_unavailable|budget=16,hgb,history_unavailable,16,False,D_P_C,hgb::D_P_C,hgb::D_P_C,D_P_C,"{""learning_rate"": 0.05, ""max_leaf_nodes"": 7}",False,16,16,0.6441902261965382,"{""learning_rate"": 0.05, ""max_leaf_nodes"": 7}","[""D"", ""P"", ""C""]",disjoint,879,full,hgb::D_B_M_P_C_A_K,False,31,0.03073256444047339,2.747916138595601,"post hoc; fixed-model conditional local-shift approximation, not achieved power",-0.003510501380959319,0.003510501380959319,0.008297854559128546,-0.01903023344243956,0.012732901502464585,0.01058483479264976,-0.012732901502464585,0.01903023344243956,-0.01058483479264976,0.027222063059514072,0.019291307077789095,False,False,False,0.03073256444047339,0.022801808458748414,0.013648756167498399,0.014095336173609078,0.03771621503053579,0.029785459048810813,0.020632406757560794,0.037699167306529675,0.0297684113248047,0.021061939039665363
hgb|history_unavailable|budget=16,hgb,history_unavailable,16,False,D_P_C,hgb::D_P_C,hgb::D_P_C,D_P_C,"{""learning_rate"": 0.05, ""max_leaf_nodes"": 7}",False,16,16,0.6441902261965382,"{""learning_rate"": 0.05, ""max_leaf_nodes"": 7}","[""D"", ""P"", ""C""]",disjoint,879,benchmark,hgb::NONE,False,31,0.03073256444047339,2.747916138595601,"post hoc; fixed-model conditional local-shift approximation, not achieved power",0.06008990215081389,-0.06008990215081389,0.012022547215124876,0.03610119641795144,0.08314183254007632,0.07994559013334268,-0.08314183254007632,-0.03610119641795144,-0.07994559013334268,0.09082246659128729,0.09312685367028313,False,False,False,0.03073256444047339,0.03303695151946924,0.019775330391993473,0.019855687982528784,0.040850995458355396,0.043155382537351246,0.029893761409875475,0.040964845158778615,0.04326923223777446,0.030087968700834005
hgb|history_unavailable|budget=17,hgb,history_unavailable,17,False,D_M_P_A,hgb::D_M_P_A,hgb::D_M_P_A,D_M_P_A,"{""learning_rate"": 0.05, ""max_leaf_nodes"": 7}",False,17,17,0.640925623536283,"{""learning_rate"": 0.05, ""max_leaf_nodes"": 7}","[""D"", ""M"", ""P"", ""A""]",disjoint,879,full,hgb::D_B_M_P_C_A_K,False,31,0.03073256444047339,2.747916138595601,"post hoc; fixed-model conditional local-shift approximation, not achieved power",0.019483949255736488,-0.019483949255736488,0.006826543395155395,0.006480739696896448,0.033344222224719104,0.030826826697788585,-0.033344222224719104,-0.006480739696896448,-0.030826826697788585,0.05021651369620988,0.0382427180221072,False,False,False,0.03073256444047339,0.018758768766370715,0.011228664663062968,0.011342877442052096,0.03647792831374311,0.024504132639640432,0.016974028536332682,0.036056762805922855,0.024082967131820177,0.01666707580750156
hgb|history_unavailable|budget=17,hgb,history_unavailable,17,False,D_M_P_A,hgb::D_M_P_A,hgb::D_M_P_A,D_M_P_A,"{""learning_rate"": 0.05, ""max_leaf_nodes"": 7}",False,17,17,0.640925623536283,"{""learning_rate"": 0.05, ""max_leaf_nodes"": 7}","[""D"", ""M"", ""P"", ""A""]",disjoint,879,benchmark,hgb::NONE,False,31,0.03073256444047339,2.747916138595601,"post hoc; fixed-model conditional local-shift approximation, not achieved power",0.0830843527875097,-0.0830843527875097,0.013197549281657246,0.056607565235904315,0.10930432592760128,0.10436601778012622,-0.10930432592760128,-0.056607565235904315,-0.10436601778012622,0.1138169172279831,0.11935011144848642,False,False,False,0.03073256444047339,0.03626575866097672,0.021708036802804715,0.021281664992616526,0.04183990214704109,0.04737309636754442,0.032815374509372414,0.04187183151369405,0.04740502573419738,0.03242093206583718
hgb|history_unavailable|budget=18,hgb,history_unavailable,18,False,D_M_P_C_A,hgb::D_M_P_C_A,hgb::D_M_P_C_A,D_M_P_C_A,"{""learning_rate"": 0.05, ""max_leaf_nodes"": 7}",False,18,18,0.6379512231708448,"{""learning_rate"": 0.05, ""max_leaf_nodes"": 7}","[""D"", ""M"", ""P"", ""C"", ""A""]",disjoint,879,full,hgb::D_B_M_P_C_A_K,False,31,0.03073256444047339,2.747916138595601,"post hoc; fixed-model conditional local-shift approximation, not achieved power",0.020507623810945286,-0.020507623810945286,0.00693334022426929,0.006864344500451178,0.034343737282927264,0.03198931175063633,-0.034343737282927264,-0.006864344500451178,-0.03198931175063633,0.05124018825141868,0.039559861307588914,False,False,False,0.03073256444047339,0.019052237496643625,0.011404329814777875,0.011481687939691043,0.03656781079280362,0.02488748384897385,0.0172395761671081,0.0362576183480305,0.024577291404200736,0.017006741847248152
hgb|history_unavailable|budget=18,hgb,history_unavailable,18,False,D_M_P_C_A,hgb::D_M_P_C_A,hgb::D_M_P_C_A,D_M_P_C_A,"{""learning_rate"": 0.05, ""max_leaf_nodes"": 7}",False,18,18,0.6379512231708448,"{""learning_rate"": 0.05, ""max_leaf_nodes"": 7}","[""D"", ""M"", ""P"", ""C"", ""A""]",disjoint,879,benchmark,hgb::NONE,False,31,0.03073256444047339,2.747916138595601,"post hoc; fixed-model conditional local-shift approximation, not achieved power",0.0841080273427185,-0.0841080273427185,0.013139888491119696,0.057403006021966886,0.11026502913027451,0.10543658692208246,-0.11026502913027451,-0.057403006021966886,-0.10543658692208246,0.11484059178319189,0.12021533898681291,False,False,False,0.03073256444047339,0.03610731164409441,0.021613193242356138,0.02132855957936397,0.04179137360138009,0.047166120805001106,0.03267200240326283,0.04173424058732432,0.04710898779094534,0.03233023572621489
hgb|history_unavailable|budget=19,hgb,history_unavailable,19,False,D_M_P_C_A,hgb::D_M_P_C_A,hgb::D_M_P_C_A,D_M_P_C_A,"{""learning_rate"": 0.05, ""max_leaf_nodes"": 7}",False,18,18,0.6379512231708448,"{""learning_rate"": 0.05, ""max_leaf_nodes"": 7}","[""D"", ""M"", ""P"", ""C"", ""A""]",disjoint,879,full,hgb::D_B_M_P_C_A_K,False,31,0.03073256444047339,2.747916138595601,"post hoc; fixed-model conditional local-shift approximation, not achieved power",0.020507623810945286,-0.020507623810945286,0.00693334022426929,0.006864344500451178,0.034343737282927264,0.03198931175063633,-0.034343737282927264,-0.006864344500451178,-0.03198931175063633,0.05124018825141868,0.039559861307588914,False,False,False,0.03073256444047339,0.019052237496643625,0.011404329814777875,0.011481687939691043,0.03656781079280362,0.02488748384897385,0.0172395761671081,0.0362576183480305,0.024577291404200736,0.017006741847248152
hgb|history_unavailable|budget=19,hgb,history_unavailable,19,False,D_M_P_C_A,hgb::D_M_P_C_A,hgb::D_M_P_C_A,D_M_P_C_A,"{""learning_rate"": 0.05, ""max_leaf_nodes"": 7}",False,18,18,0.6379512231708448,"{""learning_rate"": 0.05, ""max_leaf_nodes"": 7}","[""D"", ""M"", ""P"", ""C"", ""A""]",disjoint,879,benchmark,hgb::NONE,False,31,0.03073256444047339,2.747916138595601,"post hoc; fixed-model conditional local-shift approximation, not achieved power",0.0841080273427185,-0.0841080273427185,0.013139888491119696,0.057403006021966886,0.11026502913027451,0.10543658692208246,-0.11026502913027451,-0.057403006021966886,-0.10543658692208246,0.11484059178319189,0.12021533898681291,False,False,False,0.03073256444047339,0.03610731164409441,0.021613193242356138,0.02132855957936397,0.04179137360138009,0.047166120805001106,0.03267200240326283,0.04173424058732432,0.04710898779094534,0.03233023572621489
hgb|history_unavailable|budget=20,hgb,history_unavailable,20,False,D_M_P_C_A,hgb::D_M_P_C_A,hgb::D_M_P_C_A,D_M_P_C_A,"{""learning_rate"": 0.05, ""max_leaf_nodes"": 7}",False,18,18,0.6379512231708448,"{""learning_rate"": 0.05, ""max_leaf_nodes"": 7}","[""D"", ""M"", ""P"", ""C"", ""A""]",disjoint,879,full,hgb::D_B_M_P_C_A_K,False,31,0.03073256444047339,2.747916138595601,"post hoc; fixed-model conditional local-shift approximation, not achieved power",0.020507623810945286,-0.020507623810945286,0.00693334022426929,0.006864344500451178,0.034343737282927264,0.03198931175063633,-0.034343737282927264,-0.006864344500451178,-0.03198931175063633,0.05124018825141868,0.039559861307588914,False,False,False,0.03073256444047339,0.019052237496643625,0.011404329814777875,0.011481687939691043,0.03656781079280362,0.02488748384897385,0.0172395761671081,0.0362576183480305,0.024577291404200736,0.017006741847248152
hgb|history_unavailable|budget=20,hgb,history_unavailable,20,False,D_M_P_C_A,hgb::D_M_P_C_A,hgb::D_M_P_C_A,D_M_P_C_A,"{""learning_rate"": 0.05, ""max_leaf_nodes"": 7}",False,18,18,0.6379512231708448,"{""learning_rate"": 0.05, ""max_leaf_nodes"": 7}","[""D"", ""M"", ""P"", ""C"", ""A""]",disjoint,879,benchmark,hgb::NONE,False,31,0.03073256444047339,2.747916138595601,"post hoc; fixed-model conditional local-shift approximation, not achieved power",0.0841080273427185,-0.0841080273427185,0.013139888491119696,0.057403006021966886,0.11026502913027451,0.10543658692208246,-0.11026502913027451,-0.057403006021966886,-0.10543658692208246,0.11484059178319189,0.12021533898681291,False,False,False,0.03073256444047339,0.03610731164409441,0.021613193242356138,0.02132855957936397,0.04179137360138009,0.047166120805001106,0.03267200240326283,0.04173424058732432,0.04710898779094534,0.03233023572621489
hgb|history_unavailable|budget=21,hgb,history_unavailable,21,False,D_M_P_C_A,hgb::D_M_P_C_A,hgb::D_M_P_C_A,D_M_P_C_A,"{""learning_rate"": 0.05, ""max_leaf_nodes"": 7}",False,18,18,0.6379512231708448,"{""learning_rate"": 0.05, ""max_leaf_nodes"": 7}","[""D"", ""M"", ""P"", ""C"", ""A""]",disjoint,879,full,hgb::D_B_M_P_C_A_K,False,31,0.03073256444047339,2.747916138595601,"post hoc; fixed-model conditional local-shift approximation, not achieved power",0.020507623810945286,-0.020507623810945286,0.00693334022426929,0.006864344500451178,0.034343737282927264,0.03198931175063633,-0.034343737282927264,-0.006864344500451178,-0.03198931175063633,0.05124018825141868,0.039559861307588914,False,False,False,0.03073256444047339,0.019052237496643625,0.011404329814777875,0.011481687939691043,0.03656781079280362,0.02488748384897385,0.0172395761671081,0.0362576183480305,0.024577291404200736,0.017006741847248152
hgb|history_unavailable|budget=21,hgb,history_unavailable,21,False,D_M_P_C_A,hgb::D_M_P_C_A,hgb::D_M_P_C_A,D_M_P_C_A,"{""learning_rate"": 0.05, ""max_leaf_nodes"": 7}",False,18,18,0.6379512231708448,"{""learning_rate"": 0.05, ""max_leaf_nodes"": 7}","[""D"", ""M"", ""P"", ""C"", ""A""]",disjoint,879,benchmark,hgb::NONE,False,31,0.03073256444047339,2.747916138595601,"post hoc; fixed-model conditional local-shift approximation, not achieved power",0.0841080273427185,-0.0841080273427185,0.013139888491119696,0.057403006021966886,0.11026502913027451,0.10543658692208246,-0.11026502913027451,-0.057403006021966886,-0.10543658692208246,0.11484059178319189,0.12021533898681291,False,False,False,0.03073256444047339,0.03610731164409441,0.021613193242356138,0.02132855957936397,0.04179137360138009,0.047166120805001106,0.03267200240326283,0.04173424058732432,0.04710898779094534,0.03233023572621489
hgb|history_unavailable|budget=22,hgb,history_unavailable,22,False,D_M_P_C_A,hgb::D_M_P_C_A,hgb::D_M_P_C_A,D_M_P_C_A,"{""learning_rate"": 0.05, ""max_leaf_nodes"": 7}",False,18,18,0.6379512231708448,"{""learning_rate"": 0.05, ""max_leaf_nodes"": 7}","[""D"", ""M"", ""P"", ""C"", ""A""]",disjoint,879,full,hgb::D_B_M_P_C_A_K,False,31,0.03073256444047339,2.747916138595601,"post hoc; fixed-model conditional local-shift approximation, not achieved power",0.020507623810945286,-0.020507623810945286,0.00693334022426929,0.006864344500451178,0.034343737282927264,0.03198931175063633,-0.034343737282927264,-0.006864344500451178,-0.03198931175063633,0.05124018825141868,0.039559861307588914,False,False,False,0.03073256444047339,0.019052237496643625,0.011404329814777875,0.011481687939691043,0.03656781079280362,0.02488748384897385,0.0172395761671081,0.0362576183480305,0.024577291404200736,0.017006741847248152
hgb|history_unavailable|budget=22,hgb,history_unavailable,22,False,D_M_P_C_A,hgb::D_M_P_C_A,hgb::D_M_P_C_A,D_M_P_C_A,"{""learning_rate"": 0.05, ""max_leaf_nodes"": 7}",False,18,18,0.6379512231708448,"{""learning_rate"": 0.05, ""max_leaf_nodes"": 7}","[""D"", ""M"", ""P"", ""C"", ""A""]",disjoint,879,benchmark,hgb::NONE,False,31,0.03073256444047339,2.747916138595601,"post hoc; fixed-model conditional local-shift approximation, not achieved power",0.0841080273427185,-0.0841080273427185,0.013139888491119696,0.057403006021966886,0.11026502913027451,0.10543658692208246,-0.11026502913027451,-0.057403006021966886,-0.10543658692208246,0.11484059178319189,0.12021533898681291,False,False,False,0.03073256444047339,0.03610731164409441,0.021613193242356138,0.02132855957936397,0.04179137360138009,0.047166120805001106,0.03267200240326283,0.04173424058732432,0.04710898779094534,0.03233023572621489
hgb|history_unavailable|budget=23,hgb,history_unavailable,23,False,D_M_P_C_A,hgb::D_M_P_C_A,hgb::D_M_P_C_A,D_M_P_C_A,"{""learning_rate"": 0.05, ""max_leaf_nodes"": 7}",False,18,18,0.6379512231708448,"{""learning_rate"": 0.05, ""max_leaf_nodes"": 7}","[""D"", ""M"", ""P"", ""C"", ""A""]",disjoint,879,full,hgb::D_B_M_P_C_A_K,False,31,0.03073256444047339,2.747916138595601,"post hoc; fixed-model conditional local-shift approximation, not achieved power",0.020507623810945286,-0.020507623810945286,0.00693334022426929,0.006864344500451178,0.034343737282927264,0.03198931175063633,-0.034343737282927264,-0.006864344500451178,-0.03198931175063633,0.05124018825141868,0.039559861307588914,False,False,False,0.03073256444047339,0.019052237496643625,0.011404329814777875,0.011481687939691043,0.03656781079280362,0.02488748384897385,0.0172395761671081,0.0362576183480305,0.024577291404200736,0.017006741847248152
hgb|history_unavailable|budget=23,hgb,history_unavailable,23,False,D_M_P_C_A,hgb::D_M_P_C_A,hgb::D_M_P_C_A,D_M_P_C_A,"{""learning_rate"": 0.05, ""max_leaf_nodes"": 7}",False,18,18,0.6379512231708448,"{""learning_rate"": 0.05, ""max_leaf_nodes"": 7}","[""D"", ""M"", ""P"", ""C"", ""A""]",disjoint,879,benchmark,hgb::NONE,False,31,0.03073256444047339,2.747916138595601,"post hoc; fixed-model conditional local-shift approximation, not achieved power",0.0841080273427185,-0.0841080273427185,0.013139888491119696,0.057403006021966886,0.11026502913027451,0.10543658692208246,-0.11026502913027451,-0.057403006021966886,-0.10543658692208246,0.11484059178319189,0.12021533898681291,False,False,False,0.03073256444047339,0.03610731164409441,0.021613193242356138,0.02132855957936397,0.04179137360138009,0.047166120805001106,0.03267200240326283,0.04173424058732432,0.04710898779094534,0.03233023572621489
hgb|history_unavailable|budget=24,hgb,history_unavailable,24,False,D_M_P_C_A,hgb::D_M_P_C_A,hgb::D_M_P_C_A,D_M_P_C_A,"{""learning_rate"": 0.05, ""max_leaf_nodes"": 7}",False,18,18,0.6379512231708448,"{""learning_rate"": 0.05, ""max_leaf_nodes"": 7}","[""D"", ""M"", ""P"", ""C"", ""A""]",disjoint,879,full,hgb::D_B_M_P_C_A_K,False,31,0.03073256444047339,2.747916138595601,"post hoc; fixed-model conditional local-shift approximation, not achieved power",0.020507623810945286,-0.020507623810945286,0.00693334022426929,0.006864344500451178,0.034343737282927264,0.03198931175063633,-0.034343737282927264,-0.006864344500451178,-0.03198931175063633,0.05124018825141868,0.039559861307588914,False,False,False,0.03073256444047339,0.019052237496643625,0.011404329814777875,0.011481687939691043,0.03656781079280362,0.02488748384897385,0.0172395761671081,0.0362576183480305,0.024577291404200736,0.017006741847248152
hgb|history_unavailable|budget=24,hgb,history_unavailable,24,False,D_M_P_C_A,hgb::D_M_P_C_A,hgb::D_M_P_C_A,D_M_P_C_A,"{""learning_rate"": 0.05, ""max_leaf_nodes"": 7}",False,18,18,0.6379512231708448,"{""learning_rate"": 0.05, ""max_leaf_nodes"": 7}","[""D"", ""M"", ""P"", ""C"", ""A""]",disjoint,879,benchmark,hgb::NONE,False,31,0.03073256444047339,2.747916138595601,"post hoc; fixed-model conditional local-shift approximation, not achieved power",0.0841080273427185,-0.0841080273427185,0.013139888491119696,0.057403006021966886,0.11026502913027451,0.10543658692208246,-0.11026502913027451,-0.057403006021966886,-0.10543658692208246,0.11484059178319189,0.12021533898681291,False,False,False,0.03073256444047339,0.03610731164409441,0.021613193242356138,0.02132855957936397,0.04179137360138009,0.047166120805001106,0.03267200240326283,0.04173424058732432,0.04710898779094534,0.03233023572621489
hgb|history_unavailable|budget=25,hgb,history_unavailable,25,False,D_M_P_C_A,hgb::D_M_P_C_A,hgb::D_M_P_C_A,D_M_P_C_A,"{""learning_rate"": 0.05, ""max_leaf_nodes"": 7}",False,18,18,0.6379512231708448,"{""learning_rate"": 0.05, ""max_leaf_nodes"": 7}","[""D"", ""M"", ""P"", ""C"", ""A""]",disjoint,879,full,hgb::D_B_M_P_C_A_K,False,31,0.03073256444047339,2.747916138595601,"post hoc; fixed-model conditional local-shift approximation, not achieved power",0.020507623810945286,-0.020507623810945286,0.00693334022426929,0.006864344500451178,0.034343737282927264,0.03198931175063633,-0.034343737282927264,-0.006864344500451178,-0.03198931175063633,0.05124018825141868,0.039559861307588914,False,False,False,0.03073256444047339,0.019052237496643625,0.011404329814777875,0.011481687939691043,0.03656781079280362,0.02488748384897385,0.0172395761671081,0.0362576183480305,0.024577291404200736,0.017006741847248152
hgb|history_unavailable|budget=25,hgb,history_unavailable,25,False,D_M_P_C_A,hgb::D_M_P_C_A,hgb::D_M_P_C_A,D_M_P_C_A,"{""learning_rate"": 0.05, ""max_leaf_nodes"": 7}",False,18,18,0.6379512231708448,"{""learning_rate"": 0.05, ""max_leaf_nodes"": 7}","[""D"", ""M"", ""P"", ""C"", ""A""]",disjoint,879,benchmark,hgb::NONE,False,31,0.03073256444047339,2.747916138595601,"post hoc; fixed-model conditional local-shift approximation, not achieved power",0.0841080273427185,-0.0841080273427185,0.013139888491119696,0.057403006021966886,0.11026502913027451,0.10543658692208246,-0.11026502913027451,-0.057403006021966886,-0.10543658692208246,0.11484059178319189,0.12021533898681291,False,False,False,0.03073256444047339,0.03610731164409441,0.021613193242356138,0.02132855957936397,0.04179137360138009,0.047166120805001106,0.03267200240326283,0.04173424058732432,0.04710898779094534,0.03233023572621489
hgb|history_unavailable|budget=26,hgb,history_unavailable,26,False,D_M_P_C_A,hgb::D_M_P_C_A,hgb::D_M_P_C_A,D_M_P_C_A,"{""learning_rate"": 0.05, ""max_leaf_nodes"": 7}",False,18,18,0.6379512231708448,"{""learning_rate"": 0.05, ""max_leaf_nodes"": 7}","[""D"", ""M"", ""P"", ""C"", ""A""]",disjoint,879,full,hgb::D_B_M_P_C_A_K,False,31,0.03073256444047339,2.747916138595601,"post hoc; fixed-model conditional local-shift approximation, not achieved power",0.020507623810945286,-0.020507623810945286,0.00693334022426929,0.006864344500451178,0.034343737282927264,0.03198931175063633,-0.034343737282927264,-0.006864344500451178,-0.03198931175063633,0.05124018825141868,0.039559861307588914,False,False,False,0.03073256444047339,0.019052237496643625,0.011404329814777875,0.011481687939691043,0.03656781079280362,0.02488748384897385,0.0172395761671081,0.0362576183480305,0.024577291404200736,0.017006741847248152
hgb|history_unavailable|budget=26,hgb,history_unavailable,26,False,D_M_P_C_A,hgb::D_M_P_C_A,hgb::D_M_P_C_A,D_M_P_C_A,"{""learning_rate"": 0.05, ""max_leaf_nodes"": 7}",False,18,18,0.6379512231708448,"{""learning_rate"": 0.05, ""max_leaf_nodes"": 7}","[""D"", ""M"", ""P"", ""C"", ""A""]",disjoint,879,benchmark,hgb::NONE,False,31,0.03073256444047339,2.747916138595601,"post hoc; fixed-model conditional local-shift approximation, not achieved power",0.0841080273427185,-0.0841080273427185,0.013139888491119696,0.057403006021966886,0.11026502913027451,0.10543658692208246,-0.11026502913027451,-0.057403006021966886,-0.10543658692208246,0.11484059178319189,0.12021533898681291,False,False,False,0.03073256444047339,0.03610731164409441,0.021613193242356138,0.02132855957936397,0.04179137360138009,0.047166120805001106,0.03267200240326283,0.04173424058732432,0.04710898779094534,0.03233023572621489
hgb|history_unavailable|budget=27,hgb,history_unavailable,27,False,D_P_C_K,hgb::D_P_C_K,hgb::D_P_C_K,D_P_C_K,"{""learning_rate"": 0.05, ""max_leaf_nodes"": 7}",False,27,27,0.6370776595795395,"{""learning_rate"": 0.05, ""max_leaf_nodes"": 7}","[""D"", ""P"", ""C"", ""K""]",disjoint,879,full,hgb::D_B_M_P_C_A_K,False,31,0.03073256444047339,2.747916138595601,"post hoc; fixed-model conditional local-shift approximation, not achieved power",-0.01170277903780903,0.01170277903780903,0.0070857858912225045,-0.026060182607258932,0.0024702641818179234,-0.0004391066320225418,-0.0024702641818179234,0.026060182607258932,0.0004391066320225418,0.01902978540266436,0.007768366367314303,False,False,True,0.03073256444047339,0.019471145405123333,0.011655080622978906,0.011263672405786488,0.03669611230307763,0.025434693267727567,0.01761862848558314,0.03667549654115308,0.02541407750580302,0.017206604506466175
hgb|history_unavailable|budget=27,hgb,history_unavailable,27,False,D_P_C_K,hgb::D_P_C_K,hgb::D_P_C_K,D_P_C_K,"{""learning_rate"": 0.05, ""max_leaf_nodes"": 7}",False,27,27,0.6370776595795395,"{""learning_rate"": 0.05, ""max_leaf_nodes"": 7}","[""D"", ""P"", ""C"", ""K""]",disjoint,879,benchmark,hgb::NONE,False,31,0.03073256444047339,2.747916138595601,"post hoc; fixed-model conditional local-shift approximation, not achieved power",0.05189762449396418,-0.05189762449396418,0.012089085771321034,0.027944895083705408,0.07503717224269668,0.07155547952912772,-0.07503717224269668,-0.027944895083705408,-0.07155547952912772,0.08263018893443758,0.08511741838584369,False,False,False,0.03073256444047339,0.03321979389187952,0.019884776577484838,0.019657855035163534,0.04090699572010137,0.04339422517150749,0.030059207857112812,0.040834889758180996,0.043322119209587125,0.02976018035287114
hgb|history_unavailable|budget=28,hgb,history_unavailable,28,False,D_M_P_A_K,hgb::D_M_P_A_K,hgb::D_M_P_A_K,D_M_P_A_K,"{""learning_rate"": 0.05, ""max_leaf_nodes"": 7}",False,28,28,0.6344975802563864,"{""learning_rate"": 0.05, ""max_leaf_nodes"": 7}","[""D"", ""M"", ""P"", ""A"", ""K""]",disjoint,879,full,hgb::D_B_M_P_C_A_K,False,31,0.03073256444047339,2.747916138595601,"post hoc; fixed-model conditional local-shift approximation, not achieved power",0.013712140172318588,-0.013712140172318588,0.0043130778479129345,0.005247514288921918,0.02179417459085849,0.020498405567825822,-0.02179417459085849,-0.005247514288921918,-0.020498405567825822,0.04444470461279198,0.02556411639761772,False,False,False,0.03073256444047339,0.011851976225299135,0.007094381741463641,0.006786265395507234,0.034362542339329886,0.01548195412415563,0.010724359640320135,0.03451279126240617,0.01563220304723191,0.01056649221744001
hgb|history_unavailable|budget=28,hgb,history_unavailable,28,False,D_M_P_A_K,hgb::D_M_P_A_K,hgb::D_M_P_A_K,D_M_P_A_K,"{""learning_rate"": 0.05, ""max_leaf_nodes"": 7}",False,28,28,0.6344975802563864,"{""learning_rate"": 0.05, ""max_leaf_nodes"": 7}","[""D"", ""M"", ""P"", ""A"", ""K""]",disjoint,879,benchmark,hgb::NONE,False,31,0.03073256444047339,2.747916138595601,"post hoc; fixed-model conditional local-shift approximation, not achieved power",0.0773125437040918,-0.0773125437040918,0.012627921247062858,0.0517273419309706,0.10220791000253591,0.09721428304289897,-0.10220791000253591,-0.0517273419309706,-0.09721428304289897,0.1080451081445652,0.11201301229581011,False,False,False,0.03073256444047339,0.03470046859171831,0.0207710820640889,0.019901739338807182,0.041360491097888044,0.04532839524913297,0.03139900872150356,0.041337016323677436,0.04530492047492236,0.03050619122201123
hgb|history_unavailable|budget=29,hgb,history_unavailable,29,False,D_M_P_C_A_K,hgb::D_M_P_C_A_K,hgb::D_M_P_C_A_K,D_M_P_C_A_K,"{""learning_rate"": 0.05, ""max_leaf_nodes"": 7}",False,29,29,0.6317969039258379,"{""learning_rate"": 0.05, ""max_leaf_nodes"": 7}","[""D"", ""M"", ""P"", ""C"", ""A"", ""K""]",disjoint,879,full,hgb::D_B_M_P_C_A_K,False,31,0.03073256444047339,2.747916138595601,"post hoc; fixed-model conditional local-shift approximation, not achieved power",0.011507976668910347,-0.011507976668910347,0.004042411141930899,0.0034347581800639876,0.01917232521240079,0.01799116404612371,-0.01917232521240079,-0.0034347581800639876,-0.01799116404612371,0.04224054110938374,0.022616183484660938,False,False,False,0.03073256444047339,0.011108206815750591,0.006649174628434082,0.006483187377213362,0.034134743492354166,0.014510385867631367,0.010051353680314859,0.03428933635341574,0.014664978728692938,0.01003995929015571
hgb|history_unavailable|budget=29,hgb,history_unavailable,29,False,D_M_P_C_A_K,hgb::D_M_P_C_A_K,hgb::D_M_P_C_A_K,D_M_P_C_A_K,"{""learning_rate"": 0.05, ""max_leaf_nodes"": 7}",False,29,29,0.6317969039258379,"{""learning_rate"": 0.05, ""max_leaf_nodes"": 7}","[""D"", ""M"", ""P"", ""C"", ""A"", ""K""]",disjoint,879,benchmark,hgb::NONE,False,31,0.03073256444047339,2.747916138595601,"post hoc; fixed-model conditional local-shift approximation, not achieved power",0.07510838020068356,-0.07510838020068356,0.01255036387740954,0.04968911929681859,0.09991375358134118,0.09523483834483794,-0.09991375358134118,-0.04968911929681859,-0.09523483834483794,0.10584094464115695,0.10959572764466449,False,False,False,0.03073256444047339,0.03448734744398093,0.02064351154331782,0.020126458144154386,0.04129521716876775,0.04505000017227529,0.03120616427161218,0.04149295363331579,0.04524773663682333,0.03088684733699678
hgb|history_unavailable|budget=30,hgb,history_unavailable,30,False,D_M_P_C_A_K,hgb::D_M_P_C_A_K,hgb::D_M_P_C_A_K,D_M_P_C_A_K,"{""learning_rate"": 0.05, ""max_leaf_nodes"": 7}",False,29,29,0.6317969039258379,"{""learning_rate"": 0.05, ""max_leaf_nodes"": 7}","[""D"", ""M"", ""P"", ""C"", ""A"", ""K""]",disjoint,879,full,hgb::D_B_M_P_C_A_K,False,31,0.03073256444047339,2.747916138595601,"post hoc; fixed-model conditional local-shift approximation, not achieved power",0.011507976668910347,-0.011507976668910347,0.004042411141930899,0.0034347581800639876,0.01917232521240079,0.01799116404612371,-0.01917232521240079,-0.0034347581800639876,-0.01799116404612371,0.04224054110938374,0.022616183484660938,False,False,False,0.03073256444047339,0.011108206815750591,0.006649174628434082,0.006483187377213362,0.034134743492354166,0.014510385867631367,0.010051353680314859,0.03428933635341574,0.014664978728692938,0.01003995929015571
hgb|history_unavailable|budget=30,hgb,history_unavailable,30,False,D_M_P_C_A_K,hgb::D_M_P_C_A_K,hgb::D_M_P_C_A_K,D_M_P_C_A_K,"{""learning_rate"": 0.05, ""max_leaf_nodes"": 7}",False,29,29,0.6317969039258379,"{""learning_rate"": 0.05, ""max_leaf_nodes"": 7}","[""D"", ""M"", ""P"", ""C"", ""A"", ""K""]",disjoint,879,benchmark,hgb::NONE,False,31,0.03073256444047339,2.747916138595601,"post hoc; fixed-model conditional local-shift approximation, not achieved power",0.07510838020068356,-0.07510838020068356,0.01255036387740954,0.04968911929681859,0.09991375358134118,0.09523483834483794,-0.09991375358134118,-0.04968911929681859,-0.09523483834483794,0.10584094464115695,0.10959572764466449,False,False,False,0.03073256444047339,0.03448734744398093,0.02064351154331782,0.020126458144154386,0.04129521716876775,0.04505000017227529,0.03120616427161218,0.04149295363331579,0.04524773663682333,0.03088684733699678
hgb|history_available|budget=00,hgb,history_available,0,True,H,hgb::H,hgb::H,H,"{""learning_rate"": 0.05, ""max_leaf_nodes"": 3}",True,0,0,0.6620826133717034,"{""learning_rate"": 0.05, ""max_leaf_nodes"": 3}","[""H""]",whole,1520,full,hgb::H_D_B_M_P_C_A_K,False,28,0.020632941366408974,2.71628024333187,"post hoc; fixed-model conditional local-shift approximation, not achieved power",-0.009985737583641408,0.009985737583641408,0.0069108446681650755,-0.023638302769379428,0.004375756569681281,0.00196103062723502,-0.004375756569681281,0.023638302769379428,-0.00196103062723502,0.010647203782767567,0.008786053253230782,False,False,False,0.020632941366408974,0.01877179083687219,0.011367327917729568,0.011946768210876427,0.026449254981060863,0.024588104451524075,0.017183641532381454,0.02609530692497163,0.024234156395434844,0.017409133769439082
hgb|history_available|budget=00,hgb,history_available,0,True,H,hgb::H,hgb::H,H,"{""learning_rate"": 0.05, ""max_leaf_nodes"": 3}",True,0,0,0.6620826133717034,"{""learning_rate"": 0.05, ""max_leaf_nodes"": 3}","[""H""]",whole,1520,benchmark,P0,False,28,0.020632941366408974,2.71628024333187,"post hoc; fixed-model conditional local-shift approximation, not achieved power",1.583604954491502e-05,-1.583604954491502e-05,1.991546034497497e-05,-2.4590914817829156e-05,5.382931595584723e-05,4.82417389537304e-05,-5.382931595584723e-05,2.4590914817829156e-05,-4.82417389537304e-05,0.02064877741595389,6.993202101682984e-05,False,False,False,0.020632941366408974,5.4095971471914824e-05,3.27580171808403e-05,3.240568940881538e-05,0.020649702640711684,7.085724577462511e-05,4.9519291483550585e-05,0.02065037093696239,7.15255420253326e-05,4.983525996223314e-05
hgb|history_available|budget=01,hgb,history_available,1,True,H_B,hgb::H_B,hgb::H_B,H_B,"{""learning_rate"": 0.05, ""max_leaf_nodes"": 3}",True,1,1,0.656149609502737,"{""learning_rate"": 0.05, ""max_leaf_nodes"": 3}","[""H"", ""B""]",whole,1520,full,hgb::H_D_B_M_P_C_A_K,False,28,0.020632941366408974,2.71628024333187,"post hoc; fixed-model conditional local-shift approximation, not achieved power",-0.013755914853956108,0.013755914853956108,0.006657092403424333,-0.026878653851885415,-0.0005027675245243765,-0.0021840026199319955,0.0005027675245243765,0.026878653851885415,0.0021840026199319955,0.006877026512452866,0.004326613719500081,False,False,True,0.020632941366408974,0.01808252857345619,0.010949942584723607,0.011571912234024113,0.02623569168698784,0.023685278894035055,0.01655269290530247,0.025951839374293986,0.0234014265813412,0.016890810241909124
hgb|history_available|budget=01,hgb,history_available,1,True,H_B,hgb::H_B,hgb::H_B,H_B,"{""learning_rate"": 0.05, ""max_leaf_nodes"": 3}",True,1,1,0.656149609502737,"{""learning_rate"": 0.05, ""max_leaf_nodes"": 3}","[""H"", ""B""]",whole,1520,benchmark,P0,False,28,0.020632941366408974,2.71628024333187,"post hoc; fixed-model conditional local-shift approximation, not achieved power",-0.0037543412207697857,0.0037543412207697857,0.002972902931316419,-0.0095677351024299,0.0017334169242926188,0.0011206735852595517,-0.0017334169242926188,0.0095677351024299,-0.0011206735852595517,0.01687860014563919,0.004320896276908405,False,False,False,0.020632941366408974,0.008075237497678191,0.004889990169150475,0.0048750148060293375,0.02313499959875603,0.010577295730025249,0.007392048401497531,0.023206275152597024,0.010648571283866239,0.007448348592217385
hgb|history_available|budget=02,hgb,history_available,2,True,H_B_M,hgb::H_B_M,hgb::H_B_M,H_B_M,"{""learning_rate"": 0.05, ""max_leaf_nodes"": 3}",True,2,2,0.6526472365345142,"{""learning_rate"": 0.05, ""max_leaf_nodes"": 3}","[""H"", ""B"", ""M""]",whole,1520,full,hgb::H_D_B_M_P_C_A_K,False,28,0.020632941366408974,2.71628024333187,"post hoc; fixed-model conditional local-shift approximation, not achieved power",-0.006609457817613795,0.006609457817613795,0.006745782134476293,-0.019564710937317636,0.007073434817337526,0.004970863235004808,-0.007073434817337526,0.019564710937317636,-0.004970863235004808,0.01402348354879518,0.011713976920085252,False,False,False,0.020632941366408974,0.018323434737699047,0.011095824210517774,0.011580321052618603,0.026310334847841038,0.02400082821913111,0.016773217691949838,0.02595852254329901,0.023649015914589084,0.01690590222950864
hgb|history_available|budget=02,hgb,history_available,2,True,H_B_M,hgb::H_B_M,hgb::H_B_M,H_B_M,"{""learning_rate"": 0.05, ""max_leaf_nodes"": 3}",True,2,2,0.6526472365345142,"{""learning_rate"": 0.05, ""max_leaf_nodes"": 3}","[""H"", ""B"", ""M""]",whole,1520,benchmark,P0,False,28,0.020632941366408974,2.71628024333187,"post hoc; fixed-model conditional local-shift approximation, not achieved power",0.0033921158155725273,-0.0033921158155725273,0.0037184874770621818,-0.0037249467859143456,0.010360212918760953,0.009445130614889701,-0.010360212918760953,0.0037249467859143456,-0.009445130614889701,0.024025057181981502,0.013492569884593502,False,False,False,0.020632941366408974,0.010100454069020975,0.006116367613419359,0.006053014799317174,0.023762499383879483,0.013230012086491482,0.009245925630889865,0.023754955693963697,0.013222468396575697,0.009175029126871896
hgb|history_available|budget=03,hgb,history_available,3,True,H_B_M_A,hgb::H_B_M_A,hgb::H_B_M_A,H_B_M_A,"{""learning_rate"": 0.05, ""max_leaf_nodes"": 7}",True,3,3,0.6499456254601639,"{""learning_rate"": 0.05, ""max_leaf_nodes"": 7}","[""H"", ""B"", ""M"", ""A""]",whole,1520,full,hgb::H_D_B_M_P_C_A_K,False,28,0.020632941366408974,2.71628024333187,"post hoc; fixed-model conditional local-shift approximation, not achieved power",0.052913382350428306,-0.052913382350428306,0.010363299933325791,0.03284467779438696,0.07359021879213173,0.07066153203695331,-0.07359021879213173,-0.03284467779438696,-0.07066153203695331,0.07354632371683728,0.08106300921504364,False,False,False,0.020632941366408974,0.02814962686461533,0.017046111482516876,0.01774814968652501,0.029354914640180727,0.036871600138387084,0.02576808475628863,0.02857933518557961,0.03609602068378597,0.025694543505695652
hgb|history_available|budget=03,hgb,history_available,3,True,H_B_M_A,hgb::H_B_M_A,hgb::H_B_M_A,H_B_M_A,"{""learning_rate"": 0.05, ""max_leaf_nodes"": 7}",True,3,3,0.6499456254601639,"{""learning_rate"": 0.05, ""max_leaf_nodes"": 7}","[""H"", ""B"", ""M"", ""A""]",whole,1520,benchmark,P0,False,28,0.020632941366408974,2.71628024333187,"post hoc; fixed-model conditional local-shift approximation, not achieved power",0.06291495598361463,-0.06291495598361463,0.010842566008116845,0.04178212285880639,0.08425930935836438,0.08152300731177713,-0.08425930935836438,-0.04178212285880639,-0.08152300731177713,0.0835478973500236,0.09236640381848411,False,False,False,0.020632941366408974,0.029451447834869488,0.01783443402391174,0.018608051328162494,0.029758275145256023,0.03857678161371653,0.026959767802758786,0.02928863731779515,0.03810714378625567,0.027263747279548674
hgb|history_available|budget=04,hgb,history_available,4,True,H_D,hgb::H_D,hgb::H_D,H_D,"{""learning_rate"": 0.05, ""max_leaf_nodes"": 7}",True,4,4,0.6440872421067338,"{""learning_rate"": 0.05, ""max_leaf_nodes"": 7}","[""H"", ""D""]",whole,1520,full,hgb::H_D_B_M_P_C_A_K,False,28,0.020632941366408974,2.71628024333187,"post hoc; fixed-model conditional local-shift approximation, not achieved power",0.008319848347565384,-0.008319848347565384,0.005072128031229963,-0.001605093221485835,0.01860015336257348,0.016622280043171678,-0.01860015336257348,0.001605093221485835,-0.016622280043171678,0.02895278971397436,0.022097169510445106,False,False,False,0.020632941366408974,0.013777321162879722,0.008342908188530835,0.008302431695606294,0.024901752016892494,0.01804613181336324,0.012611718839014352,0.024677730310952516,0.017822110107423267,0.012347220640149837
hgb|history_available|budget=04,hgb,history_available,4,True,H_D,hgb::H_D,hgb::H_D,H_D,"{""learning_rate"": 0.05, ""max_leaf_nodes"": 7}",True,4,4,0.6440872421067338,"{""learning_rate"": 0.05, ""max_leaf_nodes"": 7}","[""H"", ""D""]",whole,1520,benchmark,P0,False,28,0.020632941366408974,2.71628024333187,"post hoc; fixed-model conditional local-shift approximation, not achieved power",0.018321421980751706,-0.018321421980751706,0.006096311994445124,0.006296343758023168,0.029997276959889956,0.02821999985613754,-0.029997276959889956,-0.006296343758023168,-0.02821999985613754,0.03895436334716068,0.034880713808450106,False,False,False,0.020632941366408974,0.0165592918276984,0.010027540895090826,0.009898577875385832,0.025763726987419234,0.02169007744870866,0.015158326516101083,0.025913832340647446,0.02184018280193687,0.015179468849624305
hgb|history_available|budget=05,hgb,history_available,5,True,H_D_M,hgb::H_D_M,hgb::H_D_M,H_D_M,"{""learning_rate"": 0.05, ""max_leaf_nodes"": 7}",True,5,5,0.6378678578039242,"{""learning_rate"": 0.05, ""max_leaf_nodes"": 7}","[""H"", ""D"", ""M""]",whole,1520,full,hgb::H_D_B_M_P_C_A_K,False,28,0.020632941366408974,2.71628024333187,"post hoc; fixed-model conditional local-shift approximation, not achieved power",0.004191560485332646,-0.004191560485332646,0.005061325478460246,-0.005540733754695364,0.014173849608345617,0.012501473572285643,-0.014173849608345617,0.005540733754695364,-0.012501473572285643,0.02482450185174162,0.017939538887546437,False,False,False,0.020632941366408974,0.01374797840221379,0.00832513957042723,0.008309913086952997,0.024892660359104708,0.01800769739490952,0.012584858563122962,0.02485136619656364,0.017966403232368457,0.012528337917107663
hgb|history_available|budget=05,hgb,history_available,5,True,H_D_M,hgb::H_D_M,hgb::H_D_M,H_D_M,"{""learning_rate"": 0.05, ""max_leaf_nodes"": 7}",True,5,5,0.6378678578039242,"{""learning_rate"": 0.05, ""max_leaf_nodes"": 7}","[""H"", ""D"", ""M""]",whole,1520,benchmark,P0,False,28,0.020632941366408974,2.71628024333187,"post hoc; fixed-model conditional local-shift approximation, not achieved power",0.014193134118518969,-0.014193134118518969,0.006054399706427956,0.002436536586689051,0.025414448696886603,0.023947028929583523,-0.025414448696886603,-0.002436536586689051,-0.023947028929583523,0.03482607548492794,0.0306385804263235,False,False,False,0.020632941366408974,0.01644544630780453,0.009958601316131953,0.009753894811064557,0.02572845271587636,0.021540957657271917,0.015054112665599338,0.026030243457969993,0.02184274839936555,0.015151196902625574
hgb|history_available|budget=06,hgb,history_available,6,True,H_D_M_A,hgb::H_D_M_A,hgb::H_D_M_A,H_D_M_A,"{""learning_rate"": 0.05, ""max_leaf_nodes"": 7}",True,6,6,0.6353580028168152,"{""learning_rate"": 0.05, ""max_leaf_nodes"": 7}","[""H"", ""D"", ""M"", ""A""]",whole,1520,full,hgb::H_D_B_M_P_C_A_K,False,28,0.020632941366408974,2.71628024333187,"post hoc; fixed-model conditional local-shift approximation, not achieved power",0.041743460153655265,-0.041743460153655265,0.0063309311288446265,0.029562896002944736,0.05448654001395145,0.05235706682251274,-0.05448654001395145,-0.029562896002944736,-0.05235706682251274,0.06237640152006424,0.058940043300830657,False,False,False,0.020632941366408974,0.01719658314717539,0.010413455029260062,0.010613606668857472,0.025961187432732354,0.02252482921349877,0.015741701095583437,0.025519064817803295,0.02208270659856971,0.015499730120251791
hgb|history_available|budget=06,hgb,history_available,6,True,H_D_M_A,hgb::H_D_M_A,hgb::H_D_M_A,H_D_M_A,"{""learning_rate"": 0.05, ""max_leaf_nodes"": 7}",True,6,6,0.6353580028168152,"{""learning_rate"": 0.05, ""max_leaf_nodes"": 7}","[""H"", ""D"", ""M"", ""A""]",whole,1520,benchmark,P0,False,28,0.020632941366408974,2.71628024333187,"post hoc; fixed-model conditional local-shift approximation, not achieved power",0.05174503378684159,-0.05174503378684159,0.008670973271093209,0.034661674502630344,0.06830163376346834,0.06618202590794793,-0.06830163376346834,-0.034661674502630344,-0.06618202590794793,0.07237797515325056,0.0752978271735708,False,False,False,0.020632941366408974,0.023552793386729203,0.014262481834156935,0.014436992121106348,0.02793061658710421,0.030850468607424436,0.021560157054852168,0.02766413890592966,0.030583990926249888,0.02146818966062703
hgb|history_available|budget=07,hgb,history_available,7,True,H_D_M_C_A,hgb::H_D_M_C_A,hgb::H_D_M_C_A,H_D_M_C_A,"{""learning_rate"": 0.05, ""max_leaf_nodes"": 7}",True,7,7,0.6332706689577972,"{""learning_rate"": 0.05, ""max_leaf_nodes"": 7}","[""H"", ""D"", ""M"", ""C"", ""A""]",whole,1520,full,hgb::H_D_B_M_P_C_A_K,False,28,0.020632941366408974,2.71628024333187,"post hoc; fixed-model conditional local-shift approximation, not achieved power",0.03888291767082719,-0.03888291767082719,0.006213364880492952,0.027031087179650453,0.051587229867657444,0.04954031506410381,-0.051587229867657444,-0.027031087179650453,-0.04954031506410381,0.05951585903723616,0.05576015794032228,False,False,False,0.020632941366408974,0.01687724026949509,0.010220075759251733,0.010657397393276617,0.025862241181768074,0.02210654008485419,0.015449375574610832,0.025688415966263624,0.02193271486934974,0.015712871993131265
hgb|history_available|budget=07,hgb,history_available,7,True,H_D_M_C_A,hgb::H_D_M_C_A,hgb::H_D_M_C_A,H_D_M_C_A,"{""learning_rate"": 0.05, ""max_leaf_nodes"": 7}",True,7,7,0.6332706689577972,"{""learning_rate"": 0.05, ""max_leaf_nodes"": 7}","[""H"", ""D"", ""M"", ""C"", ""A""]",whole,1520,benchmark,P0,False,28,0.020632941366408974,2.71628024333187,"post hoc; fixed-model conditional local-shift approximation, not achieved power",0.04888449130401351,-0.04888449130401351,0.008483939118876157,0.03225694864301787,0.06547765420342135,0.06340791046098218,-0.06547765420342135,-0.03225694864301787,-0.06340791046098218,0.06951743267042249,0.07192924751824721,False,False,False,0.020632941366408974,0.023044756214233696,0.013954838030518923,0.014523419156968668,0.02777320467319503,0.030185019521019752,0.021095101337304977,0.02756421296561723,0.02997602781344195,0.021454690756176925
hgb|history_available|budget=08,hgb,history_available,8,True,H_D_B_M_C_A,hgb::H_D_B_M_C_A,hgb::H_D_B_M_C_A,H_D_B_M_C_A,"{""learning_rate"": 0.05, ""max_leaf_nodes"": 7}",True,8,8,0.6314904390595096,"{""learning_rate"": 0.05, ""max_leaf_nodes"": 7}","[""H"", ""D"", ""B"", ""M"", ""C"", ""A""]",whole,1520,full,hgb::H_D_B_M_P_C_A_K,False,28,0.020632941366408974,2.71628024333187,"post hoc; fixed-model conditional local-shift approximation, not achieved power",0.031705962189744086,-0.031705962189744086,0.005563782497570095,0.020694169907445624,0.04296533593148963,0.04084412703344128,-0.04296533593148963,-0.020694169907445624,-0.04084412703344128,0.05233890355615306,0.04681875466608938,False,False,False,0.020632941366408974,0.015112792476345298,0.009151607820697292,0.009138164843697194,0.025315538855345307,0.019795389965281632,0.013834205309633623,0.025110216055499113,0.01959006716543544,0.013615439532787333
hgb|history_available|budget=08,hgb,history_available,8,True,H_D_B_M_C_A,hgb::H_D_B_M_C_A,hgb::H_D_B_M_C_A,H_D_B_M_C_A,"{""learning_rate"": 0.05, ""max_leaf_nodes"": 7}",True,8,8,0.6314904390595096,"{""learning_rate"": 0.05, ""max_leaf_nodes"": 7}","[""H"", ""D"", ""B"", ""M"", ""C"", ""A""]",whole,1520,benchmark,P0,False,28,0.020632941366408974,2.71628024333187,"post hoc; fixed-model conditional local-shift approximation, not achieved power",0.04170753582293041,-0.04170753582293041,0.008295566044380356,0.02536954746244324,0.05760104079696303,0.05548495172926102,-0.05760104079696303,-0.02536954746244324,-0.05548495172926102,0.06234047718933938,0.06424061797653548,False,False,False,0.020632941366408974,0.022533082153605073,0.013644991895714506,0.013777415906330607,0.02761466589386595,0.029514806681062048,0.02062671642317148,0.027438784940617588,0.029338925727813686,0.020583259480539223
hgb|history_available|budget=09,hgb,history_available,9,True,H_D_B_M_C_A,hgb::H_D_B_M_C_A,hgb::H_D_B_M_C_A,H_D_B_M_C_A,"{""learning_rate"": 0.05, ""max_leaf_nodes"": 7}",True,8,8,0.6314904390595096,"{""learning_rate"": 0.05, ""max_leaf_nodes"": 7}","[""H"", ""D"", ""B"", ""M"", ""C"", ""A""]",whole,1520,full,hgb::H_D_B_M_P_C_A_K,False,28,0.020632941366408974,2.71628024333187,"post hoc; fixed-model conditional local-shift approximation, not achieved power",0.031705962189744086,-0.031705962189744086,0.005563782497570095,0.020694169907445624,0.04296533593148963,0.04084412703344128,-0.04296533593148963,-0.020694169907445624,-0.04084412703344128,0.05233890355615306,0.04681875466608938,False,False,False,0.020632941366408974,0.015112792476345298,0.009151607820697292,0.009138164843697194,0.025315538855345307,0.019795389965281632,0.013834205309633623,0.025110216055499113,0.01959006716543544,0.013615439532787333
hgb|history_available|budget=09,hgb,history_available,9,True,H_D_B_M_C_A,hgb::H_D_B_M_C_A,hgb::H_D_B_M_C_A,H_D_B_M_C_A,"{""learning_rate"": 0.05, ""max_leaf_nodes"": 7}",True,8,8,0.6314904390595096,"{""learning_rate"": 0.05, ""max_leaf_nodes"": 7}","[""H"", ""D"", ""B"", ""M"", ""C"", ""A""]",whole,1520,benchmark,P0,False,28,0.020632941366408974,2.71628024333187,"post hoc; fixed-model conditional local-shift approximation, not achieved power",0.04170753582293041,-0.04170753582293041,0.008295566044380356,0.02536954746244324,0.05760104079696303,0.05548495172926102,-0.05760104079696303,-0.02536954746244324,-0.05548495172926102,0.06234047718933938,0.06424061797653548,False,False,False,0.020632941366408974,0.022533082153605073,0.013644991895714506,0.013777415906330607,0.02761466589386595,0.029514806681062048,0.02062671642317148,0.027438784940617588,0.029338925727813686,0.020583259480539223
hgb|history_available|budget=10,hgb,history_available,10,True,H_D_B_M_C_A,hgb::H_D_B_M_C_A,hgb::H_D_B_M_C_A,H_D_B_M_C_A,"{""learning_rate"": 0.05, ""max_leaf_nodes"": 7}",True,8,8,0.6314904390595096,"{""learning_rate"": 0.05, ""max_leaf_nodes"": 7}","[""H"", ""D"", ""B"", ""M"", ""C"", ""A""]",whole,1520,full,hgb::H_D_B_M_P_C_A_K,False,28,0.020632941366408974,2.71628024333187,"post hoc; fixed-model conditional local-shift approximation, not achieved power",0.031705962189744086,-0.031705962189744086,0.005563782497570095,0.020694169907445624,0.04296533593148963,0.04084412703344128,-0.04296533593148963,-0.020694169907445624,-0.04084412703344128,0.05233890355615306,0.04681875466608938,False,False,False,0.020632941366408974,0.015112792476345298,0.009151607820697292,0.009138164843697194,0.025315538855345307,0.019795389965281632,0.013834205309633623,0.025110216055499113,0.01959006716543544,0.013615439532787333
hgb|history_available|budget=10,hgb,history_available,10,True,H_D_B_M_C_A,hgb::H_D_B_M_C_A,hgb::H_D_B_M_C_A,H_D_B_M_C_A,"{""learning_rate"": 0.05, ""max_leaf_nodes"": 7}",True,8,8,0.6314904390595096,"{""learning_rate"": 0.05, ""max_leaf_nodes"": 7}","[""H"", ""D"", ""B"", ""M"", ""C"", ""A""]",whole,1520,benchmark,P0,False,28,0.020632941366408974,2.71628024333187,"post hoc; fixed-model conditional local-shift approximation, not achieved power",0.04170753582293041,-0.04170753582293041,0.008295566044380356,0.02536954746244324,0.05760104079696303,0.05548495172926102,-0.05760104079696303,-0.02536954746244324,-0.05548495172926102,0.06234047718933938,0.06424061797653548,False,False,False,0.020632941366408974,0.022533082153605073,0.013644991895714506,0.013777415906330607,0.02761466589386595,0.029514806681062048,0.02062671642317148,0.027438784940617588,0.029338925727813686,0.020583259480539223
hgb|history_available|budget=11,hgb,history_available,11,True,H_D_B_M_C_A,hgb::H_D_B_M_C_A,hgb::H_D_B_M_C_A,H_D_B_M_C_A,"{""learning_rate"": 0.05, ""max_leaf_nodes"": 7}",True,8,8,0.6314904390595096,"{""learning_rate"": 0.05, ""max_leaf_nodes"": 7}","[""H"", ""D"", ""B"", ""M"", ""C"", ""A""]",whole,1520,full,hgb::H_D_B_M_P_C_A_K,False,28,0.020632941366408974,2.71628024333187,"post hoc; fixed-model conditional local-shift approximation, not achieved power",0.031705962189744086,-0.031705962189744086,0.005563782497570095,0.020694169907445624,0.04296533593148963,0.04084412703344128,-0.04296533593148963,-0.020694169907445624,-0.04084412703344128,0.05233890355615306,0.04681875466608938,False,False,False,0.020632941366408974,0.015112792476345298,0.009151607820697292,0.009138164843697194,0.025315538855345307,0.019795389965281632,0.013834205309633623,0.025110216055499113,0.01959006716543544,0.013615439532787333
hgb|history_available|budget=11,hgb,history_available,11,True,H_D_B_M_C_A,hgb::H_D_B_M_C_A,hgb::H_D_B_M_C_A,H_D_B_M_C_A,"{""learning_rate"": 0.05, ""max_leaf_nodes"": 7}",True,8,8,0.6314904390595096,"{""learning_rate"": 0.05, ""max_leaf_nodes"": 7}","[""H"", ""D"", ""B"", ""M"", ""C"", ""A""]",whole,1520,benchmark,P0,False,28,0.020632941366408974,2.71628024333187,"post hoc; fixed-model conditional local-shift approximation, not achieved power",0.04170753582293041,-0.04170753582293041,0.008295566044380356,0.02536954746244324,0.05760104079696303,0.05548495172926102,-0.05760104079696303,-0.02536954746244324,-0.05548495172926102,0.06234047718933938,0.06424061797653548,False,False,False,0.020632941366408974,0.022533082153605073,0.013644991895714506,0.013777415906330607,0.02761466589386595,0.029514806681062048,0.02062671642317148,0.027438784940617588,0.029338925727813686,0.020583259480539223
hgb|history_available|budget=12,hgb,history_available,12,True,H_D_B_M_C_A,hgb::H_D_B_M_C_A,hgb::H_D_B_M_C_A,H_D_B_M_C_A,"{""learning_rate"": 0.05, ""max_leaf_nodes"": 7}",True,8,8,0.6314904390595096,"{""learning_rate"": 0.05, ""max_leaf_nodes"": 7}","[""H"", ""D"", ""B"", ""M"", ""C"", ""A""]",whole,1520,full,hgb::H_D_B_M_P_C_A_K,False,28,0.020632941366408974,2.71628024333187,"post hoc; fixed-model conditional local-shift approximation, not achieved power",0.031705962189744086,-0.031705962189744086,0.005563782497570095,0.020694169907445624,0.04296533593148963,0.04084412703344128,-0.04296533593148963,-0.020694169907445624,-0.04084412703344128,0.05233890355615306,0.04681875466608938,False,False,False,0.020632941366408974,0.015112792476345298,0.009151607820697292,0.009138164843697194,0.025315538855345307,0.019795389965281632,0.013834205309633623,0.025110216055499113,0.01959006716543544,0.013615439532787333
hgb|history_available|budget=12,hgb,history_available,12,True,H_D_B_M_C_A,hgb::H_D_B_M_C_A,hgb::H_D_B_M_C_A,H_D_B_M_C_A,"{""learning_rate"": 0.05, ""max_leaf_nodes"": 7}",True,8,8,0.6314904390595096,"{""learning_rate"": 0.05, ""max_leaf_nodes"": 7}","[""H"", ""D"", ""B"", ""M"", ""C"", ""A""]",whole,1520,benchmark,P0,False,28,0.020632941366408974,2.71628024333187,"post hoc; fixed-model conditional local-shift approximation, not achieved power",0.04170753582293041,-0.04170753582293041,0.008295566044380356,0.02536954746244324,0.05760104079696303,0.05548495172926102,-0.05760104079696303,-0.02536954746244324,-0.05548495172926102,0.06234047718933938,0.06424061797653548,False,False,False,0.020632941366408974,0.022533082153605073,0.013644991895714506,0.013777415906330607,0.02761466589386595,0.029514806681062048,0.02062671642317148,0.027438784940617588,0.029338925727813686,0.020583259480539223
hgb|history_available|budget=13,hgb,history_available,13,True,H_D_B_M_C_A,hgb::H_D_B_M_C_A,hgb::H_D_B_M_C_A,H_D_B_M_C_A,"{""learning_rate"": 0.05, ""max_leaf_nodes"": 7}",True,8,8,0.6314904390595096,"{""learning_rate"": 0.05, ""max_leaf_nodes"": 7}","[""H"", ""D"", ""B"", ""M"", ""C"", ""A""]",whole,1520,full,hgb::H_D_B_M_P_C_A_K,False,28,0.020632941366408974,2.71628024333187,"post hoc; fixed-model conditional local-shift approximation, not achieved power",0.031705962189744086,-0.031705962189744086,0.005563782497570095,0.020694169907445624,0.04296533593148963,0.04084412703344128,-0.04296533593148963,-0.020694169907445624,-0.04084412703344128,0.05233890355615306,0.04681875466608938,False,False,False,0.020632941366408974,0.015112792476345298,0.009151607820697292,0.009138164843697194,0.025315538855345307,0.019795389965281632,0.013834205309633623,0.025110216055499113,0.01959006716543544,0.013615439532787333
hgb|history_available|budget=13,hgb,history_available,13,True,H_D_B_M_C_A,hgb::H_D_B_M_C_A,hgb::H_D_B_M_C_A,H_D_B_M_C_A,"{""learning_rate"": 0.05, ""max_leaf_nodes"": 7}",True,8,8,0.6314904390595096,"{""learning_rate"": 0.05, ""max_leaf_nodes"": 7}","[""H"", ""D"", ""B"", ""M"", ""C"", ""A""]",whole,1520,benchmark,P0,False,28,0.020632941366408974,2.71628024333187,"post hoc; fixed-model conditional local-shift approximation, not achieved power",0.04170753582293041,-0.04170753582293041,0.008295566044380356,0.02536954746244324,0.05760104079696303,0.05548495172926102,-0.05760104079696303,-0.02536954746244324,-0.05548495172926102,0.06234047718933938,0.06424061797653548,False,False,False,0.020632941366408974,0.022533082153605073,0.013644991895714506,0.013777415906330607,0.02761466589386595,0.029514806681062048,0.02062671642317148,0.027438784940617588,0.029338925727813686,0.020583259480539223
hgb|history_available|budget=14,hgb,history_available,14,True,H_D_B_M_C_A,hgb::H_D_B_M_C_A,hgb::H_D_B_M_C_A,H_D_B_M_C_A,"{""learning_rate"": 0.05, ""max_leaf_nodes"": 7}",True,8,8,0.6314904390595096,"{""learning_rate"": 0.05, ""max_leaf_nodes"": 7}","[""H"", ""D"", ""B"", ""M"", ""C"", ""A""]",whole,1520,full,hgb::H_D_B_M_P_C_A_K,False,28,0.020632941366408974,2.71628024333187,"post hoc; fixed-model conditional local-shift approximation, not achieved power",0.031705962189744086,-0.031705962189744086,0.005563782497570095,0.020694169907445624,0.04296533593148963,0.04084412703344128,-0.04296533593148963,-0.020694169907445624,-0.04084412703344128,0.05233890355615306,0.04681875466608938,False,False,False,0.020632941366408974,0.015112792476345298,0.009151607820697292,0.009138164843697194,0.025315538855345307,0.019795389965281632,0.013834205309633623,0.025110216055499113,0.01959006716543544,0.013615439532787333
hgb|history_available|budget=14,hgb,history_available,14,True,H_D_B_M_C_A,hgb::H_D_B_M_C_A,hgb::H_D_B_M_C_A,H_D_B_M_C_A,"{""learning_rate"": 0.05, ""max_leaf_nodes"": 7}",True,8,8,0.6314904390595096,"{""learning_rate"": 0.05, ""max_leaf_nodes"": 7}","[""H"", ""D"", ""B"", ""M"", ""C"", ""A""]",whole,1520,benchmark,P0,False,28,0.020632941366408974,2.71628024333187,"post hoc; fixed-model conditional local-shift approximation, not achieved power",0.04170753582293041,-0.04170753582293041,0.008295566044380356,0.02536954746244324,0.05760104079696303,0.05548495172926102,-0.05760104079696303,-0.02536954746244324,-0.05548495172926102,0.06234047718933938,0.06424061797653548,False,False,False,0.020632941366408974,0.022533082153605073,0.013644991895714506,0.013777415906330607,0.02761466589386595,0.029514806681062048,0.02062671642317148,0.027438784940617588,0.029338925727813686,0.020583259480539223
hgb|history_available|budget=15,hgb,history_available,15,True,H_D_P,hgb::H_D_P,hgb::H_D_P,H_D_P,"{""learning_rate"": 0.05, ""max_leaf_nodes"": 7}",True,15,15,0.6284341422186445,"{""learning_rate"": 0.05, ""max_leaf_nodes"": 7}","[""H"", ""D"", ""P""]",whole,1520,full,hgb::H_D_B_M_P_C_A_K,False,28,0.020632941366408974,2.71628024333187,"post hoc; fixed-model conditional local-shift approximation, not achieved power",0.011923174554020921,-0.011923174554020921,0.004382128091971109,0.003626771248306751,0.020590519898005137,0.01942270908479758,-0.020590519898005137,-0.003626771248306751,-0.01942270908479758,0.032556115920429896,0.023826262513991628,False,False,False,0.020632941366408974,0.011903087959970707,0.007207959285844613,0.007499534530776657,0.02432103341684822,0.015591180010409952,0.010896051336283857,0.024069915709376413,0.015340062302938143,0.010936508873744094
hgb|history_available|budget=15,hgb,history_available,15,True,H_D_P,hgb::H_D_P,hgb::H_D_P,H_D_P,"{""learning_rate"": 0.05, ""max_leaf_nodes"": 7}",True,15,15,0.6284341422186445,"{""learning_rate"": 0.05, ""max_leaf_nodes"": 7}","[""H"", ""D"", ""P""]",whole,1520,benchmark,P0,False,28,0.020632941366408974,2.71628024333187,"post hoc; fixed-model conditional local-shift approximation, not achieved power",0.021924748187207244,-0.021924748187207244,0.0065708729808689895,0.008827085625386538,0.03438574489572265,0.03281566785338684,-0.03438574489572265,-0.008827085625386538,-0.03281566785338684,0.04255768955361622,0.03977308064658487,False,False,False,0.020632941366408974,0.017848332459377628,0.010808124254819789,0.010890919666179593,0.026163127590218865,0.02337851868318752,0.01633831047862968,0.02614267122333317,0.023358062316301824,0.01640064952310379
hgb|history_available|budget=16,hgb,history_available,16,True,H_D_M_P,hgb::H_D_M_P,hgb::H_D_M_P,H_D_M_P,"{""learning_rate"": 0.05, ""max_leaf_nodes"": 7}",True,16,16,0.6263444622412933,"{""learning_rate"": 0.05, ""max_leaf_nodes"": 7}","[""H"", ""D"", ""M"", ""P""]",whole,1520,full,hgb::H_D_B_M_P_C_A_K,False,28,0.020632941366408974,2.71628024333187,"post hoc; fixed-model conditional local-shift approximation, not achieved power",0.006697533335013883,-0.006697533335013883,0.004441180362595394,-0.002017883288718037,0.015495120311327453,0.01421632321054596,-0.015495120311327453,0.002017883288718037,-0.01421632321054596,0.027330474701422858,0.018761023811005223,False,False,False,0.020632941366408974,0.01206349047599134,0.007305091627360688,0.007518789875532077,0.024370733061696313,0.01580128217127868,0.011042883322648026,0.023974000098828652,0.015404549208411018,0.010859848607951755
hgb|history_available|budget=16,hgb,history_available,16,True,H_D_M_P,hgb::H_D_M_P,hgb::H_D_M_P,H_D_M_P,"{""learning_rate"": 0.05, ""max_leaf_nodes"": 7}",True,16,16,0.6263444622412933,"{""learning_rate"": 0.05, ""max_leaf_nodes"": 7}","[""H"", ""D"", ""M"", ""P""]",whole,1520,benchmark,P0,False,28,0.020632941366408974,2.71628024333187,"post hoc; fixed-model conditional local-shift approximation, not achieved power",0.016699106968200206,-0.016699106968200206,0.006505890107624572,0.003925494602682841,0.029242928611560116,0.02731661441773308,-0.029242928611560116,-0.003925494602682841,-0.02731661441773308,0.03733204833460918,0.034370927732829085,False,False,False,0.020632941366408974,0.01767182076462888,0.010701236940073982,0.010617507449532874,0.026108436624277788,0.02314731602249769,0.016176732197942793,0.02619195470695438,0.023230834105174285,0.01617652079007828
hgb|history_available|budget=17,hgb,history_available,17,True,H_D_M_P_A,hgb::H_D_M_P_A,hgb::H_D_M_P_A,H_D_M_P_A,"{""learning_rate"": 0.05, ""max_leaf_nodes"": 7}",True,17,17,0.6241806893132597,"{""learning_rate"": 0.05, ""max_leaf_nodes"": 7}","[""H"", ""D"", ""M"", ""P"", ""A""]",whole,1520,full,hgb::H_D_B_M_P_C_A_K,False,28,0.020632941366408974,2.71628024333187,"post hoc; fixed-model conditional local-shift approximation, not achieved power",0.03214923873273756,-0.03214923873273756,0.004537682829347297,0.023470994104803217,0.04109254901608082,0.0397151990253939,-0.04109254901608082,-0.023470994104803217,-0.0397151990253939,0.052782180099146536,0.04447485695259989,False,False,False,0.020632941366408974,0.012325618219862325,0.00746382405980732,0.007565960292656338,0.024451951586806877,0.01614462844026023,0.011282834280205222,0.02420727536753057,0.015899952220983917,0.011140294293777931
hgb|history_available|budget=17,hgb,history_available,17,True,H_D_M_P_A,hgb::H_D_M_P_A,hgb::H_D_M_P_A,H_D_M_P_A,"{""learning_rate"": 0.05, ""max_leaf_nodes"": 7}",True,17,17,0.6241806893132597,"{""learning_rate"": 0.05, ""max_leaf_nodes"": 7}","[""H"", ""D"", ""M"", ""P"", ""A""]",whole,1520,benchmark,P0,False,28,0.020632941366408974,2.71628024333187,"post hoc; fixed-model conditional local-shift approximation, not achieved power",0.042150812365923884,-0.042150812365923884,0.007760395438877564,0.026995791162411475,0.057804701529377917,0.054856754158574654,-0.057804701529377917,-0.026995791162411475,-0.054856754158574654,0.06278375373233286,0.06323022117698977,False,False,False,0.020632941366408974,0.021079408811065885,0.012764714584215424,0.012705941792650772,0.02716425494869073,0.027610722393347636,0.019296028166497173,0.02719509710508462,0.02764156454974153,0.01926809753132642
hgb|history_available|budget=18,hgb,history_available,18,True,H_D_M_P_A,hgb::H_D_M_P_A,hgb::H_D_M_P_A,H_D_M_P_A,"{""learning_rate"": 0.05, ""max_leaf_nodes"": 7}",True,17,17,0.6241806893132597,"{""learning_rate"": 0.05, ""max_leaf_nodes"": 7}","[""H"", ""D"", ""M"", ""P"", ""A""]",whole,1520,full,hgb::H_D_B_M_P_C_A_K,False,28,0.020632941366408974,2.71628024333187,"post hoc; fixed-model conditional local-shift approximation, not achieved power",0.03214923873273756,-0.03214923873273756,0.004537682829347297,0.023470994104803217,0.04109254901608082,0.0397151990253939,-0.04109254901608082,-0.023470994104803217,-0.0397151990253939,0.052782180099146536,0.04447485695259989,False,False,False,0.020632941366408974,0.012325618219862325,0.00746382405980732,0.007565960292656338,0.024451951586806877,0.01614462844026023,0.011282834280205222,0.02420727536753057,0.015899952220983917,0.011140294293777931
hgb|history_available|budget=18,hgb,history_available,18,True,H_D_M_P_A,hgb::H_D_M_P_A,hgb::H_D_M_P_A,H_D_M_P_A,"{""learning_rate"": 0.05, ""max_leaf_nodes"": 7}",True,17,17,0.6241806893132597,"{""learning_rate"": 0.05, ""max_leaf_nodes"": 7}","[""H"", ""D"", ""M"", ""P"", ""A""]",whole,1520,benchmark,P0,False,28,0.020632941366408974,2.71628024333187,"post hoc; fixed-model conditional local-shift approximation, not achieved power",0.042150812365923884,-0.042150812365923884,0.007760395438877564,0.026995791162411475,0.057804701529377917,0.054856754158574654,-0.057804701529377917,-0.026995791162411475,-0.054856754158574654,0.06278375373233286,0.06323022117698977,False,False,False,0.020632941366408974,0.021079408811065885,0.012764714584215424,0.012705941792650772,0.02716425494869073,0.027610722393347636,0.019296028166497173,0.02719509710508462,0.02764156454974153,0.01926809753132642
hgb|history_available|budget=19,hgb,history_available,19,True,H_D_M_P_A,hgb::H_D_M_P_A,hgb::H_D_M_P_A,H_D_M_P_A,"{""learning_rate"": 0.05, ""max_leaf_nodes"": 7}",True,17,17,0.6241806893132597,"{""learning_rate"": 0.05, ""max_leaf_nodes"": 7}","[""H"", ""D"", ""M"", ""P"", ""A""]",whole,1520,full,hgb::H_D_B_M_P_C_A_K,False,28,0.020632941366408974,2.71628024333187,"post hoc; fixed-model conditional local-shift approximation, not achieved power",0.03214923873273756,-0.03214923873273756,0.004537682829347297,0.023470994104803217,0.04109254901608082,0.0397151990253939,-0.04109254901608082,-0.023470994104803217,-0.0397151990253939,0.052782180099146536,0.04447485695259989,False,False,False,0.020632941366408974,0.012325618219862325,0.00746382405980732,0.007565960292656338,0.024451951586806877,0.01614462844026023,0.011282834280205222,0.02420727536753057,0.015899952220983917,0.011140294293777931
hgb|history_available|budget=19,hgb,history_available,19,True,H_D_M_P_A,hgb::H_D_M_P_A,hgb::H_D_M_P_A,H_D_M_P_A,"{""learning_rate"": 0.05, ""max_leaf_nodes"": 7}",True,17,17,0.6241806893132597,"{""learning_rate"": 0.05, ""max_leaf_nodes"": 7}","[""H"", ""D"", ""M"", ""P"", ""A""]",whole,1520,benchmark,P0,False,28,0.020632941366408974,2.71628024333187,"post hoc; fixed-model conditional local-shift approximation, not achieved power",0.042150812365923884,-0.042150812365923884,0.007760395438877564,0.026995791162411475,0.057804701529377917,0.054856754158574654,-0.057804701529377917,-0.026995791162411475,-0.054856754158574654,0.06278375373233286,0.06323022117698977,False,False,False,0.020632941366408974,0.021079408811065885,0.012764714584215424,0.012705941792650772,0.02716425494869073,0.027610722393347636,0.019296028166497173,0.02719509710508462,0.02764156454974153,0.01926809753132642
hgb|history_available|budget=20,hgb,history_available,20,True,H_D_M_P_A,hgb::H_D_M_P_A,hgb::H_D_M_P_A,H_D_M_P_A,"{""learning_rate"": 0.05, ""max_leaf_nodes"": 7}",True,17,17,0.6241806893132597,"{""learning_rate"": 0.05, ""max_leaf_nodes"": 7}","[""H"", ""D"", ""M"", ""P"", ""A""]",whole,1520,full,hgb::H_D_B_M_P_C_A_K,False,28,0.020632941366408974,2.71628024333187,"post hoc; fixed-model conditional local-shift approximation, not achieved power",0.03214923873273756,-0.03214923873273756,0.004537682829347297,0.023470994104803217,0.04109254901608082,0.0397151990253939,-0.04109254901608082,-0.023470994104803217,-0.0397151990253939,0.052782180099146536,0.04447485695259989,False,False,False,0.020632941366408974,0.012325618219862325,0.00746382405980732,0.007565960292656338,0.024451951586806877,0.01614462844026023,0.011282834280205222,0.02420727536753057,0.015899952220983917,0.011140294293777931
hgb|history_available|budget=20,hgb,history_available,20,True,H_D_M_P_A,hgb::H_D_M_P_A,hgb::H_D_M_P_A,H_D_M_P_A,"{""learning_rate"": 0.05, ""max_leaf_nodes"": 7}",True,17,17,0.6241806893132597,"{""learning_rate"": 0.05, ""max_leaf_nodes"": 7}","[""H"", ""D"", ""M"", ""P"", ""A""]",whole,1520,benchmark,P0,False,28,0.020632941366408974,2.71628024333187,"post hoc; fixed-model conditional local-shift approximation, not achieved power",0.042150812365923884,-0.042150812365923884,0.007760395438877564,0.026995791162411475,0.057804701529377917,0.054856754158574654,-0.057804701529377917,-0.026995791162411475,-0.054856754158574654,0.06278375373233286,0.06323022117698977,False,False,False,0.020632941366408974,0.021079408811065885,0.012764714584215424,0.012705941792650772,0.02716425494869073,0.027610722393347636,0.019296028166497173,0.02719509710508462,0.02764156454974153,0.01926809753132642
hgb|history_available|budget=21,hgb,history_available,21,True,H_D_M_P_A,hgb::H_D_M_P_A,hgb::H_D_M_P_A,H_D_M_P_A,"{""learning_rate"": 0.05, ""max_leaf_nodes"": 7}",True,17,17,0.6241806893132597,"{""learning_rate"": 0.05, ""max_leaf_nodes"": 7}","[""H"", ""D"", ""M"", ""P"", ""A""]",whole,1520,full,hgb::H_D_B_M_P_C_A_K,False,28,0.020632941366408974,2.71628024333187,"post hoc; fixed-model conditional local-shift approximation, not achieved power",0.03214923873273756,-0.03214923873273756,0.004537682829347297,0.023470994104803217,0.04109254901608082,0.0397151990253939,-0.04109254901608082,-0.023470994104803217,-0.0397151990253939,0.052782180099146536,0.04447485695259989,False,False,False,0.020632941366408974,0.012325618219862325,0.00746382405980732,0.007565960292656338,0.024451951586806877,0.01614462844026023,0.011282834280205222,0.02420727536753057,0.015899952220983917,0.011140294293777931
hgb|history_available|budget=21,hgb,history_available,21,True,H_D_M_P_A,hgb::H_D_M_P_A,hgb::H_D_M_P_A,H_D_M_P_A,"{""learning_rate"": 0.05, ""max_leaf_nodes"": 7}",True,17,17,0.6241806893132597,"{""learning_rate"": 0.05, ""max_leaf_nodes"": 7}","[""H"", ""D"", ""M"", ""P"", ""A""]",whole,1520,benchmark,P0,False,28,0.020632941366408974,2.71628024333187,"post hoc; fixed-model conditional local-shift approximation, not achieved power",0.042150812365923884,-0.042150812365923884,0.007760395438877564,0.026995791162411475,0.057804701529377917,0.054856754158574654,-0.057804701529377917,-0.026995791162411475,-0.054856754158574654,0.06278375373233286,0.06323022117698977,False,False,False,0.020632941366408974,0.021079408811065885,0.012764714584215424,0.012705941792650772,0.02716425494869073,0.027610722393347636,0.019296028166497173,0.02719509710508462,0.02764156454974153,0.01926809753132642
hgb|history_available|budget=22,hgb,history_available,22,True,H_D_M_P_A,hgb::H_D_M_P_A,hgb::H_D_M_P_A,H_D_M_P_A,"{""learning_rate"": 0.05, ""max_leaf_nodes"": 7}",True,17,17,0.6241806893132597,"{""learning_rate"": 0.05, ""max_leaf_nodes"": 7}","[""H"", ""D"", ""M"", ""P"", ""A""]",whole,1520,full,hgb::H_D_B_M_P_C_A_K,False,28,0.020632941366408974,2.71628024333187,"post hoc; fixed-model conditional local-shift approximation, not achieved power",0.03214923873273756,-0.03214923873273756,0.004537682829347297,0.023470994104803217,0.04109254901608082,0.0397151990253939,-0.04109254901608082,-0.023470994104803217,-0.0397151990253939,0.052782180099146536,0.04447485695259989,False,False,False,0.020632941366408974,0.012325618219862325,0.00746382405980732,0.007565960292656338,0.024451951586806877,0.01614462844026023,0.011282834280205222,0.02420727536753057,0.015899952220983917,0.011140294293777931
hgb|history_available|budget=22,hgb,history_available,22,True,H_D_M_P_A,hgb::H_D_M_P_A,hgb::H_D_M_P_A,H_D_M_P_A,"{""learning_rate"": 0.05, ""max_leaf_nodes"": 7}",True,17,17,0.6241806893132597,"{""learning_rate"": 0.05, ""max_leaf_nodes"": 7}","[""H"", ""D"", ""M"", ""P"", ""A""]",whole,1520,benchmark,P0,False,28,0.020632941366408974,2.71628024333187,"post hoc; fixed-model conditional local-shift approximation, not achieved power",0.042150812365923884,-0.042150812365923884,0.007760395438877564,0.026995791162411475,0.057804701529377917,0.054856754158574654,-0.057804701529377917,-0.026995791162411475,-0.054856754158574654,0.06278375373233286,0.06323022117698977,False,False,False,0.020632941366408974,0.021079408811065885,0.012764714584215424,0.012705941792650772,0.02716425494869073,0.027610722393347636,0.019296028166497173,0.02719509710508462,0.02764156454974153,0.01926809753132642
hgb|history_available|budget=23,hgb,history_available,23,True,H_D_M_P_A,hgb::H_D_M_P_A,hgb::H_D_M_P_A,H_D_M_P_A,"{""learning_rate"": 0.05, ""max_leaf_nodes"": 7}",True,17,17,0.6241806893132597,"{""learning_rate"": 0.05, ""max_leaf_nodes"": 7}","[""H"", ""D"", ""M"", ""P"", ""A""]",whole,1520,full,hgb::H_D_B_M_P_C_A_K,False,28,0.020632941366408974,2.71628024333187,"post hoc; fixed-model conditional local-shift approximation, not achieved power",0.03214923873273756,-0.03214923873273756,0.004537682829347297,0.023470994104803217,0.04109254901608082,0.0397151990253939,-0.04109254901608082,-0.023470994104803217,-0.0397151990253939,0.052782180099146536,0.04447485695259989,False,False,False,0.020632941366408974,0.012325618219862325,0.00746382405980732,0.007565960292656338,0.024451951586806877,0.01614462844026023,0.011282834280205222,0.02420727536753057,0.015899952220983917,0.011140294293777931
hgb|history_available|budget=23,hgb,history_available,23,True,H_D_M_P_A,hgb::H_D_M_P_A,hgb::H_D_M_P_A,H_D_M_P_A,"{""learning_rate"": 0.05, ""max_leaf_nodes"": 7}",True,17,17,0.6241806893132597,"{""learning_rate"": 0.05, ""max_leaf_nodes"": 7}","[""H"", ""D"", ""M"", ""P"", ""A""]",whole,1520,benchmark,P0,False,28,0.020632941366408974,2.71628024333187,"post hoc; fixed-model conditional local-shift approximation, not achieved power",0.042150812365923884,-0.042150812365923884,0.007760395438877564,0.026995791162411475,0.057804701529377917,0.054856754158574654,-0.057804701529377917,-0.026995791162411475,-0.054856754158574654,0.06278375373233286,0.06323022117698977,False,False,False,0.020632941366408974,0.021079408811065885,0.012764714584215424,0.012705941792650772,0.02716425494869073,0.027610722393347636,0.019296028166497173,0.02719509710508462,0.02764156454974153,0.01926809753132642
hgb|history_available|budget=24,hgb,history_available,24,True,H_D_M_P_A,hgb::H_D_M_P_A,hgb::H_D_M_P_A,H_D_M_P_A,"{""learning_rate"": 0.05, ""max_leaf_nodes"": 7}",True,17,17,0.6241806893132597,"{""learning_rate"": 0.05, ""max_leaf_nodes"": 7}","[""H"", ""D"", ""M"", ""P"", ""A""]",whole,1520,full,hgb::H_D_B_M_P_C_A_K,False,28,0.020632941366408974,2.71628024333187,"post hoc; fixed-model conditional local-shift approximation, not achieved power",0.03214923873273756,-0.03214923873273756,0.004537682829347297,0.023470994104803217,0.04109254901608082,0.0397151990253939,-0.04109254901608082,-0.023470994104803217,-0.0397151990253939,0.052782180099146536,0.04447485695259989,False,False,False,0.020632941366408974,0.012325618219862325,0.00746382405980732,0.007565960292656338,0.024451951586806877,0.01614462844026023,0.011282834280205222,0.02420727536753057,0.015899952220983917,0.011140294293777931
hgb|history_available|budget=24,hgb,history_available,24,True,H_D_M_P_A,hgb::H_D_M_P_A,hgb::H_D_M_P_A,H_D_M_P_A,"{""learning_rate"": 0.05, ""max_leaf_nodes"": 7}",True,17,17,0.6241806893132597,"{""learning_rate"": 0.05, ""max_leaf_nodes"": 7}","[""H"", ""D"", ""M"", ""P"", ""A""]",whole,1520,benchmark,P0,False,28,0.020632941366408974,2.71628024333187,"post hoc; fixed-model conditional local-shift approximation, not achieved power",0.042150812365923884,-0.042150812365923884,0.007760395438877564,0.026995791162411475,0.057804701529377917,0.054856754158574654,-0.057804701529377917,-0.026995791162411475,-0.054856754158574654,0.06278375373233286,0.06323022117698977,False,False,False,0.020632941366408974,0.021079408811065885,0.012764714584215424,0.012705941792650772,0.02716425494869073,0.027610722393347636,0.019296028166497173,0.02719509710508462,0.02764156454974153,0.01926809753132642
hgb|history_available|budget=25,hgb,history_available,25,True,H_D_M_P_A,hgb::H_D_M_P_A,hgb::H_D_M_P_A,H_D_M_P_A,"{""learning_rate"": 0.05, ""max_leaf_nodes"": 7}",True,17,17,0.6241806893132597,"{""learning_rate"": 0.05, ""max_leaf_nodes"": 7}","[""H"", ""D"", ""M"", ""P"", ""A""]",whole,1520,full,hgb::H_D_B_M_P_C_A_K,False,28,0.020632941366408974,2.71628024333187,"post hoc; fixed-model conditional local-shift approximation, not achieved power",0.03214923873273756,-0.03214923873273756,0.004537682829347297,0.023470994104803217,0.04109254901608082,0.0397151990253939,-0.04109254901608082,-0.023470994104803217,-0.0397151990253939,0.052782180099146536,0.04447485695259989,False,False,False,0.020632941366408974,0.012325618219862325,0.00746382405980732,0.007565960292656338,0.024451951586806877,0.01614462844026023,0.011282834280205222,0.02420727536753057,0.015899952220983917,0.011140294293777931
hgb|history_available|budget=25,hgb,history_available,25,True,H_D_M_P_A,hgb::H_D_M_P_A,hgb::H_D_M_P_A,H_D_M_P_A,"{""learning_rate"": 0.05, ""max_leaf_nodes"": 7}",True,17,17,0.6241806893132597,"{""learning_rate"": 0.05, ""max_leaf_nodes"": 7}","[""H"", ""D"", ""M"", ""P"", ""A""]",whole,1520,benchmark,P0,False,28,0.020632941366408974,2.71628024333187,"post hoc; fixed-model conditional local-shift approximation, not achieved power",0.042150812365923884,-0.042150812365923884,0.007760395438877564,0.026995791162411475,0.057804701529377917,0.054856754158574654,-0.057804701529377917,-0.026995791162411475,-0.054856754158574654,0.06278375373233286,0.06323022117698977,False,False,False,0.020632941366408974,0.021079408811065885,0.012764714584215424,0.012705941792650772,0.02716425494869073,0.027610722393347636,0.019296028166497173,0.02719509710508462,0.02764156454974153,0.01926809753132642
hgb|history_available|budget=26,hgb,history_available,26,True,H_D_M_P_A,hgb::H_D_M_P_A,hgb::H_D_M_P_A,H_D_M_P_A,"{""learning_rate"": 0.05, ""max_leaf_nodes"": 7}",True,17,17,0.6241806893132597,"{""learning_rate"": 0.05, ""max_leaf_nodes"": 7}","[""H"", ""D"", ""M"", ""P"", ""A""]",whole,1520,full,hgb::H_D_B_M_P_C_A_K,False,28,0.020632941366408974,2.71628024333187,"post hoc; fixed-model conditional local-shift approximation, not achieved power",0.03214923873273756,-0.03214923873273756,0.004537682829347297,0.023470994104803217,0.04109254901608082,0.0397151990253939,-0.04109254901608082,-0.023470994104803217,-0.0397151990253939,0.052782180099146536,0.04447485695259989,False,False,False,0.020632941366408974,0.012325618219862325,0.00746382405980732,0.007565960292656338,0.024451951586806877,0.01614462844026023,0.011282834280205222,0.02420727536753057,0.015899952220983917,0.011140294293777931
hgb|history_available|budget=26,hgb,history_available,26,True,H_D_M_P_A,hgb::H_D_M_P_A,hgb::H_D_M_P_A,H_D_M_P_A,"{""learning_rate"": 0.05, ""max_leaf_nodes"": 7}",True,17,17,0.6241806893132597,"{""learning_rate"": 0.05, ""max_leaf_nodes"": 7}","[""H"", ""D"", ""M"", ""P"", ""A""]",whole,1520,benchmark,P0,False,28,0.020632941366408974,2.71628024333187,"post hoc; fixed-model conditional local-shift approximation, not achieved power",0.042150812365923884,-0.042150812365923884,0.007760395438877564,0.026995791162411475,0.057804701529377917,0.054856754158574654,-0.057804701529377917,-0.026995791162411475,-0.054856754158574654,0.06278375373233286,0.06323022117698977,False,False,False,0.020632941366408974,0.021079408811065885,0.012764714584215424,0.012705941792650772,0.02716425494869073,0.027610722393347636,0.019296028166497173,0.02719509710508462,0.02764156454974153,0.01926809753132642
hgb|history_available|budget=27,hgb,history_available,27,True,H_D_M_P_A,hgb::H_D_M_P_A,hgb::H_D_M_P_A,H_D_M_P_A,"{""learning_rate"": 0.05, ""max_leaf_nodes"": 7}",True,17,17,0.6241806893132597,"{""learning_rate"": 0.05, ""max_leaf_nodes"": 7}","[""H"", ""D"", ""M"", ""P"", ""A""]",whole,1520,full,hgb::H_D_B_M_P_C_A_K,False,28,0.020632941366408974,2.71628024333187,"post hoc; fixed-model conditional local-shift approximation, not achieved power",0.03214923873273756,-0.03214923873273756,0.004537682829347297,0.023470994104803217,0.04109254901608082,0.0397151990253939,-0.04109254901608082,-0.023470994104803217,-0.0397151990253939,0.052782180099146536,0.04447485695259989,False,False,False,0.020632941366408974,0.012325618219862325,0.00746382405980732,0.007565960292656338,0.024451951586806877,0.01614462844026023,0.011282834280205222,0.02420727536753057,0.015899952220983917,0.011140294293777931
hgb|history_available|budget=27,hgb,history_available,27,True,H_D_M_P_A,hgb::H_D_M_P_A,hgb::H_D_M_P_A,H_D_M_P_A,"{""learning_rate"": 0.05, ""max_leaf_nodes"": 7}",True,17,17,0.6241806893132597,"{""learning_rate"": 0.05, ""max_leaf_nodes"": 7}","[""H"", ""D"", ""M"", ""P"", ""A""]",whole,1520,benchmark,P0,False,28,0.020632941366408974,2.71628024333187,"post hoc; fixed-model conditional local-shift approximation, not achieved power",0.042150812365923884,-0.042150812365923884,0.007760395438877564,0.026995791162411475,0.057804701529377917,0.054856754158574654,-0.057804701529377917,-0.026995791162411475,-0.054856754158574654,0.06278375373233286,0.06323022117698977,False,False,False,0.020632941366408974,0.021079408811065885,0.012764714584215424,0.012705941792650772,0.02716425494869073,0.027610722393347636,0.019296028166497173,0.02719509710508462,0.02764156454974153,0.01926809753132642
hgb|history_available|budget=28,hgb,history_available,28,True,H_D_M_P_C_K,hgb::H_D_M_P_C_K,hgb::H_D_M_P_C_K,H_D_M_P_C_K,"{""learning_rate"": 0.05, ""max_leaf_nodes"": 7}",True,28,28,0.6221157681523305,"{""learning_rate"": 0.05, ""max_leaf_nodes"": 7}","[""H"", ""D"", ""M"", ""P"", ""C"", ""K""]",whole,1520,full,hgb::H_D_B_M_P_C_A_K,False,28,0.020632941366408974,2.71628024333187,"post hoc; fixed-model conditional local-shift approximation, not achieved power",-0.010220548722622458,0.010220548722622458,0.0034729840236041778,-0.01709199773013027,-0.003349010081727828,-0.004476795772688858,0.003349010081727828,0.01709199773013027,0.004476795772688858,0.010412392643786517,-0.0007869508338992047,False,True,True,0.020632941366408974,0.009433597888723253,0.005712550367569849,0.0057437529499336,0.023555878464533747,0.012356534986848024,0.008635487465694619,0.023489657676900866,0.012290314199215144,0.008600469260425491
hgb|history_available|budget=28,hgb,history_available,28,True,H_D_M_P_C_K,hgb::H_D_M_P_C_K,hgb::H_D_M_P_C_K,H_D_M_P_C_K,"{""learning_rate"": 0.05, ""max_leaf_nodes"": 7}",True,28,28,0.6221157681523305,"{""learning_rate"": 0.05, ""max_leaf_nodes"": 7}","[""H"", ""D"", ""M"", ""P"", ""C"", ""K""]",whole,1520,benchmark,P0,False,28,0.020632941366408974,2.71628024333187,"post hoc; fixed-model conditional local-shift approximation, not achieved power",-0.0002189750894361353,0.0002189750894361353,0.006451912246232469,-0.013120240601296268,0.012008268023619222,0.010323438598133327,-0.012008268023619222,0.013120240601296268,-0.010323438598133327,0.02041396627697284,0.017306226676716066,False,False,False,0.020632941366408974,0.0175252017661522,0.010612451258988097,0.010542413687569462,0.02606300770998734,0.022955268109730566,0.016042517602566458,0.02620767075315912,0.023099931152902348,0.016117143074319606
hgb|history_available|budget=29,hgb,history_available,29,True,H_D_M_P_C_A_K,hgb::H_D_M_P_C_A_K,hgb::H_D_M_P_C_A_K,H_D_M_P_C_A_K,"{""learning_rate"": 0.05, ""max_leaf_nodes"": 7}",True,29,29,0.620817620210149,"{""learning_rate"": 0.05, ""max_leaf_nodes"": 7}","[""H"", ""D"", ""M"", ""P"", ""C"", ""A"", ""K""]",whole,1520,full,hgb::H_D_B_M_P_C_A_K,False,28,0.020632941366408974,2.71628024333187,"post hoc; fixed-model conditional local-shift approximation, not achieved power",0.009842315620027575,-0.009842315620027575,0.0023194643228419266,0.00545184955622093,0.014326943872859946,0.013621862180294653,-0.014326943872859946,-0.00545184955622093,-0.013621862180294653,0.03047525698643655,0.016142630735276234,False,False,False,0.020632941366408974,0.0063003151152486595,0.0038151793040110834,0.003779546560267077,0.02258505179102756,0.008252425539867245,0.00576728972862967,0.02250530103567877,0.008172674784518457,0.005651906229536874
hgb|history_available|budget=29,hgb,history_available,29,True,H_D_M_P_C_A_K,hgb::H_D_M_P_C_A_K,hgb::H_D_M_P_C_A_K,H_D_M_P_C_A_K,"{""learning_rate"": 0.05, ""max_leaf_nodes"": 7}",True,29,29,0.620817620210149,"{""learning_rate"": 0.05, ""max_leaf_nodes"": 7}","[""H"", ""D"", ""M"", ""P"", ""C"", ""A"", ""K""]",whole,1520,benchmark,P0,False,28,0.020632941366408974,2.71628024333187,"post hoc; fixed-model conditional local-shift approximation, not achieved power",0.019843889253213898,-0.019843889253213898,0.00711928875397107,0.00549827386099642,0.033620441517414064,0.031233290501916658,-0.033620441517414064,-0.00549827386099642,-0.031233290501916658,0.04047683061962287,0.039181872642200286,False,False,False,0.020632941366408974,0.019337983388986384,0.011710187928284143,0.01138940124870276,0.026624685949687883,0.025329727972265292,0.01770193251156305,0.026674070612771928,0.025379112635349338,0.017430530495065714
hgb|history_available|budget=30,hgb,history_available,30,True,H_D_M_P_C_A_K,hgb::H_D_M_P_C_A_K,hgb::H_D_M_P_C_A_K,H_D_M_P_C_A_K,"{""learning_rate"": 0.05, ""max_leaf_nodes"": 7}",True,29,29,0.620817620210149,"{""learning_rate"": 0.05, ""max_leaf_nodes"": 7}","[""H"", ""D"", ""M"", ""P"", ""C"", ""A"", ""K""]",whole,1520,full,hgb::H_D_B_M_P_C_A_K,False,28,0.020632941366408974,2.71628024333187,"post hoc; fixed-model conditional local-shift approximation, not achieved power",0.009842315620027575,-0.009842315620027575,0.0023194643228419266,0.00545184955622093,0.014326943872859946,0.013621862180294653,-0.014326943872859946,-0.00545184955622093,-0.013621862180294653,0.03047525698643655,0.016142630735276234,False,False,False,0.020632941366408974,0.0063003151152486595,0.0038151793040110834,0.003779546560267077,0.02258505179102756,0.008252425539867245,0.00576728972862967,0.02250530103567877,0.008172674784518457,0.005651906229536874
hgb|history_available|budget=30,hgb,history_available,30,True,H_D_M_P_C_A_K,hgb::H_D_M_P_C_A_K,hgb::H_D_M_P_C_A_K,H_D_M_P_C_A_K,"{""learning_rate"": 0.05, ""max_leaf_nodes"": 7}",True,29,29,0.620817620210149,"{""learning_rate"": 0.05, ""max_leaf_nodes"": 7}","[""H"", ""D"", ""M"", ""P"", ""C"", ""A"", ""K""]",whole,1520,benchmark,P0,False,28,0.020632941366408974,2.71628024333187,"post hoc; fixed-model conditional local-shift approximation, not achieved power",0.019843889253213898,-0.019843889253213898,0.00711928875397107,0.00549827386099642,0.033620441517414064,0.031233290501916658,-0.033620441517414064,-0.00549827386099642,-0.031233290501916658,0.04047683061962287,0.039181872642200286,False,False,False,0.020632941366408974,0.019337983388986384,0.011710187928284143,0.01138940124870276,0.026624685949687883,0.025329727972265292,0.01770193251156305,0.026674070612771928,0.025379112635349338,0.017430530495065714
hgb|history_available|budget=00,hgb,history_available,0,True,H,hgb::H,hgb::H,H,"{""learning_rate"": 0.05, ""max_leaf_nodes"": 3}",True,0,0,0.6620826133717034,"{""learning_rate"": 0.05, ""max_leaf_nodes"": 3}","[""H""]",disjoint,879,full,hgb::H_D_B_M_P_C_A_K,False,28,0.028367832931910263,2.7606178470648786,"post hoc; fixed-model conditional local-shift approximation, not achieved power",-0.029184866931170172,0.029184866931170172,0.00928691023709365,-0.04688324659283561,-0.00981253509095529,-0.013177145378166479,0.00981253509095529,0.04688324659283561,0.013177145378166479,-0.0008170339992599092,-0.0035472567865599235,True,True,True,0.028367832931910263,0.02563761014461025,0.015275607986656245,0.016007721553003694,0.03618389378173395,0.033453670994433936,0.023091668836479926,0.035662452548700915,0.0329322297614009,0.02330234116979435
hgb|history_available|budget=00,hgb,history_available,0,True,H,hgb::H,hgb::H,H,"{""learning_rate"": 0.05, ""max_leaf_nodes"": 3}",True,0,0,0.6620826133717034,"{""learning_rate"": 0.05, ""max_leaf_nodes"": 3}","[""H""]",disjoint,879,benchmark,P0,False,28,0.028367832931910263,2.7606178470648786,"post hoc; fixed-model conditional local-shift approximation, not achieved power",-1.921092013490444e-05,1.921092013490444e-05,2.688627641626557e-05,-7.248969564979113e-05,2.9704801953553402e-05,2.2506450050213674e-05,-2.9704801953553402e-05,7.248969564979113e-05,-2.2506450050213674e-05,0.02834862201177536,5.5011814380957844e-05,False,False,False,0.028367832931910263,7.422273451586229e-05,4.422398927851426e-05,4.1717370185118115e-05,0.028390460993033904,9.685079563950206e-05,6.685205040215404e-05,0.02839215161679375,9.85414193993465e-05,6.603605506860232e-05
hgb|history_available|budget=01,hgb,history_available,1,True,H_B,hgb::H_B,hgb::H_B,H_B,"{""learning_rate"": 0.05, ""max_leaf_nodes"": 3}",True,1,1,0.656149609502737,"{""learning_rate"": 0.05, ""max_leaf_nodes"": 3}","[""H"", ""B""]",disjoint,879,full,hgb::H_D_B_M_P_C_A_K,False,28,0.028367832931910263,2.7606178470648786,"post hoc; fixed-model conditional local-shift approximation, not achieved power",-0.03534089536035734,0.03534089536035734,0.009083792979335379,-0.0529929879978392,-0.0171725039982908,-0.02018632313805828,0.0171725039982908,0.0529929879978392,0.02018632313805828,-0.006973062428447075,-0.010264014342561446,True,True,True,0.028367832931910263,0.025076881017795892,0.014941509828536117,0.015154572222299061,0.03601294598469948,0.03272199407058511,0.022586622881325336,0.03532910041125509,0.03203814849714071,0.022115839701643884
hgb|history_available|budget=01,hgb,history_available,1,True,H_B,hgb::H_B,hgb::H_B,H_B,"{""learning_rate"": 0.05, ""max_leaf_nodes"": 3}",True,1,1,0.656149609502737,"{""learning_rate"": 0.05, ""max_leaf_nodes"": 3}","[""H"", ""B""]",disjoint,879,benchmark,P0,False,28,0.028367832931910263,2.7606178470648786,"post hoc; fixed-model conditional local-shift approximation, not achieved power",-0.00617523934932207,0.00617523934932207,0.0039900167978448075,-0.013984565951718504,0.0019801365783889482,0.00031963491893868736,-0.0019801365783889482,0.013984565951718504,-0.00031963491893868736,0.022192593582588193,0.004839672232896964,False,False,False,0.028367832931910263,0.011014911582219034,0.0065629936015323305,0.006494874268260758,0.03172591579128906,0.01437299444159783,0.009921076460911126,0.03179711930188213,0.014444197952190896,0.00992416063823262
hgb|history_available|budget=02,hgb,history_available,2,True,H_B_M,hgb::H_B_M,hgb::H_B_M,H_B_M,"{""learning_rate"": 0.05, ""max_leaf_nodes"": 3}",True,2,2,0.6526472365345142,"{""learning_rate"": 0.05, ""max_leaf_nodes"": 3}","[""H"", ""B"", ""M""]",disjoint,879,full,hgb::H_D_B_M_P_C_A_K,False,28,0.028367832931910263,2.7606178470648786,"post hoc; fixed-model conditional local-shift approximation, not achieved power",-0.028620165556805466,0.028620165556805466,0.009286695889028763,-0.04723942077871101,-0.009461388402362228,-0.01335143124992731,0.009461388402362228,0.04723942077871101,0.01335143124992731,-0.0002523326248952025,-0.0029831471452886234,True,True,True,0.028367832931910263,0.025637018411516842,0.015275255415464288,0.015268734306878156,0.03618371338185116,0.03345289886145774,0.023091135865405184,0.035655529256476026,0.032924714736082605,0.022556430631443917
hgb|history_available|budget=02,hgb,history_available,2,True,H_B_M,hgb::H_B_M,hgb::H_B_M,H_B_M,"{""learning_rate"": 0.05, ""max_leaf_nodes"": 3}",True,2,2,0.6526472365345142,"{""learning_rate"": 0.05, ""max_leaf_nodes"": 3}","[""H"", ""B"", ""M""]",disjoint,879,benchmark,P0,False,28,0.028367832931910263,2.7606178470648786,"post hoc; fixed-model conditional local-shift approximation, not achieved power",0.0005454904542298022,-0.0005454904542298022,0.004958002135278904,-0.009056646236773625,0.010525972528140805,0.008798633052962834,-0.010525972528140805,0.009056646236773625,-0.008798633052962834,0.028913323386140066,0.01423263963466652,False,False,False,0.028367832931910263,0.013687149180436719,0.008155187794646648,0.008253142598733032,0.03254059280506084,0.017859909053587295,0.012327947667797223,0.03261788806644824,0.017937204314974697,0.01250319773327101
hgb|history_available|budget=03,hgb,history_available,3,True,H_B_M_A,hgb::H_B_M_A,hgb::H_B_M_A,H_B_M_A,"{""learning_rate"": 0.05, ""max_leaf_nodes"": 7}",True,3,3,0.6499456254601639,"{""learning_rate"": 0.05, ""max_leaf_nodes"": 7}","[""H"", ""B"", ""M"", ""A""]",disjoint,879,full,hgb::H_D_B_M_P_C_A_K,False,28,0.028367832931910263,2.7606178470648786,"post hoc; fixed-model conditional local-shift approximation, not achieved power",0.04954388063453441,-0.04954388063453441,0.014518371552420566,0.022984652714670237,0.07785877269743079,0.07381067278083417,-0.07785877269743079,-0.022984652714670237,-0.07381067278083417,0.07791171356644468,0.08962355625246565,False,False,False,0.028367832931910263,0.04007967561793124,0.023880596105428045,0.024266792146299756,0.04058680270732837,0.052298645393349344,0.036099565880846146,0.03992793983097386,0.051639782516994845,0.035826899045363354
hgb|history_available|budget=03,hgb,history_available,3,True,H_B_M_A,hgb::H_B_M_A,hgb::H_B_M_A,H_B_M_A,"{""learning_rate"": 0.05, ""max_leaf_nodes"": 7}",True,3,3,0.6499456254601639,"{""learning_rate"": 0.05, ""max_leaf_nodes"": 7}","[""H"", ""B"", ""M"", ""A""]",disjoint,879,benchmark,P0,False,28,0.028367832931910263,2.7606178470648786,"post hoc; fixed-model conditional local-shift approximation, not achieved power",0.07870953664556968,-0.07870953664556968,0.014944146719124002,0.049572986136500664,0.10875122632788431,0.10306916164764934,-0.10875122632788431,-0.049572986136500664,-0.10306916164764934,0.10707736957747994,0.11996461478753945,False,False,False,0.028367832931910263,0.04125507814196977,0.024580933932646057,0.02435962500207966,0.040945144128354025,0.053832389338413535,0.037158245129089815,0.0405434248449141,0.05343067005497361,0.03653521691508349
hgb|history_available|budget=04,hgb,history_available,4,True,H_D,hgb::H_D,hgb::H_D,H_D,"{""learning_rate"": 0.05, ""max_leaf_nodes"": 7}",True,4,4,0.6440872421067338,"{""learning_rate"": 0.05, ""max_leaf_nodes"": 7}","[""H"", ""D""]",disjoint,879,full,hgb::H_D_B_M_P_C_A_K,False,28,0.028367832931910263,2.7606178470648786,"post hoc; fixed-model conditional local-shift approximation, not achieved power",0.0003998852095341565,-0.0003998852095341565,0.006744982033376437,-0.012280262502549016,0.01406498298915231,0.01221765492754781,-0.01406498298915231,0.012280262502549016,-0.01221765492754781,0.02876771814144442,0.019020202989005103,False,False,False,0.028367832931910263,0.018620317779470947,0.011094508161321749,0.011817769718013654,0.03404455303126768,0.024297037878828368,0.01677122826067917,0.03384188869821668,0.024094373545777367,0.017291825484320074
hgb|history_available|budget=04,hgb,history_available,4,True,H_D,hgb::H_D,hgb::H_D,H_D,"{""learning_rate"": 0.05, ""max_leaf_nodes"": 7}",True,4,4,0.6440872421067338,"{""learning_rate"": 0.05, ""max_leaf_nodes"": 7}","[""H"", ""D""]",disjoint,879,benchmark,P0,False,28,0.028367832931910263,2.7606178470648786,"post hoc; fixed-model conditional local-shift approximation, not achieved power",0.029565541220569425,-0.029565541220569425,0.008396550083967058,0.01240031247212356,0.045776572227559736,0.043200838806247005,-0.045776572227559736,-0.01240031247212356,-0.043200838806247005,0.05793337415247969,0.05274520723614299,False,False,False,0.028367832931910263,0.023179666015573565,0.013811095859492905,0.013635297585677579,0.035434547771335374,0.03024638085499868,0.020877810698918014,0.03543688269678845,0.030248715780451754,0.02070434735055577
hgb|history_available|budget=05,hgb,history_available,5,True,H_D_M,hgb::H_D_M,hgb::H_D_M,H_D_M,"{""learning_rate"": 0.05, ""max_leaf_nodes"": 7}",True,5,5,0.6378678578039242,"{""learning_rate"": 0.05, ""max_leaf_nodes"": 7}","[""H"", ""D"", ""M""]",disjoint,879,full,hgb::H_D_B_M_P_C_A_K,False,28,0.028367832931910263,2.7606178470648786,"post hoc; fixed-model conditional local-shift approximation, not achieved power",-0.005388127564804779,0.005388127564804779,0.0067983646148666995,-0.018332144863384005,0.008596650197085767,0.006301454749251511,-0.008596650197085767,0.018332144863384005,-0.006301454749251511,0.022979705367105484,0.013379559121850581,False,False,False,0.028367832931910263,0.01876768668665536,0.011182314694102038,0.01168958231405629,0.03408948094535283,0.024489334700097922,0.0169039627075446,0.03386380047459795,0.024263654229343047,0.017185549856743976
hgb|history_available|budget=05,hgb,history_available,5,True,H_D_M,hgb::H_D_M,hgb::H_D_M,H_D_M,"{""learning_rate"": 0.05, ""max_leaf_nodes"": 7}",True,5,5,0.6378678578039242,"{""learning_rate"": 0.05, ""max_leaf_nodes"": 7}","[""H"", ""D"", ""M""]",disjoint,879,benchmark,P0,False,28,0.028367832931910263,2.7606178470648786,"post hoc; fixed-model conditional local-shift approximation, not achieved power",0.02377752844623049,-0.02377752844623049,0.008349860193296381,0.0063115373796788915,0.039759217595591784,0.03695179221575708,-0.039759217595591784,-0.0063115373796788915,-0.03695179221575708,0.052145361378140756,0.04682830151634108,False,False,False,0.028367832931910263,0.023050773070110588,0.013734297823481274,0.013174263769526594,0.035395252567953735,0.03007819270615406,0.020761717459524744,0.03549720989749729,0.030180150035697607,0.020303640735113614
hgb|history_available|budget=06,hgb,history_available,6,True,H_D_M_A,hgb::H_D_M_A,hgb::H_D_M_A,H_D_M_A,"{""learning_rate"": 0.05, ""max_leaf_nodes"": 7}",True,6,6,0.6353580028168152,"{""learning_rate"": 0.05, ""max_leaf_nodes"": 7}","[""H"", ""D"", ""M"", ""A""]",disjoint,879,full,hgb::H_D_B_M_P_C_A_K,False,28,0.028367832931910263,2.7606178470648786,"post hoc; fixed-model conditional local-shift approximation, not achieved power",0.04597736178232237,-0.04597736178232237,0.008992236071774457,0.028237474175913657,0.06395823794806693,0.06067310574468583,-0.06395823794806693,-0.028237474175913657,-0.06067310574468583,0.07434519471423263,0.07080148916708351,False,False,False,0.028367832931910263,0.02482412738476114,0.014790912117062073,0.01469574396236346,0.03593588974721594,0.032392184200066815,0.02235896893236775,0.035302925517700326,0.0317592199705512,0.02163083654815352
hgb|history_available|budget=06,hgb,history_available,6,True,H_D_M_A,hgb::H_D_M_A,hgb::H_D_M_A,H_D_M_A,"{""learning_rate"": 0.05, ""max_leaf_nodes"": 7}",True,6,6,0.6353580028168152,"{""learning_rate"": 0.05, ""max_leaf_nodes"": 7}","[""H"", ""D"", ""M"", ""A""]",disjoint,879,benchmark,P0,False,28,0.028367832931910263,2.7606178470648786,"post hoc; fixed-model conditional local-shift approximation, not achieved power",0.07514301779335764,-0.07514301779335764,0.011943395875923307,0.05095892885833831,0.09832025235752027,0.0940898161782887,-0.09832025235752027,-0.05095892885833831,-0.0940898161782887,0.1035108507252679,0.10811416960299258,False,False,False,0.028367832931910263,0.032971151809634947,0.019645138024629707,0.018946798384931057,0.038419648502054496,0.04302296737977918,0.029696953594773933,0.037965003851702574,0.04256832272942725,0.028543969304723367
hgb|history_available|budget=07,hgb,history_available,7,True,H_D_M_C_A,hgb::H_D_M_C_A,hgb::H_D_M_C_A,H_D_M_C_A,"{""learning_rate"": 0.05, ""max_leaf_nodes"": 7}",True,7,7,0.6332706689577972,"{""learning_rate"": 0.05, ""max_leaf_nodes"": 7}","[""H"", ""D"", ""M"", ""C"", ""A""]",disjoint,879,full,hgb::H_D_B_M_P_C_A_K,False,28,0.028367832931910263,2.7606178470648786,"post hoc; fixed-model conditional local-shift approximation, not achieved power",0.04144446313603467,-0.04144446313603467,0.008747237847718838,0.02515655263385525,0.05827710448789479,0.056174608854991245,-0.05827710448789479,-0.02515655263385525,-0.056174608854991245,0.06981229606794494,0.06559224405096867,False,False,False,0.028367832931910263,0.024147780914934,0.01438792589962752,0.014730145718956575,0.03572969403966308,0.03150964202268681,0.02174978700738033,0.03543282251657905,0.03121277049960279,0.021795135303625365
hgb|history_available|budget=07,hgb,history_available,7,True,H_D_M_C_A,hgb::H_D_M_C_A,hgb::H_D_M_C_A,H_D_M_C_A,"{""learning_rate"": 0.05, ""max_leaf_nodes"": 7}",True,7,7,0.6332706689577972,"{""learning_rate"": 0.05, ""max_leaf_nodes"": 7}","[""H"", ""D"", ""M"", ""C"", ""A""]",disjoint,879,benchmark,P0,False,28,0.028367832931910263,2.7606178470648786,"post hoc; fixed-model conditional local-shift approximation, not achieved power",0.07061011914706994,-0.07061011914706994,0.011572982525424904,0.0467675695846962,0.09317749797775622,0.0889726681382399,-0.09317749797775622,-0.0467675695846962,-0.0889726681382399,0.0989779520789802,0.1025587012505279,False,False,False,0.028367832931910263,0.03194858210345796,0.01903586228159116,0.018362548991169958,0.038107900761076154,0.04168864993262385,0.028775930110757048,0.03774540741237585,0.04132615658392355,0.02774012347163555
hgb|history_available|budget=08,hgb,history_available,8,True,H_D_B_M_C_A,hgb::H_D_B_M_C_A,hgb::H_D_B_M_C_A,H_D_B_M_C_A,"{""learning_rate"": 0.05, ""max_leaf_nodes"": 7}",True,8,8,0.6314904390595096,"{""learning_rate"": 0.05, ""max_leaf_nodes"": 7}","[""H"", ""D"", ""B"", ""M"", ""C"", ""A""]",disjoint,879,full,hgb::H_D_B_M_P_C_A_K,False,28,0.028367832931910263,2.7606178470648786,"post hoc; fixed-model conditional local-shift approximation, not achieved power",0.029358507470656714,-0.029358507470656714,0.007911176645928204,0.013872716121248251,0.04450447366733357,0.04250130892271974,-0.04450447366733357,-0.013872716121248251,-0.04250130892271974,0.05772634040256698,0.05119824291068898,False,False,False,0.028367832931910263,0.021839735440032267,0.01301272759950879,0.013142801452063028,0.03502604717966959,0.028497949687791593,0.019670941847268114,0.034593133035172696,0.0280650355432947,0.01936810155532546
hgb|history_available|budget=08,hgb,history_available,8,True,H_D_B_M_C_A,hgb::H_D_B_M_C_A,hgb::H_D_B_M_C_A,H_D_B_M_C_A,"{""learning_rate"": 0.05, ""max_leaf_nodes"": 7}",True,8,8,0.6314904390595096,"{""learning_rate"": 0.05, ""max_leaf_nodes"": 7}","[""H"", ""D"", ""B"", ""M"", ""C"", ""A""]",disjoint,879,benchmark,P0,False,28,0.028367832931910263,2.7606178470648786,"post hoc; fixed-model conditional local-shift approximation, not achieved power",0.05852416348169198,-0.05852416348169198,0.011289407901410238,0.03579389514389607,0.08000350264432567,0.0761333946987663,-0.08000350264432567,-0.03579389514389607,-0.0761333946987663,0.08689199641360225,0.08968990441712034,False,False,False,0.028367832931910263,0.03116574093542836,0.018569423532769237,0.017609231217074323,0.037869238336202954,0.04066714633972105,0.028070828937061924,0.03768789936366609,0.040485807367184184,0.026929297648830147
hgb|history_available|budget=09,hgb,history_available,9,True,H_D_B_M_C_A,hgb::H_D_B_M_C_A,hgb::H_D_B_M_C_A,H_D_B_M_C_A,"{""learning_rate"": 0.05, ""max_leaf_nodes"": 7}",True,8,8,0.6314904390595096,"{""learning_rate"": 0.05, ""max_leaf_nodes"": 7}","[""H"", ""D"", ""B"", ""M"", ""C"", ""A""]",disjoint,879,full,hgb::H_D_B_M_P_C_A_K,False,28,0.028367832931910263,2.7606178470648786,"post hoc; fixed-model conditional local-shift approximation, not achieved power",0.029358507470656714,-0.029358507470656714,0.007911176645928204,0.013872716121248251,0.04450447366733357,0.04250130892271974,-0.04450447366733357,-0.013872716121248251,-0.04250130892271974,0.05772634040256698,0.05119824291068898,False,False,False,0.028367832931910263,0.021839735440032267,0.01301272759950879,0.013142801452063028,0.03502604717966959,0.028497949687791593,0.019670941847268114,0.034593133035172696,0.0280650355432947,0.01936810155532546
hgb|history_available|budget=09,hgb,history_available,9,True,H_D_B_M_C_A,hgb::H_D_B_M_C_A,hgb::H_D_B_M_C_A,H_D_B_M_C_A,"{""learning_rate"": 0.05, ""max_leaf_nodes"": 7}",True,8,8,0.6314904390595096,"{""learning_rate"": 0.05, ""max_leaf_nodes"": 7}","[""H"", ""D"", ""B"", ""M"", ""C"", ""A""]",disjoint,879,benchmark,P0,False,28,0.028367832931910263,2.7606178470648786,"post hoc; fixed-model conditional local-shift approximation, not achieved power",0.05852416348169198,-0.05852416348169198,0.011289407901410238,0.03579389514389607,0.08000350264432567,0.0761333946987663,-0.08000350264432567,-0.03579389514389607,-0.0761333946987663,0.08689199641360225,0.08968990441712034,False,False,False,0.028367832931910263,0.03116574093542836,0.018569423532769237,0.017609231217074323,0.037869238336202954,0.04066714633972105,0.028070828937061924,0.03768789936366609,0.040485807367184184,0.026929297648830147
hgb|history_available|budget=10,hgb,history_available,10,True,H_D_B_M_C_A,hgb::H_D_B_M_C_A,hgb::H_D_B_M_C_A,H_D_B_M_C_A,"{""learning_rate"": 0.05, ""max_leaf_nodes"": 7}",True,8,8,0.6314904390595096,"{""learning_rate"": 0.05, ""max_leaf_nodes"": 7}","[""H"", ""D"", ""B"", ""M"", ""C"", ""A""]",disjoint,879,full,hgb::H_D_B_M_P_C_A_K,False,28,0.028367832931910263,2.7606178470648786,"post hoc; fixed-model conditional local-shift approximation, not achieved power",0.029358507470656714,-0.029358507470656714,0.007911176645928204,0.013872716121248251,0.04450447366733357,0.04250130892271974,-0.04450447366733357,-0.013872716121248251,-0.04250130892271974,0.05772634040256698,0.05119824291068898,False,False,False,0.028367832931910263,0.021839735440032267,0.01301272759950879,0.013142801452063028,0.03502604717966959,0.028497949687791593,0.019670941847268114,0.034593133035172696,0.0280650355432947,0.01936810155532546
hgb|history_available|budget=10,hgb,history_available,10,True,H_D_B_M_C_A,hgb::H_D_B_M_C_A,hgb::H_D_B_M_C_A,H_D_B_M_C_A,"{""learning_rate"": 0.05, ""max_leaf_nodes"": 7}",True,8,8,0.6314904390595096,"{""learning_rate"": 0.05, ""max_leaf_nodes"": 7}","[""H"", ""D"", ""B"", ""M"", ""C"", ""A""]",disjoint,879,benchmark,P0,False,28,0.028367832931910263,2.7606178470648786,"post hoc; fixed-model conditional local-shift approximation, not achieved power",0.05852416348169198,-0.05852416348169198,0.011289407901410238,0.03579389514389607,0.08000350264432567,0.0761333946987663,-0.08000350264432567,-0.03579389514389607,-0.0761333946987663,0.08689199641360225,0.08968990441712034,False,False,False,0.028367832931910263,0.03116574093542836,0.018569423532769237,0.017609231217074323,0.037869238336202954,0.04066714633972105,0.028070828937061924,0.03768789936366609,0.040485807367184184,0.026929297648830147
hgb|history_available|budget=11,hgb,history_available,11,True,H_D_B_M_C_A,hgb::H_D_B_M_C_A,hgb::H_D_B_M_C_A,H_D_B_M_C_A,"{""learning_rate"": 0.05, ""max_leaf_nodes"": 7}",True,8,8,0.6314904390595096,"{""learning_rate"": 0.05, ""max_leaf_nodes"": 7}","[""H"", ""D"", ""B"", ""M"", ""C"", ""A""]",disjoint,879,full,hgb::H_D_B_M_P_C_A_K,False,28,0.028367832931910263,2.7606178470648786,"post hoc; fixed-model conditional local-shift approximation, not achieved power",0.029358507470656714,-0.029358507470656714,0.007911176645928204,0.013872716121248251,0.04450447366733357,0.04250130892271974,-0.04450447366733357,-0.013872716121248251,-0.04250130892271974,0.05772634040256698,0.05119824291068898,False,False,False,0.028367832931910263,0.021839735440032267,0.01301272759950879,0.013142801452063028,0.03502604717966959,0.028497949687791593,0.019670941847268114,0.034593133035172696,0.0280650355432947,0.01936810155532546
hgb|history_available|budget=11,hgb,history_available,11,True,H_D_B_M_C_A,hgb::H_D_B_M_C_A,hgb::H_D_B_M_C_A,H_D_B_M_C_A,"{""learning_rate"": 0.05, ""max_leaf_nodes"": 7}",True,8,8,0.6314904390595096,"{""learning_rate"": 0.05, ""max_leaf_nodes"": 7}","[""H"", ""D"", ""B"", ""M"", ""C"", ""A""]",disjoint,879,benchmark,P0,False,28,0.028367832931910263,2.7606178470648786,"post hoc; fixed-model conditional local-shift approximation, not achieved power",0.05852416348169198,-0.05852416348169198,0.011289407901410238,0.03579389514389607,0.08000350264432567,0.0761333946987663,-0.08000350264432567,-0.03579389514389607,-0.0761333946987663,0.08689199641360225,0.08968990441712034,False,False,False,0.028367832931910263,0.03116574093542836,0.018569423532769237,0.017609231217074323,0.037869238336202954,0.04066714633972105,0.028070828937061924,0.03768789936366609,0.040485807367184184,0.026929297648830147
hgb|history_available|budget=12,hgb,history_available,12,True,H_D_B_M_C_A,hgb::H_D_B_M_C_A,hgb::H_D_B_M_C_A,H_D_B_M_C_A,"{""learning_rate"": 0.05, ""max_leaf_nodes"": 7}",True,8,8,0.6314904390595096,"{""learning_rate"": 0.05, ""max_leaf_nodes"": 7}","[""H"", ""D"", ""B"", ""M"", ""C"", ""A""]",disjoint,879,full,hgb::H_D_B_M_P_C_A_K,False,28,0.028367832931910263,2.7606178470648786,"post hoc; fixed-model conditional local-shift approximation, not achieved power",0.029358507470656714,-0.029358507470656714,0.007911176645928204,0.013872716121248251,0.04450447366733357,0.04250130892271974,-0.04450447366733357,-0.013872716121248251,-0.04250130892271974,0.05772634040256698,0.05119824291068898,False,False,False,0.028367832931910263,0.021839735440032267,0.01301272759950879,0.013142801452063028,0.03502604717966959,0.028497949687791593,0.019670941847268114,0.034593133035172696,0.0280650355432947,0.01936810155532546
hgb|history_available|budget=12,hgb,history_available,12,True,H_D_B_M_C_A,hgb::H_D_B_M_C_A,hgb::H_D_B_M_C_A,H_D_B_M_C_A,"{""learning_rate"": 0.05, ""max_leaf_nodes"": 7}",True,8,8,0.6314904390595096,"{""learning_rate"": 0.05, ""max_leaf_nodes"": 7}","[""H"", ""D"", ""B"", ""M"", ""C"", ""A""]",disjoint,879,benchmark,P0,False,28,0.028367832931910263,2.7606178470648786,"post hoc; fixed-model conditional local-shift approximation, not achieved power",0.05852416348169198,-0.05852416348169198,0.011289407901410238,0.03579389514389607,0.08000350264432567,0.0761333946987663,-0.08000350264432567,-0.03579389514389607,-0.0761333946987663,0.08689199641360225,0.08968990441712034,False,False,False,0.028367832931910263,0.03116574093542836,0.018569423532769237,0.017609231217074323,0.037869238336202954,0.04066714633972105,0.028070828937061924,0.03768789936366609,0.040485807367184184,0.026929297648830147
hgb|history_available|budget=13,hgb,history_available,13,True,H_D_B_M_C_A,hgb::H_D_B_M_C_A,hgb::H_D_B_M_C_A,H_D_B_M_C_A,"{""learning_rate"": 0.05, ""max_leaf_nodes"": 7}",True,8,8,0.6314904390595096,"{""learning_rate"": 0.05, ""max_leaf_nodes"": 7}","[""H"", ""D"", ""B"", ""M"", ""C"", ""A""]",disjoint,879,full,hgb::H_D_B_M_P_C_A_K,False,28,0.028367832931910263,2.7606178470648786,"post hoc; fixed-model conditional local-shift approximation, not achieved power",0.029358507470656714,-0.029358507470656714,0.007911176645928204,0.013872716121248251,0.04450447366733357,0.04250130892271974,-0.04450447366733357,-0.013872716121248251,-0.04250130892271974,0.05772634040256698,0.05119824291068898,False,False,False,0.028367832931910263,0.021839735440032267,0.01301272759950879,0.013142801452063028,0.03502604717966959,0.028497949687791593,0.019670941847268114,0.034593133035172696,0.0280650355432947,0.01936810155532546
hgb|history_available|budget=13,hgb,history_available,13,True,H_D_B_M_C_A,hgb::H_D_B_M_C_A,hgb::H_D_B_M_C_A,H_D_B_M_C_A,"{""learning_rate"": 0.05, ""max_leaf_nodes"": 7}",True,8,8,0.6314904390595096,"{""learning_rate"": 0.05, ""max_leaf_nodes"": 7}","[""H"", ""D"", ""B"", ""M"", ""C"", ""A""]",disjoint,879,benchmark,P0,False,28,0.028367832931910263,2.7606178470648786,"post hoc; fixed-model conditional local-shift approximation, not achieved power",0.05852416348169198,-0.05852416348169198,0.011289407901410238,0.03579389514389607,0.08000350264432567,0.0761333946987663,-0.08000350264432567,-0.03579389514389607,-0.0761333946987663,0.08689199641360225,0.08968990441712034,False,False,False,0.028367832931910263,0.03116574093542836,0.018569423532769237,0.017609231217074323,0.037869238336202954,0.04066714633972105,0.028070828937061924,0.03768789936366609,0.040485807367184184,0.026929297648830147
hgb|history_available|budget=14,hgb,history_available,14,True,H_D_B_M_C_A,hgb::H_D_B_M_C_A,hgb::H_D_B_M_C_A,H_D_B_M_C_A,"{""learning_rate"": 0.05, ""max_leaf_nodes"": 7}",True,8,8,0.6314904390595096,"{""learning_rate"": 0.05, ""max_leaf_nodes"": 7}","[""H"", ""D"", ""B"", ""M"", ""C"", ""A""]",disjoint,879,full,hgb::H_D_B_M_P_C_A_K,False,28,0.028367832931910263,2.7606178470648786,"post hoc; fixed-model conditional local-shift approximation, not achieved power",0.029358507470656714,-0.029358507470656714,0.007911176645928204,0.013872716121248251,0.04450447366733357,0.04250130892271974,-0.04450447366733357,-0.013872716121248251,-0.04250130892271974,0.05772634040256698,0.05119824291068898,False,False,False,0.028367832931910263,0.021839735440032267,0.01301272759950879,0.013142801452063028,0.03502604717966959,0.028497949687791593,0.019670941847268114,0.034593133035172696,0.0280650355432947,0.01936810155532546
hgb|history_available|budget=14,hgb,history_available,14,True,H_D_B_M_C_A,hgb::H_D_B_M_C_A,hgb::H_D_B_M_C_A,H_D_B_M_C_A,"{""learning_rate"": 0.05, ""max_leaf_nodes"": 7}",True,8,8,0.6314904390595096,"{""learning_rate"": 0.05, ""max_leaf_nodes"": 7}","[""H"", ""D"", ""B"", ""M"", ""C"", ""A""]",disjoint,879,benchmark,P0,False,28,0.028367832931910263,2.7606178470648786,"post hoc; fixed-model conditional local-shift approximation, not achieved power",0.05852416348169198,-0.05852416348169198,0.011289407901410238,0.03579389514389607,0.08000350264432567,0.0761333946987663,-0.08000350264432567,-0.03579389514389607,-0.0761333946987663,0.08689199641360225,0.08968990441712034,False,False,False,0.028367832931910263,0.03116574093542836,0.018569423532769237,0.017609231217074323,0.037869238336202954,0.04066714633972105,0.028070828937061924,0.03768789936366609,0.040485807367184184,0.026929297648830147
hgb|history_available|budget=15,hgb,history_available,15,True,H_D_P,hgb::H_D_P,hgb::H_D_P,H_D_P,"{""learning_rate"": 0.05, ""max_leaf_nodes"": 7}",True,15,15,0.6284341422186445,"{""learning_rate"": 0.05, ""max_leaf_nodes"": 7}","[""H"", ""D"", ""P""]",disjoint,879,full,hgb::H_D_B_M_P_C_A_K,False,28,0.028367832931910263,2.7606178470648786,"post hoc; fixed-model conditional local-shift approximation, not achieved power",0.006064240230603146,-0.006064240230603146,0.005588751300542746,-0.004412093944795864,0.017494442093762875,0.015495094937886904,-0.017494442093762875,0.004412093944795864,-0.015495094937886904,0.03443207316251341,0.021492646813688503,False,False,False,0.028367832931910263,0.015428406583085356,0.009192677846827493,0.009430854707283758,0.03307144469560528,0.020132018346780373,0.013896289610522508,0.03303213094763659,0.020092704598811677,0.014095152723010079
hgb|history_available|budget=15,hgb,history_available,15,True,H_D_P,hgb::H_D_P,hgb::H_D_P,H_D_P,"{""learning_rate"": 0.05, ""max_leaf_nodes"": 7}",True,15,15,0.6284341422186445,"{""learning_rate"": 0.05, ""max_leaf_nodes"": 7}","[""H"", ""D"", ""P""]",disjoint,879,benchmark,P0,False,28,0.028367832931910263,2.7606178470648786,"post hoc; fixed-model conditional local-shift approximation, not achieved power",0.035229896241638414,-0.035229896241638414,0.008939939958733776,0.017595272896113536,0.05236006648247869,0.04954578343640633,-0.05236006648247869,-0.017595272896113536,-0.04954578343640633,0.06359772917354868,0.059909654043407326,False,False,False,0.028367832931910263,0.024679757801768915,0.014704892665851645,0.014315887194767916,0.03589187622804757,0.03220380109790622,0.022228935961988952,0.036077263219695496,0.03238918808955415,0.022025317482553153
hgb|history_available|budget=16,hgb,history_available,16,True,H_D_M_P,hgb::H_D_M_P,hgb::H_D_M_P,H_D_M_P,"{""learning_rate"": 0.05, ""max_leaf_nodes"": 7}",True,16,16,0.6263444622412933,"{""learning_rate"": 0.05, ""max_leaf_nodes"": 7}","[""H"", ""D"", ""M"", ""P""]",disjoint,879,full,hgb::H_D_B_M_P_C_A_K,False,28,0.028367832931910263,2.7606178470648786,"post hoc; fixed-model conditional local-shift approximation, not achieved power",-0.002127702015809474,0.002127702015809474,0.005650730069119605,-0.012804207994378832,0.008766996746370553,0.007476816074727681,-0.008766996746370553,0.012804207994378832,-0.007476816074727681,0.02624013091610079,0.013471804261948262,False,False,False,0.028367832931910263,0.015599506277757736,0.009294623849115126,0.009604518090537155,0.033123607343270266,0.020355280689117735,0.014050398260475125,0.03312655552531728,0.02035822887116475,0.014363240683944171
hgb|history_available|budget=16,hgb,history_available,16,True,H_D_M_P,hgb::H_D_M_P,hgb::H_D_M_P,H_D_M_P,"{""learning_rate"": 0.05, ""max_leaf_nodes"": 7}",True,16,16,0.6263444622412933,"{""learning_rate"": 0.05, ""max_leaf_nodes"": 7}","[""H"", ""D"", ""M"", ""P""]",disjoint,879,benchmark,P0,False,28,0.028367832931910263,2.7606178470648786,"post hoc; fixed-model conditional local-shift approximation, not achieved power",0.027037953995225794,-0.027037953995225794,0.008782388746497354,0.00952017111560682,0.04341543959744746,0.040732864763221445,-0.04341543959744746,-0.00952017111560682,-0.040732864763221445,0.05540578692713606,0.051282773108668134,False,False,False,0.028367832931910263,0.024244819113442343,0.014445743982973967,0.013694910767995653,0.035759277782454246,0.031636263963986326,0.021837188833517946,0.036015713494379056,0.03189269967591113,0.02134279133046444
hgb|history_available|budget=17,hgb,history_available,17,True,H_D_M_P_A,hgb::H_D_M_P_A,hgb::H_D_M_P_A,H_D_M_P_A,"{""learning_rate"": 0.05, ""max_leaf_nodes"": 7}",True,17,17,0.6241806893132597,"{""learning_rate"": 0.05, ""max_leaf_nodes"": 7}","[""H"", ""D"", ""M"", ""P"", ""A""]",disjoint,879,full,hgb::H_D_B_M_P_C_A_K,False,28,0.028367832931910263,2.7606178470648786,"post hoc; fixed-model conditional local-shift approximation, not achieved power",0.034729524438006365,-0.034729524438006365,0.006397723178568862,0.02238546408652384,0.04738985996537259,0.0454776084500489,-0.04738985996537259,-0.02238546408652384,-0.0454776084500489,0.06309735736991663,0.052391193225344204,False,False,False,0.028367832931910263,0.017661668787337843,0.010523318174500494,0.01074808401204253,0.03375229260551542,0.023046128460942995,0.015907777848105646,0.033471929778187595,0.02276576563361517,0.01585218085831986
hgb|history_available|budget=17,hgb,history_available,17,True,H_D_M_P_A,hgb::H_D_M_P_A,hgb::H_D_M_P_A,H_D_M_P_A,"{""learning_rate"": 0.05, ""max_leaf_nodes"": 7}",True,17,17,0.6241806893132597,"{""learning_rate"": 0.05, ""max_leaf_nodes"": 7}","[""H"", ""D"", ""M"", ""P"", ""A""]",disjoint,879,benchmark,P0,False,28,0.028367832931910263,2.7606178470648786,"post hoc; fixed-model conditional local-shift approximation, not achieved power",0.06389518044904163,-0.06389518044904163,0.010688821694976553,0.04292621988257585,0.08525278972911876,0.0814278565991191,-0.08525278972911876,-0.04292621988257585,-0.0814278565991191,0.0922630133809519,0.09340293238428818,False,False,False,0.028367832931910263,0.02950775193524654,0.017581547132819765,0.017532676150077465,0.03736377223227736,0.03850369123561363,0.02657748643318686,0.03738770276687721,0.03852762177021348,0.02655254598504441
hgb|history_available|budget=18,hgb,history_available,18,True,H_D_M_P_A,hgb::H_D_M_P_A,hgb::H_D_M_P_A,H_D_M_P_A,"{""learning_rate"": 0.05, ""max_leaf_nodes"": 7}",True,17,17,0.6241806893132597,"{""learning_rate"": 0.05, ""max_leaf_nodes"": 7}","[""H"", ""D"", ""M"", ""P"", ""A""]",disjoint,879,full,hgb::H_D_B_M_P_C_A_K,False,28,0.028367832931910263,2.7606178470648786,"post hoc; fixed-model conditional local-shift approximation, not achieved power",0.034729524438006365,-0.034729524438006365,0.006397723178568862,0.02238546408652384,0.04738985996537259,0.0454776084500489,-0.04738985996537259,-0.02238546408652384,-0.0454776084500489,0.06309735736991663,0.052391193225344204,False,False,False,0.028367832931910263,0.017661668787337843,0.010523318174500494,0.01074808401204253,0.03375229260551542,0.023046128460942995,0.015907777848105646,0.033471929778187595,0.02276576563361517,0.01585218085831986
hgb|history_available|budget=18,hgb,history_available,18,True,H_D_M_P_A,hgb::H_D_M_P_A,hgb::H_D_M_P_A,H_D_M_P_A,"{""learning_rate"": 0.05, ""max_leaf_nodes"": 7}",True,17,17,0.6241806893132597,"{""learning_rate"": 0.05, ""max_leaf_nodes"": 7}","[""H"", ""D"", ""M"", ""P"", ""A""]",disjoint,879,benchmark,P0,False,28,0.028367832931910263,2.7606178470648786,"post hoc; fixed-model conditional local-shift approximation, not achieved power",0.06389518044904163,-0.06389518044904163,0.010688821694976553,0.04292621988257585,0.08525278972911876,0.0814278565991191,-0.08525278972911876,-0.04292621988257585,-0.0814278565991191,0.0922630133809519,0.09340293238428818,False,False,False,0.028367832931910263,0.02950775193524654,0.017581547132819765,0.017532676150077465,0.03736377223227736,0.03850369123561363,0.02657748643318686,0.03738770276687721,0.03852762177021348,0.02655254598504441
hgb|history_available|budget=19,hgb,history_available,19,True,H_D_M_P_A,hgb::H_D_M_P_A,hgb::H_D_M_P_A,H_D_M_P_A,"{""learning_rate"": 0.05, ""max_leaf_nodes"": 7}",True,17,17,0.6241806893132597,"{""learning_rate"": 0.05, ""max_leaf_nodes"": 7}","[""H"", ""D"", ""M"", ""P"", ""A""]",disjoint,879,full,hgb::H_D_B_M_P_C_A_K,False,28,0.028367832931910263,2.7606178470648786,"post hoc; fixed-model conditional local-shift approximation, not achieved power",0.034729524438006365,-0.034729524438006365,0.006397723178568862,0.02238546408652384,0.04738985996537259,0.0454776084500489,-0.04738985996537259,-0.02238546408652384,-0.0454776084500489,0.06309735736991663,0.052391193225344204,False,False,False,0.028367832931910263,0.017661668787337843,0.010523318174500494,0.01074808401204253,0.03375229260551542,0.023046128460942995,0.015907777848105646,0.033471929778187595,0.02276576563361517,0.01585218085831986
hgb|history_available|budget=19,hgb,history_available,19,True,H_D_M_P_A,hgb::H_D_M_P_A,hgb::H_D_M_P_A,H_D_M_P_A,"{""learning_rate"": 0.05, ""max_leaf_nodes"": 7}",True,17,17,0.6241806893132597,"{""learning_rate"": 0.05, ""max_leaf_nodes"": 7}","[""H"", ""D"", ""M"", ""P"", ""A""]",disjoint,879,benchmark,P0,False,28,0.028367832931910263,2.7606178470648786,"post hoc; fixed-model conditional local-shift approximation, not achieved power",0.06389518044904163,-0.06389518044904163,0.010688821694976553,0.04292621988257585,0.08525278972911876,0.0814278565991191,-0.08525278972911876,-0.04292621988257585,-0.0814278565991191,0.0922630133809519,0.09340293238428818,False,False,False,0.028367832931910263,0.02950775193524654,0.017581547132819765,0.017532676150077465,0.03736377223227736,0.03850369123561363,0.02657748643318686,0.03738770276687721,0.03852762177021348,0.02655254598504441
hgb|history_available|budget=20,hgb,history_available,20,True,H_D_M_P_A,hgb::H_D_M_P_A,hgb::H_D_M_P_A,H_D_M_P_A,"{""learning_rate"": 0.05, ""max_leaf_nodes"": 7}",True,17,17,0.6241806893132597,"{""learning_rate"": 0.05, ""max_leaf_nodes"": 7}","[""H"", ""D"", ""M"", ""P"", ""A""]",disjoint,879,full,hgb::H_D_B_M_P_C_A_K,False,28,0.028367832931910263,2.7606178470648786,"post hoc; fixed-model conditional local-shift approximation, not achieved power",0.034729524438006365,-0.034729524438006365,0.006397723178568862,0.02238546408652384,0.04738985996537259,0.0454776084500489,-0.04738985996537259,-0.02238546408652384,-0.0454776084500489,0.06309735736991663,0.052391193225344204,False,False,False,0.028367832931910263,0.017661668787337843,0.010523318174500494,0.01074808401204253,0.03375229260551542,0.023046128460942995,0.015907777848105646,0.033471929778187595,0.02276576563361517,0.01585218085831986
hgb|history_available|budget=20,hgb,history_available,20,True,H_D_M_P_A,hgb::H_D_M_P_A,hgb::H_D_M_P_A,H_D_M_P_A,"{""learning_rate"": 0.05, ""max_leaf_nodes"": 7}",True,17,17,0.6241806893132597,"{""learning_rate"": 0.05, ""max_leaf_nodes"": 7}","[""H"", ""D"", ""M"", ""P"", ""A""]",disjoint,879,benchmark,P0,False,28,0.028367832931910263,2.7606178470648786,"post hoc; fixed-model conditional local-shift approximation, not achieved power",0.06389518044904163,-0.06389518044904163,0.010688821694976553,0.04292621988257585,0.08525278972911876,0.0814278565991191,-0.08525278972911876,-0.04292621988257585,-0.0814278565991191,0.0922630133809519,0.09340293238428818,False,False,False,0.028367832931910263,0.02950775193524654,0.017581547132819765,0.017532676150077465,0.03736377223227736,0.03850369123561363,0.02657748643318686,0.03738770276687721,0.03852762177021348,0.02655254598504441
hgb|history_available|budget=21,hgb,history_available,21,True,H_D_M_P_A,hgb::H_D_M_P_A,hgb::H_D_M_P_A,H_D_M_P_A,"{""learning_rate"": 0.05, ""max_leaf_nodes"": 7}",True,17,17,0.6241806893132597,"{""learning_rate"": 0.05, ""max_leaf_nodes"": 7}","[""H"", ""D"", ""M"", ""P"", ""A""]",disjoint,879,full,hgb::H_D_B_M_P_C_A_K,False,28,0.028367832931910263,2.7606178470648786,"post hoc; fixed-model conditional local-shift approximation, not achieved power",0.034729524438006365,-0.034729524438006365,0.006397723178568862,0.02238546408652384,0.04738985996537259,0.0454776084500489,-0.04738985996537259,-0.02238546408652384,-0.0454776084500489,0.06309735736991663,0.052391193225344204,False,False,False,0.028367832931910263,0.017661668787337843,0.010523318174500494,0.01074808401204253,0.03375229260551542,0.023046128460942995,0.015907777848105646,0.033471929778187595,0.02276576563361517,0.01585218085831986
hgb|history_available|budget=21,hgb,history_available,21,True,H_D_M_P_A,hgb::H_D_M_P_A,hgb::H_D_M_P_A,H_D_M_P_A,"{""learning_rate"": 0.05, ""max_leaf_nodes"": 7}",True,17,17,0.6241806893132597,"{""learning_rate"": 0.05, ""max_leaf_nodes"": 7}","[""H"", ""D"", ""M"", ""P"", ""A""]",disjoint,879,benchmark,P0,False,28,0.028367832931910263,2.7606178470648786,"post hoc; fixed-model conditional local-shift approximation, not achieved power",0.06389518044904163,-0.06389518044904163,0.010688821694976553,0.04292621988257585,0.08525278972911876,0.0814278565991191,-0.08525278972911876,-0.04292621988257585,-0.0814278565991191,0.0922630133809519,0.09340293238428818,False,False,False,0.028367832931910263,0.02950775193524654,0.017581547132819765,0.017532676150077465,0.03736377223227736,0.03850369123561363,0.02657748643318686,0.03738770276687721,0.03852762177021348,0.02655254598504441
hgb|history_available|budget=22,hgb,history_available,22,True,H_D_M_P_A,hgb::H_D_M_P_A,hgb::H_D_M_P_A,H_D_M_P_A,"{""learning_rate"": 0.05, ""max_leaf_nodes"": 7}",True,17,17,0.6241806893132597,"{""learning_rate"": 0.05, ""max_leaf_nodes"": 7}","[""H"", ""D"", ""M"", ""P"", ""A""]",disjoint,879,full,hgb::H_D_B_M_P_C_A_K,False,28,0.028367832931910263,2.7606178470648786,"post hoc; fixed-model conditional local-shift approximation, not achieved power",0.034729524438006365,-0.034729524438006365,0.006397723178568862,0.02238546408652384,0.04738985996537259,0.0454776084500489,-0.04738985996537259,-0.02238546408652384,-0.0454776084500489,0.06309735736991663,0.052391193225344204,False,False,False,0.028367832931910263,0.017661668787337843,0.010523318174500494,0.01074808401204253,0.03375229260551542,0.023046128460942995,0.015907777848105646,0.033471929778187595,0.02276576563361517,0.01585218085831986
hgb|history_available|budget=22,hgb,history_available,22,True,H_D_M_P_A,hgb::H_D_M_P_A,hgb::H_D_M_P_A,H_D_M_P_A,"{""learning_rate"": 0.05, ""max_leaf_nodes"": 7}",True,17,17,0.6241806893132597,"{""learning_rate"": 0.05, ""max_leaf_nodes"": 7}","[""H"", ""D"", ""M"", ""P"", ""A""]",disjoint,879,benchmark,P0,False,28,0.028367832931910263,2.7606178470648786,"post hoc; fixed-model conditional local-shift approximation, not achieved power",0.06389518044904163,-0.06389518044904163,0.010688821694976553,0.04292621988257585,0.08525278972911876,0.0814278565991191,-0.08525278972911876,-0.04292621988257585,-0.0814278565991191,0.0922630133809519,0.09340293238428818,False,False,False,0.028367832931910263,0.02950775193524654,0.017581547132819765,0.017532676150077465,0.03736377223227736,0.03850369123561363,0.02657748643318686,0.03738770276687721,0.03852762177021348,0.02655254598504441
hgb|history_available|budget=23,hgb,history_available,23,True,H_D_M_P_A,hgb::H_D_M_P_A,hgb::H_D_M_P_A,H_D_M_P_A,"{""learning_rate"": 0.05, ""max_leaf_nodes"": 7}",True,17,17,0.6241806893132597,"{""learning_rate"": 0.05, ""max_leaf_nodes"": 7}","[""H"", ""D"", ""M"", ""P"", ""A""]",disjoint,879,full,hgb::H_D_B_M_P_C_A_K,False,28,0.028367832931910263,2.7606178470648786,"post hoc; fixed-model conditional local-shift approximation, not achieved power",0.034729524438006365,-0.034729524438006365,0.006397723178568862,0.02238546408652384,0.04738985996537259,0.0454776084500489,-0.04738985996537259,-0.02238546408652384,-0.0454776084500489,0.06309735736991663,0.052391193225344204,False,False,False,0.028367832931910263,0.017661668787337843,0.010523318174500494,0.01074808401204253,0.03375229260551542,0.023046128460942995,0.015907777848105646,0.033471929778187595,0.02276576563361517,0.01585218085831986
hgb|history_available|budget=23,hgb,history_available,23,True,H_D_M_P_A,hgb::H_D_M_P_A,hgb::H_D_M_P_A,H_D_M_P_A,"{""learning_rate"": 0.05, ""max_leaf_nodes"": 7}",True,17,17,0.6241806893132597,"{""learning_rate"": 0.05, ""max_leaf_nodes"": 7}","[""H"", ""D"", ""M"", ""P"", ""A""]",disjoint,879,benchmark,P0,False,28,0.028367832931910263,2.7606178470648786,"post hoc; fixed-model conditional local-shift approximation, not achieved power",0.06389518044904163,-0.06389518044904163,0.010688821694976553,0.04292621988257585,0.08525278972911876,0.0814278565991191,-0.08525278972911876,-0.04292621988257585,-0.0814278565991191,0.0922630133809519,0.09340293238428818,False,False,False,0.028367832931910263,0.02950775193524654,0.017581547132819765,0.017532676150077465,0.03736377223227736,0.03850369123561363,0.02657748643318686,0.03738770276687721,0.03852762177021348,0.02655254598504441
hgb|history_available|budget=24,hgb,history_available,24,True,H_D_M_P_A,hgb::H_D_M_P_A,hgb::H_D_M_P_A,H_D_M_P_A,"{""learning_rate"": 0.05, ""max_leaf_nodes"": 7}",True,17,17,0.6241806893132597,"{""learning_rate"": 0.05, ""max_leaf_nodes"": 7}","[""H"", ""D"", ""M"", ""P"", ""A""]",disjoint,879,full,hgb::H_D_B_M_P_C_A_K,False,28,0.028367832931910263,2.7606178470648786,"post hoc; fixed-model conditional local-shift approximation, not achieved power",0.034729524438006365,-0.034729524438006365,0.006397723178568862,0.02238546408652384,0.04738985996537259,0.0454776084500489,-0.04738985996537259,-0.02238546408652384,-0.0454776084500489,0.06309735736991663,0.052391193225344204,False,False,False,0.028367832931910263,0.017661668787337843,0.010523318174500494,0.01074808401204253,0.03375229260551542,0.023046128460942995,0.015907777848105646,0.033471929778187595,0.02276576563361517,0.01585218085831986
hgb|history_available|budget=24,hgb,history_available,24,True,H_D_M_P_A,hgb::H_D_M_P_A,hgb::H_D_M_P_A,H_D_M_P_A,"{""learning_rate"": 0.05, ""max_leaf_nodes"": 7}",True,17,17,0.6241806893132597,"{""learning_rate"": 0.05, ""max_leaf_nodes"": 7}","[""H"", ""D"", ""M"", ""P"", ""A""]",disjoint,879,benchmark,P0,False,28,0.028367832931910263,2.7606178470648786,"post hoc; fixed-model conditional local-shift approximation, not achieved power",0.06389518044904163,-0.06389518044904163,0.010688821694976553,0.04292621988257585,0.08525278972911876,0.0814278565991191,-0.08525278972911876,-0.04292621988257585,-0.0814278565991191,0.0922630133809519,0.09340293238428818,False,False,False,0.028367832931910263,0.02950775193524654,0.017581547132819765,0.017532676150077465,0.03736377223227736,0.03850369123561363,0.02657748643318686,0.03738770276687721,0.03852762177021348,0.02655254598504441
hgb|history_available|budget=25,hgb,history_available,25,True,H_D_M_P_A,hgb::H_D_M_P_A,hgb::H_D_M_P_A,H_D_M_P_A,"{""learning_rate"": 0.05, ""max_leaf_nodes"": 7}",True,17,17,0.6241806893132597,"{""learning_rate"": 0.05, ""max_leaf_nodes"": 7}","[""H"", ""D"", ""M"", ""P"", ""A""]",disjoint,879,full,hgb::H_D_B_M_P_C_A_K,False,28,0.028367832931910263,2.7606178470648786,"post hoc; fixed-model conditional local-shift approximation, not achieved power",0.034729524438006365,-0.034729524438006365,0.006397723178568862,0.02238546408652384,0.04738985996537259,0.0454776084500489,-0.04738985996537259,-0.02238546408652384,-0.0454776084500489,0.06309735736991663,0.052391193225344204,False,False,False,0.028367832931910263,0.017661668787337843,0.010523318174500494,0.01074808401204253,0.03375229260551542,0.023046128460942995,0.015907777848105646,0.033471929778187595,0.02276576563361517,0.01585218085831986
hgb|history_available|budget=25,hgb,history_available,25,True,H_D_M_P_A,hgb::H_D_M_P_A,hgb::H_D_M_P_A,H_D_M_P_A,"{""learning_rate"": 0.05, ""max_leaf_nodes"": 7}",True,17,17,0.6241806893132597,"{""learning_rate"": 0.05, ""max_leaf_nodes"": 7}","[""H"", ""D"", ""M"", ""P"", ""A""]",disjoint,879,benchmark,P0,False,28,0.028367832931910263,2.7606178470648786,"post hoc; fixed-model conditional local-shift approximation, not achieved power",0.06389518044904163,-0.06389518044904163,0.010688821694976553,0.04292621988257585,0.08525278972911876,0.0814278565991191,-0.08525278972911876,-0.04292621988257585,-0.0814278565991191,0.0922630133809519,0.09340293238428818,False,False,False,0.028367832931910263,0.02950775193524654,0.017581547132819765,0.017532676150077465,0.03736377223227736,0.03850369123561363,0.02657748643318686,0.03738770276687721,0.03852762177021348,0.02655254598504441
hgb|history_available|budget=26,hgb,history_available,26,True,H_D_M_P_A,hgb::H_D_M_P_A,hgb::H_D_M_P_A,H_D_M_P_A,"{""learning_rate"": 0.05, ""max_leaf_nodes"": 7}",True,17,17,0.6241806893132597,"{""learning_rate"": 0.05, ""max_leaf_nodes"": 7}","[""H"", ""D"", ""M"", ""P"", ""A""]",disjoint,879,full,hgb::H_D_B_M_P_C_A_K,False,28,0.028367832931910263,2.7606178470648786,"post hoc; fixed-model conditional local-shift approximation, not achieved power",0.034729524438006365,-0.034729524438006365,0.006397723178568862,0.02238546408652384,0.04738985996537259,0.0454776084500489,-0.04738985996537259,-0.02238546408652384,-0.0454776084500489,0.06309735736991663,0.052391193225344204,False,False,False,0.028367832931910263,0.017661668787337843,0.010523318174500494,0.01074808401204253,0.03375229260551542,0.023046128460942995,0.015907777848105646,0.033471929778187595,0.02276576563361517,0.01585218085831986
hgb|history_available|budget=26,hgb,history_available,26,True,H_D_M_P_A,hgb::H_D_M_P_A,hgb::H_D_M_P_A,H_D_M_P_A,"{""learning_rate"": 0.05, ""max_leaf_nodes"": 7}",True,17,17,0.6241806893132597,"{""learning_rate"": 0.05, ""max_leaf_nodes"": 7}","[""H"", ""D"", ""M"", ""P"", ""A""]",disjoint,879,benchmark,P0,False,28,0.028367832931910263,2.7606178470648786,"post hoc; fixed-model conditional local-shift approximation, not achieved power",0.06389518044904163,-0.06389518044904163,0.010688821694976553,0.04292621988257585,0.08525278972911876,0.0814278565991191,-0.08525278972911876,-0.04292621988257585,-0.0814278565991191,0.0922630133809519,0.09340293238428818,False,False,False,0.028367832931910263,0.02950775193524654,0.017581547132819765,0.017532676150077465,0.03736377223227736,0.03850369123561363,0.02657748643318686,0.03738770276687721,0.03852762177021348,0.02655254598504441
hgb|history_available|budget=27,hgb,history_available,27,True,H_D_M_P_A,hgb::H_D_M_P_A,hgb::H_D_M_P_A,H_D_M_P_A,"{""learning_rate"": 0.05, ""max_leaf_nodes"": 7}",True,17,17,0.6241806893132597,"{""learning_rate"": 0.05, ""max_leaf_nodes"": 7}","[""H"", ""D"", ""M"", ""P"", ""A""]",disjoint,879,full,hgb::H_D_B_M_P_C_A_K,False,28,0.028367832931910263,2.7606178470648786,"post hoc; fixed-model conditional local-shift approximation, not achieved power",0.034729524438006365,-0.034729524438006365,0.006397723178568862,0.02238546408652384,0.04738985996537259,0.0454776084500489,-0.04738985996537259,-0.02238546408652384,-0.0454776084500489,0.06309735736991663,0.052391193225344204,False,False,False,0.028367832931910263,0.017661668787337843,0.010523318174500494,0.01074808401204253,0.03375229260551542,0.023046128460942995,0.015907777848105646,0.033471929778187595,0.02276576563361517,0.01585218085831986
hgb|history_available|budget=27,hgb,history_available,27,True,H_D_M_P_A,hgb::H_D_M_P_A,hgb::H_D_M_P_A,H_D_M_P_A,"{""learning_rate"": 0.05, ""max_leaf_nodes"": 7}",True,17,17,0.6241806893132597,"{""learning_rate"": 0.05, ""max_leaf_nodes"": 7}","[""H"", ""D"", ""M"", ""P"", ""A""]",disjoint,879,benchmark,P0,False,28,0.028367832931910263,2.7606178470648786,"post hoc; fixed-model conditional local-shift approximation, not achieved power",0.06389518044904163,-0.06389518044904163,0.010688821694976553,0.04292621988257585,0.08525278972911876,0.0814278565991191,-0.08525278972911876,-0.04292621988257585,-0.0814278565991191,0.0922630133809519,0.09340293238428818,False,False,False,0.028367832931910263,0.02950775193524654,0.017581547132819765,0.017532676150077465,0.03736377223227736,0.03850369123561363,0.02657748643318686,0.03738770276687721,0.03852762177021348,0.02655254598504441
hgb|history_available|budget=28,hgb,history_available,28,True,H_D_M_P_C_K,hgb::H_D_M_P_C_K,hgb::H_D_M_P_C_K,H_D_M_P_C_K,"{""learning_rate"": 0.05, ""max_leaf_nodes"": 7}",True,28,28,0.6221157681523305,"{""learning_rate"": 0.05, ""max_leaf_nodes"": 7}","[""H"", ""D"", ""M"", ""P"", ""C"", ""K""]",disjoint,879,full,hgb::H_D_B_M_P_C_A_K,False,28,0.028367832931910263,2.7606178470648786,"post hoc; fixed-model conditional local-shift approximation, not achieved power",-0.015501621491165518,0.015501621491165518,0.0044998128600014144,-0.02443536907334664,-0.006494763665668757,-0.008213947757638142,0.006494763665668757,0.02443536907334664,0.008213947757638142,0.012866211440744745,-0.0030793578013935605,False,True,True,0.028367832931910263,0.012422263689771958,0.007401533503376204,0.007287673733527377,0.032154970981991916,0.016209401739853614,0.011188671553457857,0.03221067652288302,0.016265107280744713,0.011130517324500131
hgb|history_available|budget=28,hgb,history_available,28,True,H_D_M_P_C_K,hgb::H_D_M_P_C_K,hgb::H_D_M_P_C_K,H_D_M_P_C_K,"{""learning_rate"": 0.05, ""max_leaf_nodes"": 7}",True,28,28,0.6221157681523305,"{""learning_rate"": 0.05, ""max_leaf_nodes"": 7}","[""H"", ""D"", ""M"", ""P"", ""C"", ""K""]",disjoint,879,benchmark,P0,False,28,0.028367832931910263,2.7606178470648786,"post hoc; fixed-model conditional local-shift approximation, not achieved power",0.01366403451986975,-0.01366403451986975,0.008831276820934045,-0.004283621837068905,0.03029021225337698,0.0278132538453138,-0.03029021225337698,0.004283621837068905,-0.0278132538453138,0.04203186745178002,0.03804381492411066,False,False,False,0.028367832931910263,0.02437978040424091,0.014526157709525832,0.01414921932544405,0.03580042302396866,0.03181237049629931,0.021958747801584227,0.03603187761163505,0.0320438250839657,0.02181326400516884
hgb|history_available|budget=29,hgb,history_available,29,True,H_D_M_P_C_A_K,hgb::H_D_M_P_C_A_K,hgb::H_D_M_P_C_A_K,H_D_M_P_C_A_K,"{""learning_rate"": 0.05, ""max_leaf_nodes"": 7}",True,29,29,0.620817620210149,"{""learning_rate"": 0.05, ""max_leaf_nodes"": 7}","[""H"", ""D"", ""M"", ""P"", ""C"", ""A"", ""K""]",disjoint,879,full,hgb::H_D_B_M_P_C_A_K,False,28,0.028367832931910263,2.7606178470648786,"post hoc; fixed-model conditional local-shift approximation, not achieved power",0.011555966617881053,-0.011555966617881053,0.0031168797275205763,0.005265469458160135,0.01764527286082966,0.016797223898382813,-0.01764527286082966,-0.005265469458160135,-0.016797223898382813,0.03992379954979132,0.02016048042082907,False,False,False,0.028367832931910263,0.008604513802948018,0.005126810924583736,0.00524125728050176,0.03099106509308454,0.011227745964122295,0.007750043085758012,0.03080133307005616,0.011038013941093914,0.0076747574186476555
hgb|history_available|budget=29,hgb,history_available,29,True,H_D_M_P_C_A_K,hgb::H_D_M_P_C_A_K,hgb::H_D_M_P_C_A_K,H_D_M_P_C_A_K,"{""learning_rate"": 0.05, ""max_leaf_nodes"": 7}",True,29,29,0.620817620210149,"{""learning_rate"": 0.05, ""max_leaf_nodes"": 7}","[""H"", ""D"", ""M"", ""P"", ""C"", ""A"", ""K""]",disjoint,879,benchmark,P0,False,28,0.028367832931910263,2.7606178470648786,"post hoc; fixed-model conditional local-shift approximation, not achieved power",0.04072162262891632,-0.04072162262891632,0.009570572352229901,0.02160174391375768,0.059477752716414006,0.056257469860022655,-0.059477752716414006,-0.02160174391375768,-0.056257469860022655,0.06908945556082659,0.06714231547110788,False,False,False,0.028367832931910263,0.02642069284219156,0.015742190645566836,0.01553584723110633,0.03642262984099282,0.03447548975127412,0.02379698755464939,0.03626635132133314,0.03431921123161444,0.023434365620529213
hgb|history_available|budget=30,hgb,history_available,30,True,H_D_M_P_C_A_K,hgb::H_D_M_P_C_A_K,hgb::H_D_M_P_C_A_K,H_D_M_P_C_A_K,"{""learning_rate"": 0.05, ""max_leaf_nodes"": 7}",True,29,29,0.620817620210149,"{""learning_rate"": 0.05, ""max_leaf_nodes"": 7}","[""H"", ""D"", ""M"", ""P"", ""C"", ""A"", ""K""]",disjoint,879,full,hgb::H_D_B_M_P_C_A_K,False,28,0.028367832931910263,2.7606178470648786,"post hoc; fixed-model conditional local-shift approximation, not achieved power",0.011555966617881053,-0.011555966617881053,0.0031168797275205763,0.005265469458160135,0.01764527286082966,0.016797223898382813,-0.01764527286082966,-0.005265469458160135,-0.016797223898382813,0.03992379954979132,0.02016048042082907,False,False,False,0.028367832931910263,0.008604513802948018,0.005126810924583736,0.00524125728050176,0.03099106509308454,0.011227745964122295,0.007750043085758012,0.03080133307005616,0.011038013941093914,0.0076747574186476555
hgb|history_available|budget=30,hgb,history_available,30,True,H_D_M_P_C_A_K,hgb::H_D_M_P_C_A_K,hgb::H_D_M_P_C_A_K,H_D_M_P_C_A_K,"{""learning_rate"": 0.05, ""max_leaf_nodes"": 7}",True,29,29,0.620817620210149,"{""learning_rate"": 0.05, ""max_leaf_nodes"": 7}","[""H"", ""D"", ""M"", ""P"", ""C"", ""A"", ""K""]",disjoint,879,benchmark,P0,False,28,0.028367832931910263,2.7606178470648786,"post hoc; fixed-model conditional local-shift approximation, not achieved power",0.04072162262891632,-0.04072162262891632,0.009570572352229901,0.02160174391375768,0.059477752716414006,0.056257469860022655,-0.059477752716414006,-0.02160174391375768,-0.056257469860022655,0.06908945556082659,0.06714231547110788,False,False,False,0.028367832931910263,0.02642069284219156,0.015742190645566836,0.01553584723110633,0.03642262984099282,0.03447548975127412,0.02379698755464939,0.03626635132133314,0.03431921123161444,0.023434365620529213
