target,domain,policy_id,algorithm,availability,budget,selected_subset,source_model,uses_history,selected_additional_items,development_oof_log_loss,n,events,event_rate,log_loss,brier,roc_auc,average_precision,calibration_intercept,calibration_slope,family_unique_contrasts,joint_critical_value,delta_vs_baseline,joint_upper95_vs_baseline,paired_low95_vs_baseline,paired_high95_vs_baseline,bootstrap_se_vs_baseline,delta_vs_full,joint_upper95_vs_full,paired_low95_vs_full,paired_high95_vs_full,bootstrap_se_vs_full,joint_superior_to_baseline
regular,whole,ridge|history_available|budget=00,ridge,history_available,0,H,ridge::H,True,0,0.48355918053918057,1520,292,0.19210526315789472,0.4827939309794042,0.15326811034329604,0.5738867074204632,0.21911605562212993,1.2314294434680577,1.881723819217758,20,0.01915132117092789,0.0012562852011747672,0.020407606372102656,-0.00022304753317950316,0.0027406978072000623,0.0007552828828044041,-0.032525154412425095,-0.013373833241497206,-0.05072033385288396,-0.014334028255031677,0.00928151175735755,False
regular,whole,ridge|history_available|budget=01,ridge,history_available,1,H_B,ridge::H_B,True,1,0.4771882951878859,1520,292,0.19210526315789472,0.48540546165457293,0.15434768766366336,0.5570883160055331,0.21633556944954166,-0.5096487973657828,0.6500311813886118,20,0.01915132117092789,0.0038678158763450488,0.023019137047272938,-0.002000368692702584,0.009883044886813588,0.003049116499065969,-0.029913623737254813,-0.010762302566326924,-0.04741538814732033,-0.012706837305879215,0.008858458981208734,False
regular,whole,ridge|history_available|budget=02,ridge,history_available,2,H_B_A,ridge::H_B_A,True,2,0.47522173215114283,1520,292,0.19210526315789472,0.49182670187362476,0.1572204374518605,0.5573950850029004,0.21260279409199495,-0.8221103276381989,0.45479540909226174,20,0.01915132117092789,0.010289056095403704,0.029440377266331592,0.003049454430412102,0.017810156134752907,0.0037322128844611345,-0.023492383518196158,-0.004341062347268269,-0.03949860084872156,-0.007958694441690855,0.007977253372359142,False
regular,whole,ridge|history_available|budget=03,ridge,history_available,3,H_B_M_A,ridge::H_B_M_A,True,3,0.47359281684148996,1520,292,0.19210526315789472,0.4889501668480414,0.15620309304281627,0.5825473539779572,0.22925121611368782,-0.7246245620554761,0.5357193083011287,20,0.01915132117092789,0.007412521069814382,0.02656384224074227,-0.001017851606070294,0.016155632810996173,0.004518581673142336,-0.02636891854378548,-0.007217597372857591,-0.042430970674706546,-0.010170779724793173,0.00815578382609762,False
regular,whole,ridge|history_available|budget=04,ridge,history_available,4,H_D,ridge::H_D,True,4,0.4535315605074981,1520,292,0.19210526315789472,0.5216494267708528,0.1679243992498971,0.5529901610816117,0.2111968004683381,-1.1443375373431461,0.204249863470177,20,0.01915132117092789,0.04011178099262819,0.059263102163556076,0.025772204086354358,0.054618944539311334,0.007570058284195489,0.006330341379028326,0.025481662549956215,-0.004632656741341303,0.017138406096013102,0.0055685835172471975,False
regular,whole,ridge|history_available|budget=05,ridge,history_available,5,H_D_B,ridge::H_D_B,True,5,0.4506049781553576,1520,292,0.19210526315789472,0.5212622738927994,0.16787661990189004,0.5583251528267369,0.21400637985200235,-1.1129200422720338,0.22500123805535374,20,0.01915132117092789,0.03972462811457461,0.0588759492855025,0.02486445274887615,0.05527745601066985,0.007829661451656048,0.00594318850097475,0.02509450967190264,-0.003976585020257377,0.015943074006399587,0.005101889781838911,False
regular,whole,ridge|history_available|budget=06,ridge,history_available,6,H_D_B_A,ridge::H_D_B_A,True,6,0.44869545671346145,1520,292,0.19210526315789472,0.5391653219194957,0.17664453071228856,0.5558472959707287,0.20486901898747256,-1.1969131425441806,0.17620166878017576,20,0.01915132117092789,0.0576276761412699,0.07677899731219778,0.04100487905464163,0.07479384917538873,0.008851379668187827,0.02384623652767004,0.04299755769859793,0.01589067670627315,0.03161588468481541,0.00401991445821975,False
regular,whole,ridge|history_available|budget=07,ridge,history_available,7,H_D_B_A,ridge::H_D_B_A,True,6,0.44869545671346145,1520,292,0.19210526315789472,0.5391653219194957,0.17664453071228856,0.5558472959707287,0.20486901898747256,-1.1969131425441806,0.17620166878017576,20,0.01915132117092789,0.0576276761412699,0.07677899731219778,0.04100487905464163,0.07479384917538873,0.008851379668187827,0.02384623652767004,0.04299755769859793,0.01589067670627315,0.03161588468481541,0.00401991445821975,False
regular,whole,ridge|history_available|budget=08,ridge,history_available,8,H_D_B_A,ridge::H_D_B_A,True,6,0.44869545671346145,1520,292,0.19210526315789472,0.5391653219194957,0.17664453071228856,0.5558472959707287,0.20486901898747256,-1.1969131425441806,0.17620166878017576,20,0.01915132117092789,0.0576276761412699,0.07677899731219778,0.04100487905464163,0.07479384917538873,0.008851379668187827,0.02384623652767004,0.04299755769859793,0.01589067670627315,0.03161588468481541,0.00401991445821975,False
regular,whole,ridge|history_available|budget=09,ridge,history_available,9,H_D_B_A,ridge::H_D_B_A,True,6,0.44869545671346145,1520,292,0.19210526315789472,0.5391653219194957,0.17664453071228856,0.5558472959707287,0.20486901898747256,-1.1969131425441806,0.17620166878017576,20,0.01915132117092789,0.0576276761412699,0.07677899731219778,0.04100487905464163,0.07479384917538873,0.008851379668187827,0.02384623652767004,0.04299755769859793,0.01589067670627315,0.03161588468481541,0.00401991445821975,False
regular,whole,ridge|history_available|budget=10,ridge,history_available,10,H_D_B_A,ridge::H_D_B_A,True,6,0.44869545671346145,1520,292,0.19210526315789472,0.5391653219194957,0.17664453071228856,0.5558472959707287,0.20486901898747256,-1.1969131425441806,0.17620166878017576,20,0.01915132117092789,0.0576276761412699,0.07677899731219778,0.04100487905464163,0.07479384917538873,0.008851379668187827,0.02384623652767004,0.04299755769859793,0.01589067670627315,0.03161588468481541,0.00401991445821975,False
regular,whole,ridge|history_available|budget=11,ridge,history_available,11,H_D_B_A,ridge::H_D_B_A,True,6,0.44869545671346145,1520,292,0.19210526315789472,0.5391653219194957,0.17664453071228856,0.5558472959707287,0.20486901898747256,-1.1969131425441806,0.17620166878017576,20,0.01915132117092789,0.0576276761412699,0.07677899731219778,0.04100487905464163,0.07479384917538873,0.008851379668187827,0.02384623652767004,0.04299755769859793,0.01589067670627315,0.03161588468481541,0.00401991445821975,False
regular,whole,ridge|history_available|budget=12,ridge,history_available,12,H_D_B_A,ridge::H_D_B_A,True,6,0.44869545671346145,1520,292,0.19210526315789472,0.5391653219194957,0.17664453071228856,0.5558472959707287,0.20486901898747256,-1.1969131425441806,0.17620166878017576,20,0.01915132117092789,0.0576276761412699,0.07677899731219778,0.04100487905464163,0.07479384917538873,0.008851379668187827,0.02384623652767004,0.04299755769859793,0.01589067670627315,0.03161588468481541,0.00401991445821975,False
regular,whole,ridge|history_available|budget=13,ridge,history_available,13,H_D_B_A,ridge::H_D_B_A,True,6,0.44869545671346145,1520,292,0.19210526315789472,0.5391653219194957,0.17664453071228856,0.5558472959707287,0.20486901898747256,-1.1969131425441806,0.17620166878017576,20,0.01915132117092789,0.0576276761412699,0.07677899731219778,0.04100487905464163,0.07479384917538873,0.008851379668187827,0.02384623652767004,0.04299755769859793,0.01589067670627315,0.03161588468481541,0.00401991445821975,False
regular,whole,ridge|history_available|budget=14,ridge,history_available,14,H_D_B_A,ridge::H_D_B_A,True,6,0.44869545671346145,1520,292,0.19210526315789472,0.5391653219194957,0.17664453071228856,0.5558472959707287,0.20486901898747256,-1.1969131425441806,0.17620166878017576,20,0.01915132117092789,0.0576276761412699,0.07677899731219778,0.04100487905464163,0.07479384917538873,0.008851379668187827,0.02384623652767004,0.04299755769859793,0.01589067670627315,0.03161588468481541,0.00401991445821975,False
regular,whole,ridge|history_available|budget=15,ridge,history_available,15,H_D_K,ridge::H_D_K,True,15,0.44673349185890315,1520,292,0.19210526315789472,0.49836311782088283,0.15946344330225054,0.6152098857703806,0.24639053572656783,-0.8319097455258825,0.40544678868690726,20,0.01915132117092789,0.016825472042658385,0.035976793213586274,0.001057042071101562,0.03290449906096479,0.007994026763397367,-0.016955967570941477,0.002195353599986412,-0.024932915813329733,-0.008901253826985719,0.004066407164887442,False
regular,whole,ridge|history_available|budget=16,ridge,history_available,16,H_D_A_K,ridge::H_D_A_K,True,16,0.44461576392117635,1520,292,0.19210526315789472,0.5138016499604694,0.16618450149349964,0.6051673843201999,0.23297226494737588,-0.9744092230436223,0.3269164572376527,20,0.01915132117092789,0.032264004182244344,0.05141532535317223,0.014703446271085756,0.05076015624277579,0.00902200466667186,-0.0015174354313555183,0.01763388573957237,-0.007204511487781366,0.004484038249225582,0.002941853717269759,False
regular,whole,ridge|history_available|budget=17,ridge,history_available,17,H_D_B_A_K,ridge::H_D_B_A_K,True,17,0.4426349509279068,1520,292,0.19210526315789472,0.5156010186812082,0.16720389899733748,0.6054894917674356,0.232114976067152,-0.9786823781119424,0.3234817444224936,20,0.01915132117092789,0.03406337290298195,0.053214694073909836,0.01624843972269209,0.05230597870424456,0.009185162185471425,0.00028193328938208584,0.019433254460309975,-0.003625635480975736,0.004413327540801184,0.002018438434894095,False
regular,whole,ridge|history_available|budget=18,ridge,history_available,18,H_D_B_A_K,ridge::H_D_B_A_K,True,17,0.4426349509279068,1520,292,0.19210526315789472,0.5156010186812082,0.16720389899733748,0.6054894917674356,0.232114976067152,-0.9786823781119424,0.3234817444224936,20,0.01915132117092789,0.03406337290298195,0.053214694073909836,0.01624843972269209,0.05230597870424456,0.009185162185471425,0.00028193328938208584,0.019433254460309975,-0.003625635480975736,0.004413327540801184,0.002018438434894095,False
regular,whole,ridge|history_available|budget=19,ridge,history_available,19,H_D_B_A_K,ridge::H_D_B_A_K,True,17,0.4426349509279068,1520,292,0.19210526315789472,0.5156010186812082,0.16720389899733748,0.6054894917674356,0.232114976067152,-0.9786823781119424,0.3234817444224936,20,0.01915132117092789,0.03406337290298195,0.053214694073909836,0.01624843972269209,0.05230597870424456,0.009185162185471425,0.00028193328938208584,0.019433254460309975,-0.003625635480975736,0.004413327540801184,0.002018438434894095,False
regular,whole,ridge|history_available|budget=20,ridge,history_available,20,H_D_B_A_K,ridge::H_D_B_A_K,True,17,0.4426349509279068,1520,292,0.19210526315789472,0.5156010186812082,0.16720389899733748,0.6054894917674356,0.232114976067152,-0.9786823781119424,0.3234817444224936,20,0.01915132117092789,0.03406337290298195,0.053214694073909836,0.01624843972269209,0.05230597870424456,0.009185162185471425,0.00028193328938208584,0.019433254460309975,-0.003625635480975736,0.004413327540801184,0.002018438434894095,False
regular,whole,ridge|history_available|budget=21,ridge,history_available,21,H_D_B_A_K,ridge::H_D_B_A_K,True,17,0.4426349509279068,1520,292,0.19210526315789472,0.5156010186812082,0.16720389899733748,0.6054894917674356,0.232114976067152,-0.9786823781119424,0.3234817444224936,20,0.01915132117092789,0.03406337290298195,0.053214694073909836,0.01624843972269209,0.05230597870424456,0.009185162185471425,0.00028193328938208584,0.019433254460309975,-0.003625635480975736,0.004413327540801184,0.002018438434894095,False
regular,whole,ridge|history_available|budget=22,ridge,history_available,22,H_D_B_A_K,ridge::H_D_B_A_K,True,17,0.4426349509279068,1520,292,0.19210526315789472,0.5156010186812082,0.16720389899733748,0.6054894917674356,0.232114976067152,-0.9786823781119424,0.3234817444224936,20,0.01915132117092789,0.03406337290298195,0.053214694073909836,0.01624843972269209,0.05230597870424456,0.009185162185471425,0.00028193328938208584,0.019433254460309975,-0.003625635480975736,0.004413327540801184,0.002018438434894095,False
regular,whole,ridge|history_available|budget=23,ridge,history_available,23,H_D_B_A_K,ridge::H_D_B_A_K,True,17,0.4426349509279068,1520,292,0.19210526315789472,0.5156010186812082,0.16720389899733748,0.6054894917674356,0.232114976067152,-0.9786823781119424,0.3234817444224936,20,0.01915132117092789,0.03406337290298195,0.053214694073909836,0.01624843972269209,0.05230597870424456,0.009185162185471425,0.00028193328938208584,0.019433254460309975,-0.003625635480975736,0.004413327540801184,0.002018438434894095,False
regular,whole,ridge|history_available|budget=24,ridge,history_available,24,H_D_B_A_K,ridge::H_D_B_A_K,True,17,0.4426349509279068,1520,292,0.19210526315789472,0.5156010186812082,0.16720389899733748,0.6054894917674356,0.232114976067152,-0.9786823781119424,0.3234817444224936,20,0.01915132117092789,0.03406337290298195,0.053214694073909836,0.01624843972269209,0.05230597870424456,0.009185162185471425,0.00028193328938208584,0.019433254460309975,-0.003625635480975736,0.004413327540801184,0.002018438434894095,False
regular,whole,ridge|history_available|budget=25,ridge,history_available,25,H_D_B_A_K,ridge::H_D_B_A_K,True,17,0.4426349509279068,1520,292,0.19210526315789472,0.5156010186812082,0.16720389899733748,0.6054894917674356,0.232114976067152,-0.9786823781119424,0.3234817444224936,20,0.01915132117092789,0.03406337290298195,0.053214694073909836,0.01624843972269209,0.05230597870424456,0.009185162185471425,0.00028193328938208584,0.019433254460309975,-0.003625635480975736,0.004413327540801184,0.002018438434894095,False
regular,whole,ridge|history_available|budget=26,ridge,history_available,26,H_D_B_A_K,ridge::H_D_B_A_K,True,17,0.4426349509279068,1520,292,0.19210526315789472,0.5156010186812082,0.16720389899733748,0.6054894917674356,0.232114976067152,-0.9786823781119424,0.3234817444224936,20,0.01915132117092789,0.03406337290298195,0.053214694073909836,0.01624843972269209,0.05230597870424456,0.009185162185471425,0.00028193328938208584,0.019433254460309975,-0.003625635480975736,0.004413327540801184,0.002018438434894095,False
regular,whole,ridge|history_available|budget=27,ridge,history_available,27,H_D_B_A_K,ridge::H_D_B_A_K,True,17,0.4426349509279068,1520,292,0.19210526315789472,0.5156010186812082,0.16720389899733748,0.6054894917674356,0.232114976067152,-0.9786823781119424,0.3234817444224936,20,0.01915132117092789,0.03406337290298195,0.053214694073909836,0.01624843972269209,0.05230597870424456,0.009185162185471425,0.00028193328938208584,0.019433254460309975,-0.003625635480975736,0.004413327540801184,0.002018438434894095,False
regular,whole,ridge|history_available|budget=28,ridge,history_available,28,H_D_B_A_K,ridge::H_D_B_A_K,True,17,0.4426349509279068,1520,292,0.19210526315789472,0.5156010186812082,0.16720389899733748,0.6054894917674356,0.232114976067152,-0.9786823781119424,0.3234817444224936,20,0.01915132117092789,0.03406337290298195,0.053214694073909836,0.01624843972269209,0.05230597870424456,0.009185162185471425,0.00028193328938208584,0.019433254460309975,-0.003625635480975736,0.004413327540801184,0.002018438434894095,False
regular,whole,ridge|history_available|budget=29,ridge,history_available,29,H_D_B_A_K,ridge::H_D_B_A_K,True,17,0.4426349509279068,1520,292,0.19210526315789472,0.5156010186812082,0.16720389899733748,0.6054894917674356,0.232114976067152,-0.9786823781119424,0.3234817444224936,20,0.01915132117092789,0.03406337290298195,0.053214694073909836,0.01624843972269209,0.05230597870424456,0.009185162185471425,0.00028193328938208584,0.019433254460309975,-0.003625635480975736,0.004413327540801184,0.002018438434894095,False
regular,whole,ridge|history_available|budget=30,ridge,history_available,30,H_D_B_A_K,ridge::H_D_B_A_K,True,17,0.4426349509279068,1520,292,0.19210526315789472,0.5156010186812082,0.16720389899733748,0.6054894917674356,0.232114976067152,-0.9786823781119424,0.3234817444224936,20,0.01915132117092789,0.03406337290298195,0.053214694073909836,0.01624843972269209,0.05230597870424456,0.009185162185471425,0.00028193328938208584,0.019433254460309975,-0.003625635480975736,0.004413327540801184,0.002018438434894095,False
regular,whole,ridge|history_unavailable|budget=00,ridge,history_unavailable,0,NONE,ridge::NONE,False,0,0.48682988510277087,1520,292,0.19210526315789472,0.4892666784043059,0.15520250752497775,0.5,0.19210526315789472,,,21,0.019766345186607907,0.0,0.0,0.0,0.0,0.0,-0.026035784132605377,-0.00626943894599747,-0.044493635710891016,-0.007828306147791427,0.009301029582373322,False
regular,whole,ridge|history_unavailable|budget=01,ridge,history_unavailable,1,B,ridge::B,False,1,0.47836982516873877,1520,292,0.19210526315789472,0.4914489553098219,0.1557892932085774,0.5330738811298024,0.20414809964908365,-0.8938559102582988,0.3728488852527332,21,0.019766345186607907,0.0021822769055171443,0.02194862209212505,-0.0045283953608864485,0.00873909954917699,0.0034267171539587413,-0.023853507227088233,-0.004087162040480326,-0.041021467853015144,-0.006600113677073253,0.008876451825470885,False
regular,whole,ridge|history_unavailable|budget=02,ridge,history_unavailable,2,B_A,ridge::B_A,False,2,0.4760069459526036,1520,292,0.19210526315789472,0.49676219573507296,0.15825473543518107,0.5343595221096782,0.20314163813304265,-1.061269566884651,0.2742193117491282,21,0.019766345186607907,0.007495517330777135,0.027261862517385042,-0.0004498577954635303,0.016042122802379925,0.004229134547692586,-0.018540266801828242,0.001226078384779665,-0.03477696210628512,-0.002750800665596993,0.007882419254739974,False
regular,whole,ridge|history_unavailable|budget=03,ridge,history_unavailable,3,B_M_A,ridge::B_M_A,False,3,0.4740775615749651,1520,292,0.19210526315789472,0.49331845528795415,0.15713667580034704,0.566620465396457,0.22314134659291923,-0.8623583050707292,0.42712812479553836,21,0.019766345186607907,0.0040517768836574874,0.023818122070265395,-0.005641237759583586,0.013883223680386341,0.0050606277936510085,-0.02198400724894789,-0.0022176620623399826,-0.03797647481330852,-0.005938633846913105,0.008048899506516079,False
regular,whole,ridge|history_unavailable|budget=04,ridge,history_unavailable,4,D,ridge::D,False,4,0.4574118701497685,1520,292,0.19210526315789472,0.5240326157570064,0.1667539489485099,0.5167537704698586,0.19781907021910589,-1.3095308299355797,0.086011095233104,21,0.019766345186607907,0.034765937352708665,0.05453228253931657,0.020132229380531864,0.04900816023486548,0.007561018778461877,0.008730153220103287,0.028496498406711195,-0.0035293685965949117,0.021068332396817387,0.006248642740820005,False
regular,whole,ridge|history_unavailable|budget=05,ridge,history_unavailable,5,D_B,ridge::D_B,False,5,0.4531181739713088,1520,292,0.19210526315789472,0.522799329846698,0.16636539415406124,0.5356702623711569,0.20642924301629312,-1.2203077921692334,0.145931110247892,21,0.019766345186607907,0.033532651442400196,0.053298996629008104,0.018503650393435305,0.04931111890859652,0.008020050961103718,0.007496867309794819,0.027263212496402726,-0.003577694526034239,0.0187069105916761,0.00566836480879298,False
regular,whole,ridge|history_unavailable|budget=06,ridge,history_unavailable,6,D_B_A,ridge::D_B_A,False,6,0.4508504505652878,1520,292,0.19210526315789472,0.5396774026470554,0.1753775409147871,0.5332342376511534,0.19752293409795071,-1.2802177525920952,0.11284479824480641,21,0.019766345186607907,0.050410724242757665,0.07017706942936558,0.03366146079619379,0.06770669713029899,0.008921495533482083,0.024374940110152288,0.044141285296760195,0.015875527506711513,0.03246701770225149,0.0042884327224904815,False
regular,whole,ridge|history_unavailable|budget=07,ridge,history_unavailable,7,D_B_M_A,ridge::D_B_M_A,False,7,0.450829043059727,1520,292,0.19210526315789472,0.5346743942172354,0.17338388944475205,0.5462468207576637,0.2076108410721491,-1.227371454188183,0.15179136221118197,21,0.019766345186607907,0.045407715812936955,0.06517406099954487,0.028280235605675955,0.06331712251507189,0.009000152256781257,0.019371931680331578,0.039138276866939485,0.010785298321407922,0.027352139895152942,0.004256596804481269,False
regular,whole,ridge|history_unavailable|budget=08,ridge,history_unavailable,8,D_B_M_A,ridge::D_B_M_A,False,7,0.450829043059727,1520,292,0.19210526315789472,0.5346743942172354,0.17338388944475205,0.5462468207576637,0.2076108410721491,-1.227371454188183,0.15179136221118197,21,0.019766345186607907,0.045407715812936955,0.06517406099954487,0.028280235605675955,0.06331712251507189,0.009000152256781257,0.019371931680331578,0.039138276866939485,0.010785298321407922,0.027352139895152942,0.004256596804481269,False
regular,whole,ridge|history_unavailable|budget=09,ridge,history_unavailable,9,D_B_M_A,ridge::D_B_M_A,False,7,0.450829043059727,1520,292,0.19210526315789472,0.5346743942172354,0.17338388944475205,0.5462468207576637,0.2076108410721491,-1.227371454188183,0.15179136221118197,21,0.019766345186607907,0.045407715812936955,0.06517406099954487,0.028280235605675955,0.06331712251507189,0.009000152256781257,0.019371931680331578,0.039138276866939485,0.010785298321407922,0.027352139895152942,0.004256596804481269,False
regular,whole,ridge|history_unavailable|budget=10,ridge,history_unavailable,10,D_B_M_A,ridge::D_B_M_A,False,7,0.450829043059727,1520,292,0.19210526315789472,0.5346743942172354,0.17338388944475205,0.5462468207576637,0.2076108410721491,-1.227371454188183,0.15179136221118197,21,0.019766345186607907,0.045407715812936955,0.06517406099954487,0.028280235605675955,0.06331712251507189,0.009000152256781257,0.019371931680331578,0.039138276866939485,0.010785298321407922,0.027352139895152942,0.004256596804481269,False
regular,whole,ridge|history_unavailable|budget=11,ridge,history_unavailable,11,D_B_M_A,ridge::D_B_M_A,False,7,0.450829043059727,1520,292,0.19210526315789472,0.5346743942172354,0.17338388944475205,0.5462468207576637,0.2076108410721491,-1.227371454188183,0.15179136221118197,21,0.019766345186607907,0.045407715812936955,0.06517406099954487,0.028280235605675955,0.06331712251507189,0.009000152256781257,0.019371931680331578,0.039138276866939485,0.010785298321407922,0.027352139895152942,0.004256596804481269,False
regular,whole,ridge|history_unavailable|budget=12,ridge,history_unavailable,12,D_B_M_A,ridge::D_B_M_A,False,7,0.450829043059727,1520,292,0.19210526315789472,0.5346743942172354,0.17338388944475205,0.5462468207576637,0.2076108410721491,-1.227371454188183,0.15179136221118197,21,0.019766345186607907,0.045407715812936955,0.06517406099954487,0.028280235605675955,0.06331712251507189,0.009000152256781257,0.019371931680331578,0.039138276866939485,0.010785298321407922,0.027352139895152942,0.004256596804481269,False
regular,whole,ridge|history_unavailable|budget=13,ridge,history_unavailable,13,D_B_M_A,ridge::D_B_M_A,False,7,0.450829043059727,1520,292,0.19210526315789472,0.5346743942172354,0.17338388944475205,0.5462468207576637,0.2076108410721491,-1.227371454188183,0.15179136221118197,21,0.019766345186607907,0.045407715812936955,0.06517406099954487,0.028280235605675955,0.06331712251507189,0.009000152256781257,0.019371931680331578,0.039138276866939485,0.010785298321407922,0.027352139895152942,0.004256596804481269,False
regular,whole,ridge|history_unavailable|budget=14,ridge,history_unavailable,14,D_B_M_A,ridge::D_B_M_A,False,7,0.450829043059727,1520,292,0.19210526315789472,0.5346743942172354,0.17338388944475205,0.5462468207576637,0.2076108410721491,-1.227371454188183,0.15179136221118197,21,0.019766345186607907,0.045407715812936955,0.06517406099954487,0.028280235605675955,0.06331712251507189,0.009000152256781257,0.019371931680331578,0.039138276866939485,0.010785298321407922,0.027352139895152942,0.004256596804481269,False
regular,whole,ridge|history_unavailable|budget=15,ridge,history_unavailable,15,D_K,ridge::D_K,False,15,0.4490996608581511,1520,292,0.19210526315789472,0.5002351376881641,0.15874868718594926,0.5933623555396904,0.2378956762075065,-0.865332250766667,0.371743227413471,21,0.019766345186607907,0.01096845928386464,0.030734804470472547,-0.00501485034855678,0.027162105348073142,0.008098169666575296,-0.015067324848740737,0.00469902033786717,-0.023870091496198613,-0.005895482141553023,0.004621336662669442,False
regular,whole,ridge|history_unavailable|budget=16,ridge,history_unavailable,16,D_B_K,ridge::D_B_K,False,16,0.44601389412055115,1520,292,0.19210526315789472,0.5002562720341894,0.15905020346480112,0.6002995180937933,0.23969977165154183,-0.8540753649117487,0.38007456761913716,21,0.019766345186607907,0.010989593629890992,0.0307559388164989,-0.0053043186858904665,0.027677864281930614,0.00833982427809946,-0.015046190502714385,0.004720154683893522,-0.022510440774052523,-0.007387169926794074,0.00391415228605778,False
regular,whole,ridge|history_unavailable|budget=17,ridge,history_unavailable,17,D_B_A_K,ridge::D_B_A_K,False,17,0.4437539382006647,1520,292,0.19210526315789472,0.5161053215838596,0.16624352906489506,0.5886966779706394,0.23043360731303214,-1.0055705941601487,0.2987184481673963,21,0.019766345186607907,0.026838643179560473,0.04660498836616838,0.008683266560936344,0.04526796219634997,0.009351474581389612,0.0008028590469550956,0.020569204233563003,-0.0032031803863629207,0.005248789431481447,0.0021519827276967234,False
regular,whole,ridge|history_unavailable|budget=18,ridge,history_unavailable,18,D_B_A_K,ridge::D_B_A_K,False,17,0.4437539382006647,1520,292,0.19210526315789472,0.5161053215838596,0.16624352906489506,0.5886966779706394,0.23043360731303214,-1.0055705941601487,0.2987184481673963,21,0.019766345186607907,0.026838643179560473,0.04660498836616838,0.008683266560936344,0.04526796219634997,0.009351474581389612,0.0008028590469550956,0.020569204233563003,-0.0032031803863629207,0.005248789431481447,0.0021519827276967234,False
regular,whole,ridge|history_unavailable|budget=19,ridge,history_unavailable,19,D_B_A_K,ridge::D_B_A_K,False,17,0.4437539382006647,1520,292,0.19210526315789472,0.5161053215838596,0.16624352906489506,0.5886966779706394,0.23043360731303214,-1.0055705941601487,0.2987184481673963,21,0.019766345186607907,0.026838643179560473,0.04660498836616838,0.008683266560936344,0.04526796219634997,0.009351474581389612,0.0008028590469550956,0.020569204233563003,-0.0032031803863629207,0.005248789431481447,0.0021519827276967234,False
regular,whole,ridge|history_unavailable|budget=20,ridge,history_unavailable,20,D_B_A_K,ridge::D_B_A_K,False,17,0.4437539382006647,1520,292,0.19210526315789472,0.5161053215838596,0.16624352906489506,0.5886966779706394,0.23043360731303214,-1.0055705941601487,0.2987184481673963,21,0.019766345186607907,0.026838643179560473,0.04660498836616838,0.008683266560936344,0.04526796219634997,0.009351474581389612,0.0008028590469550956,0.020569204233563003,-0.0032031803863629207,0.005248789431481447,0.0021519827276967234,False
regular,whole,ridge|history_unavailable|budget=21,ridge,history_unavailable,21,D_B_A_K,ridge::D_B_A_K,False,17,0.4437539382006647,1520,292,0.19210526315789472,0.5161053215838596,0.16624352906489506,0.5886966779706394,0.23043360731303214,-1.0055705941601487,0.2987184481673963,21,0.019766345186607907,0.026838643179560473,0.04660498836616838,0.008683266560936344,0.04526796219634997,0.009351474581389612,0.0008028590469550956,0.020569204233563003,-0.0032031803863629207,0.005248789431481447,0.0021519827276967234,False
regular,whole,ridge|history_unavailable|budget=22,ridge,history_unavailable,22,D_B_A_K,ridge::D_B_A_K,False,17,0.4437539382006647,1520,292,0.19210526315789472,0.5161053215838596,0.16624352906489506,0.5886966779706394,0.23043360731303214,-1.0055705941601487,0.2987184481673963,21,0.019766345186607907,0.026838643179560473,0.04660498836616838,0.008683266560936344,0.04526796219634997,0.009351474581389612,0.0008028590469550956,0.020569204233563003,-0.0032031803863629207,0.005248789431481447,0.0021519827276967234,False
regular,whole,ridge|history_unavailable|budget=23,ridge,history_unavailable,23,D_B_A_K,ridge::D_B_A_K,False,17,0.4437539382006647,1520,292,0.19210526315789472,0.5161053215838596,0.16624352906489506,0.5886966779706394,0.23043360731303214,-1.0055705941601487,0.2987184481673963,21,0.019766345186607907,0.026838643179560473,0.04660498836616838,0.008683266560936344,0.04526796219634997,0.009351474581389612,0.0008028590469550956,0.020569204233563003,-0.0032031803863629207,0.005248789431481447,0.0021519827276967234,False
regular,whole,ridge|history_unavailable|budget=24,ridge,history_unavailable,24,D_B_A_K,ridge::D_B_A_K,False,17,0.4437539382006647,1520,292,0.19210526315789472,0.5161053215838596,0.16624352906489506,0.5886966779706394,0.23043360731303214,-1.0055705941601487,0.2987184481673963,21,0.019766345186607907,0.026838643179560473,0.04660498836616838,0.008683266560936344,0.04526796219634997,0.009351474581389612,0.0008028590469550956,0.020569204233563003,-0.0032031803863629207,0.005248789431481447,0.0021519827276967234,False
regular,whole,ridge|history_unavailable|budget=25,ridge,history_unavailable,25,D_B_A_K,ridge::D_B_A_K,False,17,0.4437539382006647,1520,292,0.19210526315789472,0.5161053215838596,0.16624352906489506,0.5886966779706394,0.23043360731303214,-1.0055705941601487,0.2987184481673963,21,0.019766345186607907,0.026838643179560473,0.04660498836616838,0.008683266560936344,0.04526796219634997,0.009351474581389612,0.0008028590469550956,0.020569204233563003,-0.0032031803863629207,0.005248789431481447,0.0021519827276967234,False
regular,whole,ridge|history_unavailable|budget=26,ridge,history_unavailable,26,D_B_A_K,ridge::D_B_A_K,False,17,0.4437539382006647,1520,292,0.19210526315789472,0.5161053215838596,0.16624352906489506,0.5886966779706394,0.23043360731303214,-1.0055705941601487,0.2987184481673963,21,0.019766345186607907,0.026838643179560473,0.04660498836616838,0.008683266560936344,0.04526796219634997,0.009351474581389612,0.0008028590469550956,0.020569204233563003,-0.0032031803863629207,0.005248789431481447,0.0021519827276967234,False
regular,whole,ridge|history_unavailable|budget=27,ridge,history_unavailable,27,D_B_A_K,ridge::D_B_A_K,False,17,0.4437539382006647,1520,292,0.19210526315789472,0.5161053215838596,0.16624352906489506,0.5886966779706394,0.23043360731303214,-1.0055705941601487,0.2987184481673963,21,0.019766345186607907,0.026838643179560473,0.04660498836616838,0.008683266560936344,0.04526796219634997,0.009351474581389612,0.0008028590469550956,0.020569204233563003,-0.0032031803863629207,0.005248789431481447,0.0021519827276967234,False
regular,whole,ridge|history_unavailable|budget=28,ridge,history_unavailable,28,D_B_A_K,ridge::D_B_A_K,False,17,0.4437539382006647,1520,292,0.19210526315789472,0.5161053215838596,0.16624352906489506,0.5886966779706394,0.23043360731303214,-1.0055705941601487,0.2987184481673963,21,0.019766345186607907,0.026838643179560473,0.04660498836616838,0.008683266560936344,0.04526796219634997,0.009351474581389612,0.0008028590469550956,0.020569204233563003,-0.0032031803863629207,0.005248789431481447,0.0021519827276967234,False
regular,whole,ridge|history_unavailable|budget=29,ridge,history_unavailable,29,D_B_A_K,ridge::D_B_A_K,False,17,0.4437539382006647,1520,292,0.19210526315789472,0.5161053215838596,0.16624352906489506,0.5886966779706394,0.23043360731303214,-1.0055705941601487,0.2987184481673963,21,0.019766345186607907,0.026838643179560473,0.04660498836616838,0.008683266560936344,0.04526796219634997,0.009351474581389612,0.0008028590469550956,0.020569204233563003,-0.0032031803863629207,0.005248789431481447,0.0021519827276967234,False
regular,whole,ridge|history_unavailable|budget=30,ridge,history_unavailable,30,D_B_A_K,ridge::D_B_A_K,False,17,0.4437539382006647,1520,292,0.19210526315789472,0.5161053215838596,0.16624352906489506,0.5886966779706394,0.23043360731303214,-1.0055705941601487,0.2987184481673963,21,0.019766345186607907,0.026838643179560473,0.04660498836616838,0.008683266560936344,0.04526796219634997,0.009351474581389612,0.0008028590469550956,0.020569204233563003,-0.0032031803863629207,0.005248789431481447,0.0021519827276967234,False
regular,whole,hgb|history_available|budget=00,hgb,history_available,0,H,hgb::H,True,0,0.48393828098496744,1520,292,0.19210526315789472,0.4815072912278388,0.15291665553868655,0.5738867074204632,0.21911605562212993,0.39377187862102975,1.2965683512728654,22,0.017510667147016608,-3.035455038713497e-05,0.017480312596629473,-0.00013242215149609354,7.107719021433588e-05,5.304791960900213e-05,-0.011659039104211788,0.00585162804280482,-0.026771157838134226,0.002803776154296314,0.007433169141546895,False
regular,whole,hgb|history_available|budget=01,hgb,history_available,1,H_B,hgb::H_B,True,1,0.4728432511070441,1520,292,0.19210526315789472,0.48459730756071695,0.154297680393043,0.5613663491142743,0.21050762523855257,-0.5547849682519455,0.6123125609632537,22,0.017510667147016608,0.0030596617824886208,0.02057032892950523,-0.004343457069174987,0.010449760116168622,0.003751363304738984,-0.008569022771336032,0.008941644375680576,-0.023385499228845977,0.006168139565487226,0.007247575417493083,False
regular,whole,hgb|history_available|budget=02,hgb,history_available,2,H_B_A,hgb::H_B_A,True,2,0.4711421513305405,1520,292,0.19210526315789472,0.4872309821611563,0.15537277297699342,0.5680748293248851,0.21274919026985933,-0.6752765108643951,0.5577595558423021,22,0.017510667147016608,0.0056933363829356765,0.023204003529952284,-0.0017710621204398342,0.013667442297732278,0.003856469638454403,-0.005935348170888977,0.011575318976127631,-0.01939070041491338,0.007526821888333554,0.006864792375778794,False
regular,whole,hgb|history_available|budget=03,hgb,history_available,3,H_B_A,hgb::H_B_A,True,2,0.4711421513305405,1520,292,0.19210526315789472,0.4872309821611563,0.15537277297699342,0.5680748293248851,0.21274919026985933,-0.6752765108643951,0.5577595558423021,22,0.017510667147016608,0.0056933363829356765,0.023204003529952284,-0.0017710621204398342,0.013667442297732278,0.003856469638454403,-0.005935348170888977,0.011575318976127631,-0.01939070041491338,0.007526821888333554,0.006864792375778794,False
regular,whole,hgb|history_available|budget=04,hgb,history_available,4,H_D,hgb::H_D,True,4,0.44569282903382124,1520,292,0.19210526315789472,0.5128560919652186,0.16481900052810602,0.5688849783588417,0.21081815319148345,-1.071398806056196,0.24981918655263075,22,0.017510667147016608,0.03131844618699414,0.04882911333401075,0.018012371785094985,0.04475831008166941,0.007002519809012779,0.01968976163316949,0.0372004287801861,0.006732699761400636,0.033040790350128586,0.006921358565343879,False
regular,whole,hgb|history_available|budget=05,hgb,history_available,5,H_D_A,hgb::H_D_A,True,5,0.44503237912712074,1520,292,0.19210526315789472,0.5267388746017796,0.17128094907446983,0.5543315782428272,0.20241213345354933,-1.1865294791379337,0.17846205033509516,22,0.017510667147016608,0.04520122882355487,0.06271189597057147,0.02990248814647795,0.05976271164286844,0.0074725985856705784,0.03357254426973022,0.05108321141674683,0.019898682333202442,0.04748540897182809,0.006899582261342397,False
regular,whole,hgb|history_available|budget=06,hgb,history_available,6,H_D_B_C,hgb::H_D_B_C,True,6,0.4446644717140893,1520,292,0.19210526315789472,0.51442089347136,0.1668388603282718,0.5639920128508322,0.20926776380975048,-1.0703368341428894,0.2571164184720335,22,0.017510667147016608,0.03288324769313583,0.05039391484015244,0.01963928852958735,0.04634161136753627,0.006822046224396517,0.021254563139311178,0.038765230286327786,0.009732119233728322,0.033016979319559464,0.006030579358400651,False
regular,whole,hgb|history_available|budget=07,hgb,history_available,7,H_D_B_C_A,hgb::H_D_B_C_A,True,7,0.44401148300856313,1520,292,0.19210526315789472,0.5285708258979558,0.17379255417429346,0.5604125764133685,0.2031537017671689,-1.1778429406231665,0.1895381061811917,22,0.017510667147016608,0.04703318011973018,0.06454384726674678,0.03278835357411169,0.06125917373611863,0.007368760937538837,0.035404495565905525,0.05291516271292213,0.023749944844793574,0.047101164886124286,0.005947377070630344,False
regular,whole,hgb|history_available|budget=08,hgb,history_available,8,H_D_B_C_A,hgb::H_D_B_C_A,True,7,0.44401148300856313,1520,292,0.19210526315789472,0.5285708258979558,0.17379255417429346,0.5604125764133685,0.2031537017671689,-1.1778429406231665,0.1895381061811917,22,0.017510667147016608,0.04703318011973018,0.06454384726674678,0.03278835357411169,0.06125917373611863,0.007368760937538837,0.035404495565905525,0.05291516271292213,0.023749944844793574,0.047101164886124286,0.005947377070630344,False
regular,whole,hgb|history_available|budget=09,hgb,history_available,9,H_D_B_C_A,hgb::H_D_B_C_A,True,7,0.44401148300856313,1520,292,0.19210526315789472,0.5285708258979558,0.17379255417429346,0.5604125764133685,0.2031537017671689,-1.1778429406231665,0.1895381061811917,22,0.017510667147016608,0.04703318011973018,0.06454384726674678,0.03278835357411169,0.06125917373611863,0.007368760937538837,0.035404495565905525,0.05291516271292213,0.023749944844793574,0.047101164886124286,0.005947377070630344,False
regular,whole,hgb|history_available|budget=10,hgb,history_available,10,H_D_B_C_A,hgb::H_D_B_C_A,True,7,0.44401148300856313,1520,292,0.19210526315789472,0.5285708258979558,0.17379255417429346,0.5604125764133685,0.2031537017671689,-1.1778429406231665,0.1895381061811917,22,0.017510667147016608,0.04703318011973018,0.06454384726674678,0.03278835357411169,0.06125917373611863,0.007368760937538837,0.035404495565905525,0.05291516271292213,0.023749944844793574,0.047101164886124286,0.005947377070630344,False
regular,whole,hgb|history_available|budget=11,hgb,history_available,11,H_D_B_C_A,hgb::H_D_B_C_A,True,7,0.44401148300856313,1520,292,0.19210526315789472,0.5285708258979558,0.17379255417429346,0.5604125764133685,0.2031537017671689,-1.1778429406231665,0.1895381061811917,22,0.017510667147016608,0.04703318011973018,0.06454384726674678,0.03278835357411169,0.06125917373611863,0.007368760937538837,0.035404495565905525,0.05291516271292213,0.023749944844793574,0.047101164886124286,0.005947377070630344,False
regular,whole,hgb|history_available|budget=12,hgb,history_available,12,H_D_B_C_A,hgb::H_D_B_C_A,True,7,0.44401148300856313,1520,292,0.19210526315789472,0.5285708258979558,0.17379255417429346,0.5604125764133685,0.2031537017671689,-1.1778429406231665,0.1895381061811917,22,0.017510667147016608,0.04703318011973018,0.06454384726674678,0.03278835357411169,0.06125917373611863,0.007368760937538837,0.035404495565905525,0.05291516271292213,0.023749944844793574,0.047101164886124286,0.005947377070630344,False
regular,whole,hgb|history_available|budget=13,hgb,history_available,13,H_D_B_C_A,hgb::H_D_B_C_A,True,7,0.44401148300856313,1520,292,0.19210526315789472,0.5285708258979558,0.17379255417429346,0.5604125764133685,0.2031537017671689,-1.1778429406231665,0.1895381061811917,22,0.017510667147016608,0.04703318011973018,0.06454384726674678,0.03278835357411169,0.06125917373611863,0.007368760937538837,0.035404495565905525,0.05291516271292213,0.023749944844793574,0.047101164886124286,0.005947377070630344,False
regular,whole,hgb|history_available|budget=14,hgb,history_available,14,H_D_B_C_A,hgb::H_D_B_C_A,True,7,0.44401148300856313,1520,292,0.19210526315789472,0.5285708258979558,0.17379255417429346,0.5604125764133685,0.2031537017671689,-1.1778429406231665,0.1895381061811917,22,0.017510667147016608,0.04703318011973018,0.06454384726674678,0.03278835357411169,0.06125917373611863,0.007368760937538837,0.035404495565905525,0.05291516271292213,0.023749944844793574,0.047101164886124286,0.005947377070630344,False
regular,whole,hgb|history_available|budget=15,hgb,history_available,15,H_D_P,hgb::H_D_P,True,15,0.43735022465141393,1520,292,0.19210526315789472,0.5141287092199067,0.166439849910815,0.5687776092097631,0.2142095911497241,-1.0579556851757963,0.2646743952533902,22,0.017510667147016608,0.032591063441680335,0.05010173058869694,0.018703177084734797,0.04588667205282177,0.007072874817544095,0.02096237888785568,0.03847304603487229,0.008699229900549556,0.03311791799971677,0.006207949754977733,False
regular,whole,hgb|history_available|budget=16,hgb,history_available,16,H_D_P_A,hgb::H_D_P_A,True,16,0.43602444448701694,1520,292,0.19210526315789472,0.5280902399213546,0.17334489523572194,0.5610902570166436,0.205421819670715,-1.1690418641856917,0.19494956660274707,22,0.017510667147016608,0.04655259414312879,0.06406326129014539,0.031686749923483984,0.06069272797220709,0.00753909203780753,0.034923909589304136,0.052434576736320744,0.022696794894167264,0.04726316474706979,0.006249929988837491,False
regular,whole,hgb|history_available|budget=17,hgb,history_available,17,H_D_B_P_C,hgb::H_D_B_P_C,True,17,0.4355881374064304,1520,292,0.19210526315789472,0.516198995361555,0.16800391660864913,0.5672967515951988,0.2116939442621055,-1.0760090956172887,0.2536068099320518,22,0.017510667147016608,0.03466134958332995,0.052172016730346556,0.02115390893220913,0.04792719591277916,0.006991189909673884,0.023032665029505295,0.0405433321765219,0.01325643693582199,0.033128902224758956,0.005132003281348825,False
regular,whole,hgb|history_available|budget=18,hgb,history_available,18,H_D_B_P_C,hgb::H_D_B_P_C,True,17,0.4355881374064304,1520,292,0.19210526315789472,0.516198995361555,0.16800391660864913,0.5672967515951988,0.2116939442621055,-1.0760090956172887,0.2536068099320518,22,0.017510667147016608,0.03466134958332995,0.052172016730346556,0.02115390893220913,0.04792719591277916,0.006991189909673884,0.023032665029505295,0.0405433321765219,0.01325643693582199,0.033128902224758956,0.005132003281348825,False
regular,whole,hgb|history_available|budget=19,hgb,history_available,19,H_D_B_P_C,hgb::H_D_B_P_C,True,17,0.4355881374064304,1520,292,0.19210526315789472,0.516198995361555,0.16800391660864913,0.5672967515951988,0.2116939442621055,-1.0760090956172887,0.2536068099320518,22,0.017510667147016608,0.03466134958332995,0.052172016730346556,0.02115390893220913,0.04792719591277916,0.006991189909673884,0.023032665029505295,0.0405433321765219,0.01325643693582199,0.033128902224758956,0.005132003281348825,False
regular,whole,hgb|history_available|budget=20,hgb,history_available,20,H_D_B_P_C,hgb::H_D_B_P_C,True,17,0.4355881374064304,1520,292,0.19210526315789472,0.516198995361555,0.16800391660864913,0.5672967515951988,0.2116939442621055,-1.0760090956172887,0.2536068099320518,22,0.017510667147016608,0.03466134958332995,0.052172016730346556,0.02115390893220913,0.04792719591277916,0.006991189909673884,0.023032665029505295,0.0405433321765219,0.01325643693582199,0.033128902224758956,0.005132003281348825,False
regular,whole,hgb|history_available|budget=21,hgb,history_available,21,H_D_B_P_C,hgb::H_D_B_P_C,True,17,0.4355881374064304,1520,292,0.19210526315789472,0.516198995361555,0.16800391660864913,0.5672967515951988,0.2116939442621055,-1.0760090956172887,0.2536068099320518,22,0.017510667147016608,0.03466134958332995,0.052172016730346556,0.02115390893220913,0.04792719591277916,0.006991189909673884,0.023032665029505295,0.0405433321765219,0.01325643693582199,0.033128902224758956,0.005132003281348825,False
regular,whole,hgb|history_available|budget=22,hgb,history_available,22,H_D_B_P_C,hgb::H_D_B_P_C,True,17,0.4355881374064304,1520,292,0.19210526315789472,0.516198995361555,0.16800391660864913,0.5672967515951988,0.2116939442621055,-1.0760090956172887,0.2536068099320518,22,0.017510667147016608,0.03466134958332995,0.052172016730346556,0.02115390893220913,0.04792719591277916,0.006991189909673884,0.023032665029505295,0.0405433321765219,0.01325643693582199,0.033128902224758956,0.005132003281348825,False
regular,whole,hgb|history_available|budget=23,hgb,history_available,23,H_D_B_P_C,hgb::H_D_B_P_C,True,17,0.4355881374064304,1520,292,0.19210526315789472,0.516198995361555,0.16800391660864913,0.5672967515951988,0.2116939442621055,-1.0760090956172887,0.2536068099320518,22,0.017510667147016608,0.03466134958332995,0.052172016730346556,0.02115390893220913,0.04792719591277916,0.006991189909673884,0.023032665029505295,0.0405433321765219,0.01325643693582199,0.033128902224758956,0.005132003281348825,False
regular,whole,hgb|history_available|budget=24,hgb,history_available,24,H_D_B_P_C,hgb::H_D_B_P_C,True,17,0.4355881374064304,1520,292,0.19210526315789472,0.516198995361555,0.16800391660864913,0.5672967515951988,0.2116939442621055,-1.0760090956172887,0.2536068099320518,22,0.017510667147016608,0.03466134958332995,0.052172016730346556,0.02115390893220913,0.04792719591277916,0.006991189909673884,0.023032665029505295,0.0405433321765219,0.01325643693582199,0.033128902224758956,0.005132003281348825,False
regular,whole,hgb|history_available|budget=25,hgb,history_available,25,H_D_B_P_C,hgb::H_D_B_P_C,True,17,0.4355881374064304,1520,292,0.19210526315789472,0.516198995361555,0.16800391660864913,0.5672967515951988,0.2116939442621055,-1.0760090956172887,0.2536068099320518,22,0.017510667147016608,0.03466134958332995,0.052172016730346556,0.02115390893220913,0.04792719591277916,0.006991189909673884,0.023032665029505295,0.0405433321765219,0.01325643693582199,0.033128902224758956,0.005132003281348825,False
regular,whole,hgb|history_available|budget=26,hgb,history_available,26,H_D_B_P_C,hgb::H_D_B_P_C,True,17,0.4355881374064304,1520,292,0.19210526315789472,0.516198995361555,0.16800391660864913,0.5672967515951988,0.2116939442621055,-1.0760090956172887,0.2536068099320518,22,0.017510667147016608,0.03466134958332995,0.052172016730346556,0.02115390893220913,0.04792719591277916,0.006991189909673884,0.023032665029505295,0.0405433321765219,0.01325643693582199,0.033128902224758956,0.005132003281348825,False
regular,whole,hgb|history_available|budget=27,hgb,history_available,27,H_D_B_P_K,hgb::H_D_B_P_K,True,27,0.4352168403015964,1520,292,0.19210526315789472,0.49021972599590125,0.15672515509506965,0.6168497055017624,0.2505130221752544,-0.7096661657084984,0.48155598007805567,22,0.017510667147016608,0.008682080217675192,0.0261927473646918,-0.006064801576034606,0.023306645695351274,0.007256885139066839,-0.002946604336149461,0.014564062810867147,-0.007891517584832463,0.002309801064024416,0.0025746640594315274,False
regular,whole,hgb|history_available|budget=28,hgb,history_available,28,H_D_B_P_K,hgb::H_D_B_P_K,True,27,0.4352168403015964,1520,292,0.19210526315789472,0.49021972599590125,0.15672515509506965,0.6168497055017624,0.2505130221752544,-0.7096661657084984,0.48155598007805567,22,0.017510667147016608,0.008682080217675192,0.0261927473646918,-0.006064801576034606,0.023306645695351274,0.007256885139066839,-0.002946604336149461,0.014564062810867147,-0.007891517584832463,0.002309801064024416,0.0025746640594315274,False
regular,whole,hgb|history_available|budget=29,hgb,history_available,29,H_D_B_P_K,hgb::H_D_B_P_K,True,27,0.4352168403015964,1520,292,0.19210526315789472,0.49021972599590125,0.15672515509506965,0.6168497055017624,0.2505130221752544,-0.7096661657084984,0.48155598007805567,22,0.017510667147016608,0.008682080217675192,0.0261927473646918,-0.006064801576034606,0.023306645695351274,0.007256885139066839,-0.002946604336149461,0.014564062810867147,-0.007891517584832463,0.002309801064024416,0.0025746640594315274,False
regular,whole,hgb|history_available|budget=30,hgb,history_available,30,H_D_B_P_K,hgb::H_D_B_P_K,True,27,0.4352168403015964,1520,292,0.19210526315789472,0.49021972599590125,0.15672515509506965,0.6168497055017624,0.2505130221752544,-0.7096661657084984,0.48155598007805567,22,0.017510667147016608,0.008682080217675192,0.0261927473646918,-0.006064801576034606,0.023306645695351274,0.007256885139066839,-0.002946604336149461,0.014564062810867147,-0.007891517584832463,0.002309801064024416,0.0025746640594315274,False
regular,whole,hgb|history_unavailable|budget=00,hgb,history_unavailable,0,NONE,hgb::NONE,False,0,0.48682988510277087,1520,292,0.19210526315789472,0.4892666784043059,0.15520250752497775,0.5,0.19210526315789472,,,23,0.018368689504588274,0.0,0.0,0.0,0.0,0.0,-0.007537456198856762,0.010831233305731512,-0.02294793970911705,0.0075700944376482756,0.007681004215237373,False
regular,whole,hgb|history_unavailable|budget=01,hgb,history_unavailable,1,B,hgb::B,False,1,0.4765599670766729,1520,292,0.19210526315789472,0.49374437207064903,0.15663359776121114,0.532881453304181,0.20408813302181533,-0.9788632635232074,0.3140515191920697,23,0.018368689504588274,0.004477693666352867,0.02284638317094114,-0.0033727379841920284,0.01208384480544699,0.003950103793106576,-0.0030597625325038957,0.015308926972084379,-0.017941987948965288,0.011971620576552246,0.007348867785746606,False
regular,whole,hgb|history_unavailable|budget=02,hgb,history_unavailable,2,B_A,hgb::B_A,False,2,0.47352204995587244,1520,292,0.19210526315789472,0.49727150630629324,0.15813991000886282,0.527578532863326,0.20022546663210272,-1.0357982947058213,0.2953218336097693,23,0.018368689504588274,0.008004827901986478,0.026373517406574752,-0.0011877352356650772,0.017377615024564922,0.004716779022061993,0.0004673717031297153,0.01883606120771799,-0.01322441236382171,0.013737067710369385,0.0069773197003699175,False
regular,whole,hgb|history_unavailable|budget=03,hgb,history_unavailable,3,B_M_A,hgb::B_M_A,False,3,0.4734961047016346,1520,292,0.19210526315789472,0.48919693086064714,0.15563370609060814,0.5667013408593995,0.22155617087441684,-0.7267566104389267,0.5240281859542927,23,0.018368689504588274,-6.974754365046687e-05,0.018298941960937808,-0.00862496117628316,0.008540718190610794,0.00447705812858413,-0.007607203742507229,0.010761485762081045,-0.02138937023100756,0.005945117980151449,0.006946398833097803,False
regular,whole,hgb|history_unavailable|budget=04,hgb,history_unavailable,4,D,hgb::D,False,4,0.45635682995858146,1520,292,0.19210526315789472,0.5258217736283933,0.16750189735195348,0.5182722770068269,0.194300032993542,-1.3659293975651379,0.04751246108438096,23,0.018368689504588274,0.036555095224097334,0.05492378472868561,0.021994716683556025,0.05070898597509656,0.007462646316693135,0.02901763902524057,0.047386328529828846,0.015320391097347947,0.04323878109998877,0.007232206004455587,False
regular,whole,hgb|history_unavailable|budget=05,hgb,history_unavailable,5,D_A,hgb::D_A,False,5,0.4531285285902286,1520,292,0.19210526315789472,0.5369412477862826,0.17352200277514324,0.5157553768238812,0.19100430290077403,-1.4086552212146466,0.019627439272689028,23,0.018368689504588274,0.04767456938198428,0.06604325888657256,0.03204411464150742,0.0628107648070656,0.007909304622432348,0.040137113183127515,0.05850580268771579,0.02658977760382379,0.05390757815384654,0.006862989758736892,False
regular,whole,hgb|history_unavailable|budget=06,hgb,history_unavailable,6,D_C_A,hgb::D_C_A,False,6,0.4521771466611788,1520,292,0.19210526315789472,0.5334386888514928,0.17387172329652217,0.528229719780465,0.19491764068708514,-1.334156574267404,0.0742076816366371,23,0.018368689504588274,0.0441720104471956,0.06254069995178388,0.02901579674279993,0.05908307229676114,0.007637387157711294,0.036634554248338835,0.05500324375292711,0.023601647425602022,0.05041753025101586,0.006809127226165069,False
regular,whole,hgb|history_unavailable|budget=07,hgb,history_unavailable,7,D_B_C_A,hgb::D_B_C_A,False,7,0.45118026129492866,1520,292,0.19210526315789472,0.5405918431002426,0.17712951089886997,0.5284249364151533,0.19264834226181857,-1.3702003427313547,0.048227947454068866,23,0.018368689504588274,0.05132516469594456,0.06969385420053284,0.035478881805304646,0.06664704987248651,0.007981189287698063,0.043787708497087796,0.06215639800167607,0.03187690212430646,0.055981560662643544,0.006261744296140395,False
regular,whole,hgb|history_unavailable|budget=08,hgb,history_unavailable,8,D_B_C_A,hgb::D_B_C_A,False,7,0.45118026129492866,1520,292,0.19210526315789472,0.5405918431002426,0.17712951089886997,0.5284249364151533,0.19264834226181857,-1.3702003427313547,0.048227947454068866,23,0.018368689504588274,0.05132516469594456,0.06969385420053284,0.035478881805304646,0.06664704987248651,0.007981189287698063,0.043787708497087796,0.06215639800167607,0.03187690212430646,0.055981560662643544,0.006261744296140395,False
regular,whole,hgb|history_unavailable|budget=09,hgb,history_unavailable,9,D_B_C_A,hgb::D_B_C_A,False,7,0.45118026129492866,1520,292,0.19210526315789472,0.5405918431002426,0.17712951089886997,0.5284249364151533,0.19264834226181857,-1.3702003427313547,0.048227947454068866,23,0.018368689504588274,0.05132516469594456,0.06969385420053284,0.035478881805304646,0.06664704987248651,0.007981189287698063,0.043787708497087796,0.06215639800167607,0.03187690212430646,0.055981560662643544,0.006261744296140395,False
regular,whole,hgb|history_unavailable|budget=10,hgb,history_unavailable,10,D_B_C_A,hgb::D_B_C_A,False,7,0.45118026129492866,1520,292,0.19210526315789472,0.5405918431002426,0.17712951089886997,0.5284249364151533,0.19264834226181857,-1.3702003427313547,0.048227947454068866,23,0.018368689504588274,0.05132516469594456,0.06969385420053284,0.035478881805304646,0.06664704987248651,0.007981189287698063,0.043787708497087796,0.06215639800167607,0.03187690212430646,0.055981560662643544,0.006261744296140395,False
regular,whole,hgb|history_unavailable|budget=11,hgb,history_unavailable,11,D_B_C_A,hgb::D_B_C_A,False,7,0.45118026129492866,1520,292,0.19210526315789472,0.5405918431002426,0.17712951089886997,0.5284249364151533,0.19264834226181857,-1.3702003427313547,0.048227947454068866,23,0.018368689504588274,0.05132516469594456,0.06969385420053284,0.035478881805304646,0.06664704987248651,0.007981189287698063,0.043787708497087796,0.06215639800167607,0.03187690212430646,0.055981560662643544,0.006261744296140395,False
regular,whole,hgb|history_unavailable|budget=12,hgb,history_unavailable,12,D_B_C_A,hgb::D_B_C_A,False,7,0.45118026129492866,1520,292,0.19210526315789472,0.5405918431002426,0.17712951089886997,0.5284249364151533,0.19264834226181857,-1.3702003427313547,0.048227947454068866,23,0.018368689504588274,0.05132516469594456,0.06969385420053284,0.035478881805304646,0.06664704987248651,0.007981189287698063,0.043787708497087796,0.06215639800167607,0.03187690212430646,0.055981560662643544,0.006261744296140395,False
regular,whole,hgb|history_unavailable|budget=13,hgb,history_unavailable,13,D_B_C_A,hgb::D_B_C_A,False,7,0.45118026129492866,1520,292,0.19210526315789472,0.5405918431002426,0.17712951089886997,0.5284249364151533,0.19264834226181857,-1.3702003427313547,0.048227947454068866,23,0.018368689504588274,0.05132516469594456,0.06969385420053284,0.035478881805304646,0.06664704987248651,0.007981189287698063,0.043787708497087796,0.06215639800167607,0.03187690212430646,0.055981560662643544,0.006261744296140395,False
regular,whole,hgb|history_unavailable|budget=14,hgb,history_unavailable,14,D_B_C_A,hgb::D_B_C_A,False,7,0.45118026129492866,1520,292,0.19210526315789472,0.5405918431002426,0.17712951089886997,0.5284249364151533,0.19264834226181857,-1.3702003427313547,0.048227947454068866,23,0.018368689504588274,0.05132516469594456,0.06969385420053284,0.035478881805304646,0.06664704987248651,0.007981189287698063,0.043787708497087796,0.06215639800167607,0.03187690212430646,0.055981560662643544,0.006261744296140395,False
regular,whole,hgb|history_unavailable|budget=15,hgb,history_unavailable,15,D_K,hgb::D_K,False,15,0.44496841652517655,1520,292,0.19210526315789472,0.4933563305690186,0.15604968108528297,0.5961344317522645,0.25568986864420384,-0.7697965919499025,0.4400873098060579,23,0.018368689504588274,0.004089652164720126,0.0224583416693084,-0.01093374218469947,0.019833789005930646,0.007487433356656049,-0.0034478040341366367,0.014920885470451638,-0.013356890244535315,0.006579638478523326,0.005160057595718351,False
regular,whole,hgb|history_unavailable|budget=16,hgb,history_unavailable,16,D_B_K,hgb::D_B_K,False,16,0.4435471002753364,1520,292,0.19210526315789472,0.4943937436874972,0.15730414776516127,0.6017106554816831,0.24405344479937152,-0.7828395215730252,0.4317163041847003,23,0.018368689504588274,0.005127065283199783,0.023495754787788058,-0.009795063423610032,0.020839934769939818,0.007597402090233024,-0.002410390915656979,0.015958298588931295,-0.010767879769506217,0.005978054171489266,0.004202826267086371,False
regular,whole,hgb|history_unavailable|budget=17,hgb,history_unavailable,17,D_B_C_K,hgb::D_B_C_K,False,17,0.4426518467692973,1520,292,0.19210526315789472,0.49416407800404516,0.15817859575726367,0.6024566619070991,0.23831013179293942,-0.7836086561898674,0.4378823109948582,23,0.018368689504588274,0.004897399599747498,0.023266089104335773,-0.009162845854366993,0.020074089154407757,0.007339871744373039,-0.002640056599109264,0.01572863290547901,-0.010028788527344453,0.004709325641600867,0.0037797789539079835,False
regular,whole,hgb|history_unavailable|budget=18,hgb,history_unavailable,18,D_B_C_K,hgb::D_B_C_K,False,17,0.4426518467692973,1520,292,0.19210526315789472,0.49416407800404516,0.15817859575726367,0.6024566619070991,0.23831013179293942,-0.7836086561898674,0.4378823109948582,23,0.018368689504588274,0.004897399599747498,0.023266089104335773,-0.009162845854366993,0.020074089154407757,0.007339871744373039,-0.002640056599109264,0.01572863290547901,-0.010028788527344453,0.004709325641600867,0.0037797789539079835,False
regular,whole,hgb|history_unavailable|budget=19,hgb,history_unavailable,19,D_B_C_K,hgb::D_B_C_K,False,17,0.4426518467692973,1520,292,0.19210526315789472,0.49416407800404516,0.15817859575726367,0.6024566619070991,0.23831013179293942,-0.7836086561898674,0.4378823109948582,23,0.018368689504588274,0.004897399599747498,0.023266089104335773,-0.009162845854366993,0.020074089154407757,0.007339871744373039,-0.002640056599109264,0.01572863290547901,-0.010028788527344453,0.004709325641600867,0.0037797789539079835,False
regular,whole,hgb|history_unavailable|budget=20,hgb,history_unavailable,20,D_B_C_K,hgb::D_B_C_K,False,17,0.4426518467692973,1520,292,0.19210526315789472,0.49416407800404516,0.15817859575726367,0.6024566619070991,0.23831013179293942,-0.7836086561898674,0.4378823109948582,23,0.018368689504588274,0.004897399599747498,0.023266089104335773,-0.009162845854366993,0.020074089154407757,0.007339871744373039,-0.002640056599109264,0.01572863290547901,-0.010028788527344453,0.004709325641600867,0.0037797789539079835,False
regular,whole,hgb|history_unavailable|budget=21,hgb,history_unavailable,21,D_B_C_K,hgb::D_B_C_K,False,17,0.4426518467692973,1520,292,0.19210526315789472,0.49416407800404516,0.15817859575726367,0.6024566619070991,0.23831013179293942,-0.7836086561898674,0.4378823109948582,23,0.018368689504588274,0.004897399599747498,0.023266089104335773,-0.009162845854366993,0.020074089154407757,0.007339871744373039,-0.002640056599109264,0.01572863290547901,-0.010028788527344453,0.004709325641600867,0.0037797789539079835,False
regular,whole,hgb|history_unavailable|budget=22,hgb,history_unavailable,22,D_B_C_K,hgb::D_B_C_K,False,17,0.4426518467692973,1520,292,0.19210526315789472,0.49416407800404516,0.15817859575726367,0.6024566619070991,0.23831013179293942,-0.7836086561898674,0.4378823109948582,23,0.018368689504588274,0.004897399599747498,0.023266089104335773,-0.009162845854366993,0.020074089154407757,0.007339871744373039,-0.002640056599109264,0.01572863290547901,-0.010028788527344453,0.004709325641600867,0.0037797789539079835,False
regular,whole,hgb|history_unavailable|budget=23,hgb,history_unavailable,23,D_B_C_K,hgb::D_B_C_K,False,17,0.4426518467692973,1520,292,0.19210526315789472,0.49416407800404516,0.15817859575726367,0.6024566619070991,0.23831013179293942,-0.7836086561898674,0.4378823109948582,23,0.018368689504588274,0.004897399599747498,0.023266089104335773,-0.009162845854366993,0.020074089154407757,0.007339871744373039,-0.002640056599109264,0.01572863290547901,-0.010028788527344453,0.004709325641600867,0.0037797789539079835,False
regular,whole,hgb|history_unavailable|budget=24,hgb,history_unavailable,24,D_B_C_K,hgb::D_B_C_K,False,17,0.4426518467692973,1520,292,0.19210526315789472,0.49416407800404516,0.15817859575726367,0.6024566619070991,0.23831013179293942,-0.7836086561898674,0.4378823109948582,23,0.018368689504588274,0.004897399599747498,0.023266089104335773,-0.009162845854366993,0.020074089154407757,0.007339871744373039,-0.002640056599109264,0.01572863290547901,-0.010028788527344453,0.004709325641600867,0.0037797789539079835,False
regular,whole,hgb|history_unavailable|budget=25,hgb,history_unavailable,25,D_B_C_K,hgb::D_B_C_K,False,17,0.4426518467692973,1520,292,0.19210526315789472,0.49416407800404516,0.15817859575726367,0.6024566619070991,0.23831013179293942,-0.7836086561898674,0.4378823109948582,23,0.018368689504588274,0.004897399599747498,0.023266089104335773,-0.009162845854366993,0.020074089154407757,0.007339871744373039,-0.002640056599109264,0.01572863290547901,-0.010028788527344453,0.004709325641600867,0.0037797789539079835,False
regular,whole,hgb|history_unavailable|budget=26,hgb,history_unavailable,26,D_B_C_K,hgb::D_B_C_K,False,17,0.4426518467692973,1520,292,0.19210526315789472,0.49416407800404516,0.15817859575726367,0.6024566619070991,0.23831013179293942,-0.7836086561898674,0.4378823109948582,23,0.018368689504588274,0.004897399599747498,0.023266089104335773,-0.009162845854366993,0.020074089154407757,0.007339871744373039,-0.002640056599109264,0.01572863290547901,-0.010028788527344453,0.004709325641600867,0.0037797789539079835,False
regular,whole,hgb|history_unavailable|budget=27,hgb,history_unavailable,27,D_B_P_K,hgb::D_B_P_K,False,27,0.4399632335497686,1520,292,0.19210526315789472,0.4989951782425994,0.15957037971495722,0.5925536009102673,0.23257524733404883,-0.8490417006202305,0.3860250799913545,23,0.018368689504588274,0.00972849983830143,0.028097189342889704,-0.0052869590808411,0.02498475609391976,0.007521096372218552,0.0021910436394446675,0.020559733144032942,-0.0040082935698225325,0.008848637523050916,0.0032309095465160396,False
regular,whole,hgb|history_unavailable|budget=28,hgb,history_unavailable,28,D_B_P_K,hgb::D_B_P_K,False,27,0.4399632335497686,1520,292,0.19210526315789472,0.4989951782425994,0.15957037971495722,0.5925536009102673,0.23257524733404883,-0.8490417006202305,0.3860250799913545,23,0.018368689504588274,0.00972849983830143,0.028097189342889704,-0.0052869590808411,0.02498475609391976,0.007521096372218552,0.0021910436394446675,0.020559733144032942,-0.0040082935698225325,0.008848637523050916,0.0032309095465160396,False
regular,whole,hgb|history_unavailable|budget=29,hgb,history_unavailable,29,D_B_P_K,hgb::D_B_P_K,False,27,0.4399632335497686,1520,292,0.19210526315789472,0.4989951782425994,0.15957037971495722,0.5925536009102673,0.23257524733404883,-0.8490417006202305,0.3860250799913545,23,0.018368689504588274,0.00972849983830143,0.028097189342889704,-0.0052869590808411,0.02498475609391976,0.007521096372218552,0.0021910436394446675,0.020559733144032942,-0.0040082935698225325,0.008848637523050916,0.0032309095465160396,False
regular,whole,hgb|history_unavailable|budget=30,hgb,history_unavailable,30,D_B_P_K,hgb::D_B_P_K,False,27,0.4399632335497686,1520,292,0.19210526315789472,0.4989951782425994,0.15957037971495722,0.5925536009102673,0.23257524733404883,-0.8490417006202305,0.3860250799913545,23,0.018368689504588274,0.00972849983830143,0.028097189342889704,-0.0052869590808411,0.02498475609391976,0.007521096372218552,0.0021910436394446675,0.020559733144032942,-0.0040082935698225325,0.008848637523050916,0.0032309095465160396,False
regular,disjoint,ridge|history_available|budget=00,ridge,history_available,0,H,ridge::H,True,0,0.48355918053918057,879,171,0.1945392491467577,0.49064236776274006,0.15605453945675823,0.5379125780553078,0.2074943797595136,-0.11327029390462169,0.9169897489027299,20,0.02586534996186612,-0.0006485211770975163,0.025216828784768604,-0.0026783025130804146,0.0012947016300626064,0.0010269777760721775,-0.04391300889057881,-0.018047658928712688,-0.06830730775345187,-0.02008796182347984,0.01197988548687503,False
regular,disjoint,ridge|history_available|budget=01,ridge,history_available,1,H_B,ridge::H_B,True,1,0.4771882951878859,879,171,0.1945392491467577,0.49606228444118233,0.15805364958196014,0.5308834704463608,0.20399220789367328,-0.9026932583352497,0.3581197405571427,20,0.02586534996186612,0.00477139550134037,0.03063674546320649,-0.0036755005150151676,0.013027053356859605,0.0042399700451456095,-0.03849309221214092,-0.012627742250274802,-0.06131542137843026,-0.015703656609553775,0.011528501755748606,False
regular,disjoint,ridge|history_available|budget=02,ridge,history_available,2,H_B_A,ridge::H_B_A,True,2,0.47522173215114283,879,171,0.1945392491467577,0.5034984140823655,0.16121974926226873,0.5260308256516999,0.2000490469411912,-1.1215684781219253,0.21757583394679902,20,0.02586534996186612,0.012207525142520603,0.03807287510438673,0.0025128268765014215,0.02235803089034917,0.005012540164121509,-0.03105696257096069,-0.005191612609094568,-0.052621562127779464,-0.010569401866796408,0.010575498791993022,False
regular,disjoint,ridge|history_available|budget=03,ridge,history_available,3,H_B_M_A,ridge::H_B_M_A,True,3,0.47359281684148996,879,171,0.1945392491467577,0.49973899500730307,0.159897934515171,0.545965903459213,0.2148201389290272,-0.93938729880172,0.35271549693199167,20,0.02586534996186612,0.008448106067461547,0.03431345602932767,-0.0033510681440171554,0.020607632987809026,0.005994036673937515,-0.034816381646019745,-0.008951031684153624,-0.057551940623046006,-0.013277039389241274,0.011056019382241671,False
regular,disjoint,ridge|history_available|budget=04,ridge,history_available,4,H_D,ridge::H_D,True,4,0.4535315605074981,879,171,0.1945392491467577,0.5392927784165221,0.17236609425569113,0.5152971883569564,0.20434245614234472,-1.322930182778846,0.06630102130266144,20,0.02586534996186612,0.04800188947668077,0.0738672394385469,0.02776031586162208,0.0684363406967256,0.010264552785050608,0.004737401763199478,0.0306027517250656,-0.009291586085915867,0.01869354107483151,0.007175684567159441,False
regular,disjoint,ridge|history_available|budget=05,ridge,history_available,5,H_D_B,ridge::H_D_B,True,5,0.4506049781553576,879,171,0.1945392491467577,0.5397387412369443,0.17272317800594725,0.518064228367529,0.2031771842560384,-1.283637858966709,0.09184841746098082,20,0.02586534996186612,0.04844785229710308,0.0743132022589692,0.02885194050617422,0.06916527604252144,0.01050531311463919,0.005183364583621786,0.031048714545487906,-0.007541871598876782,0.01824023935886788,0.0065565879151722566,False
regular,disjoint,ridge|history_available|budget=06,ridge,history_available,6,H_D_B_A,ridge::H_D_B_A,True,6,0.44869545671346145,879,171,0.1945392491467577,0.5587260921668803,0.18210726788247555,0.5133478706181649,0.19265263641142083,-1.3474088511219875,0.05160031219278892,20,0.02586534996186612,0.06743520322703828,0.0933005531889044,0.04487120256167534,0.09031834858407123,0.011579150746897655,0.024170715513556984,0.05003606547542311,0.013633124184606518,0.03445735683093373,0.0052798603991828005,False
regular,disjoint,ridge|history_available|budget=07,ridge,history_available,7,H_D_B_A,ridge::H_D_B_A,True,6,0.44869545671346145,879,171,0.1945392491467577,0.5587260921668803,0.18210726788247555,0.5133478706181649,0.19265263641142083,-1.3474088511219875,0.05160031219278892,20,0.02586534996186612,0.06743520322703828,0.0933005531889044,0.04487120256167534,0.09031834858407123,0.011579150746897655,0.024170715513556984,0.05003606547542311,0.013633124184606518,0.03445735683093373,0.0052798603991828005,False
regular,disjoint,ridge|history_available|budget=08,ridge,history_available,8,H_D_B_A,ridge::H_D_B_A,True,6,0.44869545671346145,879,171,0.1945392491467577,0.5587260921668803,0.18210726788247555,0.5133478706181649,0.19265263641142083,-1.3474088511219875,0.05160031219278892,20,0.02586534996186612,0.06743520322703828,0.0933005531889044,0.04487120256167534,0.09031834858407123,0.011579150746897655,0.024170715513556984,0.05003606547542311,0.013633124184606518,0.03445735683093373,0.0052798603991828005,False
regular,disjoint,ridge|history_available|budget=09,ridge,history_available,9,H_D_B_A,ridge::H_D_B_A,True,6,0.44869545671346145,879,171,0.1945392491467577,0.5587260921668803,0.18210726788247555,0.5133478706181649,0.19265263641142083,-1.3474088511219875,0.05160031219278892,20,0.02586534996186612,0.06743520322703828,0.0933005531889044,0.04487120256167534,0.09031834858407123,0.011579150746897655,0.024170715513556984,0.05003606547542311,0.013633124184606518,0.03445735683093373,0.0052798603991828005,False
regular,disjoint,ridge|history_available|budget=10,ridge,history_available,10,H_D_B_A,ridge::H_D_B_A,True,6,0.44869545671346145,879,171,0.1945392491467577,0.5587260921668803,0.18210726788247555,0.5133478706181649,0.19265263641142083,-1.3474088511219875,0.05160031219278892,20,0.02586534996186612,0.06743520322703828,0.0933005531889044,0.04487120256167534,0.09031834858407123,0.011579150746897655,0.024170715513556984,0.05003606547542311,0.013633124184606518,0.03445735683093373,0.0052798603991828005,False
regular,disjoint,ridge|history_available|budget=11,ridge,history_available,11,H_D_B_A,ridge::H_D_B_A,True,6,0.44869545671346145,879,171,0.1945392491467577,0.5587260921668803,0.18210726788247555,0.5133478706181649,0.19265263641142083,-1.3474088511219875,0.05160031219278892,20,0.02586534996186612,0.06743520322703828,0.0933005531889044,0.04487120256167534,0.09031834858407123,0.011579150746897655,0.024170715513556984,0.05003606547542311,0.013633124184606518,0.03445735683093373,0.0052798603991828005,False
regular,disjoint,ridge|history_available|budget=12,ridge,history_available,12,H_D_B_A,ridge::H_D_B_A,True,6,0.44869545671346145,879,171,0.1945392491467577,0.5587260921668803,0.18210726788247555,0.5133478706181649,0.19265263641142083,-1.3474088511219875,0.05160031219278892,20,0.02586534996186612,0.06743520322703828,0.0933005531889044,0.04487120256167534,0.09031834858407123,0.011579150746897655,0.024170715513556984,0.05003606547542311,0.013633124184606518,0.03445735683093373,0.0052798603991828005,False
regular,disjoint,ridge|history_available|budget=13,ridge,history_available,13,H_D_B_A,ridge::H_D_B_A,True,6,0.44869545671346145,879,171,0.1945392491467577,0.5587260921668803,0.18210726788247555,0.5133478706181649,0.19265263641142083,-1.3474088511219875,0.05160031219278892,20,0.02586534996186612,0.06743520322703828,0.0933005531889044,0.04487120256167534,0.09031834858407123,0.011579150746897655,0.024170715513556984,0.05003606547542311,0.013633124184606518,0.03445735683093373,0.0052798603991828005,False
regular,disjoint,ridge|history_available|budget=14,ridge,history_available,14,H_D_B_A,ridge::H_D_B_A,True,6,0.44869545671346145,879,171,0.1945392491467577,0.5587260921668803,0.18210726788247555,0.5133478706181649,0.19265263641142083,-1.3474088511219875,0.05160031219278892,20,0.02586534996186612,0.06743520322703828,0.0933005531889044,0.04487120256167534,0.09031834858407123,0.011579150746897655,0.024170715513556984,0.05003606547542311,0.013633124184606518,0.03445735683093373,0.0052798603991828005,False
regular,disjoint,ridge|history_available|budget=15,ridge,history_available,15,H_D_K,ridge::H_D_K,True,15,0.44673349185890315,879,171,0.1945392491467577,0.5174263649995088,0.1637126486821946,0.5725129679188554,0.2341520380802317,-0.9971320900200694,0.2672135257367376,20,0.02586534996186612,0.026135476059668206,0.05200082602153433,0.0050604599665807215,0.04773429054349218,0.010948854284650571,-0.017129011653813087,0.008736338308053034,-0.028293643051269135,-0.0061717318947688005,0.005559459205912231,False
regular,disjoint,ridge|history_available|budget=16,ridge,history_available,16,H_D_A_K,ridge::H_D_A_K,True,16,0.44461576392117635,879,171,0.1945392491467577,0.5334087750651215,0.1707894721943299,0.5604866686490236,0.22029528206417306,-1.1188360450642796,0.19938577792076828,20,0.02586534996186612,0.04211788612527917,0.0679832360871453,0.01912207662786996,0.0658332650639347,0.011967429174243878,-0.001146601588202123,0.024718748373663998,-0.009558413551016193,0.007482927168896951,0.004281798315562136,False
regular,disjoint,ridge|history_available|budget=17,ridge,history_available,17,H_D_B_A_K,ridge::H_D_B_A_K,True,17,0.4426349509279068,879,171,0.1945392491467577,0.5351934093459418,0.17184090887056203,0.5609450887104768,0.21734435265640367,-1.1158765350177486,0.20043050287981673,20,0.02586534996186612,0.043902520406100154,0.06976787036796628,0.02059444516856177,0.06751048266786064,0.012017496174552946,0.0006380326926188618,0.026503382654484983,-0.005060292299062952,0.0064234575964005275,0.0029974287336126345,False
regular,disjoint,ridge|history_available|budget=18,ridge,history_available,18,H_D_B_A_K,ridge::H_D_B_A_K,True,17,0.4426349509279068,879,171,0.1945392491467577,0.5351934093459418,0.17184090887056203,0.5609450887104768,0.21734435265640367,-1.1158765350177486,0.20043050287981673,20,0.02586534996186612,0.043902520406100154,0.06976787036796628,0.02059444516856177,0.06751048266786064,0.012017496174552946,0.0006380326926188618,0.026503382654484983,-0.005060292299062952,0.0064234575964005275,0.0029974287336126345,False
regular,disjoint,ridge|history_available|budget=19,ridge,history_available,19,H_D_B_A_K,ridge::H_D_B_A_K,True,17,0.4426349509279068,879,171,0.1945392491467577,0.5351934093459418,0.17184090887056203,0.5609450887104768,0.21734435265640367,-1.1158765350177486,0.20043050287981673,20,0.02586534996186612,0.043902520406100154,0.06976787036796628,0.02059444516856177,0.06751048266786064,0.012017496174552946,0.0006380326926188618,0.026503382654484983,-0.005060292299062952,0.0064234575964005275,0.0029974287336126345,False
regular,disjoint,ridge|history_available|budget=20,ridge,history_available,20,H_D_B_A_K,ridge::H_D_B_A_K,True,17,0.4426349509279068,879,171,0.1945392491467577,0.5351934093459418,0.17184090887056203,0.5609450887104768,0.21734435265640367,-1.1158765350177486,0.20043050287981673,20,0.02586534996186612,0.043902520406100154,0.06976787036796628,0.02059444516856177,0.06751048266786064,0.012017496174552946,0.0006380326926188618,0.026503382654484983,-0.005060292299062952,0.0064234575964005275,0.0029974287336126345,False
regular,disjoint,ridge|history_available|budget=21,ridge,history_available,21,H_D_B_A_K,ridge::H_D_B_A_K,True,17,0.4426349509279068,879,171,0.1945392491467577,0.5351934093459418,0.17184090887056203,0.5609450887104768,0.21734435265640367,-1.1158765350177486,0.20043050287981673,20,0.02586534996186612,0.043902520406100154,0.06976787036796628,0.02059444516856177,0.06751048266786064,0.012017496174552946,0.0006380326926188618,0.026503382654484983,-0.005060292299062952,0.0064234575964005275,0.0029974287336126345,False
regular,disjoint,ridge|history_available|budget=22,ridge,history_available,22,H_D_B_A_K,ridge::H_D_B_A_K,True,17,0.4426349509279068,879,171,0.1945392491467577,0.5351934093459418,0.17184090887056203,0.5609450887104768,0.21734435265640367,-1.1158765350177486,0.20043050287981673,20,0.02586534996186612,0.043902520406100154,0.06976787036796628,0.02059444516856177,0.06751048266786064,0.012017496174552946,0.0006380326926188618,0.026503382654484983,-0.005060292299062952,0.0064234575964005275,0.0029974287336126345,False
regular,disjoint,ridge|history_available|budget=23,ridge,history_available,23,H_D_B_A_K,ridge::H_D_B_A_K,True,17,0.4426349509279068,879,171,0.1945392491467577,0.5351934093459418,0.17184090887056203,0.5609450887104768,0.21734435265640367,-1.1158765350177486,0.20043050287981673,20,0.02586534996186612,0.043902520406100154,0.06976787036796628,0.02059444516856177,0.06751048266786064,0.012017496174552946,0.0006380326926188618,0.026503382654484983,-0.005060292299062952,0.0064234575964005275,0.0029974287336126345,False
regular,disjoint,ridge|history_available|budget=24,ridge,history_available,24,H_D_B_A_K,ridge::H_D_B_A_K,True,17,0.4426349509279068,879,171,0.1945392491467577,0.5351934093459418,0.17184090887056203,0.5609450887104768,0.21734435265640367,-1.1158765350177486,0.20043050287981673,20,0.02586534996186612,0.043902520406100154,0.06976787036796628,0.02059444516856177,0.06751048266786064,0.012017496174552946,0.0006380326926188618,0.026503382654484983,-0.005060292299062952,0.0064234575964005275,0.0029974287336126345,False
regular,disjoint,ridge|history_available|budget=25,ridge,history_available,25,H_D_B_A_K,ridge::H_D_B_A_K,True,17,0.4426349509279068,879,171,0.1945392491467577,0.5351934093459418,0.17184090887056203,0.5609450887104768,0.21734435265640367,-1.1158765350177486,0.20043050287981673,20,0.02586534996186612,0.043902520406100154,0.06976787036796628,0.02059444516856177,0.06751048266786064,0.012017496174552946,0.0006380326926188618,0.026503382654484983,-0.005060292299062952,0.0064234575964005275,0.0029974287336126345,False
regular,disjoint,ridge|history_available|budget=26,ridge,history_available,26,H_D_B_A_K,ridge::H_D_B_A_K,True,17,0.4426349509279068,879,171,0.1945392491467577,0.5351934093459418,0.17184090887056203,0.5609450887104768,0.21734435265640367,-1.1158765350177486,0.20043050287981673,20,0.02586534996186612,0.043902520406100154,0.06976787036796628,0.02059444516856177,0.06751048266786064,0.012017496174552946,0.0006380326926188618,0.026503382654484983,-0.005060292299062952,0.0064234575964005275,0.0029974287336126345,False
regular,disjoint,ridge|history_available|budget=27,ridge,history_available,27,H_D_B_A_K,ridge::H_D_B_A_K,True,17,0.4426349509279068,879,171,0.1945392491467577,0.5351934093459418,0.17184090887056203,0.5609450887104768,0.21734435265640367,-1.1158765350177486,0.20043050287981673,20,0.02586534996186612,0.043902520406100154,0.06976787036796628,0.02059444516856177,0.06751048266786064,0.012017496174552946,0.0006380326926188618,0.026503382654484983,-0.005060292299062952,0.0064234575964005275,0.0029974287336126345,False
regular,disjoint,ridge|history_available|budget=28,ridge,history_available,28,H_D_B_A_K,ridge::H_D_B_A_K,True,17,0.4426349509279068,879,171,0.1945392491467577,0.5351934093459418,0.17184090887056203,0.5609450887104768,0.21734435265640367,-1.1158765350177486,0.20043050287981673,20,0.02586534996186612,0.043902520406100154,0.06976787036796628,0.02059444516856177,0.06751048266786064,0.012017496174552946,0.0006380326926188618,0.026503382654484983,-0.005060292299062952,0.0064234575964005275,0.0029974287336126345,False
regular,disjoint,ridge|history_available|budget=29,ridge,history_available,29,H_D_B_A_K,ridge::H_D_B_A_K,True,17,0.4426349509279068,879,171,0.1945392491467577,0.5351934093459418,0.17184090887056203,0.5609450887104768,0.21734435265640367,-1.1158765350177486,0.20043050287981673,20,0.02586534996186612,0.043902520406100154,0.06976787036796628,0.02059444516856177,0.06751048266786064,0.012017496174552946,0.0006380326926188618,0.026503382654484983,-0.005060292299062952,0.0064234575964005275,0.0029974287336126345,False
regular,disjoint,ridge|history_available|budget=30,ridge,history_available,30,H_D_B_A_K,ridge::H_D_B_A_K,True,17,0.4426349509279068,879,171,0.1945392491467577,0.5351934093459418,0.17184090887056203,0.5609450887104768,0.21734435265640367,-1.1158765350177486,0.20043050287981673,20,0.02586534996186612,0.043902520406100154,0.06976787036796628,0.02059444516856177,0.06751048266786064,0.012017496174552946,0.0006380326926188618,0.026503382654484983,-0.005060292299062952,0.0064234575964005275,0.0029974287336126345,False
regular,disjoint,ridge|history_unavailable|budget=00,ridge,history_unavailable,0,NONE,ridge::NONE,False,0,0.48682988510277087,879,171,0.1945392491467577,0.49278318589663,0.15670763351298547,0.5,0.1945392491467577,,,21,0.026599729992126713,0.0,0.0,0.0,0.0,0.0,-0.0395803748212718,-0.012980644829145089,-0.06412620280611599,-0.015844214778258377,0.012184192049147462,False
regular,disjoint,ridge|history_unavailable|budget=01,ridge,history_unavailable,1,B,ridge::B,False,1,0.47836982516873877,879,171,0.1945392491467577,0.4977029004113393,0.1580988743468423,0.5196914130901642,0.20148484381143722,-1.0771244666062698,0.23386284757938922,21,0.026599729992126713,0.004919714514699969,0.031519444506826685,-0.004149703227064332,0.01431512770055909,0.004683559588618638,-0.03466066030657183,-0.00806093031444512,-0.057844674723967975,-0.01134393105326966,0.011703671111800455,False
regular,disjoint,ridge|history_unavailable|budget=02,ridge,history_unavailable,2,B_A,ridge::B_A,False,2,0.4760069459526036,879,171,0.1945392491467577,0.5044740698531763,0.16096900602592007,0.5149172365943107,0.19898441273126252,-1.2607524128564718,0.11548195814296229,21,0.026599729992126713,0.011690883956542775,0.03829061394866949,0.0008247159041609054,0.022498725440241528,0.00554764382405082,-0.027889490864729027,-0.0012897608726023142,-0.04928810998370341,-0.0075186820991997695,0.010622234404328511,False
regular,disjoint,ridge|history_unavailable|budget=03,ridge,history_unavailable,3,B_M_A,ridge::B_M_A,False,3,0.4740775615749651,879,171,0.1945392491467577,0.5006105676109636,0.1596389924938264,0.5413775729342188,0.21820736071028624,-0.9973579684916666,0.30824179323823525,21,0.026599729992126713,0.007827381714327564,0.03442711170645428,-0.004951634348365358,0.020552143971193638,0.0065229126452821555,-0.03175299310694424,-0.005153263114817525,-0.0546590144752951,-0.010743957412813506,0.011078382050923768,False
regular,disjoint,ridge|history_unavailable|budget=04,ridge,history_unavailable,4,D,ridge::D,False,4,0.4574118701497685,879,171,0.1945392491467577,0.5378915959457742,0.17070915352044508,0.4898073809759804,0.19367889682834072,-1.436149959321751,-0.010163470881041787,21,0.026599729992126713,0.04510841004913907,0.07170814004126579,0.02466543970656693,0.06602935627959888,0.01042852047348335,0.005528035227867267,0.032127765219993984,-0.009756621133041802,0.021217649696925557,0.00787100368401574,False
regular,disjoint,ridge|history_unavailable|budget=05,ridge,history_unavailable,5,D_B,ridge::D_B,False,5,0.4531181739713088,879,171,0.1945392491467577,0.5386091656895604,0.17077005123983818,0.5070332375194107,0.19762874946064002,-1.3558735776568258,0.04245034598330229,21,0.026599729992126713,0.04582597979292574,0.07242570978505246,0.025269928672607207,0.06706130859318461,0.010959338848120373,0.00624560497165394,0.032845334963780656,-0.007539219952295037,0.020577813674344688,0.007203764339839373,False
regular,disjoint,ridge|history_unavailable|budget=06,ridge,history_unavailable,6,D_B_A,ridge::D_B_A,False,6,0.4508504505652878,879,171,0.1945392491467577,0.5567195413354133,0.18030359743284322,0.5004749397033073,0.18814038188856325,-1.4060191320400866,0.010110230660579034,21,0.026599729992126713,0.06393635543877835,0.09053608543090506,0.04093843648855291,0.08739969823569622,0.01184728871019311,0.024355980617506545,0.05095571060963326,0.013365295144992791,0.03555014413140774,0.005574560190987634,False
regular,disjoint,ridge|history_unavailable|budget=07,ridge,history_unavailable,7,D_B_M_A,ridge::D_B_M_A,False,7,0.450829043059727,879,171,0.1945392491467577,0.5501423372540947,0.17763417333702505,0.5136617438133941,0.19870126938424326,-1.348213481509603,0.05017146659326607,21,0.026599729992126713,0.05735915135745978,0.0839588813495865,0.034715533332348975,0.0806950167750902,0.011806892899671703,0.01777877653618798,0.044378506528314696,0.006963392198712909,0.02855017494081198,0.005510392547100202,False
regular,disjoint,ridge|history_unavailable|budget=08,ridge,history_unavailable,8,D_B_M_A,ridge::D_B_M_A,False,7,0.450829043059727,879,171,0.1945392491467577,0.5501423372540947,0.17763417333702505,0.5136617438133941,0.19870126938424326,-1.348213481509603,0.05017146659326607,21,0.026599729992126713,0.05735915135745978,0.0839588813495865,0.034715533332348975,0.0806950167750902,0.011806892899671703,0.01777877653618798,0.044378506528314696,0.006963392198712909,0.02855017494081198,0.005510392547100202,False
regular,disjoint,ridge|history_unavailable|budget=09,ridge,history_unavailable,9,D_B_M_A,ridge::D_B_M_A,False,7,0.450829043059727,879,171,0.1945392491467577,0.5501423372540947,0.17763417333702505,0.5136617438133941,0.19870126938424326,-1.348213481509603,0.05017146659326607,21,0.026599729992126713,0.05735915135745978,0.0839588813495865,0.034715533332348975,0.0806950167750902,0.011806892899671703,0.01777877653618798,0.044378506528314696,0.006963392198712909,0.02855017494081198,0.005510392547100202,False
regular,disjoint,ridge|history_unavailable|budget=10,ridge,history_unavailable,10,D_B_M_A,ridge::D_B_M_A,False,7,0.450829043059727,879,171,0.1945392491467577,0.5501423372540947,0.17763417333702505,0.5136617438133941,0.19870126938424326,-1.348213481509603,0.05017146659326607,21,0.026599729992126713,0.05735915135745978,0.0839588813495865,0.034715533332348975,0.0806950167750902,0.011806892899671703,0.01777877653618798,0.044378506528314696,0.006963392198712909,0.02855017494081198,0.005510392547100202,False
regular,disjoint,ridge|history_unavailable|budget=11,ridge,history_unavailable,11,D_B_M_A,ridge::D_B_M_A,False,7,0.450829043059727,879,171,0.1945392491467577,0.5501423372540947,0.17763417333702505,0.5136617438133941,0.19870126938424326,-1.348213481509603,0.05017146659326607,21,0.026599729992126713,0.05735915135745978,0.0839588813495865,0.034715533332348975,0.0806950167750902,0.011806892899671703,0.01777877653618798,0.044378506528314696,0.006963392198712909,0.02855017494081198,0.005510392547100202,False
regular,disjoint,ridge|history_unavailable|budget=12,ridge,history_unavailable,12,D_B_M_A,ridge::D_B_M_A,False,7,0.450829043059727,879,171,0.1945392491467577,0.5501423372540947,0.17763417333702505,0.5136617438133941,0.19870126938424326,-1.348213481509603,0.05017146659326607,21,0.026599729992126713,0.05735915135745978,0.0839588813495865,0.034715533332348975,0.0806950167750902,0.011806892899671703,0.01777877653618798,0.044378506528314696,0.006963392198712909,0.02855017494081198,0.005510392547100202,False
regular,disjoint,ridge|history_unavailable|budget=13,ridge,history_unavailable,13,D_B_M_A,ridge::D_B_M_A,False,7,0.450829043059727,879,171,0.1945392491467577,0.5501423372540947,0.17763417333702505,0.5136617438133941,0.19870126938424326,-1.348213481509603,0.05017146659326607,21,0.026599729992126713,0.05735915135745978,0.0839588813495865,0.034715533332348975,0.0806950167750902,0.011806892899671703,0.01777877653618798,0.044378506528314696,0.006963392198712909,0.02855017494081198,0.005510392547100202,False
regular,disjoint,ridge|history_unavailable|budget=14,ridge,history_unavailable,14,D_B_M_A,ridge::D_B_M_A,False,7,0.450829043059727,879,171,0.1945392491467577,0.5501423372540947,0.17763417333702505,0.5136617438133941,0.19870126938424326,-1.348213481509603,0.05017146659326607,21,0.026599729992126713,0.05735915135745978,0.0839588813495865,0.034715533332348975,0.0806950167750902,0.011806892899671703,0.01777877653618798,0.044378506528314696,0.006963392198712909,0.02855017494081198,0.005510392547100202,False
regular,disjoint,ridge|history_unavailable|budget=15,ridge,history_unavailable,15,D_K,ridge::D_K,False,15,0.4490996608581511,879,171,0.1945392491467577,0.5171251830520002,0.16281929020751473,0.5602636534839924,0.2321422353059932,-1.0156963042691038,0.24920633066996714,21,0.026599729992126713,0.024341997155364725,0.05094172714749144,0.0030642387059479415,0.04743998588140956,0.011333131682103734,-0.015238377665907077,0.011361352326219636,-0.027430833240237283,-0.0028542997705172136,0.0061955319637985885,False
regular,disjoint,ridge|history_unavailable|budget=16,ridge,history_unavailable,16,D_B_K,ridge::D_B_K,False,16,0.44601389412055115,879,171,0.1945392491467577,0.5180184243644196,0.1633391848037949,0.5672845012720125,0.2281561548043759,-1.0012001504781134,0.2577338707399636,21,0.026599729992126713,0.02523523846778558,0.0518349684599123,0.003583126306723937,0.04865314376542656,0.011470546453684366,-0.01434513635348622,0.012254593638640492,-0.024285382622976956,-0.0038387627693397324,0.005219723579259484,False
regular,disjoint,ridge|history_unavailable|budget=17,ridge,history_unavailable,17,D_B_A_K,ridge::D_B_A_K,False,17,0.4437539382006647,879,171,0.1945392491467577,0.5341370405572865,0.17046181658023662,0.5520451316615456,0.21720953597438625,-1.1321750554467227,0.18673329389934923,21,0.026599729992126713,0.041353854660651945,0.06795358465277866,0.017511422106001734,0.0657963460893604,0.01243188333180008,0.0017734798393801432,0.028373209831506856,-0.004443856720961173,0.00799815343445632,0.003193980842643815,False
regular,disjoint,ridge|history_unavailable|budget=18,ridge,history_unavailable,18,D_B_A_K,ridge::D_B_A_K,False,17,0.4437539382006647,879,171,0.1945392491467577,0.5341370405572865,0.17046181658023662,0.5520451316615456,0.21720953597438625,-1.1321750554467227,0.18673329389934923,21,0.026599729992126713,0.041353854660651945,0.06795358465277866,0.017511422106001734,0.0657963460893604,0.01243188333180008,0.0017734798393801432,0.028373209831506856,-0.004443856720961173,0.00799815343445632,0.003193980842643815,False
regular,disjoint,ridge|history_unavailable|budget=19,ridge,history_unavailable,19,D_B_A_K,ridge::D_B_A_K,False,17,0.4437539382006647,879,171,0.1945392491467577,0.5341370405572865,0.17046181658023662,0.5520451316615456,0.21720953597438625,-1.1321750554467227,0.18673329389934923,21,0.026599729992126713,0.041353854660651945,0.06795358465277866,0.017511422106001734,0.0657963460893604,0.01243188333180008,0.0017734798393801432,0.028373209831506856,-0.004443856720961173,0.00799815343445632,0.003193980842643815,False
regular,disjoint,ridge|history_unavailable|budget=20,ridge,history_unavailable,20,D_B_A_K,ridge::D_B_A_K,False,17,0.4437539382006647,879,171,0.1945392491467577,0.5341370405572865,0.17046181658023662,0.5520451316615456,0.21720953597438625,-1.1321750554467227,0.18673329389934923,21,0.026599729992126713,0.041353854660651945,0.06795358465277866,0.017511422106001734,0.0657963460893604,0.01243188333180008,0.0017734798393801432,0.028373209831506856,-0.004443856720961173,0.00799815343445632,0.003193980842643815,False
regular,disjoint,ridge|history_unavailable|budget=21,ridge,history_unavailable,21,D_B_A_K,ridge::D_B_A_K,False,17,0.4437539382006647,879,171,0.1945392491467577,0.5341370405572865,0.17046181658023662,0.5520451316615456,0.21720953597438625,-1.1321750554467227,0.18673329389934923,21,0.026599729992126713,0.041353854660651945,0.06795358465277866,0.017511422106001734,0.0657963460893604,0.01243188333180008,0.0017734798393801432,0.028373209831506856,-0.004443856720961173,0.00799815343445632,0.003193980842643815,False
regular,disjoint,ridge|history_unavailable|budget=22,ridge,history_unavailable,22,D_B_A_K,ridge::D_B_A_K,False,17,0.4437539382006647,879,171,0.1945392491467577,0.5341370405572865,0.17046181658023662,0.5520451316615456,0.21720953597438625,-1.1321750554467227,0.18673329389934923,21,0.026599729992126713,0.041353854660651945,0.06795358465277866,0.017511422106001734,0.0657963460893604,0.01243188333180008,0.0017734798393801432,0.028373209831506856,-0.004443856720961173,0.00799815343445632,0.003193980842643815,False
regular,disjoint,ridge|history_unavailable|budget=23,ridge,history_unavailable,23,D_B_A_K,ridge::D_B_A_K,False,17,0.4437539382006647,879,171,0.1945392491467577,0.5341370405572865,0.17046181658023662,0.5520451316615456,0.21720953597438625,-1.1321750554467227,0.18673329389934923,21,0.026599729992126713,0.041353854660651945,0.06795358465277866,0.017511422106001734,0.0657963460893604,0.01243188333180008,0.0017734798393801432,0.028373209831506856,-0.004443856720961173,0.00799815343445632,0.003193980842643815,False
regular,disjoint,ridge|history_unavailable|budget=24,ridge,history_unavailable,24,D_B_A_K,ridge::D_B_A_K,False,17,0.4437539382006647,879,171,0.1945392491467577,0.5341370405572865,0.17046181658023662,0.5520451316615456,0.21720953597438625,-1.1321750554467227,0.18673329389934923,21,0.026599729992126713,0.041353854660651945,0.06795358465277866,0.017511422106001734,0.0657963460893604,0.01243188333180008,0.0017734798393801432,0.028373209831506856,-0.004443856720961173,0.00799815343445632,0.003193980842643815,False
regular,disjoint,ridge|history_unavailable|budget=25,ridge,history_unavailable,25,D_B_A_K,ridge::D_B_A_K,False,17,0.4437539382006647,879,171,0.1945392491467577,0.5341370405572865,0.17046181658023662,0.5520451316615456,0.21720953597438625,-1.1321750554467227,0.18673329389934923,21,0.026599729992126713,0.041353854660651945,0.06795358465277866,0.017511422106001734,0.0657963460893604,0.01243188333180008,0.0017734798393801432,0.028373209831506856,-0.004443856720961173,0.00799815343445632,0.003193980842643815,False
regular,disjoint,ridge|history_unavailable|budget=26,ridge,history_unavailable,26,D_B_A_K,ridge::D_B_A_K,False,17,0.4437539382006647,879,171,0.1945392491467577,0.5341370405572865,0.17046181658023662,0.5520451316615456,0.21720953597438625,-1.1321750554467227,0.18673329389934923,21,0.026599729992126713,0.041353854660651945,0.06795358465277866,0.017511422106001734,0.0657963460893604,0.01243188333180008,0.0017734798393801432,0.028373209831506856,-0.004443856720961173,0.00799815343445632,0.003193980842643815,False
regular,disjoint,ridge|history_unavailable|budget=27,ridge,history_unavailable,27,D_B_A_K,ridge::D_B_A_K,False,17,0.4437539382006647,879,171,0.1945392491467577,0.5341370405572865,0.17046181658023662,0.5520451316615456,0.21720953597438625,-1.1321750554467227,0.18673329389934923,21,0.026599729992126713,0.041353854660651945,0.06795358465277866,0.017511422106001734,0.0657963460893604,0.01243188333180008,0.0017734798393801432,0.028373209831506856,-0.004443856720961173,0.00799815343445632,0.003193980842643815,False
regular,disjoint,ridge|history_unavailable|budget=28,ridge,history_unavailable,28,D_B_A_K,ridge::D_B_A_K,False,17,0.4437539382006647,879,171,0.1945392491467577,0.5341370405572865,0.17046181658023662,0.5520451316615456,0.21720953597438625,-1.1321750554467227,0.18673329389934923,21,0.026599729992126713,0.041353854660651945,0.06795358465277866,0.017511422106001734,0.0657963460893604,0.01243188333180008,0.0017734798393801432,0.028373209831506856,-0.004443856720961173,0.00799815343445632,0.003193980842643815,False
regular,disjoint,ridge|history_unavailable|budget=29,ridge,history_unavailable,29,D_B_A_K,ridge::D_B_A_K,False,17,0.4437539382006647,879,171,0.1945392491467577,0.5341370405572865,0.17046181658023662,0.5520451316615456,0.21720953597438625,-1.1321750554467227,0.18673329389934923,21,0.026599729992126713,0.041353854660651945,0.06795358465277866,0.017511422106001734,0.0657963460893604,0.01243188333180008,0.0017734798393801432,0.028373209831506856,-0.004443856720961173,0.00799815343445632,0.003193980842643815,False
regular,disjoint,ridge|history_unavailable|budget=30,ridge,history_unavailable,30,D_B_A_K,ridge::D_B_A_K,False,17,0.4437539382006647,879,171,0.1945392491467577,0.5341370405572865,0.17046181658023662,0.5520451316615456,0.21720953597438625,-1.1321750554467227,0.18673329389934923,21,0.026599729992126713,0.041353854660651945,0.06795358465277866,0.017511422106001734,0.0657963460893604,0.01243188333180008,0.0017734798393801432,0.028373209831506856,-0.004443856720961173,0.00799815343445632,0.003193980842643815,False
regular,disjoint,hgb|history_available|budget=00,hgb,history_available,0,H,hgb::H,True,0,0.48393828098496744,879,171,0.1945392491467577,0.49130271973832523,0.15623748788075928,0.5379125780553078,0.2074943797595136,-0.5213877869314824,0.6316780873868023,22,0.024504386688742618,1.1830798480993998e-05,0.024516217487223612,-0.00013178785623297468,0.0001504567985594895,7.258020600293827e-05,-0.026247201363465755,-0.0017428146747231373,-0.046248273399454816,-0.006624569932718906,0.010141095247129061,False
regular,disjoint,hgb|history_available|budget=01,hgb,history_available,1,H_B,hgb::H_B,True,1,0.4728432511070441,879,171,0.1945392491467577,0.49403494427453704,0.1572545862742117,0.5514132553606238,0.21275862373189167,-0.7736238782729576,0.44556211689167186,22,0.024504386688742618,0.0027440553346952945,0.027248442023437913,-0.007880220981497625,0.013369366943320296,0.005403196304852042,-0.023514976827251455,0.0009894098614911633,-0.0427314741578793,-0.00505148943646364,0.009643265627000958,False
regular,disjoint,hgb|history_available|budget=02,hgb,history_available,2,H_B_A,hgb::H_B_A,True,2,0.4711421513305405,879,171,0.1945392491467577,0.49871041837715574,0.15903301627702887,0.5367396834836621,0.20137330773418627,-0.9391775746305124,0.34896884525502403,22,0.024504386688742618,0.007419529437315664,0.031923916126058285,-0.0030595390687002204,0.018525780644669886,0.005475368913381654,-0.018839502724631085,0.005664883964111533,-0.037323669826618736,-0.0008049222491274493,0.00928858901165421,False
regular,disjoint,hgb|history_available|budget=03,hgb,history_available,3,H_B_A,hgb::H_B_A,True,2,0.4711421513305405,879,171,0.1945392491467577,0.49871041837715574,0.15903301627702887,0.5367396834836621,0.20137330773418627,-0.9391775746305124,0.34896884525502403,22,0.024504386688742618,0.007419529437315664,0.031923916126058285,-0.0030595390687002204,0.018525780644669886,0.005475368913381654,-0.018839502724631085,0.005664883964111533,-0.037323669826618736,-0.0008049222491274493,0.00928858901165421,False
regular,disjoint,hgb|history_available|budget=04,hgb,history_available,4,H_D,hgb::H_D,True,4,0.44569282903382124,879,171,0.1945392491467577,0.5325643548842128,0.17003705187047066,0.5318333498529751,0.202069193611722,-1.2799834790102687,0.09417515663754082,22,0.024504386688742618,0.0412734659443717,0.06577785263311432,0.02118628341061342,0.06122714289507701,0.010010743137668426,0.015014433782424952,0.03951882047116757,-0.0039696064532717314,0.0339670950076842,0.00960071351263907,False
regular,disjoint,hgb|history_available|budget=05,hgb,history_available,5,H_D_A,hgb::H_D_A,True,5,0.44503237912712074,879,171,0.1945392491467577,0.5475292384100778,0.17700174195028806,0.5149089767733835,0.19280494103849677,-1.3759448205746074,0.031115996625909557,22,0.024504386688742618,0.056238349470235816,0.08074273615897844,0.03561133287444975,0.07671418199341382,0.010420554662258467,0.029979317308289066,0.05448370399703169,0.011175865972748994,0.049590216748404504,0.00958019316973912,False
regular,disjoint,hgb|history_available|budget=06,hgb,history_available,6,H_D_B_C,hgb::H_D_B_C,True,6,0.4446644717140893,879,171,0.1945392491467577,0.5338622446799164,0.17317330131407546,0.5343856345194437,0.2022828817767095,-1.236756870910744,0.12764176868979543,22,0.024504386688742618,0.0425713557400747,0.06707574242881732,0.02398229516469902,0.06170285747364247,0.00975495760645017,0.016312323578127952,0.04081671026687057,0.000373332956556194,0.032256049621933944,0.00825565910762775,False
regular,disjoint,hgb|history_available|budget=07,hgb,history_available,7,H_D_B_C_A,hgb::H_D_B_C_A,True,7,0.44401148300856313,879,171,0.1945392491467577,0.5500415145268946,0.18073528802364017,0.5253493904252156,0.19565165171256998,-1.3342608941249527,0.062395753730805505,22,0.024504386688742618,0.05875062558705196,0.08325501227579458,0.03865861170430998,0.0796497701099103,0.010468633509686283,0.032491593425105214,0.056995980113847836,0.01635508711489219,0.04881483471502918,0.008385743949682846,False
regular,disjoint,hgb|history_available|budget=08,hgb,history_available,8,H_D_B_C_A,hgb::H_D_B_C_A,True,7,0.44401148300856313,879,171,0.1945392491467577,0.5500415145268946,0.18073528802364017,0.5253493904252156,0.19565165171256998,-1.3342608941249527,0.062395753730805505,22,0.024504386688742618,0.05875062558705196,0.08325501227579458,0.03865861170430998,0.0796497701099103,0.010468633509686283,0.032491593425105214,0.056995980113847836,0.01635508711489219,0.04881483471502918,0.008385743949682846,False
regular,disjoint,hgb|history_available|budget=09,hgb,history_available,9,H_D_B_C_A,hgb::H_D_B_C_A,True,7,0.44401148300856313,879,171,0.1945392491467577,0.5500415145268946,0.18073528802364017,0.5253493904252156,0.19565165171256998,-1.3342608941249527,0.062395753730805505,22,0.024504386688742618,0.05875062558705196,0.08325501227579458,0.03865861170430998,0.0796497701099103,0.010468633509686283,0.032491593425105214,0.056995980113847836,0.01635508711489219,0.04881483471502918,0.008385743949682846,False
regular,disjoint,hgb|history_available|budget=10,hgb,history_available,10,H_D_B_C_A,hgb::H_D_B_C_A,True,7,0.44401148300856313,879,171,0.1945392491467577,0.5500415145268946,0.18073528802364017,0.5253493904252156,0.19565165171256998,-1.3342608941249527,0.062395753730805505,22,0.024504386688742618,0.05875062558705196,0.08325501227579458,0.03865861170430998,0.0796497701099103,0.010468633509686283,0.032491593425105214,0.056995980113847836,0.01635508711489219,0.04881483471502918,0.008385743949682846,False
regular,disjoint,hgb|history_available|budget=11,hgb,history_available,11,H_D_B_C_A,hgb::H_D_B_C_A,True,7,0.44401148300856313,879,171,0.1945392491467577,0.5500415145268946,0.18073528802364017,0.5253493904252156,0.19565165171256998,-1.3342608941249527,0.062395753730805505,22,0.024504386688742618,0.05875062558705196,0.08325501227579458,0.03865861170430998,0.0796497701099103,0.010468633509686283,0.032491593425105214,0.056995980113847836,0.01635508711489219,0.04881483471502918,0.008385743949682846,False
regular,disjoint,hgb|history_available|budget=12,hgb,history_available,12,H_D_B_C_A,hgb::H_D_B_C_A,True,7,0.44401148300856313,879,171,0.1945392491467577,0.5500415145268946,0.18073528802364017,0.5253493904252156,0.19565165171256998,-1.3342608941249527,0.062395753730805505,22,0.024504386688742618,0.05875062558705196,0.08325501227579458,0.03865861170430998,0.0796497701099103,0.010468633509686283,0.032491593425105214,0.056995980113847836,0.01635508711489219,0.04881483471502918,0.008385743949682846,False
regular,disjoint,hgb|history_available|budget=13,hgb,history_available,13,H_D_B_C_A,hgb::H_D_B_C_A,True,7,0.44401148300856313,879,171,0.1945392491467577,0.5500415145268946,0.18073528802364017,0.5253493904252156,0.19565165171256998,-1.3342608941249527,0.062395753730805505,22,0.024504386688742618,0.05875062558705196,0.08325501227579458,0.03865861170430998,0.0796497701099103,0.010468633509686283,0.032491593425105214,0.056995980113847836,0.01635508711489219,0.04881483471502918,0.008385743949682846,False
regular,disjoint,hgb|history_available|budget=14,hgb,history_available,14,H_D_B_C_A,hgb::H_D_B_C_A,True,7,0.44401148300856313,879,171,0.1945392491467577,0.5500415145268946,0.18073528802364017,0.5253493904252156,0.19565165171256998,-1.3342608941249527,0.062395753730805505,22,0.024504386688742618,0.05875062558705196,0.08325501227579458,0.03865861170430998,0.0796497701099103,0.010468633509686283,0.032491593425105214,0.056995980113847836,0.01635508711489219,0.04881483471502918,0.008385743949682846,False
regular,disjoint,hgb|history_available|budget=15,hgb,history_available,15,H_D_P,hgb::H_D_P,True,15,0.43735022465141393,879,171,0.1945392491467577,0.5363620693788859,0.17275426453060502,0.5224749727425909,0.19713465395748708,-1.3086056123213536,0.07626990290383695,22,0.024504386688742618,0.04507118043904407,0.06957556712778669,0.02657552692673119,0.06397928953990954,0.009573490687047798,0.018812148277097318,0.04331653496583994,0.0018295269052221897,0.0352169902224482,0.008393571924807653,False
regular,disjoint,hgb|history_available|budget=16,hgb,history_available,16,H_D_P_A,hgb::H_D_P_A,True,16,0.43602444448701694,879,171,0.1945392491467577,0.5509113218295636,0.17987729174765493,0.511997389896587,0.18854251979932168,-1.3948477307541227,0.018163101219523515,22,0.024504386688742618,0.059620432889722796,0.08412481957846542,0.03910879794219417,0.07891768775694419,0.010160792091674102,0.03336140072777605,0.05786578741651867,0.016025364055828103,0.050158175647549236,0.008664019024680412,False
regular,disjoint,hgb|history_available|budget=17,hgb,history_available,17,H_D_B_P_C,hgb::H_D_B_P_C,True,17,0.4355881374064304,879,171,0.1945392491467577,0.539370960364635,0.1752155529300073,0.5198896487924142,0.19552660305510255,-1.314868297377835,0.07251561665492512,22,0.024504386688742618,0.04808007142479315,0.07258445811353577,0.02916725960821183,0.06733756641149662,0.009627056771276633,0.021821039262846398,0.04632542595158902,0.008670750502228425,0.03486967219847287,0.0067348542382200186,False
regular,disjoint,hgb|history_available|budget=18,hgb,history_available,18,H_D_B_P_C,hgb::H_D_B_P_C,True,17,0.4355881374064304,879,171,0.1945392491467577,0.539370960364635,0.1752155529300073,0.5198896487924142,0.19552660305510255,-1.314868297377835,0.07251561665492512,22,0.024504386688742618,0.04808007142479315,0.07258445811353577,0.02916725960821183,0.06733756641149662,0.009627056771276633,0.021821039262846398,0.04632542595158902,0.008670750502228425,0.03486967219847287,0.0067348542382200186,False
regular,disjoint,hgb|history_available|budget=19,hgb,history_available,19,H_D_B_P_C,hgb::H_D_B_P_C,True,17,0.4355881374064304,879,171,0.1945392491467577,0.539370960364635,0.1752155529300073,0.5198896487924142,0.19552660305510255,-1.314868297377835,0.07251561665492512,22,0.024504386688742618,0.04808007142479315,0.07258445811353577,0.02916725960821183,0.06733756641149662,0.009627056771276633,0.021821039262846398,0.04632542595158902,0.008670750502228425,0.03486967219847287,0.0067348542382200186,False
regular,disjoint,hgb|history_available|budget=20,hgb,history_available,20,H_D_B_P_C,hgb::H_D_B_P_C,True,17,0.4355881374064304,879,171,0.1945392491467577,0.539370960364635,0.1752155529300073,0.5198896487924142,0.19552660305510255,-1.314868297377835,0.07251561665492512,22,0.024504386688742618,0.04808007142479315,0.07258445811353577,0.02916725960821183,0.06733756641149662,0.009627056771276633,0.021821039262846398,0.04632542595158902,0.008670750502228425,0.03486967219847287,0.0067348542382200186,False
regular,disjoint,hgb|history_available|budget=21,hgb,history_available,21,H_D_B_P_C,hgb::H_D_B_P_C,True,17,0.4355881374064304,879,171,0.1945392491467577,0.539370960364635,0.1752155529300073,0.5198896487924142,0.19552660305510255,-1.314868297377835,0.07251561665492512,22,0.024504386688742618,0.04808007142479315,0.07258445811353577,0.02916725960821183,0.06733756641149662,0.009627056771276633,0.021821039262846398,0.04632542595158902,0.008670750502228425,0.03486967219847287,0.0067348542382200186,False
regular,disjoint,hgb|history_available|budget=22,hgb,history_available,22,H_D_B_P_C,hgb::H_D_B_P_C,True,17,0.4355881374064304,879,171,0.1945392491467577,0.539370960364635,0.1752155529300073,0.5198896487924142,0.19552660305510255,-1.314868297377835,0.07251561665492512,22,0.024504386688742618,0.04808007142479315,0.07258445811353577,0.02916725960821183,0.06733756641149662,0.009627056771276633,0.021821039262846398,0.04632542595158902,0.008670750502228425,0.03486967219847287,0.0067348542382200186,False
regular,disjoint,hgb|history_available|budget=23,hgb,history_available,23,H_D_B_P_C,hgb::H_D_B_P_C,True,17,0.4355881374064304,879,171,0.1945392491467577,0.539370960364635,0.1752155529300073,0.5198896487924142,0.19552660305510255,-1.314868297377835,0.07251561665492512,22,0.024504386688742618,0.04808007142479315,0.07258445811353577,0.02916725960821183,0.06733756641149662,0.009627056771276633,0.021821039262846398,0.04632542595158902,0.008670750502228425,0.03486967219847287,0.0067348542382200186,False
regular,disjoint,hgb|history_available|budget=24,hgb,history_available,24,H_D_B_P_C,hgb::H_D_B_P_C,True,17,0.4355881374064304,879,171,0.1945392491467577,0.539370960364635,0.1752155529300073,0.5198896487924142,0.19552660305510255,-1.314868297377835,0.07251561665492512,22,0.024504386688742618,0.04808007142479315,0.07258445811353577,0.02916725960821183,0.06733756641149662,0.009627056771276633,0.021821039262846398,0.04632542595158902,0.008670750502228425,0.03486967219847287,0.0067348542382200186,False
regular,disjoint,hgb|history_available|budget=25,hgb,history_available,25,H_D_B_P_C,hgb::H_D_B_P_C,True,17,0.4355881374064304,879,171,0.1945392491467577,0.539370960364635,0.1752155529300073,0.5198896487924142,0.19552660305510255,-1.314868297377835,0.07251561665492512,22,0.024504386688742618,0.04808007142479315,0.07258445811353577,0.02916725960821183,0.06733756641149662,0.009627056771276633,0.021821039262846398,0.04632542595158902,0.008670750502228425,0.03486967219847287,0.0067348542382200186,False
regular,disjoint,hgb|history_available|budget=26,hgb,history_available,26,H_D_B_P_C,hgb::H_D_B_P_C,True,17,0.4355881374064304,879,171,0.1945392491467577,0.539370960364635,0.1752155529300073,0.5198896487924142,0.19552660305510255,-1.314868297377835,0.07251561665492512,22,0.024504386688742618,0.04808007142479315,0.07258445811353577,0.02916725960821183,0.06733756641149662,0.009627056771276633,0.021821039262846398,0.04632542595158902,0.008670750502228425,0.03486967219847287,0.0067348542382200186,False
regular,disjoint,hgb|history_available|budget=27,hgb,history_available,27,H_D_B_P_K,hgb::H_D_B_P_K,True,27,0.4352168403015964,879,171,0.1945392491467577,0.5156499273570778,0.16375667634616348,0.5596359070935342,0.22436129006962335,-1.0285924789928276,0.24582288781521683,22,0.024504386688742618,0.024359038417236245,0.04886342510597887,0.004227386930581868,0.04408737991198918,0.010131492903855089,-0.0018999937447105042,0.022604392944032114,-0.008606775705710995,0.004993663534843696,0.0034536453715391623,False
regular,disjoint,hgb|history_available|budget=28,hgb,history_available,28,H_D_B_P_K,hgb::H_D_B_P_K,True,27,0.4352168403015964,879,171,0.1945392491467577,0.5156499273570778,0.16375667634616348,0.5596359070935342,0.22436129006962335,-1.0285924789928276,0.24582288781521683,22,0.024504386688742618,0.024359038417236245,0.04886342510597887,0.004227386930581868,0.04408737991198918,0.010131492903855089,-0.0018999937447105042,0.022604392944032114,-0.008606775705710995,0.004993663534843696,0.0034536453715391623,False
regular,disjoint,hgb|history_available|budget=29,hgb,history_available,29,H_D_B_P_K,hgb::H_D_B_P_K,True,27,0.4352168403015964,879,171,0.1945392491467577,0.5156499273570778,0.16375667634616348,0.5596359070935342,0.22436129006962335,-1.0285924789928276,0.24582288781521683,22,0.024504386688742618,0.024359038417236245,0.04886342510597887,0.004227386930581868,0.04408737991198918,0.010131492903855089,-0.0018999937447105042,0.022604392944032114,-0.008606775705710995,0.004993663534843696,0.0034536453715391623,False
regular,disjoint,hgb|history_available|budget=30,hgb,history_available,30,H_D_B_P_K,hgb::H_D_B_P_K,True,27,0.4352168403015964,879,171,0.1945392491467577,0.5156499273570778,0.16375667634616348,0.5596359070935342,0.22436129006962335,-1.0285924789928276,0.24582288781521683,22,0.024504386688742618,0.024359038417236245,0.04886342510597887,0.004227386930581868,0.04408737991198918,0.010131492903855089,-0.0018999937447105042,0.022604392944032114,-0.008606775705710995,0.004993663534843696,0.0034536453715391623,False
regular,disjoint,hgb|history_unavailable|budget=00,hgb,history_unavailable,0,NONE,hgb::NONE,False,0,0.48682988510277087,879,171,0.1945392491467577,0.49278318589663,0.15670763351298547,0.5,0.1945392491467577,,,23,0.02534507197966607,0.0,0.0,0.0,0.0,0.0,-0.025717910609404926,-0.00037283862973885515,-0.0463242100018318,-0.005626825848843228,0.010254822633282184,False
regular,disjoint,hgb|history_unavailable|budget=01,hgb,history_unavailable,1,B,hgb::B,False,1,0.4765599670766729,879,171,0.1945392491467577,0.5005474180655476,0.15912587346207763,0.5193816698053986,0.20138721883193844,-1.154808928796127,0.18071168561017978,23,0.02534507197966607,0.0077642321689145866,0.033109304148580654,-0.002404504386327748,0.018275396662156065,0.005286156179684995,-0.01795367844049034,0.007391393539175731,-0.0365950090324598,0.0006327382522986521,0.00953069323392779,False
regular,disjoint,hgb|history_unavailable|budget=02,hgb,history_unavailable,2,B_A,hgb::B_A,False,2,0.47352204995587244,879,171,0.1945392491467577,0.5072890587289288,0.16157097749304786,0.5020938646050153,0.19390993505115994,-1.2901563176197535,0.09535639063168053,23,0.02534507197966607,0.01450587283229271,0.03985094481195878,0.0025700957236251556,0.02661469210653224,0.00622297175373351,-0.011212037777112216,0.014133034202553855,-0.0294160473878485,0.006434187625168801,0.009219906755336984,False
regular,disjoint,hgb|history_unavailable|budget=03,hgb,history_unavailable,3,B_M_A,hgb::B_M_A,False,3,0.4734961047016346,879,171,0.1945392491467577,0.49662167734528057,0.15829100693481835,0.5468786136716557,0.2169408720450287,-0.8879370762621951,0.38813186730788896,23,0.02534507197966607,0.003838491448645731,0.029183563428311802,-0.007599687004080122,0.015627576886004895,0.005851003844776846,-0.021879419160759195,0.003465652818906876,-0.040269514110476134,-0.004442899547911672,0.009275638836585285,False
regular,disjoint,hgb|history_unavailable|budget=04,hgb,history_unavailable,4,D,hgb::D,False,4,0.45635682995858146,879,171,0.1945392491467577,0.5419202585457665,0.1716797749931766,0.49501106816004226,0.19169407047518852,-1.520859945861251,-0.06514792356346608,23,0.02534507197966607,0.04913707264913164,0.07448214462879771,0.027005935946565012,0.07019757418429663,0.010717099257867568,0.023419162039726715,0.04876423401939278,0.004509820367896533,0.042403459744994335,0.009630319961593827,False
regular,disjoint,hgb|history_unavailable|budget=05,hgb,history_unavailable,5,D_A,hgb::D_A,False,5,0.4531285285902286,879,171,0.1945392491467577,0.5531193713512981,0.17778423279141742,0.48600373343905895,0.18461895560682093,-1.5633470342720261,-0.09647406542870725,23,0.02534507197966607,0.06033618545466385,0.08568125743432992,0.037990421593691745,0.08173246889242744,0.011038751638234402,0.03461827484525892,0.05996334682492499,0.01688395274616129,0.053152622264949344,0.009298097836580576,False
regular,disjoint,hgb|history_unavailable|budget=06,hgb,history_unavailable,6,D_C_A,hgb::D_C_A,False,6,0.4521771466611788,879,171,0.1945392491467577,0.5501816597117936,0.17909794912531007,0.5021475534410413,0.19138468275316634,-1.4372981440540682,-0.011625323688041119,23,0.02534507197966607,0.057398473815158224,0.08274354579482429,0.035683113484031685,0.07967241655957452,0.010949437309526184,0.0316805632057533,0.057025635185419365,0.013395413849105137,0.050616680205218915,0.009543099014615154,False
regular,disjoint,hgb|history_unavailable|budget=07,hgb,history_unavailable,7,D_B_C_A,hgb::D_B_C_A,False,7,0.45118026129492866,879,171,0.1945392491467577,0.5612021557245825,0.1839166722673507,0.4961220140747349,0.18543369541976984,-1.508555265355056,-0.06203133967319417,23,0.02534507197966607,0.06841896982794854,0.0937640418076146,0.046852622251352206,0.09120229105402686,0.011286296644467751,0.04270105921854361,0.06804613119820968,0.025981572696782036,0.05925584908808117,0.00850616843384754,False
regular,disjoint,hgb|history_unavailable|budget=08,hgb,history_unavailable,8,D_B_C_A,hgb::D_B_C_A,False,7,0.45118026129492866,879,171,0.1945392491467577,0.5612021557245825,0.1839166722673507,0.4961220140747349,0.18543369541976984,-1.508555265355056,-0.06203133967319417,23,0.02534507197966607,0.06841896982794854,0.0937640418076146,0.046852622251352206,0.09120229105402686,0.011286296644467751,0.04270105921854361,0.06804613119820968,0.025981572696782036,0.05925584908808117,0.00850616843384754,False
regular,disjoint,hgb|history_unavailable|budget=09,hgb,history_unavailable,9,D_B_C_A,hgb::D_B_C_A,False,7,0.45118026129492866,879,171,0.1945392491467577,0.5612021557245825,0.1839166722673507,0.4961220140747349,0.18543369541976984,-1.508555265355056,-0.06203133967319417,23,0.02534507197966607,0.06841896982794854,0.0937640418076146,0.046852622251352206,0.09120229105402686,0.011286296644467751,0.04270105921854361,0.06804613119820968,0.025981572696782036,0.05925584908808117,0.00850616843384754,False
regular,disjoint,hgb|history_unavailable|budget=10,hgb,history_unavailable,10,D_B_C_A,hgb::D_B_C_A,False,7,0.45118026129492866,879,171,0.1945392491467577,0.5612021557245825,0.1839166722673507,0.4961220140747349,0.18543369541976984,-1.508555265355056,-0.06203133967319417,23,0.02534507197966607,0.06841896982794854,0.0937640418076146,0.046852622251352206,0.09120229105402686,0.011286296644467751,0.04270105921854361,0.06804613119820968,0.025981572696782036,0.05925584908808117,0.00850616843384754,False
regular,disjoint,hgb|history_unavailable|budget=11,hgb,history_unavailable,11,D_B_C_A,hgb::D_B_C_A,False,7,0.45118026129492866,879,171,0.1945392491467577,0.5612021557245825,0.1839166722673507,0.4961220140747349,0.18543369541976984,-1.508555265355056,-0.06203133967319417,23,0.02534507197966607,0.06841896982794854,0.0937640418076146,0.046852622251352206,0.09120229105402686,0.011286296644467751,0.04270105921854361,0.06804613119820968,0.025981572696782036,0.05925584908808117,0.00850616843384754,False
regular,disjoint,hgb|history_unavailable|budget=12,hgb,history_unavailable,12,D_B_C_A,hgb::D_B_C_A,False,7,0.45118026129492866,879,171,0.1945392491467577,0.5612021557245825,0.1839166722673507,0.4961220140747349,0.18543369541976984,-1.508555265355056,-0.06203133967319417,23,0.02534507197966607,0.06841896982794854,0.0937640418076146,0.046852622251352206,0.09120229105402686,0.011286296644467751,0.04270105921854361,0.06804613119820968,0.025981572696782036,0.05925584908808117,0.00850616843384754,False
regular,disjoint,hgb|history_unavailable|budget=13,hgb,history_unavailable,13,D_B_C_A,hgb::D_B_C_A,False,7,0.45118026129492866,879,171,0.1945392491467577,0.5612021557245825,0.1839166722673507,0.4961220140747349,0.18543369541976984,-1.508555265355056,-0.06203133967319417,23,0.02534507197966607,0.06841896982794854,0.0937640418076146,0.046852622251352206,0.09120229105402686,0.011286296644467751,0.04270105921854361,0.06804613119820968,0.025981572696782036,0.05925584908808117,0.00850616843384754,False
regular,disjoint,hgb|history_unavailable|budget=14,hgb,history_unavailable,14,D_B_C_A,hgb::D_B_C_A,False,7,0.45118026129492866,879,171,0.1945392491467577,0.5612021557245825,0.1839166722673507,0.4961220140747349,0.18543369541976984,-1.508555265355056,-0.06203133967319417,23,0.02534507197966607,0.06841896982794854,0.0937640418076146,0.046852622251352206,0.09120229105402686,0.011286296644467751,0.04270105921854361,0.06804613119820968,0.025981572696782036,0.05925584908808117,0.00850616843384754,False
regular,disjoint,hgb|history_unavailable|budget=15,hgb,history_unavailable,15,D_K,hgb::D_K,False,15,0.44496841652517655,879,171,0.1945392491467577,0.5082763085113015,0.15979037943157962,0.5631050318829087,0.2471813080089235,-0.9380399715005486,0.30347537542994113,23,0.02534507197966607,0.015493122614666899,0.040838194594332966,-0.004765728773119096,0.03635110314728355,0.010279799262056103,-0.010224787994738027,0.015120283984928044,-0.024451134035979316,0.004415997673345198,0.0073975455010979905,False
regular,disjoint,hgb|history_unavailable|budget=16,hgb,history_unavailable,16,D_B_K,hgb::D_B_K,False,16,0.4435471002753364,879,171,0.1945392491467577,0.5122841217396968,0.16161280216751328,0.563885584960518,0.2365977833682821,-0.976513778460979,0.27805989581809876,23,0.02534507197966607,0.01950093584306095,0.04484600782272702,-0.0009619216399221554,0.040961694511357796,0.010652621730627775,-0.0062169747663439745,0.019128097213322096,-0.017320764973375032,0.0055087294732331085,0.005917965592331035,False
regular,disjoint,hgb|history_unavailable|budget=17,hgb,history_unavailable,17,D_B_C_K,hgb::D_B_C_K,False,17,0.4426518467692973,879,171,0.1945392491467577,0.5110653243421246,0.16292383843116273,0.5697128886245746,0.2316387869397437,-0.953222785719847,0.30135422634360653,23,0.02534507197966607,0.018282138445489704,0.04362721042515577,-0.0009686960048813003,0.03914640726632673,0.010249640613045197,-0.007435772163915222,0.01790929981575085,-0.017898146427026206,0.0030647619940466744,0.005282580294909487,False
regular,disjoint,hgb|history_unavailable|budget=18,hgb,history_unavailable,18,D_B_C_K,hgb::D_B_C_K,False,17,0.4426518467692973,879,171,0.1945392491467577,0.5110653243421246,0.16292383843116273,0.5697128886245746,0.2316387869397437,-0.953222785719847,0.30135422634360653,23,0.02534507197966607,0.018282138445489704,0.04362721042515577,-0.0009686960048813003,0.03914640726632673,0.010249640613045197,-0.007435772163915222,0.01790929981575085,-0.017898146427026206,0.0030647619940466744,0.005282580294909487,False
regular,disjoint,hgb|history_unavailable|budget=19,hgb,history_unavailable,19,D_B_C_K,hgb::D_B_C_K,False,17,0.4426518467692973,879,171,0.1945392491467577,0.5110653243421246,0.16292383843116273,0.5697128886245746,0.2316387869397437,-0.953222785719847,0.30135422634360653,23,0.02534507197966607,0.018282138445489704,0.04362721042515577,-0.0009686960048813003,0.03914640726632673,0.010249640613045197,-0.007435772163915222,0.01790929981575085,-0.017898146427026206,0.0030647619940466744,0.005282580294909487,False
regular,disjoint,hgb|history_unavailable|budget=20,hgb,history_unavailable,20,D_B_C_K,hgb::D_B_C_K,False,17,0.4426518467692973,879,171,0.1945392491467577,0.5110653243421246,0.16292383843116273,0.5697128886245746,0.2316387869397437,-0.953222785719847,0.30135422634360653,23,0.02534507197966607,0.018282138445489704,0.04362721042515577,-0.0009686960048813003,0.03914640726632673,0.010249640613045197,-0.007435772163915222,0.01790929981575085,-0.017898146427026206,0.0030647619940466744,0.005282580294909487,False
regular,disjoint,hgb|history_unavailable|budget=21,hgb,history_unavailable,21,D_B_C_K,hgb::D_B_C_K,False,17,0.4426518467692973,879,171,0.1945392491467577,0.5110653243421246,0.16292383843116273,0.5697128886245746,0.2316387869397437,-0.953222785719847,0.30135422634360653,23,0.02534507197966607,0.018282138445489704,0.04362721042515577,-0.0009686960048813003,0.03914640726632673,0.010249640613045197,-0.007435772163915222,0.01790929981575085,-0.017898146427026206,0.0030647619940466744,0.005282580294909487,False
regular,disjoint,hgb|history_unavailable|budget=22,hgb,history_unavailable,22,D_B_C_K,hgb::D_B_C_K,False,17,0.4426518467692973,879,171,0.1945392491467577,0.5110653243421246,0.16292383843116273,0.5697128886245746,0.2316387869397437,-0.953222785719847,0.30135422634360653,23,0.02534507197966607,0.018282138445489704,0.04362721042515577,-0.0009686960048813003,0.03914640726632673,0.010249640613045197,-0.007435772163915222,0.01790929981575085,-0.017898146427026206,0.0030647619940466744,0.005282580294909487,False
regular,disjoint,hgb|history_unavailable|budget=23,hgb,history_unavailable,23,D_B_C_K,hgb::D_B_C_K,False,17,0.4426518467692973,879,171,0.1945392491467577,0.5110653243421246,0.16292383843116273,0.5697128886245746,0.2316387869397437,-0.953222785719847,0.30135422634360653,23,0.02534507197966607,0.018282138445489704,0.04362721042515577,-0.0009686960048813003,0.03914640726632673,0.010249640613045197,-0.007435772163915222,0.01790929981575085,-0.017898146427026206,0.0030647619940466744,0.005282580294909487,False
regular,disjoint,hgb|history_unavailable|budget=24,hgb,history_unavailable,24,D_B_C_K,hgb::D_B_C_K,False,17,0.4426518467692973,879,171,0.1945392491467577,0.5110653243421246,0.16292383843116273,0.5697128886245746,0.2316387869397437,-0.953222785719847,0.30135422634360653,23,0.02534507197966607,0.018282138445489704,0.04362721042515577,-0.0009686960048813003,0.03914640726632673,0.010249640613045197,-0.007435772163915222,0.01790929981575085,-0.017898146427026206,0.0030647619940466744,0.005282580294909487,False
regular,disjoint,hgb|history_unavailable|budget=25,hgb,history_unavailable,25,D_B_C_K,hgb::D_B_C_K,False,17,0.4426518467692973,879,171,0.1945392491467577,0.5110653243421246,0.16292383843116273,0.5697128886245746,0.2316387869397437,-0.953222785719847,0.30135422634360653,23,0.02534507197966607,0.018282138445489704,0.04362721042515577,-0.0009686960048813003,0.03914640726632673,0.010249640613045197,-0.007435772163915222,0.01790929981575085,-0.017898146427026206,0.0030647619940466744,0.005282580294909487,False
regular,disjoint,hgb|history_unavailable|budget=26,hgb,history_unavailable,26,D_B_C_K,hgb::D_B_C_K,False,17,0.4426518467692973,879,171,0.1945392491467577,0.5110653243421246,0.16292383843116273,0.5697128886245746,0.2316387869397437,-0.953222785719847,0.30135422634360653,23,0.02534507197966607,0.018282138445489704,0.04362721042515577,-0.0009686960048813003,0.03914640726632673,0.010249640613045197,-0.007435772163915222,0.01790929981575085,-0.017898146427026206,0.0030647619940466744,0.005282580294909487,False
regular,disjoint,hgb|history_unavailable|budget=27,hgb,history_unavailable,27,D_B_P_K,hgb::D_B_P_K,False,27,0.4399632335497686,879,171,0.1945392491467577,0.5224773618696074,0.16607604876405105,0.5439587669739321,0.21554404818310366,-1.1298505719434568,0.18117126520507326,23,0.02534507197966607,0.029694175972972803,0.05503924795263887,0.009372590560123741,0.05073320247897366,0.010479952460608358,0.003976265363567877,0.029321337343233948,-0.004243969901262185,0.012432043305230659,0.0043116327491787365,False
regular,disjoint,hgb|history_unavailable|budget=28,hgb,history_unavailable,28,D_B_P_K,hgb::D_B_P_K,False,27,0.4399632335497686,879,171,0.1945392491467577,0.5224773618696074,0.16607604876405105,0.5439587669739321,0.21554404818310366,-1.1298505719434568,0.18117126520507326,23,0.02534507197966607,0.029694175972972803,0.05503924795263887,0.009372590560123741,0.05073320247897366,0.010479952460608358,0.003976265363567877,0.029321337343233948,-0.004243969901262185,0.012432043305230659,0.0043116327491787365,False
regular,disjoint,hgb|history_unavailable|budget=29,hgb,history_unavailable,29,D_B_P_K,hgb::D_B_P_K,False,27,0.4399632335497686,879,171,0.1945392491467577,0.5224773618696074,0.16607604876405105,0.5439587669739321,0.21554404818310366,-1.1298505719434568,0.18117126520507326,23,0.02534507197966607,0.029694175972972803,0.05503924795263887,0.009372590560123741,0.05073320247897366,0.010479952460608358,0.003976265363567877,0.029321337343233948,-0.004243969901262185,0.012432043305230659,0.0043116327491787365,False
regular,disjoint,hgb|history_unavailable|budget=30,hgb,history_unavailable,30,D_B_P_K,hgb::D_B_P_K,False,27,0.4399632335497686,879,171,0.1945392491467577,0.5224773618696074,0.16607604876405105,0.5439587669739321,0.21554404818310366,-1.1298505719434568,0.18117126520507326,23,0.02534507197966607,0.029694175972972803,0.05503924795263887,0.009372590560123741,0.05073320247897366,0.010479952460608358,0.003976265363567877,0.029321337343233948,-0.004243969901262185,0.012432043305230659,0.0043116327491787365,False
