target,algorithm,subset,config_json,oof_log_loss,fold_mean,fold_se
regular,ridge,H,0.001,0.4855810744027463,0.4855810744027463,0.0012481674588340802
regular,ridge,H,0.01,0.48355918053918057,0.4835591805391807,0.0027355864576225093
regular,ridge,H,0.1,0.4837948464263616,0.4837948464263616,0.004183443342701948
regular,ridge,H,1.0,0.48393782610952585,0.48393782610952574,0.004446394643988902
regular,ridge,H,10.0,0.4839554107344087,0.48395541073440873,0.0044744871938483125
regular,ridge,H_D,0.001,0.48380242777702587,0.4838024277770259,0.0012566056302853175
regular,ridge,H_D,0.01,0.4735704202724145,0.4735704202724144,0.0029109517165301847
regular,ridge,H_D,0.1,0.45928026088134877,0.4592802608813488,0.004274976590702496
regular,ridge,H_D,1.0,0.4535315605074981,0.4535315605074981,0.005607592874484785
regular,ridge,H_D,10.0,0.45512668248985483,0.4551266824898549,0.006862641529682557
regular,ridge,H_B,0.001,0.48317487246972296,0.48317487246972296,0.0014187696135214297
regular,ridge,H_B,0.01,0.47735957271398116,0.4773595727139811,0.0034199320341994463
regular,ridge,H_B,0.1,0.4771882951878859,0.4771882951878859,0.0049466871519345005
regular,ridge,H_B,1.0,0.4773797203495449,0.4773797203495449,0.005201206093502759
regular,ridge,H_B,10.0,0.4774035453384147,0.4774035453384148,0.005228394705373809
regular,ridge,H_D_B,0.001,0.48144752813233055,0.4814475281323304,0.0013922915867896723
regular,ridge,H_D_B,0.01,0.46814841115803385,0.4681484111580338,0.0031356490620297784
regular,ridge,H_D_B,0.1,0.4551855524621978,0.4551855524621978,0.003527831902812882
regular,ridge,H_D_B,1.0,0.4506049781553576,0.45060497815535755,0.003409596324214944
regular,ridge,H_D_B,10.0,0.4521896405285007,0.45218964052850075,0.004573931539914583
regular,ridge,H_M,0.001,0.4847674461002981,0.4847674461002981,0.0010621963261275352
regular,ridge,H_M,0.01,0.48154465883144476,0.48154465883144476,0.00227675050260876
regular,ridge,H_M,0.1,0.4816876585011106,0.48168765850111067,0.0036206921626656644
regular,ridge,H_M,1.0,0.4818496253023639,0.4818496253023639,0.0038581468803558076
regular,ridge,H_M,10.0,0.4818689579613988,0.4818689579613988,0.0038837496486015927
regular,ridge,H_D_M,0.001,0.48301570188017906,0.483015701880179,0.0010853151214433433
regular,ridge,H_D_M,0.01,0.472119028316856,0.472119028316856,0.0026489036378519095
regular,ridge,H_D_M,0.1,0.45916758923622597,0.4591675892362259,0.004179393440859874
regular,ridge,H_D_M,1.0,0.45374331860406825,0.45374331860406836,0.005744137012459295
regular,ridge,H_D_M,10.0,0.45539207793126496,0.4553920779312649,0.006990169790761355
regular,ridge,H_B_M,0.001,0.4824301426338251,0.4824301426338252,0.001214769556713159
regular,ridge,H_B_M,0.01,0.47589368334180804,0.47589368334180804,0.0026646515338731402
regular,ridge,H_B_M,0.1,0.475812832063398,0.475812832063398,0.0038363690471940135
regular,ridge,H_B_M,1.0,0.47603186575660195,0.47603186575660195,0.0040373720442651514
regular,ridge,H_B_M,10.0,0.47605515511946156,0.47605515511946156,0.004057520211708714
regular,ridge,H_D_B_M,0.001,0.4807280626822925,0.48072806268229257,0.001197341053200377
regular,ridge,H_D_B_M,0.01,0.46715537237604865,0.46715537237604854,0.002530696285683472
regular,ridge,H_D_B_M,0.1,0.45532101844588957,0.4553210184458895,0.0029629399704641907
regular,ridge,H_D_B_M,1.0,0.4510374142248564,0.45103741422485644,0.0034001145980072363
regular,ridge,H_D_B_M,10.0,0.45264456133326325,0.45264456133326336,0.004653942685061297
regular,ridge,H_P,0.001,0.48536564179345953,0.48536564179345953,0.00132366665455085
regular,ridge,H_P,0.01,0.48302897169975906,0.48302897169975906,0.003135992931354708
regular,ridge,H_P,0.1,0.48331701866518456,0.4833170186651846,0.004797699410790133
regular,ridge,H_P,1.0,0.4834912258107679,0.48349122581076787,0.0050919026750937246
regular,ridge,H_P,10.0,0.4835118865257072,0.48351188652570726,0.005123642709411847
regular,ridge,H_D_P,0.001,0.48359164914387676,0.4835916491438768,0.0013201950815209726
regular,ridge,H_D_P,0.01,0.47311859534238065,0.47311859534238065,0.0030860751155346116
regular,ridge,H_D_P,0.1,0.45901753370899523,0.4590175337089952,0.004288189896564764
regular,ridge,H_D_P,1.0,0.4531223337425225,0.45312233374252253,0.005733825762274641
regular,ridge,H_D_P,10.0,0.454716503046598,0.45471650304659794,0.006949145449934876
regular,ridge,H_B_P,0.001,0.48301092017191355,0.4830109201719136,0.0014789266779108479
regular,ridge,H_B_P,0.01,0.4772769206859071,0.47727692068590705,0.003602753469851174
regular,ridge,H_B_P,0.1,0.4773193610647632,0.4773193610647632,0.005150747888509601
regular,ridge,H_B_P,1.0,0.47753632468208096,0.47753632468208096,0.005404986943042084
regular,ridge,H_B_P,10.0,0.47756354029552406,0.4775635402955241,0.005432378988285824
regular,ridge,H_D_B_P,0.001,0.4812875479275617,0.48128754792756157,0.0014449201764945973
regular,ridge,H_D_B_P,0.01,0.4680995135802254,0.4680995135802254,0.003228629313641851
regular,ridge,H_D_B_P,0.1,0.4553045523251962,0.4553045523251962,0.0035295389157970194
regular,ridge,H_D_B_P,1.0,0.45064145372206244,0.4506414537220624,0.0035668358276443575
regular,ridge,H_D_B_P,10.0,0.452148476510441,0.452148476510441,0.004775719534072957
regular,ridge,H_M_P,0.001,0.4845759483003318,0.48457594830033174,0.0011376990114572794
regular,ridge,H_M_P,0.01,0.48125321338769583,0.4812532133876958,0.0026114261425036036
regular,ridge,H_M_P,0.1,0.4815597973814671,0.4815597973814672,0.004066362594445838
regular,ridge,H_M_P,1.0,0.48177981983700735,0.4817798198370073,0.004310331363479583
regular,ridge,H_M_P,10.0,0.48178944625649617,0.4817894462564961,0.004348878091908706
regular,ridge,H_D_M_P,0.001,0.48282841393636455,0.48282841393636466,0.0011465661251639214
regular,ridge,H_D_M_P,0.01,0.4718964071441568,0.4718964071441568,0.0027264659880370558
regular,ridge,H_D_M_P,0.1,0.4591121652364103,0.45911216523641024,0.004083649016048393
regular,ridge,H_D_M_P,1.0,0.45353066468753006,0.45353066468753,0.005775379331436151
regular,ridge,H_D_M_P,10.0,0.455073415354469,0.45507341535446894,0.0070812089978274755
regular,ridge,H_B_M_P,0.001,0.4822873343551934,0.4822873343551934,0.0012750182159832646
regular,ridge,H_B_M_P,0.01,0.475959566226273,0.475959566226273,0.002818438308362777
regular,ridge,H_B_M_P,0.1,0.4761395393403954,0.47613953934039543,0.00397475860980109
regular,ridge,H_B_M_P,1.0,0.47640046451013784,0.47640046451013773,0.00416872093795919
regular,ridge,H_B_M_P,10.0,0.4764315976952739,0.4764315976952738,0.004189610891615168
regular,ridge,H_D_B_M_P,0.001,0.48058824529896943,0.4805882452989693,0.0012483154563447546
regular,ridge,H_D_B_M_P,0.01,0.4672436803920575,0.4672436803920575,0.0025720469245642972
regular,ridge,H_D_B_M_P,0.1,0.455606552740885,0.455606552740885,0.002877493304899232
regular,ridge,H_D_B_M_P,1.0,0.45117852767105754,0.4511785276710576,0.0034829284566830795
regular,ridge,H_D_B_M_P,10.0,0.4526518097125907,0.4526518097125908,0.004755992224643234
regular,ridge,H_C,0.001,0.48555323408690865,0.4855532340869087,0.0013085041251698507
regular,ridge,H_C,0.01,0.4835627735241366,0.4835627735241367,0.003147847903453312
regular,ridge,H_C,0.1,0.4842790056552904,0.48427900565529036,0.005152569671213343
regular,ridge,H_C,1.0,0.4850464016904092,0.4850464016904092,0.005624128644329876
regular,ridge,H_C,10.0,0.4862605076642602,0.4862605076642601,0.006226641127845321
regular,ridge,H_D_C,0.001,0.4837716507604966,0.48377165076049655,0.001305901151991416
regular,ridge,H_D_C,0.01,0.47348705131220675,0.4734870513122068,0.0030810227952063245
regular,ridge,H_D_C,0.1,0.45958637059557994,0.45958637059557994,0.004630231952408835
regular,ridge,H_D_C,1.0,0.4543741978449897,0.4543741978449898,0.006358537858535734
regular,ridge,H_D_C,10.0,0.4564015057997391,0.45640150579973915,0.007510519435893853
regular,ridge,H_B_C,0.001,0.4831483819553698,0.4831483819553698,0.0014762954502262383
regular,ridge,H_B_C,0.01,0.47739278039410604,0.477392780394106,0.0037819896387602764
regular,ridge,H_B_C,0.1,0.47784324400152245,0.4778432440015224,0.005887629809266042
regular,ridge,H_B_C,1.0,0.4786683035481253,0.47866830354812534,0.006421703124372921
regular,ridge,H_B_C,10.0,0.4798966836937173,0.4798966836937173,0.006858224259175208
regular,ridge,H_D_B_C,0.001,0.481415761890251,0.4814157618902509,0.0014413199893444412
regular,ridge,H_D_B_C,0.01,0.4681211022470797,0.4681211022470796,0.003311935283968035
regular,ridge,H_D_B_C,0.1,0.45565198405928387,0.45565198405928387,0.004114171463270926
regular,ridge,H_D_B_C,1.0,0.4516542116032291,0.45165421160322916,0.0048419556980019655
regular,ridge,H_D_B_C,10.0,0.45368370998136487,0.4536837099813648,0.005989346497734292
regular,ridge,H_M_C,0.001,0.4847491828835687,0.4847491828835687,0.0011212302403523597
regular,ridge,H_M_C,0.01,0.4817088343105737,0.48170883431057365,0.0025836664746973
regular,ridge,H_M_C,0.1,0.4825769722888092,0.48257697228880925,0.004272770486378776
regular,ridge,H_M_C,1.0,0.483357999239853,0.483357999239853,0.004656333072469109
regular,ridge,H_M_C,10.0,0.4845302823483276,0.4845302823483276,0.00522433951653663
regular,ridge,H_D_M_C,0.001,0.4829931280199419,0.4829931280199419,0.0011304858324982948
regular,ridge,H_D_M_C,0.01,0.4721648132169648,0.4721648132169648,0.0026805543352439428
regular,ridge,H_D_M_C,0.1,0.45957749912059376,0.4595774991205938,0.004254537346871236
regular,ridge,H_D_M_C,1.0,0.4546704067814052,0.45467040678140513,0.006305202249324169
regular,ridge,H_D_M_C,10.0,0.45682947292799,0.45682947292799003,0.007512059067739319
regular,ridge,H_B_M_C,0.001,0.4824124027878894,0.4824124027878893,0.0012717650835892724
regular,ridge,H_B_M_C,0.01,0.47608214812525695,0.476082148125257,0.0029676336652743832
regular,ridge,H_B_M_C,0.1,0.47682373860255917,0.4768237386025592,0.004611225872338474
regular,ridge,H_B_M_C,1.0,0.4776777974206826,0.47767779742068256,0.005051211420007922
regular,ridge,H_B_M_C,10.0,0.4788712946766478,0.4788712946766479,0.0054984801812099525
regular,ridge,H_D_B_M_C,0.001,0.48070462526890395,0.480704625268904,0.0012432617038353692
regular,ridge,H_D_B_M_C,0.01,0.4672459615828047,0.46724596158280474,0.00259162939122181
regular,ridge,H_D_B_M_C,0.1,0.45594227332315446,0.45594227332315446,0.003234843798688486
regular,ridge,H_D_B_M_C,1.0,0.4520906754735604,0.4520906754735604,0.004632353968066829
regular,ridge,H_D_B_M_C,10.0,0.4540440562721169,0.45404405627211686,0.005834615248664412
regular,ridge,H_P_C,0.001,0.485339305750397,0.485339305750397,0.00138751439302635
regular,ridge,H_P_C,0.01,0.4830571395243043,0.4830571395243043,0.0035723601453202507
regular,ridge,H_P_C,0.1,0.48380683222312953,0.4838068322231295,0.005763205787115093
regular,ridge,H_P_C,1.0,0.48462095947756845,0.48462095947756845,0.0062593581120017295
regular,ridge,H_P_C,10.0,0.4857744071222463,0.4857744071222463,0.006799323701678232
regular,ridge,H_D_P_C,0.001,0.48356251524720534,0.4835625152472054,0.0013744512349547293
regular,ridge,H_D_P_C,0.01,0.4730652839110638,0.4730652839110638,0.003335414751552209
regular,ridge,H_D_P_C,0.1,0.4592915275202983,0.45929152752029817,0.00486046097072214
regular,ridge,H_D_P_C,1.0,0.45401179661259566,0.45401179661259566,0.006547664696065136
regular,ridge,H_D_P_C,10.0,0.4561142213851016,0.45611422138510155,0.007705126560359651
regular,ridge,H_B_P_C,0.001,0.48298570522408035,0.48298570522408035,0.0015401956121637026
regular,ridge,H_B_P_C,0.01,0.4773214975171006,0.4773214975171006,0.003995092732707187
regular,ridge,H_B_P_C,0.1,0.47795029852486987,0.47795029852486987,0.00611338232409959
regular,ridge,H_B_P_C,1.0,0.47876962411032936,0.4787696241103294,0.006631704825013627
regular,ridge,H_B_P_C,10.0,0.4800180609037705,0.48001806090377064,0.007089592378713328
regular,ridge,H_D_B_P_C,0.001,0.4812578797696575,0.48125787976965756,0.001498449634226377
regular,ridge,H_D_B_P_C,0.01,0.468083331894346,0.468083331894346,0.003463347988578264
regular,ridge,H_D_B_P_C,0.1,0.455784685411774,0.45578468541177397,0.004227297880182151
regular,ridge,H_D_B_P_C,1.0,0.45164582131214637,0.4516458213121465,0.005026998677013111
regular,ridge,H_D_B_P_C,10.0,0.45368146624304767,0.4536814662430477,0.006145278007591545
regular,ridge,H_M_P_C,0.001,0.4845586686310198,0.4845586686310198,0.0012010987390477575
regular,ridge,H_M_P_C,0.01,0.4814287078188877,0.4814287078188877,0.0029720288252970983
regular,ridge,H_M_P_C,0.1,0.4824325872605083,0.4824325872605083,0.004818352306557377
regular,ridge,H_M_P_C,1.0,0.48322314123051724,0.48322314123051724,0.005217453196116632
regular,ridge,H_M_P_C,10.0,0.4843688757762144,0.48436887577621446,0.005736936878656566
regular,ridge,H_D_M_P_C,0.001,0.4828073447789393,0.4828073447789392,0.0011976811036367536
regular,ridge,H_D_M_P_C,0.01,0.4719506207547196,0.4719506207547196,0.002864235740336239
regular,ridge,H_D_M_P_C,0.1,0.45950893702997403,0.4595089370299741,0.00440291885135897
regular,ridge,H_D_M_P_C,1.0,0.4545069911371676,0.45450699113716747,0.006488533880913838
regular,ridge,H_D_M_P_C,10.0,0.45652815241541256,0.4565281524154125,0.007699029756513766
regular,ridge,H_B_M_P_C,0.001,0.48227001400729863,0.48227001400729863,0.001336273112804652
regular,ridge,H_B_M_P_C,0.01,0.47615196876461785,0.4761519687646179,0.0031669555117152027
regular,ridge,H_B_M_P_C,0.1,0.4771066339184188,0.4771066339184188,0.004824006535433304
regular,ridge,H_B_M_P_C,1.0,0.4779849524858935,0.47798495248589357,0.0052676846105539
regular,ridge,H_B_M_P_C,10.0,0.47913118848621344,0.4791311884862134,0.00568750802043967
regular,ridge,H_D_B_M_P_C,0.001,0.48056707540097154,0.48056707540097154,0.0012998060686520924
regular,ridge,H_D_B_M_P_C,0.01,0.46733801098670563,0.4673380109867057,0.0027162809057246625
regular,ridge,H_D_B_M_P_C,0.1,0.456202375056666,0.45620237505666594,0.003342884814821903
regular,ridge,H_D_B_M_P_C,1.0,0.4522194791689217,0.45221947916892163,0.0048053177809993745
regular,ridge,H_D_B_M_P_C,10.0,0.4542915869670892,0.45429158696708916,0.006098078555076469
regular,ridge,H_A,0.001,0.4846235024169393,0.4846235024169393,0.001341004336943537
regular,ridge,H_A,0.01,0.48133837257082546,0.4813383725708255,0.003268824488951505
regular,ridge,H_A,0.1,0.48144814486323184,0.48144814486323184,0.004793444150631797
regular,ridge,H_A,1.0,0.48159182274052137,0.48159182274052137,0.005050334440175742
regular,ridge,H_A,10.0,0.48160899682102304,0.481608996821023,0.005077841672949695
regular,ridge,H_D_A,0.001,0.48287934831919854,0.48287934831919854,0.0013449238018789047
regular,ridge,H_D_A,0.01,0.47174031256685595,0.4717403125668559,0.003288738489646252
regular,ridge,H_D_A,0.1,0.45731997020650395,0.45731997020650406,0.004520200946453504
regular,ridge,H_D_A,1.0,0.4514341922399126,0.4514341922399126,0.005643946510510443
regular,ridge,H_D_A,10.0,0.45300812070758495,0.45300812070758506,0.006811781678198464
regular,ridge,H_B_A,0.001,0.4822518612550411,0.4822518612550411,0.0015341931314441454
regular,ridge,H_B_A,0.01,0.4753859097220258,0.475385909722026,0.004020216343030644
regular,ridge,H_B_A,0.1,0.47522173215114283,0.47522173215114283,0.00571075519836622
regular,ridge,H_B_A,1.0,0.4754316363515617,0.4754316363515617,0.005991298306197029
regular,ridge,H_B_A,10.0,0.4754577262707422,0.4754577262707421,0.0060213768321549085
regular,ridge,H_D_B_A,0.001,0.4805576135671128,0.4805576135671129,0.0015059263148761437
regular,ridge,H_D_B_A,0.01,0.4664900560139203,0.4664900560139203,0.0036572891366102142
regular,ridge,H_D_B_A,0.1,0.453431522668109,0.45343152266810893,0.004106972176175787
regular,ridge,H_D_B_A,1.0,0.44869545671346145,0.44869545671346145,0.0036330638483321295
regular,ridge,H_D_B_A,10.0,0.4501934932174722,0.45019349321747215,0.004613366532753159
regular,ridge,H_M_A,0.001,0.4837975910997785,0.4837975910997784,0.0011515041915120426
regular,ridge,H_M_A,0.01,0.47914474463217216,0.47914474463217216,0.0027519595223118812
regular,ridge,H_M_A,0.1,0.47909357261969154,0.47909357261969154,0.0041081716167666975
regular,ridge,H_M_A,1.0,0.479247208257664,0.479247208257664,0.004337108190514281
regular,ridge,H_M_A,10.0,0.4792659147859239,0.4792659147859239,0.0043616327039360196
regular,ridge,H_D_M_A,0.001,0.48208115249047406,0.4820811524904741,0.0011685468659037735
regular,ridge,H_D_M_A,0.01,0.4701474913077532,0.47014749130775313,0.002923642978014425
regular,ridge,H_D_M_A,0.1,0.4570566808160542,0.4570566808160542,0.004287739569460037
regular,ridge,H_D_M_A,1.0,0.4515242708234055,0.4515242708234055,0.00565505104309157
regular,ridge,H_D_M_A,10.0,0.4531751174681642,0.45317511746816425,0.0069329924463906985
regular,ridge,H_B_M_A,0.001,0.48149442457240893,0.481494424572409,0.0013316220680130008
regular,ridge,H_B_M_A,0.01,0.4737386280710156,0.4737386280710155,0.0032604699093867376
regular,ridge,H_B_M_A,0.1,0.47359281684148996,0.4735928168414899,0.0045604819949493485
regular,ridge,H_B_M_A,1.0,0.4738253635772258,0.4738253635772257,0.004771954033323438
regular,ridge,H_B_M_A,10.0,0.47385398132353157,0.47385398132353157,0.004794619248898315
regular,ridge,H_D_B_M_A,0.001,0.47982524062232645,0.47982524062232657,0.001310907633282215
regular,ridge,H_D_B_M_A,0.01,0.46535478856191437,0.46535478856191437,0.0030116375477192794
regular,ridge,H_D_B_M_A,0.1,0.45341744358363884,0.45341744358363884,0.0034078489141756946
regular,ridge,H_D_B_M_A,1.0,0.4490218458747091,0.44902184587470906,0.003402506811858634
regular,ridge,H_D_B_M_A,10.0,0.45057944605966105,0.45057944605966116,0.004554236191697009
regular,ridge,H_P_A,0.001,0.4843934802357341,0.48439348023573403,0.001417532896460241
regular,ridge,H_P_A,0.01,0.4806450663934523,0.4806450663934522,0.0036743023188687365
regular,ridge,H_P_A,0.1,0.4807275800451455,0.4807275800451455,0.005432809879060037
regular,ridge,H_P_A,1.0,0.4808879950674294,0.4808879950674294,0.005729984608482829
regular,ridge,H_P_A,10.0,0.48090729044384345,0.4809072904438435,0.005761825549462042
regular,ridge,H_D_P_A,0.001,0.4826550020272655,0.4826550020272656,0.0014109851323100173
regular,ridge,H_D_P_A,0.01,0.4711440176388666,0.4711440176388665,0.0035173768881540477
regular,ridge,H_D_P_A,0.1,0.45685096608370424,0.45685096608370424,0.004649553276746626
regular,ridge,H_D_P_A,1.0,0.45071277294813816,0.45071277294813816,0.005760527700031985
regular,ridge,H_D_P_A,10.0,0.4522632840825358,0.45226328408253574,0.006914453693396827
regular,ridge,H_B_P_A,0.001,0.48207547725373917,0.4820754772537391,0.0015948358487003038
regular,ridge,H_B_P_A,0.01,0.4751832260270741,0.47518322602707413,0.00420961570657756
regular,ridge,H_B_P_A,0.1,0.4751660379287515,0.47516603792875156,0.005930445851112964
regular,ridge,H_B_P_A,1.0,0.4754006014050818,0.4754006014050819,0.006211454659249535
regular,ridge,H_B_P_A,10.0,0.47542668765900553,0.47542668765900553,0.006240491615505936
regular,ridge,H_D_B_P_A,0.001,0.480384976606411,0.48038497660641094,0.0015598123212855097
regular,ridge,H_D_B_P_A,0.01,0.4663306412853731,0.4663306412853731,0.0037836745968966097
regular,ridge,H_D_B_P_A,0.1,0.4533768106061516,0.45337681060615165,0.004179778400779323
regular,ridge,H_D_B_P_A,1.0,0.4484928692900138,0.44849286929001375,0.003791427819615919
regular,ridge,H_D_B_P_A,10.0,0.45018626679027673,0.4501862667902767,0.004851962931519157
regular,ridge,H_M_P_A,0.001,0.48359254691559367,0.48359254691559367,0.0012285789621920371
regular,ridge,H_M_P_A,0.01,0.478716826464734,0.478716826464734,0.003106149535321476
regular,ridge,H_M_P_A,0.1,0.4787593505611821,0.478759350561182,0.004617925634788007
regular,ridge,H_M_P_A,1.0,0.47894035036996363,0.4789403503699637,0.004870422985441823
regular,ridge,H_M_P_A,10.0,0.4789621318385079,0.47896213183850794,0.004897423907118583
regular,ridge,H_D_M_P_A,0.001,0.48188087033127136,0.48188087033127136,0.0012328914531895604
regular,ridge,H_D_M_P_A,0.01,0.46979453974562685,0.46979453974562685,0.003076717899441387
regular,ridge,H_D_M_P_A,0.1,0.45683039419878235,0.4568303941987823,0.004285831637022496
regular,ridge,H_D_M_P_A,1.0,0.4510929552568424,0.4510929552568424,0.005712848702109981
regular,ridge,H_D_M_P_A,10.0,0.45262777899606116,0.4526277789960612,0.006944802309447581
regular,ridge,H_B_M_P_A,0.001,0.4813394009407049,0.48133940094070493,0.001392508745490009
regular,ridge,H_B_M_P_A,0.01,0.4737046532823292,0.47370465328232914,0.003426196925490036
regular,ridge,H_B_M_P_A,0.1,0.4737722228968204,0.4737722228968203,0.004728231273004886
regular,ridge,H_B_M_P_A,1.0,0.4740379408499488,0.47403794084994894,0.004934846965147152
regular,ridge,H_B_M_P_A,10.0,0.47407128467761933,0.4740712846776193,0.004956830160203535
regular,ridge,H_D_B_M_P_A,0.001,0.4796736403895876,0.4796736403895876,0.0013635040904446624
regular,ridge,H_D_B_M_P_A,0.01,0.46535037151439806,0.465350371514398,0.0031004037011908747
regular,ridge,H_D_B_M_P_A,0.1,0.45356484495286614,0.4535648449528661,0.0034301010193643375
regular,ridge,H_D_B_M_P_A,1.0,0.4489031459338098,0.4489031459338098,0.0035337409002893006
regular,ridge,H_D_B_M_P_A,10.0,0.4505753966981286,0.4505753966981286,0.004740225286788841
regular,ridge,H_C_A,0.001,0.48459303247016605,0.48459303247016594,0.0014014238541315046
regular,ridge,H_C_A,0.01,0.48129199834902514,0.4812919983490251,0.0036783308520734583
regular,ridge,H_C_A,0.1,0.48182433966406224,0.48182433966406224,0.005809290857463467
regular,ridge,H_C_A,1.0,0.4825791063324203,0.48257910633242024,0.006306956456776827
regular,ridge,H_C_A,10.0,0.4838282365477354,0.48382823654773527,0.006901117211205365
regular,ridge,H_D_C_A,0.001,0.482846084266287,0.482846084266287,0.001395269237165261
regular,ridge,H_D_C_A,0.01,0.47162354083037294,0.47162354083037294,0.0035102263418663694
regular,ridge,H_D_C_A,0.1,0.4575635117801836,0.4575635117801836,0.005030121306193246
regular,ridge,H_D_C_A,1.0,0.45210312581733125,0.4521031258173312,0.00648834672091579
regular,ridge,H_D_C_A,10.0,0.4541465000835689,0.45414650008356894,0.007504056392408395
regular,ridge,H_B_C_A,0.001,0.48222312203743145,0.48222312203743145,0.001591179244632539
regular,ridge,H_B_C_A,0.01,0.47539539157143995,0.47539539157143995,0.004384585813393124
regular,ridge,H_B_C_A,0.1,0.47580833022873065,0.4758083302287307,0.0067057703220530515
regular,ridge,H_B_C_A,1.0,0.47666595913474724,0.4766659591347472,0.007287177749556868
regular,ridge,H_B_C_A,10.0,0.4779089643065035,0.4779089643065035,0.007723348545030489
regular,ridge,H_D_B_C_A,0.001,0.4805248878855879,0.48052488788558795,0.0015552838079556182
regular,ridge,H_D_B_C_A,0.01,0.4664393675338163,0.46643936753381626,0.003876149529756081
regular,ridge,H_D_B_C_A,0.1,0.45387409909295506,0.45387409909295506,0.004821587554480405
regular,ridge,H_D_B_C_A,1.0,0.4495753725644396,0.4495753725644396,0.005233299522867306
regular,ridge,H_D_B_C_A,10.0,0.4516368651430761,0.45163686514307616,0.006167459884438864
regular,ridge,H_M_C_A,0.001,0.48377719538294767,0.48377719538294767,0.0012106853510573487
regular,ridge,H_M_C_A,0.01,0.47928181175178347,0.4792818117517834,0.0030672766186321393
regular,ridge,H_M_C_A,0.1,0.4799290121784437,0.4799290121784437,0.0048278334096627925
regular,ridge,H_M_C_A,1.0,0.48069868013852746,0.48069868013852746,0.005225148988316635
regular,ridge,H_M_C_A,10.0,0.48187152531797595,0.4818715253179759,0.005768170173903248
regular,ridge,H_D_M_C_A,0.001,0.4820565830099323,0.48205658300993226,0.0012157172509553024
regular,ridge,H_D_M_C_A,0.01,0.47017646156923654,0.47017646156923665,0.003023774021137679
regular,ridge,H_D_M_C_A,0.1,0.4573945768305916,0.4573945768305916,0.004538557553286275
regular,ridge,H_D_M_C_A,1.0,0.452359203637462,0.45235920363746196,0.006295895288348658
regular,ridge,H_D_M_C_A,10.0,0.4544215911545052,0.45442159115450514,0.007451477299794136
regular,ridge,H_B_M_C_A,0.001,0.48147421616899366,0.48147421616899366,0.0013873570969940591
regular,ridge,H_B_M_C_A,0.01,0.47390885671652744,0.4739088567165274,0.003570569910860643
regular,ridge,H_B_M_C_A,0.1,0.4745749575866659,0.47457495758666585,0.005384905069742641
regular,ridge,H_B_M_C_A,1.0,0.4754785299845684,0.47547852998456835,0.0058727582655995385
regular,ridge,H_B_M_C_A,10.0,0.4766752403077723,0.4766752403077722,0.006314661317837527
regular,ridge,H_D_B_M_C_A,0.001,0.4797999296836888,0.47979992968368873,0.001358025127150291
regular,ridge,H_D_B_M_C_A,0.01,0.4654299567185614,0.4654299567185614,0.0031337974496170886
regular,ridge,H_D_B_M_C_A,0.1,0.45401824198257446,0.45401824198257446,0.0038814283520663888
regular,ridge,H_D_B_M_C_A,1.0,0.4499723771181404,0.4499723771181404,0.004821254421298946
regular,ridge,H_D_B_M_C_A,10.0,0.45189271067216213,0.4518927106721621,0.005895783433761672
regular,ridge,H_P_C_A,0.001,0.4843653715749392,0.4843653715749392,0.001481247402006757
regular,ridge,H_P_C_A,0.01,0.4806277429985008,0.4806277429985008,0.004096225689800075
regular,ridge,H_P_C_A,0.1,0.4811313000934461,0.48113130009344607,0.006415153788392794
regular,ridge,H_P_C_A,1.0,0.48188690898770975,0.4818869089877097,0.006936206356747752
regular,ridge,H_P_C_A,10.0,0.483078544128736,0.483078544128736,0.0074771281996748535
regular,ridge,H_D_P_C_A,0.001,0.48262373583374124,0.4826237358337413,0.0014655533340247945
regular,ridge,H_D_P_C_A,0.01,0.47105683656498226,0.47105683656498226,0.003795205983883561
regular,ridge,H_D_P_C_A,0.1,0.45706754914268305,0.45706754914268294,0.005304759845514387
regular,ridge,H_D_P_C_A,1.0,0.45151964533850536,0.45151964533850536,0.0066605512109306425
regular,ridge,H_D_P_C_A,10.0,0.45366686748566976,0.45366686748566976,0.007693773360773044
regular,ridge,H_B_P_C_A,0.001,0.48204784962491043,0.48204784962491043,0.0016552055029443033
regular,ridge,H_B_P_C_A,0.01,0.47520377111868906,0.47520377111868906,0.0045939898823515075
regular,ridge,H_B_P_C_A,0.1,0.4757432194507507,0.47574321945075077,0.006917443699678726
regular,ridge,H_B_P_C_A,1.0,0.47660575230114477,0.47660575230114477,0.0074909493835778355
regular,ridge,H_B_P_C_A,10.0,0.4778190845804054,0.4778190845804054,0.007941241565034023
regular,ridge,H_D_B_P_C_A,0.001,0.48035318283837697,0.4803531828383769,0.0016132984485675431
regular,ridge,H_D_B_P_C_A,0.01,0.4663027092085156,0.4663027092085155,0.004040116390724285
regular,ridge,H_D_B_P_C_A,0.1,0.45385010647988777,0.45385010647988777,0.004950446896834346
regular,ridge,H_D_B_P_C_A,1.0,0.44941367812416444,0.4494136781241644,0.00538512121631442
regular,ridge,H_D_B_P_C_A,10.0,0.45142498277494164,0.4514249827749416,0.006206371783808733
regular,ridge,H_M_P_C_A,0.001,0.48357364546152853,0.4835736454615285,0.0012915754157998085
regular,ridge,H_M_P_C_A,0.01,0.47886629416807847,0.47886629416807847,0.0034570184328891807
regular,ridge,H_M_P_C_A,0.1,0.47957199544132245,0.4795719954413225,0.00538316712818138
regular,ridge,H_M_P_C_A,1.0,0.48033173463848866,0.4803317346384886,0.005793635944697384
regular,ridge,H_M_P_C_A,10.0,0.4815052376199719,0.4815052376199718,0.0063131233451751275
regular,ridge,H_D_M_P_C_A,0.001,0.4818576433294478,0.4818576433294478,0.0012851348330996052
regular,ridge,H_D_M_P_C_A,0.01,0.4698423620900849,0.4698423620900849,0.0032547510756862066
regular,ridge,H_D_M_P_C_A,0.1,0.4572067506118584,0.4572067506118584,0.004710052982788903
regular,ridge,H_D_M_P_C_A,1.0,0.45187287350588307,0.451872873505883,0.00646381372616087
regular,ridge,H_D_M_P_C_A,10.0,0.4538600456235271,0.45386004562352716,0.007636117443157519
regular,ridge,H_B_M_P_C_A,0.001,0.4813199013161649,0.48131990131616503,0.0014518742963428822
regular,ridge,H_B_M_P_C_A,0.01,0.4738741407728653,0.4738741407728654,0.0037711995026926013
regular,ridge,H_B_M_P_C_A,0.1,0.47471477127041284,0.47471477127041284,0.005583950755152558
regular,ridge,H_B_M_P_C_A,1.0,0.4756355234090626,0.4756355234090626,0.006054885376931931
regular,ridge,H_B_M_P_C_A,10.0,0.4768119844276972,0.4768119844276971,0.006506531067641471
regular,ridge,H_D_B_M_P_C_A,0.001,0.47964970851943667,0.47964970851943667,0.0014149942961968736
regular,ridge,H_D_B_M_P_C_A,0.01,0.4654314209469584,0.46543142094695844,0.0032791512082926792
regular,ridge,H_D_B_M_P_C_A,0.1,0.45414585331652807,0.454145853316528,0.004007700345755861
regular,ridge,H_D_B_M_P_C_A,1.0,0.4498862059140415,0.4498862059140415,0.004959065786450439
regular,ridge,H_D_B_M_P_C_A,10.0,0.45187565406118985,0.4518756540611898,0.00606024847760733
regular,ridge,H_K,0.001,0.48086216474663723,0.48086216474663723,0.0012394786820852765
regular,ridge,H_K,0.01,0.47013902044770495,0.47013902044770495,0.0026839504647823043
regular,ridge,H_K,0.1,0.46869013674967486,0.46869013674967486,0.003802803887852716
regular,ridge,H_K,1.0,0.46881037137324766,0.46881037137324755,0.003983648551310556
regular,ridge,H_K,10.0,0.4688288146099168,0.46882881460991677,0.00400286443077807
regular,ridge,H_D_K,0.001,0.47926746378824525,0.47926746378824525,0.0011849643425392846
regular,ridge,H_D_K,0.01,0.46299437276559424,0.46299437276559424,0.002308817913718294
regular,ridge,H_D_K,0.1,0.45097860638595544,0.4509786063859555,0.003765134719783752
regular,ridge,H_D_K,1.0,0.44673349185890315,0.44673349185890315,0.006849801331837368
regular,ridge,H_D_K,10.0,0.44893356669811846,0.44893356669811857,0.008799930198045423
regular,ridge,H_B_K,0.001,0.4786136896005511,0.47861368960055106,0.0014058712649026059
regular,ridge,H_B_K,0.01,0.46527857639689313,0.46527857639689313,0.003158670523209196
regular,ridge,H_B_K,0.1,0.4638651982235927,0.46386519822359257,0.004218301635644342
regular,ridge,H_B_K,1.0,0.4640439832456972,0.4640439832456972,0.0043820709941952115
regular,ridge,H_B_K,10.0,0.46407010609428395,0.4640701060942839,0.00439937021618296
regular,ridge,H_D_B_K,0.001,0.4770610625055982,0.47706106250559815,0.0013262776697590237
regular,ridge,H_D_B_K,0.01,0.45864796134574976,0.4586479613457498,0.002458596647044984
regular,ridge,H_D_B_K,0.1,0.44789215814293715,0.4478921581429371,0.002890039194874672
regular,ridge,H_D_B_K,1.0,0.44462277006293754,0.44462277006293754,0.005225507953348311
regular,ridge,H_D_B_K,10.0,0.4467330365164977,0.4467330365164977,0.00715160605419833
regular,ridge,H_M_K,0.001,0.4802413158338152,0.4802413158338152,0.0010645734196238713
regular,ridge,H_M_K,0.01,0.46964418429980836,0.46964418429980836,0.002361107329311843
regular,ridge,H_M_K,0.1,0.468529414446438,0.4685294144464381,0.003490140551338681
regular,ridge,H_M_K,1.0,0.46868584828468424,0.46868584828468424,0.003682161728557346
regular,ridge,H_M_K,10.0,0.468708037403602,0.468708037403602,0.003702869068757005
regular,ridge,H_D_M_K,0.001,0.47866369532960257,0.47866369532960257,0.0010155342466919724
regular,ridge,H_D_M_K,0.01,0.4626981377713848,0.46269813777138485,0.0020831105565649174
regular,ridge,H_D_M_K,0.1,0.4515044993105792,0.4515044993105791,0.0036924936288824936
regular,ridge,H_D_M_K,1.0,0.4473787761150416,0.44737877611504173,0.007021249865640709
regular,ridge,H_D_M_K,10.0,0.44949590052616495,0.44949590052616506,0.009048855787690102
regular,ridge,H_B_M_K,0.001,0.478046035357057,0.4780460353570569,0.0012137650279769791
regular,ridge,H_B_M_K,0.01,0.4650205917063073,0.4650205917063072,0.0025772436908503946
regular,ridge,H_B_M_K,0.1,0.4639176651447555,0.46391766514475546,0.003518589512165281
regular,ridge,H_B_M_K,1.0,0.4641314703197412,0.46413147031974117,0.0036743557972979124
regular,ridge,H_B_M_K,10.0,0.46416016168047,0.4641601616804699,0.00369100677165761
regular,ridge,H_D_B_M_K,0.001,0.4765116654412426,0.4765116654412426,0.0011339921283718263
regular,ridge,H_D_B_M_K,0.01,0.4585465135516836,0.45854651355168363,0.001883451371069722
regular,ridge,H_D_B_M_K,0.1,0.4484479875724869,0.448447987572487,0.002432719873717128
regular,ridge,H_D_B_M_K,1.0,0.44520331489578124,0.44520331489578124,0.0053586388593550235
regular,ridge,H_D_B_M_K,10.0,0.44735914422848716,0.44735914422848716,0.007347095465401713
regular,ridge,H_P_K,0.001,0.480722691240959,0.4807226912409589,0.0013268899558163964
regular,ridge,H_P_K,0.01,0.4703080158934237,0.47030801589342364,0.003001007074974624
regular,ridge,H_P_K,0.1,0.4691989663913622,0.4691989663913622,0.004053934525101636
regular,ridge,H_P_K,1.0,0.46936301427199134,0.4693630142719914,0.004194477965024125
regular,ridge,H_P_K,10.0,0.46938710020282287,0.46938710020282287,0.004209235425056369
regular,ridge,H_D_P_K,0.001,0.47913079242942086,0.47913079242942097,0.0012660313903782522
regular,ridge,H_D_P_K,0.01,0.46316443398415014,0.4631644339841502,0.0025525839298497924
regular,ridge,H_D_P_K,0.1,0.4513836212832845,0.4513836212832845,0.0038550947668113083
regular,ridge,H_D_P_K,1.0,0.44701622291502613,0.4470162229150261,0.006856215012012924
regular,ridge,H_D_P_K,10.0,0.4491781368537375,0.4491781368537374,0.008828921439730747
regular,ridge,H_B_P_K,0.001,0.47851513410436186,0.4785151341043619,0.001475653395085868
regular,ridge,H_B_P_K,0.01,0.4656081711436577,0.46560817114365777,0.0033116588790965077
regular,ridge,H_B_P_K,0.1,0.46446154133713885,0.46446154133713885,0.004300060994863613
regular,ridge,H_B_P_K,1.0,0.4646874475729063,0.46468744757290636,0.004443315676369057
regular,ridge,H_B_P_K,10.0,0.4647183057942557,0.46471830579425566,0.004458378937201633
regular,ridge,H_D_B_P_K,0.001,0.4769649843895989,0.4769649843895989,0.0013923654542646322
regular,ridge,H_D_B_P_K,0.01,0.4589577981323846,0.4589577981323846,0.002595678909553393
regular,ridge,H_D_B_P_K,0.1,0.44836578857862225,0.4483657885786222,0.0029081987087396697
regular,ridge,H_D_B_P_K,1.0,0.4450550041605574,0.4450550041605574,0.005141469090630609
regular,ridge,H_D_B_P_K,10.0,0.4471434279973259,0.447143427997326,0.007106177209002076
regular,ridge,H_M_P_K,0.001,0.48011842877805566,0.4801184287780556,0.001154574414551735
regular,ridge,H_M_P_K,0.01,0.46988803839319176,0.4698880383931918,0.0026411863315995423
regular,ridge,H_M_P_K,0.1,0.46911245314092676,0.4691124531409267,0.0036640580866684164
regular,ridge,H_M_P_K,1.0,0.46932709260872857,0.4693270926087285,0.0038104367336285255
regular,ridge,H_M_P_K,10.0,0.46935547755849616,0.46935547755849616,0.0038255842031458655
regular,ridge,H_D_M_P_K,0.001,0.47854392028646475,0.4785439202864647,0.001098057794801228
regular,ridge,H_D_M_P_K,0.01,0.46293717208872526,0.46293717208872537,0.0022698916952141185
regular,ridge,H_D_M_P_K,0.1,0.45195848985395365,0.4519584898539537,0.003733539668762568
regular,ridge,H_D_M_P_K,1.0,0.44770325775970643,0.4477032577597064,0.007067232249184007
regular,ridge,H_D_M_P_K,10.0,0.44988079484682486,0.44988079484682497,0.0091220765754252
regular,ridge,H_B_M_P_K,0.001,0.47796316656519744,0.47796316656519744,0.0012855250343103283
regular,ridge,H_B_M_P_K,0.01,0.46538551876036915,0.4653855187603691,0.0027206650440778383
regular,ridge,H_B_M_P_K,0.1,0.4645612731966247,0.46456127319662477,0.0035632998516561287
regular,ridge,H_B_M_P_K,1.0,0.46482756392293856,0.46482756392293856,0.0036965466228359362
regular,ridge,H_B_M_P_K,10.0,0.4648624271419334,0.4648624271419335,0.003710814292134227
regular,ridge,H_D_B_M_P_K,0.001,0.47643133213026667,0.47643133213026667,0.0012016670223089659
regular,ridge,H_D_B_M_P_K,0.01,0.4588953083474753,0.4588953083474753,0.002005292992557113
regular,ridge,H_D_B_M_P_K,0.1,0.44898431160140134,0.4489843116014013,0.002422857239601614
regular,ridge,H_D_B_M_P_K,1.0,0.4456793183146982,0.4456793183146982,0.005303558492151185
regular,ridge,H_D_B_M_P_K,10.0,0.44773128103840193,0.4477312810384019,0.007347820796192027
regular,ridge,H_C_K,0.001,0.4808276375510886,0.4808276375510886,0.0013232625197469082
regular,ridge,H_C_K,0.01,0.47002455468118887,0.47002455468118887,0.003398397674363581
regular,ridge,H_C_K,0.1,0.46898157985311095,0.4689815798531109,0.005608202800446285
regular,ridge,H_C_K,1.0,0.46976280045144625,0.46976280045144614,0.006068829331914453
regular,ridge,H_C_K,10.0,0.4707708934244921,0.47077089342449197,0.006223437533640864
regular,ridge,H_D_C_K,0.001,0.47922835937024794,0.4792283593702479,0.001261656148164458
regular,ridge,H_D_C_K,0.01,0.4627736397694417,0.46277363976944164,0.0029249794505889514
regular,ridge,H_D_C_K,0.1,0.45090391002216706,0.45090391002216706,0.005531330563390354
regular,ridge,H_D_C_K,1.0,0.4469832169738521,0.4469832169738521,0.008924610473041817
regular,ridge,H_D_C_K,10.0,0.4498098172620249,0.44980981726202485,0.010686405691315638
regular,ridge,H_B_C_K,0.001,0.47857596243346984,0.47857596243346984,0.0014851467958317717
regular,ridge,H_B_C_K,0.01,0.46521227439759566,0.46521227439759566,0.0037857621773150726
regular,ridge,H_B_C_K,0.1,0.46435809308832365,0.4643580930883237,0.005892498036680554
regular,ridge,H_B_C_K,1.0,0.46520497090875856,0.46520497090875856,0.006387308774485722
regular,ridge,H_B_C_K,10.0,0.46617619710897473,0.46617619710897473,0.006535120641294671
regular,ridge,H_D_B_C_K,0.001,0.4770224523704455,0.47702245237044555,0.0013996185279788863
regular,ridge,H_D_B_C_K,0.01,0.45849862444423,0.45849862444423006,0.003041884290359415
regular,ridge,H_D_B_C_K,0.1,0.4480905900469736,0.4480905900469736,0.005036886945216075
regular,ridge,H_D_B_C_K,1.0,0.4452181074082454,0.4452181074082454,0.007906228791214293
regular,ridge,H_D_B_C_K,10.0,0.4478150575092517,0.4478150575092517,0.00964319944683512
regular,ridge,H_M_C_K,0.001,0.48021165633871477,0.48021165633871465,0.0011503763582004628
regular,ridge,H_M_C_K,0.01,0.46966517465988705,0.4696651746598871,0.0030228133712441882
regular,ridge,H_M_C_K,0.1,0.4691268410293554,0.4691268410293555,0.005187306415749491
regular,ridge,H_M_C_K,1.0,0.4699660512416901,0.46996605124169005,0.005665389209874607
regular,ridge,H_M_C_K,10.0,0.4709901748016558,0.4709901748016557,0.005837616737290246
regular,ridge,H_D_M_C_K,0.001,0.47863377536164337,0.4786337753616433,0.001091524144030734
regular,ridge,H_D_M_C_K,0.01,0.462599383505918,0.46259938350591795,0.002612315176680344
regular,ridge,H_D_M_C_K,0.1,0.451523391332862,0.4515233913328619,0.005366947419403357
regular,ridge,H_D_M_C_K,1.0,0.4477949539074412,0.44779495390744106,0.00909332531336927
regular,ridge,H_D_M_C_K,10.0,0.4503540652663096,0.4503540652663096,0.010962781127147676
regular,ridge,H_B_M_C_K,0.001,0.47801656475476517,0.4780165647547651,0.0012943469000592709
regular,ridge,H_B_M_C_K,0.01,0.4650698421985693,0.4650698421985693,0.003205434245813752
regular,ridge,H_B_M_C_K,0.1,0.46466670934271764,0.4646667093427176,0.005237365636111622
regular,ridge,H_B_M_C_K,1.0,0.4655740454052291,0.46557404540522906,0.005775648227934584
regular,ridge,H_B_M_C_K,10.0,0.4665889693165289,0.46658896931652893,0.005956276349711803
regular,ridge,H_D_B_M_C_K,0.001,0.47648244399819606,0.476482443998196,0.0012075783520103746
regular,ridge,H_D_B_M_C_K,0.01,0.45850291963438067,0.4585029196343807,0.0024632050528233095
regular,ridge,H_D_B_M_C_K,0.1,0.44876966955371506,0.448769669553715,0.0046799753492483545
regular,ridge,H_D_B_M_C_K,1.0,0.4458558471358957,0.44585584713589566,0.008069284743137282
regular,ridge,H_D_B_M_C_K,10.0,0.44836116382380065,0.4483611638238007,0.009924271629794368
regular,ridge,H_P_C_K,0.001,0.48068789400472633,0.48068789400472633,0.0014119989292385078
regular,ridge,H_P_C_K,0.01,0.4701976853626689,0.4701976853626689,0.003699930700491728
regular,ridge,H_P_C_K,0.1,0.469451986886791,0.46945198688679096,0.0058041152785818185
regular,ridge,H_P_C_K,1.0,0.4702534312922881,0.470253431292288,0.0062199941933319776
regular,ridge,H_P_C_K,10.0,0.47126669385384856,0.47126669385384856,0.006352779529514085
regular,ridge,H_D_P_C_K,0.001,0.4790936126322973,0.4790936126322974,0.0013450935434971142
regular,ridge,H_D_P_C_K,0.01,0.4629481405927549,0.46294814059275496,0.0031828797174233746
regular,ridge,H_D_P_C_K,0.1,0.45127602360024466,0.4512760236002446,0.00563483169987206
regular,ridge,H_D_P_C_K,1.0,0.4474234373785372,0.4474234373785372,0.008920274788375714
regular,ridge,H_D_P_C_K,10.0,0.45010559884595147,0.4501055988459515,0.01056617739471302
regular,ridge,H_B_P_C_K,0.001,0.47847822828561826,0.47847822828561826,0.001557090559043959
regular,ridge,H_B_P_C_K,0.01,0.46552803938364146,0.4655280393836415,0.003942120825536492
regular,ridge,H_B_P_C_K,0.1,0.4648482019364598,0.46484820193645976,0.005925897027166241
regular,ridge,H_B_P_C_K,1.0,0.46571988286116056,0.4657198828611606,0.006371302087754387
regular,ridge,H_B_P_C_K,10.0,0.4667733579657663,0.46677335796576636,0.006536033206483952
regular,ridge,H_D_B_P_C_K,0.001,0.4769287908340699,0.4769287908340699,0.0014683712476423777
regular,ridge,H_D_B_P_C_K,0.01,0.4588063653509238,0.4588063653509239,0.0031953112862418013
regular,ridge,H_D_B_P_C_K,0.1,0.448483041344864,0.4484830413448641,0.005032687789665418
regular,ridge,H_D_B_P_C_K,1.0,0.44552667520779743,0.4455266752077975,0.007802461864888196
regular,ridge,H_D_B_P_C_K,10.0,0.44816577872473834,0.4481657787247383,0.009477653521954075
regular,ridge,H_M_P_C_K,0.001,0.4800901241634651,0.4800901241634651,0.0012414933299602152
regular,ridge,H_M_P_C_K,0.01,0.4699042925411452,0.4699042925411452,0.0033005352781034455
regular,ridge,H_M_P_C_K,0.1,0.4696495677982407,0.4696495677982407,0.005346739486324778
regular,ridge,H_M_P_C_K,1.0,0.4705017350338802,0.4705017350338802,0.005777010437613585
regular,ridge,H_M_P_C_K,10.0,0.4715392192906732,0.4715392192906732,0.005915835796581764
regular,ridge,H_D_M_P_C_K,0.001,0.4785153164329494,0.4785153164329494,0.0011769411203737738
regular,ridge,H_D_M_P_C_K,0.01,0.4628370602152136,0.46283706021521365,0.0028350413509942024
regular,ridge,H_D_M_P_C_K,0.1,0.45197947139559663,0.4519794713955966,0.0054399960934706625
regular,ridge,H_D_M_P_C_K,1.0,0.4481315699945727,0.44813156999457265,0.009109540669106759
regular,ridge,H_D_M_P_C_K,10.0,0.4507463621180055,0.45074636211800556,0.010942567857318128
regular,ridge,H_B_M_P_C_K,0.001,0.47793650442118357,0.4779365044211835,0.001367773984045402
regular,ridge,H_B_M_P_C_K,0.01,0.4654158933845415,0.4654158933845415,0.0033559254520017403
regular,ridge,H_B_M_P_C_K,0.1,0.4652026018089572,0.4652026018089572,0.0052451705124195325
regular,ridge,H_B_M_P_C_K,1.0,0.46613790471171396,0.46613790471171396,0.00573680765563061
regular,ridge,H_B_M_P_C_K,10.0,0.46717329431253296,0.46717329431253296,0.0059036895816734405
regular,ridge,H_D_B_M_P_C_K,0.001,0.47640351098290984,0.47640351098290984,0.0012785390552094563
regular,ridge,H_D_B_M_P_C_K,0.01,0.4588381821996256,0.4588381821996256,0.0026077954659240073
regular,ridge,H_D_B_M_P_C_K,0.1,0.4492081562665084,0.4492081562665084,0.004649268118503286
regular,ridge,H_D_B_M_P_C_K,1.0,0.4462548618127486,0.4462548618127486,0.008082679727838023
regular,ridge,H_D_B_M_P_C_K,10.0,0.448811531846793,0.448811531846793,0.009817165799256853
regular,ridge,H_A_K,0.001,0.4799061155532456,0.4799061155532455,0.0013191380416900638
regular,ridge,H_A_K,0.01,0.46773648397713646,0.4677364839771365,0.0031873802268011942
regular,ridge,H_A_K,0.1,0.4660413966793544,0.4660413966793544,0.004485500784079395
regular,ridge,H_A_K,1.0,0.4661516808737635,0.4661516808737636,0.004688575522374248
regular,ridge,H_A_K,10.0,0.4661696838963618,0.4661696838963619,0.004710100547249257
regular,ridge,H_D_A_K,0.001,0.4783441134107935,0.4783441134107935,0.001265433768328987
regular,ridge,H_D_A_K,0.01,0.46099379188887385,0.4609937918888738,0.002763486261088232
regular,ridge,H_D_A_K,0.1,0.44894081693446175,0.44894081693446175,0.004148907064661134
regular,ridge,H_D_A_K,1.0,0.44461576392117635,0.4446157639211764,0.00708719977815279
regular,ridge,H_D_A_K,10.0,0.4467797880102586,0.4467797880102585,0.009018788212213613
regular,ridge,H_B_A_K,0.001,0.4776874449238255,0.4776874449238255,0.001509069712356476
regular,ridge,H_B_A_K,0.01,0.46308855454363124,0.4630885545436313,0.003743078955673568
regular,ridge,H_B_A_K,0.1,0.4615270490136026,0.46152704901360264,0.005044443197892243
regular,ridge,H_B_A_K,1.0,0.4617153527891902,0.46171535278919007,0.005242145300554157
regular,ridge,H_B_A_K,10.0,0.46174228663092026,0.46174228663092026,0.00526309470916553
regular,ridge,H_D_B_A_K,0.001,0.47616727411962123,0.4761672741196213,0.0014323157789490133
regular,ridge,H_D_B_A_K,0.01,0.45679691985681603,0.4567969198568161,0.003070327643365102
regular,ridge,H_D_B_A_K,0.1,0.446002224171233,0.44600222417123286,0.0036471666985155734
regular,ridge,H_D_B_A_K,1.0,0.4426349509279068,0.4426349509279069,0.005568507452021594
regular,ridge,H_D_B_A_K,10.0,0.4448130306183951,0.4448130306183951,0.007447273818746582
regular,ridge,H_M_A_K,0.001,0.47927096934275376,0.4792709693427537,0.0011389373143982295
regular,ridge,H_M_A_K,0.01,0.4671319319604965,0.4671319319604965,0.0028139641328072743
regular,ridge,H_M_A_K,0.1,0.4657533131556373,0.4657533131556374,0.004084440181744413
regular,ridge,H_M_A_K,1.0,0.46590012558415883,0.4659001255841588,0.0042927071873408275
regular,ridge,H_M_A_K,10.0,0.46592178419995656,0.4659217841999565,0.00431508393220657
regular,ridge,H_D_M_A_K,0.001,0.47772834620066856,0.4777283462006685,0.0010898690807613232
regular,ridge,H_D_M_A_K,0.01,0.46060417570268086,0.46060417570268075,0.0024555798707131082
regular,ridge,H_D_M_A_K,0.1,0.4493840689479855,0.4493840689479855,0.003947101749799604
regular,ridge,H_D_M_A_K,1.0,0.44524991613292536,0.44524991613292525,0.007130714817674006
regular,ridge,H_D_M_A_K,10.0,0.4474598328629503,0.4474598328629503,0.009220741868797636
regular,ridge,H_B_M_A_K,0.001,0.47710735095150814,0.4771073509515082,0.0013163780403860563
regular,ridge,H_B_M_A_K,0.01,0.4627172567578461,0.46271725675784603,0.003153540823238401
regular,ridge,H_B_M_A_K,0.1,0.4614623246322347,0.46146232463223474,0.004295485963042427
regular,ridge,H_B_M_A_K,1.0,0.4616897132062064,0.46168971320620633,0.004475858502676468
regular,ridge,H_B_M_A_K,10.0,0.4617203524482417,0.4617203524482417,0.004495049199855626
regular,ridge,H_D_B_M_A_K,0.001,0.47560599569229384,0.4756059956922939,0.0012398796294458576
regular,ridge,H_D_B_M_A_K,0.01,0.45660833563073444,0.45660833563073433,0.0024927081719161226
regular,ridge,H_D_B_M_A_K,0.1,0.4465101988975488,0.4465101988975489,0.003091076428374887
regular,ridge,H_D_B_M_A_K,1.0,0.44324554992758863,0.44324554992758863,0.0055768090756203315
regular,ridge,H_D_B_M_A_K,10.0,0.4454044719105892,0.4454044719105891,0.0075519416067826965
regular,ridge,H_P_A_K,0.001,0.4797521064056798,0.47975210640567967,0.0014068126001203086
regular,ridge,H_P_A_K,0.01,0.46780399112821025,0.4678039911282103,0.00349461633311232
regular,ridge,H_P_A_K,0.1,0.46639825189632034,0.4663982518963204,0.004758260765061259
regular,ridge,H_P_A_K,1.0,0.46655668898805847,0.4665566889880585,0.004931930951694612
regular,ridge,H_P_A_K,10.0,0.46657948953914574,0.4665794895391457,0.004950064567410381
regular,ridge,H_D_P_A_K,0.001,0.47819424071524447,0.4781942407152446,0.001346723169679458
regular,ridge,H_D_P_A_K,0.01,0.46106518484822867,0.46106518484822867,0.0030192095416393455
regular,ridge,H_D_P_A_K,0.1,0.4492112075542448,0.44921120755424493,0.004275250713447978
regular,ridge,H_D_P_A_K,1.0,0.44477148594833327,0.4447714859483332,0.007064391559200022
regular,ridge,H_D_P_A_K,10.0,0.446955637215039,0.44695563721503895,0.009040531259532233
regular,ridge,H_B_P_A_K,0.001,0.47757732999059666,0.4775773299905966,0.001578163116859367
regular,ridge,H_B_P_A_K,0.01,0.46334640677055916,0.46334640677055916,0.0038861462385773923
regular,ridge,H_B_P_A_K,0.1,0.46203851404911206,0.462038514049112,0.005120649888639046
regular,ridge,H_B_P_A_K,1.0,0.46227216637623064,0.46227216637623075,0.005300192783769304
regular,ridge,H_B_P_A_K,10.0,0.46230259513424243,0.4623025951342424,0.00531922029757658
regular,ridge,H_D_B_P_A_K,0.001,0.4760599096432776,0.47605990964327766,0.0014980339295950318
regular,ridge,H_D_B_P_A_K,0.01,0.457044623718638,0.457044623718638,0.0032040023248501555
regular,ridge,H_D_B_P_A_K,0.1,0.4464091689186348,0.4464091689186348,0.003667871719798894
regular,ridge,H_D_B_P_A_K,1.0,0.44299069300812277,0.44299069300812277,0.005497014373201575
regular,ridge,H_D_B_P_A_K,10.0,0.44518375121468823,0.44518375121468823,0.00741626974646923
regular,ridge,H_M_P_A_K,0.001,0.4791358288579668,0.47913582885796685,0.0012292025468895523
regular,ridge,H_M_P_A_K,0.01,0.4672838071892906,0.4672838071892905,0.003091035895882562
regular,ridge,H_M_P_A_K,0.1,0.4662068201833873,0.4662068201833874,0.004286670971666134
regular,ridge,H_M_P_A_K,1.0,0.46640412511223245,0.4664041251122324,0.004457239819632376
regular,ridge,H_M_P_A_K,10.0,0.46643107216009194,0.466431072160092,0.004474901968855859
regular,ridge,H_D_M_P_A_K,0.001,0.4775968746168983,0.4775968746168984,0.0011733669144099541
regular,ridge,H_D_M_P_A_K,0.01,0.46075894655201827,0.4607589465520183,0.002665571316967955
regular,ridge,H_D_M_P_A_K,0.1,0.4497325610077525,0.44973256100775255,0.004016368244793946
regular,ridge,H_D_M_P_A_K,1.0,0.4453630984390649,0.44536309843906496,0.007154211510782808
regular,ridge,H_D_M_P_A_K,10.0,0.4476141238584127,0.44761412385841276,0.00922649892690495
regular,ridge,H_B_M_P_A_K,0.001,0.4770136018583696,0.4770136018583696,0.0013871626120902634
regular,ridge,H_B_M_P_A_K,0.01,0.46302430303108916,0.4630243030310891,0.0032847300413585273
regular,ridge,H_B_M_P_A_K,0.1,0.46202565640341026,0.46202565640341026,0.0043318242496663785
regular,ridge,H_B_M_P_A_K,1.0,0.46229711909003446,0.4622971190900344,0.0044894556605498456
regular,ridge,H_B_M_P_A_K,10.0,0.4623329964242466,0.4623329964242465,0.004506208049257259
regular,ridge,H_D_B_M_P_A_K,0.001,0.4755151300802744,0.47551513008027435,0.0013069221062382867
regular,ridge,H_D_B_M_P_A_K,0.01,0.4569020266586187,0.4569020266586186,0.0026117218780342985
regular,ridge,H_D_B_M_P_A_K,0.1,0.44693046837714895,0.44693046837714895,0.0031014858072326806
regular,ridge,H_D_B_M_P_A_K,1.0,0.4435272175289709,0.44352721752897095,0.005530678936449031
regular,ridge,H_D_B_M_P_A_K,10.0,0.4456147060668761,0.44561470606687614,0.0074583325007551195
regular,ridge,H_C_A_K,0.001,0.4798673536456907,0.47986735364569066,0.0014020388846069868
regular,ridge,H_C_A_K,0.01,0.4675647971957352,0.46756479719573524,0.0038621294848288886
regular,ridge,H_C_A_K,0.1,0.46617232611807297,0.46617232611807297,0.00621737527785257
regular,ridge,H_C_A_K,1.0,0.4669208851328675,0.46692088513286745,0.006728727245278513
regular,ridge,H_C_A_K,10.0,0.4678890152380592,0.46788901523805926,0.006928640185178481
regular,ridge,H_D_C_A_K,0.001,0.4783041536206272,0.4783041536206271,0.0013415490647148
regular,ridge,H_D_C_A_K,0.01,0.46072827560381274,0.4607282756038128,0.0033673286701832194
regular,ridge,H_D_C_A_K,0.1,0.44874135634690787,0.44874135634690787,0.005956768723846103
regular,ridge,H_D_C_A_K,1.0,0.4448001356856811,0.44480013568568105,0.009146369743300867
regular,ridge,H_D_C_A_K,10.0,0.44756460730076636,0.4475646073007663,0.010961644512925564
regular,ridge,H_B_C_A_K,0.001,0.4776479713320505,0.4776479713320505,0.0015870037927204013
regular,ridge,H_B_C_A_K,0.01,0.46297377025444153,0.4629737702544416,0.004338959993183211
regular,ridge,H_B_C_A_K,0.1,0.46188326057775597,0.46188326057775597,0.0066716222065716785
regular,ridge,H_B_C_A_K,1.0,0.46275494607757767,0.46275494607757767,0.007235092968450941
regular,ridge,H_B_C_A_K,10.0,0.4637121617216987,0.4637121617216987,0.007422301964998054
regular,ridge,H_D_B_C_A_K,0.001,0.47612782643479923,0.47612782643479923,0.0015046263631922326
regular,ridge,H_D_B_C_A_K,0.01,0.4566247967551476,0.4566247967551476,0.0036243954946750994
regular,ridge,H_D_B_C_A_K,0.1,0.44614001998924896,0.44614001998924896,0.005683557882777593
regular,ridge,H_D_B_C_A_K,1.0,0.4431944934813269,0.44319449348132683,0.008347677367551433
regular,ridge,H_D_B_C_A_K,10.0,0.44578027171650286,0.44578027171650286,0.009971084311068192
regular,ridge,H_M_C_A_K,0.001,0.4792401481355325,0.47924014813553245,0.001223912220787913
regular,ridge,H_M_C_A_K,0.01,0.46710811916594,0.46710811916593986,0.003438347056359834
regular,ridge,H_M_C_A_K,0.1,0.46622316179099116,0.4662231617909912,0.005710790357700589
regular,ridge,H_M_C_A_K,1.0,0.46701587287070667,0.46701587287070667,0.006235107630469122
regular,ridge,H_M_C_A_K,10.0,0.4680670276148445,0.46806702761484437,0.006445991398387496
regular,ridge,H_D_M_C_A_K,0.001,0.4776964812339531,0.47769648123395303,0.0011656033501846255
regular,ridge,H_D_M_C_A_K,0.01,0.46046550064357183,0.4604655006435719,0.0029888875892605336
regular,ridge,H_D_M_C_A_K,0.1,0.4493237111407495,0.44932371114074954,0.005679223061536331
regular,ridge,H_D_M_C_A_K,1.0,0.44557481758175227,0.4455748175817522,0.00924714771396136
regular,ridge,H_D_M_C_A_K,10.0,0.44811716623767645,0.4481171662376764,0.011096498446344902
regular,ridge,H_B_M_C_A_K,0.001,0.47707639334633856,0.4770763933463386,0.0013950979500354755
regular,ridge,H_B_M_C_A_K,0.01,0.462733135372529,0.4627331353725291,0.0037401360998423885
regular,ridge,H_B_M_C_A_K,0.1,0.46210891645180785,0.46210891645180785,0.005948481672829766
regular,ridge,H_B_M_C_A_K,1.0,0.4630539987715823,0.4630539987715824,0.0065208242047823765
regular,ridge,H_B_M_C_A_K,10.0,0.46401465238339196,0.464014652383392,0.006729984888784694
regular,ridge,H_D_B_M_C_A_K,0.001,0.4755747906316333,0.47557479063163327,0.001311777696901511
regular,ridge,H_D_B_M_C_A_K,0.01,0.4565400418499866,0.45654004184998664,0.0030292119298203912
regular,ridge,H_D_B_M_C_A_K,0.1,0.44676126372890457,0.44676126372890457,0.0052163327013702125
regular,ridge,H_D_B_M_C_A_K,1.0,0.4437584826857763,0.4437584826857763,0.008335449585995683
regular,ridge,H_D_B_M_C_A_K,10.0,0.4464155108998267,0.4464155108998266,0.01018856400738368
regular,ridge,H_P_C_A_K,0.001,0.4797151048527218,0.47971510485272173,0.001490659848530952
regular,ridge,H_P_C_A_K,0.01,0.4676392431681258,0.4676392431681258,0.004153572844475436
regular,ridge,H_P_C_A_K,0.1,0.46650204333712286,0.4665020433371228,0.00643007056927052
regular,ridge,H_P_C_A_K,1.0,0.4672628887214956,0.46726288872149563,0.006891442984797115
regular,ridge,H_P_C_A_K,10.0,0.4682742780952258,0.46827427809522587,0.007087791418942352
regular,ridge,H_D_P_C_A_K,0.001,0.4781548571510946,0.4781548571510947,0.0014253368180833783
regular,ridge,H_D_P_C_A_K,0.01,0.4608140510939545,0.46081405109395457,0.0036236007251289936
regular,ridge,H_D_P_C_A_K,0.1,0.4490130073815422,0.44901300738154226,0.006043901877144467
regular,ridge,H_D_P_C_A_K,1.0,0.4450466059802494,0.4450466059802494,0.00915727196832113
regular,ridge,H_D_P_C_A_K,10.0,0.4477648600846379,0.4477648600846379,0.010827113752390169
regular,ridge,H_B_P_C_A_K,0.001,0.47753879826701645,0.4775387982670164,0.001658028584068403
regular,ridge,H_B_P_C_A_K,0.01,0.4632255931404262,0.4632255931404262,0.004482274909696667
regular,ridge,H_B_P_C_A_K,0.1,0.4623192984196268,0.4623192984196269,0.00670012587646693
regular,ridge,H_B_P_C_A_K,1.0,0.4631828038156032,0.4631828038156032,0.007213819271672724
regular,ridge,H_B_P_C_A_K,10.0,0.46421676668515227,0.4642167666851523,0.007418110123945811
regular,ridge,H_D_B_P_C_A_K,0.001,0.4760216534819429,0.4760216534819429,0.001572693669520346
regular,ridge,H_D_B_P_C_A_K,0.01,0.4568655216124622,0.4568655216124622,0.003766895851196529
regular,ridge,H_D_B_P_C_A_K,0.1,0.4464627679349644,0.4464627679349644,0.005672803974596187
regular,ridge,H_D_B_P_C_A_K,1.0,0.44341183855832017,0.44341183855832017,0.008194021790914949
regular,ridge,H_D_B_P_C_A_K,10.0,0.44594759152938923,0.44594759152938923,0.009789876478480414
regular,ridge,H_M_P_C_A_K,0.001,0.47910642180082613,0.4791064218008261,0.001315023165968947
regular,ridge,H_M_P_C_A_K,0.01,0.46726111108461954,0.4672611110846196,0.003709929544532406
regular,ridge,H_M_P_C_A_K,0.1,0.4666054774311451,0.46660547743114505,0.005896161387333554
regular,ridge,H_M_P_C_A_K,1.0,0.46747720326844766,0.4674772032684477,0.006364988591605904
regular,ridge,H_M_P_C_A_K,10.0,0.4684667976454612,0.4684667976454612,0.0065495320736296435
regular,ridge,H_D_M_P_C_A_K,0.001,0.4775661965914972,0.47756619659149724,0.0012515750849021968
regular,ridge,H_D_M_P_C_A_K,0.01,0.46062614960566944,0.46062614960566933,0.0032159852305920873
regular,ridge,H_D_M_P_C_A_K,0.1,0.44969051493376944,0.4496905149337695,0.0057501814795897785
regular,ridge,H_D_M_P_C_A_K,1.0,0.4457064661457836,0.4457064661457836,0.00928274079617705
regular,ridge,H_D_M_P_C_A_K,10.0,0.4482847176561788,0.4482847176561787,0.011095893672571426
regular,ridge,H_B_M_P_C_A_K,0.001,0.4769853335781936,0.4769853335781936,0.0014674312335898364
regular,ridge,H_B_M_P_C_A_K,0.01,0.4630301462416388,0.4630301462416389,0.003871225130166656
regular,ridge,H_B_M_P_C_A_K,0.1,0.46261215731956035,0.4626121573195604,0.005931688925859629
regular,ridge,H_B_M_P_C_A_K,1.0,0.46356527896724586,0.46356527896724586,0.006482502537372443
regular,ridge,H_B_M_P_C_A_K,10.0,0.46453426860618335,0.46453426860618335,0.006693385435638179
regular,ridge,H_D_B_M_P_C_A_K,0.001,0.47548541396306887,0.4754854139630689,0.0013816808903900453
regular,ridge,H_D_B_M_P_C_A_K,0.01,0.45681939163826807,0.45681939163826807,0.0031617782446296985
regular,ridge,H_D_B_M_P_C_A_K,0.1,0.44712644326051915,0.44712644326051904,0.0052158343339809
regular,ridge,H_D_B_M_P_C_A_K,1.0,0.444167707697642,0.44416770769764213,0.008292992385831473
regular,ridge,H_D_B_M_P_C_A_K,10.0,0.4467189282050646,0.44671892820506454,0.01005539244130357
regular,ridge,NONE,0.001,0.48682988510277087,0.4868298851027709,0.001128610297045335
regular,ridge,NONE,0.01,0.48682988510277087,0.4868298851027709,0.001128610297045335
regular,ridge,NONE,0.1,0.48682988510277087,0.4868298851027709,0.001128610297045335
regular,ridge,NONE,1.0,0.48682988510277087,0.4868298851027709,0.001128610297045335
regular,ridge,NONE,10.0,0.48682988510277087,0.4868298851027709,0.001128610297045335
regular,ridge,D,0.001,0.4850241769446684,0.48502417694466826,0.0011345370205772618
regular,ridge,D,0.01,0.4764883093577825,0.47648830935778247,0.0016432154858810927
regular,ridge,D,0.1,0.4624454417236366,0.46244544172363666,0.00248949961432007
regular,ridge,D,1.0,0.4574118701497685,0.45741187014976853,0.0037925127463849756
regular,ridge,D,10.0,0.4588606935111543,0.4588606935111543,0.004828763354636497
regular,ridge,B,0.001,0.48427892119795724,0.4842789211979571,0.0013110111926665155
regular,ridge,B,0.01,0.47923568893639645,0.47923568893639634,0.0026938531529719124
regular,ridge,B,0.1,0.47836982516873877,0.47836982516873866,0.003967782090758468
regular,ridge,B,1.0,0.4784049826983175,0.4784049826983175,0.004196038796641217
regular,ridge,B,10.0,0.4784116058567774,0.4784116058567774,0.004220719761594571
regular,ridge,D_B,0.001,0.4825300782437938,0.4825300782437939,0.0012769515795853495
regular,ridge,D_B,0.01,0.4698657480753533,0.4698657480753533,0.0023589145895346855
regular,ridge,D_B,0.1,0.4569687723162741,0.45696877231627414,0.0024728700958688613
regular,ridge,D_B,1.0,0.4531181739713088,0.4531181739713088,0.0011169535380007145
regular,ridge,D_B,10.0,0.45458809295142605,0.45458809295142605,0.0021843218321620857
regular,ridge,M,0.001,0.4859651430221672,0.4859651430221672,0.0009488297987076188
regular,ridge,M,0.01,0.4843365502585723,0.48433655025857225,0.0005288630851204692
regular,ridge,M,0.1,0.4841004739170281,0.48410047391702804,0.0007295821917146933
regular,ridge,M,1.0,0.4841097343390625,0.48410973433906257,0.0007911038535722331
regular,ridge,M,10.0,0.48411155522124844,0.4841115552212484,0.0007978745527662772
regular,ridge,D_M,0.001,0.48418853758484753,0.4841885375848475,0.000967468974814365
regular,ridge,D_M,0.01,0.47461886387350277,0.47461886387350266,0.0015880686043121385
regular,ridge,D_M,0.1,0.46180963171150863,0.4618096317115087,0.0029993779000678992
regular,ridge,D_M,1.0,0.45725785594847435,0.45725785594847446,0.004464393713876864
regular,ridge,D_M,10.0,0.45867405522814775,0.45867405522814764,0.005424510864212365
regular,ridge,B_M,0.001,0.4834910507603862,0.4834910507603861,0.0011109112632968008
regular,ridge,B_M,0.01,0.4774962501229769,0.4774962501229769,0.0019745343533425965
regular,ridge,B_M,0.1,0.47665647835751035,0.47665647835751035,0.002996071979619577
regular,ridge,B_M,1.0,0.47671550863323836,0.4767155086332383,0.003185264566954132
regular,ridge,B_M,10.0,0.47672459504871517,0.4767245950487152,0.003205666010981191
regular,ridge,D_B_M,0.001,0.481768378191874,0.481768378191874,0.0010852603779624205
regular,ridge,D_B_M,0.01,0.46863066560916955,0.4686306656091695,0.0018216779380861251
regular,ridge,D_B_M,0.1,0.45681817459969304,0.4568181745996931,0.002196462390406527
regular,ridge,D_B_M,1.0,0.4532593076230272,0.45325930762302724,0.0019359085227186206
regular,ridge,D_B_M,10.0,0.4546813663165678,0.4546813663165678,0.002874308777126415
regular,ridge,P,0.001,0.4866104205455549,0.4866104205455549,0.0011858912845544242
regular,ridge,P,0.01,0.48626626375387055,0.48626626375387055,0.001444086005515448
regular,ridge,P,0.1,0.48630434305090725,0.4863043430509072,0.0016659804787884653
regular,ridge,P,1.0,0.48632593767397736,0.48632593767397736,0.0017044011823488486
regular,ridge,P,10.0,0.48632844049337187,0.48632844049337187,0.00170849208510617
regular,ridge,D_P,0.001,0.48480960889244734,0.4848096088924473,0.0011766648659206006
regular,ridge,D_P,0.01,0.47599498887449776,0.4759949888744977,0.0015791192693542652
regular,ridge,D_P,0.1,0.4620362091873632,0.46203620918736316,0.002025066211634107
regular,ridge,D_P,1.0,0.45686105817105566,0.45686105817105566,0.0035986779023454906
regular,ridge,D_P,10.0,0.45824556349175993,0.45824556349176,0.004822819659085527
regular,ridge,B_P,0.001,0.48411216073962454,0.48411216073962465,0.001352791811762152
regular,ridge,B_P,0.01,0.4791383752796254,0.47913837527962544,0.0027322209060402173
regular,ridge,B_P,0.1,0.4784689377813002,0.4784689377813002,0.003947865061501206
regular,ridge,B_P,1.0,0.47854090523590603,0.4785409052359061,0.004167041506214274
regular,ridge,B_P,10.0,0.47855100564982556,0.47855100564982556,0.004190645338442048
regular,ridge,D_B_P,0.001,0.48236707503404785,0.48236707503404785,0.0013110721974614757
regular,ridge,D_B_P,0.01,0.46980170966183427,0.46980170966183427,0.002313375724843217
regular,ridge,D_B_P,0.1,0.4570151180201531,0.4570151180201531,0.002244345594278947
regular,ridge,D_B_P,1.0,0.45304734162029997,0.45304734162029997,0.0010976944453012572
regular,ridge,D_B_P,10.0,0.4544825235615859,0.45448252356158586,0.002380792597137993
regular,ridge,M_P,0.001,0.4857699132344473,0.48576991323444735,0.000999689399367117
regular,ridge,M_P,0.01,0.48402200023440395,0.484022000234404,0.0007374572068187493
regular,ridge,M_P,0.1,0.4839358192124754,0.4839358192124754,0.0008690694384023114
regular,ridge,M_P,1.0,0.4839785162021127,0.48397851620211263,0.0009120785815895848
regular,ridge,M_P,10.0,0.4839837206177722,0.4839837206177721,0.0009169079440003892
regular,ridge,D_M_P,0.001,0.4839977693573495,0.48399776935734967,0.0010037270867824368
regular,ridge,D_M_P,0.01,0.47436998618134124,0.4743699861813413,0.0013601725634076087
regular,ridge,D_M_P,0.1,0.46174205782131766,0.4617420578213175,0.002488909426828195
regular,ridge,D_M_P,1.0,0.4570138275233894,0.4570138275233894,0.004223307463940252
regular,ridge,D_M_P,10.0,0.4583893677572906,0.45838936775729067,0.005336306774690315
regular,ridge,B_M_P,0.001,0.4833450078398839,0.4833450078398839,0.0011498350539303345
regular,ridge,B_M_P,0.01,0.47755237940809303,0.477552379408093,0.001966261756268854
regular,ridge,B_M_P,0.1,0.47697820951068143,0.4769782095106815,0.0029375592097221404
regular,ridge,B_M_P,1.0,0.4770733774892393,0.4770733774892393,0.0031229662709099343
regular,ridge,B_M_P,10.0,0.4770866422988042,0.47708664229880426,0.003143325805130144
regular,ridge,D_B_M_P,0.001,0.4816258706948735,0.48162587069487356,0.001114891734697277
regular,ridge,D_B_M_P,0.01,0.46870732078311583,0.46870732078311583,0.0016965469282736714
regular,ridge,D_B_M_P,0.1,0.4570591873969264,0.45705918739692636,0.001925525760949932
regular,ridge,D_B_M_P,1.0,0.4534021979731487,0.45340219797314874,0.001873507700286964
regular,ridge,D_B_M_P,10.0,0.45474920934800905,0.45474920934800905,0.002922959127119745
regular,ridge,C,0.001,0.4867958035801739,0.4867958035801738,0.0011822420309306014
regular,ridge,C,0.01,0.4867188033224312,0.4867188033224313,0.0015662738172105848
regular,ridge,C,0.1,0.4869887423255861,0.4869887423255861,0.0023486436686876487
regular,ridge,C,1.0,0.487743713506848,0.487743713506848,0.002719508473058225
regular,ridge,C,10.0,0.4892413205230718,0.4892413205230719,0.003346340596836543
regular,ridge,D_C,0.001,0.48498814591724,0.48498814591723993,0.0011731622243310062
regular,ridge,D_C,0.01,0.4763186228041222,0.47631862280412207,0.001596364201380659
regular,ridge,D_C,0.1,0.46251708118086726,0.46251708118086726,0.002033267611495055
regular,ridge,D_C,1.0,0.4583087581358582,0.45830875813585814,0.003710382118966328
regular,ridge,D_C,10.0,0.4604883688976802,0.4604883688976803,0.004925493123158246
regular,ridge,B_C,0.001,0.4842483395775682,0.4842483395775682,0.001359957558794363
regular,ridge,B_C,0.01,0.47918486299309543,0.47918486299309543,0.002967940538910348
regular,ridge,B_C,0.1,0.47880337112467897,0.47880337112467897,0.004720158106439969
regular,ridge,B_C,1.0,0.47959975105093205,0.4795997510509321,0.00518968229884245
regular,ridge,B_C,10.0,0.48107740456581066,0.4810774045658106,0.005417551607821473
regular,ridge,D_B_C,0.001,0.48249574336699014,0.48249574336699014,0.0013166960826266351
regular,ridge,D_B_C,0.01,0.46977285528287344,0.4697728552828734,0.002388262952016329
regular,ridge,D_B_C,0.1,0.45732302160036975,0.45732302160036975,0.00239137293728797
regular,ridge,D_B_C,1.0,0.4542288313808712,0.4542288313808712,0.002006714358028624
regular,ridge,D_B_C,10.0,0.45648185109621814,0.4564818510962182,0.0031299032034104697
regular,ridge,M_C,0.001,0.4859420070161626,0.4859420070161626,0.0009965324527541964
regular,ridge,M_C,0.01,0.4844207918991164,0.4844207918991164,0.0008194322777730194
regular,ridge,M_C,0.1,0.48475499581636805,0.484754995816368,0.0012820664488131625
regular,ridge,M_C,1.0,0.4854966614165324,0.4854966614165324,0.0014778165223806904
regular,ridge,M_C,10.0,0.4869000676698882,0.48690006766988825,0.0020352397898770135
regular,ridge,D_M_C,0.001,0.48416243606552223,0.48416243606552223,0.0010003557695747267
regular,ridge,D_M_C,0.01,0.4746077978427775,0.47460779784277757,0.0012831245746161212
regular,ridge,D_M_C,0.1,0.46208919401670806,0.46208919401670795,0.0020919927389372304
regular,ridge,D_M_C,1.0,0.45819968171522624,0.45819968171522624,0.004005626913025297
regular,ridge,D_M_C,10.0,0.4603493760308778,0.4603493760308778,0.005168171736996363
regular,ridge,B_M_C,0.001,0.4834695562297333,0.4834695562297332,0.0011576478877832965
regular,ridge,B_M_C,0.01,0.477617978906365,0.4776179789063649,0.0021546546915561108
regular,ridge,B_M_C,0.1,0.4775032739717265,0.4775032739717265,0.0034891380341930704
regular,ridge,B_M_C,1.0,0.4783190699120875,0.4783190699120876,0.0038604807706389905
regular,ridge,B_M_C,10.0,0.47973318751163274,0.4797331875116327,0.003989510687871783
regular,ridge,D_B_M_C,0.001,0.4817424415210894,0.4817424415210894,0.0011203372620319997
regular,ridge,D_B_M_C,0.01,0.46866863700536715,0.4686686370053671,0.0016475643660130005
regular,ridge,D_B_M_C,0.1,0.45732759385960486,0.45732759385960486,0.0013502010947942784
regular,ridge,D_B_M_C,1.0,0.4544299526488144,0.4544299526488144,0.0018863170247839383
regular,ridge,D_B_M_C,10.0,0.4566315176060462,0.4566315176060461,0.003159334945691958
regular,ridge,P_C,0.001,0.4865778871191027,0.48657788711910266,0.001241923665943169
regular,ridge,P_C,0.01,0.4861819685422601,0.4861819685422601,0.001961013872571475
regular,ridge,P_C,0.1,0.48651633269867356,0.48651633269867356,0.0030027830494175674
regular,ridge,P_C,1.0,0.4873303593571161,0.4873303593571161,0.0034077657754263625
regular,ridge,P_C,10.0,0.48875381864485395,0.488753818644854,0.003974263837056056
regular,ridge,D_P_C,0.001,0.48477558840815616,0.4847755884081561,0.0012221823103799568
regular,ridge,D_P_C,0.01,0.47585227584122564,0.4758522758412256,0.0017262489157255185
regular,ridge,D_P_C,0.1,0.46212953485273944,0.46212953485273955,0.0020618134930601947
regular,ridge,D_P_C,1.0,0.45776447125175496,0.4577644712517549,0.0038399933317986015
regular,ridge,D_P_C,10.0,0.4598653726111025,0.45986537261110244,0.00507016020588783
regular,ridge,B_P_C,0.001,0.4840826781333464,0.4840826781333464,0.001406940656690519
regular,ridge,B_P_C,0.01,0.47910326115489077,0.47910326115489077,0.003077317895228098
regular,ridge,B_P_C,0.1,0.47889910136078984,0.47889910136078984,0.004831115119604052
regular,ridge,B_P_C,1.0,0.47972283971637986,0.47972283971637975,0.005313671092295812
regular,ridge,B_P_C,10.0,0.4811701066421735,0.4811701066421735,0.005582468896079783
regular,ridge,D_B_P_C,0.001,0.48233421513648606,0.4823342151364859,0.0013566374425305848
regular,ridge,D_B_P_C,0.01,0.4697194040116618,0.46971940401166173,0.0024390866849316995
regular,ridge,D_B_P_C,0.1,0.4574325071328742,0.4574325071328742,0.002426158208444048
regular,ridge,D_B_P_C,1.0,0.4541753280830597,0.4541753280830596,0.0022224193030530768
regular,ridge,D_B_P_C,10.0,0.4563729135653162,0.4563729135653162,0.0034162534683145705
regular,ridge,M_P_C,0.001,0.4857478933753318,0.48574789337533175,0.0010543143867583157
regular,ridge,M_P_C,0.01,0.48411598757286306,0.4841159875728631,0.0012345209396278601
regular,ridge,M_P_C,0.1,0.4845910817578066,0.4845910817578066,0.0019574245717834293
regular,ridge,M_P_C,1.0,0.4853474741426212,0.48534747414262125,0.002192566969218222
regular,ridge,M_P_C,10.0,0.48674009682808334,0.48674009682808334,0.002672370815742662
regular,ridge,D_M_P_C,0.001,0.48397297068482636,0.48397297068482636,0.0010451218055142195
regular,ridge,D_M_P_C,0.01,0.4743651922140228,0.4743651922140228,0.0012627613497352252
regular,ridge,D_M_P_C,0.1,0.46199706513751854,0.4619970651375184,0.0019361744587392763
regular,ridge,D_M_P_C,1.0,0.4579423738613079,0.4579423738613079,0.004034211783836505
regular,ridge,D_M_P_C,10.0,0.4600961825982436,0.4600961825982436,0.0052541052460685
regular,ridge,B_M_P_C,0.001,0.4833244949653404,0.48332449496534036,0.0012029217213070395
regular,ridge,B_M_P_C,0.01,0.47767828617137265,0.4776782861713727,0.0022476180972939674
regular,ridge,B_M_P_C,0.1,0.4777875311415121,0.4777875311415121,0.003613030948028742
regular,ridge,B_M_P_C,1.0,0.4786387643771636,0.4786387643771636,0.003992487775127989
regular,ridge,B_M_P_C,10.0,0.4800436096999262,0.48004360969992615,0.004167116509903838
regular,ridge,D_B_M_P_C,0.001,0.4816015185862046,0.4816015185862046,0.0011573698825233499
regular,ridge,D_B_M_P_C,0.01,0.4687481485238452,0.4687481485238452,0.0016549349936760842
regular,ridge,D_B_M_P_C,0.1,0.4575828288399215,0.45758282883992163,0.0014111638359893873
regular,ridge,D_B_M_P_C,1.0,0.45459027159777926,0.4545902715977793,0.0021236019952796657
regular,ridge,D_B_M_P_C,10.0,0.45670549875257177,0.45670549875257177,0.0034041885692625796
regular,ridge,A,0.001,0.4858032329929671,0.48580323299296707,0.0011634816007945073
regular,ridge,A,0.01,0.4840125131425792,0.48401251314257926,0.0015007115127261196
regular,ridge,A,0.1,0.4837902705001743,0.48379027050017437,0.0017951040156027026
regular,ridge,A,1.0,0.4837964547820401,0.48379645478204003,0.001842468086275991
regular,ridge,A,10.0,0.483797375036912,0.48379737503691206,0.0018474574531899322
regular,ridge,D_A,0.001,0.48403619044425944,0.48403619044425944,0.0011634485344228264
regular,ridge,D_A,0.01,0.4741519703248696,0.47415197032486966,0.0017240558614961645
regular,ridge,D_A,0.1,0.45991290374656335,0.45991290374656335,0.0022334473354578186
regular,ridge,D_A,1.0,0.45476958529698075,0.45476958529698086,0.003189011100110076
regular,ridge,D_A,10.0,0.45627699095395885,0.4562769909539589,0.0043996758868879255
regular,ridge,B_A,0.001,0.4832953610242376,0.48329536102423754,0.001381240372025116
regular,ridge,B_A,0.01,0.47686794265109944,0.47686794265109944,0.003222987871673416
regular,ridge,B_A,0.1,0.4760069459526036,0.4760069459526036,0.004756745995691657
regular,ridge,B_A,1.0,0.47607604274710436,0.47607604274710436,0.005023711005795392
regular,ridge,B_A,10.0,0.4760866652136736,0.4760866652136735,0.0050524509106385975
regular,ridge,D_B_A,0.001,0.4815813915872325,0.48158139158723257,0.0013459967573228868
regular,ridge,D_B_A,0.01,0.4678641696441664,0.46786416964416644,0.0028001032411070167
regular,ridge,D_B_A,0.1,0.45480223280707843,0.45480223280707854,0.0029624595470887803
regular,ridge,D_B_A,1.0,0.4508504505652878,0.45085045056528783,0.0005601300672576974
regular,ridge,D_B_A,10.0,0.4522772356109317,0.4522772356109317,0.0017418113638068148
regular,ridge,M_A,0.001,0.48492974845502446,0.4849297484550245,0.0009655130186853738
regular,ridge,M_A,0.01,0.4813974499796731,0.48139744997967304,0.0006450450579690445
regular,ridge,M_A,0.1,0.48087797653985653,0.48087797653985653,0.0008063561188130621
regular,ridge,M_A,1.0,0.4808926200490856,0.4808926200490856,0.0008558972641034558
regular,ridge,M_A,10.0,0.4808955257148718,0.4808955257148718,0.0008614381486156201
regular,ridge,D_M_A,0.001,0.48319105726960637,0.4831910572696064,0.0009802047954823507
regular,ridge,D_M_A,0.01,0.4721917203875194,0.47219172038751944,0.0013901942725985772
regular,ridge,D_M_A,0.1,0.4592041020895417,0.4592041020895417,0.002409840297505251
regular,ridge,D_M_A,1.0,0.4544840238370135,0.4544840238370135,0.0036910711902603593
regular,ridge,D_M_A,10.0,0.4558956477619812,0.4558956477619812,0.004801889912274661
regular,ridge,B_M_A,0.001,0.4824967708750968,0.48249677087509674,0.0011734141960350183
regular,ridge,B_M_A,0.01,0.4749694629592162,0.47496946295921616,0.0024500624217476566
regular,ridge,B_M_A,0.1,0.4740775615749651,0.47407756157496506,0.0036544677025366467
regular,ridge,B_M_A,1.0,0.47416662360803746,0.4741666236080375,0.0038681766218717118
regular,ridge,B_M_A,10.0,0.47417961970639183,0.4741796197063918,0.0038912486481778364
regular,ridge,D_B_M_A,0.001,0.4808083391961205,0.4808083391961205,0.0011465854004109235
regular,ridge,D_B_M_A,0.01,0.4664983020311893,0.4664983020311893,0.002137734623404268
regular,ridge,D_B_M_A,0.1,0.45456870100079133,0.4545687010007913,0.0022886603304442146
regular,ridge,D_B_M_A,1.0,0.450829043059727,0.45082904305972704,0.0008670938731457514
regular,ridge,D_B_M_A,10.0,0.45236153946977187,0.45236153946977187,0.002137740207559785
regular,ridge,P_A,0.001,0.48557037220633315,0.4855703722063332,0.0012232404946307717
regular,ridge,P_A,0.01,0.4832726507092269,0.48327265070922687,0.0018840608198116815
regular,ridge,P_A,0.1,0.482987768861641,0.4829877688616411,0.00245449123979878
regular,ridge,P_A,1.0,0.4830104048797626,0.4830104048797625,0.002544457107436191
regular,ridge,P_A,10.0,0.48301323686680164,0.4830132368668016,0.0025543738070369117
regular,ridge,D_P_A,0.001,0.4838077372846773,0.48380773728467724,0.001211984214154557
regular,ridge,D_P_A,0.01,0.47350018599385835,0.4735001859938583,0.0018250432064897291
regular,ridge,D_P_A,0.1,0.4592699646436781,0.4592699646436781,0.0020367887957690113
regular,ridge,D_P_A,1.0,0.4538519124338426,0.45385191243384265,0.003083497743070285
regular,ridge,D_P_A,10.0,0.45533914535870773,0.4553391453587077,0.004377199301221628
regular,ridge,B_P_A,0.001,0.48311530268624375,0.4831153026862438,0.0014262710794717421
regular,ridge,B_P_A,0.01,0.4766447256413393,0.4766447256413393,0.0032956100053994856
regular,ridge,B_P_A,0.1,0.4759266058101172,0.4759266058101172,0.0047820874567070905
regular,ridge,B_P_A,1.0,0.4760216053207888,0.47602160532078874,0.005038504245439967
regular,ridge,B_P_A,10.0,0.4760349876088327,0.47603498760883267,0.005066091773381716
regular,ridge,D_B_P_A,0.001,0.48140553464431285,0.4814055346443128,0.0013840572036542544
regular,ridge,D_B_P_A,0.01,0.4676779099862268,0.4676779099862268,0.0028204662728613184
regular,ridge,D_B_P_A,0.1,0.45471742487058076,0.4547174248705808,0.0028712065649633637
regular,ridge,D_B_P_A,1.0,0.45053674311025477,0.4505367431102547,0.0006511804417165269
regular,ridge,D_B_P_A,10.0,0.45202102188140475,0.45202102188140475,0.0019616514256272114
regular,ridge,M_P_A,0.001,0.48472131295645643,0.48472131295645654,0.0010234346374362764
regular,ridge,M_P_A,0.01,0.48093436987372523,0.48093436987372523,0.0010758583965179648
regular,ridge,M_P_A,0.1,0.48049901524056676,0.4804990152405667,0.0014404389813695887
regular,ridge,M_P_A,1.0,0.4805339354828247,0.4805339354828247,0.0015161450897021706
regular,ridge,M_P_A,10.0,0.48053969115576045,0.48053969115576045,0.0015239215728400533
regular,ridge,D_M_P_A,0.001,0.48298705703846345,0.4829870570384635,0.0010247170298572008
regular,ridge,D_M_P_A,0.01,0.4718000632459358,0.4718000632459359,0.001338144871672347
regular,ridge,D_M_P_A,0.1,0.4588922321846963,0.4588922321846963,0.002064256570794711
regular,ridge,D_M_P_A,1.0,0.4539631512982612,0.4539631512982611,0.0035214543744799334
regular,ridge,D_M_P_A,10.0,0.4553787782326788,0.4553787782326788,0.004742435360579784
regular,ridge,B_M_P_A,0.001,0.4823371830137705,0.4823371830137705,0.0012174567085894087
regular,ridge,B_M_P_A,0.01,0.47492216684662797,0.474922166846628,0.0024922807912264554
regular,ridge,B_M_P_A,0.1,0.47424919872255783,0.4742491987225578,0.003652334458260908
regular,ridge,B_M_P_A,1.0,0.4743693857662268,0.4743693857662269,0.0038579929092270528
regular,ridge,B_M_P_A,10.0,0.47438609172484214,0.4743860917248421,0.0038804295425434016
regular,ridge,D_B_M_P_A,0.001,0.48065381510059596,0.48065381510059596,0.0011813266412929134
regular,ridge,D_B_M_P_A,0.01,0.4664798122122124,0.4664798122122124,0.0021085571939402146
regular,ridge,D_B_M_P_A,0.1,0.4546599404155616,0.4546599404155616,0.002166594700102
regular,ridge,D_B_M_P_A,1.0,0.450666477162418,0.45066647716241803,0.000824460288221385
regular,ridge,D_B_M_P_A,10.0,0.4522260348797502,0.4522260348797502,0.002284225446148682
regular,ridge,C_A,0.001,0.4857688510403998,0.4857688510403998,0.0012179319310858553
regular,ridge,C_A,0.01,0.4838593358011181,0.4838593358011181,0.002018606511618067
regular,ridge,C_A,0.1,0.4838770133814756,0.4838770133814757,0.0032693363810524234
regular,ridge,C_A,1.0,0.4846072679314916,0.48460726793149156,0.003754060150574436
regular,ridge,C_A,10.0,0.48609648105686637,0.48609648105686637,0.0043914857404544335
regular,ridge,D_C_A,0.001,0.4839987610717866,0.4839987610717865,0.0012065017424840521
regular,ridge,D_C_A,0.01,0.4739507853059589,0.4739507853059589,0.0018647346920337312
regular,ridge,D_C_A,0.1,0.45991039057010386,0.4599103905701038,0.0024244423086509422
regular,ridge,D_C_A,1.0,0.4554659301651587,0.45546593016515863,0.003625815539263673
regular,ridge,D_C_A,10.0,0.45764376776038695,0.45764376776038695,0.004849843619921802
regular,ridge,B_C_A,0.001,0.48326275626629883,0.4832627562662989,0.0014321947914449854
regular,ridge,B_C_A,0.01,0.4767961209554549,0.4767961209554549,0.0035474230313440563
regular,ridge,B_C_A,0.1,0.4763907917502948,0.4763907917502948,0.005692186949261991
regular,ridge,B_C_A,1.0,0.4772250914510957,0.4772250914510957,0.006263060849617936
regular,ridge,B_C_A,10.0,0.4786709021999622,0.4786709021999623,0.006585941341052731
regular,ridge,D_B_C_A,0.001,0.4815452270820861,0.481545227082086,0.0013881711135154586
regular,ridge,D_B_C_A,0.01,0.46775008352067116,0.46775008352067127,0.002939377395988253
regular,ridge,D_B_C_A,0.1,0.45512064153470555,0.4551206415347055,0.003368743137413696
regular,ridge,D_B_C_A,1.0,0.45177064881126616,0.45177064881126616,0.0027254612676931964
regular,ridge,D_B_C_A,10.0,0.4538643253641458,0.45386432536414584,0.0035350162287878925
regular,ridge,M_C_A,0.001,0.4849051984255663,0.48490519842556623,0.001017980362608276
regular,ridge,M_C_A,0.01,0.48145348913206654,0.48145348913206654,0.0011596379899091749
regular,ridge,M_C_A,0.1,0.4814731320646361,0.4814731320646361,0.0020514547667710185
regular,ridge,M_C_A,1.0,0.4822435016032676,0.4822435016032676,0.0023879812888101095
regular,ridge,M_C_A,10.0,0.48366286652771684,0.48366286652771684,0.0029784272260549105
regular,ridge,D_M_C_A,0.001,0.48316296500589617,0.4831629650058963,0.0010189419444524346
regular,ridge,D_M_C_A,0.01,0.4721465993254673,0.4721465993254673,0.0012739100117410871
regular,ridge,D_M_C_A,0.1,0.4593830367696162,0.4593830367696163,0.001940389662147285
regular,ridge,D_M_C_A,1.0,0.45526185425922355,0.4552618542592236,0.0036750962923073286
regular,ridge,D_M_C_A,10.0,0.45734357939078724,0.45734357939078735,0.004910074182180886
regular,ridge,B_M_C_A,0.001,0.48247254959657243,0.48247254959657226,0.0012235855603989962
regular,ridge,B_M_C_A,0.01,0.47507772572521334,0.4750777257252133,0.0027031077961148643
regular,ridge,B_M_C_A,0.1,0.47491352075256843,0.47491352075256843,0.004389554705665853
regular,ridge,B_M_C_A,1.0,0.4757711704320013,0.47577117043200123,0.004867572599253896
regular,ridge,B_M_C_A,10.0,0.4771912690956059,0.4771912690956059,0.005101852658270151
regular,ridge,D_B_M_C_A,0.001,0.480780465200481,0.480780465200481,0.0011855573911612903
regular,ridge,D_B_M_C_A,0.01,0.46653891461213376,0.46653891461213376,0.002138872245937937
regular,ridge,D_B_M_C_A,0.1,0.45501414140026253,0.4550141414002624,0.0022388155254379023
regular,ridge,D_B_M_C_A,1.0,0.4518716874024942,0.45187168740249417,0.0022149944205640103
regular,ridge,D_B_M_C_A,10.0,0.45402433942469395,0.45402433942469395,0.003357397468907587
regular,ridge,P_C_A,0.001,0.4855369119264253,0.48553691192642534,0.00128252636445604
regular,ridge,P_C_A,0.01,0.48314728276001406,0.483147282760014,0.0024344134119919005
regular,ridge,P_C_A,0.1,0.4831141262628427,0.4831141262628428,0.003911685976330739
regular,ridge,P_C_A,1.0,0.483872198875606,0.48387219887560606,0.004409629986281981
regular,ridge,P_C_A,10.0,0.4852981867361661,0.485298186736166,0.005007756327949423
regular,ridge,D_P_C_A,0.001,0.4837719705007081,0.483771970500708,0.0012610732230361184
regular,ridge,D_P_C_A,0.01,0.47332048187894493,0.4733204818789448,0.0021065128253183294
regular,ridge,D_P_C_A,0.1,0.45930067624071663,0.4593006762407167,0.002618721544736549
regular,ridge,D_P_C_A,1.0,0.45467998560440975,0.4546799856044098,0.003790282034868754
regular,ridge,D_P_C_A,10.0,0.4567565742823117,0.45675657428231176,0.004953853712788652
regular,ridge,B_P_C_A,0.001,0.48308421931552814,0.48308421931552814,0.0014818644782170962
regular,ridge,B_P_C_A,0.01,0.4765899745844583,0.4765899745844583,0.0036683917850616615
regular,ridge,B_P_C_A,0.1,0.47633421775035417,0.4763342177503541,0.005793725313805135
regular,ridge,B_P_C_A,1.0,0.47719078478033916,0.47719078478033916,0.006383935947892779
regular,ridge,B_P_C_A,10.0,0.47864823111750654,0.4786482311175065,0.006739441751832868
regular,ridge,D_B_P_C_A,0.001,0.4813706174353395,0.48137061743533954,0.0014317572339201522
regular,ridge,D_B_P_C_A,0.01,0.46758881067829644,0.46758881067829644,0.0030314775489066934
regular,ridge,D_B_P_C_A,0.1,0.4550529687235796,0.45505296872357964,0.0034290856488467187
regular,ridge,D_B_P_C_A,1.0,0.4515653194157789,0.4515653194157789,0.0028643919051922063
regular,ridge,D_B_P_C_A,10.0,0.4537591696943701,0.4537591696943701,0.0037326859280299466
regular,ridge,M_P_C_A,0.001,0.48469773978449,0.48469773978449,0.0010823393617276666
regular,ridge,M_P_C_A,0.01,0.48100040823682794,0.48100040823682794,0.0016241345622501006
regular,ridge,M_P_C_A,0.1,0.4810994305922802,0.4810994305922803,0.0027230041817513095
regular,ridge,M_P_C_A,1.0,0.48185208783445904,0.48185208783445893,0.003088503912782271
regular,ridge,M_P_C_A,10.0,0.4832085879528638,0.48320858795286387,0.0036107322298208275
regular,ridge,D_M_P_C_A,0.001,0.4829601991059224,0.4829601991059224,0.0010709091018792259
regular,ridge,D_M_P_C_A,0.01,0.47176274625869385,0.47176274625869397,0.0014453478574171525
regular,ridge,D_M_P_C_A,0.1,0.45907229737297844,0.45907229737297833,0.0020399515223340236
regular,ridge,D_M_P_C_A,1.0,0.4546773716807204,0.45467737168072037,0.003757066874018469
regular,ridge,D_M_P_C_A,10.0,0.4570708493564344,0.4570708493564344,0.005023327119346362
regular,ridge,B_M_P_C_A,0.001,0.4823152803970755,0.4823152803970755,0.0012722460289041125
regular,ridge,B_M_P_C_A,0.01,0.4750329102200017,0.4750329102200016,0.0028147036441737994
regular,ridge,B_M_P_C_A,0.1,0.4750649798514936,0.47506497985149354,0.004493959990826786
regular,ridge,B_M_P_C_A,1.0,0.4759372002581501,0.47593720025815023,0.00497578419594552
regular,ridge,B_M_P_C_A,10.0,0.47732231811217274,0.47732231811217274,0.005246968688654015
regular,ridge,D_B_M_P_C_A,0.001,0.48062724503675663,0.48062724503675663,0.0012266734967501607
regular,ridge,D_B_M_P_C_A,0.01,0.466522137792297,0.466522137792297,0.002205251927504329
regular,ridge,D_B_M_P_C_A,0.1,0.4551334740544667,0.4551334740544667,0.0023439196352845523
regular,ridge,D_B_M_P_C_A,1.0,0.45179019069428766,0.45179019069428766,0.002349015039283424
regular,ridge,D_B_M_P_C_A,10.0,0.45385840608795364,0.45385840608795364,0.0034793782918737673
regular,ridge,K,0.001,0.4819775912757181,0.4819775912757181,0.0011505900407383465
regular,ridge,K,0.01,0.47203230181220446,0.4720323018122044,0.0018431443383757082
regular,ridge,K,0.1,0.46981315511124666,0.46981315511124677,0.0024827450040054095
regular,ridge,K,1.0,0.46977020409220543,0.4697702040922054,0.0025962330146668904
regular,ridge,K,10.0,0.46977069705403085,0.4697706970540308,0.0026083895329468425
regular,ridge,D_K,0.001,0.4803639274482351,0.4803639274482351,0.0010830906734052308
regular,ridge,D_K,0.01,0.46478667366353954,0.4647866736635395,0.0011477108366741632
regular,ridge,D_K,0.1,0.45266988112182094,0.45266988112182094,0.002309566342762929
regular,ridge,D_K,1.0,0.4490996608581511,0.4490996608581511,0.005446572887796184
regular,ridge,D_K,10.0,0.4509656326180077,0.4509656326180077,0.007231139758772405
regular,ridge,B_K,0.001,0.47959749496123794,0.47959749496123794,0.0013246798384549177
regular,ridge,B_K,0.01,0.46621236700139196,0.4662123670013919,0.0027402414915554834
regular,ridge,B_K,0.1,0.4638455733635928,0.4638455733635928,0.003730018952507123
regular,ridge,B_K,1.0,0.4638626000903519,0.46386260009035196,0.00389139301399472
regular,ridge,B_K,10.0,0.4638707423715679,0.4638707423715679,0.003908623562580771
regular,ridge,D_B_K,0.001,0.47802974929236947,0.4780297492923694,0.001231652647760113
regular,ridge,D_B_K,0.01,0.4595806047248124,0.4595806047248123,0.0018219852546329037
regular,ridge,D_B_K,0.1,0.44867406430761897,0.4486740643076191,0.0018909852330063928
regular,ridge,D_B_K,1.0,0.44601389412055115,0.44601389412055104,0.0039044852127707555
regular,ridge,D_B_K,10.0,0.4479626419457652,0.4479626419457651,0.005590424703363364
regular,ridge,M_K,0.001,0.4813136028256203,0.4813136028256203,0.0009827504916587655
regular,ridge,M_K,0.01,0.47133218598032234,0.4713321859803224,0.001600596169745475
regular,ridge,M_K,0.1,0.4694544966639107,0.4694544966639106,0.002343567096599251
regular,ridge,M_K,1.0,0.4694413116852821,0.4694413116852821,0.0024761595952615635
regular,ridge,M_K,10.0,0.4694449843956676,0.46944498439566756,0.002490583335226137
regular,ridge,D_M_K,0.001,0.4797195217981551,0.47971952179815514,0.0009195382778638139
regular,ridge,D_M_K,0.01,0.46430383341323267,0.46430383341323267,0.001097189078662114
regular,ridge,D_M_K,0.1,0.4530465816279338,0.4530465816279339,0.0025304685846124463
regular,ridge,D_M_K,1.0,0.4495347290310183,0.4495347290310184,0.005690697872610986
regular,ridge,D_M_K,10.0,0.45147090453787514,0.45147090453787514,0.007446191939356299
regular,ridge,B_M_K,0.001,0.4789968170767542,0.47899681707675423,0.0011383666228483148
regular,ridge,B_M_K,0.01,0.4658371209225571,0.465837120922557,0.0022224119286364478
regular,ridge,B_M_K,0.1,0.46378046557557084,0.46378046557557084,0.0031350101604210707
regular,ridge,B_M_K,1.0,0.4638250071039658,0.4638250071039658,0.003296902739336425
regular,ridge,B_M_K,10.0,0.4638359212038058,0.4638359212038057,0.003314497003005769
regular,ridge,D_B_M_K,0.001,0.4774458277747839,0.4774458277747839,0.0010446876841328945
regular,ridge,D_B_M_K,0.01,0.45936644220426404,0.45936644220426415,0.0012676327717100761
regular,ridge,D_B_M_K,0.1,0.4491175573289458,0.44911755732894587,0.00152629558173121
regular,ridge,D_B_M_K,1.0,0.446445704563496,0.4464457045634959,0.004066473067256031
regular,ridge,D_B_M_K,10.0,0.44837695759099444,0.44837695759099444,0.00581965912839422
regular,ridge,P_K,0.001,0.4818347704275227,0.48183477042752265,0.0012193851920742908
regular,ridge,P_K,0.01,0.47220865416272934,0.47220865416272934,0.0021158398321235055
regular,ridge,P_K,0.1,0.470319715160835,0.47031971516083504,0.00274608237148564
regular,ridge,P_K,1.0,0.47032099434701535,0.47032099434701546,0.0028420487496075963
regular,ridge,P_K,10.0,0.4703263970489034,0.4703263970489034,0.002852153418509789
regular,ridge,D_P_K,0.001,0.4802246711388054,0.48022467113880546,0.0011457995771921897
regular,ridge,D_P_K,0.01,0.4649543420871949,0.4649543420871948,0.0013964467604943925
regular,ridge,D_P_K,0.1,0.4530722322032635,0.4530722322032634,0.002411754431164799
regular,ridge,D_P_K,1.0,0.44937338633135526,0.44937338633135526,0.005487071538879104
regular,ridge,D_P_K,10.0,0.4512769712232691,0.4512769712232691,0.007303120116310128
regular,ridge,B_P_K,0.001,0.4794975966877658,0.47949759668776587,0.0013782882017390943
regular,ridge,B_P_K,0.01,0.4665427168046469,0.4665427168046469,0.002850041733589044
regular,ridge,B_P_K,0.1,0.4644403109857842,0.46444031098578425,0.003862913071513505
regular,ridge,B_P_K,1.0,0.46450705204680715,0.4645070520468071,0.004036020848380545
regular,ridge,B_P_K,10.0,0.46452093005795875,0.46452093005795875,0.004055081710334117
regular,ridge,D_B_P_K,0.001,0.47793187325658176,0.4779318732565819,0.0012816803720928811
regular,ridge,D_B_P_K,0.01,0.45989178660549235,0.4598917866054924,0.0019309708481482768
regular,ridge,D_B_P_K,0.1,0.44916083409702295,0.4491608340970229,0.002065739757840354
regular,ridge,D_B_P_K,1.0,0.4463966055579595,0.4463966055579596,0.003917539093545605
regular,ridge,D_B_P_K,10.0,0.44831465601223175,0.4483146560122318,0.005586093084509083
regular,ridge,M_P_K,0.001,0.4811890961374695,0.4811890961374695,0.0010514492579424299
regular,ridge,M_P_K,0.01,0.4715906830252458,0.4715906830252459,0.0018296354410885258
regular,ridge,M_P_K,0.1,0.47003215073875576,0.47003215073875576,0.0025350871689263994
regular,ridge,M_P_K,1.0,0.4700697600949424,0.47006976009494233,0.002653351122261033
regular,ridge,M_P_K,10.0,0.4700789438880824,0.4700789438880825,0.002666118319385247
regular,ridge,D_M_P_K,0.001,0.4795975092872367,0.47959750928723677,0.0009809708332221914
regular,ridge,D_M_P_K,0.01,0.4645449137511297,0.4645449137511296,0.0012393517106634587
regular,ridge,D_M_P_K,0.1,0.45347367723958126,0.45347367723958126,0.0025688035701960524
regular,ridge,D_M_P_K,1.0,0.4498569659188402,0.4498569659188402,0.0057050140444053175
regular,ridge,D_M_P_K,10.0,0.4516914595718438,0.4516914595718438,0.007425045666702301
regular,ridge,B_M_P_K,0.001,0.4789124098273441,0.478912409827344,0.001191986466364175
regular,ridge,B_M_P_K,0.01,0.46621288830060126,0.4662128883006013,0.002325754572528865
regular,ridge,B_M_P_K,0.1,0.46441634282877003,0.4644163428287701,0.003279823511540827
regular,ridge,B_M_P_K,1.0,0.46450957655192726,0.46450957655192726,0.0034559119134006193
regular,ridge,B_M_P_K,10.0,0.46452594335095393,0.464525943350954,0.00347517213665165
regular,ridge,D_B_M_P_K,0.001,0.47736376845380074,0.4773637684538007,0.0010939702876775336
regular,ridge,D_B_M_P_K,0.01,0.4597171603939862,0.4597171603939862,0.0013730323039662612
regular,ridge,D_B_M_P_K,0.1,0.4496144311163191,0.44961443111631916,0.0017064909093446308
regular,ridge,D_B_M_P_K,1.0,0.4469013515086308,0.44690135150863075,0.004092795874385053
regular,ridge,D_B_M_P_K,10.0,0.4488451843007032,0.44884518430070325,0.005817961675880747
regular,ridge,C_K,0.001,0.4819395295462601,0.4819395295462602,0.001224398203921313
regular,ridge,C_K,0.01,0.47182577823129673,0.4718257782312968,0.002510757666667392
regular,ridge,C_K,0.1,0.46997766562637877,0.4699776656263787,0.004148860821696923
regular,ridge,C_K,1.0,0.47063714615961333,0.4706371461596133,0.004484666799274855
regular,ridge,C_K,10.0,0.47179199835542196,0.47179199835542196,0.004491999551766321
regular,ridge,D_C_K,0.001,0.48032115031304257,0.48032115031304257,0.001149641490116126
regular,ridge,D_C_K,0.01,0.4644834763401391,0.46448347634013903,0.0017972551546143003
regular,ridge,D_C_K,0.1,0.45242929807269716,0.4524292980726973,0.003990271200843214
regular,ridge,D_C_K,1.0,0.4493919518328492,0.4493919518328492,0.007183541454076415
regular,ridge,D_C_K,10.0,0.451947616424972,0.45194761642497205,0.008833026918954549
regular,ridge,B_C_K,0.001,0.47955764837480636,0.4795576483748064,0.001394082864614001
regular,ridge,B_C_K,0.01,0.4660834572210116,0.46608345722101163,0.0032645486129876606
regular,ridge,B_C_K,0.1,0.4642500977282326,0.4642500977282326,0.005140697761773361
regular,ridge,B_C_K,1.0,0.46499973302388886,0.46499973302388875,0.005538585281799487
regular,ridge,B_C_K,10.0,0.46614714075582486,0.4661471407558248,0.00553015744219274
regular,ridge,D_B_C_K,0.001,0.47798716963311433,0.4779871696331144,0.0012961521738561765
regular,ridge,D_B_C_K,0.01,0.45936712693821635,0.45936712693821624,0.0023261574090906027
regular,ridge,D_B_C_K,0.1,0.4487272235868865,0.4487272235868865,0.003902995853363482
regular,ridge,D_B_C_K,1.0,0.446514689034702,0.44651468903470193,0.0063501595780552115
regular,ridge,D_B_C_K,10.0,0.44920930535838255,0.4492093053583825,0.007943423016671875
regular,ridge,M_C_K,0.001,0.48128296229085626,0.4812829622908562,0.001057053515903444
regular,ridge,M_C_K,0.01,0.4712994184720881,0.4712994184720881,0.002189004833619702
regular,ridge,M_C_K,0.1,0.46992950183077015,0.46992950183077015,0.0038066556527920977
regular,ridge,M_C_K,1.0,0.4706752346541614,0.4706752346541614,0.004140781397470365
regular,ridge,M_C_K,10.0,0.4718196641558578,0.47181966415585774,0.004106796500077323
regular,ridge,D_M_C_K,0.001,0.47968605988995083,0.47968605988995083,0.0009842497307057524
regular,ridge,D_M_C_K,0.01,0.46413817065890195,0.46413817065890195,0.0015586948966748607
regular,ridge,D_M_C_K,0.1,0.45291402869980707,0.45291402869980707,0.003886398934036856
regular,ridge,D_M_C_K,1.0,0.4499593673134252,0.4499593673134251,0.0073442747790386535
regular,ridge,D_M_C_K,10.0,0.45252541631318405,0.452525416313184,0.009009218951810121
regular,ridge,B_M_C_K,0.001,0.4789633544081732,0.4789633544081733,0.001208788968771535
regular,ridge,B_M_C_K,0.01,0.4658381138813698,0.46583811388136975,0.002722091726594532
regular,ridge,B_M_C_K,0.1,0.4644485826167175,0.4644485826167176,0.004512165506865182
regular,ridge,B_M_C_K,1.0,0.4651959026316476,0.46519590263164756,0.0049744150725720224
regular,ridge,B_M_C_K,10.0,0.4664037645632525,0.4664037645632524,0.004919047060367016
regular,ridge,D_B_M_C_K,0.001,0.47741325152594155,0.47741325152594155,0.0011078384895563055
regular,ridge,D_B_M_C_K,0.01,0.45927323219463373,0.4592732321946337,0.0017411121443394366
regular,ridge,D_B_M_C_K,0.1,0.4492877432912785,0.4492877432912786,0.003543100727656876
regular,ridge,D_B_M_C_K,1.0,0.44706967952443344,0.44706967952443344,0.006479572449269092
regular,ridge,D_B_M_C_K,10.0,0.44973591297421067,0.4497359129742106,0.008063991629700956
regular,ridge,P_C_K,0.001,0.4817973227322163,0.4817973227322163,0.0012966456109565485
regular,ridge,P_C_K,0.01,0.4720222636680762,0.4720222636680762,0.002796851263534975
regular,ridge,P_C_K,0.1,0.470442944903628,0.4704429449036279,0.00439573490983642
regular,ridge,P_C_K,1.0,0.47118618081351177,0.4711861808135119,0.004715359317924881
regular,ridge,P_C_K,10.0,0.47232787893948225,0.4723278789394822,0.004715490572617479
regular,ridge,D_P_C_K,0.001,0.4801836733019647,0.48018367330196465,0.0012168782605245867
regular,ridge,D_P_C_K,0.01,0.46465837956885353,0.46465837956885353,0.0020702500944576514
regular,ridge,D_P_C_K,0.1,0.45277647628963774,0.4527764762896377,0.004119192674401506
regular,ridge,D_P_C_K,1.0,0.4496658397926354,0.4496658397926354,0.007192241234393457
regular,ridge,D_P_C_K,10.0,0.45223040344669374,0.4522304034466937,0.008841594647858112
regular,ridge,B_P_C_K,0.001,0.47945836050665264,0.4794583605066527,0.0014513876632070966
regular,ridge,B_P_C_K,0.01,0.46641102682817315,0.4664110268281732,0.003395658423202514
regular,ridge,B_P_C_K,0.1,0.46477152936505706,0.46477152936505706,0.005212007182327775
regular,ridge,B_P_C_K,1.0,0.46555379982798045,0.46555379982798045,0.005606094703012231
regular,ridge,B_P_C_K,10.0,0.4666955032945123,0.46669550329451237,0.005585798289500834
regular,ridge,D_B_P_C_K,0.001,0.47789224052244195,0.4778922405224419,0.0013501262282200025
regular,ridge,D_B_P_C_K,0.01,0.4596861043335545,0.45968610433355445,0.002470071084992317
regular,ridge,D_B_P_C_K,0.1,0.4491711978916106,0.44917119789161053,0.003981253474031445
regular,ridge,D_B_P_C_K,1.0,0.44691244981667144,0.4469124498166714,0.006352829512466559
regular,ridge,D_B_P_C_K,10.0,0.4496931734443904,0.44969317344439047,0.008041738023250393
regular,ridge,M_P_C_K,0.001,0.4811587799627638,0.4811587799627638,0.0011297156734723529
regular,ridge,M_P_C_K,0.01,0.47154867700304065,0.4715486770030406,0.002448125227684494
regular,ridge,M_P_C_K,0.1,0.47047030304263465,0.4704703030426346,0.00401853019593386
regular,ridge,M_P_C_K,1.0,0.4712632451849367,0.4712632451849368,0.004336520030634875
regular,ridge,M_P_C_K,10.0,0.47241568425917524,0.4724156842591752,0.0042841159963179784
regular,ridge,D_M_P_C_K,0.001,0.4795652681927173,0.4795652681927173,0.0010511790612437938
regular,ridge,D_M_P_C_K,0.01,0.46438087092872515,0.4643808709287251,0.001786596053172032
regular,ridge,D_M_P_C_K,0.1,0.4533196260394813,0.4533196260394813,0.003984692208844161
regular,ridge,D_M_P_C_K,1.0,0.45013505376198926,0.4501350537619893,0.0073490320635259876
regular,ridge,D_M_P_C_K,10.0,0.45282917172351983,0.4528291717235198,0.009055742365426415
regular,ridge,B_M_P_C_K,0.001,0.47888000686721505,0.478880006867215,0.001266393354093037
regular,ridge,B_M_P_C_K,0.01,0.4661945295200794,0.4661945295200794,0.002856810006188606
regular,ridge,B_M_P_C_K,0.1,0.465007823456003,0.465007823456003,0.0045958508618846265
regular,ridge,B_M_P_C_K,1.0,0.4658040525634809,0.465804052563481,0.005045167700655807
regular,ridge,B_M_P_C_K,10.0,0.46703767882212344,0.4670376788221235,0.004968733715839534
regular,ridge,D_B_M_P_C_K,0.001,0.4773323941270822,0.47733239412708234,0.001162441916676076
regular,ridge,D_B_M_P_C_K,0.01,0.45961417028571266,0.45961417028571266,0.0018949901642172768
regular,ridge,D_B_M_P_C_K,0.1,0.4497451877382604,0.44974518773826044,0.0036056066231605565
regular,ridge,D_B_M_P_C_K,1.0,0.4474819273679625,0.4474819273679625,0.006441603530450946
regular,ridge,D_B_M_P_C_K,10.0,0.45013002768199817,0.45013002768199817,0.008151621531258806
regular,ridge,A_K,0.001,0.48095967570597425,0.4809596757059742,0.001166888729993854
regular,ridge,A_K,0.01,0.46920677892323975,0.46920677892323975,0.0020341028446443222
regular,ridge,A_K,0.1,0.46671353559970835,0.4667135355997084,0.002823387637677466
regular,ridge,A_K,1.0,0.46667344476188255,0.46667344476188255,0.002960497597354747
regular,ridge,A_K,10.0,0.4666752647554071,0.46667526475540705,0.0029752800021603013
regular,ridge,D_A_K,0.001,0.4793806446231471,0.4793806446231471,0.0010990942824878863
regular,ridge,D_A_K,0.01,0.4623992507960933,0.46239925079609334,0.0012775151209709688
regular,ridge,D_A_K,0.1,0.4502215856129067,0.4502215856129067,0.002255536491847702
regular,ridge,D_A_K,1.0,0.44657643276585873,0.44657643276585873,0.005398436926903003
regular,ridge,D_A_K,10.0,0.4484806330933675,0.4484806330933675,0.007308006244137562
regular,ridge,B_A_K,0.001,0.4786177465826301,0.4786177465826301,0.001379450586680235
regular,ridge,B_A_K,0.01,0.46372966012025574,0.4637296601202558,0.0031744336896667395
regular,ridge,B_A_K,0.1,0.4612534562469748,0.4612534562469749,0.004417770926844834
regular,ridge,B_A_K,1.0,0.46129996635384685,0.4612999663538469,0.004619210204637867
regular,ridge,B_A_K,10.0,0.4613120244550921,0.4613120244550921,0.004640695972576816
regular,ridge,D_B_A_K,0.001,0.4770815825579606,0.4770815825579606,0.0012892521009411212
regular,ridge,D_B_A_K,0.01,0.45745597586730363,0.45745597586730363,0.0023133733229359628
regular,ridge,D_B_A_K,0.1,0.44649413235938745,0.4464941323593875,0.002558696586011349
regular,ridge,D_B_A_K,1.0,0.4437539382006647,0.44375393820066467,0.004131149435144534
regular,ridge,D_B_A_K,10.0,0.44579960076646336,0.44579960076646347,0.005860594933883082
regular,ridge,M_A_K,0.001,0.4802839183572462,0.48028391835724615,0.0009827956641187206
regular,ridge,M_A_K,0.01,0.4684163482038364,0.4684163482038364,0.001645329104744475
regular,ridge,M_A_K,0.1,0.46624406501904203,0.466244065019042,0.002483983834858182
regular,ridge,M_A_K,1.0,0.46623493978627845,0.4662349397862785,0.002634382283119363
regular,ridge,M_A_K,10.0,0.46623996917180677,0.4662399691718068,0.0026506500549380446
regular,ridge,D_M_A_K,0.001,0.47872612572831375,0.4787261257283137,0.0009171768046190845
regular,ridge,D_M_A_K,0.01,0.4618428483153221,0.461842848315322,0.0009301972411698189
regular,ridge,D_M_A_K,0.1,0.45050033939946377,0.4505003393994637,0.0022112449898870983
regular,ridge,D_M_A_K,1.0,0.44695265571485704,0.446952655714857,0.005542791919641356
regular,ridge,D_M_A_K,10.0,0.44890778308541185,0.4489077830854118,0.007467253157483462
regular,ridge,B_M_A_K,0.001,0.47800381424050425,0.47800381424050425,0.0011855981224782523
regular,ridge,B_M_A_K,0.01,0.463251043698614,0.46325104369861386,0.002596645902947749
regular,ridge,B_M_A_K,0.1,0.46107594600359547,0.46107594600359547,0.0037062927605779265
regular,ridge,B_M_A_K,1.0,0.4611502699109622,0.46115026991096214,0.0038971453701669443
regular,ridge,B_M_A_K,10.0,0.4611650939081933,0.4611650939081934,0.003917776502513143
regular,ridge,D_B_M_A_K,0.001,0.4764872023048195,0.47648720230481956,0.0010935923014115119
regular,ridge,D_B_M_A_K,0.01,0.4571628528018594,0.4571628528018595,0.0016889042736550066
regular,ridge,D_B_M_A_K,0.1,0.4468893899167376,0.44688938991673766,0.0019556861098278876
regular,ridge,D_B_M_A_K,1.0,0.4441998778354373,0.4441998778354373,0.00414120004590041
regular,ridge,D_B_M_A_K,10.0,0.44619594256928596,0.4461959425692861,0.005952850110570435
regular,ridge,P_A_K,0.001,0.4808031601146888,0.4808031601146888,0.001240308070343331
regular,ridge,P_A_K,0.01,0.46927404972029874,0.4692740497202988,0.0023245047913765834
regular,ridge,P_A_K,0.1,0.46708588447991944,0.4670858844799195,0.003089927403663757
regular,ridge,P_A_K,1.0,0.46708955614833275,0.4670895561483327,0.0032031035241591034
regular,ridge,P_A_K,10.0,0.46709593985620773,0.46709593985620773,0.003214910913836189
regular,ridge,D_P_A_K,0.001,0.47922775976084,0.47922775976084003,0.0011669504799980053
regular,ridge,D_P_A_K,0.01,0.4624711678143038,0.4624711678143038,0.001580415374555384
regular,ridge,D_P_A_K,0.1,0.4504663584348286,0.45046635843482863,0.002400907156422466
regular,ridge,D_P_A_K,1.0,0.44664570613790594,0.446645706137906,0.00540591046253722
regular,ridge,D_P_A_K,10.0,0.448657105213332,0.44865710521333196,0.007301019114912776
regular,ridge,B_P_A_K,0.001,0.47850582534653663,0.4785058253465365,0.0014351759764192316
regular,ridge,B_P_A_K,0.01,0.46398836956185247,0.46398836956185247,0.003275035191840015
regular,ridge,B_P_A_K,0.1,0.4617796693569045,0.4617796693569046,0.00448903743995137
regular,ridge,B_P_A_K,1.0,0.4618685286666051,0.4618685286666051,0.0046842384752534185
regular,ridge,B_P_A_K,10.0,0.46188523858260094,0.4618852385826009,0.0047054934631589876
regular,ridge,D_B_P_A_K,0.001,0.4769723897631897,0.4769723897631895,0.0013418018336482443
regular,ridge,D_B_P_A_K,0.01,0.45770697028958945,0.4577069702895895,0.00241630171805488
regular,ridge,D_B_P_A_K,0.1,0.44690053932567136,0.44690053932567136,0.002658254362108758
regular,ridge,D_B_P_A_K,1.0,0.4440869816990904,0.44408698169909044,0.004117067252036624
regular,ridge,D_B_P_A_K,10.0,0.4461215448778606,0.44612154487786054,0.005871519574712043
regular,ridge,M_P_A_K,0.001,0.48014941998239086,0.48014941998239086,0.0010571618931938859
regular,ridge,M_P_A_K,0.01,0.4685744425593236,0.46857444255932357,0.0019157234765989192
regular,ridge,M_P_A_K,0.1,0.46670499148441985,0.4667049914844198,0.002686239849577369
regular,ridge,M_P_A_K,1.0,0.4667447886486478,0.4667447886486478,0.0028094010901201006
regular,ridge,M_P_A_K,10.0,0.46675492620039843,0.4667549262003985,0.002822534816423058
regular,ridge,D_M_P_A_K,0.001,0.4785921527628215,0.4785921527628216,0.0009859204777509457
regular,ridge,D_M_P_A_K,0.01,0.46199586284599603,0.46199586284599603,0.0011928195219503817
regular,ridge,D_M_P_A_K,0.1,0.45084379413408465,0.4508437941340847,0.002281975974954627
regular,ridge,D_M_P_A_K,1.0,0.4471194072354072,0.4471194072354073,0.005571492297287737
regular,ridge,D_M_P_A_K,10.0,0.44902113350653616,0.44902113350653616,0.007431687465294665
regular,ridge,B_M_P_A_K,0.001,0.4779082212093861,0.47790822120938603,0.001241795294562723
regular,ridge,B_M_P_A_K,0.01,0.4635659103719337,0.46356591037193373,0.002686900398263463
regular,ridge,B_M_P_A_K,0.1,0.46165209974032617,0.46165209974032617,0.003769957407669144
regular,ridge,B_M_P_A_K,1.0,0.4617723878869098,0.46177238788690983,0.003956902216295145
regular,ridge,B_M_P_A_K,10.0,0.4617922670898052,0.4617922670898052,0.003977116093339242
regular,ridge,D_B_M_P_A_K,0.001,0.47639429864057026,0.4763942986405702,0.0011461011696732037
regular,ridge,D_B_M_P_A_K,0.01,0.4574598933035974,0.4574598933035974,0.0017882654926791425
regular,ridge,D_B_M_P_A_K,0.1,0.44732630182992733,0.44732630182992733,0.002061014479141028
regular,ridge,D_B_M_P_A_K,1.0,0.4445960470612813,0.4445960470612813,0.004152036875284654
regular,ridge,D_B_M_P_A_K,10.0,0.4464491488131556,0.4464491488131556,0.005929477433532549
regular,ridge,C_A_K,0.001,0.48091808647332496,0.4809180864733249,0.001244803306003702
regular,ridge,C_A_K,0.01,0.4689535637147244,0.46895356371472435,0.002768050345735477
regular,ridge,C_A_K,0.1,0.4666961803089203,0.4666961803089203,0.004702700702787881
regular,ridge,C_A_K,1.0,0.4673942742502974,0.4673942742502974,0.005165964667320911
regular,ridge,C_A_K,10.0,0.4684851681250179,0.46848516812501784,0.005272439170090055
regular,ridge,D_C_A_K,0.001,0.47933644029253775,0.4793364402925378,0.0011699225375417018
regular,ridge,D_C_A_K,0.01,0.46205013351377705,0.462050133513777,0.0020416988667668157
regular,ridge,D_C_A_K,0.1,0.44984090957505557,0.44984090957505557,0.004309907708980905
regular,ridge,D_C_A_K,1.0,0.4466265737500713,0.4466265737500713,0.00745256673338106
regular,ridge,D_C_A_K,10.0,0.44945526061647056,0.44945526061647056,0.009185256278901174
regular,ridge,B_C_A_K,0.001,0.4785741851677574,0.47857418516775746,0.0014514608477967854
regular,ridge,B_C_A_K,0.01,0.46355188299429795,0.46355188299429795,0.003720010937157583
regular,ridge,B_C_A_K,0.1,0.4615514491798554,0.4615514491798554,0.005931751160132747
regular,ridge,B_C_A_K,1.0,0.46233225402456984,0.4623322540245698,0.006474345557854373
regular,ridge,B_C_A_K,10.0,0.4633994855902865,0.46339948559028654,0.0065602878799197965
regular,ridge,D_B_C_A_K,0.001,0.4770383904234596,0.4770383904234595,0.0013556304008866614
regular,ridge,D_B_C_A_K,0.01,0.457213493196704,0.4572134931967039,0.0028441177776313696
regular,ridge,D_B_C_A_K,0.1,0.44648970824196405,0.44648970824196405,0.004639234312553592
regular,ridge,D_B_C_A_K,1.0,0.44429292332572146,0.4442929233257214,0.0069232137452117475
regular,ridge,D_B_C_A_K,10.0,0.44690602891832953,0.4469060289183295,0.008509001108041887
regular,ridge,M_C_A_K,0.001,0.48025176144964715,0.4802517614496472,0.0010622891639214369
regular,ridge,M_C_A_K,0.01,0.46833441623587246,0.4683344162358726,0.002336741240542407
regular,ridge,M_C_A_K,0.1,0.4666104694118004,0.4666104694118004,0.004207022565640737
regular,ridge,M_C_A_K,1.0,0.46733678906418685,0.46733678906418685,0.0046640912124828685
regular,ridge,M_C_A_K,10.0,0.46844932828744773,0.46844932828744773,0.004757691111613356
regular,ridge,D_M_C_A_K,0.001,0.4786906519935334,0.4786906519935334,0.0009879367161253956
regular,ridge,D_M_C_A_K,0.01,0.4616434190970757,0.46164341909707574,0.0016329697999224904
regular,ridge,D_M_C_A_K,0.1,0.4503053507392672,0.45030535073926725,0.004012202249762151
regular,ridge,D_M_C_A_K,1.0,0.44725070008603063,0.4472507000860306,0.007478954606918461
regular,ridge,D_M_C_A_K,10.0,0.4498181599402901,0.4498181599402901,0.009239860779045515
regular,ridge,B_M_C_A_K,0.001,0.4779690182483096,0.47796901824830956,0.001258164428206999
regular,ridge,B_M_C_A_K,0.01,0.4632217045543935,0.4632217045543935,0.003125713418308163
regular,ridge,B_M_C_A_K,0.1,0.4616913485275051,0.46169134852750504,0.005206144196257608
regular,ridge,B_M_C_A_K,1.0,0.46252076958539146,0.46252076958539146,0.005771015085256289
regular,ridge,B_M_C_A_K,10.0,0.46361111713106923,0.4636111171310692,0.005856458955287812
regular,ridge,D_B_M_C_A_K,0.001,0.4764527189475967,0.47645271894759667,0.0011591937230405376
regular,ridge,D_B_M_C_A_K,0.01,0.4570436567933477,0.45704365679334763,0.0022070973330944234
regular,ridge,D_B_M_C_A_K,0.1,0.44702384095580155,0.4470238409558016,0.0041384458421078706
regular,ridge,D_B_M_C_A_K,1.0,0.44473963043026,0.44473963043026005,0.0068721172951351885
regular,ridge,D_B_M_C_A_K,10.0,0.44743122025474763,0.4474312202547477,0.008617796213481396
regular,ridge,P_C_A_K,0.001,0.48076305243922796,0.480763052439228,0.0013209347452937923
regular,ridge,P_C_A_K,0.01,0.4690320015176451,0.4690320015176451,0.0030518493083024002
regular,ridge,P_C_A_K,0.1,0.46706469142660256,0.4670646914266026,0.004929201189199395
regular,ridge,P_C_A_K,1.0,0.46777820623564376,0.4677782062356438,0.005357847095470333
regular,ridge,P_C_A_K,10.0,0.4688945242210469,0.4688945242210468,0.005484393056612094
regular,ridge,D_P_C_A_K,0.001,0.47918489193125746,0.4791848919312575,0.0012416477192920268
regular,ridge,D_P_C_A_K,0.01,0.462142993363024,0.46214299336302406,0.0023318620384787637
regular,ridge,D_P_C_A_K,0.1,0.4501155623762647,0.45011556237626477,0.004420762314734151
regular,ridge,D_P_C_A_K,1.0,0.44690721773275655,0.4469072177327565,0.007404673895255803
regular,ridge,D_P_C_A_K,10.0,0.4494775188636663,0.4494775188636663,0.009029994455058013
regular,ridge,B_P_C_A_K,0.001,0.4784632683547354,0.4784632683547354,0.00151034627718912
regular,ridge,B_P_C_A_K,0.01,0.4638184161893284,0.46381841618932845,0.0038350559392499105
regular,ridge,B_P_C_A_K,0.1,0.462006652906212,0.462006652906212,0.005970228001301358
regular,ridge,B_P_C_A_K,1.0,0.4628232643753524,0.4628232643753524,0.00649078568184908
regular,ridge,B_P_C_A_K,10.0,0.46394029672703346,0.46394029672703346,0.006585811924832548
regular,ridge,D_B_P_C_A_K,0.001,0.4769306941517565,0.47693069415175654,0.0014118672893122326
regular,ridge,D_B_P_C_A_K,0.01,0.4574640718081051,0.4574640718081051,0.002972069562789336
regular,ridge,D_B_P_C_A_K,0.1,0.4468741090573702,0.4468741090573702,0.004663986123111659
regular,ridge,D_B_P_C_A_K,1.0,0.444612624873835,0.444612624873835,0.006899729750092444
regular,ridge,D_B_P_C_A_K,10.0,0.4473006427122356,0.4473006427122356,0.008342539337512559
regular,ridge,M_P_C_A_K,0.001,0.48011542097968235,0.4801154209796824,0.0011403580839560727
regular,ridge,M_P_C_A_K,0.01,0.4684913100991816,0.46849131009918166,0.0026074414777182216
regular,ridge,M_P_C_A_K,0.1,0.4670405702836306,0.4670405702836306,0.004402542937154628
regular,ridge,M_P_C_A_K,1.0,0.46780137094847407,0.4678013709484741,0.004832553327883613
regular,ridge,M_P_C_A_K,10.0,0.4688972362857985,0.4688972362857985,0.0049241663984293865
regular,ridge,D_M_P_C_A_K,0.001,0.47855773573833227,0.4785577357383322,0.001061187849852072
regular,ridge,D_M_P_C_A_K,0.01,0.4618015568139737,0.4618015568139736,0.0019023514361286426
regular,ridge,D_M_P_C_A_K,0.1,0.4506414917694048,0.4506414917694048,0.004126418010416642
regular,ridge,D_M_P_C_A_K,1.0,0.44739244718452514,0.4473924471845253,0.007463621218966594
regular,ridge,D_M_P_C_A_K,10.0,0.44992575290473713,0.44992575290473713,0.009278610074203376
regular,ridge,B_M_P_C_A_K,0.001,0.47787436300499575,0.47787436300499586,0.0013178916075398995
regular,ridge,B_M_P_C_A_K,0.01,0.46352035822142545,0.46352035822142545,0.003242233850190571
regular,ridge,B_M_P_C_A_K,0.1,0.4621998663323929,0.46219986633239285,0.005235318184899735
regular,ridge,B_M_P_C_A_K,1.0,0.46307579190806863,0.46307579190806863,0.005770505303111683
regular,ridge,B_M_P_C_A_K,10.0,0.4641527581435151,0.4641527581435151,0.00585389082724437
regular,ridge,D_B_M_P_C_A_K,0.001,0.47636106466952677,0.47636106466952677,0.0012163463256533369
regular,ridge,D_B_M_P_C_A_K,0.01,0.45732876147895074,0.45732876147895085,0.00234058128316641
regular,ridge,D_B_M_P_C_A_K,0.1,0.4474295606559266,0.44742956065592665,0.004149255618215148
regular,ridge,D_B_M_P_C_A_K,1.0,0.4451417717634997,0.4451417717634998,0.006838579320378958
regular,ridge,D_B_M_P_C_A_K,10.0,0.4477396424756478,0.4477396424756478,0.00850376990783824
regular,hgb,H,"{""learning_rate"": 0.05, ""max_leaf_nodes"": 3}",0.48393828098496744,0.4839382809849675,0.0044427020797293566
regular,hgb,H,"{""learning_rate"": 0.05, ""max_leaf_nodes"": 7}",0.48393828098496744,0.4839382809849675,0.0044427020797293566
regular,hgb,H_D,"{""learning_rate"": 0.05, ""max_leaf_nodes"": 3}",0.45654232681315055,0.45654232681315055,0.00418856157439799
regular,hgb,H_D,"{""learning_rate"": 0.05, ""max_leaf_nodes"": 7}",0.44569282903382124,0.44569282903382124,0.005951125005049695
regular,hgb,H_B,"{""learning_rate"": 0.05, ""max_leaf_nodes"": 3}",0.4728432511070441,0.47284325110704406,0.006135693847630108
regular,hgb,H_B,"{""learning_rate"": 0.05, ""max_leaf_nodes"": 7}",0.4732705148687612,0.47327051486876115,0.006155586888166687
regular,hgb,H_D_B,"{""learning_rate"": 0.05, ""max_leaf_nodes"": 3}",0.45376644895672147,0.45376644895672147,0.0026000612835348044
regular,hgb,H_D_B,"{""learning_rate"": 0.05, ""max_leaf_nodes"": 7}",0.44626772795407954,0.4462677279540796,0.0025666466046163116
regular,hgb,H_M,"{""learning_rate"": 0.05, ""max_leaf_nodes"": 3}",0.4820215649765727,0.4820215649765728,0.00410258649361659
regular,hgb,H_M,"{""learning_rate"": 0.05, ""max_leaf_nodes"": 7}",0.4830355034914367,0.48303550349143676,0.004554722707326142
regular,hgb,H_D_M,"{""learning_rate"": 0.05, ""max_leaf_nodes"": 3}",0.4568411675130908,0.4568411675130908,0.004339858987334259
regular,hgb,H_D_M,"{""learning_rate"": 0.05, ""max_leaf_nodes"": 7}",0.44792190664529025,0.44792190664529025,0.005671110487731552
regular,hgb,H_B_M,"{""learning_rate"": 0.05, ""max_leaf_nodes"": 3}",0.47302154311207867,0.47302154311207867,0.005495509910609911
regular,hgb,H_B_M,"{""learning_rate"": 0.05, ""max_leaf_nodes"": 7}",0.47497795047123526,0.4749779504712352,0.006635897087989085
regular,hgb,H_D_B_M,"{""learning_rate"": 0.05, ""max_leaf_nodes"": 3}",0.45470379148528284,0.45470379148528295,0.0023925066993693953
regular,hgb,H_D_B_M,"{""learning_rate"": 0.05, ""max_leaf_nodes"": 7}",0.4483347120479423,0.44833471204794223,0.0032841058667661236
regular,hgb,H_P,"{""learning_rate"": 0.05, ""max_leaf_nodes"": 3}",0.4732029260706414,0.47320292607064146,0.0033371866837088706
regular,hgb,H_P,"{""learning_rate"": 0.05, ""max_leaf_nodes"": 7}",0.47387561254403243,0.47387561254403243,0.005234007009471252
regular,hgb,H_D_P,"{""learning_rate"": 0.05, ""max_leaf_nodes"": 3}",0.4533261408274419,0.4533261408274418,0.004059824574356396
regular,hgb,H_D_P,"{""learning_rate"": 0.05, ""max_leaf_nodes"": 7}",0.43735022465141393,0.43735022465141393,0.006902456615569199
regular,hgb,H_B_P,"{""learning_rate"": 0.05, ""max_leaf_nodes"": 3}",0.46630544957292797,0.46630544957292797,0.003656296203601593
regular,hgb,H_B_P,"{""learning_rate"": 0.05, ""max_leaf_nodes"": 7}",0.46446407818003976,0.46446407818003976,0.0018211170570285224
regular,hgb,H_D_B_P,"{""learning_rate"": 0.05, ""max_leaf_nodes"": 3}",0.45114087850444473,0.45114087850444473,0.0027701191546750724
regular,hgb,H_D_B_P,"{""learning_rate"": 0.05, ""max_leaf_nodes"": 7}",0.43664763704150894,0.43664763704150894,0.003582691808040848
regular,hgb,H_M_P,"{""learning_rate"": 0.05, ""max_leaf_nodes"": 3}",0.47214194327382103,0.4721419432738211,0.0036717395964200182
regular,hgb,H_M_P,"{""learning_rate"": 0.05, ""max_leaf_nodes"": 7}",0.47335739184586584,0.4733573918458659,0.005114337162719368
regular,hgb,H_D_M_P,"{""learning_rate"": 0.05, ""max_leaf_nodes"": 3}",0.4537606389862403,0.4537606389862404,0.00403033607883861
regular,hgb,H_D_M_P,"{""learning_rate"": 0.05, ""max_leaf_nodes"": 7}",0.43975446520621403,0.4397544652062141,0.00708199881362973
regular,hgb,H_B_M_P,"{""learning_rate"": 0.05, ""max_leaf_nodes"": 3}",0.46671945045569074,0.46671945045569074,0.0030801931290982444
regular,hgb,H_B_M_P,"{""learning_rate"": 0.05, ""max_leaf_nodes"": 7}",0.46542691902089134,0.4654269190208914,0.0037936396865735867
regular,hgb,H_D_B_M_P,"{""learning_rate"": 0.05, ""max_leaf_nodes"": 3}",0.4516082993869396,0.4516082993869396,0.002591088966676318
regular,hgb,H_D_B_M_P,"{""learning_rate"": 0.05, ""max_leaf_nodes"": 7}",0.43919775143896067,0.4391977514389606,0.004231953160359809
regular,hgb,H_C,"{""learning_rate"": 0.05, ""max_leaf_nodes"": 3}",0.4862142711386771,0.4862142711386772,0.005333962539985399
regular,hgb,H_C,"{""learning_rate"": 0.05, ""max_leaf_nodes"": 7}",0.48641108439430986,0.48641108439430986,0.005355505324866169
regular,hgb,H_D_C,"{""learning_rate"": 0.05, ""max_leaf_nodes"": 3}",0.45735269247198623,0.4573526924719863,0.004233227755536752
regular,hgb,H_D_C,"{""learning_rate"": 0.05, ""max_leaf_nodes"": 7}",0.44581371758492144,0.4458137175849214,0.005321299643271448
regular,hgb,H_B_C,"{""learning_rate"": 0.05, ""max_leaf_nodes"": 3}",0.47402185774789785,0.4740218577478978,0.007241056312807752
regular,hgb,H_B_C,"{""learning_rate"": 0.05, ""max_leaf_nodes"": 7}",0.4762186517657993,0.47621865176579925,0.007260244538648875
regular,hgb,H_D_B_C,"{""learning_rate"": 0.05, ""max_leaf_nodes"": 3}",0.4546140456900731,0.4546140456900731,0.002478895346363869
regular,hgb,H_D_B_C,"{""learning_rate"": 0.05, ""max_leaf_nodes"": 7}",0.4446644717140893,0.44466447171408924,0.0037756695611721324
regular,hgb,H_M_C,"{""learning_rate"": 0.05, ""max_leaf_nodes"": 3}",0.4848044648734913,0.4848044648734914,0.003915611028758258
regular,hgb,H_M_C,"{""learning_rate"": 0.05, ""max_leaf_nodes"": 7}",0.49203404008895374,0.4920340400889538,0.002639441970444951
regular,hgb,H_D_M_C,"{""learning_rate"": 0.05, ""max_leaf_nodes"": 3}",0.45801602597916213,0.45801602597916213,0.004196851466562104
regular,hgb,H_D_M_C,"{""learning_rate"": 0.05, ""max_leaf_nodes"": 7}",0.4466999378819001,0.44669993788190016,0.0056840196055955175
regular,hgb,H_B_M_C,"{""learning_rate"": 0.05, ""max_leaf_nodes"": 3}",0.4744765518037386,0.47447655180373866,0.005741827152395354
regular,hgb,H_B_M_C,"{""learning_rate"": 0.05, ""max_leaf_nodes"": 7}",0.4798819410998553,0.4798819410998553,0.006810078408400213
regular,hgb,H_D_B_M_C,"{""learning_rate"": 0.05, ""max_leaf_nodes"": 3}",0.4552355903038389,0.4552355903038389,0.0024611273401673565
regular,hgb,H_D_B_M_C,"{""learning_rate"": 0.05, ""max_leaf_nodes"": 7}",0.44747342990679867,0.4474734299067986,0.004181595201790258
regular,hgb,H_P_C,"{""learning_rate"": 0.05, ""max_leaf_nodes"": 3}",0.474076492682295,0.474076492682295,0.0037215657162109083
regular,hgb,H_P_C,"{""learning_rate"": 0.05, ""max_leaf_nodes"": 7}",0.47598780341123936,0.47598780341123936,0.003797872107602345
regular,hgb,H_D_P_C,"{""learning_rate"": 0.05, ""max_leaf_nodes"": 3}",0.4543347104964033,0.4543347104964033,0.0037850195399236138
regular,hgb,H_D_P_C,"{""learning_rate"": 0.05, ""max_leaf_nodes"": 7}",0.43989767008638103,0.439897670086381,0.007044645271463464
regular,hgb,H_B_P_C,"{""learning_rate"": 0.05, ""max_leaf_nodes"": 3}",0.46737260925965607,0.46737260925965607,0.004204750126194323
regular,hgb,H_B_P_C,"{""learning_rate"": 0.05, ""max_leaf_nodes"": 7}",0.46584801451818025,0.46584801451818036,0.002675964835635266
regular,hgb,H_D_B_P_C,"{""learning_rate"": 0.05, ""max_leaf_nodes"": 3}",0.4520691775138873,0.45206917751388725,0.0025400749023281
regular,hgb,H_D_B_P_C,"{""learning_rate"": 0.05, ""max_leaf_nodes"": 7}",0.4355881374064304,0.43558813740643043,0.003904397685577179
regular,hgb,H_M_P_C,"{""learning_rate"": 0.05, ""max_leaf_nodes"": 3}",0.4735542543147057,0.47355425431470577,0.0038029500510764593
regular,hgb,H_M_P_C,"{""learning_rate"": 0.05, ""max_leaf_nodes"": 7}",0.4766974475481358,0.47669744754813587,0.004177283922247393
regular,hgb,H_D_M_P_C,"{""learning_rate"": 0.05, ""max_leaf_nodes"": 3}",0.45439453005329467,0.45439453005329467,0.0038331000229470894
regular,hgb,H_D_M_P_C,"{""learning_rate"": 0.05, ""max_leaf_nodes"": 7}",0.44113479349662243,0.44113479349662243,0.00764073191341574
regular,hgb,H_B_M_P_C,"{""learning_rate"": 0.05, ""max_leaf_nodes"": 3}",0.46810045893448726,0.4681004589344873,0.003555838328101188
regular,hgb,H_B_M_P_C,"{""learning_rate"": 0.05, ""max_leaf_nodes"": 7}",0.4684747223091896,0.4684747223091895,0.004452101675426035
regular,hgb,H_D_B_M_P_C,"{""learning_rate"": 0.05, ""max_leaf_nodes"": 3}",0.4524782009485912,0.45247820094859126,0.002364912652995522
regular,hgb,H_D_B_M_P_C,"{""learning_rate"": 0.05, ""max_leaf_nodes"": 7}",0.4393608829431989,0.4393608829431989,0.004204793286338055
regular,hgb,H_A,"{""learning_rate"": 0.05, ""max_leaf_nodes"": 3}",0.4822638144841606,0.48226381448416067,0.004752325594395746
regular,hgb,H_A,"{""learning_rate"": 0.05, ""max_leaf_nodes"": 7}",0.4822458978095479,0.48224589780954796,0.0047627218245615555
regular,hgb,H_D_A,"{""learning_rate"": 0.05, ""max_leaf_nodes"": 3}",0.45577261347661335,0.4557726134766133,0.004200596517676895
regular,hgb,H_D_A,"{""learning_rate"": 0.05, ""max_leaf_nodes"": 7}",0.44503237912712074,0.4450323791271208,0.005945304531293901
regular,hgb,H_B_A,"{""learning_rate"": 0.05, ""max_leaf_nodes"": 3}",0.4711421513305405,0.4711421513305405,0.006602970200875635
regular,hgb,H_B_A,"{""learning_rate"": 0.05, ""max_leaf_nodes"": 7}",0.4722969028713629,0.47229690287136294,0.007485324687591504
regular,hgb,H_D_B_A,"{""learning_rate"": 0.05, ""max_leaf_nodes"": 3}",0.4528809776263743,0.4528809776263743,0.002722852058656582
regular,hgb,H_D_B_A,"{""learning_rate"": 0.05, ""max_leaf_nodes"": 7}",0.4453788637533457,0.44537886375334573,0.003330205148253128
regular,hgb,H_M_A,"{""learning_rate"": 0.05, ""max_leaf_nodes"": 3}",0.48044315923241754,0.4804431592324175,0.004534449120639676
regular,hgb,H_M_A,"{""learning_rate"": 0.05, ""max_leaf_nodes"": 7}",0.4827594167200534,0.4827594167200534,0.005458647286343714
regular,hgb,H_D_M_A,"{""learning_rate"": 0.05, ""max_leaf_nodes"": 3}",0.4557886360205488,0.45578863602054887,0.004506021517712164
regular,hgb,H_D_M_A,"{""learning_rate"": 0.05, ""max_leaf_nodes"": 7}",0.44541756442217834,0.4454175644221784,0.006024968866840449
regular,hgb,H_B_M_A,"{""learning_rate"": 0.05, ""max_leaf_nodes"": 3}",0.47227270423310913,0.47227270423310913,0.005675624766452297
regular,hgb,H_B_M_A,"{""learning_rate"": 0.05, ""max_leaf_nodes"": 7}",0.475694410329741,0.475694410329741,0.007480416281303158
regular,hgb,H_D_B_M_A,"{""learning_rate"": 0.05, ""max_leaf_nodes"": 3}",0.4534278559249142,0.45342785592491425,0.0024771404704012714
regular,hgb,H_D_B_M_A,"{""learning_rate"": 0.05, ""max_leaf_nodes"": 7}",0.4467685134918028,0.4467685134918028,0.0032710543991993487
regular,hgb,H_P_A,"{""learning_rate"": 0.05, ""max_leaf_nodes"": 3}",0.4718249259986832,0.4718249259986833,0.0037021977151426976
regular,hgb,H_P_A,"{""learning_rate"": 0.05, ""max_leaf_nodes"": 7}",0.4739058815688723,0.47390588156887237,0.003452773098511318
regular,hgb,H_D_P_A,"{""learning_rate"": 0.05, ""max_leaf_nodes"": 3}",0.45223017932194387,0.4522301793219439,0.004056954427493876
regular,hgb,H_D_P_A,"{""learning_rate"": 0.05, ""max_leaf_nodes"": 7}",0.43602444448701694,0.436024444487017,0.006947255109369266
regular,hgb,H_B_P_A,"{""learning_rate"": 0.05, ""max_leaf_nodes"": 3}",0.4656730148203831,0.46567301482038304,0.00436327210178169
regular,hgb,H_B_P_A,"{""learning_rate"": 0.05, ""max_leaf_nodes"": 7}",0.4641118721080492,0.46411187210804916,0.0026605288967748403
regular,hgb,H_D_B_P_A,"{""learning_rate"": 0.05, ""max_leaf_nodes"": 3}",0.4501744196459571,0.45017441964595706,0.002902598876788785
regular,hgb,H_D_B_P_A,"{""learning_rate"": 0.05, ""max_leaf_nodes"": 7}",0.43642831282972294,0.43642831282972294,0.004450506343446541
regular,hgb,H_M_P_A,"{""learning_rate"": 0.05, ""max_leaf_nodes"": 3}",0.47171948387646156,0.4717194838764615,0.0034901568898935485
regular,hgb,H_M_P_A,"{""learning_rate"": 0.05, ""max_leaf_nodes"": 7}",0.47488231389251595,0.4748823138925159,0.0040947792997080065
regular,hgb,H_D_M_P_A,"{""learning_rate"": 0.05, ""max_leaf_nodes"": 3}",0.45233521848297603,0.45233521848297603,0.003953448683605521
regular,hgb,H_D_M_P_A,"{""learning_rate"": 0.05, ""max_leaf_nodes"": 7}",0.4392251514217948,0.4392251514217948,0.0074275572086856066
regular,hgb,H_B_M_P_A,"{""learning_rate"": 0.05, ""max_leaf_nodes"": 3}",0.46606658678165186,0.4660665867816518,0.0036520994100718864
regular,hgb,H_B_M_P_A,"{""learning_rate"": 0.05, ""max_leaf_nodes"": 7}",0.4662125816884612,0.46621258168846114,0.0029415687134431608
regular,hgb,H_D_B_M_P_A,"{""learning_rate"": 0.05, ""max_leaf_nodes"": 3}",0.45035201801139146,0.45035201801139146,0.0027539579006232097
regular,hgb,H_D_B_M_P_A,"{""learning_rate"": 0.05, ""max_leaf_nodes"": 7}",0.43781783474461755,0.4378178347446176,0.005072069464909087
regular,hgb,H_C_A,"{""learning_rate"": 0.05, ""max_leaf_nodes"": 3}",0.48443537346038434,0.48443537346038434,0.004947107183808126
regular,hgb,H_C_A,"{""learning_rate"": 0.05, ""max_leaf_nodes"": 7}",0.4866636116081256,0.48666361160812555,0.005115689672381899
regular,hgb,H_D_C_A,"{""learning_rate"": 0.05, ""max_leaf_nodes"": 3}",0.4568730162506404,0.45687301625064025,0.004184336233942997
regular,hgb,H_D_C_A,"{""learning_rate"": 0.05, ""max_leaf_nodes"": 7}",0.4454424331490204,0.44544243314902043,0.0059172083193845355
regular,hgb,H_B_C_A,"{""learning_rate"": 0.05, ""max_leaf_nodes"": 3}",0.47151239411344414,0.47151239411344414,0.006974803194990446
regular,hgb,H_B_C_A,"{""learning_rate"": 0.05, ""max_leaf_nodes"": 7}",0.4740469966436426,0.4740469966436426,0.008141427451253479
regular,hgb,H_D_B_C_A,"{""learning_rate"": 0.05, ""max_leaf_nodes"": 3}",0.4537466882727147,0.4537466882727147,0.0026273508515330733
regular,hgb,H_D_B_C_A,"{""learning_rate"": 0.05, ""max_leaf_nodes"": 7}",0.44401148300856313,0.4440114830085632,0.004101386075053405
regular,hgb,H_M_C_A,"{""learning_rate"": 0.05, ""max_leaf_nodes"": 3}",0.4825199183474331,0.48251991834743313,0.00448668185982487
regular,hgb,H_M_C_A,"{""learning_rate"": 0.05, ""max_leaf_nodes"": 7}",0.4880780857717158,0.48807808577171585,0.004746688331814118
regular,hgb,H_D_M_C_A,"{""learning_rate"": 0.05, ""max_leaf_nodes"": 3}",0.4568511858368463,0.45685118583684636,0.004192209321672027
regular,hgb,H_D_M_C_A,"{""learning_rate"": 0.05, ""max_leaf_nodes"": 7}",0.44754861378569677,0.4475486137856969,0.006266809968501479
regular,hgb,H_B_M_C_A,"{""learning_rate"": 0.05, ""max_leaf_nodes"": 3}",0.47319904958147907,0.4731990495814792,0.005546540961622749
regular,hgb,H_B_M_C_A,"{""learning_rate"": 0.05, ""max_leaf_nodes"": 7}",0.47708610988544126,0.4770861098854411,0.007501405706853074
regular,hgb,H_D_B_M_C_A,"{""learning_rate"": 0.05, ""max_leaf_nodes"": 3}",0.4544866670218606,0.45448666702186047,0.002445077569499276
regular,hgb,H_D_B_M_C_A,"{""learning_rate"": 0.05, ""max_leaf_nodes"": 7}",0.44603421256301207,0.446034212563012,0.00412454256494273
regular,hgb,H_P_C_A,"{""learning_rate"": 0.05, ""max_leaf_nodes"": 3}",0.4732710021751904,0.4732710021751904,0.003407966641334887
regular,hgb,H_P_C_A,"{""learning_rate"": 0.05, ""max_leaf_nodes"": 7}",0.476680402832368,0.476680402832368,0.0038931176137769036
regular,hgb,H_D_P_C_A,"{""learning_rate"": 0.05, ""max_leaf_nodes"": 3}",0.45300623255534933,0.45300623255534933,0.003859759338146799
regular,hgb,H_D_P_C_A,"{""learning_rate"": 0.05, ""max_leaf_nodes"": 7}",0.439726551247051,0.43972655124705096,0.0071475527734515855
regular,hgb,H_B_P_C_A,"{""learning_rate"": 0.05, ""max_leaf_nodes"": 3}",0.4667524698324086,0.4667524698324086,0.0046322404697878745
regular,hgb,H_B_P_C_A,"{""learning_rate"": 0.05, ""max_leaf_nodes"": 7}",0.4657875649084316,0.46578756490843165,0.0030496481461713704
regular,hgb,H_D_B_P_C_A,"{""learning_rate"": 0.05, ""max_leaf_nodes"": 3}",0.451100719220936,0.451100719220936,0.0028200537567900914
regular,hgb,H_D_B_P_C_A,"{""learning_rate"": 0.05, ""max_leaf_nodes"": 7}",0.43651753571562535,0.4365175357156252,0.004605903217415253
regular,hgb,H_M_P_C_A,"{""learning_rate"": 0.05, ""max_leaf_nodes"": 3}",0.47274975830616567,0.4727497583061656,0.003544712394738248
regular,hgb,H_M_P_C_A,"{""learning_rate"": 0.05, ""max_leaf_nodes"": 7}",0.4754158535047915,0.4754158535047915,0.004405267593824874
regular,hgb,H_D_M_P_C_A,"{""learning_rate"": 0.05, ""max_leaf_nodes"": 3}",0.4532025149778932,0.45320251497789316,0.003820370572614852
regular,hgb,H_D_M_P_C_A,"{""learning_rate"": 0.05, ""max_leaf_nodes"": 7}",0.4421915489068894,0.4421915489068894,0.008252235454125182
regular,hgb,H_B_M_P_C_A,"{""learning_rate"": 0.05, ""max_leaf_nodes"": 3}",0.46720782880168427,0.4672078288016842,0.0037267457044244945
regular,hgb,H_B_M_P_C_A,"{""learning_rate"": 0.05, ""max_leaf_nodes"": 7}",0.4668504618287203,0.4668504618287203,0.0035365936796865273
regular,hgb,H_D_B_M_P_C_A,"{""learning_rate"": 0.05, ""max_leaf_nodes"": 3}",0.4513584838453192,0.4513584838453191,0.0027147342027492843
regular,hgb,H_D_B_M_P_C_A,"{""learning_rate"": 0.05, ""max_leaf_nodes"": 7}",0.43913908868745155,0.43913908868745155,0.004366723348769653
regular,hgb,H_K,"{""learning_rate"": 0.05, ""max_leaf_nodes"": 3}",0.46862648769037696,0.46862648769037685,0.004334779490961145
regular,hgb,H_K,"{""learning_rate"": 0.05, ""max_leaf_nodes"": 7}",0.4718103260322896,0.47181032603228956,0.005468011617209137
regular,hgb,H_D_K,"{""learning_rate"": 0.05, ""max_leaf_nodes"": 3}",0.44904714406589175,0.4490471440658917,0.00267324887787631
regular,hgb,H_D_K,"{""learning_rate"": 0.05, ""max_leaf_nodes"": 7}",0.439089411540235,0.43908941154023495,0.005935603711628816
regular,hgb,H_B_K,"{""learning_rate"": 0.05, ""max_leaf_nodes"": 3}",0.4601669506131991,0.46016695061319907,0.004972923260488689
regular,hgb,H_B_K,"{""learning_rate"": 0.05, ""max_leaf_nodes"": 7}",0.46043380578152254,0.4604338057815225,0.006002171880832621
regular,hgb,H_D_B_K,"{""learning_rate"": 0.05, ""max_leaf_nodes"": 3}",0.44616130180449326,0.44616130180449326,0.0024929396220548187
regular,hgb,H_D_B_K,"{""learning_rate"": 0.05, ""max_leaf_nodes"": 7}",0.4363769217735157,0.4363769217735157,0.003563177530501532
regular,hgb,H_M_K,"{""learning_rate"": 0.05, ""max_leaf_nodes"": 3}",0.46757476316193364,0.46757476316193375,0.003962390692879988
regular,hgb,H_M_K,"{""learning_rate"": 0.05, ""max_leaf_nodes"": 7}",0.4702004450633899,0.47020044506339,0.006118490507500675
regular,hgb,H_D_M_K,"{""learning_rate"": 0.05, ""max_leaf_nodes"": 3}",0.4496446731060242,0.44964467310602413,0.002918368036063797
regular,hgb,H_D_M_K,"{""learning_rate"": 0.05, ""max_leaf_nodes"": 7}",0.4411476528415523,0.44114765284155233,0.005891300612189717
regular,hgb,H_B_M_K,"{""learning_rate"": 0.05, ""max_leaf_nodes"": 3}",0.4600059094780004,0.4600059094780004,0.004725051045584596
regular,hgb,H_B_M_K,"{""learning_rate"": 0.05, ""max_leaf_nodes"": 7}",0.4600592310796617,0.4600592310796617,0.006028538502722757
regular,hgb,H_D_B_M_K,"{""learning_rate"": 0.05, ""max_leaf_nodes"": 3}",0.446763262552885,0.446763262552885,0.002659084085943549
regular,hgb,H_D_B_M_K,"{""learning_rate"": 0.05, ""max_leaf_nodes"": 7}",0.43769005616461376,0.43769005616461387,0.00338530829266796
regular,hgb,H_P_K,"{""learning_rate"": 0.05, ""max_leaf_nodes"": 3}",0.4648625598232887,0.4648625598232887,0.0030359208737272183
regular,hgb,H_P_K,"{""learning_rate"": 0.05, ""max_leaf_nodes"": 7}",0.4665423081487164,0.46654230814871644,0.0031112723015037295
regular,hgb,H_D_P_K,"{""learning_rate"": 0.05, ""max_leaf_nodes"": 3}",0.44873378658318125,0.44873378658318125,0.0029785842874730938
regular,hgb,H_D_P_K,"{""learning_rate"": 0.05, ""max_leaf_nodes"": 7}",0.43815385685376135,0.4381538568537614,0.005018966483718927
regular,hgb,H_B_P_K,"{""learning_rate"": 0.05, ""max_leaf_nodes"": 3}",0.4580027469526303,0.4580027469526303,0.0037860308283772797
regular,hgb,H_B_P_K,"{""learning_rate"": 0.05, ""max_leaf_nodes"": 7}",0.4584700437969989,0.4584700437969989,0.0038161046420796085
regular,hgb,H_D_B_P_K,"{""learning_rate"": 0.05, ""max_leaf_nodes"": 3}",0.44574329695707715,0.4457432969570772,0.002510661226252265
regular,hgb,H_D_B_P_K,"{""learning_rate"": 0.05, ""max_leaf_nodes"": 7}",0.4352168403015964,0.43521684030159635,0.005602425097643698
regular,hgb,H_M_P_K,"{""learning_rate"": 0.05, ""max_leaf_nodes"": 3}",0.4648462546968919,0.46484625469689195,0.0024732372252246355
regular,hgb,H_M_P_K,"{""learning_rate"": 0.05, ""max_leaf_nodes"": 7}",0.46605674026389443,0.4660567402638944,0.003759657122368048
regular,hgb,H_D_M_P_K,"{""learning_rate"": 0.05, ""max_leaf_nodes"": 3}",0.4490499174015234,0.44904991740152334,0.003082934417344835
regular,hgb,H_D_M_P_K,"{""learning_rate"": 0.05, ""max_leaf_nodes"": 7}",0.4388434955304204,0.4388434955304204,0.005608574772202099
regular,hgb,H_B_M_P_K,"{""learning_rate"": 0.05, ""max_leaf_nodes"": 3}",0.45813313374527753,0.4581331337452775,0.0032657794221118974
regular,hgb,H_B_M_P_K,"{""learning_rate"": 0.05, ""max_leaf_nodes"": 7}",0.4599275573508057,0.45992755735080565,0.003553885106993599
regular,hgb,H_D_B_M_P_K,"{""learning_rate"": 0.05, ""max_leaf_nodes"": 3}",0.44645057446385117,0.4464505744638513,0.0023513213324774813
regular,hgb,H_D_B_M_P_K,"{""learning_rate"": 0.05, ""max_leaf_nodes"": 7}",0.43605079860039764,0.43605079860039764,0.005497445736324368
regular,hgb,H_C_K,"{""learning_rate"": 0.05, ""max_leaf_nodes"": 3}",0.47046742506785993,0.47046742506786005,0.0055091736027682485
regular,hgb,H_C_K,"{""learning_rate"": 0.05, ""max_leaf_nodes"": 7}",0.47496741825274036,0.47496741825274025,0.007237979739005058
regular,hgb,H_D_C_K,"{""learning_rate"": 0.05, ""max_leaf_nodes"": 3}",0.4501457715010184,0.45014577150101837,0.0031344006794356083
regular,hgb,H_D_C_K,"{""learning_rate"": 0.05, ""max_leaf_nodes"": 7}",0.44160524841182136,0.44160524841182147,0.007156904802026209
regular,hgb,H_B_C_K,"{""learning_rate"": 0.05, ""max_leaf_nodes"": 3}",0.4608553429741044,0.4608553429741044,0.005819247820908426
regular,hgb,H_B_C_K,"{""learning_rate"": 0.05, ""max_leaf_nodes"": 7}",0.4659487000833373,0.4659487000833372,0.008380493264060962
regular,hgb,H_D_B_C_K,"{""learning_rate"": 0.05, ""max_leaf_nodes"": 3}",0.44695792401109463,0.4469579240110947,0.003067162217606575
regular,hgb,H_D_B_C_K,"{""learning_rate"": 0.05, ""max_leaf_nodes"": 7}",0.4371863076693133,0.4371863076693134,0.005656341961706851
regular,hgb,H_M_C_K,"{""learning_rate"": 0.05, ""max_leaf_nodes"": 3}",0.4704396635397942,0.4704396635397942,0.004971975176316443
regular,hgb,H_M_C_K,"{""learning_rate"": 0.05, ""max_leaf_nodes"": 7}",0.47388191791861534,0.47388191791861545,0.006562099755446376
regular,hgb,H_D_M_C_K,"{""learning_rate"": 0.05, ""max_leaf_nodes"": 3}",0.45064275848628443,0.4506427584862845,0.003282766772928935
regular,hgb,H_D_M_C_K,"{""learning_rate"": 0.05, ""max_leaf_nodes"": 7}",0.4427211393271765,0.4427211393271765,0.007081973138019431
regular,hgb,H_B_M_C_K,"{""learning_rate"": 0.05, ""max_leaf_nodes"": 3}",0.4616282598947316,0.46162825989473155,0.0053352363935665476
regular,hgb,H_B_M_C_K,"{""learning_rate"": 0.05, ""max_leaf_nodes"": 7}",0.46528450992027387,0.46528450992027376,0.00782478730323174
regular,hgb,H_D_B_M_C_K,"{""learning_rate"": 0.05, ""max_leaf_nodes"": 3}",0.44779214707569115,0.4477921470756912,0.0031229114145450887
regular,hgb,H_D_B_M_C_K,"{""learning_rate"": 0.05, ""max_leaf_nodes"": 7}",0.43853275336021974,0.43853275336021974,0.004797435053860146
regular,hgb,H_P_C_K,"{""learning_rate"": 0.05, ""max_leaf_nodes"": 3}",0.4659485531784748,0.4659485531784748,0.003003631080025389
regular,hgb,H_P_C_K,"{""learning_rate"": 0.05, ""max_leaf_nodes"": 7}",0.4686653105048629,0.468665310504863,0.00369388219444839
regular,hgb,H_D_P_C_K,"{""learning_rate"": 0.05, ""max_leaf_nodes"": 3}",0.449791370643197,0.449791370643197,0.0031041854242939227
regular,hgb,H_D_P_C_K,"{""learning_rate"": 0.05, ""max_leaf_nodes"": 7}",0.4399747553310888,0.4399747553310888,0.006341761340881215
regular,hgb,H_B_P_C_K,"{""learning_rate"": 0.05, ""max_leaf_nodes"": 3}",0.45917285714857675,0.4591728571485768,0.004069980619518543
regular,hgb,H_B_P_C_K,"{""learning_rate"": 0.05, ""max_leaf_nodes"": 7}",0.45991893606213213,0.459918936062132,0.005042400558272236
regular,hgb,H_D_B_P_C_K,"{""learning_rate"": 0.05, ""max_leaf_nodes"": 3}",0.44672646186679055,0.44672646186679055,0.002559800491698827
regular,hgb,H_D_B_P_C_K,"{""learning_rate"": 0.05, ""max_leaf_nodes"": 7}",0.43606795317118624,0.43606795317118624,0.0063522149468736135
regular,hgb,H_M_P_C_K,"{""learning_rate"": 0.05, ""max_leaf_nodes"": 3}",0.4663436821286005,0.46634368212860056,0.0030952555121338834
regular,hgb,H_M_P_C_K,"{""learning_rate"": 0.05, ""max_leaf_nodes"": 7}",0.4689922397651493,0.46899223976514925,0.00409707019830145
regular,hgb,H_D_M_P_C_K,"{""learning_rate"": 0.05, ""max_leaf_nodes"": 3}",0.4501047001920363,0.4501047001920364,0.0031775666662805613
regular,hgb,H_D_M_P_C_K,"{""learning_rate"": 0.05, ""max_leaf_nodes"": 7}",0.4415995396951437,0.44159953969514376,0.006576677973902217
regular,hgb,H_B_M_P_C_K,"{""learning_rate"": 0.05, ""max_leaf_nodes"": 3}",0.45983069465626675,0.45983069465626675,0.003712325492574636
regular,hgb,H_B_M_P_C_K,"{""learning_rate"": 0.05, ""max_leaf_nodes"": 7}",0.46142081079208797,0.46142081079208797,0.0041936419214280525
regular,hgb,H_D_B_M_P_C_K,"{""learning_rate"": 0.05, ""max_leaf_nodes"": 3}",0.4471150951553833,0.4471150951553833,0.0024876423420159203
regular,hgb,H_D_B_M_P_C_K,"{""learning_rate"": 0.05, ""max_leaf_nodes"": 7}",0.43737179507851653,0.43737179507851653,0.0062126979522374205
regular,hgb,H_A_K,"{""learning_rate"": 0.05, ""max_leaf_nodes"": 3}",0.4665449217808222,0.4665449217808222,0.0054188430016901224
regular,hgb,H_A_K,"{""learning_rate"": 0.05, ""max_leaf_nodes"": 7}",0.4697379696569735,0.46973796965697356,0.008034305004949498
regular,hgb,H_D_A_K,"{""learning_rate"": 0.05, ""max_leaf_nodes"": 3}",0.44831458857235684,0.44831458857235684,0.0030560826900251923
regular,hgb,H_D_A_K,"{""learning_rate"": 0.05, ""max_leaf_nodes"": 7}",0.4400851297907187,0.44008512979071873,0.006782347397706738
regular,hgb,H_B_A_K,"{""learning_rate"": 0.05, ""max_leaf_nodes"": 3}",0.45793109286768696,0.4579310928676869,0.005922780257307042
regular,hgb,H_B_A_K,"{""learning_rate"": 0.05, ""max_leaf_nodes"": 7}",0.45953715624912783,0.45953715624912783,0.007899827604196821
regular,hgb,H_D_B_A_K,"{""learning_rate"": 0.05, ""max_leaf_nodes"": 3}",0.4456476463418826,0.44564764634188264,0.003106714366136588
regular,hgb,H_D_B_A_K,"{""learning_rate"": 0.05, ""max_leaf_nodes"": 7}",0.4372683662613221,0.43726836626132204,0.004388427790571304
regular,hgb,H_M_A_K,"{""learning_rate"": 0.05, ""max_leaf_nodes"": 3}",0.46617487555285875,0.46617487555285875,0.0052252577015405
regular,hgb,H_M_A_K,"{""learning_rate"": 0.05, ""max_leaf_nodes"": 7}",0.469439829432764,0.4694398294327639,0.007807236066139629
regular,hgb,H_D_M_A_K,"{""learning_rate"": 0.05, ""max_leaf_nodes"": 3}",0.448870925900664,0.448870925900664,0.0030598042148184726
regular,hgb,H_D_M_A_K,"{""learning_rate"": 0.05, ""max_leaf_nodes"": 7}",0.4408113599582922,0.44081135995829224,0.00658762738165986
regular,hgb,H_B_M_A_K,"{""learning_rate"": 0.05, ""max_leaf_nodes"": 3}",0.4585768306156362,0.45857683061563614,0.005922489521383344
regular,hgb,H_B_M_A_K,"{""learning_rate"": 0.05, ""max_leaf_nodes"": 7}",0.45941284119509407,0.4594128411950941,0.007567816369419269
regular,hgb,H_D_B_M_A_K,"{""learning_rate"": 0.05, ""max_leaf_nodes"": 3}",0.44657195646668246,0.4465719564666825,0.0028048244815699524
regular,hgb,H_D_B_M_A_K,"{""learning_rate"": 0.05, ""max_leaf_nodes"": 7}",0.4385544704033009,0.4385544704033009,0.004296373058714238
regular,hgb,H_P_A_K,"{""learning_rate"": 0.05, ""max_leaf_nodes"": 3}",0.462404078669102,0.462404078669102,0.003648641794199088
regular,hgb,H_P_A_K,"{""learning_rate"": 0.05, ""max_leaf_nodes"": 7}",0.4657754946456428,0.46577549464564266,0.005114785875561999
regular,hgb,H_D_P_A_K,"{""learning_rate"": 0.05, ""max_leaf_nodes"": 3}",0.4484387817551611,0.4484387817551611,0.0028070865900767235
regular,hgb,H_D_P_A_K,"{""learning_rate"": 0.05, ""max_leaf_nodes"": 7}",0.4391837945978705,0.4391837945978705,0.005951189589924286
regular,hgb,H_B_P_A_K,"{""learning_rate"": 0.05, ""max_leaf_nodes"": 3}",0.45623642928311675,0.4562364292831168,0.004584148557745426
regular,hgb,H_B_P_A_K,"{""learning_rate"": 0.05, ""max_leaf_nodes"": 7}",0.45811004196121874,0.4581100419612188,0.006582076222869978
regular,hgb,H_D_B_P_A_K,"{""learning_rate"": 0.05, ""max_leaf_nodes"": 3}",0.44521386112081107,0.4452138611208111,0.003015739606024188
regular,hgb,H_D_B_P_A_K,"{""learning_rate"": 0.05, ""max_leaf_nodes"": 7}",0.4361824719429682,0.43618247194296816,0.00614740258149933
regular,hgb,H_M_P_A_K,"{""learning_rate"": 0.05, ""max_leaf_nodes"": 3}",0.46270937877030277,0.4627093787703028,0.003289705999274928
regular,hgb,H_M_P_A_K,"{""learning_rate"": 0.05, ""max_leaf_nodes"": 7}",0.46426233898439606,0.464262338984396,0.004247770800945489
regular,hgb,H_D_M_P_A_K,"{""learning_rate"": 0.05, ""max_leaf_nodes"": 3}",0.4487288305641408,0.44872883056414087,0.0028675780784252897
regular,hgb,H_D_M_P_A_K,"{""learning_rate"": 0.05, ""max_leaf_nodes"": 7}",0.44140246290049534,0.44140246290049534,0.005935217407373192
regular,hgb,H_B_M_P_A_K,"{""learning_rate"": 0.05, ""max_leaf_nodes"": 3}",0.4570549597740313,0.4570549597740313,0.004065763582977924
regular,hgb,H_B_M_P_A_K,"{""learning_rate"": 0.05, ""max_leaf_nodes"": 7}",0.4587556941172128,0.4587556941172128,0.005447163049623232
regular,hgb,H_D_B_M_P_A_K,"{""learning_rate"": 0.05, ""max_leaf_nodes"": 3}",0.44570207073818713,0.44570207073818724,0.0027838111047294753
regular,hgb,H_D_B_M_P_A_K,"{""learning_rate"": 0.05, ""max_leaf_nodes"": 7}",0.4382540224743024,0.4382540224743024,0.006381823433173631
regular,hgb,H_C_A_K,"{""learning_rate"": 0.05, ""max_leaf_nodes"": 3}",0.4675734972227734,0.4675734972227735,0.006187988506975258
regular,hgb,H_C_A_K,"{""learning_rate"": 0.05, ""max_leaf_nodes"": 7}",0.47362909113228596,0.4736290911322859,0.009460009982749226
regular,hgb,H_D_C_A_K,"{""learning_rate"": 0.05, ""max_leaf_nodes"": 3}",0.44912798024909856,0.4491279802490986,0.0035366129555273185
regular,hgb,H_D_C_A_K,"{""learning_rate"": 0.05, ""max_leaf_nodes"": 7}",0.44110477751120847,0.44110477751120847,0.008007834469793772
regular,hgb,H_B_C_A_K,"{""learning_rate"": 0.05, ""max_leaf_nodes"": 3}",0.4588304035546042,0.45883040355460425,0.006562227465731767
regular,hgb,H_B_C_A_K,"{""learning_rate"": 0.05, ""max_leaf_nodes"": 7}",0.4637571080506713,0.46375710805067116,0.009817913145652975
regular,hgb,H_D_B_C_A_K,"{""learning_rate"": 0.05, ""max_leaf_nodes"": 3}",0.44636470019113955,0.44636470019113955,0.0035741658239699927
regular,hgb,H_D_B_C_A_K,"{""learning_rate"": 0.05, ""max_leaf_nodes"": 7}",0.4383162533302415,0.4383162533302415,0.005713738349876032
regular,hgb,H_M_C_A_K,"{""learning_rate"": 0.05, ""max_leaf_nodes"": 3}",0.46812133881510676,0.46812133881510676,0.005663139481486144
regular,hgb,H_M_C_A_K,"{""learning_rate"": 0.05, ""max_leaf_nodes"": 7}",0.4731324758441483,0.4731324758441483,0.008424341803812749
regular,hgb,H_D_M_C_A_K,"{""learning_rate"": 0.05, ""max_leaf_nodes"": 3}",0.44982723370524097,0.4498272337052411,0.0036701098981313574
regular,hgb,H_D_M_C_A_K,"{""learning_rate"": 0.05, ""max_leaf_nodes"": 7}",0.44280657708232074,0.44280657708232074,0.0077220737815523344
regular,hgb,H_B_M_C_A_K,"{""learning_rate"": 0.05, ""max_leaf_nodes"": 3}",0.45966389794599677,0.4596638979459967,0.006039122933514787
regular,hgb,H_B_M_C_A_K,"{""learning_rate"": 0.05, ""max_leaf_nodes"": 7}",0.46435581967478184,0.4643558196747818,0.009248216264962559
regular,hgb,H_D_B_M_C_A_K,"{""learning_rate"": 0.05, ""max_leaf_nodes"": 3}",0.44732288395755904,0.44732288395755904,0.003268218342924198
regular,hgb,H_D_B_M_C_A_K,"{""learning_rate"": 0.05, ""max_leaf_nodes"": 7}",0.4394245337970518,0.4394245337970518,0.005949301390717712
regular,hgb,H_P_C_A_K,"{""learning_rate"": 0.05, ""max_leaf_nodes"": 3}",0.4633672664321884,0.4633672664321885,0.0038567847259582755
regular,hgb,H_P_C_A_K,"{""learning_rate"": 0.05, ""max_leaf_nodes"": 7}",0.46745111283393,0.4674511128339299,0.006124505173968496
regular,hgb,H_D_P_C_A_K,"{""learning_rate"": 0.05, ""max_leaf_nodes"": 3}",0.44921954517918034,0.4492195451791804,0.0031934387636887904
regular,hgb,H_D_P_C_A_K,"{""learning_rate"": 0.05, ""max_leaf_nodes"": 7}",0.4411905820345694,0.44119058203456935,0.006721322298480202
regular,hgb,H_B_P_C_A_K,"{""learning_rate"": 0.05, ""max_leaf_nodes"": 3}",0.4575291134570916,0.4575291134570915,0.004820181714499451
regular,hgb,H_B_P_C_A_K,"{""learning_rate"": 0.05, ""max_leaf_nodes"": 7}",0.46112865748380893,0.4611286574838089,0.006942970144798573
regular,hgb,H_D_B_P_C_A_K,"{""learning_rate"": 0.05, ""max_leaf_nodes"": 3}",0.4462651119607277,0.4462651119607278,0.003328184500410264
regular,hgb,H_D_B_P_C_A_K,"{""learning_rate"": 0.05, ""max_leaf_nodes"": 7}",0.4378091988742279,0.437809198874228,0.0068853715996525225
regular,hgb,H_M_P_C_A_K,"{""learning_rate"": 0.05, ""max_leaf_nodes"": 3}",0.4641719527437777,0.46417195274377765,0.003754699420185278
regular,hgb,H_M_P_C_A_K,"{""learning_rate"": 0.05, ""max_leaf_nodes"": 7}",0.466449446510954,0.466449446510954,0.005950673848871661
regular,hgb,H_D_M_P_C_A_K,"{""learning_rate"": 0.05, ""max_leaf_nodes"": 3}",0.4496832212358155,0.44968322123581556,0.0033164315930624653
regular,hgb,H_D_M_P_C_A_K,"{""learning_rate"": 0.05, ""max_leaf_nodes"": 7}",0.44332277999767594,0.4433227799976759,0.007328348088545387
regular,hgb,H_B_M_P_C_A_K,"{""learning_rate"": 0.05, ""max_leaf_nodes"": 3}",0.4584664659139517,0.4584664659139516,0.004324343146031719
regular,hgb,H_B_M_P_C_A_K,"{""learning_rate"": 0.05, ""max_leaf_nodes"": 7}",0.4621536419516415,0.46215364195164144,0.005867521753664044
regular,hgb,H_D_B_M_P_C_A_K,"{""learning_rate"": 0.05, ""max_leaf_nodes"": 3}",0.44653909626104343,0.44653909626104343,0.002916473052045548
regular,hgb,H_D_B_M_P_C_A_K,"{""learning_rate"": 0.05, ""max_leaf_nodes"": 7}",0.43954842026960506,0.439548420269605,0.007254325280334258
regular,hgb,NONE,"{""learning_rate"": 0.05, ""max_leaf_nodes"": 3}",0.48682988510277087,0.4868298851027709,0.001128610297045335
regular,hgb,NONE,"{""learning_rate"": 0.05, ""max_leaf_nodes"": 7}",0.48682988510277087,0.4868298851027709,0.001128610297045335
regular,hgb,D,"{""learning_rate"": 0.05, ""max_leaf_nodes"": 3}",0.46033771160149883,0.4603377116014988,0.003170826941761214
regular,hgb,D,"{""learning_rate"": 0.05, ""max_leaf_nodes"": 7}",0.45635682995858146,0.4563568299585814,0.0032164651693160884
regular,hgb,B,"{""learning_rate"": 0.05, ""max_leaf_nodes"": 3}",0.4765599670766729,0.4765599670766729,0.005051437510589004
regular,hgb,B,"{""learning_rate"": 0.05, ""max_leaf_nodes"": 7}",0.4765599670766729,0.4765599670766729,0.005051437510589004
regular,hgb,D_B,"{""learning_rate"": 0.05, ""max_leaf_nodes"": 3}",0.45632783070638255,0.45632783070638255,0.0021011257683325926
regular,hgb,D_B,"{""learning_rate"": 0.05, ""max_leaf_nodes"": 7}",0.45549262702226784,0.4554926270222678,0.0013588452198948892
regular,hgb,M,"{""learning_rate"": 0.05, ""max_leaf_nodes"": 3}",0.48509536992971014,0.4850953699297101,0.0010357054522140852
regular,hgb,M,"{""learning_rate"": 0.05, ""max_leaf_nodes"": 7}",0.4850864315625276,0.48508643156252756,0.0010384123747868602
regular,hgb,D_M,"{""learning_rate"": 0.05, ""max_leaf_nodes"": 3}",0.46068146665969467,0.46068146665969467,0.00330072460863962
regular,hgb,D_M,"{""learning_rate"": 0.05, ""max_leaf_nodes"": 7}",0.4546939753467295,0.4546939753467295,0.0032268848143176747
regular,hgb,B_M,"{""learning_rate"": 0.05, ""max_leaf_nodes"": 3}",0.4758439475478247,0.4758439475478247,0.004267216917097878
regular,hgb,B_M,"{""learning_rate"": 0.05, ""max_leaf_nodes"": 7}",0.477389100852545,0.47738910085254505,0.004550667704171999
regular,hgb,D_B_M,"{""learning_rate"": 0.05, ""max_leaf_nodes"": 3}",0.45680804722758583,0.4568080472275858,0.00194081527397407
regular,hgb,D_B_M,"{""learning_rate"": 0.05, ""max_leaf_nodes"": 7}",0.4555191996198461,0.4555191996198462,0.00046957064762917717
regular,hgb,P,"{""learning_rate"": 0.05, ""max_leaf_nodes"": 3}",0.4794982378911847,0.4794982378911846,0.0014902346869400185
regular,hgb,P,"{""learning_rate"": 0.05, ""max_leaf_nodes"": 7}",0.482360291844435,0.4823602918444351,0.0031713557258072
regular,hgb,D_P,"{""learning_rate"": 0.05, ""max_leaf_nodes"": 3}",0.4569893466133365,0.4569893466133365,0.0025363692021024213
regular,hgb,D_P,"{""learning_rate"": 0.05, ""max_leaf_nodes"": 7}",0.45159543938487623,0.45159543938487623,0.005255822064088913
regular,hgb,B_P,"{""learning_rate"": 0.05, ""max_leaf_nodes"": 3}",0.46990796853644945,0.4699079685364495,0.0029991386847920964
regular,hgb,B_P,"{""learning_rate"": 0.05, ""max_leaf_nodes"": 7}",0.4729766326986408,0.47297663269864093,0.0025884930717346216
regular,hgb,D_B_P,"{""learning_rate"": 0.05, ""max_leaf_nodes"": 3}",0.4534765946886285,0.4534765946886286,0.0014116869789795449
regular,hgb,D_B_P,"{""learning_rate"": 0.05, ""max_leaf_nodes"": 7}",0.448154785203821,0.44815478520382096,0.0029416234760124074
regular,hgb,M_P,"{""learning_rate"": 0.05, ""max_leaf_nodes"": 3}",0.4783039597837597,0.4783039597837598,0.0020804700495853793
regular,hgb,M_P,"{""learning_rate"": 0.05, ""max_leaf_nodes"": 7}",0.4841169005666471,0.48411690056664713,0.0041982082792037766
regular,hgb,D_M_P,"{""learning_rate"": 0.05, ""max_leaf_nodes"": 3}",0.45778161731064215,0.4577816173106422,0.002539279448598661
regular,hgb,D_M_P,"{""learning_rate"": 0.05, ""max_leaf_nodes"": 7}",0.45043080432729743,0.45043080432729743,0.005563052472484142
regular,hgb,B_M_P,"{""learning_rate"": 0.05, ""max_leaf_nodes"": 3}",0.47011726138282617,0.47011726138282606,0.002503826083869018
regular,hgb,B_M_P,"{""learning_rate"": 0.05, ""max_leaf_nodes"": 7}",0.47556279572555893,0.47556279572555893,0.002412580919407098
regular,hgb,D_B_M_P,"{""learning_rate"": 0.05, ""max_leaf_nodes"": 3}",0.4538621021540127,0.4538621021540126,0.001291070213668948
regular,hgb,D_B_M_P,"{""learning_rate"": 0.05, ""max_leaf_nodes"": 7}",0.4483260246547676,0.4483260246547676,0.0024173881090779658
regular,hgb,C,"{""learning_rate"": 0.05, ""max_leaf_nodes"": 3}",0.4873684093458562,0.4873684093458562,0.002641249177036526
regular,hgb,C,"{""learning_rate"": 0.05, ""max_leaf_nodes"": 7}",0.4873684093458562,0.4873684093458562,0.002641249177036526
regular,hgb,D_C,"{""learning_rate"": 0.05, ""max_leaf_nodes"": 3}",0.4623871968889793,0.4623871968889793,0.002984440006468867
regular,hgb,D_C,"{""learning_rate"": 0.05, ""max_leaf_nodes"": 7}",0.4543004475412792,0.4543004475412792,0.0050663836711882845
regular,hgb,B_C,"{""learning_rate"": 0.05, ""max_leaf_nodes"": 3}",0.47653539203255935,0.4765353920325593,0.006078501882719373
regular,hgb,B_C,"{""learning_rate"": 0.05, ""max_leaf_nodes"": 7}",0.476817014991992,0.476817014991992,0.005956339785030181
regular,hgb,D_B_C,"{""learning_rate"": 0.05, ""max_leaf_nodes"": 3}",0.4565808031494393,0.45658080314943933,0.002213055517912996
regular,hgb,D_B_C,"{""learning_rate"": 0.05, ""max_leaf_nodes"": 7}",0.45256143104805885,0.4525614310480589,0.0036050765843800036
regular,hgb,M_C,"{""learning_rate"": 0.05, ""max_leaf_nodes"": 3}",0.48688675143123955,0.4868867514312395,0.0021719266928733627
regular,hgb,M_C,"{""learning_rate"": 0.05, ""max_leaf_nodes"": 7}",0.4896218034263714,0.4896218034263714,0.0032004486104866923
regular,hgb,D_M_C,"{""learning_rate"": 0.05, ""max_leaf_nodes"": 3}",0.4625277570473893,0.46252775704738924,0.0028745314318788214
regular,hgb,D_M_C,"{""learning_rate"": 0.05, ""max_leaf_nodes"": 7}",0.4558265030119469,0.45582650301194694,0.00545108548097089
regular,hgb,B_M_C,"{""learning_rate"": 0.05, ""max_leaf_nodes"": 3}",0.4769715372838165,0.4769715372838165,0.004811904473443581
regular,hgb,B_M_C,"{""learning_rate"": 0.05, ""max_leaf_nodes"": 7}",0.4797263072086681,0.47972630720866816,0.005497657739020791
regular,hgb,D_B_M_C,"{""learning_rate"": 0.05, ""max_leaf_nodes"": 3}",0.45771272671753144,0.4577127267175314,0.0019114916603859373
regular,hgb,D_B_M_C,"{""learning_rate"": 0.05, ""max_leaf_nodes"": 7}",0.45456108056667416,0.4545610805666741,0.0033514065508466794
regular,hgb,P_C,"{""learning_rate"": 0.05, ""max_leaf_nodes"": 3}",0.4796573565790571,0.4796573565790571,0.0020768018621538354
regular,hgb,P_C,"{""learning_rate"": 0.05, ""max_leaf_nodes"": 7}",0.48320511165817515,0.48320511165817515,0.003921365499683235
regular,hgb,D_P_C,"{""learning_rate"": 0.05, ""max_leaf_nodes"": 3}",0.4586798152547615,0.4586798152547614,0.0024108464425080128
regular,hgb,D_P_C,"{""learning_rate"": 0.05, ""max_leaf_nodes"": 7}",0.4506822668444156,0.45068226684441565,0.00558813564446386
regular,hgb,B_P_C,"{""learning_rate"": 0.05, ""max_leaf_nodes"": 3}",0.4708534372594435,0.47085343725944356,0.003583617361511325
regular,hgb,B_P_C,"{""learning_rate"": 0.05, ""max_leaf_nodes"": 7}",0.47355181715065164,0.47355181715065175,0.004136204467917099
regular,hgb,D_B_P_C,"{""learning_rate"": 0.05, ""max_leaf_nodes"": 3}",0.45376336354331476,0.45376336354331476,0.0010755151994649168
regular,hgb,D_B_P_C,"{""learning_rate"": 0.05, ""max_leaf_nodes"": 7}",0.44694667590810205,0.4469466759081021,0.00214964681591369
regular,hgb,M_P_C,"{""learning_rate"": 0.05, ""max_leaf_nodes"": 3}",0.47853202039739107,0.47853202039739096,0.0027649909028971548
regular,hgb,M_P_C,"{""learning_rate"": 0.05, ""max_leaf_nodes"": 7}",0.48498971939144975,0.48498971939144975,0.004313894227491448
regular,hgb,D_M_P_C,"{""learning_rate"": 0.05, ""max_leaf_nodes"": 3}",0.45894580134177526,0.4589458013417754,0.002512039563828615
regular,hgb,D_M_P_C,"{""learning_rate"": 0.05, ""max_leaf_nodes"": 7}",0.4525141725960688,0.45251417259606885,0.0063659700158185855
regular,hgb,B_M_P_C,"{""learning_rate"": 0.05, ""max_leaf_nodes"": 3}",0.4710954690298559,0.4710954690298559,0.002751572575826672
regular,hgb,B_M_P_C,"{""learning_rate"": 0.05, ""max_leaf_nodes"": 7}",0.47613226098295136,0.47613226098295136,0.00387944689197955
regular,hgb,D_B_M_P_C,"{""learning_rate"": 0.05, ""max_leaf_nodes"": 3}",0.4543346697358875,0.45433466973588754,0.001080014487104254
regular,hgb,D_B_M_P_C,"{""learning_rate"": 0.05, ""max_leaf_nodes"": 7}",0.4492225782376147,0.44922257823761474,0.003220650150388913
regular,hgb,A,"{""learning_rate"": 0.05, ""max_leaf_nodes"": 3}",0.4837897978214668,0.48378979782146675,0.0018416105017435964
regular,hgb,A,"{""learning_rate"": 0.05, ""max_leaf_nodes"": 7}",0.4837897978214668,0.48378979782146675,0.0018416105017435964
regular,hgb,D_A,"{""learning_rate"": 0.05, ""max_leaf_nodes"": 3}",0.4588506515174066,0.45885065151740656,0.0029224919665337573
regular,hgb,D_A,"{""learning_rate"": 0.05, ""max_leaf_nodes"": 7}",0.4531285285902286,0.4531285285902286,0.0037567113357629875
regular,hgb,B_A,"{""learning_rate"": 0.05, ""max_leaf_nodes"": 3}",0.4740128206800358,0.47401282068003586,0.006159285922946422
regular,hgb,B_A,"{""learning_rate"": 0.05, ""max_leaf_nodes"": 7}",0.47352204995587244,0.4735220499558723,0.006404840567978743
regular,hgb,D_B_A,"{""learning_rate"": 0.05, ""max_leaf_nodes"": 3}",0.45521690984327073,0.45521690984327084,0.0021796476739013564
regular,hgb,D_B_A,"{""learning_rate"": 0.05, ""max_leaf_nodes"": 7}",0.4543820782647028,0.45438207826470284,0.00194573169877046
regular,hgb,M_A,"{""learning_rate"": 0.05, ""max_leaf_nodes"": 3}",0.48244306490637123,0.4824430649063712,0.0013702792119004697
regular,hgb,M_A,"{""learning_rate"": 0.05, ""max_leaf_nodes"": 7}",0.48295862529956013,0.48295862529956013,0.0019522123972350526
regular,hgb,D_M_A,"{""learning_rate"": 0.05, ""max_leaf_nodes"": 3}",0.4590248702969516,0.45902487029695155,0.0030110672639338735
regular,hgb,D_M_A,"{""learning_rate"": 0.05, ""max_leaf_nodes"": 7}",0.4526009881060549,0.4526009881060549,0.003471010555794404
regular,hgb,B_M_A,"{""learning_rate"": 0.05, ""max_leaf_nodes"": 3}",0.4734961047016346,0.47349610470163456,0.004548135142073313
regular,hgb,B_M_A,"{""learning_rate"": 0.05, ""max_leaf_nodes"": 7}",0.4751644968643908,0.4751644968643907,0.004706687649248196
regular,hgb,D_B_M_A,"{""learning_rate"": 0.05, ""max_leaf_nodes"": 3}",0.4555720960054675,0.45557209600546755,0.001869961827920436
regular,hgb,D_B_M_A,"{""learning_rate"": 0.05, ""max_leaf_nodes"": 7}",0.45523536729817593,0.45523536729817593,0.0009320122899914607
regular,hgb,P_A,"{""learning_rate"": 0.05, ""max_leaf_nodes"": 3}",0.4770472464701195,0.47704724647011953,0.0010473820726027904
regular,hgb,P_A,"{""learning_rate"": 0.05, ""max_leaf_nodes"": 7}",0.48195283118526033,0.48195283118526044,0.001355053090315275
regular,hgb,D_P_A,"{""learning_rate"": 0.05, ""max_leaf_nodes"": 3}",0.455499815179651,0.4554998151796509,0.0026173480190322617
regular,hgb,D_P_A,"{""learning_rate"": 0.05, ""max_leaf_nodes"": 7}",0.44915386728439705,0.4491538672843971,0.005156529713731442
regular,hgb,B_P_A,"{""learning_rate"": 0.05, ""max_leaf_nodes"": 3}",0.4677603893078657,0.4677603893078658,0.004055411285791316
regular,hgb,B_P_A,"{""learning_rate"": 0.05, ""max_leaf_nodes"": 7}",0.4728899200223431,0.4728899200223431,0.004163552092335494
regular,hgb,D_B_P_A,"{""learning_rate"": 0.05, ""max_leaf_nodes"": 3}",0.4523054222735704,0.4523054222735704,0.0017241252466704384
regular,hgb,D_B_P_A,"{""learning_rate"": 0.05, ""max_leaf_nodes"": 7}",0.4478408989208712,0.4478408989208712,0.00338456895457398
regular,hgb,M_P_A,"{""learning_rate"": 0.05, ""max_leaf_nodes"": 3}",0.4756897050783954,0.4756897050783954,0.0015659239251849012
regular,hgb,M_P_A,"{""learning_rate"": 0.05, ""max_leaf_nodes"": 7}",0.4814406814299024,0.4814406814299025,0.003020425400937772
regular,hgb,D_M_P_A,"{""learning_rate"": 0.05, ""max_leaf_nodes"": 3}",0.4557964998995411,0.4557964998995411,0.0024925957762124236
regular,hgb,D_M_P_A,"{""learning_rate"": 0.05, ""max_leaf_nodes"": 7}",0.44978966652855623,0.44978966652855623,0.005270944387001744
regular,hgb,B_M_P_A,"{""learning_rate"": 0.05, ""max_leaf_nodes"": 3}",0.4680371420634792,0.46803714206347913,0.0031872891753198253
regular,hgb,B_M_P_A,"{""learning_rate"": 0.05, ""max_leaf_nodes"": 7}",0.47425278174135704,0.47425278174135704,0.0031624484525404435
regular,hgb,D_B_M_P_A,"{""learning_rate"": 0.05, ""max_leaf_nodes"": 3}",0.45215269049768003,0.45215269049768,0.0014393488055901744
regular,hgb,D_B_M_P_A,"{""learning_rate"": 0.05, ""max_leaf_nodes"": 7}",0.4496181409445105,0.44961814094451047,0.0030523483379907056
regular,hgb,C_A,"{""learning_rate"": 0.05, ""max_leaf_nodes"": 3}",0.48551872633215903,0.48551872633215903,0.003838783907629643
regular,hgb,C_A,"{""learning_rate"": 0.05, ""max_leaf_nodes"": 7}",0.48579276732201637,0.4857927673220164,0.0038225873544696686
regular,hgb,D_C_A,"{""learning_rate"": 0.05, ""max_leaf_nodes"": 3}",0.46099887230913067,0.4609988723091307,0.0028587191825898764
regular,hgb,D_C_A,"{""learning_rate"": 0.05, ""max_leaf_nodes"": 7}",0.4521771466611788,0.45217714666117875,0.004481300208032149
regular,hgb,B_C_A,"{""learning_rate"": 0.05, ""max_leaf_nodes"": 3}",0.4742640609492836,0.47426406094928364,0.006611295434833732
regular,hgb,B_C_A,"{""learning_rate"": 0.05, ""max_leaf_nodes"": 7}",0.4739017549063412,0.47390175490634123,0.006050283902442029
regular,hgb,D_B_C_A,"{""learning_rate"": 0.05, ""max_leaf_nodes"": 3}",0.45605637410009037,0.4560563741000904,0.002375187065809218
regular,hgb,D_B_C_A,"{""learning_rate"": 0.05, ""max_leaf_nodes"": 7}",0.45118026129492866,0.4511802612949286,0.003058313605561997
regular,hgb,M_C_A,"{""learning_rate"": 0.05, ""max_leaf_nodes"": 3}",0.4847804802528416,0.4847804802528416,0.0029841008117318588
regular,hgb,M_C_A,"{""learning_rate"": 0.05, ""max_leaf_nodes"": 7}",0.4875134223180756,0.4875134223180756,0.0041669473909044545
regular,hgb,D_M_C_A,"{""learning_rate"": 0.05, ""max_leaf_nodes"": 3}",0.46082276699999236,0.46082276699999236,0.002674969970867103
regular,hgb,D_M_C_A,"{""learning_rate"": 0.05, ""max_leaf_nodes"": 7}",0.4543137857875341,0.454313785787534,0.005329482130178853
regular,hgb,B_M_C_A,"{""learning_rate"": 0.05, ""max_leaf_nodes"": 3}",0.4754128121008041,0.47541281210080416,0.004807329166065529
regular,hgb,B_M_C_A,"{""learning_rate"": 0.05, ""max_leaf_nodes"": 7}",0.47573711357720555,0.4757371135772056,0.005694360547527802
regular,hgb,D_B_M_C_A,"{""learning_rate"": 0.05, ""max_leaf_nodes"": 3}",0.45679382135528007,0.4567938213552801,0.0017543288688999562
regular,hgb,D_B_M_C_A,"{""learning_rate"": 0.05, ""max_leaf_nodes"": 7}",0.4530463530298232,0.4530463530298232,0.0032281771462665722
regular,hgb,P_C_A,"{""learning_rate"": 0.05, ""max_leaf_nodes"": 3}",0.47747350628902874,0.47747350628902874,0.002085159914884687
regular,hgb,P_C_A,"{""learning_rate"": 0.05, ""max_leaf_nodes"": 7}",0.483135303700358,0.48313530370035807,0.003467375065943839
regular,hgb,D_P_C_A,"{""learning_rate"": 0.05, ""max_leaf_nodes"": 3}",0.45693662541543173,0.4569366254154317,0.0024561176260547864
regular,hgb,D_P_C_A,"{""learning_rate"": 0.05, ""max_leaf_nodes"": 7}",0.44823563684338735,0.4482356368433873,0.005127281944792118
regular,hgb,B_P_C_A,"{""learning_rate"": 0.05, ""max_leaf_nodes"": 3}",0.4690693287319181,0.46906932873191803,0.004107294756985972
regular,hgb,B_P_C_A,"{""learning_rate"": 0.05, ""max_leaf_nodes"": 7}",0.4721824199849081,0.4721824199849081,0.0046084936361702085
regular,hgb,D_B_P_C_A,"{""learning_rate"": 0.05, ""max_leaf_nodes"": 3}",0.4527318859071996,0.4527318859071996,0.0015057785108010206
regular,hgb,D_B_P_C_A,"{""learning_rate"": 0.05, ""max_leaf_nodes"": 7}",0.446168167246669,0.4461681672466691,0.002975578039483571
regular,hgb,M_P_C_A,"{""learning_rate"": 0.05, ""max_leaf_nodes"": 3}",0.47634979559596435,0.4763497955959643,0.002347711714499619
regular,hgb,M_P_C_A,"{""learning_rate"": 0.05, ""max_leaf_nodes"": 7}",0.48380262684761993,0.48380262684762,0.004040458156869567
regular,hgb,D_M_P_C_A,"{""learning_rate"": 0.05, ""max_leaf_nodes"": 3}",0.45701240386217384,0.45701240386217384,0.002419885553606462
regular,hgb,D_M_P_C_A,"{""learning_rate"": 0.05, ""max_leaf_nodes"": 7}",0.45036562833675853,0.4503656283367586,0.006257193812174173
regular,hgb,B_M_P_C_A,"{""learning_rate"": 0.05, ""max_leaf_nodes"": 3}",0.469691000988871,0.46969100098887095,0.003128531547507028
regular,hgb,B_M_P_C_A,"{""learning_rate"": 0.05, ""max_leaf_nodes"": 7}",0.47490578253660487,0.47490578253660487,0.003431321522282233
regular,hgb,D_B_M_P_C_A,"{""learning_rate"": 0.05, ""max_leaf_nodes"": 3}",0.4533033874348716,0.45330338743487164,0.0012304777809816095
regular,hgb,D_B_M_P_C_A,"{""learning_rate"": 0.05, ""max_leaf_nodes"": 7}",0.4489075936848253,0.4489075936848253,0.0028802981272622935
regular,hgb,K,"{""learning_rate"": 0.05, ""max_leaf_nodes"": 3}",0.4684244467225133,0.46842444672251327,0.002779551648376713
regular,hgb,K,"{""learning_rate"": 0.05, ""max_leaf_nodes"": 7}",0.47093588189097846,0.47093588189097846,0.0035596742684410386
regular,hgb,D_K,"{""learning_rate"": 0.05, ""max_leaf_nodes"": 3}",0.4510212224275729,0.451021222427573,0.0015571742118345906
regular,hgb,D_K,"{""learning_rate"": 0.05, ""max_leaf_nodes"": 7}",0.44496841652517655,0.44496841652517666,0.004880612492387569
regular,hgb,B_K,"{""learning_rate"": 0.05, ""max_leaf_nodes"": 3}",0.4599620858999556,0.4599620858999557,0.0045966536129904735
regular,hgb,B_K,"{""learning_rate"": 0.05, ""max_leaf_nodes"": 7}",0.4620401310362639,0.46204013103626396,0.005326289671638608
regular,hgb,D_B_K,"{""learning_rate"": 0.05, ""max_leaf_nodes"": 3}",0.4465251505406636,0.44652515054066366,0.0021282946172496474
regular,hgb,D_B_K,"{""learning_rate"": 0.05, ""max_leaf_nodes"": 7}",0.4435471002753364,0.44354710027533645,0.003395614863404808
regular,hgb,M_K,"{""learning_rate"": 0.05, ""max_leaf_nodes"": 3}",0.4680790543650494,0.46807905436504943,0.0030828759409823546
regular,hgb,M_K,"{""learning_rate"": 0.05, ""max_leaf_nodes"": 7}",0.47116341617316787,0.47116341617316787,0.004616838986304554
regular,hgb,D_M_K,"{""learning_rate"": 0.05, ""max_leaf_nodes"": 3}",0.45161696127370565,0.4516169612737057,0.0017527340401983322
regular,hgb,D_M_K,"{""learning_rate"": 0.05, ""max_leaf_nodes"": 7}",0.4447322395404587,0.4447322395404587,0.004959218134134185
regular,hgb,B_M_K,"{""learning_rate"": 0.05, ""max_leaf_nodes"": 3}",0.460039175665642,0.460039175665642,0.004248035881084529
regular,hgb,B_M_K,"{""learning_rate"": 0.05, ""max_leaf_nodes"": 7}",0.4622772348908037,0.4622772348908037,0.0052261325732615395
regular,hgb,D_B_M_K,"{""learning_rate"": 0.05, ""max_leaf_nodes"": 3}",0.44732975765513583,0.44732975765513583,0.0018833423983475048
regular,hgb,D_B_M_K,"{""learning_rate"": 0.05, ""max_leaf_nodes"": 7}",0.44265563973052485,0.44265563973052496,0.0032377281305660394
regular,hgb,P_K,"{""learning_rate"": 0.05, ""max_leaf_nodes"": 3}",0.4669284751219582,0.4669284751219581,0.001504529380271622
regular,hgb,P_K,"{""learning_rate"": 0.05, ""max_leaf_nodes"": 7}",0.47115895118272766,0.47115895118272777,0.0026998602957760557
regular,hgb,D_P_K,"{""learning_rate"": 0.05, ""max_leaf_nodes"": 3}",0.4502893389424863,0.4502893389424864,0.0012273521064363748
regular,hgb,D_P_K,"{""learning_rate"": 0.05, ""max_leaf_nodes"": 7}",0.44389800899137666,0.4438980089913767,0.004985945228002675
regular,hgb,B_P_K,"{""learning_rate"": 0.05, ""max_leaf_nodes"": 3}",0.45778888184130323,0.45778888184130323,0.0036270245761982492
regular,hgb,B_P_K,"{""learning_rate"": 0.05, ""max_leaf_nodes"": 7}",0.4604702101700138,0.4604702101700139,0.004558445600867864
regular,hgb,D_B_P_K,"{""learning_rate"": 0.05, ""max_leaf_nodes"": 3}",0.4455779060132116,0.44557790601321157,0.0020654902151380377
regular,hgb,D_B_P_K,"{""learning_rate"": 0.05, ""max_leaf_nodes"": 7}",0.4399632335497686,0.43996323354976863,0.005729100060253861
regular,hgb,M_P_K,"{""learning_rate"": 0.05, ""max_leaf_nodes"": 3}",0.466231926243964,0.466231926243964,0.0022293154853990937
regular,hgb,M_P_K,"{""learning_rate"": 0.05, ""max_leaf_nodes"": 7}",0.4711435874491077,0.47114358744910767,0.003161573168078638
regular,hgb,D_M_P_K,"{""learning_rate"": 0.05, ""max_leaf_nodes"": 3}",0.45089124710198064,0.4508912471019807,0.001493425090711773
regular,hgb,D_M_P_K,"{""learning_rate"": 0.05, ""max_leaf_nodes"": 7}",0.44346928927491613,0.4434692892749161,0.00548206305145852
regular,hgb,B_M_P_K,"{""learning_rate"": 0.05, ""max_leaf_nodes"": 3}",0.4580575842534536,0.4580575842534536,0.0032448601856723902
regular,hgb,B_M_P_K,"{""learning_rate"": 0.05, ""max_leaf_nodes"": 7}",0.46177838410997507,0.461778384109975,0.0045028900384933325
regular,hgb,D_B_M_P_K,"{""learning_rate"": 0.05, ""max_leaf_nodes"": 3}",0.4463665575156554,0.4463665575156555,0.0017884193128505123
regular,hgb,D_B_M_P_K,"{""learning_rate"": 0.05, ""max_leaf_nodes"": 7}",0.44068946509639634,0.4406894650963964,0.0054597096760178356
regular,hgb,C_K,"{""learning_rate"": 0.05, ""max_leaf_nodes"": 3}",0.46997323485016596,0.46997323485016596,0.004204601352906877
regular,hgb,C_K,"{""learning_rate"": 0.05, ""max_leaf_nodes"": 7}",0.47468389274479444,0.47468389274479444,0.006051326544819237
regular,hgb,D_C_K,"{""learning_rate"": 0.05, ""max_leaf_nodes"": 3}",0.4522160714377102,0.4522160714377102,0.002598433185929157
regular,hgb,D_C_K,"{""learning_rate"": 0.05, ""max_leaf_nodes"": 7}",0.4458469738565652,0.44584697385656524,0.006338676144169704
regular,hgb,B_C_K,"{""learning_rate"": 0.05, ""max_leaf_nodes"": 3}",0.4609511180971508,0.46095111809715084,0.005620417363496729
regular,hgb,B_C_K,"{""learning_rate"": 0.05, ""max_leaf_nodes"": 7}",0.4648280559515763,0.4648280559515762,0.00676736831844933
regular,hgb,D_B_C_K,"{""learning_rate"": 0.05, ""max_leaf_nodes"": 3}",0.4472854301073493,0.44728543010734934,0.0029390053650461805
regular,hgb,D_B_C_K,"{""learning_rate"": 0.05, ""max_leaf_nodes"": 7}",0.4426518467692973,0.4426518467692973,0.00567932621422508
regular,hgb,M_C_K,"{""learning_rate"": 0.05, ""max_leaf_nodes"": 3}",0.4702799645158078,0.4702799645158079,0.003828794130791733
regular,hgb,M_C_K,"{""learning_rate"": 0.05, ""max_leaf_nodes"": 7}",0.4724513248812455,0.4724513248812455,0.005385022855680065
regular,hgb,D_M_C_K,"{""learning_rate"": 0.05, ""max_leaf_nodes"": 3}",0.4529088183860056,0.4529088183860056,0.0025590288130627036
regular,hgb,D_M_C_K,"{""learning_rate"": 0.05, ""max_leaf_nodes"": 7}",0.4473371898950718,0.4473371898950719,0.006550688455363281
regular,hgb,B_M_C_K,"{""learning_rate"": 0.05, ""max_leaf_nodes"": 3}",0.46204994721323905,0.46204994721323905,0.004914933011706875
regular,hgb,B_M_C_K,"{""learning_rate"": 0.05, ""max_leaf_nodes"": 7}",0.4653688901498664,0.4653688901498663,0.005553599397846754
regular,hgb,D_B_M_C_K,"{""learning_rate"": 0.05, ""max_leaf_nodes"": 3}",0.4482166377456063,0.4482166377456062,0.002491510256233138
regular,hgb,D_B_M_C_K,"{""learning_rate"": 0.05, ""max_leaf_nodes"": 7}",0.4435586156853745,0.44355861568537447,0.005483935589052207
regular,hgb,P_C_K,"{""learning_rate"": 0.05, ""max_leaf_nodes"": 3}",0.46786569552329554,0.4678656955232956,0.0021544641692287465
regular,hgb,P_C_K,"{""learning_rate"": 0.05, ""max_leaf_nodes"": 7}",0.4699330886436768,0.46993308864367683,0.003189077309335929
regular,hgb,D_P_C_K,"{""learning_rate"": 0.05, ""max_leaf_nodes"": 3}",0.4511644268703467,0.4511644268703467,0.0017579853462524426
regular,hgb,D_P_C_K,"{""learning_rate"": 0.05, ""max_leaf_nodes"": 7}",0.4450545654499682,0.44505456544996813,0.005762323296667072
regular,hgb,B_P_C_K,"{""learning_rate"": 0.05, ""max_leaf_nodes"": 3}",0.4593374328380713,0.4593374328380714,0.004028541545296796
regular,hgb,B_P_C_K,"{""learning_rate"": 0.05, ""max_leaf_nodes"": 7}",0.4610051861819133,0.4610051861819133,0.005220952036502551
regular,hgb,D_B_P_C_K,"{""learning_rate"": 0.05, ""max_leaf_nodes"": 3}",0.44638429605167573,0.44638429605167584,0.0024217778601370145
regular,hgb,D_B_P_C_K,"{""learning_rate"": 0.05, ""max_leaf_nodes"": 7}",0.44159389868025223,0.4415938986802523,0.005660133058915733
regular,hgb,M_P_C_K,"{""learning_rate"": 0.05, ""max_leaf_nodes"": 3}",0.46795692475318773,0.4679569247531877,0.0026253676663937553
regular,hgb,M_P_C_K,"{""learning_rate"": 0.05, ""max_leaf_nodes"": 7}",0.47051636078374304,0.4705163607837431,0.0027175963135476103
regular,hgb,D_M_P_C_K,"{""learning_rate"": 0.05, ""max_leaf_nodes"": 3}",0.45205172367920987,0.45205172367920987,0.0020512848081475884
regular,hgb,D_M_P_C_K,"{""learning_rate"": 0.05, ""max_leaf_nodes"": 7}",0.445026560470262,0.445026560470262,0.006133482744960101
regular,hgb,B_M_P_C_K,"{""learning_rate"": 0.05, ""max_leaf_nodes"": 3}",0.4596750230714811,0.45967502307148117,0.0036940120104152073
regular,hgb,B_M_P_C_K,"{""learning_rate"": 0.05, ""max_leaf_nodes"": 7}",0.46309129675101945,0.4630912967510194,0.0033818084296255825
regular,hgb,D_B_M_P_C_K,"{""learning_rate"": 0.05, ""max_leaf_nodes"": 3}",0.44718853213025006,0.44718853213025006,0.0020829795537371733
regular,hgb,D_B_M_P_C_K,"{""learning_rate"": 0.05, ""max_leaf_nodes"": 7}",0.44219108370911925,0.44219108370911925,0.005548173244843096
regular,hgb,A_K,"{""learning_rate"": 0.05, ""max_leaf_nodes"": 3}",0.4652639044475323,0.46526390444753235,0.003830780548490901
regular,hgb,A_K,"{""learning_rate"": 0.05, ""max_leaf_nodes"": 7}",0.4682187262307116,0.46821872623071153,0.0067418871685672845
regular,hgb,D_A_K,"{""learning_rate"": 0.05, ""max_leaf_nodes"": 3}",0.44923740991957894,0.44923740991957894,0.0018512440908583902
regular,hgb,D_A_K,"{""learning_rate"": 0.05, ""max_leaf_nodes"": 7}",0.44557773676161583,0.44557773676161583,0.0049221242873628964
regular,hgb,B_A_K,"{""learning_rate"": 0.05, ""max_leaf_nodes"": 3}",0.4576632913545824,0.4576632913545825,0.0057617720828123786
regular,hgb,B_A_K,"{""learning_rate"": 0.05, ""max_leaf_nodes"": 7}",0.4596116268562039,0.4596116268562039,0.008159004984900426
regular,hgb,D_B_A_K,"{""learning_rate"": 0.05, ""max_leaf_nodes"": 3}",0.4457258040738253,0.44572580407382534,0.002587868240643873
regular,hgb,D_B_A_K,"{""learning_rate"": 0.05, ""max_leaf_nodes"": 7}",0.4434035625261961,0.443403562526196,0.004446425714033724
regular,hgb,M_A_K,"{""learning_rate"": 0.05, ""max_leaf_nodes"": 3}",0.4652759405153485,0.46527594051534854,0.0038547572556547824
regular,hgb,M_A_K,"{""learning_rate"": 0.05, ""max_leaf_nodes"": 7}",0.46900453397974695,0.46900453397974695,0.006041193854323953
regular,hgb,D_M_A_K,"{""learning_rate"": 0.05, ""max_leaf_nodes"": 3}",0.44983057376570396,0.44983057376570396,0.0017479907984176732
regular,hgb,D_M_A_K,"{""learning_rate"": 0.05, ""max_leaf_nodes"": 7}",0.44551071361400946,0.44551071361400946,0.005141124220728532
regular,hgb,B_M_A_K,"{""learning_rate"": 0.05, ""max_leaf_nodes"": 3}",0.4589443405072208,0.45894434050722077,0.0054527754612272656
regular,hgb,B_M_A_K,"{""learning_rate"": 0.05, ""max_leaf_nodes"": 7}",0.4603683570771075,0.4603683570771075,0.007105721747972564
regular,hgb,D_B_M_A_K,"{""learning_rate"": 0.05, ""max_leaf_nodes"": 3}",0.4462805052577665,0.44628050525776664,0.00213143763764642
regular,hgb,D_B_M_A_K,"{""learning_rate"": 0.05, ""max_leaf_nodes"": 7}",0.44339692046577606,0.44339692046577606,0.00404854140058258
regular,hgb,P_A_K,"{""learning_rate"": 0.05, ""max_leaf_nodes"": 3}",0.4639319749401196,0.4639319749401197,0.0026294234242380133
regular,hgb,P_A_K,"{""learning_rate"": 0.05, ""max_leaf_nodes"": 7}",0.46828806498582454,0.46828806498582454,0.0038053067861423422
regular,hgb,D_P_A_K,"{""learning_rate"": 0.05, ""max_leaf_nodes"": 3}",0.44941058169407744,0.4494105816940775,0.0012497774398801214
regular,hgb,D_P_A_K,"{""learning_rate"": 0.05, ""max_leaf_nodes"": 7}",0.4451385487755304,0.4451385487755304,0.005209271650762419
regular,hgb,B_P_A_K,"{""learning_rate"": 0.05, ""max_leaf_nodes"": 3}",0.4562091056049408,0.4562091056049408,0.004778493618724804
regular,hgb,B_P_A_K,"{""learning_rate"": 0.05, ""max_leaf_nodes"": 7}",0.4600176853087539,0.460017685308754,0.006916172245567548
regular,hgb,D_B_P_A_K,"{""learning_rate"": 0.05, ""max_leaf_nodes"": 3}",0.4450945648078897,0.4450945648078897,0.0023939083033302474
regular,hgb,D_B_P_A_K,"{""learning_rate"": 0.05, ""max_leaf_nodes"": 7}",0.4415067956312021,0.44150679563120204,0.006026679417154024
regular,hgb,M_P_A_K,"{""learning_rate"": 0.05, ""max_leaf_nodes"": 3}",0.46374419444738985,0.4637441944473898,0.0025422334656888565
regular,hgb,M_P_A_K,"{""learning_rate"": 0.05, ""max_leaf_nodes"": 7}",0.4701296270800142,0.47012962708001416,0.0041710758623942695
regular,hgb,D_M_P_A_K,"{""learning_rate"": 0.05, ""max_leaf_nodes"": 3}",0.45035943829261615,0.45035943829261615,0.001515240464847345
regular,hgb,D_M_P_A_K,"{""learning_rate"": 0.05, ""max_leaf_nodes"": 7}",0.444646067882315,0.4446460678823151,0.005543763125354227
regular,hgb,B_M_P_A_K,"{""learning_rate"": 0.05, ""max_leaf_nodes"": 3}",0.4570290602455786,0.45702906024557854,0.004236930767789018
regular,hgb,B_M_P_A_K,"{""learning_rate"": 0.05, ""max_leaf_nodes"": 7}",0.46148736006999436,0.46148736006999436,0.0059474743013714975
regular,hgb,D_B_M_P_A_K,"{""learning_rate"": 0.05, ""max_leaf_nodes"": 3}",0.44561054231597796,0.445610542315978,0.0022013059481457357
regular,hgb,D_B_M_P_A_K,"{""learning_rate"": 0.05, ""max_leaf_nodes"": 7}",0.4430378233489916,0.44303782334899156,0.005550577367458264
regular,hgb,C_A_K,"{""learning_rate"": 0.05, ""max_leaf_nodes"": 3}",0.46645184717935106,0.4664518471793511,0.005334099882481692
regular,hgb,C_A_K,"{""learning_rate"": 0.05, ""max_leaf_nodes"": 7}",0.47183454589904866,0.47183454589904866,0.0089671052732593
regular,hgb,D_C_A_K,"{""learning_rate"": 0.05, ""max_leaf_nodes"": 3}",0.45080934205002726,0.45080934205002726,0.0026985589810831303
regular,hgb,D_C_A_K,"{""learning_rate"": 0.05, ""max_leaf_nodes"": 7}",0.44766200291418,0.44766200291417996,0.0078006258723177365
regular,hgb,B_C_A_K,"{""learning_rate"": 0.05, ""max_leaf_nodes"": 3}",0.4587390063407209,0.45873900634072096,0.006428660768178073
regular,hgb,B_C_A_K,"{""learning_rate"": 0.05, ""max_leaf_nodes"": 7}",0.4628060817550949,0.46280608175509486,0.009807123210291403
regular,hgb,D_B_C_A_K,"{""learning_rate"": 0.05, ""max_leaf_nodes"": 3}",0.44607376749018274,0.4460737674901827,0.0034116614311425052
regular,hgb,D_B_C_A_K,"{""learning_rate"": 0.05, ""max_leaf_nodes"": 7}",0.4441175210844952,0.44411752108449526,0.006598607498921808
regular,hgb,M_C_A_K,"{""learning_rate"": 0.05, ""max_leaf_nodes"": 3}",0.46808340525683956,0.46808340525683956,0.004863050850194154
regular,hgb,M_C_A_K,"{""learning_rate"": 0.05, ""max_leaf_nodes"": 7}",0.4715883134917485,0.4715883134917485,0.007666997296148261
regular,hgb,D_M_C_A_K,"{""learning_rate"": 0.05, ""max_leaf_nodes"": 3}",0.4516614462006412,0.45166144620064125,0.0026091927812022615
regular,hgb,D_M_C_A_K,"{""learning_rate"": 0.05, ""max_leaf_nodes"": 7}",0.4472420680529384,0.4472420680529384,0.007475233280596208
regular,hgb,B_M_C_A_K,"{""learning_rate"": 0.05, ""max_leaf_nodes"": 3}",0.4601885381593586,0.4601885381593586,0.005589638769708344
regular,hgb,B_M_C_A_K,"{""learning_rate"": 0.05, ""max_leaf_nodes"": 7}",0.46384733249868976,0.4638473324986897,0.00836190348049591
regular,hgb,D_B_M_C_A_K,"{""learning_rate"": 0.05, ""max_leaf_nodes"": 3}",0.4470990161918631,0.4470990161918631,0.002942804132797926
regular,hgb,D_B_M_C_A_K,"{""learning_rate"": 0.05, ""max_leaf_nodes"": 7}",0.44512194647072983,0.4451219464707298,0.006135801232474513
regular,hgb,P_C_A_K,"{""learning_rate"": 0.05, ""max_leaf_nodes"": 3}",0.4650851761327226,0.46508517613272266,0.0030718999926236615
regular,hgb,P_C_A_K,"{""learning_rate"": 0.05, ""max_leaf_nodes"": 7}",0.46814252109557464,0.4681425210955745,0.005966003817516453
regular,hgb,D_P_C_A_K,"{""learning_rate"": 0.05, ""max_leaf_nodes"": 3}",0.45060514371131855,0.4506051437113186,0.001949934446942824
regular,hgb,D_P_C_A_K,"{""learning_rate"": 0.05, ""max_leaf_nodes"": 7}",0.44649720004796195,0.44649720004796195,0.006037982387557946
regular,hgb,B_P_C_A_K,"{""learning_rate"": 0.05, ""max_leaf_nodes"": 3}",0.4577690913056215,0.4577690913056215,0.004773889615268825
regular,hgb,B_P_C_A_K,"{""learning_rate"": 0.05, ""max_leaf_nodes"": 7}",0.46124748536216587,0.4612474853621659,0.007456002664159944
regular,hgb,D_B_P_C_A_K,"{""learning_rate"": 0.05, ""max_leaf_nodes"": 3}",0.44612820580652796,0.446128205806528,0.002512884428630398
regular,hgb,D_B_P_C_A_K,"{""learning_rate"": 0.05, ""max_leaf_nodes"": 7}",0.4425908071541167,0.44259080715411675,0.006527833670625091
regular,hgb,M_P_C_A_K,"{""learning_rate"": 0.05, ""max_leaf_nodes"": 3}",0.4653530656623333,0.46535306566233325,0.0029116766627809007
regular,hgb,M_P_C_A_K,"{""learning_rate"": 0.05, ""max_leaf_nodes"": 7}",0.4688801475570572,0.4688801475570571,0.0050235584849231225
regular,hgb,D_M_P_C_A_K,"{""learning_rate"": 0.05, ""max_leaf_nodes"": 3}",0.45095100830706697,0.450951008307067,0.0017630470863900787
regular,hgb,D_M_P_C_A_K,"{""learning_rate"": 0.05, ""max_leaf_nodes"": 7}",0.4462880068084045,0.4462880068084045,0.006425249515661571
regular,hgb,B_M_P_C_A_K,"{""learning_rate"": 0.05, ""max_leaf_nodes"": 3}",0.45865296160501123,0.4586529616050111,0.004238527770036991
regular,hgb,B_M_P_C_A_K,"{""learning_rate"": 0.05, ""max_leaf_nodes"": 7}",0.46250405208143514,0.4625040520814352,0.006112417807212064
regular,hgb,D_B_M_P_C_A_K,"{""learning_rate"": 0.05, ""max_leaf_nodes"": 3}",0.4466495064167959,0.4466495064167959,0.0024540837110210412
regular,hgb,D_B_M_P_C_A_K,"{""learning_rate"": 0.05, ""max_leaf_nodes"": 7}",0.4435509632569827,0.4435509632569826,0.005894543976169993
