model,reference,delta_log_loss,paired_percentile_95_low,paired_percentile_95_high,pointwise_upper95_basic,simultaneous_upper95_basic,bootstrap_se,approx_mde_one_sided80,family_contrasts,bootstrap_reps,noninferior_margin_0.0025,noninferior_margin_0.005,noninferior_margin_0.01,noninferior_margin_0.02,algorithm,has_history,domain,family
ridge::H,ridge::H_D_B_M_P_C_A_K,-0.038980608053649085,-0.06038067749875326,-0.01959237967123523,-0.02046111103842944,-0.018991780858595347,0.010494201005147348,0.026093566980588626,127,2000,True,True,True,True,ridge,True,extended_K,ridge|history=True|extended_K
ridge::H_D,ridge::H_D_B_M_P_C_A_K,-0.0032762751193698655,-0.012528858342419067,0.006040654660958657,0.00446838701833532,0.01671255207568387,0.004740112711147496,0.01178617109232034,127,2000,False,False,False,True,ridge,True,extended_K,ridge|history=True|extended_K
ridge::H_B,ridge::H_D_B_M_P_C_A_K,-0.04236810420888707,-0.06289751009138012,-0.024335636441697964,-0.025215126028326512,-0.022379277013833333,0.010016557745153,0.024905919022313767,127,2000,True,True,True,True,ridge,True,extended_K,ridge|history=True|extended_K
ridge::H_D_B,ridge::H_D_B_M_P_C_A_K,-0.008977919000091004,-0.017253841008861653,-0.0007197812634572451,-0.0018834054510996172,0.011010908194962733,0.004272558040642596,0.010623608158189144,127,2000,False,False,False,True,ridge,True,extended_K,ridge|history=True|extended_K
ridge::H_M,ridge::H_D_B_M_P_C_A_K,-0.04093496072727519,-0.06247215424841281,-0.021383366805704813,-0.022738306739804925,-0.020946133532221453,0.010475507522345474,0.02604708610554612,127,2000,True,True,True,True,ridge,True,extended_K,ridge|history=True|extended_K
ridge::H_D_M,ridge::H_D_B_M_P_C_A_K,0.00012659667780910575,-0.009222835673023367,0.009266168695083827,0.007979846759666323,0.020115423872862845,0.004752774529578775,0.01181765438553824,127,2000,False,False,False,False,ridge,True,extended_K,ridge|history=True|extended_K
ridge::H_B_M,ridge::H_D_B_M_P_C_A_K,-0.04275081397436398,-0.06329192835727167,-0.02461818766417094,-0.02553258402266504,-0.02276198677931024,0.010013388508392526,0.024898038794781797,127,2000,True,True,True,True,ridge,True,extended_K,ridge|history=True|extended_K
ridge::H_D_B_M,ridge::H_D_B_M_P_C_A_K,-0.004140323641746396,-0.012500772750500754,0.004220790673098732,0.0029955739126073487,0.01584850355330734,0.004258280985898024,0.010588108620484437,127,2000,False,False,False,True,ridge,True,extended_K,ridge|history=True|extended_K
ridge::H_P,ridge::H_D_B_M_P_C_A_K,-0.037483182647923455,-0.058749343825943316,-0.018142641120053125,-0.018785050444284437,-0.017494355452869717,0.010498561985673756,0.026104410449034776,127,2000,True,True,True,True,ridge,True,extended_K,ridge|history=True|extended_K
ridge::H_D_P,ridge::H_D_B_M_P_C_A_K,-0.0009219289930623473,-0.010198614575235299,0.00835179234828422,0.006774013070531581,0.01906689820199139,0.0047449100288499794,0.011798099502185515,127,2000,False,False,False,True,ridge,True,extended_K,ridge|history=True|extended_K
ridge::H_B_P,ridge::H_D_B_M_P_C_A_K,-0.039783859921907055,-0.060698370593869164,-0.021393775733216328,-0.022471386263444998,-0.019795032726853318,0.010041894660709845,0.02496891862588909,127,2000,True,True,True,True,ridge,True,extended_K,ridge|history=True|extended_K
ridge::H_D_B_P,ridge::H_D_B_M_P_C_A_K,-0.005199035494171218,-0.013437338676216435,0.002881129043628665,0.0018002994019513142,0.014789791700882519,0.004223743517698522,0.010502232074060215,127,2000,False,False,False,True,ridge,True,extended_K,ridge|history=True|extended_K
ridge::H_M_P,ridge::H_D_B_M_P_C_A_K,-0.03957816838741937,-0.061092886096433374,-0.020186936915757698,-0.02132352947482189,-0.019589341192365634,0.010503537571068857,0.026116782117036087,127,2000,True,True,True,True,ridge,True,extended_K,ridge|history=True|extended_K
ridge::H_D_M_P,ridge::H_D_B_M_P_C_A_K,0.0012580080169403353,-0.00804854402136127,0.01052157807188819,0.009029989163108994,0.021246835211994074,0.004734308933979536,0.011771740146296122,127,2000,False,False,False,False,ridge,True,extended_K,ridge|history=True|extended_K
ridge::H_B_M_P,ridge::H_D_B_M_P_C_A_K,-0.040590665018932034,-0.06144582687700962,-0.02207989706045243,-0.023204754156949222,-0.020601837823878297,0.010037624796920842,0.024958301716919873,127,2000,True,True,True,True,ridge,True,extended_K,ridge|history=True|extended_K
ridge::H_D_B_M_P,ridge::H_D_B_M_P_C_A_K,-0.0025058661138926664,-0.010915512998519603,0.005350498695502897,0.004494156811427145,0.017482961081161073,0.004194560363039139,0.010429668893648861,127,2000,False,False,False,True,ridge,True,extended_K,ridge|history=True|extended_K
ridge::H_C,ridge::H_D_B_M_P_C_A_K,-0.03932552965674348,-0.06033797665986035,-0.02022798397879443,-0.021023369170174708,-0.01933670246168974,0.010418261407861817,0.02590474508101981,127,2000,True,True,True,True,ridge,True,extended_K,ridge|history=True|extended_K
ridge::H_D_C,ridge::H_D_B_M_P_C_A_K,-0.0036279441112117734,-0.01270165776900033,0.005599188004843805,0.004105445331392723,0.016360883083841964,0.00468381538831861,0.01164618921439149,127,2000,False,False,False,True,ridge,True,extended_K,ridge|history=True|extended_K
ridge::H_B_C,ridge::H_D_B_M_P_C_A_K,-0.04283332405902411,-0.06344056343523992,-0.02475670418983265,-0.025824301573070165,-0.022844496863970373,0.009940575856451353,0.02471699196620196,127,2000,True,True,True,True,ridge,True,extended_K,ridge|history=True|extended_K
ridge::H_D_B_C,ridge::H_D_B_M_P_C_A_K,-0.008790992704904162,-0.016970773498464417,-0.0007397672092933537,-0.0017874237535193153,0.011197834490149576,0.00419921494796837,0.010441242402061571,127,2000,False,False,False,True,ridge,True,extended_K,ridge|history=True|extended_K
ridge::H_M_C,ridge::H_D_B_M_P_C_A_K,-0.04144395199498089,-0.06254765496235382,-0.02210365921412927,-0.02336879146746696,-0.02145512479992715,0.010397397379228141,0.02585286719833291,127,2000,True,True,True,True,ridge,True,extended_K,ridge|history=True|extended_K
ridge::H_D_M_C,ridge::H_D_B_M_P_C_A_K,-0.0001773856047768547,-0.009501782017484044,0.008924954723941378,0.0075729454469664476,0.019811441590276882,0.00469713879889301,0.01167931753984118,127,2000,False,False,False,True,ridge,True,extended_K,ridge|history=True|extended_K
ridge::H_B_M_C,ridge::H_D_B_M_P_C_A_K,-0.04338143682461676,-0.06395974589555185,-0.025305963563755807,-0.02626725473979579,-0.02339260962956302,0.009936385633517819,0.024706573082217735,127,2000,True,True,True,True,ridge,True,extended_K,ridge|history=True|extended_K
ridge::H_D_B_M_C,ridge::H_D_B_M_P_C_A_K,-0.004400899859220734,-0.01263106410136729,0.003806449037986163,0.0027478891158720167,0.015587927335833003,0.004204905095302613,0.010455390810360846,127,2000,False,False,False,True,ridge,True,extended_K,ridge|history=True|extended_K
ridge::H_P_C,ridge::H_D_B_M_P_C_A_K,-0.037933690623610454,-0.058863518287105385,-0.01872041525747972,-0.019445068314904,-0.017944863428556716,0.01042228116749711,0.025914740112298315,127,2000,True,True,True,True,ridge,True,extended_K,ridge|history=True|extended_K
ridge::H_D_P_C,ridge::H_D_B_M_P_C_A_K,-0.0009410338465882874,-0.01015967043368471,0.00830316443924824,0.006698216521066115,0.01904779334846545,0.004683269583782682,0.011644832085134145,127,2000,False,False,False,True,ridge,True,extended_K,ridge|history=True|extended_K
ridge::H_B_P_C,ridge::H_D_B_M_P_C_A_K,-0.0403529587686022,-0.06126721281640411,-0.021988234409911316,-0.023260147831907347,-0.02036413157354846,0.00994062351809607,0.02471711047568336,127,2000,True,True,True,True,ridge,True,extended_K,ridge|history=True|extended_K
ridge::H_D_B_P_C,ridge::H_D_B_M_P_C_A_K,-0.005500227002293808,-0.013594565824743122,0.0025041196736442363,0.0014957214819599158,0.01448860019275993,0.004181345933276697,0.010396811546248384,127,2000,False,False,False,True,ridge,True,extended_K,ridge|history=True|extended_K
ridge::H_M_P_C,ridge::H_D_B_M_P_C_A_K,-0.040207912147545335,-0.0612690157306153,-0.02088230180877024,-0.02195171983415033,-0.020219084952491598,0.010403612990442916,0.025868322159361246,127,2000,True,True,True,True,ridge,True,extended_K,ridge|history=True|extended_K
ridge::H_D_M_P_C,ridge::H_D_B_M_P_C_A_K,0.0010905142000733994,-0.007943861158951722,0.01024512293432736,0.00879556277932147,0.021079341395127137,0.004675676023048264,0.011625950887266149,127,2000,False,False,False,False,ridge,True,extended_K,ridge|history=True|extended_K
ridge::H_B_M_P_C,ridge::H_D_B_M_P_C_A_K,-0.0412174045595102,-0.062163736464835875,-0.022733172509846487,-0.024044864550459594,-0.021228577364456463,0.009935591864994103,0.024704599396738438,127,2000,True,True,True,True,ridge,True,extended_K,ridge|history=True|extended_K
ridge::H_D_B_M_P_C,ridge::H_D_B_M_P_C_A_K,-0.002713746637509402,-0.010948824022604043,0.005154920092992791,0.004052473104794877,0.017275080557544335,0.004140798706030782,0.010295991885037447,127,2000,False,False,False,True,ridge,True,extended_K,ridge|history=True|extended_K
ridge::H_A,ridge::H_D_B_M_P_C_A_K,-0.02532310401898501,-0.044476939864364386,-0.007882682493513924,-0.009277815674487155,-0.005334276823931273,0.009321225270215219,0.02317699230367477,127,2000,True,True,True,True,ridge,True,extended_K,ridge|history=True|extended_K
ridge::H_D_A,ridge::H_D_B_M_P_C_A_K,0.01579009141636509,0.007795993037202273,0.02392296808153387,0.022564362370868604,0.035778918611418825,0.004114914497311182,0.010231631450771595,127,2000,False,False,False,False,ridge,True,extended_K,ridge|history=True|extended_K
ridge::H_B_A,ridge::H_D_B_M_P_C_A_K,-0.02870995657472096,-0.04660533756854215,-0.012204241952781626,-0.013323097450497732,-0.008721129379667222,0.008900721488016423,0.02213142022048204,127,2000,True,True,True,True,ridge,True,extended_K,ridge|history=True|extended_K
ridge::H_D_B_A,ridge::H_D_B_M_P_C_A_K,0.010247036400673606,0.002729836306256257,0.017444428041635224,0.01648085286011693,0.030235863595727344,0.0036353190994656646,0.009039129550805526,127,2000,False,False,False,False,ridge,True,extended_K,ridge|history=True|extended_K
ridge::H_M_A,ridge::H_D_B_M_P_C_A_K,-0.02757612124110746,-0.046705919677740425,-0.010195461570047705,-0.011615715231945854,-0.007587294046053721,0.00930086921887911,0.023126377493767995,127,2000,True,True,True,True,ridge,True,extended_K,ridge|history=True|extended_K
ridge::H_D_M_A,ridge::H_D_B_M_P_C_A_K,0.01882178428998749,0.010812643544745707,0.026795882676104242,0.02560139075538955,0.038810611485041224,0.004121899356260009,0.010248999126952164,127,2000,False,False,False,False,ridge,True,extended_K,ridge|history=True|extended_K
ridge::H_B_M_A,ridge::H_D_B_M_P_C_A_K,-0.029431067662606256,-0.04743322081724493,-0.012891478261662594,-0.0140868578014501,-0.009442240467552519,0.0088943197938984,0.02211550256899281,127,2000,True,True,True,True,ridge,True,extended_K,ridge|history=True|extended_K
ridge::H_D_B_M_A,ridge::H_D_B_M_P_C_A_K,0.014281677147522919,0.007101158602087542,0.021546216839478625,0.02053313402173251,0.034270504342576655,0.003644049781960025,0.009060838173342974,127,2000,False,False,False,False,ridge,True,extended_K,ridge|history=True|extended_K
ridge::H_P_A,ridge::H_D_B_M_P_C_A_K,-0.024540850685608476,-0.04368142514223765,-0.007219576229493113,-0.008375458339755702,-0.004552023490554738,0.009311772031081723,0.02315348706221881,127,2000,True,True,True,True,ridge,True,extended_K,ridge|history=True|extended_K
ridge::H_D_P_A,ridge::H_D_B_M_P_C_A_K,0.017550084181079013,0.009914264917679435,0.025197921072536336,0.023981639152218813,0.03753891137613275,0.003910114383119553,0.009722401115401586,127,2000,False,False,False,False,ridge,True,extended_K,ridge|history=True|extended_K
ridge::H_B_P_A,ridge::H_D_B_M_P_C_A_K,-0.02712887369903131,-0.04510705244227133,-0.010774388410980629,-0.011662796179398329,-0.007140046503977572,0.008871151802767093,0.022057895941475964,127,2000,True,True,True,True,ridge,True,extended_K,ridge|history=True|extended_K
ridge::H_D_B_P_A,ridge::H_D_B_M_P_C_A_K,0.012246756973983811,0.005689386636307556,0.018862218181128453,0.01781905245756596,0.032235584169037546,0.0032973596422011756,0.008198801856440908,127,2000,False,False,False,False,ridge,True,extended_K,ridge|history=True|extended_K
ridge::H_M_P_A,ridge::H_D_B_M_P_C_A_K,-0.026850836547260983,-0.04584529761693665,-0.009697482945261229,-0.010891354134914336,-0.006862009352207245,0.009290792418542968,0.023101321783057654,127,2000,True,True,True,True,ridge,True,extended_K,ridge|history=True|extended_K
ridge::H_D_M_P_A,ridge::H_D_B_M_P_C_A_K,0.01922206823724464,0.01170052638392144,0.026846548977031013,0.0256579666269176,0.03921089543229837,0.003913508705904404,0.009730841013674624,127,2000,False,False,False,False,ridge,True,extended_K,ridge|history=True|extended_K
ridge::H_B_M_P_A,ridge::H_D_B_M_P_C_A_K,-0.028115451535707575,-0.04602292814725886,-0.011677038730241717,-0.012903733520743775,-0.008126624340653837,0.008865288231016137,0.022043316317724333,127,2000,True,True,True,True,ridge,True,extended_K,ridge|history=True|extended_K
ridge::H_D_B_M_P_A,ridge::H_D_B_M_P_C_A_K,0.014824339886555517,0.008333390791111756,0.021340574754019133,0.02030927863913951,0.03481316708160925,0.003267707044416252,0.008125071417499454,127,2000,False,False,False,False,ridge,True,extended_K,ridge|history=True|extended_K
ridge::H_C_A,ridge::H_D_B_M_P_C_A_K,-0.02572554173258891,-0.0449830062980949,-0.00831176712441771,-0.009938263265568886,-0.005736714537535173,0.00921926170670326,0.022923462466312803,127,2000,True,True,True,True,ridge,True,extended_K,ridge|history=True|extended_K
ridge::H_D_C_A,ridge::H_D_B_M_P_C_A_K,0.01580783611747026,0.007879755400148115,0.023880628123479363,0.02245130784250063,0.035796663312524,0.004061521901138628,0.01009887210265041,127,2000,False,False,False,False,ridge,True,extended_K,ridge|history=True|extended_K
ridge::H_B_C_A,ridge::H_D_B_M_P_C_A_K,-0.029096778403638366,-0.04685874191903592,-0.012839587983393881,-0.01416522416537235,-0.009107951208584628,0.008794195459502623,0.021866545928590976,127,2000,True,True,True,True,ridge,True,extended_K,ridge|history=True|extended_K
ridge::H_D_B_C_A,ridge::H_D_B_M_P_C_A_K,0.010239958812226009,0.0030394564732217416,0.017406150684213292,0.016165708910728833,0.030228786007279747,0.003592474685282636,0.008932597992025532,127,2000,False,False,False,False,ridge,True,extended_K,ridge|history=True|extended_K
ridge::H_M_C_A,ridge::H_D_B_M_P_C_A_K,-0.028038783770731216,-0.04703798719045393,-0.010904506655065873,-0.012363548783242036,-0.008049956575677478,0.009194796752085056,0.022862630971690768,127,2000,True,True,True,True,ridge,True,extended_K,ridge|history=True|extended_K
ridge::H_D_M_C_A,ridge::H_D_B_M_P_C_A_K,0.01882752417651899,0.01084812523886627,0.026819695858683882,0.02544984534678098,0.03881635137157273,0.004087095704434543,0.010162460721633697,127,2000,False,False,False,False,ridge,True,extended_K,ridge|history=True|extended_K
ridge::H_B_M_C_A,ridge::H_D_B_M_P_C_A_K,-0.029854184737752306,-0.04770604928941241,-0.01358505240450532,-0.014868640742851885,-0.009865357542698568,0.008785464504658601,0.02184483662886294,127,2000,True,True,True,True,ridge,True,extended_K,ridge|history=True|extended_K
ridge::H_D_B_M_C_A,ridge::H_D_B_M_P_C_A_K,0.014305336081622589,0.007121207169392143,0.021506097366895734,0.02050597888443737,0.03429416327667632,0.00361104604346307,0.008978775207266974,127,2000,False,False,False,False,ridge,True,extended_K,ridge|history=True|extended_K
ridge::H_P_C_A,ridge::H_D_B_M_P_C_A_K,-0.0249179989242164,-0.04393239919672541,-0.00749729499864143,-0.009136008148873973,-0.004929171729162664,0.00920681210578504,0.02289250684660609,127,2000,True,True,True,True,ridge,True,extended_K,ridge|history=True|extended_K
ridge::H_D_P_C_A,ridge::H_D_B_M_P_C_A_K,0.017419734457014478,0.009925613941029377,0.02501458023874772,0.023695366522570083,0.03740856165206821,0.003866288806518746,0.009613429920935695,127,2000,False,False,False,False,ridge,True,extended_K,ridge|history=True|extended_K
ridge::H_B_P_C_A,ridge::H_D_B_M_P_C_A_K,-0.027567952863167322,-0.045472652867808556,-0.01141277270222312,-0.012538904809382545,-0.007579125668113584,0.008764481989911792,0.02179266413343442,127,2000,True,True,True,True,ridge,True,extended_K,ridge|history=True|extended_K
ridge::H_D_B_P_C_A,ridge::H_D_B_M_P_C_A_K,0.012163366572153774,0.0054721833954022,0.01862928277405559,0.017707762722608558,0.032152193767207515,0.003261863334027751,0.008110541178526262,127,2000,False,False,False,False,ridge,True,extended_K,ridge|history=True|extended_K
ridge::H_M_P_C_A,ridge::H_D_B_M_P_C_A_K,-0.027326160054610523,-0.04632793071664005,-0.009998124681929848,-0.011682868049560181,-0.007337332859556785,0.009183714328121165,0.02283507480311088,127,2000,True,True,True,True,ridge,True,extended_K,ridge|history=True|extended_K
ridge::H_D_M_P_C_A,ridge::H_D_B_M_P_C_A_K,0.019166793170180954,0.0117454370693641,0.026752545764886906,0.025446119407415167,0.03915562036523469,0.0038715676722804976,0.009626555687944374,127,2000,False,False,False,False,ridge,True,extended_K,ridge|history=True|extended_K
ridge::H_B_M_P_C_A,ridge::H_D_B_M_P_C_A_K,-0.02861966727029442,-0.04652597686954766,-0.012524398827537626,-0.013645419784504011,-0.008630840075240682,0.008756757779168983,0.021773458077605033,127,2000,True,True,True,True,ridge,True,extended_K,ridge|history=True|extended_K
ridge::H_D_B_M_P_C_A,ridge::H_D_B_M_P_C_A_K,0.014901662869344141,0.008399623632342606,0.021314738168142885,0.020311000403815116,0.03489049006439788,0.0032403068087898993,0.008056941420442084,127,2000,False,False,False,False,ridge,True,extended_K,ridge|history=True|extended_K
ridge::H_K,ridge::H_D_B_M_P_C_A_K,-0.06444418853651908,-0.08377753979657776,-0.047066945868239056,-0.04798328030222103,-0.04445536134146534,0.009554210177568238,0.02375630341868966,127,2000,True,True,True,True,ridge,True,extended_K,ridge|history=True|extended_K
ridge::H_D_K,ridge::H_D_B_M_P_C_A_K,-0.023422576056717274,-0.030882053894497358,-0.015691812195422657,-0.016734886171061853,-0.003433748861663536,0.003907074932209661,0.009714843597124342,127,2000,True,True,True,True,ridge,True,extended_K,ridge|history=True|extended_K
ridge::H_B_K,ridge::H_D_B_M_P_C_A_K,-0.06579875223614012,-0.08406936583232998,-0.04902011017886657,-0.05023513186155782,-0.045809925041086386,0.00916091529845834,0.02277838558900992,127,2000,True,True,True,True,ridge,True,extended_K,ridge|history=True|extended_K
ridge::H_D_B_K,ridge::H_D_B_M_P_C_A_K,-0.027460234705280202,-0.03419727791551401,-0.020829169318803548,-0.021877152460480477,-0.007471407510226465,0.003395756543417419,0.008443463277668598,127,2000,True,True,True,True,ridge,True,extended_K,ridge|history=True|extended_K
ridge::H_M_K,ridge::H_D_B_M_P_C_A_K,-0.06086338673038445,-0.07996868674232789,-0.043278710677467906,-0.044428476549315365,-0.040874559535330715,0.009572389639095484,0.023801506192755024,127,2000,True,True,True,True,ridge,True,extended_K,ridge|history=True|extended_K
ridge::H_D_M_K,ridge::H_D_B_M_P_C_A_K,-0.016182609133633317,-0.023703025886849114,-0.008543258057491156,-0.009747343616494623,0.003806218061420421,0.0038550105374244885,0.009585386788362594,127,2000,False,True,True,True,ridge,True,extended_K,ridge|history=True|extended_K
ridge::H_B_M_K,ridge::H_D_B_M_P_C_A_K,-0.06161844192574415,-0.08034972719102423,-0.04482418334347687,-0.04610397304913061,-0.04162961473069041,0.009135922914245646,0.022716242653960488,127,2000,True,True,True,True,ridge,True,extended_K,ridge|history=True|extended_K
ridge::H_D_B_M_K,ridge::H_D_B_M_P_C_A_K,-0.01988438489417136,-0.02652334265492492,-0.013646454505956591,-0.014303283624590747,0.00010444230088237777,0.0033131068970575018,0.008237957009763434,127,2000,True,True,True,True,ridge,True,extended_K,ridge|history=True|extended_K
ridge::H_P_K,ridge::H_D_B_M_P_C_A_K,-0.06127217379668961,-0.08050755801288327,-0.04373550654675473,-0.04469666349660049,-0.04128334660163587,0.009600860756042474,0.023872298909294765,127,2000,True,True,True,True,ridge,True,extended_K,ridge|history=True|extended_K
ridge::H_D_P_K,ridge::H_D_B_M_P_C_A_K,-0.02001978436669645,-0.02788299854300526,-0.01220635183358397,-0.013459040008070904,-3.0957171642712056e-05,0.004012970186651621,0.009978149485143108,127,2000,True,True,True,True,ridge,True,extended_K,ridge|history=True|extended_K
ridge::H_B_P_K,ridge::H_D_B_M_P_C_A_K,-0.06222955243336962,-0.08075511488152624,-0.0454708683035795,-0.046819486239422496,-0.04224072523831588,0.009160077296771164,0.022776301918881678,127,2000,True,True,True,True,ridge,True,extended_K,ridge|history=True|extended_K
ridge::H_D_B_P_K,ridge::H_D_B_M_P_C_A_K,-0.02345322247275436,-0.03020277753300574,-0.01639468775254118,-0.017629965905806268,-0.0034643952777006215,0.0035158864898776863,0.008742163369538194,127,2000,True,True,True,True,ridge,True,extended_K,ridge|history=True|extended_K
ridge::H_M_P_K,ridge::H_D_B_M_P_C_A_K,-0.05853676590839293,-0.07772250914834458,-0.04132074918409003,-0.04207697159029821,-0.03854793871333919,0.009605518676821216,0.02388388071221342,127,2000,True,True,True,True,ridge,True,extended_K,ridge|history=True|extended_K
ridge::H_D_M_P_K,ridge::H_D_B_M_P_C_A_K,-0.014424519245037463,-0.021918606353610877,-0.0065806953033948675,-0.008137464811795392,0.005564307950016275,0.003891834565706969,0.00967694880895022,127,2000,False,False,True,True,ridge,True,extended_K,ridge|history=True|extended_K
ridge::H_B_M_P_K,ridge::H_D_B_M_P_C_A_K,-0.05867645372198762,-0.07724971410163309,-0.04198105679135555,-0.0434561209962688,-0.03868762652693388,0.009151260563087652,0.022754379332225686,127,2000,True,True,True,True,ridge,True,extended_K,ridge|history=True|extended_K
ridge::H_D_B_M_P_K,ridge::H_D_B_M_P_C_A_K,-0.01778252662153957,-0.024212171044216087,-0.010998809758228199,-0.012457899862030188,0.002206300573514168,0.0033193162681144075,0.008253396454796098,127,2000,True,True,True,True,ridge,True,extended_K,ridge|history=True|extended_K
ridge::H_C_K,ridge::H_D_B_M_P_C_A_K,-0.06398032169537253,-0.08307689530927595,-0.04662891785187004,-0.047612942898606014,-0.04399149450031879,0.009533254228045402,0.023704196977022706,127,2000,True,True,True,True,ridge,True,extended_K,ridge|history=True|extended_K
ridge::H_D_C_K,ridge::H_D_B_M_P_C_A_K,-0.023466583755619396,-0.030913959202586383,-0.015854385521355173,-0.016837989610162987,-0.0034777565605656584,0.0038663009597750208,0.009613460139701895,127,2000,True,True,True,True,ridge,True,extended_K,ridge|history=True|extended_K
ridge::H_B_C_K,ridge::H_D_B_M_P_C_A_K,-0.06582544539437934,-0.08395204627733159,-0.04899951940729915,-0.050379613693847344,-0.04583661819932561,0.009101106150941164,0.022629671647279064,127,2000,True,True,True,True,ridge,True,extended_K,ridge|history=True|extended_K
ridge::H_D_B_C_K,ridge::H_D_B_M_P_C_A_K,-0.02740096231477137,-0.034083159270477795,-0.0207181514186035,-0.021770697267668136,-0.007412135119717632,0.0033499825597045996,0.008329647417900621,127,2000,True,True,True,True,ridge,True,extended_K,ridge|history=True|extended_K
ridge::H_M_C_K,ridge::H_D_B_M_P_C_A_K,-0.06077971567792197,-0.07989535918263076,-0.043489927781547144,-0.04447368622033285,-0.04079088848286823,0.00954708530994135,0.023738587614450836,127,2000,True,True,True,True,ridge,True,extended_K,ridge|history=True|extended_K
ridge::H_D_M_C_K,ridge::H_D_B_M_P_C_A_K,-0.016074535915895756,-0.02355470321660894,-0.00859084990218102,-0.009679576814585667,0.003914291279157982,0.0038111455521665162,0.009476317605261374,127,2000,False,True,True,True,ridge,True,extended_K,ridge|history=True|extended_K
ridge::H_B_M_C_K,ridge::H_D_B_M_P_C_A_K,-0.06171112969045722,-0.08031435728546386,-0.044972621751226724,-0.04622653741446964,-0.041722302495403485,0.00910940221619971,0.02265029960498571,127,2000,True,True,True,True,ridge,True,extended_K,ridge|history=True|extended_K
ridge::H_D_B_M_C_K,ridge::H_D_B_M_P_C_A_K,-0.01940138834924609,-0.025894325337962865,-0.013284468109129904,-0.013940451496946324,0.0005874388458076488,0.0032397686852664925,0.008055603389829276,127,2000,True,True,True,True,ridge,True,extended_K,ridge|history=True|extended_K
ridge::H_P_C_K,ridge::H_D_B_M_P_C_A_K,-0.06132961926101899,-0.08062397676143565,-0.043798661888784035,-0.044999496626593624,-0.041340792065965255,0.009543569086591625,0.023729844613487754,127,2000,True,True,True,True,ridge,True,extended_K,ridge|history=True|extended_K
ridge::H_D_P_C_K,ridge::H_D_B_M_P_C_A_K,-0.019895497280855788,-0.027681798152775744,-0.01213946790243854,-0.013511445811643529,9.332991419794961e-05,0.003953319950783894,0.009829830673233656,127,2000,True,True,True,True,ridge,True,extended_K,ridge|history=True|extended_K
ridge::H_B_P_C_K,ridge::H_D_B_M_P_C_A_K,-0.062369030590093945,-0.08067209341060001,-0.04588731137222676,-0.04690017512985862,-0.04238020339504021,0.009099163396596565,0.022624841037441046,127,2000,True,True,True,True,ridge,True,extended_K,ridge|history=True|extended_K
ridge::H_D_B_P_C_K,ridge::H_D_B_M_P_C_A_K,-0.02337455754577934,-0.030032151353318944,-0.01647665280103483,-0.017697212139413603,-0.0033857303507256013,0.0034634504516640272,0.008611782478734434,127,2000,True,True,True,True,ridge,True,extended_K,ridge|history=True|extended_K
ridge::H_M_P_C_K,ridge::H_D_B_M_P_C_A_K,-0.05862463504962992,-0.07796521788466756,-0.04135543288262631,-0.042340538887724516,-0.03863580785457618,0.009549205966913136,0.023743860574698978,127,2000,True,True,True,True,ridge,True,extended_K,ridge|history=True|extended_K
ridge::H_D_M_P_C_K,ridge::H_D_B_M_P_C_A_K,-0.014343549176760513,-0.021742886384605743,-0.006573290474488499,-0.008020843329121235,0.005645278018293225,0.0038435305263434115,0.009556842029410956,127,2000,False,False,True,True,ridge,True,extended_K,ridge|history=True|extended_K
ridge::H_B_M_P_C_K,ridge::H_D_B_M_P_C_A_K,-0.05884577180233123,-0.07725425134246888,-0.04232200900166074,-0.04366689037490482,-0.03885694460727749,0.009090508911106047,0.022603321876838098,127,2000,True,True,True,True,ridge,True,extended_K,ridge|history=True|extended_K
ridge::H_D_B_M_P_C_K,ridge::H_D_B_M_P_C_A_K,-0.017596056370059416,-0.023985795081405255,-0.011092293056774168,-0.012421879088380626,0.0023927708249943218,0.0032431707757353315,0.008064062602253274,127,2000,True,True,True,True,ridge,True,extended_K,ridge|history=True|extended_K
ridge::H_A_K,ridge::H_D_B_M_P_C_A_K,-0.049460238494928054,-0.06532523516390068,-0.033976550887838,-0.03576489466406467,-0.029471411299874316,0.008192693494650537,0.02037092641443024,127,2000,True,True,True,True,ridge,True,extended_K,ridge|history=True|extended_K
ridge::H_D_A_K,ridge::H_D_B_M_P_C_A_K,-0.00398554831349785,-0.008756738544362215,0.0006398532814102859,2.6059568321562705e-05,0.016003278881555887,0.0024256905753801835,0.00603141863509376,127,2000,False,False,False,True,ridge,True,extended_K,ridge|history=True|extended_K
ridge::H_B_A_K,ridge::H_D_B_M_P_C_A_K,-0.05129204800764091,-0.06670645028696454,-0.03642036750695572,-0.03820696791224412,-0.03130322081258717,0.0078101155679251195,0.01941965601743595,127,2000,True,True,True,True,ridge,True,extended_K,ridge|history=True|extended_K
ridge::H_D_B_A_K,ridge::H_D_B_M_P_C_A_K,-0.008023949274610842,-0.011565363887393446,-0.004428034839370002,-0.005060998874942489,0.011964877920442896,0.0017671698662893925,0.004394023446804816,127,2000,False,False,False,True,ridge,True,extended_K,ridge|history=True|extended_K
ridge::H_M_A_K,ridge::H_D_B_M_P_C_A_K,-0.04656905778013073,-0.06255327572750827,-0.03130000133648763,-0.03296147210650574,-0.02658023058507699,0.0082041740919279,0.020399472630944205,127,2000,True,True,True,True,ridge,True,extended_K,ridge|history=True|extended_K
ridge::H_D_M_A_K,ridge::H_D_B_M_P_C_A_K,0.0030590074439648634,-0.0016221134748530934,0.007636097367416931,0.006998605874379492,0.0230478346390186,0.0023562095123457567,0.005858655718576147,127,2000,False,False,False,False,ridge,True,extended_K,ridge|history=True|extended_K
ridge::H_B_M_A_K,ridge::H_D_B_M_P_C_A_K,-0.047486654970567616,-0.06302760347581603,-0.03256165892069999,-0.03445152598393605,-0.027497827775513878,0.007813103042802486,0.019427084298614967,127,2000,True,True,True,True,ridge,True,extended_K,ridge|history=True|extended_K
ridge::H_D_B_M_A_K,ridge::H_D_B_M_P_C_A_K,-0.0006678158039834607,-0.003881281616634596,0.002391890411394081,0.001988615759041728,0.019321011391070276,0.0015885113499625664,0.0039497935373395765,127,2000,False,False,False,True,ridge,True,extended_K,ridge|history=True|extended_K
ridge::H_P_A_K,ridge::H_D_B_M_P_C_A_K,-0.0478148657454736,-0.06357901948250377,-0.03253396322776034,-0.03410027258343979,-0.02782603855041986,0.008166750871274159,0.020306420733588824,127,2000,True,True,True,True,ridge,True,extended_K,ridge|history=True|extended_K
ridge::H_D_P_A_K,ridge::H_D_B_M_P_C_A_K,-0.0017082704032051845,-0.005765192439998304,0.0025478272867637593,0.0019197438517222372,0.018280556791848552,0.0021390675235842932,0.0053187376223565,127,2000,False,False,False,True,ridge,True,extended_K,ridge|history=True|extended_K
ridge::H_B_P_A_K,ridge::H_D_B_M_P_C_A_K,-0.049154028194772166,-0.0644914515737016,-0.03447896826377713,-0.03611399219139206,-0.02916520099971843,0.007761200235567013,0.019298029273233323,127,2000,True,True,True,True,ridge,True,extended_K,ridge|history=True|extended_K
ridge::H_D_B_P_A_K,ridge::H_D_B_M_P_C_A_K,-0.005940529371704714,-0.008145086212206784,-0.0036421909557951353,-0.004124249729114894,0.014048297823349024,0.0011594177455564077,0.0028828630771718673,127,2000,False,False,False,True,ridge,True,extended_K,ridge|history=True|extended_K
ridge::H_M_P_A_K,ridge::H_D_B_M_P_C_A_K,-0.04534386727300938,-0.06115869070079155,-0.029956560526400017,-0.031856584509264006,-0.025355040077955644,0.008168254331859748,0.02031015905053868,127,2000,True,True,True,True,ridge,True,extended_K,ridge|history=True|extended_K
ridge::H_D_M_P_A_K,ridge::H_D_B_M_P_C_A_K,0.0033734357539634244,-0.0003704786344975908,0.007142396291502352,0.006585582850988902,0.02336226294901716,0.0019616207059117903,0.004877520571133767,127,2000,False,False,False,False,ridge,True,extended_K,ridge|history=True|extended_K
ridge::H_B_M_P_A_K,ridge::H_D_B_M_P_C_A_K,-0.045811926741092864,-0.06112935806413524,-0.031243770253866408,-0.03305505530137814,-0.025823099546039126,0.007741973113489821,0.01925022151754815,127,2000,True,True,True,True,ridge,True,extended_K,ridge|history=True|extended_K
ridge::H_D_B_M_P_A_K,ridge::H_D_B_M_P_C_A_K,-0.0005301792756536362,-0.001226867602748362,0.00023040495894836264,6.506056405923674e-05,0.0194586479194001,0.0003757928699623004,0.0009343995239255697,127,2000,False,False,False,True,ridge,True,extended_K,ridge|history=True|extended_K
ridge::H_C_A_K,ridge::H_D_B_M_P_C_A_K,-0.049440155331717195,-0.0652775653256997,-0.03411934373478092,-0.03587873080230952,-0.029451328136663457,0.008128942614293406,0.020212411453085936,127,2000,True,True,True,True,ridge,True,extended_K,ridge|history=True|extended_K
ridge::H_D_C_A_K,ridge::H_D_B_M_P_C_A_K,-0.0033638603079021003,-0.008124663544502031,0.0012812092943168688,0.0006098023488280329,0.01662496688715164,0.0024076364714219808,0.005986527559472395,127,2000,False,False,False,True,ridge,True,extended_K,ridge|history=True|extended_K
ridge::H_B_C_A_K,ridge::H_D_B_M_P_C_A_K,-0.051338243774409466,-0.06649443299491999,-0.03651559484355268,-0.038295676326005716,-0.03134941657935573,0.007742480056614412,0.019251482018883163,127,2000,True,True,True,True,ridge,True,extended_K,ridge|history=True|extended_K
ridge::H_D_B_C_A_K,ridge::H_D_B_M_P_C_A_K,-0.007878402809815778,-0.01130284328600713,-0.004433963551553439,-0.004955161671452719,0.01211042438523796,0.0017459789350671572,0.004341332729049626,127,2000,False,False,False,True,ridge,True,extended_K,ridge|history=True|extended_K
ridge::H_M_C_A_K,ridge::H_D_B_M_P_C_A_K,-0.046490905002226766,-0.06256054017529351,-0.031403762985554876,-0.03287570843203288,-0.02650207780717303,0.00813642462543281,0.020231015285690226,127,2000,True,True,True,True,ridge,True,extended_K,ridge|history=True|extended_K
ridge::H_D_M_C_A_K,ridge::H_D_B_M_P_C_A_K,0.003081193673457265,-0.0015425984961084333,0.007507000134742931,0.0069608704901543625,0.023070020868511003,0.002354821690686468,0.005855204934909436,127,2000,False,False,False,False,ridge,True,extended_K,ridge|history=True|extended_K
ridge::H_B_M_C_A_K,ridge::H_D_B_M_P_C_A_K,-0.047501250890271705,-0.06280707459545669,-0.03269511331457508,-0.03447975095235851,-0.027512423695217968,0.007747664438115255,0.019264372853152373,127,2000,True,True,True,True,ridge,True,extended_K,ridge|history=True|extended_K
ridge::H_D_B_M_C_A_K,ridge::H_D_B_M_P_C_A_K,-0.0008739617537239339,-0.004112225253788981,0.002214257117432013,0.001735058247073463,0.019114865441329804,0.0015812157855572754,0.003931653299852484,127,2000,False,False,False,True,ridge,True,extended_K,ridge|history=True|extended_K
ridge::H_P_C_A_K,ridge::H_D_B_M_P_C_A_K,-0.047836446774785865,-0.06360005874469467,-0.032820101688400306,-0.03411670541794638,-0.027847619579732127,0.008097819065369171,0.020135023531115525,127,2000,True,True,True,True,ridge,True,extended_K,ridge|history=True|extended_K
ridge::H_D_P_C_A_K,ridge::H_D_B_M_P_C_A_K,-0.0014434180219500194,-0.005589539621789343,0.00265001819585684,0.001970276630725786,0.018545409173103718,0.002099309657083881,0.00521988068679514,127,2000,False,False,False,True,ridge,True,extended_K,ridge|history=True|extended_K
ridge::H_B_P_C_A_K,ridge::H_D_B_M_P_C_A_K,-0.04924177181190816,-0.06459348144000658,-0.03451424792699779,-0.036386337084665515,-0.029252944616854425,0.0076887796545078956,0.019117957319045257,127,2000,True,True,True,True,ridge,True,extended_K,ridge|history=True|extended_K
ridge::H_D_B_P_C_A_K,ridge::H_D_B_M_P_C_A_K,-0.005763671411840976,-0.007816571068218241,-0.003585808704621309,-0.004068215918899519,0.014225155783212762,0.0010849369991451617,0.002697668573627212,127,2000,False,False,False,True,ridge,True,extended_K,ridge|history=True|extended_K
ridge::H_M_P_C_A_K,ridge::H_D_B_M_P_C_A_K,-0.0453161032474397,-0.06117460491893869,-0.030241859988548822,-0.03202063239244769,-0.02532727605238596,0.00809870467943148,0.020137225588217584,127,2000,True,True,True,True,ridge,True,extended_K,ridge|history=True|extended_K
ridge::H_D_M_P_C_A_K,ridge::H_D_B_M_P_C_A_K,0.0038494837084419352,0.0002224209210619091,0.007619211670333471,0.006987745177861224,0.023838310903495672,0.0019291727341783074,0.0047968395051434555,127,2000,False,False,False,False,ridge,True,extended_K,ridge|history=True|extended_K
ridge::H_B_M_P_C_A_K,ridge::H_D_B_M_P_C_A_K,-0.045898490060202406,-0.06102409487124046,-0.03157639796444086,-0.03300211199723136,-0.025909662865148668,0.007672024161001332,0.01907629520566551,127,2000,True,True,True,True,ridge,True,extended_K,ridge|history=True|extended_K
ridge::H,ridge::H_D_B_M_P_C_A,-0.05388227092299317,-0.07525257743654169,-0.03527197707682686,-0.036074537859982124,-0.03514912436045915,0.010380414554674948,0.0258106398320207,63,2000,True,True,True,True,ridge,True,original_noK,ridge|history=True|original_noK
ridge::H_D,ridge::H_D_B_M_P_C_A,-0.018177937988714025,-0.02578637838453751,-0.01065730046510443,-0.011604386747294394,0.0005552085738199965,0.003903042840299386,0.00970481790195412,63,2000,True,True,True,True,ridge,True,original_noK,ridge|history=True|original_noK
ridge::H_B,ridge::H_D_B_M_P_C_A,-0.057269767078231296,-0.07756985329749173,-0.03941994902732307,-0.04056164746609826,-0.03853662051569727,0.009856671606989982,0.02450836615922509,63,2000,True,True,True,True,ridge,True,original_noK,ridge|history=True|original_noK
ridge::H_D_B,ridge::H_D_B_M_P_C_A,-0.023879581869435153,-0.030416426973528726,-0.017580250248939413,-0.018334430985050963,-0.005146435306901131,0.0033220335484897305,0.008260152904138335,63,2000,True,True,True,True,ridge,True,original_noK,ridge|history=True|original_noK
ridge::H_M,ridge::H_D_B_M_P_C_A,-0.05583662359661931,-0.07721201082636309,-0.037205255002747496,-0.03804930619191896,-0.037103477034085286,0.010356581312983127,0.025751379075709187,63,2000,True,True,True,True,ridge,True,original_noK,ridge|history=True|original_noK
ridge::H_D_M,ridge::H_D_B_M_P_C_A,-0.014775066191535017,-0.022279599900900095,-0.006951975685648995,-0.008181356783768554,0.003958080370999005,0.003923859378750322,0.009756577701495512,63,2000,False,True,True,True,ridge,True,original_noK,ridge|history=True|original_noK
ridge::H_B_M,ridge::H_D_B_M_P_C_A,-0.05765247684370807,-0.07790632893425303,-0.03976578214843599,-0.04092025621316409,-0.038919330281174044,0.009852552517526685,0.024498124146826356,63,2000,True,True,True,True,ridge,True,original_noK,ridge|history=True|original_noK
ridge::H_D_B_M,ridge::H_D_B_M_P_C_A,-0.019041986511090528,-0.02567104919459095,-0.012837500927562907,-0.013427008888870322,-0.0003088399485565059,0.0032930247279542623,0.00818802320114343,63,2000,True,True,True,True,ridge,True,original_noK,ridge|history=True|original_noK
ridge::H_P,ridge::H_D_B_M_P_C_A,-0.052384845517267555,-0.07400955814970324,-0.033609868399125165,-0.034678163307712465,-0.033651698954733536,0.01039337597497372,0.025842868077750287,63,2000,True,True,True,True,ridge,True,original_noK,ridge|history=True|original_noK
ridge::H_D_P,ridge::H_D_B_M_P_C_A,-0.015823591862406495,-0.023684856250035205,-0.007964347679535532,-0.009362926325827907,0.002909554700127527,0.004005126702501312,0.009958646858984444,63,2000,False,True,True,True,ridge,True,original_noK,ridge|history=True|original_noK
ridge::H_B_P,ridge::H_D_B_M_P_C_A,-0.05468552279125114,-0.07522946408567385,-0.03671236639184671,-0.03793409085768239,-0.03595237622871712,0.009906633748712491,0.02463259576859607,63,2000,True,True,True,True,ridge,True,original_noK,ridge|history=True|original_noK
ridge::H_D_B_P,ridge::H_D_B_M_P_C_A,-0.02010069836351538,-0.026768622166230792,-0.013234537889617903,-0.014553925745153335,-0.0013675518009813592,0.0033932625438411156,0.008437262010419963,63,2000,True,True,True,True,ridge,True,original_noK,ridge|history=True|original_noK
ridge::H_M_P,ridge::H_D_B_M_P_C_A,-0.05447983125676353,-0.07605161259313974,-0.035828287152196076,-0.036857883500431114,-0.03574668469422951,0.010401563704341366,0.025863226660987716,63,2000,True,True,True,True,ridge,True,original_noK,ridge|history=True|original_noK
ridge::H_D_M_P,ridge::H_D_B_M_P_C_A,-0.013643654852403818,-0.021377557746616024,-0.005685289280017206,-0.006996315525816767,0.0050894917101302044,0.00399551723666172,0.009934753163751232,63,2000,False,False,True,True,ridge,True,original_noK,ridge|history=True|original_noK
ridge::H_B_M_P,ridge::H_D_B_M_P_C_A,-0.0554923278882762,-0.07616575967230163,-0.03736876744177885,-0.03880842051924968,-0.03675918132574217,0.009900335238337762,0.024616934680890556,63,2000,True,True,True,True,ridge,True,original_noK,ridge|history=True|original_noK
ridge::H_D_B_M_P,ridge::H_D_B_M_P_C_A,-0.017407528983236806,-0.024028833162255438,-0.010676861823643698,-0.011944665400394511,0.0013256175792972155,0.00336312459921572,0.00836232476876104,63,2000,True,True,True,True,ridge,True,original_noK,ridge|history=True|original_noK
ridge::H_C,ridge::H_D_B_M_P_C_A,-0.05422719252608773,-0.07544134813100715,-0.03567844686311865,-0.03676299174995006,-0.03549404596355371,0.01032252179585587,0.025666690942610662,63,2000,True,True,True,True,ridge,True,original_noK,ridge|history=True|original_noK
ridge::H_D_C,ridge::H_D_B_M_P_C_A,-0.018529606980555894,-0.02588422927854144,-0.011060140042590228,-0.012116691744370037,0.000203539581978128,0.0038616955098128435,0.009602008804149539,63,2000,True,True,True,True,ridge,True,original_noK,ridge|history=True|original_noK
ridge::H_B_C,ridge::H_D_B_M_P_C_A,-0.05773498692836829,-0.07824806333144625,-0.03997425773084509,-0.04129119236718429,-0.03900184036583426,0.009798431874535994,0.024363554528594587,63,2000,True,True,True,True,ridge,True,original_noK,ridge|history=True|original_noK
ridge::H_D_B_C,ridge::H_D_B_M_P_C_A,-0.023692655574248295,-0.030030773132274577,-0.01744103958831671,-0.018364227324724525,-0.004959509011714273,0.003237583016328486,0.008050168778961494,63,2000,True,True,True,True,ridge,True,original_noK,ridge|history=True|original_noK
ridge::H_M_C,ridge::H_D_B_M_P_C_A,-0.056345614864325065,-0.07731891996453168,-0.037894313855190404,-0.03889843019703084,-0.03761246830179105,0.010297066279038695,0.025603396439983103,63,2000,True,True,True,True,ridge,True,original_noK,ridge|history=True|original_noK
ridge::H_D_M_C,ridge::H_D_B_M_P_C_A,-0.015079048474121018,-0.022592251775345084,-0.007396545125706925,-0.008606969180485369,0.003654098088413004,0.0038679919364875133,0.00961766471078724,63,2000,False,True,True,True,ridge,True,original_noK,ridge|history=True|original_noK
ridge::H_B_M_C,ridge::H_D_B_M_P_C_A,-0.05828309969396082,-0.0787423376369793,-0.04052380667001078,-0.04186954484376399,-0.0395499531314268,0.009793147827123615,0.024350415877541887,63,2000,True,True,True,True,ridge,True,original_noK,ridge|history=True|original_noK
ridge::H_D_B_M_C,ridge::H_D_B_M_P_C_A,-0.01930256272856486,-0.025768254048076984,-0.01324190933188647,-0.0138505770200788,-0.0005694161660308381,0.003243536883238111,0.008064972919355184,63,2000,True,True,True,True,ridge,True,original_noK,ridge|history=True|original_noK
ridge::H_P_C,ridge::H_D_B_M_P_C_A,-0.0528353534929546,-0.07400010761432398,-0.03436359033940379,-0.035274778101038386,-0.034102206930420584,0.010334065656729011,0.025695394462465118,63,2000,True,True,True,True,ridge,True,original_noK,ridge|history=True|original_noK
ridge::H_D_P_C,ridge::H_D_B_M_P_C_A,-0.01584269671593243,-0.02343062811083764,-0.00796504495278737,-0.00935901380061439,0.0028904498466015907,0.003946510159720921,0.00981289829895015,63,2000,False,True,True,True,ridge,True,original_noK,ridge|history=True|original_noK
ridge::H_B_P_C,ridge::H_D_B_M_P_C_A,-0.055254621637946304,-0.07558300658911064,-0.037658172413797826,-0.03854923753449464,-0.036521475075412285,0.009811593177366771,0.024396279777215063,63,2000,True,True,True,True,ridge,True,original_noK,ridge|history=True|original_noK
ridge::H_D_B_P_C,ridge::H_D_B_M_P_C_A,-0.02040188987163797,-0.027009103760628157,-0.013685892502215342,-0.014948894429245883,-0.0016687433091039476,0.003361492691484784,0.008358267071213373,63,2000,True,True,True,True,ridge,True,original_noK,ridge|history=True|original_noK
ridge::H_M_P_C,ridge::H_D_B_M_P_C_A,-0.05510957501688952,-0.07636000438560098,-0.03663828970555786,-0.03760786025397771,-0.0363764284543555,0.01031070730953052,0.025637314519372668,63,2000,True,True,True,True,ridge,True,original_noK,ridge|history=True|original_noK
ridge::H_D_M_P_C,ridge::H_D_B_M_P_C_A,-0.01381114866927073,-0.02142525533405792,-0.00600338602143715,-0.007343678848571314,0.004921997893263292,0.003933500076253311,0.009780549053474615,63,2000,False,True,True,True,ridge,True,original_noK,ridge|history=True|original_noK
ridge::H_B_M_P_C,ridge::H_D_B_M_P_C_A,-0.05611906742885439,-0.07662880995294517,-0.038462483425414785,-0.03959986923964824,-0.037385920866320366,0.009804589493598123,0.024378865293593257,63,2000,True,True,True,True,ridge,True,original_noK,ridge|history=True|original_noK
ridge::H_D_B_M_P_C,ridge::H_D_B_M_P_C_A,-0.017615409506853526,-0.02413994642298112,-0.010976388023235327,-0.012350644082282775,0.0011177370556804955,0.003300065607632253,0.00820553017145873,63,2000,True,True,True,True,ridge,True,original_noK,ridge|history=True|original_noK
ridge::H_A,ridge::H_D_B_M_P_C_A,-0.04022476688832912,-0.05816047367900873,-0.023368669411796914,-0.02509278755081065,-0.0214916203257951,0.008997869171582667,0.022372975493427687,63,2000,True,True,True,True,ridge,True,original_noK,ridge|history=True|original_noK
ridge::H_D_A,ridge::H_D_B_M_P_C_A,0.0008884285470209597,-0.003735762626323484,0.005276220032567868,0.004697656707122143,0.019621575109554982,0.002302389643941435,0.005724833968792071,63,2000,False,False,False,True,ridge,True,original_noK,ridge|history=True|original_noK
ridge::H_B_A,ridge::H_D_B_M_P_C_A,-0.04361161944406507,-0.06085511121193049,-0.02726555858797042,-0.029413332466776944,-0.024878472881531045,0.00852146315748155,0.021188403915962634,63,2000,True,True,True,True,ridge,True,original_noK,ridge|history=True|original_noK
ridge::H_D_B_A,ridge::H_D_B_M_P_C_A,-0.0046546264686705505,-0.0072336572811658156,-0.002186063737117546,-0.00245088962197358,0.014078520093863471,0.0012979611073552976,0.0032273476633773415,63,2000,False,False,False,True,ridge,True,original_noK,ridge|history=True|original_noK
ridge::H_M_A,ridge::H_D_B_M_P_C_A,-0.04247778411045159,-0.0603176222690499,-0.025681262632092663,-0.027304048378474555,-0.023744637547917568,0.008970220490133166,0.022304227742076854,63,2000,True,True,True,True,ridge,True,original_noK,ridge|history=True|original_noK
ridge::H_D_M_A,ridge::H_D_B_M_P_C_A,0.0039201214206433565,-0.0006534960877564485,0.008453590007927276,0.007794084167373088,0.022653267983177378,0.002329343689483798,0.005791854525422586,63,2000,False,False,False,False,ridge,True,original_noK,ridge|history=True|original_noK
ridge::H_B_M_A,ridge::H_D_B_M_P_C_A,-0.044332730531950415,-0.061598219050165125,-0.02801149176209594,-0.03003356517577136,-0.025599583969416393,0.008512479246406274,0.021166065646924772,63,2000,True,True,True,True,ridge,True,original_noK,ridge|history=True|original_noK
ridge::H_D_B_M_A,ridge::H_D_B_M_P_C_A,-0.000619985721821209,-0.0033365037546247422,0.0019429293865459224,0.0016197159059759803,0.01811316084071281,0.0013300433115123343,0.0033071192574840244,63,2000,False,False,False,True,ridge,True,original_noK,ridge|history=True|original_noK
ridge::H_P_A,ridge::H_D_B_M_P_C_A,-0.03944251355495263,-0.05725345806610634,-0.02251539508995417,-0.024416693358773937,-0.02070936699241861,0.008998879326854762,0.022375487219116977,63,2000,True,True,True,True,ridge,True,original_noK,ridge|history=True|original_noK
ridge::H_D_P_A,ridge::H_D_B_M_P_C_A,0.002648421311734904,-0.0013425370730548584,0.006853430373611294,0.0061153052398299065,0.021381567874268925,0.002111758616633658,0.005250834711755345,63,2000,False,False,False,False,ridge,True,original_noK,ridge|history=True|original_noK
ridge::H_B_P_A,ridge::H_D_B_M_P_C_A,-0.04203053656837543,-0.058884303385409356,-0.025795668332288035,-0.02770820169868333,-0.02329739000584141,0.008510861617021564,0.021162043452126047,63,2000,True,True,True,True,ridge,True,original_noK,ridge|history=True|original_noK
ridge::H_D_B_P_A,ridge::H_D_B_M_P_C_A,-0.002654905895360345,-0.0038975388307307735,-0.0014240267067142085,-0.0016031577043058621,0.016078240667173678,0.000642174489725678,0.0015967507247729741,63,2000,False,False,False,True,ridge,True,original_noK,ridge|history=True|original_noK
ridge::H_M_P_A,ridge::H_D_B_M_P_C_A,-0.04175249941660516,-0.05942803343158209,-0.024793242549459568,-0.02655762346906896,-0.023019352854071137,0.008970078114191466,0.022303873727877076,63,2000,True,True,True,True,ridge,True,original_noK,ridge|history=True|original_noK
ridge::H_D_M_P_A,ridge::H_D_B_M_P_C_A,0.004320405367900495,0.00030993772622271465,0.00845995159037056,0.007795783552882863,0.023053551930434516,0.0021070870764141013,0.005239219044439489,63,2000,False,False,False,False,ridge,True,original_noK,ridge|history=True|original_noK
ridge::H_B_M_P_A,ridge::H_D_B_M_P_C_A,-0.04301711440505168,-0.06002791817572828,-0.026628332156134183,-0.02872609506965556,-0.02428396784251766,0.008501769760081686,0.021139436778409557,63,2000,True,True,True,True,ridge,True,original_noK,ridge|history=True|original_noK
ridge::H_D_B_M_P_A,ridge::H_D_B_M_P_C_A,-7.732298278862129e-05,-0.0009648730195143988,0.0008580030598077684,0.0006861566717987414,0.0186558235797454,0.00046533175457070527,0.0011570357095437623,63,2000,False,False,False,True,ridge,True,original_noK,ridge|history=True|original_noK
ridge::H_C_A,ridge::H_D_B_M_P_C_A,-0.04062720460193309,-0.0586542128554997,-0.023966729583713438,-0.025713230524656152,-0.021894058039399065,0.008899562247067835,0.022128537797006086,63,2000,True,True,True,True,ridge,True,original_noK,ridge|history=True|original_noK
ridge::H_D_C_A,ridge::H_D_B_M_P_C_A,0.0009061732481261219,-0.0035102888963713845,0.00511554460452985,0.004571033529916497,0.019639319810660145,0.0022311085550372227,0.005547595333200943,63,2000,False,False,False,True,ridge,True,original_noK,ridge|history=True|original_noK
ridge::H_B_C_A,ridge::H_D_B_M_P_C_A,-0.04399844127298253,-0.061029752750447856,-0.028075923742570195,-0.02986842594274547,-0.02526529471044851,0.008415725048366665,0.020925488765849088,63,2000,True,True,True,True,ridge,True,original_noK,ridge|history=True|original_noK
ridge::H_D_B_C_A,ridge::H_D_B_M_P_C_A,-0.004661704057118131,-0.007091102681512919,-0.002362039999920566,-0.002664749560627443,0.01407144250541589,0.0012045469029354546,0.002995075592471516,63,2000,False,False,False,True,ridge,True,original_noK,ridge|history=True|original_noK
ridge::H_M_C_A,ridge::H_D_B_M_P_C_A,-0.04294044664007536,-0.06079180197740143,-0.026309333055928648,-0.0279413200038396,-0.02420730007754134,0.008868815420018251,0.022052086584506407,63,2000,True,True,True,True,ridge,True,original_noK,ridge|history=True|original_noK
ridge::H_D_M_C_A,ridge::H_D_B_M_P_C_A,0.003925861307174862,-0.00044257959435199635,0.008224885413930138,0.007640486578685428,0.022659007869708883,0.0022656877086005447,0.005633575529234356,63,2000,False,False,False,False,ridge,True,original_noK,ridge|history=True|original_noK
ridge::H_B_M_C_A,ridge::H_D_B_M_P_C_A,-0.044755847607096486,-0.061754204851409214,-0.028800111388012608,-0.03063762877646744,-0.026022701044562464,0.008404813169807691,0.020898356654131103,63,2000,True,True,True,True,ridge,True,original_noK,ridge|history=True|original_noK
ridge::H_D_B_M_C_A,ridge::H_D_B_M_P_C_A,-0.0005963267877215634,-0.0031290556707503723,0.001792046832388864,0.00148201234754637,0.01813681977481246,0.001239230604812938,0.0030813157452598008,63,2000,False,False,False,True,ridge,True,original_noK,ridge|history=True|original_noK
ridge::H_P_C_A,ridge::H_D_B_M_P_C_A,-0.039819661793560515,-0.05785136852108054,-0.023220950424521054,-0.02489720808225583,-0.021086515231026493,0.008895972664996825,0.022119612391426735,63,2000,True,True,True,True,ridge,True,original_noK,ridge|history=True|original_noK
ridge::H_D_P_C_A,ridge::H_D_B_M_P_C_A,0.002518071587670342,-0.0013011586832345923,0.00648828947562834,0.0058514596880006806,0.021251218150204365,0.0020402617966938145,0.005073059666367486,63,2000,False,False,False,False,ridge,True,original_noK,ridge|history=True|original_noK
ridge::H_B_P_C_A,ridge::H_D_B_M_P_C_A,-0.0424696157325115,-0.05942345740520434,-0.02659214243976892,-0.028333490836099526,-0.023736469169977476,0.00840374629145028,0.020895703887916166,63,2000,True,True,True,True,ridge,True,original_noK,ridge|history=True|original_noK
ridge::H_D_B_P_C_A,ridge::H_D_B_M_P_C_A,-0.002738296297190376,-0.003576879573004476,-0.001839727367702304,-0.002033138835231843,0.015994850265343648,0.0004437354508624934,0.0011033370432930439,63,2000,False,False,False,True,ridge,True,original_noK,ridge|history=True|original_noK
ridge::H_M_P_C_A,ridge::H_D_B_M_P_C_A,-0.04222782292395463,-0.060013815678827166,-0.025823346772416524,-0.027142100590013783,-0.02349467636142061,0.00886647551097269,0.022046268459488705,63,2000,True,True,True,True,ridge,True,original_noK,ridge|history=True|original_noK
ridge::H_D_M_P_C_A,ridge::H_D_B_M_P_C_A,0.004265130300836795,0.0003831455894631207,0.008169232718210568,0.00757562334888983,0.022998276863370817,0.002038343908573089,0.005068290885770004,63,2000,False,False,False,False,ridge,True,original_noK,ridge|history=True|original_noK
ridge::H_B_M_P_C_A,ridge::H_D_B_M_P_C_A,-0.04352133013963855,-0.06055209814889861,-0.027652469221409955,-0.029396602612783113,-0.024788183577104526,0.00839356488087444,0.02087038806647466,63,2000,True,True,True,True,ridge,True,original_noK,ridge|history=True|original_noK
ridge::NONE,ridge::D_B_M_P_C_A_K,-0.02346741632870823,-0.04476598238072033,-0.002716313157093427,-0.004622250837668481,-0.003031814097005304,0.011002447091395298,0.02735730809700406,127,2000,True,True,True,True,ridge,False,extended_K,ridge|history=False|extended_K
ridge::D,ridge::D_B_M_P_C_A_K,0.0015501640250108909,-0.01042080274465352,0.01274894024546902,0.01178635184126405,0.021985766256713817,0.005984748569163778,0.014880926863785027,127,2000,False,False,False,False,ridge,False,extended_K,ridge|history=False|extended_K
ridge::B,ridge::D_B_M_P_C_A_K,-0.031671172147175804,-0.05193931733650271,-0.012875086410290603,-0.014440640797877758,-0.011235569915472879,0.010255553265303318,0.02550017537494548,127,2000,True,True,True,True,ridge,False,extended_K,ridge|history=False|extended_K
ridge::D_B,ridge::D_B_M_P_C_A_K,-0.008130609941300338,-0.018447577514206757,0.0016863614587390946,0.0006145535158172677,0.012304992290402586,0.005164110855244489,0.012840431818526512,127,2000,False,False,False,True,ridge,False,extended_K,ridge|history=False|extended_K
ridge::M,ridge::D_B_M_P_C_A_K,-0.028220033456191194,-0.049699976157888855,-0.00728535277755475,-0.009570424391607484,-0.00778443122448827,0.01094807471139978,0.02722211254103833,127,2000,True,True,True,True,ridge,False,extended_K,ridge|history=False|extended_K
ridge::D_M,ridge::D_B_M_P_C_A_K,-0.0017304705202433616,-0.013497760118659238,0.009626787430763735,0.008419779204701884,0.018705131711459565,0.005952066522091935,0.014799663775350412,127,2000,False,False,False,True,ridge,False,extended_K,ridge|history=False|extended_K
ridge::B_M,ridge::D_B_M_P_C_A_K,-0.03482987689724794,-0.05496196688556262,-0.016059816215616095,-0.017509067124940852,-0.014394274665545014,0.010229712995634854,0.025435924194025676,127,2000,True,True,True,True,ridge,False,extended_K,ridge|history=False|extended_K
ridge::D_B_M,ridge::D_B_M_P_C_A_K,-0.008990502960313396,-0.019176863346188462,0.0007748025690440914,-0.0002554755235803282,0.01144509927138953,0.005161673434371547,0.012834371232801421,127,2000,False,False,False,True,ridge,False,extended_K,ridge|history=False|extended_K
ridge::P,ridge::D_B_M_P_C_A_K,-0.023074116808268062,-0.04445205340897469,-0.002377535883625818,-0.004280251186321457,-0.0026385145765651374,0.0110013923562282,0.027354685524526565,127,2000,True,True,True,True,ridge,False,extended_K,ridge|history=False|extended_K
ridge::D_P,ridge::D_B_M_P_C_A_K,0.0052742695245397075,-0.0067303561325397976,0.0164567954972112,0.015672237045627986,0.025709871756242633,0.006005958015130571,0.014933663617987106,127,2000,False,False,False,False,ridge,False,extended_K,ridge|history=False|extended_K
ridge::B_P,ridge::D_B_M_P_C_A_K,-0.02841070273608902,-0.048895076226336265,-0.009491408315939679,-0.010845666707966169,-0.007975100504386094,0.010252628328053185,0.025492902592004416,127,2000,True,True,True,True,ridge,False,extended_K,ridge|history=False|extended_K
ridge::D_B_P,ridge::D_B_M_P_C_A_K,-0.002784508923565228,-0.01290256775024753,0.006893919419974741,0.006127666273450965,0.017651093308137696,0.0051539895093700265,0.012815265346454987,127,2000,False,False,False,True,ridge,False,extended_K,ridge|history=False|extended_K
ridge::M_P,ridge::D_B_M_P_C_A_K,-0.024843994570676146,-0.046361248599976965,-0.003977946569555973,-0.0059408500902803085,-0.004408392338973222,0.010975616091553488,0.02729059349041467,127,2000,True,True,True,True,ridge,False,extended_K,ridge|history=False|extended_K
ridge::D_M_P,ridge::D_B_M_P_C_A_K,0.0011214438519475504,-0.010701141600640084,0.012108086999765653,0.0112597151185442,0.021557046083650475,0.005972229480624357,0.014849798464855075,127,2000,False,False,False,False,ridge,False,extended_K,ridge|history=False|extended_K
ridge::B_M_P,ridge::D_B_M_P_C_A_K,-0.031746116946378106,-0.05199970701364312,-0.012808427283392841,-0.014385999901208306,-0.01131051471467518,0.01023181710238705,0.025441156002568868,127,2000,True,True,True,True,ridge,False,extended_K,ridge|history=False|extended_K
ridge::D_B_M_P,ridge::D_B_M_P_C_A_K,-0.0047756560719658435,-0.014973019230738413,0.004885579692657889,0.003975158001329728,0.015659946159737082,0.005153931475878434,0.012815121047637074,127,2000,False,False,False,True,ridge,False,extended_K,ridge|history=False|extended_K
ridge::C,ridge::D_B_M_P_C_A_K,-0.023994967465251784,-0.04533724271771838,-0.003576869896743229,-0.0053416618734389125,-0.003559365233548859,0.010921526293686703,0.02715610056780806,127,2000,True,True,True,True,ridge,False,extended_K,ridge|history=False|extended_K
ridge::D_C,ridge::D_B_M_P_C_A_K,0.0018057266213152652,-0.01003258307320017,0.012813207446606405,0.01181728059857836,0.02224132885301819,0.005892072867378837,0.014650491061115314,127,2000,False,False,False,False,ridge,False,extended_K,ridge|history=False|extended_K
ridge::B_C,ridge::D_B_M_P_C_A_K,-0.03249853476648905,-0.05252136517658703,-0.014106948410703056,-0.015598957619527898,-0.012062932534786124,0.010118459630590815,0.02515929549869493,127,2000,True,True,True,True,ridge,False,extended_K,ridge|history=False|extended_K
ridge::D_B_C,ridge::D_B_M_P_C_A_K,-0.008036432399831433,-0.018098121809060952,0.0016492464292439857,0.0005659397711167205,0.012399169831871492,0.005075420445848327,0.012619905345193336,127,2000,False,False,False,True,ridge,False,extended_K,ridge|history=False|extended_K
ridge::M_C,ridge::D_B_M_P_C_A_K,-0.028748905066963034,-0.05016579738039564,-0.008033673590193588,-0.010041099781245625,-0.00831330283526011,0.01086480083962283,0.027015054152326412,127,2000,True,True,True,True,ridge,False,extended_K,ridge|history=False|extended_K
ridge::D_M_C,ridge::D_B_M_P_C_A_K,-0.0011887222618323385,-0.012941010959175029,0.009709147209376294,0.008723898981206256,0.019246879969870588,0.005853826570853517,0.014555392606296944,127,2000,False,False,False,True,ridge,False,extended_K,ridge|history=False|extended_K
ridge::B_M_C,ridge::D_B_M_P_C_A_K,-0.0355328758792724,-0.05569901032287242,-0.016835036983416537,-0.018732230765297387,-0.015097273647569479,0.010089340398155604,0.025086891259287012,127,2000,True,True,True,True,ridge,False,extended_K,ridge|history=False|extended_K
ridge::D_B_M_C,ridge::D_B_M_P_C_A_K,-0.008398625524861154,-0.018437346808934375,0.0012298371009815355,0.0001433092667853398,0.01203697670684177,0.005062194023095271,0.012587018177523196,127,2000,False,False,False,True,ridge,False,extended_K,ridge|history=False|extended_K
ridge::P_C,ridge::D_B_M_P_C_A_K,-0.02320618167295694,-0.04447521062336714,-0.002608609519547467,-0.004305746906707333,-0.0027705794412540147,0.010984788572582675,0.027313400633902377,127,2000,True,True,True,True,ridge,False,extended_K,ridge|history=False|extended_K
ridge::D_P_C,ridge::D_B_M_P_C_A_K,0.005738030008172709,-0.006061299376797717,0.01680328722570086,0.01584198767885192,0.026173632239875635,0.0059069910480046475,0.014687584742206154,127,2000,False,False,False,False,ridge,False,extended_K,ridge|history=False|extended_K
ridge::B_P_C,ridge::D_B_M_P_C_A_K,-0.02934271969582093,-0.04970894799351188,-0.010701082245979038,-0.0122172514699939,-0.008907117464118004,0.010110123278501628,0.025138567368796688,127,2000,True,True,True,True,ridge,False,extended_K,ridge|history=False|extended_K
ridge::D_B_P_C,ridge::D_B_M_P_C_A_K,-0.0027542967878927786,-0.01277634130346244,0.006852963689671704,0.005839448553175508,0.017681305443810146,0.0050460387537578,0.012546848506450574,127,2000,False,False,False,True,ridge,False,extended_K,ridge|history=False|extended_K
ridge::M_P_C,ridge::D_B_M_P_C_A_K,-0.024965534344845164,-0.04646086237949198,-0.004160890630541589,-0.006143455152829276,-0.004529932113142239,0.010958901313708684,0.027249032615504314,127,2000,True,True,True,True,ridge,False,extended_K,ridge|history=False|extended_K
ridge::D_M_P_C,ridge::D_B_M_P_C_A_K,0.0017008360493447105,-0.00986562935176625,0.012706493716976977,0.011543342421741029,0.022136438281047634,0.00586560658175902,0.01458468330727018,127,2000,False,False,False,False,ridge,False,extended_K,ridge|history=False|extended_K
ridge::B_M_P_C,ridge::D_B_M_P_C_A_K,-0.03258059655740319,-0.05286393044298834,-0.013745222303743638,-0.015618658653095443,-0.012144994325700265,0.010084817205582084,0.02507564445466364,127,2000,True,True,True,True,ridge,False,extended_K,ridge|history=False|extended_K
ridge::D_B_M_P_C,ridge::D_B_M_P_C_A_K,-0.0045333810002392855,-0.014520824180920757,0.005059313753335438,0.0039505730030284705,0.01590222123146364,0.005044790615376702,0.012543745041743519,127,2000,False,False,False,True,ridge,False,extended_K,ridge|history=False|extended_K
ridge::A,ridge::D_B_M_P_C_A_K,-0.012341872465300552,-0.031206027026655883,0.005568467490061133,0.003755719079069131,0.008093729766402373,0.009449596016153014,0.023496182936275863,127,2000,False,False,True,True,ridge,False,extended_K,ridge|history=False|extended_K
ridge::D_A,ridge::D_B_M_P_C_A_K,0.02164515347576337,0.012693173778072112,0.03042548732947586,0.029488394301853287,0.04208075570746629,0.004667515241733409,0.011605659309684525,127,2000,False,False,False,False,ridge,False,extended_K,ridge|history=False|extended_K
ridge::B_A,ridge::D_B_M_P_C_A_K,-0.01946810853292403,-0.03710879571521336,-0.002707925174041749,-0.004738548428483631,0.0009674936987788957,0.008800715016195566,0.021882756642409743,127,2000,True,True,True,True,ridge,False,extended_K,ridge|history=False|extended_K
ridge::D_B_A,ridge::D_B_M_P_C_A_K,0.011916375111417153,0.0041725393692446135,0.019224892680228218,0.018558474912494315,0.03235197734312008,0.0038643458879576774,0.009608598902777552,127,2000,False,False,False,False,ridge,False,extended_K,ridge|history=False|extended_K
ridge::M_A,ridge::D_B_M_P_C_A_K,-0.01801412446299546,-0.03731793242978832,-1.0724851925417158e-05,-0.0020571386256843273,0.002421477768707464,0.009404180853985639,0.023383259277260045,127,2000,True,True,True,True,ridge,False,extended_K,ridge|history=False|extended_K
ridge::D_M_A,ridge::D_B_M_P_C_A_K,0.018171691424573862,0.009329145848075702,0.02706875299478778,0.02588617672294637,0.038607293656276784,0.004618924721605764,0.01148484020292733,127,2000,False,False,False,False,ridge,False,extended_K,ridge|history=False|extended_K
ridge::B_M_A,ridge::D_B_M_P_C_A_K,-0.022730310121793395,-0.040290876317737236,-0.00583345244403098,-0.008023683765381606,-0.00229470789009047,0.008781880418268927,0.02183592488815707,127,2000,True,True,True,True,ridge,False,extended_K,ridge|history=False|extended_K
ridge::D_B_M_A,ridge::D_B_M_P_C_A_K,0.010772239464315181,0.002973874437923303,0.018122140844803267,0.01737209983301916,0.031207841696018104,0.0038631034039995904,0.009605509497651163,127,2000,False,False,False,False,ridge,False,extended_K,ridge|history=False|extended_K
ridge::P_A,ridge::D_B_M_P_C_A_K,-0.015664428311488295,-0.034974393155624214,0.0027040565147334657,0.0006673739331557009,0.00477117392021463,0.009646766841783942,0.023986443237436,127,2000,False,True,True,True,ridge,False,extended_K,ridge|history=False|extended_K
ridge::D_P_A,ridge::D_B_M_P_C_A_K,0.023687893276945593,0.015070324811875434,0.0323452944018191,0.031199668529472455,0.04412349550864852,0.004497930247850692,0.011183990485672968,127,2000,False,False,False,False,ridge,False,extended_K,ridge|history=False|extended_K
ridge::B_P_A,ridge::D_B_M_P_C_A_K,-0.01735263273575639,-0.03468699928493778,-0.0007300472942175452,-0.002589589705872742,0.003082969495946535,0.008753380770948276,0.021765061231560457,127,2000,False,True,True,True,ridge,False,extended_K,ridge|history=False|extended_K
ridge::D_B_P_A,ridge::D_B_M_P_C_A_K,0.014951397072982668,0.00798424194894445,0.021623779575032084,0.020763307957250454,0.03538699930468559,0.003496146696400809,0.008693080869305996,127,2000,False,False,False,False,ridge,False,extended_K,ridge|history=False|extended_K
ridge::M_P_A,ridge::D_B_M_P_C_A_K,-0.02033303322728462,-0.040174176149076785,-0.002022764213433066,-0.004173202991903876,0.00010256900441830627,0.009598219328879014,0.023865731067056917,127,2000,True,True,True,True,ridge,False,extended_K,ridge|history=False|extended_K
ridge::D_M_P_A,ridge::D_B_M_P_C_A_K,0.01963237351664624,0.011059162723929023,0.028389354629549887,0.027088898992734183,0.040067975748349166,0.004456716621023764,0.011081513838656777,127,2000,False,False,False,False,ridge,False,extended_K,ridge|history=False|extended_K
ridge::B_M_P_A,ridge::D_B_M_P_C_A_K,-0.020829734667519948,-0.03828889743261204,-0.004206590337529954,-0.005976811645996852,-0.00039413243581702326,0.008743269619229117,0.021739920106999825,127,2000,True,True,True,True,ridge,False,extended_K,ridge|history=False|extended_K
ridge::D_B_M_P_A,ridge::D_B_M_P_C_A_K,0.012531507211767283,0.005466668451261877,0.019280527894442956,0.01836337319604701,0.032967109443470206,0.0035044215330357364,0.008713656042573688,127,2000,False,False,False,False,ridge,False,extended_K,ridge|history=False|extended_K
ridge::C_A,ridge::D_B_M_P_C_A_K,-0.012457382764158515,-0.031357395776353214,0.005538973271548121,0.0034701957396285708,0.00797821946754441,0.009321524665020868,0.02317773674133239,127,2000,False,False,True,True,ridge,False,extended_K,ridge|history=False|extended_K
ridge::D_C_A,ridge::D_B_M_P_C_A_K,0.022456133243089614,0.013275985166352504,0.03138212656366646,0.030204306563295764,0.04289173547479254,0.004688805248532409,0.011658596376370631,127,2000,False,False,False,False,ridge,False,extended_K,ridge|history=False|extended_K
ridge::B_C_A,ridge::D_B_M_P_C_A_K,-0.019697872100427886,-0.03694183835556376,-0.003228101648761368,-0.0050339158101100345,0.0007377301312750384,0.008675693508303413,0.02157189380601105,127,2000,True,True,True,True,ridge,False,extended_K,ridge|history=False|extended_K
ridge::D_B_C_A,ridge::D_B_M_P_C_A_K,0.012828107702140363,0.004917215623605812,0.020178365463098695,0.01951075645408815,0.03326370993384329,0.003906305561399906,0.009712930575947467,127,2000,False,False,False,False,ridge,False,extended_K,ridge|history=False|extended_K
ridge::M_C_A,ridge::D_B_M_P_C_A_K,-0.02149356376553946,-0.04084762683621393,-0.0033667845972270073,-0.0053673062593556295,-0.0010579615338365336,0.009518990353222505,0.023668730210861907,127,2000,True,True,True,True,ridge,False,extended_K,ridge|history=False|extended_K
ridge::D_M_C_A,ridge::D_B_M_P_C_A_K,0.019349853874587288,0.010274274867956791,0.028416784283417606,0.026967045354541287,0.03978545610629021,0.004641582464032022,0.011541178109866459,127,2000,False,False,False,False,ridge,False,extended_K,ridge|history=False|extended_K
ridge::B_M_C_A,ridge::D_B_M_P_C_A_K,-0.022874925342451138,-0.040064537080288995,-0.0064019250905276125,-0.008449752754445325,-0.002439323110748213,0.00864926403018143,0.021506177573083964,127,2000,True,True,True,True,ridge,False,extended_K,ridge|history=False|extended_K
ridge::D_B_M_C_A,ridge::D_B_M_P_C_A_K,0.011943332096674237,0.003950247078775694,0.0193317901211062,0.01853578477856744,0.032378934328377164,0.0038915017527491,0.009676121277897224,127,2000,False,False,False,False,ridge,False,extended_K,ridge|history=False|extended_K
ridge::P_C_A,ridge::D_B_M_P_C_A_K,-0.016040994665993506,-0.03508197552181641,0.002306797089391868,8.079770804988659e-05,0.004394607565709419,0.009561050124740868,0.023773310775381716,127,2000,False,True,True,True,ridge,False,extended_K,ridge|history=False|extended_K
ridge::D_P_C_A,ridge::D_B_M_P_C_A_K,0.02507146298949489,0.01626121066669307,0.0339271655959041,0.032479365908753444,0.045507065221197816,0.004507872761196074,0.011208712295156686,127,2000,False,False,False,False,ridge,False,extended_K,ridge|history=False|extended_K
ridge::B_P_C_A,ridge::D_B_M_P_C_A_K,-0.01774902467151189,-0.03512217580944021,-0.0016773776227589205,-0.003154531482642676,0.002686577560191035,0.008623756352241645,0.021442753373136336,127,2000,False,True,True,True,ridge,False,extended_K,ridge|history=False|extended_K
ridge::D_B_P_C_A,ridge::D_B_M_P_C_A_K,0.015603967509476933,0.008464189236736362,0.02249099957395866,0.02138416103645626,0.03603956974117986,0.00350763905988698,0.008721656342202367,127,2000,False,False,False,False,ridge,False,extended_K,ridge|history=False|extended_K
ridge::M_P_C_A,ridge::D_B_M_P_C_A_K,-0.020727538350705923,-0.04003758009479739,-0.0024335073772844664,-0.004811393757855331,-0.000291936119002998,0.009509219190359457,0.02364443446004485,127,2000,True,True,True,True,ridge,False,extended_K,ridge|history=False|extended_K
ridge::D_M_P_C_A,ridge::D_B_M_P_C_A_K,0.020908828165790583,0.012304447480749076,0.029630467110877155,0.02823476703094304,0.04134443039749351,0.004444758758919151,0.01105178091514804,127,2000,False,False,False,False,ridge,False,extended_K,ridge|history=False|extended_K
ridge::B_M_P_C_A,ridge::D_B_M_P_C_A_K,-0.021089677733120694,-0.038233972470792583,-0.005026028008642912,-0.006636373611175979,-0.0006540755014177689,0.008602922320749655,0.02139095007758813,127,2000,True,True,True,True,ridge,False,extended_K,ridge|history=False|extended_K
ridge::D_B_M_P_C_A,ridge::D_B_M_P_C_A_K,0.013717317898529527,0.006494990182029572,0.020613503229167246,0.019538959738809154,0.03415292013023245,0.0034949890037873966,0.008690202295726531,127,2000,False,False,False,False,ridge,False,extended_K,ridge|history=False|extended_K
ridge::K,ridge::D_B_M_P_C_A_K,-0.051073057885912945,-0.0704013077628555,-0.032544552251642024,-0.03463398581693565,-0.03063745565421002,0.00984755080185414,0.02448568750654708,127,2000,True,True,True,True,ridge,False,extended_K,ridge|history=False|extended_K
ridge::D_K,ridge::D_B_M_P_C_A_K,-0.019739283635288808,-0.02965815521080479,-0.009733493161189197,-0.01106482429646685,0.0006963185964141173,0.005155746251030929,0.012819633440431256,127,2000,True,True,True,True,ridge,False,extended_K,ridge|history=False|extended_K
ridge::B_K,ridge::D_B_M_P_C_A_K,-0.05627707517317725,-0.07446274167851256,-0.039020250832581455,-0.0409349903764894,-0.03584147294147433,0.009174234455649926,0.022811503338530166,127,2000,True,True,True,True,ridge,False,extended_K,ridge|history=False|extended_K
ridge::D_B_K,ridge::D_B_M_P_C_A_K,-0.027225764418758163,-0.035786267146144225,-0.0188546299991224,-0.020208402883366686,-0.006790162187055238,0.004282134487963776,0.010647419753706394,127,2000,True,True,True,True,ridge,False,extended_K,ridge|history=False|extended_K
ridge::M_K,ridge::D_B_M_P_C_A_K,-0.04982310767399942,-0.0691856765576128,-0.03132293441007491,-0.033411190907901185,-0.029387505442296492,0.009860938004704304,0.024518974449886755,127,2000,True,True,True,True,ridge,False,extended_K,ridge|history=False|extended_K
ridge::D_M_K,ridge::D_B_M_P_C_A_K,-0.017437506378479867,-0.02738384239752378,-0.00733353401585119,-0.00885689364339467,0.0029980958532230574,0.005168900611950688,0.012852341428164502,127,2000,False,True,True,True,ridge,False,extended_K,ridge|history=False|extended_K
ridge::B_M_K,ridge::D_B_M_P_C_A_K,-0.05383049834015858,-0.07224568107106231,-0.03671331819144893,-0.038424118490149047,-0.033394896108455654,0.009184363143168695,0.022836688065415695,127,2000,True,True,True,True,ridge,False,extended_K,ridge|history=False|extended_K
ridge::D_B_M_K,ridge::D_B_M_P_C_A_K,-0.023592364313312252,-0.032269648324120895,-0.015264011568579526,-0.016485446058738255,-0.0031567620816093274,0.00431119371260072,0.010719674785232487,127,2000,True,True,True,True,ridge,False,extended_K,ridge|history=False|extended_K
ridge::P_K,ridge::D_B_M_P_C_A_K,-0.04714043981415878,-0.06671261377829918,-0.02882050494710989,-0.03059415424941414,-0.026704837582455856,0.00984125083359121,0.024470022793839204,127,2000,True,True,True,True,ridge,False,extended_K,ridge|history=False|extended_K
ridge::D_P_K,ridge::D_B_M_P_C_A_K,-0.014217111418719959,-0.024260054768508378,-0.003889589279575302,-0.005642909060491008,0.006218490812982966,0.005240235161021817,0.013029712991116707,127,2000,False,False,True,True,ridge,False,extended_K,ridge|history=False|extended_K
ridge::B_P_K,ridge::D_B_M_P_C_A_K,-0.0514253031905896,-0.06951872078231346,-0.03434487999690467,-0.036260517485172436,-0.030989700958886673,0.00913871206680309,0.022723177811676737,127,2000,True,True,True,True,ridge,False,extended_K,ridge|history=False|extended_K
ridge::D_B_P_K,ridge::D_B_M_P_C_A_K,-0.020776839843865774,-0.029050401077698677,-0.011653875622675907,-0.013623359023799545,-0.00034123761216284937,0.0043753056100477375,0.010879087406495012,127,2000,True,True,True,True,ridge,False,extended_K,ridge|history=False|extended_K
ridge::M_P_K,ridge::D_B_M_P_C_A_K,-0.046636237825562074,-0.06615503341853253,-0.028310100686247782,-0.03005094388889611,-0.02620063559385915,0.009844546402777082,0.02447821714377099,127,2000,True,True,True,True,ridge,False,extended_K,ridge|history=False|extended_K
ridge::D_M_P_K,ridge::D_B_M_P_C_A_K,-0.013270664656432915,-0.02316967855863754,-0.0029184033091603843,-0.004675440512615703,0.00716493757527001,0.005228299379278295,0.013000034969870735,127,2000,False,False,True,True,ridge,False,extended_K,ridge|history=False|extended_K
ridge::B_M_P_K,ridge::D_B_M_P_C_A_K,-0.04954846557772983,-0.0678284250508443,-0.0324998758823593,-0.034352418090901324,-0.029112863346026904,0.009140177643067576,0.022726821930214563,127,2000,True,True,True,True,ridge,False,extended_K,ridge|history=False|extended_K
ridge::D_B_M_P_K,ridge::D_B_M_P_C_A_K,-0.018817698563071986,-0.027069996795685947,-0.009649663905275736,-0.011785079178608528,0.0016179036686309392,0.004351201571830301,0.010819153321430238,127,2000,True,True,True,True,ridge,False,extended_K,ridge|history=False|extended_K
ridge::C_K,ridge::D_B_M_P_C_A_K,-0.051319511914050556,-0.0705117541795923,-0.032838319259441744,-0.03487547794062109,-0.03088390968234763,0.009733201075269307,0.024201359786086056,127,2000,True,True,True,True,ridge,False,extended_K,ridge|history=False|extended_K
ridge::D_C_K,ridge::D_B_M_P_C_A_K,-0.019670434844026988,-0.029214792251716703,-0.010168258934209579,-0.01125338992585918,0.0007651673876759371,0.004995206545130923,0.012420455497594914,127,2000,True,True,True,True,ridge,False,extended_K,ridge|history=False|extended_K
ridge::B_C_K,ridge::D_B_M_P_C_A_K,-0.056873651104751816,-0.07449318369756729,-0.039941550691564326,-0.04147167620996889,-0.03643804887304889,0.009054980547894985,0.022514981494878215,127,2000,True,True,True,True,ridge,False,extended_K,ridge|history=False|extended_K
ridge::D_B_C_K,ridge::D_B_M_P_C_A_K,-0.02721232684504272,-0.03570696621623192,-0.01923444633088537,-0.02028809201353992,-0.0067767246133397935,0.004128251135227161,0.010264792665673596,127,2000,True,True,True,True,ridge,False,extended_K,ridge|history=False|extended_K
ridge::M_C_K,ridge::D_B_M_P_C_A_K,-0.05014543312729176,-0.06921736929164955,-0.03172744222996334,-0.03370776001866767,-0.029709830895588832,0.009742011231069398,0.024223266017000287,127,2000,True,True,True,True,ridge,False,extended_K,ridge|history=False|extended_K
ridge::D_M_C_K,ridge::D_B_M_P_C_A_K,-0.016787403711379965,-0.02636957194216318,-0.007338831240421733,-0.008340051854833308,0.00364819852032296,0.00501642037066762,0.01247320314148746,127,2000,False,True,True,True,ridge,False,extended_K,ridge|history=False|extended_K
ridge::B_M_C_K,ridge::D_B_M_P_C_A_K,-0.05423171618410983,-0.07201467348034668,-0.0373588756271789,-0.03892666765890121,-0.033796113952406906,0.009067466803078593,0.02254602825449435,127,2000,True,True,True,True,ridge,False,extended_K,ridge|history=False|extended_K
ridge::D_B_M_C_K,ridge::D_B_M_P_C_A_K,-0.02321401766412517,-0.03159379368186375,-0.01523293942742211,-0.016227684564673835,-0.0027784154324222467,0.004164357073237301,0.01035456917285146,127,2000,True,True,True,True,ridge,False,extended_K,ridge|history=False|extended_K
ridge::P_C_K,ridge::D_B_M_P_C_A_K,-0.047855607927320895,-0.0672980243150874,-0.029823803562170494,-0.03151908111187479,-0.02742000569561797,0.009714104217512638,0.024153875929359088,127,2000,True,True,True,True,ridge,False,extended_K,ridge|history=False|extended_K
ridge::D_P_C_K,ridge::D_B_M_P_C_A_K,-0.01423199441582046,-0.024102683685173053,-0.004416394114659484,-0.005953393650792881,0.006203607815882466,0.005071406993103941,0.012609925995840519,127,2000,False,False,True,True,ridge,False,extended_K,ridge|history=False|extended_K
ridge::B_P_C_K,ridge::D_B_M_P_C_A_K,-0.05221102312142329,-0.06996061630941527,-0.03527139809755349,-0.037029516897033314,-0.031775420889720365,0.009010000258816705,0.02240313913686595,127,2000,True,True,True,True,ridge,False,extended_K,ridge|history=False|extended_K
ridge::D_B_P_C_K,ridge::D_B_M_P_C_A_K,-0.020921163632648242,-0.028906582058235916,-0.012546016275982884,-0.01413349091601571,-0.00048556140094531755,0.004184407819329785,0.010404424848945179,127,2000,True,True,True,True,ridge,False,extended_K,ridge|history=False|extended_K
ridge::M_P_C_K,ridge::D_B_M_P_C_A_K,-0.04713131735777581,-0.06653659053616891,-0.029043361383857328,-0.030823326276323785,-0.026695715126072883,0.00971907713099341,0.02416624095371259,127,2000,True,True,True,True,ridge,False,extended_K,ridge|history=False|extended_K
ridge::D_M_P_C_K,ridge::D_B_M_P_C_A_K,-0.013056386028929794,-0.022871106908402848,-0.0032423625946716283,-0.0047836332517156,0.007379216202773131,0.005078010755078312,0.01262634608397468,127,2000,False,False,True,True,ridge,False,extended_K,ridge|history=False|extended_K
ridge::B_M_P_C_K,ridge::D_B_M_P_C_A_K,-0.05014278201163452,-0.06820492009109834,-0.03322593404376259,-0.035066504267342195,-0.029707179779931592,0.009011648605952096,0.02240723771057952,127,2000,True,True,True,True,ridge,False,extended_K,ridge|history=False|extended_K
ridge::D_B_M_P_C_K,ridge::D_B_M_P_C_A_K,-0.018469878548789308,-0.02653517137174476,-0.01011971948710279,-0.011734243812951104,0.001965723682913617,0.004163605436411704,0.01035270024678037,127,2000,True,True,True,True,ridge,False,extended_K,ridge|history=False|extended_K
ridge::A_K,ridge::D_B_M_P_C_A_K,-0.03793735709063584,-0.054010010982248675,-0.022651344766848998,-0.024571801689694306,-0.017501754858932912,0.008090295131097965,0.020116315457697934,127,2000,True,True,True,True,ridge,False,extended_K,ridge|history=False|extended_K
ridge::D_A_K,ridge::D_B_M_P_C_A_K,0.0009274614581027592,-0.004986712647167869,0.006534448249523532,0.005984756649190089,0.021363063689805683,0.0029840322040937044,0.007419721058474171,127,2000,False,False,False,False,ridge,False,extended_K,ridge|history=False|extended_K
ridge::B_A_K,ridge::D_B_M_P_C_A_K,-0.042738017381682814,-0.05695138258897332,-0.028372615203001078,-0.030225717291950678,-0.02230241514997989,0.007482133081795791,0.018604135810983087,127,2000,True,True,True,True,ridge,False,extended_K,ridge|history=False|extended_K
ridge::D_B_A_K,ridge::D_B_M_P_C_A_K,-0.007252262169916419,-0.010914908760328407,-0.0037917247177622795,-0.004201503958530246,0.013183340061786505,0.001809501457484923,0.004499279884118497,127,2000,False,False,False,True,ridge,False,extended_K,ridge|history=False|extended_K
ridge::M_A_K,ridge::D_B_M_P_C_A_K,-0.037346925904655014,-0.05350065947198866,-0.022012241525267564,-0.024000742407390217,-0.01691132367295209,0.008092671006961854,0.02012222301330522,127,2000,True,True,True,True,ridge,False,extended_K,ridge|history=False|extended_K
ridge::D_M_A_K,ridge::D_B_M_P_C_A_K,0.0028884373455248377,-0.003056761093576352,0.00863278037398505,0.007976288804187897,0.023324039577227763,0.003004903432275561,0.007471616842656625,127,2000,False,False,False,False,ridge,False,extended_K,ridge|history=False|extended_K
ridge::B_M_A_K,ridge::D_B_M_P_C_A_K,-0.04066539531413097,-0.05506123252081924,-0.026225534878873864,-0.028348094397984136,-0.020229793082428046,0.007479148255460178,0.018596714115336553,127,2000,True,True,True,True,ridge,False,extended_K,ridge|history=False|extended_K
ridge::D_B_M_A_K,ridge::D_B_M_P_C_A_K,-0.0038195814073554734,-0.007359664171633985,-0.0003772874743751178,-0.0006712134745193977,0.01661602082434745,0.0018158357333467703,0.004515029901808607,127,2000,False,False,False,True,ridge,False,extended_K,ridge|history=False|extended_K
ridge::P_A_K,ridge::D_B_M_P_C_A_K,-0.03567063648094736,-0.05190882350121471,-0.020122720627376918,-0.022282735929367005,-0.015235034249244432,0.008028368048730366,0.019962335324205275,127,2000,True,True,True,True,ridge,False,extended_K,ridge|history=False|extended_K
ridge::D_P_A_K,ridge::D_B_M_P_C_A_K,0.004394508737557446,-0.0007108752842032149,0.009771341386114695,0.008882353783264131,0.02483011096926037,0.002713057167845602,0.00674594844301358,127,2000,False,False,False,False,ridge,False,extended_K,ridge|history=False|extended_K
ridge::B_P_A_K,ridge::D_B_M_P_C_A_K,-0.03965899303470515,-0.05407740914308585,-0.025627387115978936,-0.02768989252659557,-0.019223390803002227,0.007368479839536508,0.01832153988128829,127,2000,True,True,True,True,ridge,False,extended_K,ridge|history=False|extended_K
ridge::D_B_P_A_K,ridge::D_B_M_P_C_A_K,-0.0032300923391594552,-0.005013008438606554,-0.0013273847587216797,-0.0017169099913685536,0.01720550989254347,0.0009346526304971898,0.002323990269054251,127,2000,False,False,False,True,ridge,False,extended_K,ridge|history=False|extended_K
ridge::M_P_A_K,ridge::D_B_M_P_C_A_K,-0.03542141380644004,-0.05157519676394167,-0.019926003585279045,-0.022059978473318878,-0.014985811574737114,0.008028749501789507,0.0199632837976473,127,2000,True,True,True,True,ridge,False,extended_K,ridge|history=False|extended_K
ridge::D_M_P_A_K,ridge::D_B_M_P_C_A_K,0.005037952013647096,-6.0378517254563024e-05,0.010476724086469975,0.009497279435675021,0.02547355424535002,0.0027146471414800583,0.006749901872484552,127,2000,False,False,False,False,ridge,False,extended_K,ridge|history=False|extended_K
ridge::B_M_P_A_K,ridge::D_B_M_P_C_A_K,-0.03802951632433955,-0.05241194799622065,-0.02405779302242769,-0.026158291290117062,-0.017593914092636623,0.007358593680853679,0.01829695819625628,127,2000,True,True,True,True,ridge,False,extended_K,ridge|history=False|extended_K
ridge::D_B_M_P_A_K,ridge::D_B_M_P_C_A_K,-0.0012167719090258097,-0.0027473620226367984,0.000451856519201225,6.689648953634342e-05,0.019218830322677113,0.0008144282481660425,0.0020250553647657805,127,2000,False,False,False,True,ridge,False,extended_K,ridge|history=False|extended_K
ridge::C_A_K,ridge::D_B_M_P_C_A_K,-0.03804414487295664,-0.05406210169765543,-0.02315264784764132,-0.02504071460531187,-0.017608542641253715,0.007970523935318264,0.01981850739037676,127,2000,True,True,True,True,ridge,False,extended_K,ridge|history=False|extended_K
ridge::D_C_A_K,ridge::D_B_M_P_C_A_K,0.0016271451652608746,-0.004144189469267409,0.0071999309033054975,0.006409114423641347,0.0220627473969638,0.0029132819119908338,0.007243802235785626,127,2000,False,False,False,False,ridge,False,extended_K,ridge|history=False|extended_K
ridge::B_C_A_K,ridge::D_B_M_P_C_A_K,-0.042940619183022916,-0.057298032226598405,-0.02889542212114497,-0.03064653312648472,-0.02250501695131999,0.007367588917462642,0.018319324625948936,127,2000,True,True,True,True,ridge,False,extended_K,ridge|history=False|extended_K
ridge::D_B_C_A_K,ridge::D_B_M_P_C_A_K,-0.0061550568375259304,-0.009646963737285361,-0.0028293144610891958,-0.0031568894667329864,0.014280545394176995,0.0017447162585338494,0.004338193115592582,127,2000,False,False,False,True,ridge,False,extended_K,ridge|history=False|extended_K
ridge::M_C_A_K,ridge::D_B_M_P_C_A_K,-0.03717417601118603,-0.05340475784022878,-0.02222814459250688,-0.0241724273512387,-0.016738573779483103,0.007974242890058068,0.019827754477844715,127,2000,True,True,True,True,ridge,False,extended_K,ridge|history=False|extended_K
ridge::D_M_C_A_K,ridge::D_B_M_P_C_A_K,0.0043950676238461075,-0.0014173140790884576,0.010096928011955575,0.009322039245524773,0.024830669855549034,0.0029575344982561455,0.00735383517904751,127,2000,False,False,False,False,ridge,False,extended_K,ridge|history=False|extended_K
ridge::B_M_C_A_K,ridge::D_B_M_P_C_A_K,-0.04060176149927127,-0.055009254566582746,-0.026461829030198263,-0.028398013482207524,-0.020166159267568345,0.0073691121001600276,0.018323111981433972,127,2000,True,True,True,True,ridge,False,extended_K,ridge|history=False|extended_K
ridge::D_B_M_C_A_K,ridge::D_B_M_P_C_A_K,-0.002440667727378711,-0.006079073086156863,0.000948778835299433,0.0005467271271537145,0.017994934504324215,0.0017702556642030368,0.004401696205741751,127,2000,False,False,False,True,ridge,False,extended_K,ridge|history=False|extended_K
ridge::P_C_A_K,ridge::D_B_M_P_C_A_K,-0.035881016140941656,-0.052019154474605776,-0.020919454175793353,-0.023020476598271528,-0.015445413909238731,0.007898149094243724,0.019638549167510472,127,2000,True,True,True,True,ridge,False,extended_K,ridge|history=False|extended_K
ridge::D_P_C_A_K,ridge::D_B_M_P_C_A_K,0.005119555818046826,0.0002462500167289948,0.010102506262582094,0.009309985541440122,0.02555515804974975,0.002578533206617067,0.006411457995280669,127,2000,False,False,False,False,ridge,False,extended_K,ridge|history=False|extended_K
ridge::B_P_C_A_K,ridge::D_B_M_P_C_A_K,-0.03999535110830274,-0.05420782080862685,-0.026168831120722633,-0.02828039248905681,-0.019559748876599815,0.007236488343451421,0.01799334634446972,127,2000,True,True,True,True,ridge,False,extended_K,ridge|history=False|extended_K
ridge::D_B_P_C_A_K,ridge::D_B_M_P_C_A_K,-0.0022572576228891503,-0.0030847221917116195,-0.001391892132489823,-0.0015645581039127148,0.018178344608813776,0.0004371805088033432,0.001087038344650773,127,2000,False,False,False,True,ridge,False,extended_K,ridge|history=False|extended_K
ridge::M_P_C_A_K,ridge::D_B_M_P_C_A_K,-0.03538732642395885,-0.05154621405102684,-0.020429824701147827,-0.022555379561531336,-0.014951724192255926,0.007899248787982233,0.01964128352834555,127,2000,True,True,True,True,ridge,False,extended_K,ridge|history=False|extended_K
ridge::D_M_P_C_A_K,ridge::D_B_M_P_C_A_K,0.006209275693944627,0.0013881828720026486,0.011221599434679777,0.010382455780888498,0.026644877925647553,0.0025822243266921566,0.006420635872554557,127,2000,False,False,False,False,ridge,False,extended_K,ridge|history=False|extended_K
ridge::B_M_P_C_A_K,ridge::D_B_M_P_C_A_K,-0.03810785552096788,-0.05235469171540171,-0.024454999286323838,-0.026285859136541585,-0.017672253289264958,0.0072282364057384045,0.01797282810879569,127,2000,True,True,True,True,ridge,False,extended_K,ridge|history=False|extended_K
ridge::NONE,ridge::D_B_M_P_C_A,-0.037184734227237726,-0.05824684668426977,-0.016865757160693634,-0.01874754954616763,-0.017607874289312903,0.010771783778110817,0.02678376956727694,63,2000,True,True,True,True,ridge,False,original_noK,ridge|history=False|original_noK
ridge::D,ridge::D_B_M_P_C_A,-0.012167153873518653,-0.02216560873221801,-0.0018181708424869904,-0.003217491799896253,0.00740970606440617,0.005333995883221715,0.013262846669771363,63,2000,False,False,True,True,ridge,False,original_noK,ridge|history=False|original_noK
ridge::B,ridge::D_B_M_P_C_A,-0.045388490045705304,-0.06547138940359458,-0.027290796156165403,-0.028511682495945642,-0.02581163010778048,0.009934213953514976,0.02470117325448556,63,2000,True,True,True,True,ridge,False,original_noK,ridge|history=False|original_noK
ridge::D_B,ridge::D_B_M_P_C_A,-0.021847927839829875,-0.030402263409642593,-0.013502294862273749,-0.014715924527511883,-0.0022710679019050523,0.0043274481270955956,0.010760090978246538,63,2000,True,True,True,True,ridge,False,original_noK,ridge|history=False|original_noK
ridge::M,ridge::D_B_M_P_C_A,-0.04193735135472069,-0.06322687019152609,-0.021890745940993623,-0.023456237966924903,-0.022360491416795865,0.010695626721856609,0.02659440696144931,63,2000,True,True,True,True,ridge,False,original_noK,ridge|history=False|original_noK
ridge::D_M,ridge::D_B_M_P_C_A,-0.015447788418772904,-0.025674644854975195,-0.0053934145662488725,-0.006567471311287269,0.004129071519151919,0.0052843757102811195,0.013139467357179701,63,2000,False,True,True,True,ridge,False,original_noK,ridge|history=False|original_noK
ridge::B_M,ridge::D_B_M_P_C_A,-0.048547194795777494,-0.06819737966897278,-0.03045774507435685,-0.031984537979671206,-0.02897033485785267,0.009892747034072637,0.024598066801748798,63,2000,True,True,True,True,ridge,False,original_noK,ridge|history=False|original_noK
ridge::D_B_M,ridge::D_B_M_P_C_A,-0.022707820858842914,-0.031201664068528003,-0.014374419787280575,-0.0155583476887208,-0.0031309609209180904,0.00431632345378866,0.010732429757737295,63,2000,True,True,True,True,ridge,False,original_noK,ridge|history=False|original_noK
ridge::P,ridge::D_B_M_P_C_A,-0.03679143470679764,-0.057958593032687356,-0.016495070816851344,-0.01831084054958784,-0.017214574768872816,0.010771537445745952,0.02678315706804437,63,2000,True,True,True,True,ridge,False,original_noK,ridge|history=False|original_noK
ridge::D_P,ridge::D_B_M_P_C_A,-0.008443048373989815,-0.019090088447172956,0.002245818636286123,0.0003433956661963236,0.011133811563935008,0.005415299840096283,0.013465006914601136,63,2000,False,False,False,True,ridge,False,original_noK,ridge|history=False|original_noK
ridge::B_P,ridge::D_B_M_P_C_A,-0.04212802063461853,-0.06222036110881234,-0.02409171583583285,-0.025388458900830378,-0.02255116069669371,0.00993910203230122,0.02471332733950382,63,2000,True,True,True,True,ridge,False,original_noK,ridge|history=False|original_noK
ridge::D_B_P,ridge::D_B_M_P_C_A,-0.01650182682209476,-0.02509581154146655,-0.0076064393599368655,-0.009351818845245618,0.003075033115830062,0.004410146846678105,0.010965719265486002,63,2000,False,True,True,True,ridge,False,original_noK,ridge|history=False|original_noK
ridge::M_P,ridge::D_B_M_P_C_A,-0.038561312469205654,-0.05972904541816587,-0.018386691378829027,-0.02018939205326072,-0.01898445253128083,0.01073816884478905,0.026700186880634164,63,2000,True,True,True,True,ridge,False,original_noK,ridge|history=False|original_noK
ridge::D_M_P,ridge::D_B_M_P_C_A,-0.012595874046581985,-0.02308908454914445,-0.002168154609304337,-0.003963752362511473,0.006980985891342838,0.005364086005426322,0.013337665002183226,63,2000,False,False,True,True,ridge,False,original_noK,ridge|history=False|original_noK
ridge::B_M_P,ridge::D_B_M_P_C_A,-0.045463434844907696,-0.06526552819709995,-0.02741121539585494,-0.028752106210465523,-0.025886574906982873,0.009900652002285442,0.02461772230648318,63,2000,True,True,True,True,ridge,False,original_noK,ridge|history=False|original_noK
ridge::D_B_M_P,ridge::D_B_M_P_C_A,-0.018492973970495367,-0.02691653778369171,-0.009436805081167069,-0.01131569271698671,0.0010838859674294557,0.004400834415448547,0.010942564139343346,63,2000,True,True,True,True,ridge,False,original_noK,ridge|history=False|original_noK
ridge::C,ridge::D_B_M_P_C_A,-0.03771228536378131,-0.058880100096744305,-0.017522397203738365,-0.01931249090727225,-0.018135425425856486,0.010685666435729012,0.02656964096038941,63,2000,True,True,True,True,ridge,False,original_noK,ridge|history=False|original_noK
ridge::D_C,ridge::D_B_M_P_C_A,-0.011911591277214294,-0.021970855662241134,-0.0019292283115548486,-0.003167558352962528,0.007665268660710529,0.005193411491763131,0.012913287114627477,63,2000,False,False,True,True,ridge,False,original_noK,ridge|history=False|original_noK
ridge::B_C,ridge::D_B_M_P_C_A,-0.04621585266501862,-0.06580419539812461,-0.028491805227894833,-0.02955283743135023,-0.026638992727093795,0.009780743194852368,0.024319572071245382,63,2000,True,True,True,True,ridge,False,original_noK,ridge|history=False|original_noK
ridge::D_B_C,ridge::D_B_M_P_C_A,-0.021753750298360915,-0.030193155882330177,-0.01381616429108117,-0.014863707291013316,-0.0021768903604360915,0.004173894619834434,0.01037828404269631,63,2000,True,True,True,True,ridge,False,original_noK,ridge|history=False|original_noK
ridge::M_C,ridge::D_B_M_P_C_A,-0.04246622296549257,-0.06360173666753492,-0.02257614582215986,-0.024152872082599468,-0.02288936302756775,0.010608971801901894,0.02637894168144116,63,2000,True,True,True,True,ridge,False,original_noK,ridge|history=False|original_noK
ridge::D_M_C,ridge::D_B_M_P_C_A,-0.014906040160361837,-0.024866716901667956,-0.0050433821619072115,-0.00638348945991902,0.004670819777562986,0.0051340777241885,0.012765755193172959,63,2000,False,True,True,True,ridge,False,original_noK,ridge|history=False|original_noK
ridge::B_M_C,ridge::D_B_M_P_C_A,-0.04925019377780187,-0.06868341642648688,-0.03165208659897632,-0.03268092908588437,-0.029673333839877046,0.009739074319365748,0.02421596345988158,63,2000,True,True,True,True,ridge,False,original_noK,ridge|history=False|original_noK
ridge::D_B_M_C,ridge::D_B_M_P_C_A,-0.02211594342339068,-0.030467545511419496,-0.014248146407059443,-0.015272742185151397,-0.002539083485465856,0.004149948345274669,0.01031874223300024,63,2000,True,True,True,True,ridge,False,original_noK,ridge|history=False|original_noK
ridge::P_C,ridge::D_B_M_P_C_A,-0.03692349957148645,-0.058055508434579815,-0.01658400326976232,-0.01842131425336017,-0.017346639633561624,0.01075471513042804,0.026741328803910565,63,2000,True,True,True,True,ridge,False,original_noK,ridge|history=False|original_noK
ridge::D_P_C,ridge::D_B_M_P_C_A,-0.007979287890356795,-0.01810517800189834,0.002248896175865641,0.0006459373645949611,0.011597572047568028,0.005258658304422398,0.013075521674034089,63,2000,False,False,False,True,ridge,False,original_noK,ridge|history=False|original_noK
ridge::B_P_C,ridge::D_B_M_P_C_A,-0.04306003759435039,-0.06291382454439177,-0.025083585423533738,-0.026276047290703895,-0.023483177656425568,0.009779610281024843,0.0243167551094941,63,2000,True,True,True,True,ridge,False,original_noK,ridge|history=False|original_noK
ridge::D_B_P_C,ridge::D_B_M_P_C_A,-0.016471614686422293,-0.024671712387926117,-0.008230545607085185,-0.009590051560692845,0.00310524525150253,0.004225546790401867,0.01050671586630375,63,2000,False,True,True,True,ridge,False,original_noK,ridge|history=False|original_noK
ridge::M_P_C,ridge::D_B_M_P_C_A,-0.038682852243374664,-0.0598234830871736,-0.018566034393405702,-0.020330846530723666,-0.01910599230544984,0.010721393891106826,0.02665847638001685,63,2000,True,True,True,True,ridge,False,original_noK,ridge|history=False|original_noK
ridge::D_M_P_C,ridge::D_B_M_P_C_A,-0.012016481849184794,-0.02213090219023951,-0.0017643677308819255,-0.0034668331480784964,0.007560378088740029,0.005205049690763571,0.012942225203863851,63,2000,False,False,True,True,ridge,False,original_noK,ridge|history=False|original_noK
ridge::B_M_P_C,ridge::D_B_M_P_C_A,-0.046297914455932725,-0.06617704812479057,-0.028659814437215672,-0.02973668422656807,-0.0267210545180079,0.009740168311745878,0.024218683644432377,63,2000,True,True,True,True,ridge,False,original_noK,ridge|history=False|original_noK
ridge::D_B_M_P_C,ridge::D_B_M_P_C_A,-0.018250698898768795,-0.02635233759054903,-0.009849596802447617,-0.011353090827069567,0.0013261610391560284,0.0042219566588269294,0.010497789094396694,63,2000,True,True,True,True,ridge,False,original_noK,ridge|history=False|original_noK
ridge::A,ridge::D_B_M_P_C_A,-0.02605919036383007,-0.04412256681207513,-0.009004978730061602,-0.01137981727801676,-0.0064823304259052465,0.008974160323171526,0.0223140240378814,63,2000,True,True,True,True,ridge,False,original_noK,ridge|history=False|original_noK
ridge::D_A,ridge::D_B_M_P_C_A,0.00792783557723384,0.0018148662143154656,0.013997349346861027,0.013016065713960658,0.02750469551515866,0.0031177477805298184,0.007752201477743095,63,2000,False,False,False,False,ridge,False,original_noK,ridge|history=False|original_noK
ridge::B_A,ridge::D_B_M_P_C_A,-0.03318542643145353,-0.04969038316192621,-0.017685461106099025,-0.019705139578177187,-0.013608566493528707,0.008204789165842961,0.020401001996771372,63,2000,True,True,True,True,ridge,False,original_noK,ridge|history=False|original_noK
ridge::D_B_A,ridge::D_B_M_P_C_A,-0.0018009427871123935,-0.004913874633395244,0.0011390459232504628,0.0008865328541498606,0.01777591715081243,0.0015643910275275246,0.003889818961977103,63,2000,False,False,False,True,ridge,False,original_noK,ridge|history=False|original_noK
ridge::M_A,ridge::D_B_M_P_C_A,-0.031731442361524975,-0.049639570204046156,-0.014934365761551681,-0.01724366490336609,-0.012154582423600152,0.008893545682017244,0.022113577759261083,63,2000,True,True,True,True,ridge,False,original_noK,ridge|history=False|original_noK
ridge::D_M_A,ridge::D_B_M_P_C_A,0.004454373526044326,-0.001522053140473122,0.010368629635744118,0.0094713392622198,0.02403123346396915,0.0030256758943066867,0.007523267047288216,63,2000,False,False,False,False,ridge,False,original_noK,ridge|history=False|original_noK
ridge::B_M_A,ridge::D_B_M_P_C_A,-0.03644762802032293,-0.052557421329556916,-0.02076473720514593,-0.023043100423671418,-0.016870768082398103,0.00816452466101771,0.020300885317751923,63,2000,True,True,True,True,ridge,False,original_noK,ridge|history=False|original_noK
ridge::D_B_M_A,ridge::D_B_M_P_C_A,-0.002945078434214348,-0.00605134783005895,-0.00011409905945953326,-0.0003355247001429278,0.016631781503710474,0.0015283376638808525,0.003800173179632309,63,2000,False,False,False,True,ridge,False,original_noK,ridge|history=False|original_noK
ridge::P_A,ridge::D_B_M_P_C_A,-0.029381746210017805,-0.04762639100914879,-0.011828598129387267,-0.013982211486484711,-0.009804886272092982,0.009231701450812924,0.02295439357731284,63,2000,True,True,True,True,ridge,False,original_noK,ridge|history=False|original_noK
ridge::D_P_A,ridge::D_B_M_P_C_A,0.009970575378416011,0.004373067345027111,0.015836656415755747,0.014810312992499054,0.029547435316340832,0.0029640950631513075,0.007370147858730169,63,2000,False,False,False,False,ridge,False,original_noK,ridge|history=False|original_noK
ridge::B_P_A,ridge::D_B_M_P_C_A,-0.031069950634285873,-0.04747722415496484,-0.015588756113360198,-0.017382749759869927,-0.01149309069636105,0.008166805202720926,0.020306555827365347,63,2000,True,True,True,True,ridge,False,original_noK,ridge|history=False|original_noK
ridge::D_B_P_A,ridge::D_B_M_P_C_A,0.001234079174453118,-0.00032676899407405643,0.0028937188942303547,0.0025665864682433656,0.02081093911237794,0.0008262496806187435,0.0020544490593748087,63,2000,False,False,False,False,ridge,False,original_noK,ridge|history=False|original_noK
ridge::M_P_A,ridge::D_B_M_P_C_A,-0.03405035112581415,-0.052576344818635275,-0.016759939699131608,-0.01888661253894959,-0.014473491187889327,0.009155916626862182,0.02276595651775005,63,2000,True,True,True,True,ridge,False,original_noK,ridge|history=False|original_noK
ridge::D_M_P_A,ridge::D_B_M_P_C_A,0.005915055618116703,0.00047328924970965855,0.011714021444816718,0.010696882917525807,0.025491915556041526,0.0028724592720163946,0.007142297767748945,63,2000,False,False,False,False,ridge,False,original_noK,ridge|history=False|original_noK
ridge::B_M_P_A,ridge::D_B_M_P_C_A,-0.03454705256604945,-0.05076959362627357,-0.018943768284729493,-0.02102556130110362,-0.014970192628124629,0.008135164390950463,0.020227881744331506,63,2000,True,True,True,True,ridge,False,original_noK,ridge|history=False|original_noK
ridge::D_B_M_P_A,ridge::D_B_M_P_C_A,-0.001185810686762258,-0.002676382714630772,0.0003737563663174263,5.5974685092239317e-05,0.018391049251162566,0.0007801330553032963,0.0019397812298757268,63,2000,False,False,False,True,ridge,False,original_noK,ridge|history=False|original_noK
ridge::C_A,ridge::D_B_M_P_C_A,-0.026174700662688066,-0.04407794553018518,-0.009366320329372109,-0.011553215564886117,-0.006597840724763243,0.008815305178878458,0.021919034715131715,63,2000,True,True,True,True,ridge,False,original_noK,ridge|history=False|original_noK
ridge::D_C_A,ridge::D_B_M_P_C_A,0.008738815344560044,0.002738428506233431,0.01475915447604925,0.013713511989939225,0.028315675282484867,0.0030413262874600068,0.0075621813564212695,63,2000,False,False,False,False,ridge,False,original_noK,ridge|history=False|original_noK
ridge::B_C_A,ridge::D_B_M_P_C_A,-0.03341518999895743,-0.04933084353753298,-0.01816964436845624,-0.01992803795617685,-0.013838330061032605,0.008046345792636975,0.020007036532478005,63,2000,True,True,True,True,ridge,False,original_noK,ridge|history=False|original_noK
ridge::D_B_C_A,ridge::D_B_M_P_C_A,-0.0008892101963891417,-0.0037370205721811694,0.0018784281702879386,0.0015499046824267934,0.01868764974153568,0.0014564128788496352,0.0036213340098035667,63,2000,False,False,False,True,ridge,False,original_noK,ridge|history=False|original_noK
ridge::M_C_A,ridge::D_B_M_P_C_A,-0.03521088166406899,-0.05332988434124218,-0.01806169917193137,-0.020164636237804623,-0.015634021726144164,0.00906454582487438,0.022538765315621434,63,2000,True,True,True,True,ridge,False,original_noK,ridge|history=False|original_noK
ridge::D_M_C_A,ridge::D_B_M_P_C_A,0.005632535976057753,-0.00024061804542734535,0.011395639438209704,0.01040139154999415,0.025209395913982576,0.0029464333382498297,0.007326232423769147,63,2000,False,False,False,False,ridge,False,original_noK,ridge|history=False|original_noK
ridge::B_M_C_A,ridge::D_B_M_P_C_A,-0.036592243240980656,-0.05233213483565081,-0.02143060354676663,-0.023160817885328915,-0.017015383303055832,0.008002113734080595,0.019897054630848322,63,2000,True,True,True,True,ridge,False,original_noK,ridge|history=False|original_noK
ridge::D_B_M_C_A,ridge::D_B_M_P_C_A,-0.0017739858018552754,-0.004640019771334533,0.0009503231548760275,0.0006009595030310511,0.017802874136069548,0.0014166235202704856,0.003522398769980121,63,2000,False,False,False,True,ridge,False,original_noK,ridge|history=False|original_noK
ridge::P_C_A,ridge::D_B_M_P_C_A,-0.02975831256452304,-0.04800009606472068,-0.012404478211809192,-0.014492918410305445,-0.010181452626598218,0.009135708995251082,0.022715710749758315,63,2000,True,True,True,True,ridge,False,original_noK,ridge|history=False|original_noK
ridge::D_P_C_A,ridge::D_B_M_P_C_A,0.011354145090965356,0.005953378831033235,0.017073177393913085,0.01593567373116654,0.03093100502889018,0.0028535050186424167,0.007095168493234539,63,2000,False,False,False,False,ridge,False,original_noK,ridge|history=False|original_noK
ridge::B_P_C_A,ridge::D_B_M_P_C_A,-0.03146634257004142,-0.047400039288762144,-0.016164935251235534,-0.018070088918740658,-0.011889482632116595,0.00800307285918882,0.019899439471318024,63,2000,True,True,True,True,ridge,False,original_noK,ridge|history=False|original_noK
ridge::D_B_P_C_A,ridge::D_B_M_P_C_A,0.0018866496109474318,0.0011988976126769226,0.0025309042086424393,0.0024600765375338944,0.021463509548872255,0.0003435585388102819,0.0008542496698702576,63,2000,False,False,False,False,ridge,False,original_noK,ridge|history=False|original_noK
ridge::M_P_C_A,ridge::D_B_M_P_C_A,-0.034444856249235406,-0.052842649349258336,-0.017267140002651685,-0.019453413861344086,-0.014867996311310583,0.009058438807582024,0.022523580370651202,63,2000,True,True,True,True,ridge,False,original_noK,ridge|history=False|original_noK
ridge::D_M_P_C_A,ridge::D_B_M_P_C_A,0.007191510267261041,0.0020696196057767716,0.012587392566255122,0.011692684139559465,0.026768370205185864,0.002747315837530842,0.006831131763940938,63,2000,False,False,False,False,ridge,False,original_noK,ridge|history=False|original_noK
ridge::B_M_P_C_A,ridge::D_B_M_P_C_A,-0.03480699563165023,-0.05093784182844846,-0.01968124820981267,-0.021431849149569235,-0.01523013569372541,0.007964686544304666,0.0198039928643704,63,2000,True,True,True,True,ridge,False,original_noK,ridge|history=False|original_noK
ridge_fixed::H,ridge_fixed::H_D_B_M_P_C_A_K,-0.00780600679735173,-0.023263404168855393,0.0061965535929282,0.005486908466341049,0.006993522215526386,0.007585426717885745,0.01886097284037291,127,2000,False,False,True,True,ridge_fixed,True,extended_K,ridge_fixed|history=True|extended_K
ridge_fixed::H_D,ridge_fixed::H_D_B_M_P_C_A_K,-0.00024154790189996944,-0.00922699052338595,0.008880448446526176,0.007501992555639193,0.014557981110978146,0.00464062733637761,0.011538803208965172,127,2000,False,False,False,True,ridge_fixed,True,extended_K,ridge_fixed|history=True|extended_K
ridge_fixed::H_B,ridge_fixed::H_D_B_M_P_C_A_K,-0.011251282740843223,-0.02573882699680138,0.001468643035943945,0.0012615271650986675,0.0035482462720348926,0.007054288448921767,0.01754031088713154,127,2000,False,True,True,True,ridge_fixed,True,extended_K,ridge_fixed|history=True|extended_K
ridge_fixed::H_D_B,ridge_fixed::H_D_B_M_P_C_A_K,-0.004671481128620143,-0.012650856495015255,0.00317782885994531,0.0021061030326800824,0.010128047884257974,0.004070648625781621,0.010121565474034139,127,2000,False,False,False,True,ridge_fixed,True,extended_K,ridge_fixed|history=True|extended_K
ridge_fixed::H_M,ridge_fixed::H_D_B_M_P_C_A_K,-0.009793932964719827,-0.025218828133198697,0.003993450571094697,0.003555162347320716,0.005005596048158289,0.007575540329256288,0.018836390583584394,127,2000,False,False,True,True,ridge_fixed,True,extended_K,ridge_fixed|history=True|extended_K
ridge_fixed::H_D_M,ridge_fixed::H_D_B_M_P_C_A_K,0.0007001257072824667,-0.008444381461031521,0.009785955072446633,0.008477282772856266,0.015499654720160582,0.004650682370975456,0.011563804799714418,127,2000,False,False,False,True,ridge_fixed,True,extended_K,ridge_fixed|history=True|extended_K
ridge_fixed::H_B_M,ridge_fixed::H_D_B_M_P_C_A_K,-0.011722605402739545,-0.026116331360449666,0.001030983636341458,0.0007350024072971736,0.0030769236101385704,0.0070528262804459806,0.017536675241974647,127,2000,False,True,True,True,ridge_fixed,True,extended_K,ridge_fixed|history=True|extended_K
ridge_fixed::H_D_B_M,ridge_fixed::H_D_B_M_P_C_A_K,-0.0025193402639284764,-0.010474065345014277,0.0052846161001958575,0.004345612444310782,0.01228018874894964,0.004073047603093334,0.010127530470810683,127,2000,False,False,False,True,ridge_fixed,True,extended_K,ridge_fixed|history=True|extended_K
ridge_fixed::H_P,ridge_fixed::H_D_B_M_P_C_A_K,-0.0063486870158697885,-0.021837390295102763,0.007684466609567216,0.007034139032682617,0.008450841997008327,0.007585637424604968,0.0188614967573332,127,2000,False,False,True,True,ridge_fixed,True,extended_K,ridge_fixed|history=True|extended_K
ridge_fixed::H_D_P,ridge_fixed::H_D_B_M_P_C_A_K,0.002090398446912706,-0.007112255374476135,0.011199538852779616,0.009642314664241732,0.016889927459790822,0.004617513631764697,0.011481331563511577,127,2000,False,False,False,True,ridge_fixed,True,extended_K,ridge_fixed|history=True|extended_K
ridge_fixed::H_B_P,ridge_fixed::H_D_B_M_P_C_A_K,-0.008685835187823215,-0.023294370630890383,0.0041647835373123535,0.0037261030205020095,0.006113693825054901,0.007045475557854064,0.017518397855043156,127,2000,False,False,True,True,ridge_fixed,True,extended_K,ridge_fixed|history=True|extended_K
ridge_fixed::H_D_B_P,ridge_fixed::H_D_B_M_P_C_A_K,-0.0014163268137714752,-0.009253212327708777,0.00627620376138828,0.0052659160712445405,0.013383202199106641,0.004005166814083571,0.009958746595425347,127,2000,False,False,False,True,ridge_fixed,True,extended_K,ridge_fixed|history=True|extended_K
ridge_fixed::H_M_P,ridge_fixed::H_D_B_M_P_C_A_K,-0.008480143653335506,-0.02389405751277804,0.00548898071913494,0.004831657974638404,0.0063193853595426095,0.0075791442424986005,0.01884535162326091,127,2000,False,False,True,True,ridge_fixed,True,extended_K,ridge_fixed|history=True|extended_K
ridge_fixed::H_D_M_P,ridge_fixed::H_D_B_M_P_C_A_K,0.00221004903525647,-0.006994517573970433,0.011285574574973515,0.009774415202990907,0.017009578048134584,0.0046195160438505046,0.011486310510823348,127,2000,False,False,False,True,ridge_fixed,True,extended_K,ridge_fixed|history=True|extended_K
ridge_fixed::H_B_M_P,ridge_fixed::H_D_B_M_P_C_A_K,-0.009492640284848149,-0.024132045789281163,0.0033944361625003593,0.002851119609412032,0.005306888728029967,0.007046405966376736,0.0175207112924448,127,2000,False,False,True,True,ridge_fixed,True,extended_K,ridge_fixed|history=True|extended_K
ridge_fixed::H_D_B_M_P,ridge_fixed::H_D_B_M_P_C_A_K,-0.00019383929703522697,-0.008016534193834926,0.0074043406985970115,0.006491480895704697,0.014605689715842888,0.003995236222671631,0.00993405442952942,127,2000,False,False,False,True,ridge_fixed,True,extended_K,ridge_fixed|history=True|extended_K
ridge_fixed::H_C,ridge_fixed::H_D_B_M_P_C_A_K,-0.008227504922659678,-0.023568229766248262,0.0056742869081889665,0.004862139046897331,0.006572024090218438,0.007492045407630085,0.018628782559979386,127,2000,False,False,True,True,ridge_fixed,True,extended_K,ridge_fixed|history=True|extended_K
ridge_fixed::H_D_C,ridge_fixed::H_D_B_M_P_C_A_K,-0.00046265124824422315,-0.009313805683148104,0.008409462845553297,0.007107464880551505,0.014336877764633892,0.00457460896470079,0.011374650187458002,127,2000,False,False,False,True,ridge_fixed,True,extended_K,ridge_fixed|history=True|extended_K
ridge_fixed::H_B_C,ridge_fixed::H_D_B_M_P_C_A_K,-0.01173529932494023,-0.025936765310871187,0.0008906250237802078,0.0003526908164041328,0.0030642296879378854,0.006958657949785941,0.017302528055130908,127,2000,False,True,True,True,ridge_fixed,True,extended_K,ridge_fixed|history=True|extended_K
ridge_fixed::H_D_B_C,ridge_fixed::H_D_B_M_P_C_A_K,-0.004874721049649885,-0.012688105144763116,0.0028470727807981353,0.001882255190418622,0.00992480796322823,0.004005111130746878,0.00995860814020851,127,2000,False,False,True,True,ridge_fixed,True,extended_K,ridge_fixed|history=True|extended_K
ridge_fixed::H_M_C,ridge_fixed::H_D_B_M_P_C_A_K,-0.010345927260897066,-0.025560358091174847,0.0035616722090715497,0.0027461961341888937,0.00445360175198105,0.007480709259571451,0.01860059551281641,127,2000,False,True,True,True,ridge_fixed,True,extended_K,ridge_fixed|history=True|extended_K
ridge_fixed::H_D_M_C,ridge_fixed::H_D_B_M_P_C_A_K,0.0005282001755860774,-0.008394031115125832,0.009387230128798553,0.008309337371707018,0.015327729188464194,0.00458489851352001,0.011400234891923133,127,2000,False,False,False,True,ridge_fixed,True,extended_K,ridge_fixed|history=True|extended_K
ridge_fixed::H_B_M_C,ridge_fixed::H_D_B_M_P_C_A_K,-0.012283412090532837,-0.026505601292737376,0.00037419841080894124,-0.00014864481194781613,0.002516116922345279,0.0069571647463101075,0.017298815242226602,127,2000,False,True,True,True,ridge_fixed,True,extended_K,ridge_fixed|history=True|extended_K
ridge_fixed::H_D_B_M_C,ridge_fixed::H_D_B_M_P_C_A_K,-0.0025248407060054997,-0.010329308527708619,0.00516689936871852,0.004225404659395608,0.012274688306872616,0.004013704903166804,0.009979976339287724,127,2000,False,False,False,True,ridge_fixed,True,extended_K,ridge_fixed|history=True|extended_K
ridge_fixed::H_P_C,ridge_fixed::H_D_B_M_P_C_A_K,-0.006835665889526572,-0.02207139729722908,0.006919553009696695,0.006316682263283087,0.007963863123351544,0.007492004132823321,0.018628679931209993,127,2000,False,False,True,True,ridge_fixed,True,extended_K,ridge_fixed|history=True|extended_K
ridge_fixed::H_D_P_C,ridge_fixed::H_D_B_M_P_C_A_K,0.001932106161940259,-0.007062431899548779,0.010865636070907457,0.00937558650194227,0.016731635174818373,0.004560444570728068,0.011339430777930268,127,2000,False,False,False,True,ridge_fixed,True,extended_K,ridge_fixed|history=True|extended_K
ridge_fixed::H_B_P_C,ridge_fixed::H_D_B_M_P_C_A_K,-0.009254934034518335,-0.02374753907664346,0.003357890028563979,0.0027577337378950195,0.00554459497835978,0.006948966379151101,0.017278430208388384,127,2000,False,False,True,True,ridge_fixed,True,extended_K,ridge_fixed|history=True|extended_K
ridge_fixed::H_D_B_P_C,ridge_fixed::H_D_B_M_P_C_A_K,-0.0016347390066535584,-0.009448056793463161,0.005893797764891606,0.004967820309030533,0.013164790006224558,0.0039498515294199305,0.009821206530706455,127,2000,False,False,False,True,ridge_fixed,True,extended_K,ridge_fixed|history=True|extended_K
ridge_fixed::H_M_P_C,ridge_fixed::H_D_B_M_P_C_A_K,-0.009109887413461465,-0.024396139394786156,0.0048753158174975626,0.004186778394996182,0.0056896415994166505,0.007484797651957078,0.01861076119770323,127,2000,False,False,True,True,ridge_fixed,True,extended_K,ridge_fixed|history=True|extended_K
ridge_fixed::H_D_M_P_C,ridge_fixed::H_D_B_M_P_C_A_K,0.0019417275114439931,-0.0070347660346079255,0.01087856531024207,0.00937542575222516,0.01674125652432211,0.004556501975480728,0.011329627613962532,127,2000,False,False,False,True,ridge_fixed,True,extended_K,ridge_fixed|history=True|extended_K
ridge_fixed::H_B_M_P_C,ridge_fixed::H_D_B_M_P_C_A_K,-0.01011937982542633,-0.024602305499521977,0.0024937050124612466,0.0018321435528719336,0.0046801491874517865,0.006949494227081388,0.01727974268899722,127,2000,False,True,True,True,ridge_fixed,True,extended_K,ridge_fixed|history=True|extended_K
ridge_fixed::H_D_B_M_P_C,ridge_fixed::H_D_B_M_P_C_A_K,-0.0003970713774722234,-0.008204591239134291,0.007075814896915031,0.006063101016966545,0.014402457635405892,0.003940489599591242,0.009797928327541429,127,2000,False,False,False,True,ridge_fixed,True,extended_K,ridge_fixed|history=True|extended_K
ridge_fixed::H_A,ridge_fixed::H_D_B_M_P_C_A_K,0.005774920715098893,-0.007437696518139134,0.018152932812312644,0.016772818448408475,0.020574449727977007,0.006554672841399931,0.016298029239102875,127,2000,False,False,False,False,ridge_fixed,True,extended_K,ridge_fixed|history=True|extended_K
ridge_fixed::H_D_A,ridge_fixed::H_D_B_M_P_C_A_K,0.015418553715271021,0.007535692143018624,0.023322081014283003,0.02210524474220707,0.03021808272814914,0.004057192517935292,0.01008810720015374,127,2000,False,False,False,False,ridge_fixed,True,extended_K,ridge_fixed|history=True|extended_K
ridge_fixed::H_B_A,ridge_fixed::H_D_B_M_P_C_A_K,0.002388068159362943,-0.009989099752927407,0.013834374855444776,0.012909209854183985,0.01718759717224106,0.0061007222078336455,0.01516929240082119,127,2000,False,False,False,True,ridge_fixed,True,extended_K,ridge_fixed|history=True|extended_K
ridge_fixed::H_D_B_A,ridge_fixed::H_D_B_M_P_C_A_K,0.010798477922931947,0.003642006750948038,0.017738261543902702,0.016876295046468225,0.02559800693581006,0.003525061098864286,0.008764975804138516,127,2000,False,False,False,False,ridge_fixed,True,extended_K,ridge_fixed|history=True|extended_K
ridge_fixed::H_M_A,ridge_fixed::H_D_B_M_P_C_A_K,0.0035219034929763996,-0.009703173913055876,0.015796577701562793,0.014561346694667965,0.018321432505854517,0.006550023068607945,0.016286467695948454,127,2000,False,False,False,True,ridge_fixed,True,extended_K,ridge_fixed|history=True|extended_K
ridge_fixed::H_D_M_A,ridge_fixed::H_D_B_M_P_C_A_K,0.0161174596466136,0.008208010555368243,0.024070277907638347,0.02285380643578886,0.030916988659491718,0.004067728856852393,0.010114305541993076,127,2000,False,False,False,False,ridge_fixed,True,extended_K,ridge_fixed|history=True|extended_K
ridge_fixed::H_B_M_A,ridge_fixed::H_D_B_M_P_C_A_K,0.0016669570714775682,-0.010696325384131605,0.013142243529425751,0.012189577491888924,0.016466486084355685,0.00610029904225279,0.015168240210242552,127,2000,False,False,False,True,ridge_fixed,True,extended_K,ridge_fixed|history=True|extended_K
ridge_fixed::H_D_B_M_A,ridge_fixed::H_D_B_M_P_C_A_K,0.012749718519157622,0.005580591921665419,0.019685802836158624,0.01876629825777548,0.027549247532035737,0.0035332211954804877,0.00878526567923415,127,2000,False,False,False,False,ridge_fixed,True,extended_K,ridge_fixed|history=True|extended_K
ridge_fixed::H_P_A,ridge_fixed::H_D_B_M_P_C_A_K,0.006557174048475368,-0.00675854304922912,0.018783540922457584,0.017582040138942625,0.021356703061353483,0.006529218588319466,0.016234737878724873,127,2000,False,False,False,False,ridge_fixed,True,extended_K,ridge_fixed|history=True|extended_K
ridge_fixed::H_D_P_A,ridge_fixed::H_D_B_M_P_C_A_K,0.01685600916593859,0.009392287215057188,0.02463050735787257,0.02328206214996626,0.03165553817881671,0.0038917276254979917,0.00967668290480902,127,2000,False,False,False,False,ridge_fixed,True,extended_K,ridge_fixed|history=True|extended_K
ridge_fixed::H_B_P_A,ridge_fixed::H_D_B_M_P_C_A_K,0.003969151035052575,-0.008385016876878964,0.0153685039420966,0.014238547882195567,0.01876868004793069,0.006036570398731692,0.015009780540232024,127,2000,False,False,False,True,ridge_fixed,True,extended_K,ridge_fixed|history=True|extended_K
ridge_fixed::H_D_B_P_A,ridge_fixed::H_D_B_M_P_C_A_K,0.01300710000582774,0.0063896156936907545,0.019528793621932532,0.01847558544169996,0.027806629018705856,0.0032308690682545556,0.0080334747158608,127,2000,False,False,False,False,ridge_fixed,True,extended_K,ridge_fixed|history=True|extended_K
ridge_fixed::H_M_P_A,ridge_fixed::H_D_B_M_P_C_A_K,0.004247188186822902,-0.008957483965931174,0.016310162191211862,0.015444199959455304,0.019046717199701017,0.006526678677784686,0.016228422455032164,127,2000,False,False,False,True,ridge_fixed,True,extended_K,ridge_fixed|history=True|extended_K
ridge_fixed::H_D_M_P_A,ridge_fixed::H_D_B_M_P_C_A_K,0.016901489283637806,0.009409569610189118,0.024694698412501027,0.023351820901884653,0.03170101829651592,0.0038973674028217214,0.009690706069343429,127,2000,False,False,False,False,ridge_fixed,True,extended_K,ridge_fixed|history=True|extended_K
ridge_fixed::H_B_M_P_A,ridge_fixed::H_D_B_M_P_C_A_K,0.0029825731983763085,-0.009405412532352195,0.014325075741051147,0.013306579743354195,0.017782102211254425,0.006040048105093368,0.015018427769672616,127,2000,False,False,False,True,ridge_fixed,True,extended_K,ridge_fixed|history=True|extended_K
ridge_fixed::H_D_B_M_P_A,ridge_fixed::H_D_B_M_P_C_A_K,0.01375844712919858,0.0073761243878117284,0.02037469171832469,0.019137750323206408,0.028557976142076696,0.0032257625301921173,0.008020777437344237,127,2000,False,False,False,False,ridge_fixed,True,extended_K,ridge_fixed|history=True|extended_K
ridge_fixed::H_C_A,ridge_fixed::H_D_B_M_P_C_A_K,0.005372483001494937,-0.007685519108458688,0.017599241181712844,0.0162946840844905,0.020172012014373054,0.006468481910624142,0.01608371765652368,127,2000,False,False,False,False,ridge_fixed,True,extended_K,ridge_fixed|history=True|extended_K
ridge_fixed::H_D_C_A,ridge_fixed::H_D_B_M_P_C_A_K,0.015470765927388818,0.007748365366955347,0.02357010092260562,0.022026181548974247,0.030270294940266933,0.004008364797925535,0.009966698301852754,127,2000,False,False,False,False,ridge_fixed,True,extended_K,ridge_fixed|history=True|extended_K
ridge_fixed::H_B_C_A,ridge_fixed::H_D_B_M_P_C_A_K,0.002001246330445487,-0.010291815583717752,0.013023966663729736,0.012201756999174805,0.016800775343323603,0.006012025205527346,0.014948749534382702,127,2000,False,False,False,True,ridge_fixed,True,extended_K,ridge_fixed|history=True|extended_K
ridge_fixed::H_D_B_C_A,ridge_fixed::H_D_B_M_P_C_A_K,0.010962280923465842,0.0039705961195804235,0.01791174386837697,0.016741985469782967,0.025761809936343957,0.003474706208598967,0.008639769635389335,127,2000,False,False,False,False,ridge_fixed,True,extended_K,ridge_fixed|history=True|extended_K
ridge_fixed::H_M_C_A,ridge_fixed::H_D_B_M_P_C_A_K,0.003059240963352638,-0.010084819447603673,0.014955619514331315,0.013997204192747071,0.017858769976230753,0.006460296296589942,0.016063364333009686,127,2000,False,False,False,True,ridge_fixed,True,extended_K,ridge_fixed|history=True|extended_K
ridge_fixed::H_D_M_C_A,ridge_fixed::H_D_B_M_P_C_A_K,0.016132596276200218,0.008394900594278446,0.024161904337608803,0.022635318916669,0.030932125289078335,0.004007742502460269,0.009965150979822552,127,2000,False,False,False,False,ridge_fixed,True,extended_K,ridge_fixed|history=True|extended_K
ridge_fixed::H_B_M_C_A,ridge_fixed::H_D_B_M_P_C_A_K,0.0012438399963315562,-0.011028889590660436,0.012308731285374734,0.011458215148612484,0.016043369009209673,0.006009793441040414,0.014943200308091334,127,2000,False,False,False,True,ridge_fixed,True,extended_K,ridge_fixed|history=True|extended_K
ridge_fixed::H_D_B_M_C_A,ridge_fixed::H_D_B_M_P_C_A_K,0.01288754622639591,0.005880253490085812,0.019768031808940902,0.018641942523608897,0.027687075239274026,0.0034879427713517875,0.008672682015913978,127,2000,False,False,False,False,ridge_fixed,True,extended_K,ridge_fixed|history=True|extended_K
ridge_fixed::H_P_C_A,ridge_fixed::H_D_B_M_P_C_A_K,0.006180025809867502,-0.007028535623387196,0.018253161331905236,0.017110476732346742,0.02097955482274562,0.006441718640004069,0.016017171456941457,127,2000,False,False,False,False,ridge_fixed,True,extended_K,ridge_fixed|history=True|extended_K
ridge_fixed::H_D_P_C_A,ridge_fixed::H_D_B_M_P_C_A_K,0.01692193385372825,0.00963410234667157,0.024523969018673496,0.023010344294397512,0.03172146286660637,0.003845428770280801,0.009561561965240417,127,2000,False,False,False,False,ridge_fixed,True,extended_K,ridge_fixed|history=True|extended_K
ridge_fixed::H_B_P_C_A,ridge_fixed::H_D_B_M_P_C_A_K,0.003530071870916537,-0.008603967694153412,0.014454812119956511,0.013606132057125353,0.018329600883794653,0.005946751731440273,0.014786448682006105,127,2000,False,False,False,True,ridge_fixed,True,extended_K,ridge_fixed|history=True|extended_K
ridge_fixed::H_D_B_P_C_A,ridge_fixed::H_D_B_M_P_C_A_K,0.012851857569303644,0.006426217726126972,0.01927861439558445,0.01826223700942471,0.02765138658218176,0.0031926463018177795,0.007938434768016062,127,2000,False,False,False,False,ridge_fixed,True,extended_K,ridge_fixed|history=True|extended_K
ridge_fixed::H_M_P_C_A,ridge_fixed::H_D_B_M_P_C_A_K,0.003771864679473355,-0.009365517030342782,0.01567661213765113,0.014875482070343143,0.01857139369235147,0.00643645855071046,0.016004092377148785,127,2000,False,False,False,True,ridge_fixed,True,extended_K,ridge_fixed|history=True|extended_K
ridge_fixed::H_D_M_P_C_A,ridge_fixed::H_D_B_M_P_C_A_K,0.016861340046930153,0.009523074506416738,0.024489803597591633,0.022963151484707515,0.03166086905980827,0.0038555025825647454,0.009586610246234086,127,2000,False,False,False,False,ridge_fixed,True,extended_K,ridge_fixed|history=True|extended_K
ridge_fixed::H_B_M_P_C_A,ridge_fixed::H_D_B_M_P_C_A_K,0.002478357463789468,-0.009794156173944385,0.01347059761036938,0.012584955100386458,0.017277886476667583,0.005948450157807721,0.014790671776471217,127,2000,False,False,False,True,ridge_fixed,True,extended_K,ridge_fixed|history=True|extended_K
ridge_fixed::H_D_B_M_P_C_A,ridge_fixed::H_D_B_M_P_C_A_K,0.013767182652209286,0.00733155436743957,0.020087995309157843,0.019038376248314195,0.028566711665087403,0.0031858965640821054,0.007921651714821175,127,2000,False,False,False,False,ridge_fixed,True,extended_K,ridge_fixed|history=True|extended_K
ridge_fixed::H_K,ridge_fixed::H_D_B_M_P_C_A_K,-0.03290362201533875,-0.04597184246004248,-0.021118116500784937,-0.0218223271953207,-0.018104093002460638,0.006439639332670246,0.016012001311528603,127,2000,True,True,True,True,ridge_fixed,True,extended_K,ridge_fixed|history=True|extended_K
ridge_fixed::H_D_K,ridge_fixed::H_D_B_M_P_C_A_K,-0.019440362662388275,-0.02662138882613031,-0.012273706775460906,-0.013277753126718366,-0.00464083364951016,0.0036751757173354416,0.009138232029164254,127,2000,True,True,True,True,ridge_fixed,True,extended_K,ridge_fixed|history=True|extended_K
ridge_fixed::H_B_K,ridge_fixed::H_D_B_M_P_C_A_K,-0.034700727502056224,-0.04660414434899793,-0.023733789089385348,-0.024686339686496486,-0.01990119848917811,0.005927910856371585,0.014739601319797534,127,2000,True,True,True,True,ridge_fixed,True,extended_K,ridge_fixed|history=True|extended_K
ridge_fixed::H_D_B_K,ridge_fixed::H_D_B_M_P_C_A_K,-0.022665172197852294,-0.028740033826952043,-0.016702645396251947,-0.017579774561963198,-0.007865643184974179,0.0030527095222376774,0.0075904854835273945,127,2000,True,True,True,True,ridge_fixed,True,extended_K,ridge_fixed|history=True|extended_K
ridge_fixed::H_M_K,ridge_fixed::H_D_B_M_P_C_A_K,-0.029631800910639165,-0.04254433503943098,-0.017974138828235262,-0.018412139875783946,-0.014832271897761049,0.006433066727957157,0.01599565869514134,127,2000,True,True,True,True,ridge_fixed,True,extended_K,ridge_fixed|history=True|extended_K
ridge_fixed::H_D_M_K,ridge_fixed::H_D_B_M_P_C_A_K,-0.014535395807937885,-0.02164822551391928,-0.007385736423024364,-0.008415922827246156,0.0002641332049402312,0.0036708564386841195,0.009127492251382142,127,2000,True,True,True,True,ridge_fixed,True,extended_K,ridge_fixed|history=True|extended_K
ridge_fixed::H_B_M_K,ridge_fixed::H_D_B_M_P_C_A_K,-0.030511573962036014,-0.042511207297731814,-0.019796050352239972,-0.020344309450184953,-0.0157120449491579,0.005903314416019978,0.014678442889204873,127,2000,True,True,True,True,ridge_fixed,True,extended_K,ridge_fixed|history=True|extended_K
ridge_fixed::H_D_B_M_K,ridge_fixed::H_D_B_M_P_C_A_K,-0.016872543185121693,-0.022928871822768513,-0.011245459484433831,-0.011827366714898882,-0.002073014172243577,0.003001674712542235,0.007463588712208031,127,2000,True,True,True,True,ridge_fixed,True,extended_K,ridge_fixed|history=True|extended_K
ridge_fixed::H_P_K,ridge_fixed::H_D_B_M_P_C_A_K,-0.030174149062605796,-0.043344995496389135,-0.018245230060289837,-0.018985845135010497,-0.01537462004972768,0.006444597926353375,0.016024330730065258,127,2000,True,True,True,True,ridge_fixed,True,extended_K,ridge_fixed|history=True|extended_K
ridge_fixed::H_D_P_K,ridge_fixed::H_D_B_M_P_C_A_K,-0.016030963143267046,-0.02339923781164926,-0.008651417214041949,-0.009884837299916661,-0.0012314341303889306,0.0037335822781058557,0.009283458474209577,127,2000,True,True,True,True,ridge_fixed,True,extended_K,ridge_fixed|history=True|extended_K
ridge_fixed::H_B_P_K,ridge_fixed::H_D_B_M_P_C_A_K,-0.031131527699285788,-0.043025510274326946,-0.02008155719747411,-0.021016678987925037,-0.016331998686407674,0.005913736036424508,0.014704355986346665,127,2000,True,True,True,True,ridge_fixed,True,extended_K,ridge_fixed|history=True|extended_K
ridge_fixed::H_D_B_P_K,ridge_fixed::H_D_B_M_P_C_A_K,-0.018662151573747766,-0.024612814101608694,-0.012426865433973765,-0.013522573567567343,-0.0038626225608696507,0.0030944616971882956,0.007694301216914323,127,2000,True,True,True,True,ridge_fixed,True,extended_K,ridge_fixed|history=True|extended_K
ridge_fixed::H_M_P_K,ridge_fixed::H_D_B_M_P_C_A_K,-0.027438741174309014,-0.040341593977982516,-0.015762999861374676,-0.016212188557453436,-0.012639212161430899,0.006426557510360548,0.01597947368922569,127,2000,True,True,True,True,ridge_fixed,True,extended_K,ridge_fixed|history=True|extended_K
ridge_fixed::H_D_M_P_K,ridge_fixed::H_D_B_M_P_C_A_K,-0.01236049369349396,-0.019436267407407094,-0.00498367348829146,-0.006387805916270114,0.0024390353193841554,0.0036838685001842424,0.009159846415185795,127,2000,True,True,True,True,ridge_fixed,True,extended_K,ridge_fixed|history=True|extended_K
ridge_fixed::H_B_M_P_K,ridge_fixed::H_D_B_M_P_C_A_K,-0.027578428987903768,-0.03915413295077136,-0.01661393461641665,-0.017391837954190373,-0.012778899975025652,0.0058654307840591904,0.014584246190709017,127,2000,True,True,True,True,ridge_fixed,True,extended_K,ridge_fixed|history=True|extended_K
ridge_fixed::H_D_B_M_P_K,ridge_fixed::H_D_B_M_P_C_A_K,-0.014270941449832904,-0.019985042908242327,-0.008202212255443368,-0.009546022116622062,0.0005285875630452117,0.0029560758589827975,0.007350208309163757,127,2000,True,True,True,True,ridge_fixed,True,extended_K,ridge_fixed|history=True|extended_K
ridge_fixed::H_C_K,ridge_fixed::H_D_B_M_P_C_A_K,-0.03288229696128863,-0.045961669472795,-0.02122777803852658,-0.021689823740664964,-0.018082767948410516,0.006390616945987432,0.01589010837943888,127,2000,True,True,True,True,ridge_fixed,True,extended_K,ridge_fixed|history=True|extended_K
ridge_fixed::H_D_C_K,ridge_fixed::H_D_B_M_P_C_A_K,-0.019366666293238334,-0.026497918001417323,-0.012212615187150935,-0.01320287836981089,-0.004567137280360218,0.003642044159948417,0.009055851244631395,127,2000,True,True,True,True,ridge_fixed,True,extended_K,ridge_fixed|history=True|extended_K
ridge_fixed::H_B_C_K,ridge_fixed::H_D_B_M_P_C_A_K,-0.03472742066029551,-0.04650763268766972,-0.0238403892753737,-0.024777516461656587,-0.019927891647417394,0.00587382834454226,0.014605126513739904,127,2000,True,True,True,True,ridge_fixed,True,extended_K,ridge_fixed|history=True|extended_K
ridge_fixed::H_D_B_C_K,ridge_fixed::H_D_B_M_P_C_A_K,-0.022451776194453658,-0.028418866943726022,-0.016491759524211207,-0.017501653386285218,-0.007652247181575542,0.003009347954732336,0.007482668036012432,127,2000,True,True,True,True,ridge_fixed,True,extended_K,ridge_fixed|history=True|extended_K
ridge_fixed::H_M_C_K,ridge_fixed::H_D_B_M_P_C_A_K,-0.02968169094383811,-0.042518247296170965,-0.018205420872189234,-0.01871050035190929,-0.014882161930959993,0.006382296331771969,0.01586941938136801,127,2000,True,True,True,True,ridge_fixed,True,extended_K,ridge_fixed|history=True|extended_K
ridge_fixed::H_D_M_C_K,ridge_fixed::H_D_B_M_P_C_A_K,-0.014511260273378884,-0.021610064018509643,-0.007327884375506922,-0.008406415839442264,0.0002882687394992322,0.003633214902695497,0.009033897518434907,127,2000,True,True,True,True,ridge_fixed,True,extended_K,ridge_fixed|history=True|extended_K
ridge_fixed::H_B_M_C_K,ridge_fixed::H_D_B_M_P_C_A_K,-0.03061310495637323,-0.04233719486098857,-0.019831015308063013,-0.020437807771732958,-0.015813575943495112,0.005847557643921564,0.01453980507707818,127,2000,True,True,True,True,ridge_fixed,True,extended_K,ridge_fixed|history=True|extended_K
ridge_fixed::H_D_B_M_C_K,ridge_fixed::H_D_B_M_P_C_A_K,-0.01679550255421562,-0.022769546369479404,-0.011241505010491199,-0.01184364812799665,-0.001995973541337506,0.0029542462804637627,0.007345659108170821,127,2000,True,True,True,True,ridge_fixed,True,extended_K,ridge_fixed|history=True|extended_K
ridge_fixed::H_P_C_K,ridge_fixed::H_D_B_M_P_C_A_K,-0.030231594526935066,-0.042923137186764944,-0.018618649545996863,-0.01916771987215156,-0.01543206551405695,0.006393504373338851,0.015897287894959772,127,2000,True,True,True,True,ridge_fixed,True,extended_K,ridge_fixed|history=True|extended_K
ridge_fixed::H_D_P_C_K,ridge_fixed::H_D_B_M_P_C_A_K,-0.01609201997797777,-0.02325696116350286,-0.008749754350114292,-0.009992089943040548,-0.001292490965099655,0.003697321099269375,0.00919329596461969,127,2000,True,True,True,True,ridge_fixed,True,extended_K,ridge_fixed|history=True|extended_K
ridge_fixed::H_B_P_C_K,ridge_fixed::H_D_B_M_P_C_A_K,-0.03127100585601012,-0.043035404784035336,-0.020333814724664896,-0.02131108419286981,-0.016471476843132007,0.005856335617356418,0.014561631287350297,127,2000,True,True,True,True,ridge_fixed,True,extended_K,ridge_fixed|history=True|extended_K
ridge_fixed::H_D_B_P_C_K,ridge_fixed::H_D_B_M_P_C_A_K,-0.01853160105703092,-0.024359307039769976,-0.012406656934869064,-0.013494862160215858,-0.003732072044152804,0.003045045579589579,0.007571429282800398,127,2000,True,True,True,True,ridge_fixed,True,extended_K,ridge_fixed|history=True|extended_K
ridge_fixed::H_M_P_C_K,ridge_fixed::H_D_B_M_P_C_A_K,-0.027526610315546013,-0.0403607101176338,-0.016167206135200025,-0.016445381113971848,-0.012727081302667897,0.0063763513252452,0.015854637272093543,127,2000,True,True,True,True,ridge_fixed,True,extended_K,ridge_fixed|history=True|extended_K
ridge_fixed::H_D_M_P_C_K,ridge_fixed::H_D_B_M_P_C_A_K,-0.012346671444374787,-0.019352771563869442,-0.004974071705828278,-0.00643995219807967,0.0024528575685033287,0.003643540637990742,0.009059572199662963,127,2000,True,True,True,True,ridge_fixed,True,extended_K,ridge_fixed|history=True|extended_K
ridge_fixed::H_B_M_P_C_K,ridge_fixed::H_D_B_M_P_C_A_K,-0.02774774706824726,-0.03926182999796291,-0.01695844728474938,-0.01750881589504164,-0.012948218055369146,0.005807747167917887,0.014440817329309527,127,2000,True,True,True,True,ridge_fixed,True,extended_K,ridge_fixed|history=True|extended_K
ridge_fixed::H_D_B_M_P_C_K,ridge_fixed::H_D_B_M_P_C_A_K,-0.014398975089870083,-0.020156091170642095,-0.00844658750234391,-0.009806431564645345,0.0004005539230080325,0.0029142032238371834,0.007246093054530277,127,2000,True,True,True,True,ridge_fixed,True,extended_K,ridge_fixed|history=True|extended_K
ridge_fixed::H_A_K,ridge_fixed::H_D_B_M_P_C_A_K,-0.01836221376084416,-0.028299893236954136,-0.008929751321640013,-0.009740341387972985,-0.003562684747966045,0.005078663342931964,0.012627968727267068,127,2000,True,True,True,True,ridge_fixed,True,extended_K,ridge_fixed|history=True|extended_K
ridge_fixed::H_D_A_K,ridge_fixed::H_D_B_M_P_C_A_K,-0.00311516263378823,-0.007843132316115227,0.001383613954642077,0.0008071663964644951,0.011684366379089886,0.0023719698023766432,0.00589784328353252,127,2000,False,False,False,True,ridge_fixed,True,extended_K,ridge_fixed|history=True|extended_K
ridge_fixed::H_B_A_K,ridge_fixed::H_D_B_M_P_C_A_K,-0.02019402327355708,-0.0293217835108741,-0.011313022472084938,-0.012636299361403503,-0.005394494260678966,0.00461622177887219,0.011478119403770862,127,2000,True,True,True,True,ridge_fixed,True,extended_K,ridge_fixed|history=True|extended_K
ridge_fixed::H_D_B_A_K,ridge_fixed::H_D_B_M_P_C_A_K,-0.006458715269023869,-0.009714592986748203,-0.003329755894911811,-0.003806946437627003,0.008340813743854248,0.0015904314299976768,0.003954567768077073,127,2000,False,False,True,True,ridge_fixed,True,extended_K,ridge_fixed|history=True|extended_K
ridge_fixed::H_M_A_K,ridge_fixed::H_D_B_M_P_C_A_K,-0.015471033046046828,-0.02536718174748789,-0.0062414666405795965,-0.007081649927866737,-0.0006715040331687124,0.005054341966299562,0.012567494235697255,127,2000,True,True,True,True,ridge_fixed,True,extended_K,ridge_fixed|history=True|extended_K
ridge_fixed::H_D_M_A_K,ridge_fixed::H_D_B_M_P_C_A_K,0.0013973127164240028,-0.003199575463655457,0.0058563158929096325,0.005313492648335629,0.01619684172930212,0.0023519009358720384,0.0058479425514896,127,2000,False,False,False,True,ridge_fixed,True,extended_K,ridge_fixed|history=True|extended_K
ridge_fixed::H_B_M_A_K,ridge_fixed::H_D_B_M_P_C_A_K,-0.016388630236483733,-0.02539585419694848,-0.007716472675164257,-0.008986479265232706,-0.0015891012236056174,0.004563241898737609,0.011346386263702631,127,2000,True,True,True,True,ridge_fixed,True,extended_K,ridge_fixed|history=True|extended_K
ridge_fixed::H_D_B_M_A_K,ridge_fixed::H_D_B_M_P_C_A_K,-0.001177909978843607,-0.004158189649904318,0.0016054077380475743,0.0013344517976537362,0.01362161903403451,0.0014824011013417405,0.003685953071699901,127,2000,False,False,False,True,ridge_fixed,True,extended_K,ridge_fixed|history=True|extended_K
ridge_fixed::H_P_A_K,ridge_fixed::H_D_B_M_P_C_A_K,-0.01671684101138979,-0.026706146147263608,-0.0074614199929526875,-0.008279076091669465,-0.0019173119985116758,0.005008219674358395,0.012452812316275777,127,2000,True,True,True,True,ridge_fixed,True,extended_K,ridge_fixed|history=True|extended_K
ridge_fixed::H_D_P_A_K,ridge_fixed::H_D_B_M_P_C_A_K,-0.001214115180458689,-0.005294419741794071,0.0029182427878570293,0.002311853979390411,0.013585413832419426,0.0021162976495256655,0.005262120902932416,127,2000,False,False,False,True,ridge_fixed,True,extended_K,ridge_fixed|history=True|extended_K
ridge_fixed::H_B_P_A_K,ridge_fixed::H_D_B_M_P_C_A_K,-0.01805600346068826,-0.02665848594880074,-0.009497169291051362,-0.010849648415094934,-0.0032564744478101437,0.004491186825344321,0.011167223135136982,127,2000,True,True,True,True,ridge_fixed,True,extended_K,ridge_fixed|history=True|extended_K
ridge_fixed::H_D_B_P_A_K,ridge_fixed::H_D_B_M_P_C_A_K,-0.004281780748218738,-0.00602409957374365,-0.002496402920879319,-0.0027785206658277432,0.010517748264659378,0.0009263951298097841,0.0023034582011842537,127,2000,False,False,False,True,ridge_fixed,True,extended_K,ridge_fixed|history=True|extended_K
ridge_fixed::H_M_P_A_K,ridge_fixed::H_D_B_M_P_C_A_K,-0.01424584253892548,-0.024244173481110357,-0.005126120240151689,-0.005972088423025169,0.0005536864739526352,0.004973420431808046,0.012366284874509043,127,2000,True,True,True,True,ridge_fixed,True,extended_K,ridge_fixed|history=True|extended_K
ridge_fixed::H_D_M_P_A_K,ridge_fixed::H_D_B_M_P_C_A_K,0.0023393068698630893,-0.0015348963814333357,0.006288270371000784,0.005648296806917308,0.017138835882741205,0.0020280772900379265,0.005042763196879728,127,2000,False,False,False,True,ridge_fixed,True,extended_K,ridge_fixed|history=True|extended_K
ridge_fixed::H_B_M_P_A_K,ridge_fixed::H_D_B_M_P_C_A_K,-0.01471390200700903,-0.023284626983155553,-0.006321349652038147,-0.0076478702803119535,8.562700586908605e-05,0.0044086068147996295,0.010961890014935768,127,2000,True,True,True,True,ridge_fixed,True,extended_K,ridge_fixed|history=True|extended_K
ridge_fixed::H_D_B_M_P_A_K,ridge_fixed::H_D_B_M_P_C_A_K,-0.0001230882667459991,-0.0007314280226832288,0.00048718675963479346,0.00036534600772742006,0.014676440746132117,0.0003104312468798431,0.0007718794912879691,127,2000,False,False,False,True,ridge_fixed,True,extended_K,ridge_fixed|history=True|extended_K
ridge_fixed::H_C_A_K,ridge_fixed::H_D_B_M_P_C_A_K,-0.01834213059763332,-0.028237856841570066,-0.009169525762839657,-0.009843353729740047,-0.0035426015847552037,0.0050301943736471,0.012507451853624726,127,2000,True,True,True,True,ridge_fixed,True,extended_K,ridge_fixed|history=True|extended_K
ridge_fixed::H_D_C_A_K,ridge_fixed::H_D_B_M_P_C_A_K,-0.0028661879631864348,-0.007458695623976251,0.001515150015639476,0.0009463973567219756,0.011933341049691681,0.0023529060543345495,0.0058504417532784835,127,2000,False,False,False,True,ridge_fixed,True,extended_K,ridge_fixed|history=True|extended_K
ridge_fixed::H_B_C_A_K,ridge_fixed::H_D_B_M_P_C_A_K,-0.020240219040325552,-0.02932061504784883,-0.011641665899093013,-0.012690110782723012,-0.0054406900274474364,0.004561809061896802,0.011342823550918733,127,2000,True,True,True,True,ridge_fixed,True,extended_K,ridge_fixed|history=True|extended_K
ridge_fixed::H_D_B_C_A_K,ridge_fixed::H_D_B_M_P_C_A_K,-0.006406094503646544,-0.009501512467156012,-0.0033846234455923727,-0.0038101642489476355,0.008393434509231572,0.001562295329694811,0.003884608062000805,127,2000,False,False,True,True,ridge_fixed,True,extended_K,ridge_fixed|history=True|extended_K
ridge_fixed::H_M_C_A_K,ridge_fixed::H_D_B_M_P_C_A_K,-0.015392880268142907,-0.025106613871984512,-0.0062037689778332095,-0.006935029336328681,-0.0005933512552647909,0.00500374634132552,0.01244168948614678,127,2000,True,True,True,True,ridge_fixed,True,extended_K,ridge_fixed|history=True|extended_K
ridge_fixed::H_D_M_C_A_K,ridge_fixed::H_D_B_M_P_C_A_K,0.0015455665086272882,-0.0028718790536724657,0.00600087262792895,0.0053713131464487845,0.016345095521505405,0.0023307473249321526,0.00579534462967826,127,2000,False,False,False,True,ridge_fixed,True,extended_K,ridge_fixed|history=True|extended_K
ridge_fixed::H_B_M_C_A_K,ridge_fixed::H_D_B_M_P_C_A_K,-0.016403226156187833,-0.025296560900107432,-0.007830616324109581,-0.008871218284198595,-0.0016036971433097177,0.0045115366318362,0.011217822417395574,127,2000,True,True,True,True,ridge_fixed,True,extended_K,ridge_fixed|history=True|extended_K
ridge_fixed::H_D_B_M_C_A_K,ridge_fixed::H_D_B_M_P_C_A_K,-0.0009703670258593839,-0.003942472367471201,0.001857073976881637,0.001462283833978163,0.013829161987018732,0.0014598033394560917,0.0036297643048671187,127,2000,False,False,False,True,ridge_fixed,True,extended_K,ridge_fixed|history=True|extended_K
ridge_fixed::H_P_C_A_K,ridge_fixed::H_D_B_M_P_C_A_K,-0.016738422040701948,-0.026540916597513026,-0.007601111486170723,-0.008296307805533247,-0.0019388930278238323,0.004953101168074444,0.012315761536051077,127,2000,True,True,True,True,ridge_fixed,True,extended_K,ridge_fixed|history=True|extended_K
ridge_fixed::H_D_P_C_A_K,ridge_fixed::H_D_B_M_P_C_A_K,-0.0010458737701305233,-0.005153587428045811,0.002959488790977086,0.002365088417875605,0.013753655242747593,0.002083422169509643,0.005180376848344903,127,2000,False,False,False,True,ridge_fixed,True,extended_K,ridge_fixed|history=True|extended_K
ridge_fixed::H_B_P_C_A_K,ridge_fixed::H_D_B_M_P_C_A_K,-0.018143747077824398,-0.026691108272281917,-0.009693292121423756,-0.010899233309168612,-0.0033442180649462822,0.004428522174808504,0.011011409056936127,127,2000,True,True,True,True,ridge_fixed,True,extended_K,ridge_fixed|history=True|extended_K
ridge_fixed::H_D_B_P_C_A_K,ridge_fixed::H_D_B_M_P_C_A_K,-0.004087198860433865,-0.005726113387193875,-0.0023773718411420146,-0.002720513344502449,0.01071233015244425,0.0008641133144193287,0.0021485960329480653,127,2000,False,False,False,True,ridge_fixed,True,extended_K,ridge_fixed|history=True|extended_K
ridge_fixed::H_M_P_C_A_K,ridge_fixed::H_D_B_M_P_C_A_K,-0.014218078513355794,-0.024101520994794987,-0.005192790945678322,-0.005856579357306798,0.0005814504995223218,0.004918229845660726,0.012229054869516127,127,2000,True,True,True,True,ridge_fixed,True,extended_K,ridge_fixed|history=True|extended_K
ridge_fixed::H_D_M_P_C_A_K,ridge_fixed::H_D_B_M_P_C_A_K,0.0024564727536525843,-0.001286291334596468,0.006310460517820477,0.005714234345973503,0.0172560017665307,0.0019983997402631126,0.004968970715442693,127,2000,False,False,False,True,ridge_fixed,True,extended_K,ridge_fixed|history=True|extended_K
ridge_fixed::H_B_M_P_C_A_K,ridge_fixed::H_D_B_M_P_C_A_K,-0.014800465326118525,-0.023295813879030278,-0.006576411601272388,-0.00782835795131703,-9.363132404092978e-07,0.004348160071298651,0.010811590706820019,127,2000,True,True,True,True,ridge_fixed,True,extended_K,ridge_fixed|history=True|extended_K
ridge_fixed::H,ridge_fixed::H_D_B_M_P_C_A,-0.02157318944956102,-0.036024282632359524,-0.008651099743232263,-0.009197653596022232,-0.008072750550092923,0.007147359592006078,0.017771729944650948,63,2000,True,True,True,True,ridge_fixed,True,original_noK,ridge_fixed|history=True|original_noK
ridge_fixed::H_D,ridge_fixed::H_D_B_M_P_C_A,-0.014008730554109209,-0.021392494531341448,-0.006754611384678228,-0.007739290312446299,-0.0005082916546411114,0.0037436235521254597,0.00930842584962696,63,2000,True,True,True,True,ridge_fixed,True,original_noK,ridge_fixed|history=True|original_noK
ridge_fixed::H_B,ridge_fixed::H_D_B_M_P_C_A,-0.025018465393052493,-0.038002461283125205,-0.01323050140857466,-0.013741505554900184,-0.011518026493584396,0.006533855222806918,0.016246266753815363,63,2000,True,True,True,True,ridge_fixed,True,original_noK,ridge_fixed|history=True|original_noK
ridge_fixed::H_D_B,ridge_fixed::H_D_B_M_P_C_A,-0.01843866378082939,-0.024349723482199766,-0.01284842384630825,-0.013419365669766349,-0.0049382248813612944,0.0029753873547876523,0.00739822585800165,63,2000,True,True,True,True,ridge_fixed,True,original_noK,ridge_fixed|history=True|original_noK
ridge_fixed::H_M,ridge_fixed::H_D_B_M_P_C_A,-0.02356111561692913,-0.038118344453535215,-0.010698417026524049,-0.011123973255805367,-0.010060676717461033,0.007130656438503736,0.017730197973375893,63,2000,True,True,True,True,ridge_fixed,True,original_noK,ridge_fixed|history=True|original_noK
ridge_fixed::H_D_M,ridge_fixed::H_D_B_M_P_C_A,-0.013067056944926806,-0.020405043178843695,-0.005698498726810024,-0.006765121733147235,0.00043338195454129154,0.0037567250355563585,0.009341002358813466,63,2000,True,True,True,True,ridge_fixed,True,original_noK,ridge_fixed|history=True|original_noK
ridge_fixed::H_B_M,ridge_fixed::H_D_B_M_P_C_A,-0.025489788054948833,-0.03855808477701706,-0.013624158959042313,-0.014210614948716496,-0.011989349155480736,0.006530823928699217,0.01623872951722171,63,2000,True,True,True,True,ridge_fixed,True,original_noK,ridge_fixed|history=True|original_noK
ridge_fixed::H_D_B_M,ridge_fixed::H_D_B_M_P_C_A,-0.016286522916137736,-0.022266669313482448,-0.01055916359713415,-0.011249632129706241,-0.002786084016669639,0.00299405679162445,0.007444646943356496,63,2000,True,True,True,True,ridge_fixed,True,original_noK,ridge_fixed|history=True|original_noK
ridge_fixed::H_P,ridge_fixed::H_D_B_M_P_C_A,-0.02011586966807904,-0.034682368028646035,-0.0073183238813213595,-0.007530062486939897,-0.006615430768610944,0.007159616335506532,0.01780220602923672,63,2000,True,True,True,True,ridge_fixed,True,original_noK,ridge_fixed|history=True|original_noK
ridge_fixed::H_D_P,ridge_fixed::H_D_B_M_P_C_A,-0.01167678420529659,-0.018991195942331954,-0.004125708258197557,-0.005480007707783963,0.0018236546941715077,0.0037989717949618515,0.009446047864013847,63,2000,True,True,True,True,ridge_fixed,True,original_noK,ridge_fixed|history=True|original_noK
ridge_fixed::H_B_P,ridge_fixed::H_D_B_M_P_C_A,-0.02245301784003251,-0.03577467574747748,-0.010271138989036081,-0.010982236322823495,-0.008952578940564414,0.006546603546140409,0.016277965139297926,63,2000,True,True,True,True,ridge_fixed,True,original_noK,ridge_fixed|history=True|original_noK
ridge_fixed::H_D_B_P,ridge_fixed::H_D_B_M_P_C_A,-0.015183509465980755,-0.021085885199742936,-0.009144530883745866,-0.010216580885668652,-0.001683070566512658,0.0030211599507967944,0.0075120382672793215,63,2000,True,True,True,True,ridge_fixed,True,original_noK,ridge_fixed|history=True|original_noK
ridge_fixed::H_M_P,ridge_fixed::H_D_B_M_P_C_A,-0.02224732630554479,-0.036803035231156044,-0.009359483910951701,-0.009564360137272718,-0.008746887406076691,0.00714629495750075,0.0177690827577178,63,2000,True,True,True,True,ridge_fixed,True,original_noK,ridge_fixed|history=True|original_noK
ridge_fixed::H_D_M_P,ridge_fixed::H_D_B_M_P_C_A,-0.011557133616952793,-0.018886367622289114,-0.004014557470058297,-0.00532979893062854,0.001943305282515304,0.0037986820004365135,0.009445327297211877,63,2000,True,True,True,True,ridge_fixed,True,original_noK,ridge_fixed|history=True|original_noK
ridge_fixed::H_B_M_P,ridge_fixed::H_D_B_M_P_C_A,-0.02325982293705743,-0.036550768555811436,-0.011210850124673509,-0.011769617130414805,-0.009759384037589334,0.006545144580133905,0.016274337457000392,63,2000,True,True,True,True,ridge_fixed,True,original_noK,ridge_fixed|history=True|original_noK
ridge_fixed::H_D_B_M_P,ridge_fixed::H_D_B_M_P_C_A,-0.013961021949244494,-0.01982365484277472,-0.007949115187024059,-0.009034663059378379,-0.00046058304977639707,0.0030059995572280602,0.007474342329795008,63,2000,True,True,True,True,ridge_fixed,True,original_noK,ridge_fixed|history=True|original_noK
ridge_fixed::H_C,ridge_fixed::H_D_B_M_P_C_A,-0.02199468757486898,-0.03630666823922649,-0.009117600116365754,-0.009483578645014635,-0.008494248675400884,0.0070656013842480955,0.017568440216419193,63,2000,True,True,True,True,ridge_fixed,True,original_noK,ridge_fixed|history=True|original_noK
ridge_fixed::H_D_C,ridge_fixed::H_D_B_M_P_C_A,-0.014229833900453473,-0.021371408328018822,-0.006866855302246736,-0.008037269883345985,-0.0007293950009853757,0.00369036555918016,0.009176001189046488,63,2000,True,True,True,True,ridge_fixed,True,original_noK,ridge_fixed|history=True|original_noK
ridge_fixed::H_B_C,ridge_fixed::H_D_B_M_P_C_A,-0.02550248197714957,-0.0385328740720197,-0.01366356141921614,-0.014319351479205367,-0.012002043077681473,0.006447305024797618,0.016031061862291834,63,2000,True,True,True,True,ridge_fixed,True,original_noK,ridge_fixed|history=True|original_noK
ridge_fixed::H_D_B_C,ridge_fixed::H_D_B_M_P_C_A,-0.018641903701859162,-0.024440061914251715,-0.013079472729228802,-0.013838085153030689,-0.005141464802391065,0.0029161600810327514,0.007250958730752694,63,2000,True,True,True,True,ridge_fixed,True,original_noK,ridge_fixed|history=True|original_noK
ridge_fixed::H_M_C,ridge_fixed::H_D_B_M_P_C_A,-0.02411310991310635,-0.03864566745946535,-0.01108625235480265,-0.01182005567553453,-0.010612671013638254,0.007048581712391919,0.017526121230214436,63,2000,True,True,True,True,ridge_fixed,True,original_noK,ridge_fixed|history=True|original_noK
ridge_fixed::H_D_M_C,ridge_fixed::H_D_B_M_P_C_A,-0.013238982476623199,-0.020441540561340996,-0.005868647714342441,-0.007126561324782751,0.0002614564228448982,0.003695864877847095,0.009189675106661833,63,2000,True,True,True,True,ridge_fixed,True,original_noK,ridge_fixed|history=True|original_noK
ridge_fixed::H_B_M_C,ridge_fixed::H_D_B_M_P_C_A,-0.026050594742742104,-0.039061380971966,-0.01417676809476806,-0.014779773215838515,-0.012550155843274007,0.006444545016346681,0.016024199170663743,63,2000,True,True,True,True,ridge_fixed,True,original_noK,ridge_fixed|history=True|original_noK
ridge_fixed::H_D_B_M_C,ridge_fixed::H_D_B_M_P_C_A,-0.01629202335821478,-0.022207125516888693,-0.010768364777290497,-0.011408903298198998,-0.0027915844587466827,0.0029272723354831997,0.007278589072087483,63,2000,True,True,True,True,ridge_fixed,True,original_noK,ridge_fixed|history=True|original_noK
ridge_fixed::H_P_C,ridge_fixed::H_D_B_M_P_C_A,-0.020602848541735858,-0.0351055896502769,-0.007707097530697281,-0.008127550732579448,-0.00710240964226776,0.0070764214464237064,0.017595344029008163,63,2000,True,True,True,True,ridge_fixed,True,original_noK,ridge_fixed|history=True|original_noK
ridge_fixed::H_D_P_C,ridge_fixed::H_D_B_M_P_C_A,-0.011835076490269027,-0.018974499580652896,-0.004293215546368879,-0.005809964620156249,0.0016653624091990706,0.0037436039910153985,0.009308377211418549,63,2000,True,True,True,True,ridge_fixed,True,original_noK,ridge_fixed|history=True|original_noK
ridge_fixed::H_B_P_C,ridge_fixed::H_D_B_M_P_C_A,-0.023022116686727594,-0.03619905140262679,-0.011123421841715423,-0.011801532671459395,-0.009521677787259496,0.006456906202892247,0.016054934950255544,63,2000,True,True,True,True,ridge_fixed,True,original_noK,ridge_fixed|history=True|original_noK
ridge_fixed::H_D_B_P_C,ridge_fixed::H_D_B_M_P_C_A,-0.015401921658862842,-0.021240504809726696,-0.009443532466313399,-0.010513431819496162,-0.0019014827593947445,0.0029670264731643603,0.007377436736033515,63,2000,True,True,True,True,ridge_fixed,True,original_noK,ridge_fixed|history=True|original_noK
ridge_fixed::H_M_P_C,ridge_fixed::H_D_B_M_P_C_A,-0.022877070065670746,-0.03723755776270177,-0.01013057019811721,-0.010312433127549814,-0.009376631166202649,0.007063811259583901,0.01756398911644447,63,2000,True,True,True,True,ridge_fixed,True,original_noK,ridge_fixed|history=True|original_noK
ridge_fixed::H_D_M_P_C,ridge_fixed::H_D_B_M_P_C_A,-0.011825455140765285,-0.018988944832587385,-0.004239284893747944,-0.005786668727162268,0.001674983758702812,0.003745647517522162,0.009313458388704432,63,2000,True,True,True,True,ridge_fixed,True,original_noK,ridge_fixed|history=True|original_noK
ridge_fixed::H_B_M_P_C,ridge_fixed::H_D_B_M_P_C_A,-0.023886562477635626,-0.036993242403388624,-0.011883800619453532,-0.012650384126960687,-0.010386123578167528,0.006455213293333598,0.01605072557319682,63,2000,True,True,True,True,ridge_fixed,True,original_noK,ridge_fixed|history=True|original_noK
ridge_fixed::H_D_B_M_P_C,ridge_fixed::H_D_B_M_P_C_A,-0.014164254029681522,-0.020003221742821344,-0.008335247518218817,-0.009385269639627176,-0.000663815130213425,0.002952446271808532,0.007341183431900863,63,2000,True,True,True,True,ridge_fixed,True,original_noK,ridge_fixed|history=True|original_noK
ridge_fixed::H_A,ridge_fixed::H_D_B_M_P_C_A,-0.007992261937110397,-0.019399577886125934,0.0023367446910741406,0.0017960713314684254,0.0055081769623577005,0.005764082956429668,0.014332247365139451,63,2000,False,False,True,True,ridge_fixed,True,original_noK,ridge_fixed|history=True|original_noK
ridge_fixed::H_D_A,ridge_fixed::H_D_B_M_P_C_A,0.0016513710630617457,-0.002891955704370298,0.006080931054667838,0.005518763506103546,0.015151809962529843,0.0023382147882128595,0.0058139122893976275,63,2000,False,False,False,True,ridge_fixed,True,original_noK,ridge_fixed|history=True|original_noK
ridge_fixed::H_B_A,ridge_fixed::H_D_B_M_P_C_A,-0.01137911449284633,-0.021736359029435805,-0.0013807379957409863,-0.002815022494655376,0.0021213244066217666,0.005192524886517669,0.012911082592973425,63,2000,True,True,True,True,ridge_fixed,True,original_noK,ridge_fixed|history=True|original_noK
ridge_fixed::H_D_B_A,ridge_fixed::H_D_B_M_P_C_A,-0.0029687047292773264,-0.0053081971185366264,-0.0007327638014101066,-0.0009660584145216272,0.01053173417019077,0.001178513060231045,0.002930343097064155,63,2000,False,False,False,True,ridge_fixed,True,original_noK,ridge_fixed|history=True|original_noK
ridge_fixed::H_M_A,ridge_fixed::H_D_B_M_P_C_A,-0.010245279159232852,-0.021585693812306298,9.246946004555165e-05,-0.0004162773974719352,0.003255159740235245,0.005750537994302362,0.014298568157323149,63,2000,False,True,True,True,ridge_fixed,True,original_noK,ridge_fixed|history=True|original_noK
ridge_fixed::H_D_M_A,ridge_fixed::H_D_B_M_P_C_A,0.0023502769944042778,-0.002213697043599236,0.006842655334539309,0.0062125536692137365,0.015850715893872373,0.0023519056031712417,0.0058479541566117356,63,2000,False,False,False,True,ridge_fixed,True,original_noK,ridge_fixed|history=True|original_noK
ridge_fixed::H_B_M_A,ridge_fixed::H_D_B_M_P_C_A,-0.012100225580731726,-0.02238888305926148,-0.002229141281535407,-0.003502639056276787,0.0014002133187363715,0.005188958305390572,0.012902214378662877,63,2000,True,True,True,True,ridge_fixed,True,original_noK,ridge_fixed|history=True|original_noK
ridge_fixed::H_D_B_M_A,ridge_fixed::H_D_B_M_P_C_A,-0.001017464133051652,-0.0034377205019029793,0.0013101926943876495,0.0010217392599778609,0.012482974766416445,0.001219457143268465,0.003032149530223923,63,2000,False,False,False,True,ridge_fixed,True,original_noK,ridge_fixed|history=True|original_noK
ridge_fixed::H_P_A,ridge_fixed::H_D_B_M_P_C_A,-0.007210008603733893,-0.018580850098519626,0.003215025048336573,0.00270433602598499,0.006290430295734204,0.0057516505679144955,0.014301334543640203,63,2000,False,False,True,True,ridge_fixed,True,original_noK,ridge_fixed|history=True|original_noK
ridge_fixed::H_D_P_A,ridge_fixed::H_D_B_M_P_C_A,0.003088826513729318,-0.001154228007262556,0.007498143139179013,0.006675580175200644,0.016589265413197416,0.002188283538408702,0.005441112005952587,63,2000,False,False,False,True,ridge_fixed,True,original_noK,ridge_fixed|history=True|original_noK
ridge_fixed::H_B_P_A,ridge_fixed::H_D_B_M_P_C_A,-0.00979803161715671,-0.019944566551320226,-6.34938242042054e-05,-0.0012435973227854797,0.0037024072823113874,0.005150173941856903,0.012805778033754973,63,2000,False,True,True,True,ridge_fixed,True,original_noK,ridge_fixed|history=True|original_noK
ridge_fixed::H_D_B_P_A,ridge_fixed::H_D_B_M_P_C_A,-0.0007600826463815172,-0.0017461746994100508,0.00019721438207234186,4.478369786698453e-05,0.01274035625308658,0.0005028605334650818,0.0012503500748108078,63,2000,False,False,False,True,ridge_fixed,True,original_noK,ridge_fixed|history=True|original_noK
ridge_fixed::H_M_P_A,ridge_fixed::H_D_B_M_P_C_A,-0.009519994465386393,-0.02090106200999458,0.0010609787603035937,0.0003432841817477897,0.003980444434081704,0.005739937091434293,0.014272209278842835,63,2000,False,True,True,True,ridge_fixed,True,original_noK,ridge_fixed|history=True|original_noK
ridge_fixed::H_D_M_P_A,ridge_fixed::H_D_B_M_P_C_A,0.003134306631428547,-0.0010933495407803623,0.007554352888730244,0.006715440867286163,0.016634745530896645,0.002187652363834496,0.0054395426062412225,63,2000,False,False,False,True,ridge_fixed,True,original_noK,ridge_fixed|history=True|original_noK
ridge_fixed::H_B_M_P_A,ridge_fixed::H_D_B_M_P_C_A,-0.010784609453832989,-0.020861574284197403,-0.001096731426245299,-0.0022858191945509723,0.002715829445635108,0.005150323634736049,0.012806150241335768,63,2000,False,True,True,True,ridge_fixed,True,original_noK,ridge_fixed|history=True|original_noK
ridge_fixed::H_D_B_M_P_A,ridge_fixed::H_D_B_M_P_C_A,-8.73552301067051e-06,-0.000934142180753258,0.0009528061163251194,0.0007764739732861053,0.013491703376457427,0.00047164148448981526,0.001172724694364328,63,2000,False,False,False,True,ridge_fixed,True,original_noK,ridge_fixed|history=True|original_noK
ridge_fixed::H_C_A,ridge_fixed::H_D_B_M_P_C_A,-0.008394699650714358,-0.01961018576420422,0.0018418346346689895,0.0012590690493777899,0.00510573924875374,0.005680735203476391,0.01412500527273993,63,2000,False,False,True,True,ridge_fixed,True,original_noK,ridge_fixed|history=True|original_noK
ridge_fixed::H_D_C_A,ridge_fixed::H_D_B_M_P_C_A,0.0017035832751795285,-0.0026500545393149146,0.005957153404124133,0.005393501583412083,0.015204022174647626,0.002270837557576433,0.005646380499248399,63,2000,False,False,False,True,ridge_fixed,True,original_noK,ridge_fixed|history=True|original_noK
ridge_fixed::H_B_C_A,ridge_fixed::H_D_B_M_P_C_A,-0.011765936321763797,-0.021904353582993603,-0.002235986324379713,-0.0032889645218996157,0.0017345025777043,0.005100869090278643,0.012683182759803742,63,2000,True,True,True,True,ridge_fixed,True,original_noK,ridge_fixed|history=True|original_noK
ridge_fixed::H_D_B_C_A,ridge_fixed::H_D_B_M_P_C_A,-0.002804901728743439,-0.004957408530999155,-0.0007386864255480145,-0.0010448945727953255,0.010695537170724658,0.0010718531495838431,0.0026651359106141105,63,2000,False,False,False,True,ridge_fixed,True,original_noK,ridge_fixed|history=True|original_noK
ridge_fixed::H_M_C_A,ridge_fixed::H_D_B_M_P_C_A,-0.010707941688856653,-0.022130070549024577,-0.0005053566663107573,-0.0009756312033396136,0.0027924972106114446,0.0056653641035901425,0.014086785419294165,63,2000,False,True,True,True,ridge_fixed,True,original_noK,ridge_fixed|history=True|original_noK
ridge_fixed::H_D_M_C_A,ridge_fixed::H_D_B_M_P_C_A,0.002365413623990928,-0.002035544433755225,0.006666171977057107,0.006090048703272204,0.015865852523459026,0.002281311544705087,0.005672423804933253,63,2000,False,False,False,True,ridge_fixed,True,original_noK,ridge_fixed|history=True|original_noK
ridge_fixed::H_B_M_C_A,ridge_fixed::H_D_B_M_P_C_A,-0.012523342655877736,-0.022613879845861818,-0.003055149623424387,-0.004051974997305717,0.0009770962435903616,0.005096136846897249,0.012671416155602022,63,2000,True,True,True,True,ridge_fixed,True,original_noK,ridge_fixed|history=True|original_noK
ridge_fixed::H_D_B_M_C_A,ridge_fixed::H_D_B_M_P_C_A,-0.0008796364258133796,-0.0031190818386742096,0.0012773620657283533,0.000988295829854955,0.012620802473654718,0.0011149593009553394,0.002772318272333295,63,2000,False,False,False,True,ridge_fixed,True,original_noK,ridge_fixed|history=True|original_noK
ridge_fixed::H_P_C_A,ridge_fixed::H_D_B_M_P_C_A,-0.007587156842341802,-0.018989736867744734,0.002723699539979962,0.0021442042812115456,0.005913282057126296,0.005664574344079803,0.014084821702125846,63,2000,False,False,True,True,ridge_fixed,True,original_noK,ridge_fixed|history=True|original_noK
ridge_fixed::H_D_P_C_A,ridge_fixed::H_D_B_M_P_C_A,0.0031547512015189833,-0.0008784288268583766,0.007405097673258903,0.006636494090638859,0.01665519010098708,0.0021216678480333686,0.005275473766517845,63,2000,False,False,False,True,ridge_fixed,True,original_noK,ridge_fixed|history=True|original_noK
ridge_fixed::H_B_P_C_A,ridge_fixed::H_D_B_M_P_C_A,-0.010237110781292759,-0.02004986918411454,-0.0007992015434558515,-0.0017702494713508782,0.0032633281181753387,0.005054992989018112,0.012569112987320559,63,2000,False,True,True,True,ridge_fixed,True,original_noK,ridge_fixed|history=True|original_noK
ridge_fixed::H_D_B_P_C_A,ridge_fixed::H_D_B_M_P_C_A,-0.0009153250829056293,-0.0012615597119625087,-0.0005480178925102898,-0.0006310112604763689,0.012585113816562467,0.00018130657290156937,0.00045081423556758417,63,2000,False,False,False,True,ridge_fixed,True,original_noK,ridge_fixed|history=True|original_noK
ridge_fixed::H_M_P_C_A,ridge_fixed::H_D_B_M_P_C_A,-0.009995317972735918,-0.021328844916479166,0.00020966145874373404,-0.0004170809035578763,0.0035051209267321793,0.005652345341311635,0.014054414594173512,63,2000,False,True,True,True,ridge_fixed,True,original_noK,ridge_fixed|history=True|original_noK
ridge_fixed::H_D_M_P_C_A,ridge_fixed::H_D_B_M_P_C_A,0.0030941573947208395,-0.0009511990194879585,0.007277982006000427,0.006567796517904363,0.016594596294188937,0.002121133468702,0.005274145045744413,63,2000,False,False,False,True,ridge_fixed,True,original_noK,ridge_fixed|history=True|original_noK
ridge_fixed::H_B_M_P_C_A,ridge_fixed::H_D_B_M_P_C_A,-0.011288825188419789,-0.021137115846754217,-0.0018429036684742648,-0.0027450827027407226,0.002211613711048308,0.005054583766220625,0.012568095465122255,63,2000,True,True,True,True,ridge_fixed,True,original_noK,ridge_fixed|history=True|original_noK
ridge_fixed::NONE,ridge_fixed::D_B_M_P_C_A_K,0.004198980150256001,-0.013027647319842647,0.019664974151372982,0.018973825099956865,0.02079862120794382,0.00848714415435336,0.02110307057744613,127,2000,False,False,False,False,ridge_fixed,False,extended_K,ridge_fixed|history=False|extended_K
ridge_fixed::D,ridge_fixed::D_B_M_P_C_A_K,0.005404736992931607,-0.00620348423313201,0.016366415269968206,0.015158819262330397,0.02200437805061943,0.005699369729456885,0.014171339553128217,127,2000,False,False,False,False,ridge_fixed,False,extended_K,ridge_fixed|history=False|extended_K
ridge_fixed::B,ridge_fixed::D_B_M_P_C_A_K,-0.004004775668211571,-0.019538868544829318,0.010179926945971826,0.009087831910586534,0.01259486538947625,0.007665375813076238,0.019059764255685743,127,2000,False,False,False,True,ridge_fixed,False,extended_K,ridge_fixed|history=False|extended_K
ridge_fixed::D_B,ridge_fixed::D_B_M_P_C_A_K,-0.0031835135069799136,-0.012812088813134732,0.005898702589332053,0.004995175637945867,0.013416127550707908,0.004803368159436372,0.011943454174281831,127,2000,False,False,False,True,ridge_fixed,False,extended_K,ridge_fixed|history=False|extended_K
ridge_fixed::M,ridge_fixed::D_B_M_P_C_A_K,-0.0014976033388163384,-0.018575185371062872,0.014275363105638962,0.013190019470721136,0.015102037718871484,0.008446822491212027,0.021002811775710676,127,2000,False,False,False,True,ridge_fixed,False,extended_K,ridge_fixed|history=False|extended_K
ridge_fixed::D_M,ridge_fixed::D_B_M_P_C_A_K,0.0011912739746395959,-0.009965027762740816,0.01212696155602957,0.010602009330194747,0.017790915032327416,0.005639375008870655,0.014022164188626372,127,2000,False,False,False,True,ridge_fixed,False,extended_K,ridge_fixed|history=False|extended_K
ridge_fixed::B_M,ridge_fixed::D_B_M_P_C_A_K,-0.007163480418283722,-0.0228125876117847,0.007173920823665071,0.005907472696425747,0.0094361606394041,0.007652769843000639,0.019028419828000243,127,2000,False,False,True,True,ridge_fixed,False,extended_K,ridge_fixed|history=False|extended_K
ridge_fixed::D_B_M,ridge_fixed::D_B_M_P_C_A_K,-0.004917554899385441,-0.014456409169694574,0.004113875575138867,0.0031830399882167458,0.01168208615830238,0.004785508913202657,0.011899047607493784,127,2000,False,False,False,True,ridge_fixed,False,extended_K,ridge_fixed|history=False|extended_K
ridge_fixed::P,ridge_fixed::D_B_M_P_C_A_K,0.005634358422779588,-0.011674781099741962,0.021137415692770715,0.020559250788311,0.02223399948046741,0.008488857866159258,0.02110733167876968,127,2000,False,False,False,False,ridge_fixed,False,extended_K,ridge_fixed|history=False|extended_K
ridge_fixed::D_P,ridge_fixed::D_B_M_P_C_A_K,0.008519098961548347,-0.0028954711615709703,0.01959805612153825,0.018112600781246366,0.02511874001923617,0.00570340212565175,0.014181366004894424,127,2000,False,False,False,False,ridge_fixed,False,extended_K,ridge_fixed|history=False|extended_K
ridge_fixed::B_P,ridge_fixed::D_B_M_P_C_A_K,-0.0007443062571248194,-0.016729983347456148,0.013362905935750355,0.012520334991583807,0.015855334800563003,0.007665056907210853,0.01905897130426859,127,2000,False,False,False,True,ridge_fixed,False,extended_K,ridge_fixed|history=False|extended_K
ridge_fixed::D_B_P,ridge_fixed::D_B_M_P_C_A_K,0.0013635963506667959,-0.00822954738144142,0.010359400488961596,0.0095218122302352,0.017963237408354617,0.004773560217552484,0.011869337476143573,127,2000,False,False,False,True,ridge_fixed,False,extended_K,ridge_fixed|history=False|extended_K
ridge_fixed::M_P,ridge_fixed::D_B_M_P_C_A_K,5.695672800760577e-05,-0.017229715817736614,0.015656092759435254,0.014744895561906763,0.016656597785695428,0.008454460972186845,0.021021804666627154,127,2000,False,False,False,True,ridge_fixed,False,extended_K,ridge_fixed|history=False|extended_K
ridge_fixed::D_M_P,ridge_fixed::D_B_M_P_C_A_K,0.003921344857495762,-0.007305991736936657,0.014895559710430679,0.013293395698419041,0.020520985915183584,0.005650530297769523,0.014049901534035295,127,2000,False,False,False,False,ridge_fixed,False,extended_K,ridge_fixed|history=False|extended_K
ridge_fixed::B_M_P,ridge_fixed::D_B_M_P_C_A_K,-0.004079720467413909,-0.01991880675265712,0.010317861673524902,0.009064639936551513,0.012519920590273913,0.0076617650003259355,0.019050786060556053,127,2000,False,False,False,True,ridge_fixed,False,extended_K,ridge_fixed|history=False|extended_K
ridge_fixed::D_B_M_P,ridge_fixed::D_B_M_P_C_A_K,-0.001085885005571775,-0.010595786360940065,0.00792416187414481,0.006980977318770569,0.015513756052116046,0.00476856214830777,0.01185690990261543,127,2000,False,False,False,True,ridge_fixed,False,extended_K,ridge_fixed|history=False|extended_K
ridge_fixed::C,ridge_fixed::D_B_M_P_C_A_K,0.003444656545524517,-0.013409476738133872,0.01918110625426832,0.017894320550316957,0.020044297603212337,0.008363517038097418,0.020795674860796608,127,2000,False,False,False,False,ridge_fixed,False,extended_K,ridge_fixed|history=False|extended_K
ridge_fixed::D_C,ridge_fixed::D_B_M_P_C_A_K,0.005235414029639196,-0.00619689797272061,0.01591325885191363,0.014744749569743988,0.02183505508732702,0.005625636294127578,0.013988003219801795,127,2000,False,False,False,False,ridge_fixed,False,extended_K,ridge_fixed|history=False|extended_K
ridge_fixed::B_C,ridge_fixed::D_B_M_P_C_A_K,-0.004832138287524817,-0.020283017600173037,0.0093262176012499,0.008070023587339312,0.011767502770163005,0.0075422619793811775,0.018753644803220195,127,2000,False,False,False,True,ridge_fixed,False,extended_K,ridge_fixed|history=False|extended_K
ridge_fixed::D_B_C,ridge_fixed::D_B_M_P_C_A_K,-0.003294874598331552,-0.012659014467040482,0.005703188912073532,0.004745658205842929,0.01330476645935627,0.0047316720004208414,0.011765183477293556,127,2000,False,False,False,True,ridge_fixed,False,extended_K,ridge_fixed|history=False|extended_K
ridge_fixed::M_C,ridge_fixed::D_B_M_P_C_A_K,-0.002147480995456125,-0.019173952260718698,0.01342581549845352,0.012109782417532022,0.014452160062231698,0.008313281029418734,0.02067076428812397,127,2000,False,False,False,True,ridge_fixed,False,extended_K,ridge_fixed|history=False|extended_K
ridge_fixed::D_M_C,ridge_fixed::D_B_M_P_C_A_K,0.0013362104204750387,-0.009720733274701175,0.011894314542147516,0.01073696483204619,0.01793585147816286,0.005564504380527916,0.013836000253460486,127,2000,False,False,False,True,ridge_fixed,False,extended_K,ridge_fixed|history=False|extended_K
ridge_fixed::B_M_C,ridge_fixed::D_B_M_P_C_A_K,-0.007866479400308156,-0.023158377464544144,0.006401559785979375,0.004945706665267363,0.008733161657379666,0.0075236432712188364,0.018707349853439095,127,2000,False,False,True,True,ridge_fixed,False,extended_K,ridge_fixed|history=False|extended_K
ridge_fixed::D_B_M_C,ridge_fixed::D_B_M_P_C_A_K,-0.004670415808795814,-0.01395732985565906,0.004215085854230635,0.0032745908674567843,0.011929225248892008,0.004714417636942805,0.011722280936271067,127,2000,False,False,False,True,ridge_fixed,False,extended_K,ridge_fixed|history=False|extended_K
ridge_fixed::P_C,ridge_fixed::D_B_M_P_C_A_K,0.004828445670560994,-0.012232553495451787,0.02041025706131433,0.01936303364789875,0.021428086728248814,0.008363122849012881,0.02079469471954761,127,2000,False,False,False,False,ridge_fixed,False,extended_K,ridge_fixed|history=False|extended_K
ridge_fixed::D_P_C,ridge_fixed::D_B_M_P_C_A_K,0.008418157616006528,-0.0029123727789757935,0.019408318979981177,0.01782105782038589,0.02501779867369435,0.005627314566728263,0.013992176202432505,127,2000,False,False,False,False,ridge_fixed,False,extended_K,ridge_fixed|history=False|extended_K
ridge_fixed::B_P_C,ridge_fixed::D_B_M_P_C_A_K,-0.0016763232168566934,-0.017321099952340675,0.01250443188295081,0.011351396882055203,0.014923317840831129,0.007534619013103459,0.018734640759710812,127,2000,False,False,False,True,ridge_fixed,False,extended_K,ridge_fixed|history=False|extended_K
ridge_fixed::D_B_P_C,ridge_fixed::D_B_M_P_C_A_K,0.0013371589438625708,-0.008076845286608937,0.010286031483295757,0.009430362384215919,0.01793680000155039,0.004697199403821527,0.011679468232472363,127,2000,False,False,False,True,ridge_fixed,False,extended_K,ridge_fixed|history=False|extended_K
ridge_fixed::M_P_C,ridge_fixed::D_B_M_P_C_A_K,-0.000686930396780435,-0.017845179164210155,0.014955160612091747,0.0136221943378518,0.015912710660907388,0.00831801416929982,0.020682533121449638,127,2000,False,False,False,True,ridge_fixed,False,extended_K,ridge_fixed|history=False|extended_K
ridge_fixed::D_M_P_C,ridge_fixed::D_B_M_P_C_A_K,0.004018779356174609,-0.007048959575597014,0.014736023720311959,0.013245250787806886,0.02061842041386243,0.005572257573472769,0.01385527837280666,127,2000,False,False,False,False,ridge_fixed,False,extended_K,ridge_fixed|history=False|extended_K
ridge_fixed::B_M_P_C,ridge_fixed::D_B_M_P_C_A_K,-0.004914200078438968,-0.02050773181216065,0.009265367634295469,0.008042313739361755,0.011685440979248854,0.007523900545966812,0.01870798956063218,127,2000,False,False,False,True,ridge_fixed,False,extended_K,ridge_fixed|history=False|extended_K
ridge_fixed::D_B_M_P_C,ridge_fixed::D_B_M_P_C_A_K,-0.0011093482036352651,-0.010390916924149356,0.0078023971047417005,0.006897761420612506,0.015490292854052557,0.004687069903735629,0.011654281485159098,127,2000,False,False,False,True,ridge_fixed,False,extended_K,ridge_fixed|history=False|extended_K
ridge_fixed::A,ridge_fixed::D_B_M_P_C_A_K,0.015324524013663679,0.001932018655565081,0.0282143115066677,0.027237720772165516,0.0319241650713515,0.00704504953231408,0.017517338553248045,127,2000,False,False,False,False,ridge_fixed,False,extended_K,ridge_fixed|history=False|extended_K
ridge_fixed::D_A,ridge_fixed::D_B_M_P_C_A_K,0.020734785873556552,0.011758371881813423,0.029528058736521687,0.028305172155754975,0.03733442693124438,0.004553428833922563,0.011321986324735323,127,2000,False,False,False,False,ridge_fixed,False,extended_K,ridge_fixed|history=False|extended_K
ridge_fixed::B_A,ridge_fixed::D_B_M_P_C_A_K,0.008198287946040207,-0.004459390691179934,0.0204203169275835,0.01876725747526253,0.024797929003728028,0.006352158324470829,0.015794481983867424,127,2000,False,False,False,False,ridge_fixed,False,extended_K,ridge_fixed|history=False|extended_K
ridge_fixed::D_B_A,ridge_fixed::D_B_M_P_C_A_K,0.012553102643777979,0.005137459023800957,0.019570660445555582,0.018889930001485956,0.0291527437014658,0.0036924492625695906,0.009181182265141096,127,2000,False,False,False,False,ridge_fixed,False,extended_K,ridge_fixed|history=False|extended_K
ridge_fixed::M_A,ridge_fixed::D_B_M_P_C_A_K,0.009652272015968792,-0.0038463257095355907,0.02272891632986153,0.02151077253673642,0.026251913073656614,0.007039008576287458,0.017502317867954316,127,2000,False,False,False,False,ridge_fixed,False,extended_K,ridge_fixed|history=False|extended_K
ridge_fixed::D_M_A,ridge_fixed::D_B_M_P_C_A_K,0.016449576465995538,0.007730829962855159,0.025072615585336803,0.02393061962599636,0.03304921752368336,0.004489860325782748,0.011163924827324635,127,2000,False,False,False,False,ridge_fixed,False,extended_K,ridge_fixed|history=False|extended_K
ridge_fixed::B_M_A,ridge_fixed::D_B_M_P_C_A_K,0.004936086357170796,-0.00768878945711763,0.017027173274036442,0.01554074819290348,0.021535727414858617,0.006361637557159849,0.015818051857645735,127,2000,False,False,False,False,ridge_fixed,False,extended_K,ridge_fixed|history=False|extended_K
ridge_fixed::D_B_M_A,ridge_fixed::D_B_M_P_C_A_K,0.010722037624746309,0.003290547841830818,0.017851456443485226,0.01702878449021884,0.027321678682434132,0.003675110847897152,0.00913807073293673,127,2000,False,False,False,False,ridge_fixed,False,extended_K,ridge_fixed|history=False|extended_K
ridge_fixed::P_A,ridge_fixed::D_B_M_P_C_A_K,0.016074950301195323,0.0028036949159549024,0.028890893130611973,0.02800435268435214,0.03267459135888315,0.007027177525954863,0.01747290025872872,127,2000,False,False,False,False,ridge_fixed,False,extended_K,ridge_fixed|history=False|extended_K
ridge_fixed::D_P_A,ridge_fixed::D_B_M_P_C_A_K,0.022812062241537437,0.01426864828180876,0.03135108497429953,0.0301750949231865,0.03941170329922526,0.004427212435226317,0.011008152422391185,127,2000,False,False,False,False,ridge_fixed,False,extended_K,ridge_fixed|history=False|extended_K
ridge_fixed::B_P_A,ridge_fixed::D_B_M_P_C_A_K,0.010313763743207836,-0.0022951234528768624,0.022459347604789112,0.0208814736530521,0.026913404800895657,0.006285807452506472,0.015629502208754177,127,2000,False,False,False,False,ridge_fixed,False,extended_K,ridge_fixed|history=False|extended_K
ridge_fixed::D_B_P_A,ridge_fixed::D_B_M_P_C_A_K,0.015325151447570483,0.008493222069444245,0.021808451154116774,0.02105048220721703,0.0319247925052583,0.0033920390786546057,0.008434219894990979,127,2000,False,False,False,False,ridge_fixed,False,extended_K,ridge_fixed|history=False|extended_K
ridge_fixed::M_P_A,ridge_fixed::D_B_M_P_C_A_K,0.010517641395403754,-0.0030690858824434382,0.023610636536899335,0.022390797592124024,0.027117282453091578,0.007022775133411188,0.017461953820342713,127,2000,False,False,False,False,ridge_fixed,False,extended_K,ridge_fixed|history=False|extended_K
ridge_fixed::D_M_P_A,ridge_fixed::D_B_M_P_C_A_K,0.018008634394811693,0.009451955549480957,0.02646164987829701,0.02516028793986629,0.03460827545249952,0.00436675813139283,0.010857834315698716,127,2000,False,False,False,False,ridge_fixed,False,extended_K,ridge_fixed|history=False|extended_K
ridge_fixed::B_M_P_A,ridge_fixed::D_B_M_P_C_A_K,0.00683666181144428,-0.005675674071618112,0.018927131783952788,0.01736832278246274,0.023436302869132102,0.0063079271221537425,0.01568450221125522,127,2000,False,False,False,False,ridge_fixed,False,extended_K,ridge_fixed|history=False|extended_K
ridge_fixed::D_B_M_P_A,ridge_fixed::D_B_M_P_C_A_K,0.0126410326435598,0.005659910995167491,0.019212946217396224,0.01831885888052523,0.02924067370124762,0.003387619921237463,0.008423231771168554,127,2000,False,False,False,False,ridge_fixed,False,extended_K,ridge_fixed|history=False|extended_K
ridge_fixed::C_A,ridge_fixed::D_B_M_P_C_A_K,0.015209013714805717,0.0017853526700932667,0.02835253008350967,0.026775622384540017,0.03180865477249354,0.006961516648239386,0.01730963613696922,127,2000,False,False,False,False,ridge_fixed,False,extended_K,ridge_fixed|history=False|extended_K
ridge_fixed::D_C_A,ridge_fixed::D_B_M_P_C_A_K,0.021233801877090404,0.012331228780323965,0.0299413907464958,0.02870704651677522,0.03783344293477822,0.004555502525670448,0.011327142507134916,127,2000,False,False,False,False,ridge_fixed,False,extended_K,ridge_fixed|history=False|extended_K
ridge_fixed::B_C_A,ridge_fixed::D_B_M_P_C_A_K,0.007968524378536346,-0.0048419818807721535,0.019819556586208497,0.018247769715247955,0.024568165436224167,0.006273058004639604,0.015597801027147645,127,2000,False,False,False,False,ridge_fixed,False,extended_K,ridge_fixed|history=False|extended_K
ridge_fixed::D_B_C_A,ridge_fixed::D_B_M_P_C_A_K,0.012968864220480972,0.00532793459044479,0.020111892393378426,0.01916876504485131,0.029568505278168795,0.003716347015420055,0.009240603426826801,127,2000,False,False,False,False,ridge_fixed,False,extended_K,ridge_fixed|history=False|extended_K
ridge_fixed::M_C_A,ridge_fixed::D_B_M_P_C_A_K,0.009566979426372331,-0.003712776247230925,0.022718697776039454,0.021264493222189526,0.026166620484060155,0.006935624593616628,0.01724525619406241,127,2000,False,False,False,False,ridge_fixed,False,extended_K,ridge_fixed|history=False|extended_K
ridge_fixed::D_M_C_A,ridge_fixed::D_B_M_P_C_A_K,0.01706377445984984,0.00841660776043018,0.02537137133938934,0.02444053264629973,0.03366341551753766,0.004478457111796836,0.011135571022419483,127,2000,False,False,False,False,ridge_fixed,False,extended_K,ridge_fixed|history=False|extended_K
ridge_fixed::B_M_C_A,ridge_fixed::D_B_M_P_C_A_K,0.004791471136513082,-0.007864723993566664,0.01676542298667424,0.015079000680804385,0.021391112194200902,0.006269039034099773,0.015587807957935166,127,2000,False,False,False,False,ridge_fixed,False,extended_K,ridge_fixed|history=False|extended_K
ridge_fixed::D_B_M_C_A,ridge_fixed::D_B_M_P_C_A_K,0.011334698963546464,0.0036912974050760253,0.01843467994228678,0.01744383081498916,0.027934340021234287,0.003690467515850622,0.009176254701744454,127,2000,False,False,False,False,ridge_fixed,False,extended_K,ridge_fixed|history=False|extended_K
ridge_fixed::P_C_A,ridge_fixed::D_B_M_P_C_A_K,0.01588226026088879,0.002534204028733026,0.02892364111885434,0.02749388553230996,0.03248190131857661,0.006940773770763264,0.017258059493589904,127,2000,False,False,False,False,ridge_fixed,False,extended_K,ridge_fixed|history=False|extended_K
ridge_fixed::D_P_C_A,ridge_fixed::D_B_M_P_C_A_K,0.023115379896634463,0.014499200972653186,0.03157590756051057,0.030369715357108605,0.039715020954322285,0.004415288270104452,0.010978503285582926,127,2000,False,False,False,False,ridge_fixed,False,extended_K,ridge_fixed|history=False|extended_K
ridge_fixed::B_P_C_A,ridge_fixed::D_B_M_P_C_A_K,0.009917371807452354,-0.002561936599462586,0.02158803950466278,0.020160671790045853,0.026517012865140174,0.006197490929933896,0.015409905395608534,127,2000,False,False,False,False,ridge_fixed,False,extended_K,ridge_fixed|history=False|extended_K
ridge_fixed::D_B_P_C_A,ridge_fixed::D_B_M_P_C_A_K,0.01557719395772592,0.008731493150427585,0.02212863425220644,0.021168549992001007,0.03217683501541374,0.0033962030283719268,0.008444573451283586,127,2000,False,False,False,False,ridge_fixed,False,extended_K,ridge_fixed|history=False|extended_K
ridge_fixed::M_P_C_A,ridge_fixed::D_B_M_P_C_A_K,0.010372071292650883,-0.002776675114976095,0.023414522046542603,0.022076243022345045,0.026971712350338704,0.006914375420188371,0.017192420658526122,127,2000,False,False,False,False,ridge_fixed,False,extended_K,ridge_fixed|history=False|extended_K
ridge_fixed::D_M_P_C_A,ridge_fixed::D_B_M_P_C_A_K,0.018552019589439757,0.010178624874306142,0.02686528455419233,0.025569978550126212,0.035151660647127575,0.004342175704367277,0.010796710728889004,127,2000,False,False,False,False,ridge_fixed,False,extended_K,ridge_fixed|history=False|extended_K
ridge_fixed::B_M_P_C_A,ridge_fixed::D_B_M_P_C_A_K,0.006576718745843509,-0.005795545824736527,0.018314617432343933,0.016721826317715988,0.023176359803531332,0.006201875241803259,0.015420806876852402,127,2000,False,False,False,False,ridge_fixed,False,extended_K,ridge_fixed|history=False|extended_K
ridge_fixed::D_B_M_P_C_A,ridge_fixed::D_B_M_P_C_A_K,0.013121045956546616,0.006081512780023186,0.01974093708166052,0.018690356539122526,0.029720687014234436,0.0033802101002839828,0.008404807437646739,127,2000,False,False,False,False,ridge_fixed,False,extended_K,ridge_fixed|history=False|extended_K
ridge_fixed::K,ridge_fixed::D_B_M_P_C_A_K,-0.023092715554358958,-0.037409426086212214,-0.00975451510057607,-0.0108680661845253,-0.006493074496671136,0.00722054005710663,0.017953691331404953,127,2000,True,True,True,True,ridge_fixed,False,extended_K,ridge_fixed|history=False|extended_K
ridge_fixed::D_K,ridge_fixed::D_B_M_P_C_A_K,-0.01516961525528688,-0.024231391226269734,-0.006067092966058465,-0.007299028645276482,0.0014300258024009423,0.0047708911746770465,0.011862700968132134,127,2000,True,True,True,True,ridge_fixed,False,extended_K,ridge_fixed|history=False|extended_K
ridge_fixed::B_K,ridge_fixed::D_B_M_P_C_A_K,-0.028610678694213038,-0.04123724572035491,-0.016610767492422844,-0.017755779597327458,-0.012011037636525217,0.006429974037678008,0.01598796879851085,127,2000,True,True,True,True,ridge_fixed,False,extended_K,ridge_fixed|history=False|extended_K
ridge_fixed::D_B_K,ridge_fixed::D_B_M_P_C_A_K,-0.021750553494665727,-0.029449644349539866,-0.01433409122485473,-0.015498193898958876,-0.005150912436977906,0.003819482324340836,0.009497046779690738,127,2000,True,True,True,True,ridge_fixed,False,extended_K,ridge_fixed|history=False|extended_K
ridge_fixed::M_K,ridge_fixed::D_B_M_P_C_A_K,-0.022156711195035112,-0.03646038457895848,-0.008862487668033447,-0.009960367368554315,-0.0055570701373472906,0.007224478449355193,0.017963484044721888,127,2000,True,True,True,True,ridge_fixed,False,extended_K,ridge_fixed|history=False|extended_K
ridge_fixed::D_M_K,ridge_fixed::D_B_M_P_C_A_K,-0.013730867503082481,-0.022931287347523695,-0.004594044341608399,-0.0057971148556435325,0.0028687735546053406,0.0047887506060087775,0.011907107995161745,127,2000,False,True,True,True,ridge_fixed,False,extended_K,ridge_fixed|history=False|extended_K
ridge_fixed::B_M_K,ridge_fixed::D_B_M_P_C_A_K,-0.026164101861194344,-0.038798770966537006,-0.014424742149712526,-0.01526455547581152,-0.009564460803506522,0.006428518751756774,0.015984350266652826,127,2000,True,True,True,True,ridge_fixed,False,extended_K,ridge_fixed|history=False|extended_K
ridge_fixed::D_B_M_K,ridge_fixed::D_B_M_P_C_A_K,-0.01885758907926899,-0.0264965232938448,-0.011451646388754249,-0.012572408748664669,-0.00225794802158117,0.0038367678163334098,0.00954002672098207,127,2000,True,True,True,True,ridge_fixed,False,extended_K,ridge_fixed|history=False|extended_K
ridge_fixed::P_K,ridge_fixed::D_B_M_P_C_A_K,-0.019474043335194632,-0.03382772317209079,-0.00586827563210576,-0.0071697259690555425,-0.002874402277506811,0.0072128306688865685,0.017934522131405745,127,2000,True,True,True,True,ridge_fixed,False,extended_K,ridge_fixed|history=False|extended_K
ridge_fixed::D_P_K,ridge_fixed::D_B_M_P_C_A_K,-0.01040640116195918,-0.019852099068868704,-0.0008869326004618569,-0.0024957879221847654,0.006193239895728642,0.004839249769239528,0.012032672895012525,127,2000,False,False,True,True,ridge_fixed,False,extended_K,ridge_fixed|history=False|extended_K
ridge_fixed::B_P_K,ridge_fixed::D_B_M_P_C_A_K,-0.023758906711625345,-0.03638351818310382,-0.011754418248177767,-0.01318848715859164,-0.007159265653937524,0.006397918812999694,0.01590826428819976,127,2000,True,True,True,True,ridge_fixed,False,extended_K,ridge_fixed|history=False|extended_K
ridge_fixed::D_B_P_K,ridge_fixed::D_B_M_P_C_A_K,-0.015945718433356803,-0.023297354499836987,-0.007995204314915601,-0.009637589475390763,0.0006539226243310187,0.003862069540594562,0.009602938822285344,127,2000,True,True,True,True,ridge_fixed,False,extended_K,ridge_fixed|history=False|extended_K
ridge_fixed::M_P_K,ridge_fixed::D_B_M_P_C_A_K,-0.018969841346597818,-0.033305004051200106,-0.005401056180527424,-0.006632427224301379,-0.002370200288909996,0.007214338632659338,0.01793827164541732,127,2000,True,True,True,True,ridge_fixed,False,extended_K,ridge_fixed|history=False|extended_K
ridge_fixed::D_M_P_K,ridge_fixed::D_B_M_P_C_A_K,-0.010091371712849835,-0.019546419780090543,-0.0005378458313836221,-0.002141003003111302,0.006508269344837987,0.004840366832455684,0.012035450444617112,127,2000,False,False,True,True,ridge_fixed,False,extended_K,ridge_fixed|history=False|extended_K
ridge_fixed::B_M_P_K,ridge_fixed::D_B_M_P_C_A_K,-0.021882069098765625,-0.03455727186782704,-0.00996668308345551,-0.011342382185060198,-0.005282428041077803,0.00638709743442241,0.015881357202411128,127,2000,True,True,True,True,ridge_fixed,False,extended_K,ridge_fixed|history=False|extended_K
ridge_fixed::D_B_M_P_K,ridge_fixed::D_B_M_P_C_A_K,-0.014401878273533559,-0.021757525316337872,-0.00637644820030224,-0.008190764768426898,0.002197762784154263,0.0038529125871377867,0.00958017028771608,127,2000,True,True,True,True,ridge_fixed,False,extended_K,ridge_fixed|history=False|extended_K
ridge_fixed::C_K,ridge_fixed::D_B_M_P_C_A_K,-0.023653115435086358,-0.037795886332030376,-0.01030192132413925,-0.011491853060365652,-0.007053474377398537,0.007105608914730916,0.01766791793519639,127,2000,True,True,True,True,ridge_fixed,False,extended_K,ridge_fixed|history=False|extended_K
ridge_fixed::D_C_K,ridge_fixed::D_B_M_P_C_A_K,-0.015255540802590608,-0.024365765793008656,-0.006455556117394694,-0.007546506049904398,0.0013441002550972133,0.004661814890813873,0.011591485530426934,127,2000,True,True,True,True,ridge_fixed,False,extended_K,ridge_fixed|history=False|extended_K
ridge_fixed::B_C_K,ridge_fixed::D_B_M_P_C_A_K,-0.02920725462578753,-0.04162470347006301,-0.017611677486662262,-0.018510356118427773,-0.01260761356809971,0.006313237573440721,0.015697706514878333,127,2000,True,True,True,True,ridge_fixed,False,extended_K,ridge_fixed|history=False|extended_K
ridge_fixed::D_B_C_K,ridge_fixed::D_B_M_P_C_A_K,-0.021936005191581467,-0.02935608119382379,-0.014713114513789137,-0.015793014637542242,-0.005336364133893646,0.0037015663992077262,0.009203851796191785,127,2000,True,True,True,True,ridge_fixed,False,extended_K,ridge_fixed|history=False|extended_K
ridge_fixed::M_C_K,ridge_fixed::D_B_M_P_C_A_K,-0.022479036648327566,-0.03664156097781736,-0.00917910948751045,-0.01025418931244325,-0.0058793955906397445,0.007111317273467667,0.017682111625690177,127,2000,True,True,True,True,ridge_fixed,False,extended_K,ridge_fixed|history=False|extended_K
ridge_fixed::D_M_C_K,ridge_fixed::D_B_M_P_C_A_K,-0.013614425080712303,-0.022749786742079683,-0.004747201075481655,-0.005849020230883242,0.002985215976975519,0.004682756986680129,0.011643557525325069,127,2000,False,True,True,True,ridge_fixed,False,extended_K,ridge_fixed|history=False|extended_K
ridge_fixed::B_M_C_K,ridge_fixed::D_B_M_P_C_A_K,-0.026565319705145654,-0.03881039517809938,-0.01502650959728146,-0.015683042990722727,-0.009965678647457833,0.006314443025774829,0.015700703841802652,127,2000,True,True,True,True,ridge_fixed,False,extended_K,ridge_fixed|history=False|extended_K
ridge_fixed::D_B_M_C_K,ridge_fixed::D_B_M_P_C_A_K,-0.018762225509945912,-0.02619073303022414,-0.011607892968630741,-0.012528092401335235,-0.0021625844522580907,0.0037272108157640413,0.009267615993271878,127,2000,True,True,True,True,ridge_fixed,False,extended_K,ridge_fixed|history=False|extended_K
ridge_fixed::P_C_K,ridge_fixed::D_B_M_P_C_A_K,-0.020189211448356618,-0.034171872154854094,-0.006939355731584349,-0.008197969415858434,-0.003589570390668796,0.007088960944899546,0.01762652317673192,127,2000,True,True,True,True,ridge_fixed,False,extended_K,ridge_fixed|history=False|extended_K
ridge_fixed::D_P_C_K,ridge_fixed::D_B_M_P_C_A_K,-0.010672916512856,-0.019873473818706702,-0.0015208187055578948,-0.003037899677170766,0.0059267245448318216,0.0047141512912093324,0.01172161867430058,127,2000,False,False,True,True,ridge_fixed,False,extended_K,ridge_fixed|history=False|extended_K
ridge_fixed::B_P_C_K,ridge_fixed::D_B_M_P_C_A_K,-0.024544626642459055,-0.037022604739967775,-0.01282641568152011,-0.014075701517957269,-0.007944985584771233,0.006266593894233003,0.015581728179125976,127,2000,True,True,True,True,ridge_fixed,False,extended_K,ridge_fixed|history=False|extended_K
ridge_fixed::D_B_P_C_K,ridge_fixed::D_B_M_P_C_A_K,-0.01630466212537427,-0.023414793866739947,-0.008867521380290498,-0.010296414417164943,0.0002949789323135506,0.0037195422043341847,0.00924854818373641,127,2000,True,True,True,True,ridge_fixed,False,extended_K,ridge_fixed|history=False|extended_K
ridge_fixed::M_P_C_K,ridge_fixed::D_B_M_P_C_A_K,-0.019464920878811593,-0.03338355889105003,-0.006224920925726981,-0.007407832898505986,-0.0028652798211237715,0.007091669700481569,0.017633258429389925,127,2000,True,True,True,True,ridge_fixed,False,extended_K,ridge_fixed|history=False|extended_K
ridge_fixed::D_M_P_C_K,ridge_fixed::D_B_M_P_C_A_K,-0.010070972016871321,-0.019296289541659656,-0.000882113680701865,-0.002414617564711081,0.0065286690408165,0.004719862819932265,0.011735820246885315,127,2000,False,False,True,True,ridge_fixed,False,extended_K,ridge_fixed|history=False|extended_K
ridge_fixed::B_M_P_C_K,ridge_fixed::D_B_M_P_C_A_K,-0.022476385532670264,-0.0348908372261238,-0.010823913660443335,-0.011974804776705202,-0.005876744474982442,0.006255665133042672,0.015554554089169545,127,2000,True,True,True,True,ridge_fixed,False,extended_K,ridge_fixed|history=False|extended_K
ridge_fixed::D_B_M_P_C_K,ridge_fixed::D_B_M_P_C_A_K,-0.014371521151627407,-0.021525544510117015,-0.006886273687706684,-0.008501715339093649,0.002228119906060415,0.003709995821619856,0.009224811343108288,127,2000,True,True,True,True,ridge_fixed,False,extended_K,ridge_fixed|history=False|extended_K
ridge_fixed::A_K,ridge_fixed::D_B_M_P_C_A_K,-0.010270960611671615,-0.021044860914460464,-7.61110750334793e-05,-0.0010049918346118347,0.006328680446016206,0.005465599733000047,0.013590076333793414,127,2000,False,False,True,True,ridge_fixed,False,extended_K,ridge_fixed|history=False|extended_K
ridge_fixed::D_A_K,ridge_fixed::D_B_M_P_C_A_K,0.0008963863906173001,-0.004866599163794353,0.006422721643963726,0.005746786021665737,0.017496027448305123,0.002904296827618887,0.007221461049375089,127,2000,False,False,False,True,ridge_fixed,False,extended_K,ridge_fixed|history=False|extended_K
ridge_fixed::B_A_K,ridge_fixed::D_B_M_P_C_A_K,-0.015071620902718595,-0.02426290631077823,-0.006300237896619709,-0.007295193858485758,0.0015280201549692264,0.004741887210477718,0.011790583340294954,127,2000,True,True,True,True,ridge_fixed,False,extended_K,ridge_fixed|history=False|extended_K
ridge_fixed::D_B_A_K,ridge_fixed::D_B_M_P_C_A_K,-0.005680203144498232,-0.008889775414317711,-0.002573430337126524,-0.00288686639832427,0.01091943791318959,0.001605289048916847,0.003991510864006842,127,2000,False,False,False,True,ridge_fixed,False,extended_K,ridge_fixed|history=False|extended_K
ridge_fixed::M_A_K,ridge_fixed::D_B_M_P_C_A_K,-0.009680529425690755,-0.020516652860197476,0.0004019017026929867,-0.00048658739395131094,0.006919111631997066,0.005462979544603085,0.01358356130121453,127,2000,False,False,True,True,ridge_fixed,False,extended_K,ridge_fixed|history=False|extended_K
ridge_fixed::D_M_A_K,ridge_fixed::D_B_M_P_C_A_K,0.0019119221411769568,-0.0037248569268485588,0.007467559521863324,0.006734248301163126,0.018511563198864777,0.0029156057234808047,0.007249580334636036,127,2000,False,False,False,True,ridge_fixed,False,extended_K,ridge_fixed|history=False|extended_K
ridge_fixed::B_M_A_K,ridge_fixed::D_B_M_P_C_A_K,-0.012998998835166758,-0.022134688404460687,-0.004285044685552366,-0.005146135649285375,0.0036006422225210635,0.004714070341015023,0.011721417393677476,127,2000,False,True,True,True,ridge_fixed,False,extended_K,ridge_fixed|history=False|extended_K
ridge_fixed::D_B_M_A_K,ridge_fixed::D_B_M_P_C_A_K,-0.0030436046584795193,-0.006232698609279956,1.2079303798340816e-05,-0.0003000588066867306,0.013556036399208302,0.0016087521895061007,0.004000121876020482,127,2000,False,False,False,True,ridge_fixed,False,extended_K,ridge_fixed|history=False|extended_K
ridge_fixed::P_A_K,ridge_fixed::D_B_M_P_C_A_K,-0.008004240001983114,-0.018535544099624063,0.0022039325402316234,0.0010910467383077067,0.008595401055704707,0.005376889328062882,0.013369500142050215,127,2000,False,False,True,True,ridge_fixed,False,extended_K,ridge_fixed|history=False|extended_K
ridge_fixed::D_P_A_K,ridge_fixed::D_B_M_P_C_A_K,0.0038194757077438823,-0.0012268633486044727,0.009185423796874028,0.008268343690941203,0.020419116765431705,0.002682213843183473,0.006669257291626204,127,2000,False,False,False,False,ridge_fixed,False,extended_K,ridge_fixed|history=False|extended_K
ridge_fixed::B_P_A_K,ridge_fixed::D_B_M_P_C_A_K,-0.011992596555740894,-0.020647580560513478,-0.0031484385695294105,-0.004496878069424231,0.004607044501946928,0.004566708973144251,0.011355007057054315,127,2000,False,True,True,True,ridge_fixed,False,extended_K,ridge_fixed|history=False|extended_K
ridge_fixed::D_B_P_A_K,ridge_fixed::D_B_M_P_C_A_K,-0.0019917894587632478,-0.003452493478879716,-0.0005637951407496072,-0.0008276141141543749,0.014607851598924575,0.0007368017977804324,0.0018320391473702175,127,2000,False,False,False,True,ridge_fixed,False,extended_K,ridge_fixed|history=False|extended_K
ridge_fixed::M_P_A_K,ridge_fixed::D_B_M_P_C_A_K,-0.007755017327475855,-0.018279864751573154,0.0024152852716233767,0.0013132164087335356,0.008844623730211967,0.005374906125327446,0.01336456895830523,127,2000,False,False,True,True,ridge_fixed,False,extended_K,ridge_fixed|history=False|extended_K
ridge_fixed::D_M_P_A_K,ridge_fixed::D_B_M_P_C_A_K,0.003916668873730816,-0.0011766057482684364,0.009292606782996137,0.008352095035406562,0.020516309931418637,0.0026847945891329927,0.006675674251551085,127,2000,False,False,False,False,ridge_fixed,False,extended_K,ridge_fixed|history=False|extended_K
ridge_fixed::B_M_P_A_K,ridge_fixed::D_B_M_P_C_A_K,-0.010363119845375354,-0.018892361616029134,-0.0016959499847995837,-0.0028371453541160196,0.006236521212312468,0.00453113280824364,0.011266547817395075,127,2000,False,False,True,True,ridge_fixed,False,extended_K,ridge_fixed|history=False|extended_K
ridge_fixed::D_B_M_P_A_K,ridge_fixed::D_B_M_P_C_A_K,-0.0005973202814290599,-0.0017883591648784238,0.0006689646910691856,0.0003914401099200716,0.016002320776258763,0.0006313467705686136,0.001569827873292115,127,2000,False,False,False,True,ridge_fixed,False,extended_K,ridge_fixed|history=False|extended_K
ridge_fixed::C_A_K,ridge_fixed::D_B_M_P_C_A_K,-0.01037774839399243,-0.020955761886906555,-0.0003492956389779003,-0.0013238969308765457,0.006221892663695392,0.0053740727006304,0.013362496668747885,127,2000,False,False,True,True,ridge_fixed,False,extended_K,ridge_fixed|history=False|extended_K
ridge_fixed::D_C_A_K,ridge_fixed::D_B_M_P_C_A_K,0.0012865309318603197,-0.004347494884384673,0.006635442444563382,0.00584185611617537,0.01788617198954814,0.0028497892404954098,0.007085929304284721,127,2000,False,False,False,True,ridge_fixed,False,extended_K,ridge_fixed|history=False|extended_K
ridge_fixed::B_C_A_K,ridge_fixed::D_B_M_P_C_A_K,-0.015274222704058652,-0.024476208403915713,-0.006402137330657572,-0.007442944960329099,0.0013254183536291694,0.0046528070335521985,0.011569087719798586,127,2000,True,True,True,True,ridge_fixed,False,extended_K,ridge_fixed|history=False|extended_K
ridge_fixed::D_B_C_A_K,ridge_fixed::D_B_M_P_C_A_K,-0.005299417345610783,-0.00844798277271581,-0.0023159046010086622,-0.002662837871991145,0.011300223712077038,0.0015540817202494071,0.0038641851286006427,127,2000,False,False,False,True,ridge_fixed,False,extended_K,ridge_fixed|history=False|extended_K
ridge_fixed::M_C_A_K,ridge_fixed::D_B_M_P_C_A_K,-0.009507779532221778,-0.020155989896164687,0.00045362668703758155,-0.00045882231789128383,0.007091861525466044,0.005372103890801833,0.013357601272604,127,2000,False,False,True,True,ridge_fixed,False,extended_K,ridge_fixed|history=False|extended_K
ridge_fixed::D_M_C_A_K,ridge_fixed::D_B_M_P_C_A_K,0.0026140041286965765,-0.0029494121971719153,0.00813105517131233,0.007208190356138787,0.0192136451863844,0.0028713736655911473,0.007139598434664144,127,2000,False,False,False,True,ridge_fixed,False,extended_K,ridge_fixed|history=False|extended_K
ridge_fixed::B_M_C_A_K,ridge_fixed::D_B_M_P_C_A_K,-0.012935365020307071,-0.021861977517360784,-0.004153764703037217,-0.005269702587720132,0.0036642760373807506,0.0046303294330629595,0.011513197731257183,127,2000,False,True,True,True,ridge_fixed,False,extended_K,ridge_fixed|history=False|extended_K
ridge_fixed::D_B_M_C_A_K,ridge_fixed::D_B_M_P_C_A_K,-0.002353422049840394,-0.005557370939031901,0.0006700458127181606,0.0002989444370901373,0.014246219007847429,0.0015800570431734947,0.003928772116045389,127,2000,False,False,False,True,ridge_fixed,False,extended_K,ridge_fixed|history=False|extended_K
ridge_fixed::P_C_A_K,ridge_fixed::D_B_M_P_C_A_K,-0.008214619661977429,-0.018733254476263173,0.0015763553605734107,0.000623734799476687,0.008385021395710393,0.005269247608655216,0.013101851712799433,127,2000,False,False,True,True,ridge_fixed,False,extended_K,ridge_fixed|history=False|extended_K
ridge_fixed::D_P_C_A_K,ridge_fixed::D_B_M_P_C_A_K,0.004058110955355707,-0.0008401608504736588,0.009241266127263748,0.008243182319212413,0.02065775201304353,0.002584323174546025,0.006425854604979267,127,2000,False,False,False,False,ridge_fixed,False,extended_K,ridge_fixed|history=False|extended_K
ridge_fixed::B_P_C_A_K,ridge_fixed::D_B_M_P_C_A_K,-0.01232895462933851,-0.020770242061584298,-0.0037338191728244893,-0.004962527491058727,0.004270686428349312,0.004449307681593799,0.011063091697021023,127,2000,False,True,True,True,ridge_fixed,False,extended_K,ridge_fixed|history=False|extended_K
ridge_fixed::D_B_P_C_A_K,ridge_fixed::D_B_M_P_C_A_K,-0.0018030315335962966,-0.0024904173826171797,-0.0010921400991538942,-0.0012195427040190188,0.014796609524091526,0.0003626219963002649,0.0009016504776737756,127,2000,False,False,False,True,ridge_fixed,False,extended_K,ridge_fixed|history=False|extended_K
ridge_fixed::M_P_C_A_K,ridge_fixed::D_B_M_P_C_A_K,-0.007720929944994669,-0.018182024376444134,0.002014058163136218,0.0011309847105701702,0.008878711112693153,0.005266419692599617,0.013094820170619513,127,2000,False,False,True,True,ridge_fixed,False,extended_K,ridge_fixed|history=False|extended_K
ridge_fixed::D_M_P_C_A_K,ridge_fixed::D_B_M_P_C_A_K,0.00454639397371764,-0.00031546792591690575,0.009771075762123448,0.008724166268473636,0.021146035031405462,0.0025886120656949184,0.006436518825000515,127,2000,False,False,False,False,ridge_fixed,False,extended_K,ridge_fixed|history=False|extended_K
ridge_fixed::B_M_P_C_A_K,ridge_fixed::D_B_M_P_C_A_K,-0.010441459042003685,-0.01891923454321247,-0.0019814636265862227,-0.003135011246842777,0.006158182015684136,0.0044151034382339666,0.01097804370578354,127,2000,False,False,True,True,ridge_fixed,False,extended_K,ridge_fixed|history=False|extended_K
ridge_fixed::NONE,ridge_fixed::D_B_M_P_C_A,-0.008922065806290612,-0.024878204020713023,0.006269364086761014,0.004823426942316404,0.006174589960037892,0.00808858591305966,0.020112065530014534,63,2000,False,False,True,True,ridge_fixed,False,original_noK,ridge_fixed|history=False|original_noK
ridge_fixed::D,ridge_fixed::D_B_M_P_C_A,-0.007716308963615013,-0.017379598892828984,0.0019058438132273816,0.0007424923428230911,0.0073803468027134915,0.005035056257256623,0.0125195408049946,63,2000,False,False,True,True,ridge_fixed,False,original_noK,ridge_fixed|history=False|original_noK
ridge_fixed::B,ridge_fixed::D_B_M_P_C_A,-0.01712582162475822,-0.03108525834497623,-0.004021294447514019,-0.005008226292532709,-0.0020291658584297156,0.0071333146675423295,0.017736807593053874,63,2000,True,True,True,True,ridge_fixed,False,original_noK,ridge_fixed|history=False|original_noK
ridge_fixed::D_B,ridge_fixed::D_B_M_P_C_A,-0.016304559463526498,-0.024006908398123295,-0.008717797500973153,-0.009942291060148038,-0.0012079036971979935,0.0039050114815524528,0.009709712878939262,63,2000,True,True,True,True,ridge_fixed,False,original_noK,ridge_fixed|history=False|original_noK
ridge_fixed::M,ridge_fixed::D_B_M_P_C_A,-0.014618649295362935,-0.03070545599314444,0.00037997779715767406,-0.0010369529308867156,0.00047800647096556993,0.008013547435680416,0.019925484242439017,63,2000,True,True,True,True,ridge_fixed,False,original_noK,ridge_fixed|history=False|original_noK
ridge_fixed::D_M,ridge_fixed::D_B_M_P_C_A,-0.01192977198190701,-0.021617983939958427,-0.002590317706675981,-0.0037629408517752348,0.0031668837844214953,0.004947917948467438,0.01230287359080168,63,2000,False,True,True,True,ridge_fixed,False,original_noK,ridge_fixed|history=False|original_noK
ridge_fixed::B_M,ridge_fixed::D_B_M_P_C_A,-0.020284526374830282,-0.03439939511933143,-0.0071601955577687455,-0.008258444546984572,-0.005187870608501777,0.0070996523514754,0.017653107090406427,63,2000,True,True,True,True,ridge_fixed,False,original_noK,ridge_fixed|history=False|original_noK
ridge_fixed::D_B_M,ridge_fixed::D_B_M_P_C_A,-0.018038600855932015,-0.025649544466305484,-0.010499742414386158,-0.011750396158843497,-0.00294194508960351,0.003871690174171851,0.009626860285817591,63,2000,True,True,True,True,ridge_fixed,False,original_noK,ridge_fixed|history=False|original_noK
ridge_fixed::P,ridge_fixed::D_B_M_P_C_A,-0.007486687533767026,-0.023525333339727714,0.007780482737152135,0.006295901738064621,0.007609968232561479,0.008095630537069907,0.020129581810517858,63,2000,False,False,True,True,ridge_fixed,False,original_noK,ridge_fixed|history=False|original_noK
ridge_fixed::D_P,ridge_fixed::D_B_M_P_C_A,-0.004601946994998228,-0.0146650577775966,0.005375505575849018,0.0037221544304941916,0.010494708771330276,0.005089067301515424,0.012653837908734778,63,2000,False,False,False,True,ridge_fixed,False,original_noK,ridge_fixed|history=False|original_noK
ridge_fixed::B_P,ridge_fixed::D_B_M_P_C_A,-0.013865352213671415,-0.028087402098882334,-0.0007837740373361478,-0.0016796829083900282,0.0012313035526570898,0.0071448511240963545,0.017765492702254988,63,2000,True,True,True,True,ridge_fixed,False,original_noK,ridge_fixed|history=False|original_noK
ridge_fixed::D_B_P,ridge_fixed::D_B_M_P_C_A,-0.011757449605879815,-0.01946816093380845,-0.003742878439059942,-0.005304904338100013,0.00333920616044869,0.003954201499300535,0.009832022621458616,63,2000,False,True,True,True,ridge_fixed,False,original_noK,ridge_fixed|history=False|original_noK
ridge_fixed::M_P,ridge_fixed::D_B_M_P_C_A,-0.013064089228538973,-0.029057348801968745,0.0020850867602950443,0.00059596579608002,0.002032566537789531,0.00802658138008119,0.019957892817525014,63,2000,True,True,True,True,ridge_fixed,False,original_noK,ridge_fixed|history=False|original_noK
ridge_fixed::D_M_P,ridge_fixed::D_B_M_P_C_A,-0.009199701099050831,-0.01914041185141827,0.0003794553222941398,-0.0011856068350448654,0.0058969546672776735,0.005005099192776605,0.012445053317269928,63,2000,False,False,True,True,ridge_fixed,False,original_noK,ridge_fixed|history=False|original_noK
ridge_fixed::B_M_P,ridge_fixed::D_B_M_P_C_A,-0.017200766423960515,-0.031370279046606005,-0.004095880704587473,-0.005302202146645337,-0.0021041106576320107,0.007118374821760373,0.017699660042096926,63,2000,True,True,True,True,ridge_fixed,False,original_noK,ridge_fixed|history=False|original_noK
ridge_fixed::D_B_M_P,ridge_fixed::D_B_M_P_C_A,-0.014206930962118372,-0.021976996846311367,-0.006166845464642582,-0.007809725479508819,0.0008897248042101322,0.003928626798393527,0.00976843177058791,63,2000,True,True,True,True,ridge_fixed,False,original_noK,ridge_fixed|history=False|original_noK
ridge_fixed::C,ridge_fixed::D_B_M_P_C_A,-0.00967638941102207,-0.02551495147257701,0.0055887469685805885,0.003938680477395554,0.005420266355306435,0.007945689881915864,0.019756758140906775,63,2000,False,False,True,True,ridge_fixed,False,original_noK,ridge_fixed|history=False|original_noK
ridge_fixed::D_C,ridge_fixed::D_B_M_P_C_A,-0.00788563192690741,-0.017445982048343106,0.0014864278562042388,0.00033423357813585144,0.007211023839421094,0.0049213087178741986,0.012236710407873694,63,2000,False,False,True,True,ridge_fixed,False,original_noK,ridge_fixed|history=False|original_noK
ridge_fixed::B_C,ridge_fixed::D_B_M_P_C_A,-0.017953184244071406,-0.03168221677222272,-0.0049039514808640605,-0.0061163021063494315,-0.0028565284777429013,0.006986812330294883,0.01737253321448003,63,2000,True,True,True,True,ridge_fixed,False,original_noK,ridge_fixed|history=False|original_noK
ridge_fixed::D_B_C,ridge_fixed::D_B_M_P_C_A,-0.01641592055487816,-0.02396009725905245,-0.009277237620067833,-0.010172416371799407,-0.0013192647885496567,0.0037759484532125386,0.009388800903548919,63,2000,True,True,True,True,ridge_fixed,False,original_noK,ridge_fixed|history=False|original_noK
ridge_fixed::M_C,ridge_fixed::D_B_M_P_C_A,-0.015268526952002719,-0.031198575340217492,-0.0003476222427029127,-0.0018881320452232685,-0.00017187118567421437,0.007866501021425852,0.019559857030064787,63,2000,True,True,True,True,ridge_fixed,False,original_noK,ridge_fixed|history=False|original_noK
ridge_fixed::D_M_C,ridge_fixed::D_B_M_P_C_A,-0.011784835536071566,-0.02116217238700184,-0.0026091872179600448,-0.003802122450607688,0.0033118202302569386,0.004834145807310942,0.012019982021988021,63,2000,False,True,True,True,ridge_fixed,False,original_noK,ridge_fixed|history=False|original_noK
ridge_fixed::B_M_C,ridge_fixed::D_B_M_P_C_A,-0.020987525356854712,-0.034724243762687845,-0.007882583695435862,-0.009213352063737726,-0.005890869590526208,0.006951025776446383,0.017283550847990936,63,2000,True,True,True,True,ridge_fixed,False,original_noK,ridge_fixed|history=False|original_noK
ridge_fixed::D_B_M_C,ridge_fixed::D_B_M_P_C_A,-0.017791461765342406,-0.025282492163585323,-0.010678628388319376,-0.011694753332928957,-0.002694805999013901,0.003747339556964841,0.009317665602241669,63,2000,True,True,True,True,ridge_fixed,False,original_noK,ridge_fixed|history=False|original_noK
ridge_fixed::P_C,ridge_fixed::D_B_M_P_C_A,-0.008292600285985599,-0.02433913552866028,0.0068924681374841895,0.0053644902503506234,0.006804055480342906,0.007950415008776208,0.01976850705005781,63,2000,False,False,True,True,ridge_fixed,False,original_noK,ridge_fixed|history=False|original_noK
ridge_fixed::D_P_C,ridge_fixed::D_B_M_P_C_A,-0.004702888340540059,-0.014550495500358977,0.0048686402315752395,0.0034759951295575712,0.010393767425788444,0.004968332920471765,0.012353634905468749,63,2000,False,False,False,True,ridge_fixed,False,original_noK,ridge_fixed|history=False|original_noK
ridge_fixed::B_P_C,ridge_fixed::D_B_M_P_C_A,-0.014797369173403253,-0.02883673499378506,-0.0018910398050912102,-0.0027366510681528147,0.0002992865929252516,0.006989897850975817,0.0173802052840848,63,2000,True,True,True,True,ridge_fixed,False,original_noK,ridge_fixed|history=False|original_noK
ridge_fixed::D_B_P_C,ridge_fixed::D_B_M_P_C_A,-0.011783887012684053,-0.019325938011726843,-0.004394100141826095,-0.005734349471883742,0.0033127687536444513,0.003813251318090395,0.009481553539293247,63,2000,False,True,True,True,ridge_fixed,False,original_noK,ridge_fixed|history=False|original_noK
ridge_fixed::M_P_C,ridge_fixed::D_B_M_P_C_A,-0.01380797635332702,-0.029522745330694353,0.0011365136945064313,-0.00034124611689094475,0.0012886794130014846,0.007876279030418168,0.019584169803610163,63,2000,True,True,True,True,ridge_fixed,False,original_noK,ridge_fixed|history=False|original_noK
ridge_fixed::D_M_P_C,ridge_fixed::D_B_M_P_C_A,-0.009102266600371967,-0.018692872542681833,0.0005012196145969706,-0.0011721625172637588,0.005994389165956538,0.0048864632506207,0.012150068029544644,63,2000,False,False,True,True,ridge_fixed,False,original_noK,ridge_fixed|history=False|original_noK
ridge_fixed::B_M_P_C,ridge_fixed::D_B_M_P_C_A,-0.018035246034985554,-0.03209314934020972,-0.005141383021700047,-0.006288883252473461,-0.0029385902686570493,0.006960427145226036,0.01730692711511606,63,2000,True,True,True,True,ridge_fixed,False,original_noK,ridge_fixed|history=False|original_noK
ridge_fixed::D_B_M_P_C,ridge_fixed::D_B_M_P_C_A,-0.01423039416018188,-0.02161891518386502,-0.006716821709381462,-0.008201604185613977,0.0008662616061466243,0.003790812652867283,0.009425760362312257,63,2000,True,True,True,True,ridge_fixed,False,original_noK,ridge_fixed|history=False|original_noK
ridge_fixed::A,ridge_fixed::D_B_M_P_C_A,0.0022034780571170694,-0.010002700910841078,0.013955092718713369,0.012740905019996881,0.017300133823445574,0.006291890818704429,0.01564462834587276,63,2000,False,False,False,True,ridge_fixed,False,original_noK,ridge_fixed|history=False|original_noK
ridge_fixed::D_A,ridge_fixed::D_B_M_P_C_A,0.00761373991700998,0.001656144924501374,0.013827016211388394,0.012648004970077332,0.022710395683338484,0.00310405202573613,0.007718147327752683,63,2000,False,False,False,False,ridge_fixed,False,original_noK,ridge_fixed|history=False|original_noK
ridge_fixed::B_A,ridge_fixed::D_B_M_P_C_A,-0.0049227580105063815,-0.015415023955942094,0.005487113077653228,0.003931100081209397,0.010173897755822123,0.005395850788813263,0.013416647337524857,63,2000,False,False,False,True,ridge_fixed,False,original_noK,ridge_fixed|history=False|original_noK
ridge_fixed::D_B_A,ridge_fixed::D_B_M_P_C_A,-0.0005679433127686236,-0.003424498061137777,0.002130656535843523,0.0018316154010759567,0.014528712453559882,0.001419135640153683,0.003528645092916315,63,2000,False,False,False,True,ridge_fixed,False,original_noK,ridge_fixed|history=False|original_noK
ridge_fixed::M_A,ridge_fixed::D_B_M_P_C_A,-0.0034687739405778084,-0.015747112473519446,0.008192699787276405,0.007237566138278645,0.011627881825750697,0.0062405939127153165,0.015517079878708151,63,2000,False,False,False,True,ridge_fixed,False,original_noK,ridge_fixed|history=False|original_noK
ridge_fixed::D_M_A,ridge_fixed::D_B_M_P_C_A,0.0033285305094489675,-0.002481393084263754,0.00907228642370296,0.008200259972001644,0.018425186275777473,0.002974757219941574,0.0073966590435481355,63,2000,False,False,False,True,ridge_fixed,False,original_noK,ridge_fixed|history=False|original_noK
ridge_fixed::B_M_A,ridge_fixed::D_B_M_P_C_A,-0.008184959599375775,-0.018392855306500738,0.0020276457978942266,0.0007316811759632419,0.00691169616695273,0.0053777841046417345,0.013371724981519319,63,2000,False,False,True,True,ridge_fixed,False,original_noK,ridge_fixed|history=False|original_noK
ridge_fixed::D_B_M_A,ridge_fixed::D_B_M_P_C_A,-0.002399008331800306,-0.0050819000038531065,0.0001866937890610534,-0.00010905170002319196,0.012697647434528198,0.0013354402926363802,0.003320538715371689,63,2000,False,False,False,True,ridge_fixed,False,original_noK,ridge_fixed|history=False|original_noK
ridge_fixed::P_A,ridge_fixed::D_B_M_P_C_A,0.002953904344648719,-0.009305624333408024,0.014881742412873999,0.013569464374621676,0.018050560110977224,0.0062785340075301194,0.015611416970671069,63,2000,False,False,False,True,ridge_fixed,False,original_noK,ridge_fixed|history=False|original_noK
ridge_fixed::D_P_A,ridge_fixed::D_B_M_P_C_A,0.009691016284990864,0.004010769134119777,0.015548857698509,0.01459798208710044,0.02478767205131937,0.002995646366292518,0.007448599380807573,63,2000,False,False,False,False,ridge_fixed,False,original_noK,ridge_fixed|history=False|original_noK
ridge_fixed::B_P_A,ridge_fixed::D_B_M_P_C_A,-0.0028072822133387272,-0.01307566483369003,0.00749868425426204,0.006144533784156061,0.012289373552989778,0.005337906055186532,0.01327256921406221,63,2000,False,False,False,True,ridge_fixed,False,original_noK,ridge_fixed|history=False|original_noK
ridge_fixed::D_B_P_A,ridge_fixed::D_B_M_P_C_A,0.0022041054910239247,0.0006873450856286294,0.0038011974897924905,0.003510792352664928,0.01730076125735243,0.0007919296626693746,0.0019691131975309575,63,2000,False,False,False,True,ridge_fixed,False,original_noK,ridge_fixed|history=False|original_noK
ridge_fixed::M_P_A,ridge_fixed::D_B_M_P_C_A,-0.0026034045611428433,-0.014804871143801347,0.008911373708767089,0.008065006721024587,0.01249325120518566,0.006229625157368602,0.015489806344287302,63,2000,False,False,False,True,ridge_fixed,False,original_noK,ridge_fixed|history=False|original_noK
ridge_fixed::D_M_P_A,ridge_fixed::D_B_M_P_C_A,0.004887588438265092,-0.0005955425833385668,0.010630293063973596,0.009620773808010076,0.019984244204593597,0.0028688438898737292,0.007133308210940019,63,2000,False,False,False,True,ridge_fixed,False,original_noK,ridge_fixed|history=False|original_noK
ridge_fixed::B_M_P_A,ridge_fixed::D_B_M_P_C_A,-0.0062843841451023135,-0.016446090990791216,0.004000197740952527,0.0023884452510189577,0.008812271621226192,0.005333593495263506,0.013261846142229099,63,2000,False,False,True,True,ridge_fixed,False,original_noK,ridge_fixed|history=False|original_noK
ridge_fixed::D_B_M_P_A,ridge_fixed::D_B_M_P_C_A,-0.0004800133129867971,-0.0018373111228352872,0.0008637138569133193,0.0006210458803452637,0.014616642453341707,0.0006904477709265672,0.0017167810249140096,63,2000,False,False,False,True,ridge_fixed,False,original_noK,ridge_fixed|history=False|original_noK
ridge_fixed::C_A,ridge_fixed::D_B_M_P_C_A,0.0020879677582591096,-0.010068831412730885,0.0137655707786716,0.012534116218127219,0.017184623524587612,0.00616794126636731,0.015336430900013263,63,2000,False,False,False,True,ridge_fixed,False,original_noK,ridge_fixed|history=False|original_noK
ridge_fixed::D_C_A,ridge_fixed::D_B_M_P_C_A,0.008112755920543826,0.0022844769091574187,0.01414703350222996,0.012885125794222619,0.02320941168687233,0.00303034370313628,0.0075348734365967346,63,2000,False,False,False,False,ridge_fixed,False,original_noK,ridge_fixed|history=False|original_noK
ridge_fixed::B_C_A,ridge_fixed::D_B_M_P_C_A,-0.005152521578010249,-0.015424328970529852,0.004730249779303214,0.003468148488924565,0.009944134188318255,0.005269698573807771,0.013102973026314234,63,2000,False,False,True,True,ridge_fixed,False,original_noK,ridge_fixed|history=False|original_noK
ridge_fixed::D_B_C_A,ridge_fixed::D_B_M_P_C_A,-0.00015218173606564652,-0.0027944717550666036,0.0024157910558739357,0.0020439779667189295,0.014944474030262857,0.0013119858590748554,0.003262219855953118,63,2000,False,False,False,True,ridge_fixed,False,original_noK,ridge_fixed|history=False|original_noK
ridge_fixed::M_C_A,ridge_fixed::D_B_M_P_C_A,-0.003554066530174277,-0.015604478795789512,0.007872575146142723,0.006712434050569855,0.011542589236154227,0.006103599639095283,0.015176447061316139,63,2000,False,False,False,True,ridge_fixed,False,original_noK,ridge_fixed|history=False|original_noK
ridge_fixed::D_M_C_A,ridge_fixed::D_B_M_P_C_A,0.003942728503303216,-0.0016984489346078464,0.009548311459362748,0.008594644898532927,0.01903938426963172,0.0028905077401667353,0.007187174830075742,63,2000,False,False,False,True,ridge_fixed,False,original_noK,ridge_fixed|history=False|original_noK
ridge_fixed::B_M_C_A,ridge_fixed::D_B_M_P_C_A,-0.008329574820033504,-0.0184565930448925,0.0016005859327035883,0.0003623231403242031,0.006767080946295001,0.00524206622976353,0.01303426589751087,63,2000,False,False,True,True,ridge_fixed,False,original_noK,ridge_fixed|history=False|original_noK
ridge_fixed::D_B_M_C_A,ridge_fixed::D_B_M_P_C_A,-0.0017863469930001284,-0.004230837922063885,0.0005279323377740852,0.0002505951624511267,0.013310308773328377,0.001217538443500047,0.0030273787314848578,63,2000,False,False,False,True,ridge_fixed,False,original_noK,ridge_fixed|history=False|original_noK
ridge_fixed::P_C_A,ridge_fixed::D_B_M_P_C_A,0.0027612143043421666,-0.009396551619860227,0.014289001963872705,0.013167076069746885,0.017857870070670672,0.006152120144931703,0.015297092079298325,63,2000,False,False,False,True,ridge_fixed,False,original_noK,ridge_fixed|history=False|original_noK
ridge_fixed::D_P_C_A,ridge_fixed::D_B_M_P_C_A,0.00999433394008784,0.004521321271933419,0.015694805087514474,0.01457565832140506,0.025090989706416343,0.002901427613294651,0.00721432682008842,63,2000,False,False,False,False,ridge_fixed,False,original_noK,ridge_fixed|history=False|original_noK
ridge_fixed::B_P_C_A,ridge_fixed::D_B_M_P_C_A,-0.0032036741490942353,-0.013182462681175018,0.006702763547405043,0.00537805296077001,0.01189298161723427,0.005199722365945193,0.012928978944629105,63,2000,False,False,False,True,ridge_fixed,False,original_noK,ridge_fixed|history=False|original_noK
ridge_fixed::D_B_P_C_A,ridge_fixed::D_B_M_P_C_A,0.0024561480011793236,0.0015726174684241058,0.0032802660591174935,0.003189843724470305,0.017552803767507827,0.00043938414283287646,0.0010925176252670034,63,2000,False,False,False,True,ridge_fixed,False,original_noK,ridge_fixed|history=False|original_noK
ridge_fixed::M_P_C_A,ridge_fixed::D_B_M_P_C_A,-0.0027489746638957413,-0.014854471905765256,0.008672882575973685,0.007636801557183501,0.012347681102432763,0.006087148792434942,0.015135542444660859,63,2000,False,False,False,True,ridge_fixed,False,original_noK,ridge_fixed|history=False|original_noK
ridge_fixed::D_M_P_C_A,ridge_fixed::D_B_M_P_C_A,0.0054309736328932,0.00023048381246163648,0.010863840937641945,0.009879900291489418,0.020527629399221703,0.0027596975069548923,0.006861918473695163,63,2000,False,False,False,False,ridge_fixed,False,original_noK,ridge_fixed|history=False|original_noK
ridge_fixed::B_M_P_C_A,ridge_fixed::D_B_M_P_C_A,-0.0065443272107030695,-0.016426760391142006,0.0033026204901119736,0.0020242781050865523,0.008552328555625436,0.005181819811743432,0.01288446469366725,63,2000,False,False,True,True,ridge_fixed,False,original_noK,ridge_fixed|history=False|original_noK
hgb::H,hgb::H_D_B_M_P_C_A_K,-0.009985737583636845,-0.0242105803731843,0.0028862899350601337,0.0018718462880816748,0.010591149161650788,0.006919865340076852,0.017206071206315125,127,2000,False,False,False,True,hgb,True,extended_K,hgb|history=True|extended_K
hgb::H_D,hgb::H_D_B_M_P_C_A_K,0.008319848347564919,-0.0013589112550133836,0.018413351609917177,0.01687940183379802,0.028896735092852552,0.005091796434090502,0.01266062382827375,127,2000,False,False,False,False,hgb,True,extended_K,hgb|history=True|extended_K
hgb::H_B,hgb::H_D_B_M_P_C_A_K,-0.013755914853962244,-0.027536012311120493,-0.0009220882088638177,-0.0020255651106328865,0.006820971891325389,0.006736405145922264,0.01674990204564282,127,2000,False,False,True,True,hgb,True,extended_K,hgb|history=True|extended_K
hgb::H_D_B,hgb::H_D_B_M_P_C_A_K,0.00598141845796605,-0.0035909987189367797,0.015087644495855153,0.014188555538115263,0.026558305203253682,0.004780332389265296,0.011886176310858634,127,2000,False,False,False,False,hgb,True,extended_K,hgb|history=True|extended_K
hgb::H_M,hgb::H_D_B_M_P_C_A_K,-0.0016540769285416706,-0.016178529294585516,0.012566813951216666,0.010413864654109505,0.01892280981674596,0.007472712277201562,0.018580711217193624,127,2000,False,False,False,True,hgb,True,extended_K,hgb|history=True|extended_K
hgb::H_D_M,hgb::H_D_B_M_P_C_A_K,0.0041915604853324665,-0.005995275704521709,0.014552899742446975,0.012874730558286248,0.0247684472306201,0.0052010248760922095,0.012932217603365239,127,2000,False,False,False,False,hgb,True,extended_K,hgb|history=True|extended_K
hgb::H_B_M,hgb::H_D_B_M_P_C_A_K,-0.006609457817616087,-0.020104306805393865,0.006262726763115884,0.005193137000312332,0.013967428927671546,0.006865333263776677,0.017070478569502542,127,2000,False,False,False,True,hgb,True,extended_K,hgb|history=True|extended_K
hgb::H_D_B_M,hgb::H_D_B_M_P_C_A_K,0.005434119340411772,-0.004110879123483716,0.014705657964352692,0.013703112494014732,0.026011006085699406,0.004861423479172745,0.012087807267326028,127,2000,False,False,False,False,hgb,True,extended_K,hgb|history=True|extended_K
hgb::H_P,hgb::H_D_B_M_P_C_A_K,0.0006308357486494864,-0.01317945399728167,0.013629905345570086,0.01247298942378215,0.02120772249393712,0.006932566978293547,0.017237653510428413,127,2000,False,False,False,False,hgb,True,extended_K,hgb|history=True|extended_K
hgb::H_D_P,hgb::H_D_B_M_P_C_A_K,0.011923174554020694,0.003374460071218209,0.02071926223709344,0.019046188318088242,0.032500061299308325,0.004436092040071968,0.011030231336611287,127,2000,False,False,False,False,hgb,True,extended_K,hgb|history=True|extended_K
hgb::H_B_P,hgb::H_D_B_M_P_C_A_K,-0.002216967708236911,-0.015116628577560643,0.010040130993212997,0.00866893155914815,0.018359919037050722,0.006463964605209142,0.016072485490171973,127,2000,False,False,False,True,hgb,True,extended_K,hgb|history=True|extended_K
hgb::H_D_B_P,hgb::H_D_B_M_P_C_A_K,0.011513772870650375,0.0037110579989863145,0.01945237126979355,0.017936048498301146,0.03209065961593801,0.004038493828819067,0.010041613379741484,127,2000,False,False,False,False,hgb,True,extended_K,hgb|history=True|extended_K
hgb::H_M_P,hgb::H_D_B_M_P_C_A_K,0.00856642128426023,-0.006402851446313862,0.022745605003782046,0.02118216553561198,0.029143308029547864,0.0074811622211141205,0.018601721790305042,127,2000,False,False,False,False,hgb,True,extended_K,hgb|history=True|extended_K
hgb::H_D_M_P,hgb::H_D_B_M_P_C_A_K,0.006697533335014721,-0.0021344945921673688,0.015735813888760296,0.013797082064552605,0.027274420080302356,0.004503617370102697,0.011198131372181308,127,2000,False,False,False,False,hgb,True,extended_K,hgb|history=True|extended_K
hgb::H_B_M_P,hgb::H_D_B_M_P_C_A_K,0.0041030211389033126,-0.009812900434110147,0.01701806503483199,0.015484800572455345,0.024679907884190944,0.006945127993105071,0.017268886157979942,127,2000,False,False,False,False,hgb,True,extended_K,hgb|history=True|extended_K
hgb::H_D_B_M_P,hgb::H_D_B_M_P_C_A_K,0.006245188023835362,-0.001443907616297403,0.013870694069869153,0.012721410632626749,0.026822074769122996,0.003962137077873542,0.009851754238084114,127,2000,False,False,False,False,hgb,True,extended_K,hgb|history=True|extended_K
hgb::H_C,hgb::H_D_B_M_P_C_A_K,-0.010762712828662478,-0.024699709067915868,0.0025039481554201006,0.0013434718912781404,0.009814173916625155,0.006917929251580535,0.017201257170941283,127,2000,False,False,True,True,hgb,True,extended_K,hgb|history=True|extended_K
hgb::H_D_C,hgb::H_D_B_M_P_C_A_K,0.0045018764641824825,-0.005772219210549748,0.014457040544712538,0.013212626045716111,0.025078763209470115,0.0052200362547647015,0.0129794889184983,127,2000,False,False,False,False,hgb,True,extended_K,hgb|history=True|extended_K
hgb::H_B_C,hgb::H_D_B_M_P_C_A_K,-0.014810650189468573,-0.028653297421111154,-0.002279039012306579,-0.003300521631160191,0.00576623655581906,0.006717364274726222,0.01670255739809138,127,2000,False,False,True,True,hgb,True,extended_K,hgb|history=True|extended_K
hgb::H_D_B_C,hgb::H_D_B_M_P_C_A_K,0.003927852246719102,-0.00541222126891254,0.013066380645608949,0.011777038648306218,0.024504738992006735,0.004726191655535107,0.011751556737508174,127,2000,False,False,False,False,hgb,True,extended_K,hgb|history=True|extended_K
hgb::H_M_C,hgb::H_D_B_M_P_C_A_K,-0.006428296924934882,-0.020896911953625034,0.007846767688764938,0.0059749998195617205,0.01414858982035275,0.007467162003250083,0.018566910600544245,127,2000,False,False,False,True,hgb,True,extended_K,hgb|history=True|extended_K
hgb::H_D_M_C,hgb::H_D_B_M_P_C_A_K,-0.0010818463887994853,-0.01143647862999317,0.00885407372422343,0.007464092347599156,0.019495040356488146,0.005112371536743328,0.01271178330377271,127,2000,False,False,False,True,hgb,True,extended_K,hgb|history=True|extended_K
hgb::H_B_M_C,hgb::H_D_B_M_P_C_A_K,-0.009966329414534887,-0.023782770479173543,0.0024887857032794155,0.0015472677297283504,0.010610557330752746,0.0067533392779654065,0.016792008339252894,127,2000,False,False,False,True,hgb,True,extended_K,hgb|history=True|extended_K
hgb::H_D_B_M_C,hgb::H_D_B_M_P_C_A_K,0.0008865664200114101,-0.008724279992186165,0.010188211042314684,0.009102268759464856,0.021463453165299042,0.004867265163177919,0.012102332467748021,127,2000,False,False,False,False,hgb,True,extended_K,hgb|history=True|extended_K
hgb::H_P_C,hgb::H_D_B_M_P_C_A_K,-0.0005092746569903508,-0.014330669687120634,0.012831003626080606,0.011381986044883734,0.02006761208829728,0.006917979331740797,0.017201381694000786,127,2000,False,False,False,False,hgb,True,extended_K,hgb|history=True|extended_K
hgb::H_D_P_C,hgb::H_D_B_M_P_C_A_K,0.008569666485145941,0.00014555120584731112,0.017406417835703392,0.015720056133766362,0.029146553230433574,0.004415026619887701,0.010977852698896723,127,2000,False,False,False,False,hgb,True,extended_K,hgb|history=True|extended_K
hgb::H_B_P_C,hgb::H_D_B_M_P_C_A_K,-0.0023283780454597274,-0.015166963310189682,0.009914393805611436,0.008590491049556075,0.018248508699827904,0.006443056978663311,0.01602049920237253,127,2000,False,False,False,True,hgb,True,extended_K,hgb|history=True|extended_K
hgb::H_D_B_P_C,hgb::H_D_B_M_P_C_A_K,0.007259049121058392,-0.0003244472367904168,0.014850755478979669,0.013577442067045288,0.027835935866346025,0.003946821147489351,0.009813671562218282,127,2000,False,False,False,False,hgb,True,extended_K,hgb|history=True|extended_K
hgb::H_M_P_C,hgb::H_D_B_M_P_C_A_K,0.0035863721631799097,-0.011257031820212942,0.017437558495684853,0.015781575116226097,0.024163258908467544,0.007421374222900991,0.018453060435787018,127,2000,False,False,False,False,hgb,True,extended_K,hgb|history=True|extended_K
hgb::H_D_M_P_C,hgb::H_D_B_M_P_C_A_K,0.007004117316211456,-0.0015374301880628832,0.016026917996009138,0.014014316241085761,0.02758100406149909,0.004435550231375884,0.01102888414290926,127,2000,False,False,False,False,hgb,True,extended_K,hgb|history=True|extended_K
hgb::H_B_M_P_C,hgb::H_D_B_M_P_C_A_K,-0.000927053810941398,-0.014078056136706953,0.011932573288664833,0.010208199092380212,0.019649832934346235,0.006730032871410185,0.016734057545264174,127,2000,False,False,False,True,hgb,True,extended_K,hgb|history=True|extended_K
hgb::H_D_B_M_P_C,hgb::H_D_B_M_P_C_A_K,0.0042104987432862,-0.0032702173751977767,0.011754347095039508,0.010582883909441312,0.024787385488573833,0.003929430163468648,0.009770429317651022,127,2000,False,False,False,False,hgb,True,extended_K,hgb|history=True|extended_K
hgb::H_A,hgb::H_D_B_M_P_C_A_K,0.005384688364982983,-0.007493572844309981,0.0176011730050311,0.016068042277153347,0.025961575110270616,0.006489981999141186,0.01613717708612036,127,2000,False,False,False,False,hgb,True,extended_K,hgb|history=True|extended_K
hgb::H_D_A,hgb::H_D_B_M_P_C_A_K,0.028584043138169306,0.018261245107626438,0.039788863006600464,0.03738725364917736,0.04916092988345694,0.005506912805714459,0.013692800250508815,127,2000,False,False,False,False,hgb,True,extended_K,hgb|history=True|extended_K
hgb::H_B_A,hgb::H_D_B_M_P_C_A_K,-0.004912258132574957,-0.017303839469077247,0.0071396361977431365,0.0056625126921045245,0.015664628612712676,0.006409066586983244,0.015935982947960666,127,2000,False,False,False,True,hgb,True,extended_K,hgb|history=True|extended_K
hgb::H_D_B_A,hgb::H_D_B_M_P_C_A_K,0.019288487224390003,0.009481159537074006,0.029371439109630148,0.027187647107247838,0.03986537396967764,0.004937000022173664,0.012275726441543153,127,2000,False,False,False,False,hgb,True,extended_K,hgb|history=True|extended_K
hgb::H_M_A,hgb::H_D_B_M_P_C_A_K,0.05955850689521062,0.038465448204138,0.08172196798666041,0.07764865676679084,0.08013539364049825,0.011231715152014312,0.027927377366054423,127,2000,False,False,False,False,hgb,True,extended_K,hgb|history=True|extended_K
hgb::H_D_M_A,hgb::H_D_B_M_P_C_A_K,0.041743460153656035,0.029286354240134083,0.05428096801740465,0.052723425699810984,0.06232034689894367,0.006449260119826337,0.016035923156930677,127,2000,False,False,False,False,hgb,True,extended_K,hgb|history=True|extended_K
hgb::H_B_M_A,hgb::H_D_B_M_P_C_A_K,0.05291338235043012,0.0325102435337382,0.07402446723186448,0.07059171156228555,0.07349026909571775,0.010702105092100653,0.026610515266198297,127,2000,False,False,False,False,hgb,True,extended_K,hgb|history=True|extended_K
hgb::H_D_B_M_A,hgb::H_D_B_M_P_C_A_K,0.03614064083374936,0.025000250894514384,0.04788707213075714,0.04578313022911253,0.056717527579036996,0.005809308375277642,0.014444699232161625,127,2000,False,False,False,False,hgb,True,extended_K,hgb|history=True|extended_K
hgb::H_P_A,hgb::H_D_B_M_P_C_A_K,0.006158977255180618,-0.006491430320112972,0.018379923943598286,0.01717971901977249,0.026735864000468252,0.006404146756783754,0.015923749913851586,127,2000,False,False,False,False,hgb,True,extended_K,hgb|history=True|extended_K
hgb::H_D_P_A,hgb::H_D_B_M_P_C_A_K,0.02643049117592629,0.018311658721019673,0.03472857512324852,0.0333708247981179,0.04700737792121393,0.004283810353581266,0.010651586751433899,127,2000,False,False,False,False,hgb,True,extended_K,hgb|history=True|extended_K
hgb::H_B_P_A,hgb::H_D_B_M_P_C_A_K,-0.00017951245021619372,-0.012005104081926803,0.011120621775150559,0.009947277616335948,0.02039737429507144,0.0059615421069865076,0.014823224578979532,127,2000,False,False,False,False,hgb,True,extended_K,hgb|history=True|extended_K
hgb::H_D_B_P_A,hgb::H_D_B_M_P_C_A_K,0.014667724952959465,0.007729375209343402,0.021601062951794824,0.020589976778275287,0.035244611698247094,0.0036280977313915726,0.009021173800630703,127,2000,False,False,False,False,hgb,True,extended_K,hgb|history=True|extended_K
hgb::H_M_P_A,hgb::H_D_B_M_P_C_A_K,0.03825978212848604,0.022884193205871567,0.05340833575900596,0.051163171458929166,0.05883666887377367,0.007894114178440215,0.01962851645080071,127,2000,False,False,False,False,hgb,True,extended_K,hgb|history=True|extended_K
hgb::H_D_M_P_A,hgb::H_D_B_M_P_C_A_K,0.03214923873273816,0.022762347656959923,0.041044382507062216,0.03972326919827865,0.05272612547802579,0.00462688157833934,0.011504624727164164,127,2000,False,False,False,False,hgb,True,extended_K,hgb|history=True|extended_K
hgb::H_B_M_P_A,hgb::H_D_B_M_P_C_A_K,0.026934312514457735,0.012481165871322066,0.040661359596768976,0.03923629981329377,0.04751119925974537,0.007242001422732489,0.01800705447750617,127,2000,False,False,False,False,hgb,True,extended_K,hgb|history=True|extended_K
hgb::H_D_B_M_P_A,hgb::H_D_B_M_P_C_A_K,0.019415198279179268,0.012118741810013649,0.026797508944858245,0.025748481226546292,0.0399920850244669,0.00376219652698012,0.009354607084688224,127,2000,False,False,False,False,hgb,True,extended_K,hgb|history=True|extended_K
hgb::H_C_A,hgb::H_D_B_M_P_C_A_K,0.002857542857063688,-0.009701380455344568,0.015258191484407017,0.013767308861378393,0.02343442960235132,0.006456094892779621,0.01605291764805641,127,2000,False,False,False,False,hgb,True,extended_K,hgb|history=True|extended_K
hgb::H_D_C_A,hgb::H_D_B_M_P_C_A_K,0.022659298284108707,0.012292591859192466,0.0332705231608534,0.03136301683352852,0.04323618502939634,0.005460652005755196,0.013577773934382361,127,2000,False,False,False,False,hgb,True,extended_K,hgb|history=True|extended_K
hgb::H_B_C_A,hgb::H_D_B_M_P_C_A_K,-0.007617974496949507,-0.02011260903474468,0.004372818860060064,0.002775981590915933,0.012958912248338126,0.006298390955810901,0.015660790773377967,127,2000,False,False,False,True,hgb,True,extended_K,hgb|history=True|extended_K
hgb::H_D_B_C_A,hgb::H_D_B_M_P_C_A_K,0.019027049667051953,0.00923296100928867,0.02934730942765594,0.026894531043433593,0.039603936412339585,0.004999358283063266,0.01243077868959117,127,2000,False,False,False,False,hgb,True,extended_K,hgb|history=True|extended_K
hgb::H_M_C_A,hgb::H_D_B_M_P_C_A_K,0.05603655184540738,0.03585166542855744,0.07786989816514221,0.07346117081510489,0.07661343859069501,0.010807336852348491,0.026872171392583275,127,2000,False,False,False,False,hgb,True,extended_K,hgb|history=True|extended_K
hgb::H_D_M_C_A,hgb::H_D_B_M_P_C_A_K,0.038882917670829235,0.026521864408103224,0.0510919695397916,0.04960891593058983,0.05945980441611687,0.006373248133899584,0.015846921264825273,127,2000,False,False,False,False,hgb,True,extended_K,hgb|history=True|extended_K
hgb::H_B_M_C_A,hgb::H_D_B_M_P_C_A_K,0.005070670431461089,-0.007971577329740482,0.017799993305261896,0.015955593972010962,0.02564755717674872,0.006549332896562812,0.016284751600508792,127,2000,False,False,False,False,hgb,True,extended_K,hgb|history=True|extended_K
hgb::H_D_B_M_C_A,hgb::H_D_B_M_P_C_A_K,0.031705962189745,0.02084055051111505,0.04309004603842754,0.040924755569457835,0.052282848935032634,0.005628151541123454,0.01399425731822505,127,2000,False,False,False,False,hgb,True,extended_K,hgb|history=True|extended_K
hgb::H_P_C_A,hgb::H_D_B_M_P_C_A_K,0.0053615373347246946,-0.007456481643803315,0.017863422037510457,0.016381414697169756,0.025938424080012328,0.0063898051324171755,0.015888089825405002,127,2000,False,False,False,False,hgb,True,extended_K,hgb|history=True|extended_K
hgb::H_D_P_C_A,hgb::H_D_B_M_P_C_A_K,0.024500608616209403,0.016479288485780518,0.033183024178334734,0.031195324146851847,0.045077495361497036,0.004234938351973444,0.010530067748052544,127,2000,False,False,False,False,hgb,True,extended_K,hgb|history=True|extended_K
hgb::H_B_P_C_A,hgb::H_D_B_M_P_C_A_K,-0.00011128047342072376,-0.012002735602367549,0.011234586755037818,0.009973301611829232,0.020465606271866908,0.005948078283428906,0.01478974712017702,127,2000,False,False,False,False,hgb,True,extended_K,hgb|history=True|extended_K
hgb::H_D_B_P_C_A,hgb::H_D_B_M_P_C_A_K,0.010702723126468867,0.0038050672931554037,0.01769400838374936,0.016396263417226997,0.0312796098717565,0.003573072641960237,0.008884355299061581,127,2000,False,False,False,False,hgb,True,extended_K,hgb|history=True|extended_K
hgb::H_M_P_C_A,hgb::H_D_B_M_P_C_A_K,0.03274388849907787,0.01770045880333408,0.0478328997608531,0.04563787231476059,0.0533207752443655,0.0077946111241731135,0.019381104607820172,127,2000,False,False,False,False,hgb,True,extended_K,hgb|history=True|extended_K
hgb::H_D_M_P_C_A,hgb::H_D_B_M_P_C_A_K,0.030732513574815334,0.021765903578806752,0.03976618277375261,0.038078825429698246,0.05130940032010296,0.004542046090088475,0.011293683418348075,127,2000,False,False,False,False,hgb,True,extended_K,hgb|history=True|extended_K
hgb::H_B_M_P_C_A,hgb::H_D_B_M_P_C_A_K,0.024752565608385266,0.010895900355117567,0.03817520794880976,0.036484992986713156,0.0453294523536729,0.007029744321121275,0.01747928253038212,127,2000,False,False,False,False,hgb,True,extended_K,hgb|history=True|extended_K
hgb::H_D_B_M_P_C_A,hgb::H_D_B_M_P_C_A_K,0.020109563962252705,0.012612664498758733,0.02736676568522045,0.026399563032972577,0.04068645070754034,0.0037815759274736358,0.009402793476827384,127,2000,False,False,False,False,hgb,True,extended_K,hgb|history=True|extended_K
hgb::H_K,hgb::H_D_B_M_P_C_A_K,-0.032243521198395846,-0.04483755313349043,-0.019840665509507794,-0.021682979148330242,-0.011666634453108213,0.006462398677331657,0.01606859184987121,127,2000,True,True,True,True,hgb,True,extended_K,hgb|history=True|extended_K
hgb::H_D_K,hgb::H_D_B_M_P_C_A_K,-0.017461227618560074,-0.026001922688626663,-0.008838596243569667,-0.010165036471746075,0.003115659126727559,0.0044217966245058615,0.010994686145185414,127,2000,False,True,True,True,hgb,True,extended_K,hgb|history=True|extended_K
hgb::H_B_K,hgb::H_D_B_M_P_C_A_K,-0.031053824678422017,-0.04300432977420081,-0.01963321625998321,-0.021039152258871117,-0.010476937933134384,0.006088330070518193,0.01513847966291815,127,2000,True,True,True,True,hgb,True,extended_K,hgb|history=True|extended_K
hgb::H_D_B_K,hgb::H_D_B_M_P_C_A_K,-0.015249654117457764,-0.023318377164275948,-0.007660678715407532,-0.008478075673759416,0.005327232627829869,0.003968765807032808,0.009868236406495853,127,2000,False,False,True,True,hgb,True,extended_K,hgb|history=True|extended_K
hgb::H_M_K,hgb::H_D_B_M_P_C_A_K,-0.030162928572567554,-0.04230577743939972,-0.018306096030519976,-0.01985888006669067,-0.009586041827279922,0.006281095228841705,0.015617785383074565,127,2000,True,True,True,True,hgb,True,extended_K,hgb|history=True|extended_K
hgb::H_D_M_K,hgb::H_D_B_M_P_C_A_K,-0.015945113368526553,-0.024323249964988785,-0.007682622361731267,-0.008648847876438538,0.004631773376761079,0.00431985213474775,0.010741203734232884,127,2000,False,True,True,True,hgb,True,extended_K,hgb|history=True|extended_K
hgb::H_B_M_K,hgb::H_D_B_M_P_C_A_K,-0.029104040398252703,-0.04070888604064267,-0.01805174090264142,-0.01928594893103857,-0.00852715365296507,0.005967014320701165,0.014836831100812445,127,2000,True,True,True,True,hgb,True,extended_K,hgb|history=True|extended_K
hgb::H_D_B_M_K,hgb::H_D_B_M_P_C_A_K,-0.013210865819977508,-0.021086698363193237,-0.005900930400741251,-0.006524215343031912,0.0073660209253101246,0.0038966644724554187,0.009688958250658918,127,2000,False,False,True,True,hgb,True,extended_K,hgb|history=True|extended_K
hgb::H_P_K,hgb::H_D_B_M_P_C_A_K,-0.020288642977096913,-0.03274793482763509,-0.00808372880200789,-0.009780821044758643,0.0002882437681907199,0.0063199765092833,0.01571446270943759,127,2000,True,True,True,True,hgb,True,extended_K,hgb|history=True|extended_K
hgb::H_D_P_K,hgb::H_D_B_M_P_C_A_K,-0.011581906572791548,-0.019112128058642697,-0.004111237625868666,-0.005238636129893445,0.008994980172496085,0.0038296498372008794,0.009522328044811295,127,2000,False,False,True,True,hgb,True,extended_K,hgb|history=True|extended_K
hgb::H_B_P_K,hgb::H_D_B_M_P_C_A_K,-0.021280146546779333,-0.03226557587311787,-0.009784647911562163,-0.011347283003272826,-0.0007032598014917006,0.00592338564044976,0.014728349484169468,127,2000,True,True,True,True,hgb,True,extended_K,hgb|history=True|extended_K
hgb::H_D_B_P_K,hgb::H_D_B_M_P_C_A_K,-0.010770577181523433,-0.017216588324105126,-0.004472424508553844,-0.005612288655017337,0.0098063095637642,0.0032012344860098555,0.007959789072107211,127,2000,False,False,True,True,hgb,True,extended_K,hgb|history=True|extended_K
hgb::H_M_P_K,hgb::H_D_B_M_P_C_A_K,-0.019471300183683843,-0.03165760406658853,-0.007645827895160889,-0.009287116810318581,0.00110558656160379,0.006161003789332549,0.015319181037770866,127,2000,True,True,True,True,hgb,True,extended_K,hgb|history=True|extended_K
hgb::H_D_M_P_K,hgb::H_D_B_M_P_C_A_K,-0.011769509690591828,-0.018512283993074176,-0.004526855110859755,-0.006048246746756536,0.008807377054695805,0.0036036329181094394,0.008960342657437255,127,2000,False,False,True,True,hgb,True,extended_K,hgb|history=True|extended_K
hgb::H_B_M_P_K,hgb::H_D_B_M_P_C_A_K,-0.020582463494854132,-0.031459265400844795,-0.009410318851232478,-0.011086409986570322,-5.576749566499339e-06,0.005775484894339137,0.014360597997112605,127,2000,True,True,True,True,hgb,True,extended_K,hgb|history=True|extended_K
hgb::H_D_B_M_P_K,hgb::H_D_B_M_P_C_A_K,-0.011045879619941173,-0.01701155540281639,-0.005196860565716906,-0.006013873624261325,0.00953100712534646,0.003028830911099096,0.007531111917227075,127,2000,False,False,True,True,hgb,True,extended_K,hgb|history=True|extended_K
hgb::H_C_K,hgb::H_D_B_M_P_C_A_K,-0.03234211359419218,-0.04500944997667258,-0.019945644995240402,-0.02173665168264799,-0.011765226848904548,0.006446931255961023,0.01603013249547599,127,2000,True,True,True,True,hgb,True,extended_K,hgb|history=True|extended_K
hgb::H_D_C_K,hgb::H_D_B_M_P_C_A_K,-0.01572436450591776,-0.024593344831624005,-0.006870961497701045,-0.008199351169953826,0.004852522239369873,0.00448327142118745,0.011147541681690031,127,2000,False,True,True,True,hgb,True,extended_K,hgb|history=True|extended_K
hgb::H_B_C_K,hgb::H_D_B_M_P_C_A_K,-0.031310511974397624,-0.04321337710569298,-0.019875885709197565,-0.02129409129134093,-0.010733625229109992,0.006086831932321855,0.015134754579955365,127,2000,True,True,True,True,hgb,True,extended_K,hgb|history=True|extended_K
hgb::H_D_B_C_K,hgb::H_D_B_M_P_C_A_K,-0.0173531222765447,-0.02524549808113515,-0.009897965326050152,-0.010530796358708759,0.003223764468742934,0.00392832441007963,0.009767679889647291,127,2000,False,True,True,True,hgb,True,extended_K,hgb|history=True|extended_K
hgb::H_M_C_K,hgb::H_D_B_M_P_C_A_K,-0.030197042666781783,-0.042329883597449755,-0.018410170661723114,-0.01992891917637294,-0.00962015592149415,0.006275307020341733,0.015603393148151911,127,2000,True,True,True,True,hgb,True,extended_K,hgb|history=True|extended_K
hgb::H_D_M_C_K,hgb::H_D_B_M_P_C_A_K,-0.015801901635935714,-0.02429695519475062,-0.007003052106803894,-0.008215459497997086,0.004774985109351919,0.0043784675785012205,0.01088694956156437,127,2000,False,True,True,True,hgb,True,extended_K,hgb|history=True|extended_K
hgb::H_B_M_C_K,hgb::H_D_B_M_P_C_A_K,-0.02902517261578498,-0.040599001104136105,-0.017979689474227224,-0.019233827145120334,-0.008448285870497348,0.005956710933419436,0.014811211987358179,127,2000,True,True,True,True,hgb,True,extended_K,hgb|history=True|extended_K
hgb::H_D_B_M_C_K,hgb::H_D_B_M_P_C_A_K,-0.013633007826686078,-0.02151200483370457,-0.006293099986652651,-0.007105787454132737,0.006943878918601555,0.003854508540613777,0.009584138585912696,127,2000,False,False,True,True,hgb,True,extended_K,hgb|history=True|extended_K
hgb::H_P_C_K,hgb::H_D_B_M_P_C_A_K,-0.020288642977096913,-0.03274793482763509,-0.00808372880200789,-0.009780821044758643,0.0002882437681907199,0.0063199765092833,0.01571446270943759,127,2000,True,True,True,True,hgb,True,extended_K,hgb|history=True|extended_K
hgb::H_D_P_C_K,hgb::H_D_B_M_P_C_A_K,-0.011837245468276998,-0.019225546338484823,-0.004751052374680775,-0.0058013102742974845,0.008739641277010634,0.0037081917631124656,0.009220325596982746,127,2000,False,False,True,True,hgb,True,extended_K,hgb|history=True|extended_K
hgb::H_B_P_C_K,hgb::H_D_B_M_P_C_A_K,-0.021280146546779333,-0.03226557587311787,-0.009784647911562163,-0.011347283003272826,-0.0007032598014917006,0.00592338564044976,0.014728349484169468,127,2000,True,True,True,True,hgb,True,extended_K,hgb|history=True|extended_K
hgb::H_D_B_P_C_K,hgb::H_D_B_M_P_C_A_K,-0.011563810180572008,-0.01750330497209985,-0.005680608324391086,-0.006597487778639468,0.009013076564715625,0.003054667129999299,0.0075953530260134345,127,2000,False,False,True,True,hgb,True,extended_K,hgb|history=True|extended_K
hgb::H_M_P_C_K,hgb::H_D_B_M_P_C_A_K,-0.008695546748214043,-0.021827014899897544,0.004899269420865192,0.002465665071966043,0.01188133999707359,0.00684400187952296,0.01701743861881549,127,2000,False,False,False,True,hgb,True,extended_K,hgb|history=True|extended_K
hgb::H_D_M_P_C_K,hgb::H_D_B_M_P_C_A_K,-0.010220548722621911,-0.017037397903363557,-0.0032684786916563724,-0.004446712532894863,0.010356338022665721,0.003527482278625641,0.008770996006747935,127,2000,False,False,False,True,hgb,True,extended_K,hgb|history=True|extended_K
hgb::H_B_M_P_C_K,hgb::H_D_B_M_P_C_A_K,-0.020582463494854132,-0.031459265400844795,-0.009410318851232478,-0.011086409986570322,-5.576749566499339e-06,0.005775484894339137,0.014360597997112605,127,2000,True,True,True,True,hgb,True,extended_K,hgb|history=True|extended_K
hgb::H_D_B_M_P_C_K,hgb::H_D_B_M_P_C_A_K,-0.010267368436657782,-0.015691169481542283,-0.004970736534763817,-0.005605455209954423,0.010309518308629851,0.002803928166354246,0.006971896896356073,127,2000,False,False,False,True,hgb,True,extended_K,hgb|history=True|extended_K
hgb::H_A_K,hgb::H_D_B_M_P_C_A_K,-0.021392011629179693,-0.033097765845378324,-0.01012645228576657,-0.011933570460413488,-0.0008151248838920606,0.005868110536877898,0.014590909328725154,127,2000,True,True,True,True,hgb,True,extended_K,hgb|history=True|extended_K
hgb::H_D_A_K,hgb::H_D_B_M_P_C_A_K,8.369104137201421e-05,-0.00809623761262525,0.008466892311348204,0.006775401201953066,0.020660577786659647,0.004177787818735698,0.010387964383891325,127,2000,False,False,False,False,hgb,True,extended_K,hgb|history=True|extended_K
hgb::H_B_A_K,hgb::H_D_B_M_P_C_A_K,-0.021353204668418436,-0.03248100047828449,-0.010641683173335175,-0.012023237714476089,-0.000776317923130803,0.005575819055878602,0.013864133909274963,127,2000,True,True,True,True,hgb,True,extended_K,hgb|history=True|extended_K
hgb::H_D_B_A_K,hgb::H_D_B_M_P_C_A_K,-0.0026061772708738107,-0.009713972066287614,0.00419931742778907,0.0034480436306795056,0.017970709474413822,0.0035765560704072675,0.008893016756323558,127,2000,False,False,False,True,hgb,True,extended_K,hgb|history=True|extended_K
hgb::H_M_A_K,hgb::H_D_B_M_P_C_A_K,-0.021477952370823748,-0.03284851375305637,-0.010405740010889413,-0.012201164738171531,-0.0009010656255361155,0.0057738250842767425,0.014356470921119215,127,2000,True,True,True,True,hgb,True,extended_K,hgb|history=True|extended_K
hgb::H_D_M_A_K,hgb::H_D_B_M_P_C_A_K,0.018235988246645147,0.008518387188627845,0.028189439874273796,0.026418657824097396,0.03881287499193278,0.005054708283614619,0.01256840507449212,127,2000,False,False,False,False,hgb,True,extended_K,hgb|history=True|extended_K
hgb::H_B_M_A_K,hgb::H_D_B_M_P_C_A_K,-0.020229944562336684,-0.03131439875960146,-0.00976231356922835,-0.011193246350339556,0.0003469421829509489,0.00547254685002685,0.013607350165633681,127,2000,True,True,True,True,hgb,True,extended_K,hgb|history=True|extended_K
hgb::H_D_B_M_A_K,hgb::H_D_B_M_P_C_A_K,0.00864671275771473,0.0011500009960006092,0.016329331645742996,0.01471113245259931,0.029223599503002365,0.00380756867768947,0.009467423796794947,127,2000,False,False,False,False,hgb,True,extended_K,hgb|history=True|extended_K
hgb::H_P_A_K,hgb::H_D_B_M_P_C_A_K,-0.015650502521022267,-0.026839757990473976,-0.004300646024872195,-0.006161128002529145,0.004926384224265366,0.0056680146905416645,0.014093376037114757,127,2000,False,True,True,True,hgb,True,extended_K,hgb|history=True|extended_K
hgb::H_D_P_A_K,hgb::H_D_B_M_P_C_A_K,0.0007662190132769317,-0.004575152672485068,0.006345579119551063,0.00529406610698581,0.021343105758564563,0.0027788613702983502,0.0069095689381291955,127,2000,False,False,False,False,hgb,True,extended_K,hgb|history=True|extended_K
hgb::H_B_P_A_K,hgb::H_D_B_M_P_C_A_K,-0.018654546257387706,-0.028783650686605846,-0.008098861337475522,-0.009680704123037459,0.0019223404878999269,0.005351725103515384,0.01330692993032827,127,2000,True,True,True,True,hgb,True,extended_K,hgb|history=True|extended_K
hgb::H_D_B_P_A_K,hgb::H_D_B_M_P_C_A_K,-0.0036799682581435825,-0.007379580991432372,6.770264325387154e-05,-0.00048589416007916624,0.01689691848714405,0.0019532411624054763,0.004856685046862647,127,2000,False,False,False,True,hgb,True,extended_K,hgb|history=True|extended_K
hgb::H_M_P_A_K,hgb::H_D_B_M_P_C_A_K,0.012756152301285451,0.0012593908887574205,0.024359618188263647,0.022495091557093956,0.03333303904657309,0.005886770060806027,0.014637305765881799,127,2000,False,False,False,False,hgb,True,extended_K,hgb|history=True|extended_K
hgb::H_D_M_P_A_K,hgb::H_D_B_M_P_C_A_K,0.010121470073094755,0.005559138473997026,0.01471683330596393,0.014042143717172361,0.030698356818382386,0.002357719539581544,0.00586241036333664,127,2000,False,False,False,False,hgb,True,extended_K,hgb|history=True|extended_K
hgb::H_B_M_P_A_K,hgb::H_D_B_M_P_C_A_K,-0.01662657245400942,-0.026175623086171124,-0.006532223562474883,-0.008231494266265415,0.003950314291278213,0.005099576896584664,0.012679969752668734,127,2000,False,True,True,True,hgb,True,extended_K,hgb|history=True|extended_K
hgb::H_D_B_M_P_A_K,hgb::H_D_B_M_P_C_A_K,0.004438707728253295,0.0024190474380933118,0.006460270927737707,0.00613477314477618,0.025015594473540927,0.0010437942280725624,0.002595368107662884,127,2000,False,False,False,False,hgb,True,extended_K,hgb|history=True|extended_K
hgb::H_C_A_K,hgb::H_D_B_M_P_C_A_K,0.000540667075125874,-0.013504356747291947,0.014079983554086158,0.012232554685035663,0.021117553820413505,0.007138777696304552,0.01775039127673346,127,2000,False,False,False,False,hgb,True,extended_K,hgb|history=True|extended_K
hgb::H_D_C_A_K,hgb::H_D_B_M_P_C_A_K,-0.0012033486225475904,-0.009422917260144222,0.006882182428229329,0.0057055599956816905,0.019373538122740043,0.004215459548648782,0.010481634193272672,127,2000,False,False,False,True,hgb,True,extended_K,hgb|history=True|extended_K
hgb::H_B_C_A_K,hgb::H_D_B_M_P_C_A_K,-0.02145084703540654,-0.032517911555433904,-0.01076947994926852,-0.012134657203347337,-0.0008739602901189081,0.005573647089279894,0.013858733368929376,127,2000,True,True,True,True,hgb,True,extended_K,hgb|history=True|extended_K
hgb::H_D_B_C_A_K,hgb::H_D_B_M_P_C_A_K,-0.005955859284677053,-0.013015861886273208,0.0007155591528134925,-0.0001264386013574469,0.01462102746061058,0.0034840796022680004,0.008663076343105185,127,2000,False,False,False,True,hgb,True,extended_K,hgb|history=True|extended_K
hgb::H_M_C_A_K,hgb::H_D_B_M_P_C_A_K,0.019010630984632453,0.003681381262372035,0.034573635575885206,0.03227499967191962,0.039587517729920085,0.007956199242437258,0.01978288940164341,127,2000,False,False,False,False,hgb,True,extended_K,hgb|history=True|extended_K
hgb::H_D_M_C_A_K,hgb::H_D_B_M_P_C_A_K,0.020231198734519548,0.01053209568507984,0.030515531281748335,0.02829533943016386,0.04080808547980718,0.005082877953425219,0.01263844825030545,127,2000,False,False,False,False,hgb,True,extended_K,hgb|history=True|extended_K
hgb::H_B_M_C_A_K,hgb::H_D_B_M_P_C_A_K,-0.02020654200370805,-0.03126153149015515,-0.009702515918712898,-0.011139836611573495,0.0003703447415795841,0.005473670498526751,0.01361014408938075,127,2000,True,True,True,True,hgb,True,extended_K,hgb|history=True|extended_K
hgb::H_D_B_M_C_A_K,hgb::H_D_B_M_P_C_A_K,0.010360362880848788,0.0026968762239502238,0.01837509457628678,0.016613468839253867,0.03093724962613642,0.004020497938814961,0.009996867051653513,127,2000,False,False,False,False,hgb,True,extended_K,hgb|history=True|extended_K
hgb::H_P_C_A_K,hgb::H_D_B_M_P_C_A_K,-0.015650502521022267,-0.026839757990473976,-0.004300646024872195,-0.006161128002529145,0.004926384224265366,0.0056680146905416645,0.014093376037114757,127,2000,False,True,True,True,hgb,True,extended_K,hgb|history=True|extended_K
hgb::H_D_P_C_A_K,hgb::H_D_B_M_P_C_A_K,-0.0019258482379989608,-0.007290836533148314,0.003453429908389327,0.0024960114344912583,0.01865103850728867,0.002752376335018445,0.006843714563725609,127,2000,False,False,False,True,hgb,True,extended_K,hgb|history=True|extended_K
hgb::H_B_P_C_A_K,hgb::H_D_B_M_P_C_A_K,-0.018654546257387706,-0.028783650686605846,-0.008098861337475522,-0.009680704123037459,0.0019223404878999269,0.005351725103515384,0.01330692993032827,127,2000,True,True,True,True,hgb,True,extended_K,hgb|history=True|extended_K
hgb::H_D_B_P_C_A_K,hgb::H_D_B_M_P_C_A_K,-0.004261617871577845,-0.007659965381974099,-0.000604502259332445,-0.0014042516193257517,0.016315268873709786,0.0017896224906025664,0.0044498513327123216,127,2000,False,False,False,True,hgb,True,extended_K,hgb|history=True|extended_K
hgb::H_M_P_C_A_K,hgb::H_D_B_M_P_C_A_K,0.009593111207713289,-0.0018245771675216653,0.021204842877163975,0.019196743924502154,0.03016999795300092,0.005876684559142775,0.014612228419540345,127,2000,False,False,False,False,hgb,True,extended_K,hgb|history=True|extended_K
hgb::H_D_M_P_C_A_K,hgb::H_D_B_M_P_C_A_K,0.00984231562002708,0.005300087126614374,0.014433318778951659,0.013699573316109057,0.030419202365314715,0.0023333511258821354,0.005801818915282203,127,2000,False,False,False,False,hgb,True,extended_K,hgb|history=True|extended_K
hgb::H_B_M_P_C_A_K,hgb::H_D_B_M_P_C_A_K,0.004775196850666374,-0.005727698519601442,0.015160935844015467,0.01335608272862044,0.025352083595954006,0.005234170267766184,0.013014632786504813,127,2000,False,False,False,False,hgb,True,extended_K,hgb|history=True|extended_K
hgb::H,hgb::H_D_B_M_P_C_A,-0.030095301545889554,-0.04514686483099979,-0.015839857826342087,-0.017282736693025262,-0.011190007887421534,0.007502809326487686,0.01865554677361953,63,2000,True,True,True,True,hgb,True,original_noK,hgb|history=True|original_noK
hgb::H_D,hgb::H_D_B_M_P_C_A,-0.011789715614687758,-0.02164388747139473,-0.0017464147643940164,-0.0034794956101459936,0.0071155780437802615,0.00508024600163478,0.012631903968344411,63,2000,False,False,True,True,hgb,True,original_noK,hgb|history=True|original_noK
hgb::H_B,hgb::H_D_B_M_P_C_A,-0.03386547881621497,-0.04816840094174131,-0.020062045583056742,-0.021550429021839124,-0.014960185157746948,0.007260968452919026,0.018054215521243804,63,2000,True,True,True,True,hgb,True,original_noK,hgb|history=True|original_noK
hgb::H_D_B,hgb::H_D_B_M_P_C_A,-0.014128145504286644,-0.023286782942727145,-0.0050575626384686415,-0.006460903612557337,0.004777148154181376,0.004693459992876603,0.011670170281164637,63,2000,False,True,True,True,hgb,True,original_noK,hgb|history=True|original_noK
hgb::H_M,hgb::H_D_B_M_P_C_A,-0.02176364089079434,-0.036649646835155765,-0.007535801390890949,-0.009450739930518716,-0.0028583472323263186,0.007428534587453015,0.018470864502237814,63,2000,True,True,True,True,hgb,True,original_noK,hgb|history=True|original_noK
hgb::H_D_M,hgb::H_D_B_M_P_C_A,-0.015918003476920222,-0.025818136322749256,-0.005402477652550378,-0.00739242462728538,0.0029872901815477977,0.00521249518355748,0.01296073823452012,63,2000,False,True,True,True,hgb,True,original_noK,hgb|history=True|original_noK
hgb::H_B_M,hgb::H_D_B_M_P_C_A,-0.026719021779868818,-0.04140660540831457,-0.013716166662592356,-0.01469478326592536,-0.007813728121400798,0.007058707499910954,0.017551298746323527,63,2000,True,True,True,True,hgb,True,original_noK,hgb|history=True|original_noK
hgb::H_D_B_M,hgb::H_D_B_M_P_C_A,-0.014675444621840908,-0.023710101626619375,-0.00561026793586723,-0.00695940247414006,0.004229849036627112,0.004676948324630573,0.011629114433165565,63,2000,False,True,True,True,hgb,True,original_noK,hgb|history=True|original_noK
hgb::H_P,hgb::H_D_B_M_P_C_A,-0.019478728213603157,-0.03428456963777089,-0.005258228251081384,-0.006473283696085507,-0.0005734345551351369,0.007389709775501777,0.018374327583356474,63,2000,True,True,True,True,hgb,True,original_noK,hgb|history=True|original_noK
hgb::H_D_P,hgb::H_D_B_M_P_C_A,-0.008186389408232006,-0.017196065717524488,0.0003935893191672005,-0.0007837572464611618,0.010718904250236014,0.004556386637685798,0.011329340829434972,63,2000,False,False,False,True,hgb,True,original_noK,hgb|history=True|original_noK
hgb::H_B_P,hgb::H_D_B_M_P_C_A,-0.022326531670489577,-0.03608856586774492,-0.00931262349167598,-0.01049020535316664,-0.0034212380120215574,0.006904538137873386,0.017167960503354035,63,2000,True,True,True,True,hgb,True,original_noK,hgb|history=True|original_noK
hgb::H_D_B_P,hgb::H_D_B_M_P_C_A,-0.008595791091602321,-0.016217333049071057,-0.0013819707908673004,-0.002267069071935508,0.010309502566865698,0.0038065278519363154,0.009464835809725541,63,2000,False,False,False,True,hgb,True,original_noK,hgb|history=True|original_noK
hgb::H_M_P,hgb::H_D_B_M_P_C_A,-0.011543142677992467,-0.02642776329698348,0.0028542878689978546,0.0010579242496092187,0.007362150980475553,0.007524621135621695,0.018709781288693803,63,2000,False,False,True,True,hgb,True,original_noK,hgb|history=True|original_noK
hgb::H_D_M_P,hgb::H_D_B_M_P_C_A,-0.013412030627237973,-0.02192770067999574,-0.0052158311629389165,-0.006309586251692351,0.005493263031230046,0.0043377713070757605,0.010785759305747886,63,2000,False,False,True,True,hgb,True,original_noK,hgb|history=True|original_noK
hgb::H_B_M_P,hgb::H_D_B_M_P_C_A,-0.01600654282334935,-0.029871079157778535,-0.0031393251313759163,-0.004274415336385291,0.0028987508351186707,0.006941773898919398,0.017260546287107437,63,2000,False,True,True,True,hgb,True,original_noK,hgb|history=True|original_noK
hgb::H_D_B_M_P,hgb::H_D_B_M_P_C_A,-0.013864375938417342,-0.020387033129708385,-0.0073287771191790675,-0.008258783429628632,0.005040917720050678,0.003415416666810364,0.008492347680239964,63,2000,False,False,True,True,hgb,True,original_noK,hgb|history=True|original_noK
hgb::H_C,hgb::H_D_B_M_P_C_A,-0.030872276790915205,-0.04589434217962826,-0.017098619758697222,-0.018318625882866493,-0.011966983132447186,0.007521490178354073,0.018701996242158486,63,2000,True,True,True,True,hgb,True,original_noK,hgb|history=True|original_noK
hgb::H_D_C,hgb::H_D_B_M_P_C_A,-0.01560768749807023,-0.025690070792484032,-0.005257080244147061,-0.006851969045323376,0.0032976061603977903,0.0052621039048980885,0.013084089072996304,63,2000,False,True,True,True,hgb,True,original_noK,hgb|history=True|original_noK
hgb::H_B_C,hgb::H_D_B_M_P_C_A,-0.03492021415172126,-0.049146407717647396,-0.02130825899941337,-0.022724737984819186,-0.01601492049325324,0.007284675239527777,0.01811316185017028,63,2000,True,True,True,True,hgb,True,original_noK,hgb|history=True|original_noK
hgb::H_D_B_C,hgb::H_D_B_M_P_C_A,-0.016181711715533596,-0.025483017806867358,-0.00724714200380856,-0.008408527330257959,0.002723581942934424,0.004665600369283784,0.011600898027477421,63,2000,False,True,True,True,hgb,True,original_noK,hgb|history=True|original_noK
hgb::H_M_C,hgb::H_D_B_M_P_C_A,-0.02653786088718764,-0.04131044708016029,-0.012011769621633328,-0.013547529357516979,-0.0076325672287196195,0.007603331765683508,0.018905493291598536,63,2000,True,True,True,True,hgb,True,original_noK,hgb|history=True|original_noK
hgb::H_D_M_C,hgb::H_D_B_M_P_C_A,-0.021191410351052143,-0.031193192054721437,-0.010585424267667383,-0.012717114212170786,-0.0022861166925841232,0.00519943729694997,0.012928270127738969,63,2000,True,True,True,True,hgb,True,original_noK,hgb|history=True|original_noK
hgb::H_B_M_C,hgb::H_D_B_M_P_C_A,-0.030075893376787607,-0.044463183347446415,-0.0167834797084542,-0.018175272960014942,-0.011170599718319588,0.007091469202438116,0.017632759896045295,63,2000,True,True,True,True,hgb,True,original_noK,hgb|history=True|original_noK
hgb::H_D_B_M_C,hgb::H_D_B_M_P_C_A,-0.019222997542241306,-0.028381969309136123,-0.01015116576844007,-0.01141745690755636,-0.00031770388377328623,0.004768821413140432,0.011857554558104062,63,2000,True,True,True,True,hgb,True,original_noK,hgb|history=True|original_noK
hgb::H_P_C,hgb::H_D_B_M_P_C_A,-0.02061883861924308,-0.035524815375598366,-0.006567158865395302,-0.007897766568955118,-0.001713544960775061,0.007390449008192395,0.018376165666857774,63,2000,True,True,True,True,hgb,True,original_noK,hgb|history=True|original_noK
hgb::H_D_P_C,hgb::H_D_B_M_P_C_A,-0.011539897477106731,-0.02046277892191262,-0.003017708660772089,-0.003963284725337405,0.007365396181361289,0.004529162315279042,0.011261648236175762,63,2000,False,False,True,True,hgb,True,original_noK,hgb|history=True|original_noK
hgb::H_B_P_C,hgb::H_D_B_M_P_C_A,-0.022437942007712427,-0.036117355898080024,-0.009368548120960716,-0.010661740328720729,-0.003532648349244407,0.006899683981188748,0.017155890764788632,63,2000,True,True,True,True,hgb,True,original_noK,hgb|history=True|original_noK
hgb::H_D_B_P_C,hgb::H_D_B_M_P_C_A,-0.01285051484119429,-0.020413425203563807,-0.005641852541829146,-0.006494974457095664,0.00605477881727373,0.0038016812402803706,0.00945278483168431,63,2000,False,False,True,True,hgb,True,original_noK,hgb|history=True|original_noK
hgb::H_M_P_C,hgb::H_D_B_M_P_C_A,-0.01652319179907282,-0.03169840941485626,-0.002192656176795293,-0.00406573309965641,0.0023821018593951984,0.007479717255299699,0.018598128919133164,63,2000,True,True,True,True,hgb,True,original_noK,hgb|history=True|original_noK
hgb::H_D_M_P_C,hgb::H_D_B_M_P_C_A,-0.013105446646041227,-0.0212810577320567,-0.004890387567265926,-0.0060789526751055456,0.005799847012426793,0.004266603340587598,0.010608801946200428,63,2000,False,False,True,True,hgb,True,original_noK,hgb|history=True|original_noK
hgb::H_B_M_P_C,hgb::H_D_B_M_P_C_A,-0.021036617773194093,-0.03443394204061123,-0.008411273835409565,-0.009770545011865122,-0.002131324114726073,0.006758204906081818,0.01680410660124501,63,2000,True,True,True,True,hgb,True,original_noK,hgb|history=True|original_noK
hgb::H_D_B_M_P_C,hgb::H_D_B_M_P_C_A,-0.015899065218966512,-0.022489651972779072,-0.009411166056681105,-0.010203965642492874,0.0030062284395015078,0.0033991429686201823,0.008451883538802316,63,2000,False,True,True,True,hgb,True,original_noK,hgb|history=True|original_noK
hgb::H_A,hgb::H_D_B_M_P_C_A,-0.014724875597269734,-0.027962318097789703,-0.002372359124776684,-0.004188024870768775,0.004180418061198286,0.006511790988014532,0.01619140458868739,63,2000,False,True,True,True,hgb,True,original_noK,hgb|history=True|original_noK
hgb::H_D_A,hgb::H_D_B_M_P_C_A,0.00847447917591662,-0.0002825319204117555,0.01745144549721097,0.0157596820270575,0.02737977283438464,0.0046316423678931205,0.011516462310705885,63,2000,False,False,False,False,hgb,True,original_noK,hgb|history=True|original_noK
hgb::H_B_A,hgb::H_D_B_M_P_C_A,-0.025021822094827652,-0.03788064587675645,-0.01285170803436816,-0.014465672249874445,-0.006116528436359632,0.006423845665609643,0.01597273075542692,63,2000,True,True,True,True,hgb,True,original_noK,hgb|history=True|original_noK
hgb::H_D_B_A,hgb::H_D_B_M_P_C_A,-0.0008210767378626667,-0.008528456554937804,0.007185739795885754,0.005658745872859794,0.018084216920605353,0.004059341566604176,0.010093450755642962,63,2000,False,False,False,True,hgb,True,original_noK,hgb|history=True|original_noK
hgb::H_M_A,hgb::H_D_B_M_P_C_A,0.03944894293295782,0.020653048179293337,0.05890091879937557,0.055715151667746717,0.05835423659142584,0.009895985163870885,0.024606118330087256,63,2000,False,False,False,False,hgb,True,original_noK,hgb|history=True|original_noK
hgb::H_D_M_A,hgb::H_D_B_M_P_C_A,0.02163389619140336,0.012543669283119606,0.03141112193229421,0.029469696964345433,0.040539189849871385,0.004870434358405172,0.012110212592008679,63,2000,False,False,False,False,hgb,True,original_noK,hgb|history=True|original_noK
hgb::H_B_M_A,hgb::H_D_B_M_P_C_A,0.03280381838817737,0.015067788681690541,0.051512625658077155,0.04782760649258026,0.05170911204664539,0.00930871184188773,0.023145877978719497,63,2000,False,False,False,False,hgb,True,original_noK,hgb|history=True|original_noK
hgb::H_D_B_M_A,hgb::H_D_B_M_P_C_A,0.01603107687149662,0.008025174397016761,0.02452548643509093,0.022734535466835553,0.034936370529964636,0.004053971388029982,0.010080097941621702,63,2000,False,False,False,False,hgb,True,original_noK,hgb|history=True|original_noK
hgb::H_P_A,hgb::H_D_B_M_P_C_A,-0.01395058670707207,-0.027216201397030765,-0.001278692651618733,-0.002618873700276929,0.0049547069513959496,0.006575147005787748,0.016348937734143427,63,2000,False,True,True,True,hgb,True,original_noK,hgb|history=True|original_noK
hgb::H_D_P_A,hgb::H_D_B_M_P_C_A,0.006320927213673537,-0.0005379605513881014,0.013241169962049621,0.012329426362884378,0.025226220872141557,0.003562783949512253,0.008858772723942001,63,2000,False,False,False,False,hgb,True,original_noK,hgb|history=True|original_noK
hgb::H_B_P_A,hgb::H_D_B_M_P_C_A,-0.020289076412468923,-0.03264590675712626,-0.008859611088270965,-0.010052585968305472,-0.0013837827540009034,0.006109332286568863,0.015190701145143443,63,2000,True,True,True,True,hgb,True,original_noK,hgb|history=True|original_noK
hgb::H_D_B_P_A,hgb::H_D_B_M_P_C_A,-0.005441839009293212,-0.010545410360043786,-0.0005529481511453487,-0.0011912450493898547,0.013463454649174807,0.002516296740549175,0.0062567085869949775,63,2000,False,False,False,True,hgb,True,original_noK,hgb|history=True|original_noK
hgb::H_M_P_A,hgb::H_D_B_M_P_C_A,0.01815021816623335,0.0045204713509008395,0.03071053935142965,0.029408521678248735,0.03705551182470137,0.0068035936744774645,0.01691696463281095,63,2000,False,False,False,False,hgb,True,original_noK,hgb|history=True|original_noK
hgb::H_D_M_P_A,hgb::H_D_B_M_P_C_A,0.012039674770485443,0.006821558821888213,0.017414925891428863,0.016335752608098816,0.030944968428953463,0.0026778831293753228,0.006658489080614113,63,2000,False,False,False,False,hgb,True,original_noK,hgb|history=True|original_noK
hgb::H_B_M_P_A,hgb::H_D_B_M_P_C_A,0.006824748552205014,-0.0055176370038408475,0.018438139429528735,0.017272393591300582,0.025730042210673033,0.006117127463978766,0.015210083657806494,63,2000,False,False,False,False,hgb,True,original_noK,hgb|history=True|original_noK
hgb::H_D_B_M_P_A,hgb::H_D_B_M_P_C_A,-0.0006943656830734549,-0.0022929406293792187,0.0009081601592111982,0.0006734016509707964,0.018210927975394565,0.0008152044758910177,0.0020269854354899738,63,2000,False,False,False,True,hgb,True,original_noK,hgb|history=True|original_noK
hgb::H_C_A,hgb::H_D_B_M_P_C_A,-0.01725202110518902,-0.03043756511156339,-0.004972883678322307,-0.0063370347209032295,0.0016532725532789998,0.006575275378690267,0.016349256930138313,63,2000,True,True,True,True,hgb,True,original_noK,hgb|history=True|original_noK
hgb::H_D_C_A,hgb::H_D_B_M_P_C_A,0.0025497343218560528,-0.006725361282089849,0.012060547546057138,0.009966834062994062,0.021455027980324073,0.004694168553686366,0.011671932099805268,63,2000,False,False,False,False,hgb,True,original_noK,hgb|history=True|original_noK
hgb::H_B_C_A,hgb::H_D_B_M_P_C_A,-0.02772753845920217,-0.04053382236407422,-0.01553363886776601,-0.01737724063066048,-0.008822244800734149,0.006442577630318696,0.01601930731476421,63,2000,True,True,True,True,hgb,True,original_noK,hgb|history=True|original_noK
hgb::H_D_B_C_A,hgb::H_D_B_M_P_C_A,-0.0010825142952007381,-0.008758017661655754,0.006754517610071588,0.005503268800131841,0.01782277936326728,0.004018746977468008,0.009992513330282563,63,2000,False,False,False,True,hgb,True,original_noK,hgb|history=True|original_noK
hgb::H_M_C_A,hgb::H_D_B_M_P_C_A,0.03592698788315473,0.01840202333105871,0.05500154433217417,0.051158330122913445,0.05483228154162275,0.009502481446821252,0.02362768123012044,63,2000,False,False,False,False,hgb,True,original_noK,hgb|history=True|original_noK
hgb::H_D_M_C_A,hgb::H_D_B_M_P_C_A,0.018773353708576503,0.009479042441780532,0.028504346936284945,0.02679578911633624,0.03767864736704452,0.004968339238559908,0.012353650615236083,63,2000,False,False,False,False,hgb,True,original_noK,hgb|history=True|original_noK
hgb::H_B_M_C_A,hgb::H_D_B_M_P_C_A,-0.015038893530791584,-0.027182570002781656,-0.0032083928465721397,-0.004772152102372798,0.003866400127676436,0.0061180854136553345,0.015212465575594929,63,2000,False,True,True,True,hgb,True,original_noK,hgb|history=True|original_noK
hgb::H_D_B_M_C_A,hgb::H_D_B_M_P_C_A,0.011596398227492293,0.004105982292227212,0.019819775383567044,0.018187528094714196,0.030501691885960313,0.003932012439614242,0.009776850082369974,63,2000,False,False,False,False,hgb,True,original_noK,hgb|history=True|original_noK
hgb::H_P_C_A,hgb::H_D_B_M_P_C_A,-0.01474802662752799,-0.027982296936364955,-0.0021695897440071584,-0.003381627894996629,0.004157267030940029,0.006590884149120499,0.01638806774541678,63,2000,False,True,True,True,hgb,True,original_noK,hgb|history=True|original_noK
hgb::H_D_P_C_A,hgb::H_D_B_M_P_C_A,0.004391044653956695,-0.0027148275185455793,0.01138446368434783,0.010264534186074413,0.023296338312424714,0.003572271517405744,0.008882363322996684,63,2000,False,False,False,False,hgb,True,original_noK,hgb|history=True|original_noK
hgb::H_B_P_C_A,hgb::H_D_B_M_P_C_A,-0.02022084443567342,-0.032582909898179614,-0.008780937140408698,-0.009951371113758179,-0.0013155507772053994,0.0061115944244424895,0.015196325894097256,63,2000,True,True,True,True,hgb,True,original_noK,hgb|history=True|original_noK
hgb::H_D_B_P_C_A,hgb::H_D_B_M_P_C_A,-0.009406840835783829,-0.014624554873855233,-0.004226061489549072,-0.005066116837498373,0.00949845282268419,0.002565040478858731,0.006377908666909668,63,2000,False,False,True,True,hgb,True,original_noK,hgb|history=True|original_noK
hgb::H_M_P_C_A,hgb::H_D_B_M_P_C_A,0.012634324536825238,-0.0007021783885091845,0.025066109364185653,0.02370458504658648,0.03153961819529326,0.006738197888225786,0.016754359654311924,63,2000,False,False,False,False,hgb,True,original_noK,hgb|history=True|original_noK
hgb::H_D_M_P_C_A,hgb::H_D_B_M_P_C_A,0.010622949612562613,0.005494642182642748,0.01591323944975634,0.014881923238625278,0.02952824327103063,0.0026403028471999193,0.006565046653733559,63,2000,False,False,False,False,hgb,True,original_noK,hgb|history=True|original_noK
hgb::H_B_M_P_C_A,hgb::H_D_B_M_P_C_A,0.004643001646132603,-0.007023484668673338,0.016158897233539568,0.014654575680304602,0.023548295304600623,0.005943262383145687,0.014777772505192004,63,2000,False,False,False,False,hgb,True,original_noK,hgb|history=True|original_noK
hgb::NONE,hgb::D_B_M_P_C_A_K,-0.02716175373236168,-0.04575877175367509,-0.009269646307179991,-0.011416973581666167,-0.005773223349193349,0.009544358174269248,0.023731806660160913,127,2000,True,True,True,True,hgb,False,extended_K,hgb|history=False|extended_K
hgb::D,hgb::D_B_M_P_C_A_K,0.002715067382834673,-0.009645206453521073,0.014726546177489915,0.013310444975536788,0.024103597766003,0.006401507295224283,0.01591718695903864,127,2000,False,False,False,False,hgb,False,extended_K,hgb|history=False|extended_K
hgb::B,hgb::D_B_M_P_C_A_K,-0.030908911021171537,-0.04867246231089826,-0.01349364122716903,-0.015228294934838096,-0.009520380638003208,0.00914784677356189,0.022745891030390757,127,2000,True,True,True,True,hgb,False,extended_K,hgb|history=False|extended_K
hgb::D_B,hgb::D_B_M_P_C_A_K,0.0007806708995779185,-0.011495349010370061,0.01270609266088647,0.011265493443247638,0.02216920128274625,0.006243616386500834,0.015524595183792435,127,2000,False,False,False,False,hgb,False,extended_K,hgb|history=False|extended_K
hgb::M,hgb::D_B_M_P_C_A_K,-0.03404347242259704,-0.05276631451554491,-0.01578544782304735,-0.018206279130461883,-0.01265494203942871,0.009558001574060034,0.023765730630752786,127,2000,True,True,True,True,hgb,False,extended_K,hgb|history=False|extended_K
hgb::D_M,hgb::D_B_M_P_C_A_K,-0.0026985351732532422,-0.015291901506297794,0.009752819633541085,0.008085766288925456,0.018689995209915086,0.006451191934304495,0.016040726565065815,127,2000,False,False,False,True,hgb,False,extended_K,hgb|history=False|extended_K
hgb::B_M,hgb::D_B_M_P_C_A_K,-0.03264035721968022,-0.051445099170472436,-0.01468124260199543,-0.016811983241033973,-0.01125182683651189,0.00934254094375829,0.023229993190074762,127,2000,True,True,True,True,hgb,False,extended_K,hgb|history=False|extended_K
hgb::D_B_M,hgb::D_B_M_P_C_A_K,0.00046214137122720366,-0.011869230565777551,0.012415448758485131,0.010824613295751021,0.021850671754395534,0.006215890634502093,0.015455655798458432,127,2000,False,False,False,False,hgb,False,extended_K,hgb|history=False|extended_K
hgb::P,hgb::D_B_M_P_C_A_K,-0.016284678328536455,-0.03445280474999513,0.0015819453032120303,-0.0008094752981261753,0.005103852054631874,0.009286487760034242,0.02309061835789256,127,2000,False,False,True,True,hgb,False,extended_K,hgb|history=False|extended_K
hgb::D_P,hgb::D_B_M_P_C_A_K,0.009442001319972441,-0.0024432245339691106,0.02132260618085055,0.019721987059408,0.03083053170314077,0.006133157119830411,0.015249940994104469,127,2000,False,False,False,False,hgb,False,extended_K,hgb|history=False|extended_K
hgb::B_P,hgb::D_B_M_P_C_A_K,-0.019430638964371725,-0.03628292133858378,-0.003015053156690508,-0.004738337730782409,0.001957891418796605,0.008545521440593026,0.021248224232106698,127,2000,True,True,True,True,hgb,False,extended_K,hgb|history=False|extended_K
hgb::D_B_P,hgb::D_B_M_P_C_A_K,0.006495288689760263,-0.0045325885179348996,0.017152346230775706,0.015636128753277745,0.02788381907292859,0.005472493061324706,0.01360721642137802,127,2000,False,False,False,False,hgb,False,extended_K,hgb|history=False|extended_K
hgb::M_P,hgb::D_B_M_P_C_A_K,-0.025658000473779616,-0.043433155941541006,-0.007449908724565251,-0.009578657209426866,-0.004269470090611287,0.009547870322316358,0.023740539527986493,127,2000,True,True,True,True,hgb,False,extended_K,hgb|history=False|extended_K
hgb::D_M_P,hgb::D_B_M_P_C_A_K,0.0042299771754494625,-0.008311951794878291,0.016587664133502593,0.014788224602578455,0.025618507558617793,0.006291216490151343,0.01564295164487778,127,2000,False,False,False,False,hgb,False,extended_K,hgb|history=False|extended_K
hgb::B_M_P,hgb::D_B_M_P_C_A_K,-0.016312706390014017,-0.03476845621320479,0.0015897761517877436,-0.0006106412972127669,0.005075823993154312,0.009241554402473467,0.022978892693918743,127,2000,False,False,True,True,hgb,False,extended_K,hgb|history=False|extended_K
hgb::D_B_M_P,hgb::D_B_M_P_C_A_K,0.004195969662413056,-0.006646660213669156,0.014791085047071585,0.013331185445969717,0.025584500045581385,0.005445861449361161,0.013540997587735425,127,2000,False,False,False,False,hgb,False,extended_K,hgb|history=False|extended_K
hgb::C,hgb::D_B_M_P_C_A_K,-0.0279229077215521,-0.04633984540627259,-0.010325583828859885,-0.012070073681063394,-0.00653437733838377,0.009460145622532232,0.023522414267326215,127,2000,True,True,True,True,hgb,False,extended_K,hgb|history=False|extended_K
hgb::D_C,hgb::D_B_M_P_C_A_K,-0.0037811390750193147,-0.016496765803149738,0.00879745626713154,0.007047615423634556,0.017607391308149013,0.006512404815325922,0.016192930854865863,127,2000,False,False,False,True,hgb,False,extended_K,hgb|history=False|extended_K
hgb::B_C,hgb::D_B_M_P_C_A_K,-0.0326476236100406,-0.05047967786604471,-0.015045624117734835,-0.017153771323735603,-0.011259093226872272,0.009100485920918432,0.0226281294609198,127,2000,True,True,True,True,hgb,False,extended_K,hgb|history=False|extended_K
hgb::D_B_C,hgb::D_B_M_P_C_A_K,-0.0030418838230191047,-0.01527346804766685,0.00901182380584187,0.007328308483066922,0.018346646560149227,0.0062356833788839855,0.01550486995978479,127,2000,False,False,False,True,hgb,False,extended_K,hgb|history=False|extended_K
hgb::M_C,hgb::D_B_M_P_C_A_K,-0.03274460379754349,-0.05160231139703986,-0.01450160006750405,-0.016288721792494132,-0.011356073414375157,0.009605449533390344,0.023883708788810788,127,2000,True,True,True,True,hgb,False,extended_K,hgb|history=False|extended_K
hgb::D_M_C,hgb::D_B_M_P_C_A_K,-0.0068765312729516595,-0.01973305964511063,0.005599774424585069,0.003869231804485257,0.01451199911021667,0.0064865455466268365,0.016128632433334043,127,2000,False,False,False,True,hgb,False,extended_K,hgb|history=False|extended_K
hgb::B_M_C,hgb::D_B_M_P_C_A_K,-0.03355449359502914,-0.0526364508891915,-0.01589414879866441,-0.017698026618696912,-0.012165963211860812,0.009297931798630277,0.023119073672164474,127,2000,True,True,True,True,hgb,False,extended_K,hgb|history=False|extended_K
hgb::D_B_M_C,hgb::D_B_M_P_C_A_K,-0.003252264049648388,-0.015784471568849885,0.00871105090448071,0.007294514026200963,0.018136266333519942,0.006215408313774013,0.01545445652009335,127,2000,False,False,False,True,hgb,False,extended_K,hgb|history=False|extended_K
hgb::P_C,hgb::D_B_M_P_C_A_K,-0.018892700088054746,-0.0370310868372461,-0.0011331047811887383,-0.003384089694809701,0.002495830295113584,0.009241969945486745,0.022979925931174726,127,2000,True,True,True,True,hgb,False,extended_K,hgb|history=False|extended_K
hgb::D_P_C,hgb::D_B_M_P_C_A_K,0.006633395347771369,-0.004924301847032328,0.018269357827488928,0.016545104150851836,0.0280219257309397,0.006077414571793735,0.0151113385497497,127,2000,False,False,False,False,hgb,False,extended_K,hgb|history=False|extended_K
hgb::B_P_C,hgb::D_B_M_P_C_A_K,-0.020109109462649682,-0.036967773631377675,-0.003539585591698069,-0.0057754324634462575,0.0012794209205186473,0.008515429054502546,0.021173400270599524,127,2000,True,True,True,True,hgb,False,extended_K,hgb|history=False|extended_K
hgb::D_B_P_C,hgb::D_B_M_P_C_A_K,0.0028880568615904443,-0.007535242853599879,0.013386355027672646,0.01175393384642347,0.024276587244758775,0.005316978308463416,0.01322053289794776,127,2000,False,False,False,False,hgb,False,extended_K,hgb|history=False|extended_K
hgb::M_P_C,hgb::D_B_M_P_C_A_K,-0.027497170973209105,-0.04563999037186024,-0.009401958034439833,-0.011640658817191903,-0.006108640590040775,0.009472504133956826,0.02355314339529697,127,2000,True,True,True,True,hgb,False,extended_K,hgb|history=False|extended_K
hgb::D_M_P_C,hgb::D_B_M_P_C_A_K,-0.0006151360863938963,-0.013077272013309962,0.011879966600532694,0.009792487797806327,0.020773394296774432,0.006226557265916549,0.015482178109316956,127,2000,False,False,False,False,hgb,False,extended_K,hgb|history=False|extended_K
hgb::B_M_P_C,hgb::D_B_M_P_C_A_K,-0.017788321117411847,-0.03561251052121056,-0.0004444047136540034,-0.0025095674251292745,0.003600209265756483,0.00908471723896868,0.022588921029668137,127,2000,False,True,True,True,hgb,False,extended_K,hgb|history=False|extended_K
hgb::D_B_M_P_C,hgb::D_B_M_P_C_A_K,0.0007306211688260606,-0.009635297106338966,0.01107822159806012,0.009568864762356102,0.02211915155199439,0.0053035999459441876,0.013187267935868717,127,2000,False,False,False,False,hgb,False,extended_K,hgb|history=False|extended_K
hgb::A,hgb::D_B_M_P_C_A_K,-0.015515214131509041,-0.03149962660730973,0.00024484879629525726,-0.0018823240599685088,0.005873316251659289,0.008368873983311105,0.020808994770399644,127,2000,False,False,True,True,hgb,False,extended_K,hgb|history=False|extended_K
hgb::D_A,hgb::D_B_M_P_C_A_K,0.019445942881475674,0.007731759058872963,0.0316566225206153,0.029420681853820012,0.040834473264644004,0.006119899141088363,0.015216975363260998,127,2000,False,False,False,False,hgb,False,extended_K,hgb|history=False|extended_K
hgb::B_A,hgb::D_B_M_P_C_A_K,-0.02537848160807072,-0.04142539936585939,-0.009388393039983324,-0.011621197168048663,-0.00398995122490239,0.00826231646970861,0.020544042191627053,127,2000,True,True,True,True,hgb,False,extended_K,hgb|history=False|extended_K
hgb::D_B_A,hgb::D_B_M_P_C_A_K,0.011117220343136615,-7.062566513618349e-05,0.022541933371372856,0.020539570347953034,0.03250575072630495,0.005760759275640249,0.014323983116412153,127,2000,False,False,False,False,hgb,False,extended_K,hgb|history=False|extended_K
hgb::M_A,hgb::D_B_M_P_C_A_K,0.008712061868252644,-0.010236750109039195,0.028623300845203845,0.02504929662669894,0.030100592251420973,0.009900335091489474,0.024616934315755977,127,2000,False,False,False,False,hgb,False,extended_K,hgb|history=False|extended_K
hgb::D_M_A,hgb::D_B_M_P_C_A_K,0.03438982947661604,0.020818764905582186,0.048211696454873734,0.04587256044660811,0.05577835985978437,0.007078045068260157,0.017599381123887495,127,2000,False,False,False,False,hgb,False,extended_K,hgb|history=False|extended_K
hgb::B_M_A,hgb::D_B_M_P_C_A_K,-0.010099164142119907,-0.02713415583409591,0.007147760597486738,0.004176258748303904,0.011289366241048423,0.008779918264009886,0.021831046040919493,127,2000,False,False,False,True,hgb,False,extended_K,hgb|history=False|extended_K
hgb::D_B_M_A,hgb::D_B_M_P_C_A_K,0.027249617381904827,0.014808036780668091,0.04005117172857276,0.03814070809447121,0.04863814776507316,0.006635709896632801,0.016499525839710334,127,2000,False,False,False,False,hgb,False,extended_K,hgb|history=False|extended_K
hgb::P_A,hgb::D_B_M_P_C_A_K,-0.013330232451192204,-0.029566928029713543,0.0022512575704474046,0.00010916941544422513,0.008058297931976125,0.008261181579378666,0.020541220315352198,127,2000,False,False,True,True,hgb,False,extended_K,hgb|history=False|extended_K
hgb::D_P_A,hgb::D_B_M_P_C_A_K,0.019412849915345882,0.00960269638569129,0.02964276548844731,0.02792604722175871,0.04080138029851421,0.00517682389984991,0.012872042484338615,127,2000,False,False,False,False,hgb,False,extended_K,hgb|history=False|extended_K
hgb::B_P_A,hgb::D_B_M_P_C_A_K,-0.02209379643854497,-0.03738159186894182,-0.00798528571562873,-0.00942513301264196,-0.0007052660553766403,0.007592658325061204,0.018878954049815877,127,2000,True,True,True,True,hgb,False,extended_K,hgb|history=False|extended_K
hgb::D_B_P_A,hgb::D_B_M_P_C_A_K,0.01143920775744432,0.0027042785197829056,0.019920716989154295,0.018756459925080723,0.03282773814061265,0.0043966233791707015,0.010932093503501725,127,2000,False,False,False,False,hgb,False,extended_K,hgb|history=False|extended_K
hgb::M_P_A,hgb::D_B_M_P_C_A_K,-0.011975129924779454,-0.028009876757685265,0.003389902596905526,0.0016192523839729661,0.009413400458388876,0.00826462472182882,0.020549781602495713,127,2000,False,False,True,True,hgb,False,extended_K,hgb|history=False|extended_K
hgb::D_M_P_A,hgb::D_B_M_P_C_A_K,0.022976741211682666,0.013063177154816478,0.03337078814922545,0.031173226980807073,0.044365271594851,0.005042677877203507,0.012538491771388997,127,2000,False,False,False,False,hgb,False,extended_K,hgb|history=False|extended_K
hgb::B_M_P_A,hgb::D_B_M_P_C_A_K,-0.011460932913001898,-0.027806719579866957,0.004518706882135074,0.0025731712515176808,0.009927597470166432,0.00840959063816912,0.020910235709108747,127,2000,False,False,True,True,hgb,False,extended_K,hgb|history=False|extended_K
hgb::D_B_M_P_A,hgb::D_B_M_P_C_A_K,0.017024127111723658,0.008458892649214166,0.025754999226978055,0.024282178860231728,0.03841265749489199,0.004299777807282702,0.010691289423649109,127,2000,False,False,False,False,hgb,False,extended_K,hgb|history=False|extended_K
hgb::C_A,hgb::D_B_M_P_C_A_K,-0.020357717157418617,-0.03668179070650791,-0.004302586109237945,-0.00651025478236885,0.0010308132257497125,0.008423734279517587,0.020945403517757984,127,2000,True,True,True,True,hgb,False,extended_K,hgb|history=False|extended_K
hgb::D_C_A,hgb::D_B_M_P_C_A_K,0.010420838088224551,-0.0016629453306981387,0.022135573645999464,0.020378982590725524,0.03180936847139288,0.006104304755464135,0.015178200315441034,127,2000,False,False,False,False,hgb,False,extended_K,hgb|history=False|extended_K
hgb::B_C_A,hgb::D_B_M_P_C_A_K,-0.0296185153533407,-0.04541448917466428,-0.013939055224417731,-0.016003454585771494,-0.008229984970172369,0.00817200138457148,0.020319476002907462,127,2000,True,True,True,True,hgb,False,extended_K,hgb|history=False|extended_K
hgb::D_B_C_A,hgb::D_B_M_P_C_A_K,0.005275451601333302,-0.006033194143052065,0.01651338164386731,0.014712254892978532,0.026663981984501633,0.005719805618439113,0.014222152877334995,127,2000,False,False,False,False,hgb,False,extended_K,hgb|history=False|extended_K
hgb::M_C_A,hgb::D_B_M_P_C_A_K,-0.009743153797442285,-0.026588383468705488,0.006800756177852494,0.004287114555656859,0.011645376585726045,0.008689959712838596,0.021607366364942884,127,2000,False,False,False,True,hgb,False,extended_K,hgb|history=False|extended_K
hgb::D_M_C_A,hgb::D_B_M_P_C_A_K,0.029491399203866817,0.01588883913998356,0.043186259094731304,0.04101314310547993,0.05087992958703515,0.007002272946426253,0.0174109756478189,127,2000,False,False,False,False,hgb,False,extended_K,hgb|history=False|extended_K
hgb::B_M_C_A,hgb::D_B_M_P_C_A_K,-0.021209605467424508,-0.0375253437002996,-0.004933853652813921,-0.007752952229178635,0.0001789249157438215,0.008352963105158488,0.020769432771864296,127,2000,True,True,True,True,hgb,False,extended_K,hgb|history=False|extended_K
hgb::D_B_M_C_A,hgb::D_B_M_P_C_A_K,0.026135924853204692,0.013594179824281988,0.03905687400845005,0.03694166137037047,0.047524455236373025,0.00659011017887341,0.0163861432878546,127,2000,False,False,False,False,hgb,False,extended_K,hgb|history=False|extended_K
hgb::P_C_A,hgb::D_B_M_P_C_A_K,-0.016138531414115965,-0.032410503477831296,-0.0006519332981897703,-0.002532162885727763,0.005249998969052365,0.008247370873178393,0.02050688034157913,127,2000,False,False,True,True,hgb,False,extended_K,hgb|history=False|extended_K
hgb::D_P_C_A,hgb::D_B_M_P_C_A_K,0.016175406386061294,0.00630174783183732,0.02648140377074162,0.02430700268444852,0.037563936769229624,0.005096632349346264,0.012672648209984826,127,2000,False,False,False,False,hgb,False,extended_K,hgb|history=False|extended_K
hgb::B_P_C_A,hgb::D_B_M_P_C_A_K,-0.022468454303817623,-0.03774586300554408,-0.008196255193209804,-0.009848861988525033,-0.001079923920649293,0.007568460821369956,0.018818787565200144,127,2000,True,True,True,True,hgb,False,extended_K,hgb|history=False|extended_K
hgb::D_B_P_C_A,hgb::D_B_M_P_C_A_K,0.008046442891046869,-0.0007770916026770175,0.01649167618653702,0.015076951210641868,0.0294349732742152,0.00429162049793101,0.010671006479016606,127,2000,False,False,False,False,hgb,False,extended_K,hgb|history=False|extended_K
hgb::M_P_C_A,hgb::D_B_M_P_C_A_K,-0.01724525115241364,-0.0338049995254651,-0.0019848994830214506,-0.00369140238426836,0.004143279230754689,0.008284340422462337,0.020598804196478575,127,2000,False,True,True,True,hgb,False,extended_K,hgb|history=False|extended_K
hgb::D_M_P_C_A,hgb::D_B_M_P_C_A_K,0.02510218412552443,0.01511535887118394,0.03528591921294815,0.0334941271276824,0.04649071450869276,0.005110017784751019,0.012705930758615924,127,2000,False,False,False,False,hgb,False,extended_K,hgb|history=False|extended_K
hgb::B_M_P_C_A,hgb::D_B_M_P_C_A_K,-0.01439102966943718,-0.03083911051099137,0.0013251288457964505,-0.0006506255364829745,0.006997500713731149,0.008310065152419206,0.020662768090810107,127,2000,False,False,True,True,hgb,False,extended_K,hgb|history=False|extended_K
hgb::D_B_M_P_C_A,hgb::D_B_M_P_C_A_K,0.0167093646910899,0.007972993025595704,0.025769060902814115,0.023985922653554398,0.03809789507425823,0.004451442857825991,0.011068400759045156,127,2000,False,False,False,False,hgb,False,extended_K,hgb|history=False|extended_K
hgb::K,hgb::D_B_M_P_C_A_K,-0.05278479385340256,-0.07013592309519026,-0.036053382045681565,-0.03731868133526706,-0.031396263470234234,0.008831987215558439,0.021960514179958833,127,2000,True,True,True,True,hgb,False,extended_K,hgb|history=False|extended_K
hgb::D_K,hgb::D_B_M_P_C_A_K,-0.020302747644122442,-0.03187824853380525,-0.008952262479217668,-0.010716193237886347,0.0010857827390458874,0.005799600505606158,0.014420560858274232,127,2000,True,True,True,True,hgb,False,extended_K,hgb|history=False|extended_K
hgb::B_K,hgb::D_B_M_P_C_A_K,-0.052199225181759665,-0.06878678774560594,-0.03626207359817642,-0.03826758005060832,-0.030810694798591335,0.008335196587483357,0.02072525677230602,127,2000,True,True,True,True,hgb,False,extended_K,hgb|history=False|extended_K
hgb::D_B_K,hgb::D_B_M_P_C_A_K,-0.022452785503864186,-0.032716674000806925,-0.012382169341310457,-0.013730004119580294,-0.0010642551206958561,0.005196754588269376,0.012921599640046562,127,2000,True,True,True,True,hgb,False,extended_K,hgb|history=False|extended_K
hgb::M_K,hgb::D_B_M_P_C_A_K,-0.054767912973976596,-0.07223146874730985,-0.03780666933569771,-0.039335908716378,-0.03337938259080826,0.008865171708462882,0.02204302658732498,127,2000,True,True,True,True,hgb,False,extended_K,hgb|history=False|extended_K
hgb::D_M_K,hgb::D_B_M_P_C_A_K,-0.021745644068956328,-0.033402071140526325,-0.010232917388456091,-0.01184025917061856,-0.0003571136857879985,0.005825883033771962,0.014485911703829528,127,2000,True,True,True,True,hgb,False,extended_K,hgb|history=False|extended_K
hgb::B_M_K,hgb::D_B_M_P_C_A_K,-0.05112587138912215,-0.06785199933458311,-0.034790490921729096,-0.03690992843150616,-0.029737341005953818,0.00841208946770379,0.02091644898592744,127,2000,True,True,True,True,hgb,False,extended_K,hgb|history=False|extended_K
hgb::D_B_M_K,hgb::D_B_M_P_C_A_K,-0.02235537780006569,-0.03270728383886666,-0.012296776241177483,-0.013619419999561315,-0.0009668474168973602,0.005206669656366961,0.012946253207611594,127,2000,True,True,True,True,hgb,False,extended_K,hgb|history=False|extended_K
hgb::P_K,hgb::D_B_M_P_C_A_K,-0.03216972166810877,-0.04945806827719011,-0.01544734107154075,-0.0180032760983779,-0.010781191284940438,0.008624454351320037,0.021444488930297427,127,2000,True,True,True,True,hgb,False,extended_K,hgb|history=False|extended_K
hgb::D_P_K,hgb::D_B_M_P_C_A_K,-0.004392823300310565,-0.014938859348092097,0.0065161349548415225,0.004513157102799488,0.016995707082857765,0.005480315475884943,0.01362666665853065,127,2000,False,False,False,True,hgb,False,extended_K,hgb|history=False|extended_K
hgb::B_P_K,hgb::D_B_M_P_C_A_K,-0.03659597462973211,-0.05223814996071974,-0.021424096309996577,-0.02348254353925301,-0.01520744424656378,0.007861177648830861,0.019546620597934137,127,2000,True,True,True,True,hgb,False,extended_K,hgb|history=False|extended_K
hgb::D_B_P_K,hgb::D_B_M_P_C_A_K,-0.008372602287312243,-0.01715273131691638,0.00010702780895580068,-0.001348966944436071,0.013015928095856086,0.004395709630677842,0.010929821490845388,127,2000,False,False,False,True,hgb,False,extended_K,hgb|history=False|extended_K
hgb::M_P_K,hgb::D_B_M_P_C_A_K,-0.037075740637929754,-0.05405718104100486,-0.020600914376126763,-0.022579171215352828,-0.015687210254761424,0.00860568968829551,0.021397831067420728,127,2000,True,True,True,True,hgb,False,extended_K,hgb|history=False|extended_K
hgb::D_M_P_K,hgb::D_B_M_P_C_A_K,-0.006901742983219167,-0.017284339476959495,0.003927589433727724,0.002081688438497465,0.014486787399949162,0.005519539920231082,0.01372419725331536,127,2000,False,False,False,True,hgb,False,extended_K,hgb|history=False|extended_K
hgb::B_M_P_K,hgb::D_B_M_P_C_A_K,-0.03946304815235072,-0.05512515381915294,-0.024329863421278075,-0.02620463491854072,-0.018074517769182393,0.007918551254074188,0.01968927862502932,127,2000,True,True,True,True,hgb,False,extended_K,hgb|history=False|extended_K
hgb::D_B_M_P_K,hgb::D_B_M_P_C_A_K,-0.008163317158617256,-0.017154867769503795,0.0005989659100140056,-0.0007510277183493804,0.013225213224551073,0.004542697476555068,0.011295303074421744,127,2000,False,False,False,True,hgb,False,extended_K,hgb|history=False|extended_K
hgb::C_K,hgb::D_B_M_P_C_A_K,-0.053492257607097665,-0.07094209771572997,-0.03687558323713408,-0.03840350659489014,-0.03210372722392933,0.008780987787820506,0.021833705384987332,127,2000,True,True,True,True,hgb,False,extended_K,hgb|history=False|extended_K
hgb::D_C_K,hgb::D_B_M_P_C_A_K,-0.023710363432114016,-0.03560843681795189,-0.012237823832679197,-0.013820485172713162,-0.0023218330489456866,0.0058719562149861185,0.014600471510662912,127,2000,True,True,True,True,hgb,False,extended_K,hgb|history=False|extended_K
hgb::B_C_K,hgb::D_B_M_P_C_A_K,-0.05292783267261922,-0.06952106428150849,-0.03706657512114395,-0.0388919370915779,-0.031539302289450885,0.008300447617442638,0.020638854331870658,127,2000,True,True,True,True,hgb,False,extended_K,hgb|history=False|extended_K
hgb::D_B_C_K,hgb::D_B_M_P_C_A_K,-0.025993653217242042,-0.03630225351401479,-0.015999266432652648,-0.0175301448312236,-0.0046051228340737126,0.005181998564062362,0.012884909156814532,127,2000,True,True,True,True,hgb,False,extended_K,hgb|history=False|extended_K
hgb::M_C_K,hgb::D_B_M_P_C_A_K,-0.054878031617467835,-0.07240570807780494,-0.038067183592164475,-0.039634141551985955,-0.0334895012342995,0.00881990343025082,0.021930468151571462,127,2000,True,True,True,True,hgb,False,extended_K,hgb|history=False|extended_K
hgb::D_M_C_K,hgb::D_B_M_P_C_A_K,-0.023226499948109502,-0.035256652828824155,-0.011566241493012238,-0.013110743374301884,-0.001837969564941172,0.005903580422351641,0.014679104307261293,127,2000,True,True,True,True,hgb,False,extended_K,hgb|history=False|extended_K
hgb::B_M_C_K,hgb::D_B_M_P_C_A_K,-0.051670172744312085,-0.06825578363820482,-0.035405391904285544,-0.03739505637010512,-0.030281642361143755,0.008394798026377888,0.020873454251768352,127,2000,True,True,True,True,hgb,False,extended_K,hgb|history=False|extended_K
hgb::D_B_M_C_K,hgb::D_B_M_P_C_A_K,-0.024486032892508804,-0.03477359022960435,-0.014644740916757635,-0.01594427135102095,-0.0030975025093404746,0.005145221664145119,0.012793464319722286,127,2000,True,True,True,True,hgb,False,extended_K,hgb|history=False|extended_K
hgb::P_C_K,hgb::D_B_M_P_C_A_K,-0.03235340852500144,-0.04971148470037294,-0.0156698227163355,-0.018229934831343816,-0.010964878141833109,0.008625625907376063,0.02144740197497843,127,2000,True,True,True,True,hgb,False,extended_K,hgb|history=False|extended_K
hgb::D_P_C_K,hgb::D_B_M_P_C_A_K,-0.006213877280312398,-0.01623519103721804,0.004358259505370517,0.0023181355128645952,0.015174653102855932,0.005313587663515444,0.013212102144523662,127,2000,False,False,False,True,hgb,False,extended_K,hgb|history=False|extended_K
hgb::B_P_C_K,hgb::D_B_M_P_C_A_K,-0.03659597462973211,-0.05223814996071974,-0.021424096309996577,-0.02348254353925301,-0.01520744424656378,0.007861177648830861,0.019546620597934137,127,2000,True,True,True,True,hgb,False,extended_K,hgb|history=False|extended_K
hgb::D_B_P_C_K,hgb::D_B_M_P_C_A_K,-0.011549311793260688,-0.02036579119995532,-0.0027948376379386872,-0.00429085845475598,0.009839218589907642,0.0043854484813890615,0.010904307401098748,127,2000,False,False,True,True,hgb,False,extended_K,hgb|history=False|extended_K
hgb::M_P_C_K,hgb::D_B_M_P_C_A_K,-0.03749564004699293,-0.05446392067862427,-0.021060943371120366,-0.022896538982237574,-0.016107109663824597,0.008599809008297129,0.021383208904441963,127,2000,True,True,True,True,hgb,False,extended_K,hgb|history=False|extended_K
hgb::D_M_P_C_K,hgb::D_B_M_P_C_A_K,-0.008483197121689651,-0.019003323208202368,0.0024971913101154973,0.0003135639981058265,0.012905333261478679,0.005511798206754152,0.013704947677377592,127,2000,False,False,False,True,hgb,False,extended_K,hgb|history=False|extended_K
hgb::B_M_P_C_K,hgb::D_B_M_P_C_A_K,-0.03946304815235072,-0.05512515381915294,-0.024329863421278075,-0.02620463491854072,-0.018074517769182393,0.007918551254074188,0.01968927862502932,127,2000,True,True,True,True,hgb,False,extended_K,hgb|history=False|extended_K
hgb::D_B_M_P_C_K,hgb::D_B_M_P_C_A_K,-0.013168305293540027,-0.021971124303679472,-0.004583406397260474,-0.005812882577981842,0.008220225089628302,0.004333792703474536,0.010775866607913449,127,2000,False,False,True,True,hgb,False,extended_K,hgb|history=False|extended_K
hgb::A_K,hgb::D_B_M_P_C_A_K,-0.04082309237296635,-0.05585905117698991,-0.026519636699922917,-0.028178848175957304,-0.01943456198979802,0.007648956882409175,0.0190189389973454,127,2000,True,True,True,True,hgb,False,extended_K,hgb|history=False|extended_K
hgb::D_A_K,hgb::D_B_M_P_C_A_K,-0.007007489137306035,-0.01675830355892028,0.002840976808792979,0.001390519284858895,0.014381041245862295,0.005093420833309052,0.01266466285609413,127,2000,False,False,False,True,hgb,False,extended_K,hgb|history=False|extended_K
hgb::B_A_K,hgb::D_B_M_P_C_A_K,-0.04469963714784796,-0.05854431146500262,-0.030957823650232613,-0.032926351896658435,-0.023311106764679634,0.007203028909933168,0.017910150304179195,127,2000,True,True,True,True,hgb,False,extended_K,hgb|history=False|extended_K
hgb::D_B_A_K,hgb::D_B_M_P_C_A_K,-0.012636631639622845,-0.020999555245043065,-0.004043752958188001,-0.005671367876763585,0.008751898743545485,0.004319621081519629,0.010740629226189718,127,2000,False,False,True,True,hgb,False,extended_K,hgb|history=False|extended_K
hgb::M_A_K,hgb::D_B_M_P_C_A_K,-0.042093417002548233,-0.05697884814263167,-0.027821810640353276,-0.02944646222695617,-0.020704886619379904,0.00762799210074681,0.018966810594785544,127,2000,True,True,True,True,hgb,False,extended_K,hgb|history=False|extended_K
hgb::D_M_A_K,hgb::D_B_M_P_C_A_K,0.007308818651563228,-0.0026102374220344665,0.017963111125292173,0.01591611247845254,0.02869734903473156,0.005371127742847306,0.013355174105254917,127,2000,False,False,False,False,hgb,False,extended_K,hgb|history=False|extended_K
hgb::B_M_A_K,hgb::D_B_M_P_C_A_K,-0.04483433821455164,-0.05889765323440177,-0.03107501245985673,-0.033018668912115856,-0.023445807831383312,0.007244461918551746,0.01801317243850518,127,2000,True,True,True,True,hgb,False,extended_K,hgb|history=False|extended_K
hgb::D_B_M_A_K,hgb::D_B_M_P_C_A_K,-0.00019299997033254406,-0.008398038494748891,0.00904633282500717,0.006987412873675665,0.021195530412835787,0.004530657974349524,0.011265367154854431,127,2000,False,False,False,False,hgb,False,extended_K,hgb|history=False|extended_K
hgb::P_A_K,hgb::D_B_M_P_C_A_K,-0.030810866320033055,-0.04565424679926285,-0.01640816598445193,-0.017930169212305905,-0.009422335936864725,0.007359176518510553,0.018298407407437867,127,2000,True,True,True,True,hgb,False,extended_K,hgb|history=False|extended_K
hgb::D_P_A_K,hgb::D_B_M_P_C_A_K,0.001156526704497923,-0.006132686333637901,0.008451245365282928,0.007213285471893958,0.022545057087666253,0.003725329711665269,0.009262938675220251,127,2000,False,False,False,False,hgb,False,extended_K,hgb|history=False|extended_K
hgb::B_P_A_K,hgb::D_B_M_P_C_A_K,-0.037618504060337496,-0.05109718654172977,-0.024781942283085685,-0.02622501341160787,-0.016229973677169166,0.006803645237742802,0.016917092843573938,127,2000,True,True,True,True,hgb,False,extended_K,hgb|history=False|extended_K
hgb::D_B_P_A_K,hgb::D_B_M_P_C_A_K,-0.006544020644762123,-0.01087429773909262,-0.002335799476875895,-0.002817651794091442,0.014844509738406206,0.0021981911295583588,0.005465746982274563,127,2000,False,False,False,True,hgb,False,extended_K,hgb|history=False|extended_K
hgb::M_P_A_K,hgb::D_B_M_P_C_A_K,-0.031037536694346224,-0.04547369723663272,-0.016847872765148778,-0.018650065397707756,-0.009649006311177894,0.00722001244420981,0.01795237943520092,127,2000,True,True,True,True,hgb,False,extended_K,hgb|history=False|extended_K
hgb::D_M_P_A_K,hgb::D_B_M_P_C_A_K,0.011185911680676763,0.005046246946609335,0.017549097911890323,0.01660595964289827,0.03257444206384509,0.0032513298521135822,0.008084349940552894,127,2000,False,False,False,False,hgb,False,extended_K,hgb|history=False|extended_K
hgb::B_M_P_A_K,hgb::D_B_M_P_C_A_K,-0.016206946810506252,-0.030237155350985558,-0.0025446702426239554,-0.004012409727366165,0.0051815835726620775,0.007153174965575098,0.017786189724834874,127,2000,False,False,True,True,hgb,False,extended_K,hgb|history=False|extended_K
hgb::D_B_M_P_A_K,hgb::D_B_M_P_C_A_K,-0.00024483893803968937,-0.002711324508767,0.002188172952727002,0.0017846248906758669,0.02114369144512864,0.0012577859275961097,0.003127453088889073,127,2000,False,False,False,False,hgb,False,extended_K,hgb|history=False|extended_K
hgb::C_A_K,hgb::D_B_M_P_C_A_K,-0.041973486546425555,-0.05713710427374638,-0.027732875517373884,-0.02903316836357786,-0.020584956163257225,0.007640958197602836,0.018999050468657176,127,2000,True,True,True,True,hgb,False,extended_K,hgb|history=False|extended_K
hgb::D_C_A_K,hgb::D_B_M_P_C_A_K,-0.007804148587803135,-0.017984022836999413,0.0023335508946633323,0.0007616900385030573,0.013584381795365195,0.005195310277540909,0.012918008397729443,127,2000,False,False,False,True,hgb,False,extended_K,hgb|history=False|extended_K
hgb::B_C_A_K,hgb::D_B_M_P_C_A_K,-0.04639567389920895,-0.060375223126231184,-0.03277415442291596,-0.03462499997252715,-0.02500714351604062,0.007196384563132308,0.017893629302894253,127,2000,True,True,True,True,hgb,False,extended_K,hgb|history=False|extended_K
hgb::D_B_C_A_K,hgb::D_B_M_P_C_A_K,-0.01639899186978487,-0.02479162149621266,-0.007581137215655197,-0.009432435577946253,0.004989538513383459,0.004348779343968783,0.010813130512746112,127,2000,False,True,True,True,hgb,False,extended_K,hgb|history=False|extended_K
hgb::M_C_A_K,hgb::D_B_M_P_C_A_K,-0.04077108801509249,-0.055606610695355344,-0.02666037906626141,-0.02818349197259358,-0.019382557631924157,0.007553090033043575,0.018780568486440156,127,2000,True,True,True,True,hgb,False,extended_K,hgb|history=False|extended_K
hgb::D_M_C_A_K,hgb::D_B_M_P_C_A_K,0.006607705286032861,-0.0036756416444329873,0.017161039476625964,0.015272432366081732,0.02799623566920119,0.005372243163239374,0.01335794757001871,127,2000,False,False,False,False,hgb,False,extended_K,hgb|history=False|extended_K
hgb::B_M_C_A_K,hgb::D_B_M_P_C_A_K,-0.04567124246192954,-0.059764017993706835,-0.03205261937270347,-0.03384261986406456,-0.024282712078761207,0.007241568181104947,0.018005977233090758,127,2000,True,True,True,True,hgb,False,extended_K,hgb|history=False|extended_K
hgb::D_B_M_C_A_K,hgb::D_B_M_P_C_A_K,-0.0006653876676937544,-0.008891377663741297,0.008997206828738896,0.006471798560012013,0.020723142715474575,0.004592714052376262,0.011419668032810654,127,2000,False,False,False,False,hgb,False,extended_K,hgb|history=False|extended_K
hgb::P_C_A_K,hgb::D_B_M_P_C_A_K,-0.03083124474725912,-0.04568413955360368,-0.01636940961452811,-0.017962813840663415,-0.00944271436409079,0.007348056850927261,0.018270758633534622,127,2000,True,True,True,True,hgb,False,extended_K,hgb|history=False|extended_K
hgb::D_P_C_A_K,hgb::D_B_M_P_C_A_K,0.0013310111427150793,-0.005849975922006015,0.008445992472446404,0.0073336778267630055,0.02271954152588341,0.0036088714770073525,0.008973368202442293,127,2000,False,False,False,False,hgb,False,extended_K,hgb|history=False|extended_K
hgb::B_P_C_A_K,hgb::D_B_M_P_C_A_K,-0.037618504060337496,-0.05109718654172977,-0.024781942283085685,-0.02622501341160787,-0.016229973677169166,0.006803645237742802,0.016917092843573938,127,2000,True,True,True,True,hgb,False,extended_K,hgb|history=False|extended_K
hgb::D_B_P_C_A_K,hgb::D_B_M_P_C_A_K,-0.009087469410510854,-0.012955865470406332,-0.005249256593861,-0.005730082111204462,0.012301060972657476,0.0020011414565276973,0.004975787924009273,127,2000,False,False,False,True,hgb,False,extended_K,hgb|history=False|extended_K
hgb::M_P_C_A_K,hgb::D_B_M_P_C_A_K,-0.031037536694346224,-0.04547369723663272,-0.016847872765148778,-0.018650065397707756,-0.009649006311177894,0.00722001244420981,0.01795237943520092,127,2000,True,True,True,True,hgb,False,extended_K,hgb|history=False|extended_K
hgb::D_M_P_C_A_K,hgb::D_B_M_P_C_A_K,0.00999627634821952,0.004038166725106539,0.01625536942271341,0.015002628831544847,0.03138480673138785,0.003118576587792513,0.0077542622861660054,127,2000,False,False,False,False,hgb,False,extended_K,hgb|history=False|extended_K
hgb::B_M_P_C_A_K,hgb::D_B_M_P_C_A_K,-0.017759808507763777,-0.031482588209970304,-0.004247640139384592,-0.005717328171749154,0.0036287218754045523,0.007048090491276965,0.017524899821261146,127,2000,False,True,True,True,hgb,False,extended_K,hgb|history=False|extended_K
hgb::NONE,hgb::D_B_M_P_C_A,-0.04387111842345158,-0.06475530948760175,-0.02406879002867878,-0.026033014956836485,-0.02237130092027618,0.010316249961447501,0.02565109618402488,63,2000,True,True,True,True,hgb,False,original_noK,hgb|history=False|original_noK
hgb::D,hgb::D_B_M_P_C_A,-0.013994297308255197,-0.02680540522240362,-0.0013117212900690893,-0.003178406188038937,0.007505520194920205,0.006561703315613268,0.016315510336491902,63,2000,False,False,True,True,hgb,False,original_noK,hgb|history=False|original_noK
hgb::B,hgb::D_B_M_P_C_A,-0.04761827571226139,-0.06636271915539725,-0.028987643903427205,-0.031145452783945243,-0.02611845820908599,0.009556487304411549,0.023761965437339775,63,2000,True,True,True,True,hgb,False,original_noK,hgb|history=False|original_noK
hgb::D_B,hgb::D_B_M_P_C_A,-0.01592869379151191,-0.02684619404944398,-0.004877122640932544,-0.006523026224859582,0.005571123711663493,0.005692841911954046,0.014155108299013317,63,2000,False,False,True,True,hgb,False,original_noK,hgb|history=False|original_noK
hgb::M,hgb::D_B_M_P_C_A,-0.05075283711368676,-0.07149751754330234,-0.031331982675728155,-0.03294874904226091,-0.029253019610511362,0.010265269194511586,0.025524333788668474,63,2000,True,True,True,True,hgb,False,original_noK,hgb|history=False|original_noK
hgb::D_M,hgb::D_B_M_P_C_A,-0.019407899864343093,-0.032062793606536466,-0.006764699707060649,-0.008718152585322428,0.0020919176388323087,0.006546013613540755,0.016276498286719482,63,2000,True,True,True,True,hgb,False,original_noK,hgb|history=False|original_noK
hgb::B_M,hgb::D_B_M_P_C_A,-0.04934972191077009,-0.0683063731022265,-0.031090081599446734,-0.033159981187626024,-0.02784990440759469,0.00962151461024516,0.023923654198542678,63,2000,True,True,True,True,hgb,False,original_noK,hgb|history=False|original_noK
hgb::D_B_M,hgb::D_B_M_P_C_A,-0.016247223319862676,-0.027227133478798536,-0.005088918662199212,-0.006944366970983136,0.005252594183312725,0.005609436939122144,0.013947723930824074,63,2000,False,False,True,True,hgb,False,original_noK,hgb|history=False|original_noK
hgb::P,hgb::D_B_M_P_C_A,-0.032994043019626315,-0.05318165119969813,-0.01325245124920425,-0.015697497335465414,-0.011494225516450914,0.010141916350143259,0.025217620042172453,63,2000,True,True,True,True,hgb,False,original_noK,hgb|history=False|original_noK
hgb::D_P,hgb::D_B_M_P_C_A,-0.007267363371117433,-0.019838687089386905,0.004864382027489318,0.0030812163812066794,0.014232454132057967,0.006298268432940653,0.015660486123341255,63,2000,False,False,False,True,hgb,False,original_noK,hgb|history=False|original_noK
hgb::B_P,hgb::D_B_M_P_C_A,-0.03614000365546159,-0.05456364801378219,-0.018776400116937753,-0.020912879507915406,-0.01464018615228619,0.009027915485814695,0.02244768489841704,63,2000,True,True,True,True,hgb,False,original_noK,hgb|history=False|original_noK
hgb::D_B_P,hgb::D_B_M_P_C_A,-0.010214076001329586,-0.019743908405346774,-0.0007261679340773323,-0.002057990265911174,0.011285741501845815,0.0048715299050725224,0.012112936641255578,63,2000,False,False,False,True,hgb,False,original_noK,hgb|history=False|original_noK
hgb::M_P,hgb::D_B_M_P_C_A,-0.04236736516486947,-0.06268598624978365,-0.022420073118570878,-0.02492063922500856,-0.020867547661694068,0.010211951064662031,0.025391759599187384,63,2000,True,True,True,True,hgb,False,original_noK,hgb|history=False|original_noK
hgb::D_M_P,hgb::D_B_M_P_C_A,-0.01247938751564042,-0.02498812735479505,-0.00023634060088326787,-0.0017744909665612166,0.00902042998753498,0.00638576992530446,0.015878056384362228,63,2000,False,False,True,True,hgb,False,original_noK,hgb|history=False|original_noK
hgb::B_M_P,hgb::D_B_M_P_C_A,-0.03302207108110384,-0.05198345394607817,-0.014811532937208204,-0.016957253001140996,-0.011522253577928437,0.009492165721020308,0.02360203143724833,63,2000,True,True,True,True,hgb,False,original_noK,hgb|history=False|original_noK
hgb::D_B_M_P,hgb::D_B_M_P_C_A,-0.01251339502867683,-0.021637906457417817,-0.0034797657597303716,-0.004726667281980055,0.008986422474498571,0.004682648627632156,0.011643288093276373,63,2000,False,False,True,True,hgb,False,original_noK,hgb|history=False|original_noK
hgb::C,hgb::D_B_M_P_C_A,-0.044632272412642046,-0.06541927556430327,-0.02529050902911336,-0.027015435247538515,-0.023132454909466645,0.01019653907191907,0.025353438066681427,63,2000,True,True,True,True,hgb,False,original_noK,hgb|history=False|original_noK
hgb::D_C,hgb::D_B_M_P_C_A,-0.020490503766109194,-0.03325583541343277,-0.00754382479183621,-0.00928920025409633,0.001009313737066208,0.006727830362972737,0.016728581063404368,63,2000,True,True,True,True,hgb,False,original_noK,hgb|history=False|original_noK
hgb::B_C,hgb::D_B_M_P_C_A,-0.049356988301130444,-0.06801755493827573,-0.030922553201216448,-0.03299132806915046,-0.027857170797955043,0.009500016030660608,0.02362155103481627,63,2000,True,True,True,True,hgb,False,original_noK,hgb|history=False|original_noK
hgb::D_B_C,hgb::D_B_M_P_C_A,-0.019751248514108952,-0.030644502521132655,-0.00884528243260171,-0.010493336465121997,0.0017485689890664492,0.005662510793592214,0.014079690735715031,63,2000,True,True,True,True,hgb,False,original_noK,hgb|history=False|original_noK
hgb::M_C,hgb::D_B_M_P_C_A,-0.04945396848863334,-0.07043567364423255,-0.03001621909365663,-0.03162937930188732,-0.02795415098545794,0.010339957090072526,0.025710043363366224,63,2000,True,True,True,True,hgb,False,original_noK,hgb|history=False|original_noK
hgb::D_M_C,hgb::D_B_M_P_C_A,-0.023585895964041467,-0.03664167412736762,-0.010408877489125772,-0.012442673483350451,-0.0020860784608660657,0.006667122125011312,0.01657763155588655,63,2000,True,True,True,True,hgb,False,original_noK,hgb|history=False|original_noK
hgb::B_M_C,hgb::D_B_M_P_C_A,-0.05026385828611906,-0.06912632702912642,-0.03242538652885183,-0.034202468986854064,-0.02876404078294366,0.009606900136745183,0.023887315677585185,63,2000,True,True,True,True,hgb,False,original_noK,hgb|history=False|original_noK
hgb::D_B_M_C,hgb::D_B_M_P_C_A,-0.019961628740738254,-0.030826987597602624,-0.008946307810765114,-0.010732526581285666,0.0015381887624371475,0.005556860345853188,0.0138169935534088,63,2000,True,True,True,True,hgb,False,original_noK,hgb|history=False|original_noK
hgb::P_C,hgb::D_B_M_P_C_A,-0.03560206477914465,-0.05533904737821652,-0.016059691111346266,-0.018397744124984464,-0.014102247275969246,0.010079543518627927,0.025062531564629856,63,2000,True,True,True,True,hgb,False,original_noK,hgb|history=False|original_noK
hgb::D_P_C,hgb::D_B_M_P_C_A,-0.010075969343318517,-0.022512073337343327,0.001619844532919361,6.973247290037107e-05,0.011423848159856885,0.006184964419093005,0.015378758541312572,63,2000,False,False,False,True,hgb,False,original_noK,hgb|history=False|original_noK
hgb::B_P_C,hgb::D_B_M_P_C_A,-0.03681847415373947,-0.05514429527750802,-0.019500055353040682,-0.021698947374563085,-0.015318656650564068,0.00901214561827819,0.02240847351923372,63,2000,True,True,True,True,hgb,False,original_noK,hgb|history=False|original_noK
hgb::D_B_P_C,hgb::D_B_M_P_C_A,-0.013821307829499429,-0.023008426502326203,-0.004958182385467625,-0.006072559677595884,0.007678509673675973,0.004689441655064792,0.011660178785214477,63,2000,False,False,True,True,hgb,False,original_noK,hgb|history=False|original_noK
hgb::M_P_C,hgb::D_B_M_P_C_A,-0.04420653566429894,-0.06428768574172142,-0.024552190186004547,-0.027335500351916172,-0.02270671816112354,0.010117468474554974,0.025156831014128956,63,2000,True,True,True,True,hgb,False,original_noK,hgb|history=False|original_noK
hgb::D_M_P_C,hgb::D_B_M_P_C_A,-0.017324500777483775,-0.029879518899806404,-0.005160938408401197,-0.006877922887602535,0.004175316725691627,0.006386806961577316,0.015880634948984135,63,2000,False,True,True,True,hgb,False,original_noK,hgb|history=False|original_noK
hgb::B_M_P_C,hgb::D_B_M_P_C_A,-0.034497685808501766,-0.052967749788443534,-0.01685768378311364,-0.01864876113743323,-0.012997868305326364,0.009369722471276692,0.02329757937491992,63,2000,True,True,True,True,hgb,False,original_noK,hgb|history=False|original_noK
hgb::D_B_M_P_C,hgb::D_B_M_P_C_A,-0.015978743522263816,-0.024848267937342818,-0.007198244697525285,-0.008327048135240517,0.005521073980911586,0.004546903238534111,0.011305760595851982,63,2000,False,False,True,True,hgb,False,original_noK,hgb|history=False|original_noK
hgb::A,hgb::D_B_M_P_C_A,-0.0322245788225989,-0.04974501159373413,-0.01581039041454078,-0.01726008316577161,-0.0107247613194235,0.008704164770000754,0.0216426868824689,63,2000,True,True,True,True,hgb,False,original_noK,hgb|history=False|original_noK
hgb::D_A,hgb::D_B_M_P_C_A,0.0027365781903857887,-0.008105280888338008,0.013626857626654481,0.012003577296815164,0.02423639569356119,0.005492117005264643,0.013656010864649014,63,2000,False,False,False,False,hgb,False,original_noK,hgb|history=False|original_noK
hgb::B_A,hgb::D_B_M_P_C_A,-0.04208784629916062,-0.058448204282203584,-0.02604499225734609,-0.028203969026462567,-0.020588028795985217,0.008389595459484344,0.02086051819997736,63,2000,True,True,True,True,hgb,False,original_noK,hgb|history=False|original_noK
hgb::D_B_A,hgb::D_B_M_P_C_A,-0.005592144347953275,-0.014311052474781951,0.003374553433558113,0.0016907018696356536,0.015907673155222127,0.004532880398988112,0.01127089315784769,63,2000,False,False,False,True,hgb,False,original_noK,hgb|history=False|original_noK
hgb::M_A,hgb::D_B_M_P_C_A,-0.00799730282283722,-0.0265374931117142,0.010756138685579557,0.007616080017036411,0.013502514680338182,0.009584144431965104,0.023830734189716003,63,2000,False,False,False,True,hgb,False,original_noK,hgb|history=False|original_noK
hgb::D_M_A,hgb::D_B_M_P_C_A,0.017680464785526144,0.006471719466114175,0.02939911798894918,0.027007737000559584,0.039180282288701546,0.005832449177591397,0.014502238255367141,63,2000,False,False,False,False,hgb,False,original_noK,hgb|history=False|original_noK
hgb::B_M_A,hgb::D_B_M_P_C_A,-0.02680852883320978,-0.043357447167024055,-0.010797350547931232,-0.012951761330122592,-0.005308711330034379,0.0083991066689029,0.02088416758308978,63,2000,True,True,True,True,hgb,False,original_noK,hgb|history=False|original_noK
hgb::D_B_M_A,hgb::D_B_M_P_C_A,0.010540252690814931,0.0014674003700739918,0.020062511229982642,0.01824020745224552,0.032040070193990335,0.0047652235838991286,0.011848608646143101,63,2000,False,False,False,False,hgb,False,original_noK,hgb|history=False|original_noK
hgb::P_A,hgb::D_B_M_P_C_A,-0.030039597142282132,-0.047604123637444914,-0.012801050577905506,-0.015367686893999845,-0.00853977963910673,0.008836224528457863,0.021971050151959427,63,2000,True,True,True,True,hgb,False,original_noK,hgb|history=False|original_noK
hgb::D_P_A,hgb::D_B_M_P_C_A,0.002703485224255995,-0.006286360680693562,0.011575017703602442,0.010491740835183592,0.024203302727431396,0.0046291147549750436,0.01151017746472795,63,2000,False,False,False,False,hgb,False,original_noK,hgb|history=False|original_noK
hgb::B_P_A,hgb::D_B_M_P_C_A,-0.03880316112963483,-0.05477106187695738,-0.02375838660521475,-0.02563631905304602,-0.017303343626459432,0.007884138168011572,0.019603711351661564,63,2000,True,True,True,True,hgb,False,original_noK,hgb|history=False|original_noK
hgb::D_B_P_A,hgb::D_B_M_P_C_A,-0.005270156933645558,-0.011013948869907957,0.00013678337309763346,-0.0005569346135567898,0.016229660569529843,0.0028501604099809754,0.007086852207879573,63,2000,False,False,False,True,hgb,False,original_noK,hgb|history=False|original_noK
hgb::M_P_A,hgb::D_B_M_P_C_A,-0.028684494615869315,-0.04566960857996897,-0.01271699315225682,-0.014719654516023398,-0.007184677112693914,0.00834393249759728,0.02074697839318809,63,2000,True,True,True,True,hgb,False,original_noK,hgb|history=False|original_noK
hgb::D_M_P_A,hgb::D_B_M_P_C_A,0.0062673765205928135,-0.0012766253442028541,0.014304292297321075,0.012602551967582986,0.027767194023768215,0.003941942550541182,0.009801541053552028,63,2000,False,False,False,False,hgb,False,original_noK,hgb|history=False|original_noK
hgb::B_M_P_A,hgb::D_B_M_P_C_A,-0.02817029760409172,-0.04407980817772057,-0.01270416752710802,-0.014388231113874947,-0.00667048010091632,0.008226306792784915,0.020454505035220682,63,2000,True,True,True,True,hgb,False,original_noK,hgb|history=False|original_noK
hgb::D_B_M_P_A,hgb::D_B_M_P_C_A,0.0003147624206337933,-0.0018670729168583752,0.0026641098466915797,0.002188575389958994,0.021814579923809196,0.0011816348260486192,0.002938105289289998,63,2000,False,False,False,False,hgb,False,original_noK,hgb|history=False|original_noK
hgb::C_A,hgb::D_B_M_P_C_A,-0.03706708184850845,-0.05487018961917766,-0.01993752640705361,-0.022130052528745166,-0.015567264345333051,0.008819640079095786,0.02192981333554498,63,2000,True,True,True,True,hgb,False,original_noK,hgb|history=False|original_noK
hgb::D_C_A,hgb::D_B_M_P_C_A,-0.006288526602865324,-0.01754873342076426,0.004834314598863443,0.0030541117764575606,0.015211290900310079,0.005613705036206558,0.013958336446926746,63,2000,False,False,False,True,hgb,False,original_noK,hgb|history=False|original_noK
hgb::B_C_A,hgb::D_B_M_P_C_A,-0.04632788004443062,-0.06270641921557907,-0.030198706925893826,-0.03236300306062321,-0.02482806254125522,0.008310972027856547,0.02066502301378668,63,2000,True,True,True,True,hgb,False,original_noK,hgb|history=False|original_noK
hgb::D_B_C_A,hgb::D_B_M_P_C_A,-0.01143391308975658,-0.020208192007565073,-0.0023454404498643557,-0.003991099001173643,0.010065904413418822,0.004577392432992577,0.0113815712113906,63,2000,False,False,False,True,hgb,False,original_noK,hgb|history=False|original_noK
hgb::M_C_A,hgb::D_B_M_P_C_A,-0.02645251848853216,-0.04334192716118109,-0.009843663826312108,-0.012147663384902998,-0.004952700985356759,0.00872032927300475,0.021682879512821208,63,2000,True,True,True,True,hgb,False,original_noK,hgb|history=False|original_noK
hgb::D_M_C_A,hgb::D_B_M_P_C_A,0.012782034512776989,0.00176642430108759,0.024423067430747892,0.02224349398762275,0.034281852015952394,0.005843498359019065,0.014529711767216411,63,2000,False,False,False,False,hgb,False,original_noK,hgb|history=False|original_noK
hgb::B_M_C_A,hgb::D_B_M_P_C_A,-0.03791897015851439,-0.05407381192232626,-0.02248409641957836,-0.024430563344856646,-0.01641915265533899,0.008195370828974284,0.020377583538919455,63,2000,True,True,True,True,hgb,False,original_noK,hgb|history=False|original_noK
hgb::D_B_M_C_A,hgb::D_B_M_P_C_A,0.009426560162114909,0.0004941636763589654,0.018966517323794656,0.017150083972915647,0.03092637766529031,0.004683416977573841,0.011645198576090457,63,2000,False,False,False,False,hgb,False,original_noK,hgb|history=False|original_noK
hgb::P_C_A,hgb::D_B_M_P_C_A,-0.03284789610520581,-0.050321646541025736,-0.015870331667215253,-0.018217524606139537,-0.01134807860203041,0.008815657689091823,0.021919911222915322,63,2000,True,True,True,True,hgb,False,original_noK,hgb|history=False|original_noK
hgb::D_P_C_A,hgb::D_B_M_P_C_A,-0.0005339583050285654,-0.009447817375876926,0.008170435667681988,0.006919231976672476,0.020965859198146836,0.004534071297960028,0.011273854298202783,63,2000,False,False,False,False,hgb,False,original_noK,hgb|history=False|original_noK
hgb::B_P_C_A,hgb::D_B_M_P_C_A,-0.03917781899490742,-0.055384397864385496,-0.02435504551466091,-0.0257905892949487,-0.017678001491732015,0.007878665885813802,0.019590104659547115,63,2000,True,True,True,True,hgb,False,original_noK,hgb|history=False|original_noK
hgb::D_B_P_C_A,hgb::D_B_M_P_C_A,-0.008662921800043013,-0.014146163052215114,-0.0035022774973884575,-0.004123102061150669,0.012836895703132388,0.0026779392956592708,0.0066586287366671585,63,2000,False,False,False,True,hgb,False,original_noK,hgb|history=False|original_noK
hgb::M_P_C_A,hgb::D_B_M_P_C_A,-0.033954615843503545,-0.050980958485737984,-0.017856184785674713,-0.019717114187830044,-0.012454798340328144,0.008426246530243781,0.020951650166032,63,2000,True,True,True,True,hgb,False,original_noK,hgb|history=False|original_noK
hgb::D_M_P_C_A,hgb::D_B_M_P_C_A,0.008392819434434564,0.0011573946687516742,0.015704017289493322,0.014465844466808328,0.029892636937609966,0.0037508902101127794,0.009326494212032459,63,2000,False,False,False,False,hgb,False,original_noK,hgb|history=False|original_noK
hgb::B_M_P_C_A,hgb::D_B_M_P_C_A,-0.031100394360527046,-0.047377314893798025,-0.01572278679950637,-0.017628522701864727,-0.009600576857351644,0.00814165883317586,0.020244030011658084,63,2000,True,True,True,True,hgb,False,original_noK,hgb|history=False|original_noK
