algorithm,has_history,domain,model,subset,collection_items,log_loss,full_model,benchmark,delta_loss_vs_full,upper95_vs_full_joint,delta_loss_vs_benchmark,upper95_vs_benchmark_joint,joint_family_contrasts,simultaneous_noninferior_full_margin_01,simultaneous_superior_benchmark,exploratory_dual_criterion_pass,status,model_variants_passing_same_subset,learner_families_passing_same_subset
hgb,False,extended_K,hgb::NONE,NONE,0,0.6856435498450167,hgb::D_B_M_P_C_A_K,prevalence,-0.0271617537323616,-0.0028316963667011,0.0,0.0243300573656605,255,True,False,False,post-evaluation hypothesis-generating; independent future validation required,0,0
hgb,False,extended_K,hgb::M,M,1,0.6787618311547813,hgb::D_B_M_P_C_A_K,prevalence,-0.034043472422597,-0.0097134150569365,-0.0068817186902353,0.0174483386754252,255,True,False,False,post-evaluation hypothesis-generating; independent future validation required,0,0
hgb,False,extended_K,hgb::B,B,1,0.6818963925562068,hgb::D_B_M_P_C_A_K,prevalence,-0.0309089110211715,-0.006578853655511,-0.0037471572888099,0.0205829000768505,255,True,False,False,post-evaluation hypothesis-generating; independent future validation required,0,0
hgb,False,extended_K,hgb::C,C,1,0.6848823958558261,hgb::D_B_M_P_C_A_K,prevalence,-0.0279229077215521,-0.0035928503558915,-0.0007611539891904,0.02356890337647,255,True,False,False,post-evaluation hypothesis-generating; independent future validation required,0,0
hgb,False,extended_K,hgb::A,A,1,0.6972900894458692,hgb::D_B_M_P_C_A_K,prevalence,-0.015515214131509,0.0088148432341514,0.0116465396008523,0.0359765969665129,255,True,False,False,post-evaluation hypothesis-generating; independent future validation required,0,0
hgb,False,extended_K,hgb::M_C,M_C,2,0.6800606997798349,hgb::D_B_M_P_C_A_K,prevalence,-0.0327446037975434,-0.0084145464318829,-0.0055828500651818,0.0187472073004786,255,True,False,False,post-evaluation hypothesis-generating; independent future validation required,0,0
hgb,False,extended_K,hgb::B_C,B_C,2,0.6801576799673378,hgb::D_B_M_P_C_A_K,prevalence,-0.0326476236100406,-0.00831756624438,-0.0054858698776788,0.0188441874879816,255,True,False,False,post-evaluation hypothesis-generating; independent future validation required,0,0
hgb,False,extended_K,hgb::B_M,B_M,2,0.6801649463576981,hgb::D_B_M_P_C_A_K,prevalence,-0.0326403572196802,-0.0083102998540196,-0.0054786034873185,0.0188514538783419,255,True,False,False,post-evaluation hypothesis-generating; independent future validation required,0,0
hgb,False,extended_K,hgb::B_A,B_A,2,0.6874268219693076,hgb::D_B_M_P_C_A_K,prevalence,-0.0253784816080707,-0.0010484242424101,0.001783272124291,0.0261133294899515,255,True,False,False,post-evaluation hypothesis-generating; independent future validation required,0,0
hgb,False,extended_K,hgb::C_A,C_A,2,0.6924475864199597,hgb::D_B_M_P_C_A_K,prevalence,-0.0203577171574186,0.0039723402082419,0.006804036574943,0.0311340939406035,255,True,False,False,post-evaluation hypothesis-generating; independent future validation required,0,0
hgb,False,extended_K,hgb::M_A,M_A,2,0.7215173654456308,hgb::D_B_M_P_C_A_K,prevalence,0.0087120618682526,0.0330421192339131,0.0358738156006144,0.060203872966275,255,False,False,False,post-evaluation hypothesis-generating; independent future validation required,0,0
hgb,False,extended_K,hgb::B_M_C,B_M_C,3,0.6792508099823492,hgb::D_B_M_P_C_A_K,prevalence,-0.0335544935950291,-0.0092244362293686,-0.0063927398626674,0.017937317502993,255,True,False,False,post-evaluation hypothesis-generating; independent future validation required,0,0
hgb,False,extended_K,hgb::B_C_A,B_C_A,3,0.6831867882240374,hgb::D_B_M_P_C_A_K,prevalence,-0.0296185153533407,-0.0052884579876801,-0.002456761620979,0.0218732957446815,255,True,False,False,post-evaluation hypothesis-generating; independent future validation required,0,0
hgb,False,extended_K,hgb::B_M_A,B_M_A,3,0.7027061394352583,hgb::D_B_M_P_C_A_K,prevalence,-0.0100991641421199,0.0142308932235406,0.0170625895902416,0.0413926469559022,255,False,False,False,post-evaluation hypothesis-generating; independent future validation required,0,0
hgb,False,extended_K,hgb::M_C_A,M_C_A,3,0.7030621497799361,hgb::D_B_M_P_C_A_K,prevalence,-0.0097431537974422,0.0145869035682182,0.0174185999349194,0.0417486573005799,255,False,False,False,post-evaluation hypothesis-generating; independent future validation required,0,0
hgb,False,extended_K,hgb::B_M_C_A,B_M_C_A,4,0.6915956981099537,hgb::D_B_M_P_C_A_K,prevalence,-0.0212096054674245,0.003120451898236,0.0059521482649371,0.0302822056305977,255,True,False,False,post-evaluation hypothesis-generating; independent future validation required,0,0
hgb,False,extended_K,hgb::D,D,4,0.7155203709602128,hgb::D_B_M_P_C_A_K,prevalence,0.0027150673828346,0.0270451247484952,0.0298768211151962,0.0542068784808568,255,False,False,False,post-evaluation hypothesis-generating; independent future validation required,0,0
hgb,False,extended_K,hgb::D_C,D_C,5,0.709024164502359,hgb::D_B_M_P_C_A_K,prevalence,-0.0037811390750193,0.0205489182906412,0.0233806146573424,0.0477106720230029,255,False,False,False,post-evaluation hypothesis-generating; independent future validation required,0,0
hgb,False,extended_K,hgb::D_M,D_M,5,0.710106768404125,hgb::D_B_M_P_C_A_K,prevalence,-0.0026985351732532,0.0216315221924072,0.0244632185591085,0.048793275924769,255,False,False,False,post-evaluation hypothesis-generating; independent future validation required,0,0
hgb,False,extended_K,hgb::D_B,D_B,5,0.7135859744769562,hgb::D_B_M_P_C_A_K,prevalence,0.0007806708995779,0.0251107282652384,0.0279424246319395,0.0522724819976,255,False,False,False,post-evaluation hypothesis-generating; independent future validation required,0,0
hgb,False,extended_K,hgb::D_A,D_A,5,0.732251246458854,hgb::D_B_M_P_C_A_K,prevalence,0.0194459428814756,0.0437760002471362,0.0466076966138374,0.070937753979498,255,False,False,False,post-evaluation hypothesis-generating; independent future validation required,0,0
hgb,False,extended_K,hgb::D_M_C,D_M_C,6,0.7059287723044265,hgb::D_B_M_P_C_A_K,prevalence,-0.0068765312729516,0.0174535260927088,0.02028522245941,0.0446152798250705,255,False,False,False,post-evaluation hypothesis-generating; independent future validation required,0,0
hgb,False,extended_K,hgb::D_B_C,D_B_C,6,0.7097634197543591,hgb::D_B_M_P_C_A_K,prevalence,-0.0030418838230191,0.0212881735426414,0.0241198699093426,0.0484499272750031,255,False,False,False,post-evaluation hypothesis-generating; independent future validation required,0,0
hgb,False,extended_K,hgb::D_B_M,D_B_M,6,0.7132674449486055,hgb::D_B_M_P_C_A_K,prevalence,0.0004621413712272,0.0247921987368877,0.0276238951035889,0.0519539524692494,255,False,False,False,post-evaluation hypothesis-generating; independent future validation required,0,0
hgb,False,extended_K,hgb::D_C_A,D_C_A,6,0.7232261416656027,hgb::D_B_M_P_C_A_K,prevalence,0.0104208380882245,0.034750895453885,0.0375825918205862,0.0619126491862468,255,False,False,False,post-evaluation hypothesis-generating; independent future validation required,0,0
hgb,False,extended_K,hgb::D_B_A,D_B_A,6,0.7239225239205148,hgb::D_B_M_P_C_A_K,prevalence,0.0111172203431366,0.0354472777087971,0.0382789740754983,0.0626090314411589,255,False,False,False,post-evaluation hypothesis-generating; independent future validation required,0,0
hgb,False,extended_K,hgb::D_M_A,D_M_A,6,0.7471951330539943,hgb::D_B_M_P_C_A_K,prevalence,0.034389829476616,0.0587198868422765,0.0615515832089778,0.0858816405746384,255,False,False,False,post-evaluation hypothesis-generating; independent future validation required,0,0
hgb,False,extended_K,hgb::D_B_M_C,D_B_M_C,7,0.7095530395277299,hgb::D_B_M_P_C_A_K,prevalence,-0.0032522640496483,0.0210777933160121,0.0239094896827133,0.0482395470483738,255,False,False,False,post-evaluation hypothesis-generating; independent future validation required,0,0
hgb,False,extended_K,hgb::D_B_C_A,D_B_C_A,7,0.7180807551787115,hgb::D_B_M_P_C_A_K,prevalence,0.0052754516013333,0.0296055089669938,0.0324372053336949,0.0567672626993555,255,False,False,False,post-evaluation hypothesis-generating; independent future validation required,0,0
hgb,False,extended_K,hgb::D_B_M_A,D_B_M_A,7,0.740054920959283,hgb::D_B_M_P_C_A_K,prevalence,0.0272496173819048,0.0515796747475653,0.0544113711142665,0.078741428479927,255,False,False,False,post-evaluation hypothesis-generating; independent future validation required,0,0
hgb,False,extended_K,hgb::D_M_C_A,D_M_C_A,7,0.7422967027812452,hgb::D_B_M_P_C_A_K,prevalence,0.0294913992038668,0.0538214565695273,0.0566531529362285,0.080983210301889,255,False,False,False,post-evaluation hypothesis-generating; independent future validation required,0,0
hgb,False,extended_K,hgb::D_B_M_C_A,D_B_M_C_A,8,0.7389412284305829,hgb::D_B_M_P_C_A_K,prevalence,0.0261359248532046,0.0504659822188652,0.0532976785855664,0.0776277359512269,255,False,False,False,post-evaluation hypothesis-generating; independent future validation required,0,0
hgb,False,extended_K,hgb::K,K,11,0.6600205097239755,hgb::D_B_M_P_C_A_K,prevalence,-0.0527847938534025,-0.028454736487742,-0.0256230401210409,-0.0012929827553803,255,True,True,True,post-evaluation hypothesis-generating; independent future validation required,3,2
hgb,False,extended_K,hgb::P,P,11,0.696520625248842,hgb::D_B_M_P_C_A_K,prevalence,-0.0162846783285364,0.008045379037124,0.0108770754038251,0.0352071327694857,255,True,False,False,post-evaluation hypothesis-generating; independent future validation required,0,0
hgb,False,extended_K,hgb::M_K,M_K,12,0.6580373906034016,hgb::D_B_M_P_C_A_K,prevalence,-0.0547679129739765,-0.030437855608316,-0.027606159241615,-0.0032761018759545,255,True,True,True,post-evaluation hypothesis-generating; independent future validation required,3,2
hgb,False,extended_K,hgb::C_K,C_K,12,0.6593130459702806,hgb::D_B_M_P_C_A_K,prevalence,-0.0534922576070976,-0.0291622002414371,-0.0263305038747358,-0.0020004465090753,255,True,True,True,post-evaluation hypothesis-generating; independent future validation required,3,2
hgb,False,extended_K,hgb::B_K,B_K,12,0.6606060783956187,hgb::D_B_M_P_C_A_K,prevalence,-0.0521992251817596,-0.0278691678160991,-0.0250374714493979,-0.0007074140837373,255,True,True,True,post-evaluation hypothesis-generating; independent future validation required,3,2
hgb,False,extended_K,hgb::A_K,A_K,12,0.6719822112044119,hgb::D_B_M_P_C_A_K,prevalence,-0.0408230923729663,-0.0164930350073058,-0.0136613386406046,0.0106687187250558,255,True,False,False,post-evaluation hypothesis-generating; independent future validation required,0,0
hgb,False,extended_K,hgb::M_P,M_P,12,0.6871473031035986,hgb::D_B_M_P_C_A_K,prevalence,-0.0256580004737796,-0.001327943108119,0.001503753258582,0.0258338106242426,255,True,False,False,post-evaluation hypothesis-generating; independent future validation required,0,0
hgb,False,extended_K,hgb::B_P,B_P,12,0.6933746646130066,hgb::D_B_M_P_C_A_K,prevalence,-0.0194306389643717,0.0048994184012888,0.00773111476799,0.0320611721336505,255,True,False,False,post-evaluation hypothesis-generating; independent future validation required,0,0
hgb,False,extended_K,hgb::P_C,P_C,12,0.6939126034893236,hgb::D_B_M_P_C_A_K,prevalence,-0.0188927000880547,0.0054373572776057,0.0082690536443069,0.0325991110099674,255,True,False,False,post-evaluation hypothesis-generating; independent future validation required,0,0
hgb,False,extended_K,hgb::P_A,P_A,12,0.699475071126186,hgb::D_B_M_P_C_A_K,prevalence,-0.0133302324511922,0.0109998249144683,0.0138315212811694,0.03816157864683,255,False,False,False,post-evaluation hypothesis-generating; independent future validation required,0,0
hgb,False,extended_K,hgb::M_C_K,M_C_K,13,0.6579272719599105,hgb::D_B_M_P_C_A_K,prevalence,-0.0548780316174678,-0.0305479742518073,-0.0277162778851061,-0.0033862205194456,255,True,True,True,post-evaluation hypothesis-generating; independent future validation required,3,2
hgb,False,extended_K,hgb::B_C_K,B_C_K,13,0.659877470904759,hgb::D_B_M_P_C_A_K,prevalence,-0.0529278326726192,-0.0285977753069586,-0.0257660789402574,-0.0014360215745969,255,True,True,True,post-evaluation hypothesis-generating; independent future validation required,3,2
hgb,False,extended_K,hgb::B_M_K,B_M_K,13,0.6616794321882562,hgb::D_B_M_P_C_A_K,prevalence,-0.0511258713891221,-0.0267958140234616,-0.0239641176567604,0.0003659397089,255,True,False,False,post-evaluation hypothesis-generating; independent future validation required,2,1
hgb,False,extended_K,hgb::B_A_K,B_A_K,13,0.6681056664295303,hgb::D_B_M_P_C_A_K,prevalence,-0.0446996371478479,-0.0203695797821874,-0.0175378834154862,0.0067921739501742,255,True,False,False,post-evaluation hypothesis-generating; independent future validation required,1,1
hgb,False,extended_K,hgb::M_A_K,M_A_K,13,0.6707118865748299,hgb::D_B_M_P_C_A_K,prevalence,-0.0420934170025482,-0.0177633596368876,-0.0149316632701865,0.0093983940954739,255,True,False,False,post-evaluation hypothesis-generating; independent future validation required,0,0
hgb,False,extended_K,hgb::C_A_K,C_A_K,13,0.6708318170309527,hgb::D_B_M_P_C_A_K,prevalence,-0.0419734865464255,-0.017643429180765,-0.0148117328140638,0.0095183245515966,255,True,False,False,post-evaluation hypothesis-generating; independent future validation required,0,0
hgb,False,extended_K,hgb::M_P_C,M_P_C,13,0.6853081326041691,hgb::D_B_M_P_C_A_K,prevalence,-0.0274971709732091,-0.0031671136075485,-0.0003354172408474,0.0239946401248131,255,True,False,False,post-evaluation hypothesis-generating; independent future validation required,0,0
hgb,False,extended_K,hgb::B_P_A,B_P_A,13,0.6907115071388333,hgb::D_B_M_P_C_A_K,prevalence,-0.0220937964385449,0.0022362609271155,0.0050679572938166,0.0293980146594772,255,True,False,False,post-evaluation hypothesis-generating; independent future validation required,0,0
hgb,False,extended_K,hgb::B_P_C,B_P_C,13,0.6926961941147286,hgb::D_B_M_P_C_A_K,prevalence,-0.0201091094626496,0.0042209479030108,0.007052644269712,0.0313827016353725,255,True,False,False,post-evaluation hypothesis-generating; independent future validation required,0,0
hgb,False,extended_K,hgb::B_M_P,B_M_P,13,0.6964925971873642,hgb::D_B_M_P_C_A_K,prevalence,-0.016312706390014,0.0080173509756465,0.0108490473423476,0.0351791047080081,255,True,False,False,post-evaluation hypothesis-generating; independent future validation required,0,0
hgb,False,extended_K,hgb::P_C_A,P_C_A,13,0.6966667721632623,hgb::D_B_M_P_C_A_K,prevalence,-0.0161385314141159,0.0081915259515445,0.0110232223182457,0.0353532796839062,255,True,False,False,post-evaluation hypothesis-generating; independent future validation required,0,0
hgb,False,extended_K,hgb::M_P_A,M_P_A,13,0.7008301736525987,hgb::D_B_M_P_C_A_K,prevalence,-0.0119751299247794,0.012354927440881,0.0151866238075822,0.0395166811732427,255,False,False,False,post-evaluation hypothesis-generating; independent future validation required,0,0
hgb,False,extended_K,hgb::B_M_C_K,B_M_C_K,14,0.6611351308330662,hgb::D_B_M_P_C_A_K,prevalence,-0.051670172744312,-0.0273401153786515,-0.0245084190119503,-0.0001783616462898,255,True,True,True,post-evaluation hypothesis-generating; independent future validation required,3,2
hgb,False,extended_K,hgb::B_C_A_K,B_C_A_K,14,0.6664096296781693,hgb::D_B_M_P_C_A_K,prevalence,-0.0463956738992089,-0.0220656165335484,-0.0192339201668472,0.0050961371988133,255,True,False,False,post-evaluation hypothesis-generating; independent future validation required,1,1
hgb,False,extended_K,hgb::B_M_A_K,B_M_A_K,14,0.6679709653628266,hgb::D_B_M_P_C_A_K,prevalence,-0.0448343382145516,-0.0205042808488911,-0.0176725844821899,0.0066574728834706,255,True,False,False,post-evaluation hypothesis-generating; independent future validation required,0,0
hgb,False,extended_K,hgb::M_C_A_K,M_C_A_K,14,0.6720342155622857,hgb::D_B_M_P_C_A_K,prevalence,-0.0407710880150924,-0.0164410306494319,-0.0136093342827308,0.0107207230829296,255,True,False,False,post-evaluation hypothesis-generating; independent future validation required,0,0
hgb,False,extended_K,hgb::B_P_C_A,B_P_C_A,14,0.6903368492735606,hgb::D_B_M_P_C_A_K,prevalence,-0.0224684543038176,0.0018616030618429,0.004693299428544,0.0290233567942046,255,True,False,False,post-evaluation hypothesis-generating; independent future validation required,0,0
hgb,False,extended_K,hgb::B_M_P_C,B_M_P_C,14,0.6950169824599665,hgb::D_B_M_P_C_A_K,prevalence,-0.0177883211174118,0.0065417362482486,0.0093734326149498,0.0337034899806103,255,True,False,False,post-evaluation hypothesis-generating; independent future validation required,0,0
hgb,False,extended_K,hgb::M_P_C_A,M_P_C_A,14,0.6955600524249647,hgb::D_B_M_P_C_A_K,prevalence,-0.0172452511524136,0.0070848062132468,0.009916502579948,0.0342465599456085,255,True,False,False,post-evaluation hypothesis-generating; independent future validation required,0,0
hgb,False,extended_K,hgb::B_M_P_A,B_M_P_A,14,0.7013443706643763,hgb::D_B_M_P_C_A_K,prevalence,-0.0114609329130018,0.0128691244526586,0.0157008208193597,0.0400308781850203,255,False,False,False,post-evaluation hypothesis-generating; independent future validation required,0,0
hgb,False,extended_K,hgb::B_M_C_A_K,B_M_C_A_K,15,0.6671340611154487,hgb::D_B_M_P_C_A_K,prevalence,-0.0456712424619295,-0.021341185096269,-0.0185094887295678,0.0058205686360927,255,True,False,False,post-evaluation hypothesis-generating; independent future validation required,0,0
hgb,False,extended_K,hgb::D_K,D_K,15,0.6925025559332557,hgb::D_B_M_P_C_A_K,prevalence,-0.0203027476441224,0.004027309721538,0.0068590060882392,0.0311890634538997,255,True,False,False,post-evaluation hypothesis-generating; independent future validation required,1,1
hgb,False,extended_K,hgb::B_M_P_C_A,B_M_P_C_A,15,0.6984142739079411,hgb::D_B_M_P_C_A_K,prevalence,-0.0143910296694371,0.0099390276962233,0.0127707240629244,0.037100781428585,255,True,False,False,post-evaluation hypothesis-generating; independent future validation required,0,0
hgb,False,extended_K,hgb::D_P,D_P,15,0.7222473048973507,hgb::D_B_M_P_C_A_K,prevalence,0.0094420013199724,0.0337720586856329,0.0366037550523341,0.0609338124179946,255,False,False,False,post-evaluation hypothesis-generating; independent future validation required,0,0
hgb,False,extended_K,hgb::D_C_K,D_C_K,16,0.6890949401452642,hgb::D_B_M_P_C_A_K,prevalence,-0.023710363432114,0.0006196939335465,0.0034513903002476,0.0277814476659081,255,True,False,False,post-evaluation hypothesis-generating; independent future validation required,1,1
hgb,False,extended_K,hgb::D_B_K,D_B_K,16,0.6903525180735142,hgb::D_B_M_P_C_A_K,prevalence,-0.0224527855038641,0.0018772718617963,0.0047089682284975,0.029039025594158,255,True,False,False,post-evaluation hypothesis-generating; independent future validation required,1,1
hgb,False,extended_K,hgb::D_M_K,D_M_K,16,0.6910596595084219,hgb::D_B_M_P_C_A_K,prevalence,-0.0217456440689563,0.0025844132967042,0.0054161096634053,0.0297461670290659,255,True,False,False,post-evaluation hypothesis-generating; independent future validation required,0,0
hgb,False,extended_K,hgb::D_A_K,D_A_K,16,0.7057978144400723,hgb::D_B_M_P_C_A_K,prevalence,-0.007007489137306,0.0173225682283545,0.0201542645950556,0.0444843219607161,255,False,False,False,post-evaluation hypothesis-generating; independent future validation required,0,0
hgb,False,extended_K,hgb::D_M_P,D_M_P,16,0.7170352807528277,hgb::D_B_M_P_C_A_K,prevalence,0.0042299771754494,0.02856003454111,0.0313917309078111,0.0557217882734716,255,False,False,False,post-evaluation hypothesis-generating; independent future validation required,0,0
hgb,False,extended_K,hgb::D_B_P,D_B_P,16,0.7193005922671386,hgb::D_B_M_P_C_A_K,prevalence,0.0064952886897602,0.0308253460554207,0.0336570424221219,0.0579870997877824,255,False,False,False,post-evaluation hypothesis-generating; independent future validation required,0,0
hgb,False,extended_K,hgb::D_P_C,D_P_C,16,0.7194386989251496,hgb::D_B_M_P_C_A_K,prevalence,0.0066333953477713,0.0309634527134319,0.033795149080133,0.0581252064457935,255,False,False,False,post-evaluation hypothesis-generating; independent future validation required,0,0
hgb,False,extended_K,hgb::D_P_A,D_P_A,16,0.732218153492724,hgb::D_B_M_P_C_A_K,prevalence,0.0194128499153458,0.0437429072810064,0.0465746036477076,0.0709046610133681,255,False,False,False,post-evaluation hypothesis-generating; independent future validation required,0,0
hgb,False,extended_K,hgb::D_B_C_K,D_B_C_K,17,0.6868116503601362,hgb::D_B_M_P_C_A_K,prevalence,-0.025993653217242,-0.0016635958515815,0.0011681005151196,0.0254981578807802,255,True,False,False,post-evaluation hypothesis-generating; independent future validation required,1,1
hgb,False,extended_K,hgb::D_M_C_K,D_M_C_K,17,0.6895788036292687,hgb::D_B_M_P_C_A_K,prevalence,-0.0232264999481095,0.001103557417551,0.0039352537842521,0.0282653111499126,255,True,False,False,post-evaluation hypothesis-generating; independent future validation required,0,0
hgb,False,extended_K,hgb::D_B_M_K,D_B_M_K,17,0.6904499257773125,hgb::D_B_M_P_C_A_K,prevalence,-0.0223553778000656,0.0019746795655948,0.0048063759322959,0.0291364332979565,255,True,False,False,post-evaluation hypothesis-generating; independent future validation required,1,1
hgb,False,extended_K,hgb::D_B_A_K,D_B_A_K,17,0.7001686719377553,hgb::D_B_M_P_C_A_K,prevalence,-0.0126366316396228,0.0116934257260376,0.0145251220927388,0.0388551794583993,255,False,False,False,post-evaluation hypothesis-generating; independent future validation required,0,0
hgb,False,extended_K,hgb::D_C_A_K,D_C_A_K,17,0.705001154989575,hgb::D_B_M_P_C_A_K,prevalence,-0.0078041485878031,0.0165259087778574,0.0193576051445585,0.043687662510219,255,False,False,False,post-evaluation hypothesis-generating; independent future validation required,0,0
hgb,False,extended_K,hgb::D_M_P_C,D_M_P_C,17,0.7121901674909844,hgb::D_B_M_P_C_A_K,prevalence,-0.0006151360863938,0.0237149212792666,0.0265466176459677,0.0508766750116283,255,False,False,False,post-evaluation hypothesis-generating; independent future validation required,0,0
hgb,False,extended_K,hgb::D_B_P_C,D_B_P_C,17,0.7156933604389687,hgb::D_B_M_P_C_A_K,prevalence,0.0028880568615904,0.0272181142272509,0.0300498105939521,0.0543798679596126,255,False,False,False,post-evaluation hypothesis-generating; independent future validation required,0,0
hgb,False,extended_K,hgb::D_B_M_P,D_B_M_P,17,0.7170012732397912,hgb::D_B_M_P_C_A_K,prevalence,0.004195969662413,0.0285260270280735,0.0313577233947747,0.0556877807604352,255,False,False,False,post-evaluation hypothesis-generating; independent future validation required,0,0
hgb,False,extended_K,hgb::D_M_A_K,D_M_A_K,17,0.7201141222289416,hgb::D_B_M_P_C_A_K,prevalence,0.0073088186515632,0.0316388760172237,0.0344705723839248,0.0588006297495854,255,False,False,False,post-evaluation hypothesis-generating; independent future validation required,0,0
hgb,False,extended_K,hgb::D_B_P_A,D_B_P_A,17,0.7242445113348225,hgb::D_B_M_P_C_A_K,prevalence,0.0114392077574443,0.0357692651231048,0.038600961489806,0.0629310188554666,255,False,False,False,post-evaluation hypothesis-generating; independent future validation required,0,0
hgb,False,extended_K,hgb::D_P_C_A,D_P_C_A,17,0.7289807099634396,hgb::D_B_M_P_C_A_K,prevalence,0.0161754063860612,0.0405054637517218,0.043337160118423,0.0676672174840835,255,False,False,False,post-evaluation hypothesis-generating; independent future validation required,0,0
hgb,False,extended_K,hgb::D_M_P_A,D_M_P_A,17,0.7357820447890608,hgb::D_B_M_P_C_A_K,prevalence,0.0229767412116826,0.0473067985773432,0.0501384949440443,0.0744685523097048,255,False,False,False,post-evaluation hypothesis-generating; independent future validation required,0,0
hgb,False,extended_K,hgb::D_B_M_C_K,D_B_M_C_K,18,0.6883192706848695,hgb::D_B_M_P_C_A_K,prevalence,-0.0244860328925088,-0.0001559755268482,0.0026757208398528,0.0270057782055134,255,True,False,False,post-evaluation hypothesis-generating; independent future validation required,1,1
hgb,False,extended_K,hgb::D_B_C_A_K,D_B_C_A_K,18,0.6964063117075934,hgb::D_B_M_P_C_A_K,prevalence,-0.0163989918697848,0.0079310654958756,0.0107627618625767,0.0350928192282373,255,True,False,False,post-evaluation hypothesis-generating; independent future validation required,0,0
hgb,False,extended_K,hgb::D_B_M_A_K,D_B_M_A_K,18,0.7126123036070456,hgb::D_B_M_P_C_A_K,prevalence,-0.0001929999703325,0.0241370573953279,0.0269687537620291,0.0512988111276896,255,False,False,False,post-evaluation hypothesis-generating; independent future validation required,0,0
hgb,False,extended_K,hgb::D_B_M_P_C,D_B_M_P_C,18,0.7135359247462044,hgb::D_B_M_P_C_A_K,prevalence,0.000730621168826,0.0250606785344865,0.0278923749011877,0.0522224322668482,255,False,False,False,post-evaluation hypothesis-generating; independent future validation required,0,0
hgb,False,extended_K,hgb::D_M_C_A_K,D_M_C_A_K,18,0.7194130088634112,hgb::D_B_M_P_C_A_K,prevalence,0.0066077052860328,0.0309377626516933,0.0337694590183945,0.058099516384055,255,False,False,False,post-evaluation hypothesis-generating; independent future validation required,0,0
hgb,False,extended_K,hgb::D_B_P_C_A,D_B_P_C_A,18,0.7208517464684251,hgb::D_B_M_P_C_A_K,prevalence,0.0080464428910468,0.0323765002567074,0.0352081966234085,0.059538253989069,255,False,False,False,post-evaluation hypothesis-generating; independent future validation required,0,0
hgb,False,extended_K,hgb::D_B_M_P_A,D_B_M_P_A,18,0.729829430689102,hgb::D_B_M_P_C_A_K,prevalence,0.0170241271117236,0.0413541844773841,0.0441858808440853,0.0685159382097459,255,False,False,False,post-evaluation hypothesis-generating; independent future validation required,0,0
hgb,False,extended_K,hgb::D_M_P_C_A,D_M_P_C_A,18,0.7379074877029027,hgb::D_B_M_P_C_A_K,prevalence,0.0251021841255244,0.0494322414911849,0.0522639378578861,0.0765939952235467,255,False,False,False,post-evaluation hypothesis-generating; independent future validation required,0,0
hgb,False,extended_K,hgb::D_B_M_C_A_K,D_B_M_C_A_K,19,0.7121399159096846,hgb::D_B_M_P_C_A_K,prevalence,-0.0006653876676937,0.0236646696979667,0.0264963660646679,0.0508264234303284,255,False,False,False,post-evaluation hypothesis-generating; independent future validation required,0,0
hgb,False,extended_K,hgb::D_B_M_P_C_A,D_B_M_P_C_A,19,0.729514668268468,hgb::D_B_M_P_C_A_K,prevalence,0.0167093646910899,0.0410394220567504,0.0438711184234515,0.0682011757891121,255,False,False,False,post-evaluation hypothesis-generating; independent future validation required,0,0
hgb,False,extended_K,hgb::P_K,P_K,22,0.6806355819092695,hgb::D_B_M_P_C_A_K,prevalence,-0.0321697216681087,-0.0078396643024482,-0.005007967935747,0.0193220894299134,255,True,False,False,post-evaluation hypothesis-generating; independent future validation required,2,1
hgb,False,extended_K,hgb::M_P_K,M_P_K,23,0.6757295629394485,hgb::D_B_M_P_C_A_K,prevalence,-0.0370757406379297,-0.0127456832722692,-0.009913986905568,0.0144160704600924,255,True,False,False,post-evaluation hypothesis-generating; independent future validation required,1,1
hgb,False,extended_K,hgb::B_P_K,B_P_K,23,0.6762093289476462,hgb::D_B_M_P_C_A_K,prevalence,-0.0365959746297321,-0.0122659172640715,-0.0094342208973703,0.0148958364682901,255,True,False,False,post-evaluation hypothesis-generating; independent future validation required,2,1
hgb,False,extended_K,hgb::P_C_K,P_C_K,23,0.6804518950523767,hgb::D_B_M_P_C_A_K,prevalence,-0.0323534085250014,-0.0080233511593409,-0.0051916547926397,0.0191384025730207,255,True,False,False,post-evaluation hypothesis-generating; independent future validation required,2,1
hgb,False,extended_K,hgb::P_A_K,P_A_K,23,0.6819944372573451,hgb::D_B_M_P_C_A_K,prevalence,-0.030810866320033,-0.0064808089543725,-0.0036491125876713,0.0206809447779891,255,True,False,False,post-evaluation hypothesis-generating; independent future validation required,0,0
hgb,False,extended_K,hgb::B_M_P_K,B_M_P_K,24,0.6733422554250276,hgb::D_B_M_P_C_A_K,prevalence,-0.0394630481523507,-0.0151329907866901,-0.012301294419989,0.0120287629456714,255,True,False,False,post-evaluation hypothesis-generating; independent future validation required,2,1
hgb,False,extended_K,hgb::B_P_A_K,B_P_A_K,24,0.6751867995170406,hgb::D_B_M_P_C_A_K,prevalence,-0.0376185040603374,-0.0132884466946769,-0.0104567503279757,0.0138733070376847,255,True,False,False,post-evaluation hypothesis-generating; independent future validation required,0,0
hgb,False,extended_K,hgb::M_P_C_K,M_P_C_K,24,0.6753096635303854,hgb::D_B_M_P_C_A_K,prevalence,-0.0374956400469929,-0.0131655826813323,-0.0103338863146311,0.0139961710510293,255,True,False,False,post-evaluation hypothesis-generating; independent future validation required,2,1
hgb,False,extended_K,hgb::B_P_C_K,B_P_C_K,24,0.6762093289476462,hgb::D_B_M_P_C_A_K,prevalence,-0.0365959746297321,-0.0122659172640715,-0.0094342208973703,0.0148958364682901,255,True,False,False,post-evaluation hypothesis-generating; independent future validation required,2,1
hgb,False,extended_K,hgb::M_P_A_K,M_P_A_K,24,0.681767766883032,hgb::D_B_M_P_C_A_K,prevalence,-0.0310375366943462,-0.0067074793286856,-0.0038757829619845,0.0204542744036759,255,True,False,False,post-evaluation hypothesis-generating; independent future validation required,0,0
hgb,False,extended_K,hgb::P_C_A_K,P_C_A_K,24,0.6819740588301191,hgb::D_B_M_P_C_A_K,prevalence,-0.0308312447472591,-0.0065011873815985,-0.0036694910148974,0.0206605663507631,255,True,False,False,post-evaluation hypothesis-generating; independent future validation required,0,0
hgb,False,extended_K,hgb::B_M_P_C_K,B_M_P_C_K,25,0.6733422554250276,hgb::D_B_M_P_C_A_K,prevalence,-0.0394630481523507,-0.0151329907866901,-0.012301294419989,0.0120287629456714,255,True,False,False,post-evaluation hypothesis-generating; independent future validation required,2,1
hgb,False,extended_K,hgb::B_P_C_A_K,B_P_C_A_K,25,0.6751867995170406,hgb::D_B_M_P_C_A_K,prevalence,-0.0376185040603374,-0.0132884466946769,-0.0104567503279757,0.0138733070376847,255,True,False,False,post-evaluation hypothesis-generating; independent future validation required,0,0
hgb,False,extended_K,hgb::M_P_C_A_K,M_P_C_A_K,25,0.681767766883032,hgb::D_B_M_P_C_A_K,prevalence,-0.0310375366943462,-0.0067074793286856,-0.0038757829619845,0.0204542744036759,255,True,False,False,post-evaluation hypothesis-generating; independent future validation required,0,0
hgb,False,extended_K,hgb::B_M_P_A_K,B_M_P_A_K,25,0.6965983567668721,hgb::D_B_M_P_C_A_K,prevalence,-0.0162069468105062,0.0081231105551542,0.0109548069218554,0.0352848642875159,255,True,False,False,post-evaluation hypothesis-generating; independent future validation required,0,0
hgb,False,extended_K,hgb::B_M_P_C_A_K,B_M_P_C_A_K,26,0.6950454950696143,hgb::D_B_M_P_C_A_K,prevalence,-0.0177598085077637,0.0065702488578967,0.0094019452245978,0.0337320025902584,255,True,False,False,post-evaluation hypothesis-generating; independent future validation required,0,0
hgb,False,extended_K,hgb::D_P_K,D_P_K,26,0.7084124802770677,hgb::D_B_M_P_C_A_K,prevalence,-0.0043928233003105,0.0199372340653499,0.0227689304320511,0.0470989877977116,255,False,False,False,post-evaluation hypothesis-generating; independent future validation required,0,0
hgb,False,extended_K,hgb::D_B_P_K,D_B_P_K,27,0.704432701290066,hgb::D_B_M_P_C_A_K,prevalence,-0.0083726022873122,0.0159574550783482,0.0187891514450494,0.0431192088107099,255,False,False,False,post-evaluation hypothesis-generating; independent future validation required,1,1
hgb,False,extended_K,hgb::D_M_P_K,D_M_P_K,27,0.705903560594159,hgb::D_B_M_P_C_A_K,prevalence,-0.0069017429832191,0.0174283143824413,0.0202600107491425,0.044590068114803,255,False,False,False,post-evaluation hypothesis-generating; independent future validation required,0,0
hgb,False,extended_K,hgb::D_P_C_K,D_P_C_K,27,0.706591426297066,hgb::D_B_M_P_C_A_K,prevalence,-0.0062138772803123,0.0181161800853481,0.0209478764520492,0.0452779338177098,255,False,False,False,post-evaluation hypothesis-generating; independent future validation required,0,0
hgb,False,extended_K,hgb::D_P_A_K,D_P_A_K,27,0.7139618302818761,hgb::D_B_M_P_C_A_K,prevalence,0.0011565267044979,0.0254865840701584,0.0283182804368596,0.0526483378025201,255,False,False,False,post-evaluation hypothesis-generating; independent future validation required,0,0
hgb,False,extended_K,hgb::D_B_P_C_K,D_B_P_C_K,28,0.7012559917841176,hgb::D_B_M_P_C_A_K,prevalence,-0.0115493117932606,0.0127807455723998,0.015612441939101,0.0399424993047615,255,False,False,False,post-evaluation hypothesis-generating; independent future validation required,1,1
hgb,False,extended_K,hgb::D_M_P_C_K,D_M_P_C_K,28,0.7043221064556887,hgb::D_B_M_P_C_A_K,prevalence,-0.0084831971216896,0.0158468602439708,0.018678556610672,0.0430086139763326,255,False,False,False,post-evaluation hypothesis-generating; independent future validation required,0,0
hgb,False,extended_K,hgb::D_B_M_P_K,D_B_M_P_K,28,0.704641986418761,hgb::D_B_M_P_C_A_K,prevalence,-0.0081633171586172,0.0161667402070432,0.0189984365737444,0.0433284939394049,255,False,False,False,post-evaluation hypothesis-generating; independent future validation required,1,1
hgb,False,extended_K,hgb::D_B_P_A_K,D_B_P_A_K,28,0.7062612829326161,hgb::D_B_M_P_C_A_K,prevalence,-0.0065440206447621,0.0177860367208984,0.0206177330875995,0.04494779045326,255,False,False,False,post-evaluation hypothesis-generating; independent future validation required,0,0
hgb,False,extended_K,hgb::D_P_C_A_K,D_P_C_A_K,28,0.7141363147200933,hgb::D_B_M_P_C_A_K,prevalence,0.001331011142715,0.0256610685083756,0.0284927648750767,0.0528228222407373,255,False,False,False,post-evaluation hypothesis-generating; independent future validation required,0,0
hgb,False,extended_K,hgb::D_M_P_A_K,D_M_P_A_K,28,0.7239912152580551,hgb::D_B_M_P_C_A_K,prevalence,0.0111859116806767,0.0355159690463372,0.0383476654130384,0.062677722778699,255,False,False,False,post-evaluation hypothesis-generating; independent future validation required,0,0
hgb,False,extended_K,hgb::D_B_M_P_C_K,D_B_M_P_C_K,29,0.6996369982838381,hgb::D_B_M_P_C_A_K,prevalence,-0.01316830529354,0.0111617520721205,0.0139934484388216,0.0383235058044821,255,False,False,False,post-evaluation hypothesis-generating; independent future validation required,1,1
hgb,False,extended_K,hgb::D_B_P_C_A_K,D_B_P_C_A_K,29,0.7037178341668673,hgb::D_B_M_P_C_A_K,prevalence,-0.0090874694105108,0.0152425879551496,0.0180742843218508,0.0424043416875113,255,False,False,False,post-evaluation hypothesis-generating; independent future validation required,0,0
hgb,False,extended_K,hgb::D_B_M_P_A_K,D_B_M_P_A_K,29,0.7125604646393385,hgb::D_B_M_P_C_A_K,prevalence,-0.0002448389380396,0.0240852184276208,0.0269169147943219,0.0512469721599825,255,False,False,False,post-evaluation hypothesis-generating; independent future validation required,0,0
hgb,False,extended_K,hgb::D_M_P_C_A_K,D_M_P_C_A_K,29,0.7228015799255978,hgb::D_B_M_P_C_A_K,prevalence,0.0099962763482195,0.03432633371388,0.0371580300805812,0.0614880874462417,255,False,False,False,post-evaluation hypothesis-generating; independent future validation required,0,0
hgb,False,extended_K,hgb::D_B_M_P_C_A_K,D_B_M_P_C_A_K,30,0.7128053035773783,hgb::D_B_M_P_C_A_K,prevalence,0.0,0.0,0.0271617537323616,0.0514918110980222,255,True,False,False,post-evaluation hypothesis-generating; independent future validation required,0,0
ridge,False,extended_K,ridge::NONE,NONE,0,0.6856435498450167,ridge::D_B_M_P_C_A_K,prevalence,-0.0234674163287082,-3.00343115002856e-05,0.0,0.0234373820172079,255,True,False,False,post-evaluation hypothesis-generating; independent future validation required,0,0
ridge,False,extended_K,ridge::B,B,1,0.677439794026549,ridge::D_B_M_P_C_A_K,prevalence,-0.0316711721471758,-0.0082337901299678,-0.0082037558184676,0.0152336261987402,255,True,False,False,post-evaluation hypothesis-generating; independent future validation required,0,0
ridge,False,extended_K,ridge::M,M,1,0.6808909327175335,ridge::D_B_M_P_C_A_K,prevalence,-0.0282200334561911,-0.0047826514389832,-0.0047526171274828,0.018684764889725,255,True,False,False,post-evaluation hypothesis-generating; independent future validation required,0,0
ridge,False,extended_K,ridge::C,C,1,0.685115998708473,ridge::D_B_M_P_C_A_K,prevalence,-0.0239949674652517,-0.0005575854480438,-0.0005275511365435,0.0229098308806643,255,True,False,False,post-evaluation hypothesis-generating; independent future validation required,0,0
ridge,False,extended_K,ridge::A,A,1,0.6967690937084243,ridge::D_B_M_P_C_A_K,prevalence,-0.0123418724653005,0.0110955095519073,0.0111255438634075,0.0345629258806155,255,False,False,False,post-evaluation hypothesis-generating; independent future validation required,0,0
ridge,False,extended_K,ridge::B_M,B_M,2,0.6742810892764769,ridge::D_B_M_P_C_A_K,prevalence,-0.0348298768972479,-0.0113924948800399,-0.0113624605685397,0.0120749214486681,255,True,False,False,post-evaluation hypothesis-generating; independent future validation required,0,0
ridge,False,extended_K,ridge::B_C,B_C,2,0.6766124314072357,ridge::D_B_M_P_C_A_K,prevalence,-0.032498534766489,-0.0090611527492811,-0.0090311184377806,0.0144062635794272,255,True,False,False,post-evaluation hypothesis-generating; independent future validation required,0,0
ridge,False,extended_K,ridge::M_C,M_C,2,0.6803620611067617,ridge::D_B_M_P_C_A_K,prevalence,-0.028748905066963,-0.005311523049755,-0.0052814887382547,0.0181558932789531,255,True,False,False,post-evaluation hypothesis-generating; independent future validation required,0,0
ridge,False,extended_K,ridge::B_A,B_A,2,0.6896428576408007,ridge::D_B_M_P_C_A_K,prevalence,-0.019468108532924,0.0039692734842839,0.0039993077957841,0.0274366898129921,255,True,False,False,post-evaluation hypothesis-generating; independent future validation required,0,0
ridge,False,extended_K,ridge::M_A,M_A,2,0.6910968417107293,ridge::D_B_M_P_C_A_K,prevalence,-0.0180141244629954,0.0054232575542124,0.0054532918657128,0.0288906738829208,255,True,False,False,post-evaluation hypothesis-generating; independent future validation required,0,0
ridge,False,extended_K,ridge::C_A,C_A,2,0.6966535834095664,ridge::D_B_M_P_C_A_K,prevalence,-0.0124573827641585,0.0109799992530494,0.0110100335645496,0.0344474155817576,255,False,False,False,post-evaluation hypothesis-generating; independent future validation required,0,0
ridge,False,extended_K,ridge::B_M_C,B_M_C,3,0.6735780902944525,ridge::D_B_M_P_C_A_K,prevalence,-0.0355328758792724,-0.0120954938620644,-0.0120654595505641,0.0113719224666438,255,True,False,False,post-evaluation hypothesis-generating; independent future validation required,0,0
ridge,False,extended_K,ridge::B_M_A,B_M_A,3,0.6863806560519313,ridge::D_B_M_P_C_A_K,prevalence,-0.0227303101217933,0.0007070718954145,0.0007371062069148,0.0241744882241227,255,True,False,False,post-evaluation hypothesis-generating; independent future validation required,0,0
ridge,False,extended_K,ridge::M_C_A,M_C_A,3,0.6876174024081855,ridge::D_B_M_P_C_A_K,prevalence,-0.0214935637655394,0.0019438182516684,0.0019738525631687,0.0254112345803767,255,True,False,False,post-evaluation hypothesis-generating; independent future validation required,0,0
ridge,False,extended_K,ridge::B_C_A,B_C_A,3,0.689413094073297,ridge::D_B_M_P_C_A_K,prevalence,-0.0196978721004278,0.00373950991678,0.0037695442282803,0.0272069262454882,255,True,False,False,post-evaluation hypothesis-generating; independent future validation required,0,0
ridge,False,extended_K,ridge::B_M_C_A,B_M_C_A,4,0.6862360408312737,ridge::D_B_M_P_C_A_K,prevalence,-0.0228749253424511,0.0005624566747568,0.0005924909862571,0.024029873003465,255,True,False,False,post-evaluation hypothesis-generating; independent future validation required,0,0
ridge,False,extended_K,ridge::D,D,4,0.7106611301987357,ridge::D_B_M_P_C_A_K,prevalence,0.0015501640250108,0.0249875460422188,0.0250175803537191,0.0484549623709271,255,False,False,False,post-evaluation hypothesis-generating; independent future validation required,0,0
ridge,False,extended_K,ridge::D_B,D_B,5,0.7009803562324246,ridge::D_B_M_P_C_A_K,prevalence,-0.0081306099413003,0.0153067720759076,0.0153368063874078,0.0387741884046158,255,False,False,False,post-evaluation hypothesis-generating; independent future validation required,0,0
ridge,False,extended_K,ridge::D_M,D_M,5,0.7073804956534814,ridge::D_B_M_P_C_A_K,prevalence,-0.0017304705202433,0.0217069114969645,0.0217369458084648,0.0451743278256728,255,False,False,False,post-evaluation hypothesis-generating; independent future validation required,0,0
ridge,False,extended_K,ridge::D_C,D_C,5,0.71091669279504,ridge::D_B_M_P_C_A_K,prevalence,0.0018057266213152,0.0252431086385232,0.0252731429500235,0.0487105249672314,255,False,False,False,post-evaluation hypothesis-generating; independent future validation required,0,0
ridge,False,extended_K,ridge::D_A,D_A,5,0.7307561196494881,ridge::D_B_M_P_C_A_K,prevalence,0.0216451534757633,0.0450825354929713,0.0451125698044716,0.0685499518216795,255,False,False,False,post-evaluation hypothesis-generating; independent future validation required,0,0
ridge,False,extended_K,ridge::D_B_M,D_B_M,6,0.7001204632134115,ridge::D_B_M_P_C_A_K,prevalence,-0.0089905029603133,0.0144468790568945,0.0144769133683948,0.0379142953856028,255,False,False,False,post-evaluation hypothesis-generating; independent future validation required,0,0
ridge,False,extended_K,ridge::D_B_C,D_B_C,6,0.7010745337738935,ridge::D_B_M_P_C_A_K,prevalence,-0.0080364323998314,0.0154009496173765,0.0154309839288768,0.0388683659460847,255,False,False,False,post-evaluation hypothesis-generating; independent future validation required,0,0
ridge,False,extended_K,ridge::D_M_C,D_M_C,6,0.7079222439118925,ridge::D_B_M_P_C_A_K,prevalence,-0.0011887222618323,0.0222486597553756,0.0222786940668758,0.0457160760840838,255,False,False,False,post-evaluation hypothesis-generating; independent future validation required,0,0
ridge,False,extended_K,ridge::D_B_A,D_B_A,6,0.721027341285142,ridge::D_B_M_P_C_A_K,prevalence,0.0119163751114171,0.035353757128625,0.0353837914401253,0.0588211734573333,255,False,False,False,post-evaluation hypothesis-generating; independent future validation required,0,0
ridge,False,extended_K,ridge::D_M_A,D_M_A,6,0.7272826575982986,ridge::D_B_M_P_C_A_K,prevalence,0.0181716914245738,0.0416090734417818,0.0416391077532821,0.06507648977049,255,False,False,False,post-evaluation hypothesis-generating; independent future validation required,0,0
ridge,False,extended_K,ridge::D_C_A,D_C_A,6,0.7315670994168143,ridge::D_B_M_P_C_A_K,prevalence,0.0224561332430896,0.0458935152602975,0.0459235495717978,0.0693609315890057,255,False,False,False,post-evaluation hypothesis-generating; independent future validation required,0,0
ridge,False,extended_K,ridge::D_B_M_C,D_B_M_C,7,0.7007123406488637,ridge::D_B_M_P_C_A_K,prevalence,-0.0083986255248611,0.0150387564923467,0.015068790803847,0.038506172821055,255,False,False,False,post-evaluation hypothesis-generating; independent future validation required,0,0
ridge,False,extended_K,ridge::D_B_M_A,D_B_M_A,7,0.7198832056380401,ridge::D_B_M_P_C_A_K,prevalence,0.0107722394643151,0.0342096214815231,0.0342396557930234,0.0576770378102313,255,False,False,False,post-evaluation hypothesis-generating; independent future validation required,0,0
ridge,False,extended_K,ridge::D_B_C_A,D_B_C_A,7,0.7219390738758652,ridge::D_B_M_P_C_A_K,prevalence,0.0128281077021403,0.0362654897193483,0.0362955240308486,0.0597329060480565,255,False,False,False,post-evaluation hypothesis-generating; independent future validation required,0,0
ridge,False,extended_K,ridge::D_M_C_A,D_M_C_A,7,0.728460820048312,ridge::D_B_M_P_C_A_K,prevalence,0.0193498538745872,0.0427872358917952,0.0428172702032955,0.0662546522205034,255,False,False,False,post-evaluation hypothesis-generating; independent future validation required,0,0
ridge,False,extended_K,ridge::D_B_M_C_A,D_B_M_C_A,8,0.7210542982703989,ridge::D_B_M_P_C_A_K,prevalence,0.0119433320966742,0.0353807141138821,0.0354107484253825,0.0588481304425904,255,False,False,False,post-evaluation hypothesis-generating; independent future validation required,0,0
ridge,False,extended_K,ridge::K,K,11,0.658037908287812,ridge::D_B_M_P_C_A_K,prevalence,-0.0510730578859129,-0.027635675868705,-0.0276056415572046,-0.0041682595399967,255,True,True,True,post-evaluation hypothesis-generating; independent future validation required,3,2
ridge,False,extended_K,ridge::P,P,11,0.6860368493654568,ridge::D_B_M_P_C_A_K,prevalence,-0.023074116808268,0.0003632652089398,0.0003932995204401,0.0238306815376481,255,True,False,False,post-evaluation hypothesis-generating; independent future validation required,0,0
ridge,False,extended_K,ridge::B_K,B_K,12,0.6528338910005475,ridge::D_B_M_P_C_A_K,prevalence,-0.0562770751731772,-0.0328396931559693,-0.0328096588444691,-0.0093722768272611,255,True,True,True,post-evaluation hypothesis-generating; independent future validation required,3,2
ridge,False,extended_K,ridge::C_K,C_K,12,0.6577914542596741,ridge::D_B_M_P_C_A_K,prevalence,-0.0513195119140505,-0.0278821298968426,-0.0278520955853424,-0.0044147135681344,255,True,True,True,post-evaluation hypothesis-generating; independent future validation required,3,2
ridge,False,extended_K,ridge::M_K,M_K,12,0.6592878584997254,ridge::D_B_M_P_C_A_K,prevalence,-0.0498231076739994,-0.0263857256567914,-0.0263556913452911,-0.0029183093280832,255,True,True,True,post-evaluation hypothesis-generating; independent future validation required,3,2
ridge,False,extended_K,ridge::A_K,A_K,12,0.6711736090830889,ridge::D_B_M_P_C_A_K,prevalence,-0.0379373570906358,-0.0144999750734278,-0.0144699407619276,0.0089674412552803,255,True,False,False,post-evaluation hypothesis-generating; independent future validation required,0,0
ridge,False,extended_K,ridge::B_P,B_P,12,0.6807002634376358,ridge::D_B_M_P_C_A_K,prevalence,-0.028410702736089,-0.004973320718881,-0.0049432864073808,0.0184940956098271,255,True,False,False,post-evaluation hypothesis-generating; independent future validation required,0,0
ridge,False,extended_K,ridge::M_P,M_P,12,0.6842669716030487,ridge::D_B_M_P_C_A_K,prevalence,-0.0248439945706761,-0.0014066125534682,-0.0013765782419679,0.02206080377524,255,True,False,False,post-evaluation hypothesis-generating; independent future validation required,0,0
ridge,False,extended_K,ridge::P_C,P_C,12,0.685904784500768,ridge::D_B_M_P_C_A_K,prevalence,-0.0232061816729569,0.000231200344251,0.0002612346557512,0.0236986166729592,255,True,False,False,post-evaluation hypothesis-generating; independent future validation required,0,0
ridge,False,extended_K,ridge::P_A,P_A,12,0.6934465378622365,ridge::D_B_M_P_C_A_K,prevalence,-0.0156644283114882,0.0077729537057196,0.0078029880172199,0.0312403700344278,255,True,False,False,post-evaluation hypothesis-generating; independent future validation required,0,0
ridge,False,extended_K,ridge::B_C_K,B_C_K,13,0.652237315068973,ridge::D_B_M_P_C_A_K,prevalence,-0.0568736511047518,-0.0334362690875438,-0.0334062347760435,-0.0099688527588356,255,True,True,True,post-evaluation hypothesis-generating; independent future validation required,3,2
ridge,False,extended_K,ridge::B_M_K,B_M_K,13,0.6552804678335662,ridge::D_B_M_P_C_A_K,prevalence,-0.0538304983401585,-0.0303931163229506,-0.0303630820114503,-0.0069256999942423,255,True,True,True,post-evaluation hypothesis-generating; independent future validation required,2,1
ridge,False,extended_K,ridge::M_C_K,M_C_K,13,0.6589655330464331,ridge::D_B_M_P_C_A_K,prevalence,-0.0501454331272917,-0.0267080511100838,-0.0266780167985835,-0.0032406347813755,255,True,True,True,post-evaluation hypothesis-generating; independent future validation required,3,2
ridge,False,extended_K,ridge::B_A_K,B_A_K,13,0.666372948792042,ridge::D_B_M_P_C_A_K,prevalence,-0.0427380173816828,-0.0193006353644748,-0.0192706010529745,0.0041667809642334,255,True,False,False,post-evaluation hypothesis-generating; independent future validation required,1,1
ridge,False,extended_K,ridge::C_A_K,C_A_K,13,0.6710668213007681,ridge::D_B_M_P_C_A_K,prevalence,-0.0380441448729566,-0.0146067628557486,-0.0145767285442484,0.0088606534729595,255,True,False,False,post-evaluation hypothesis-generating; independent future validation required,0,0
ridge,False,extended_K,ridge::M_A_K,M_A_K,13,0.6717640402690699,ridge::D_B_M_P_C_A_K,prevalence,-0.037346925904655,-0.013909543887447,-0.0138795095759467,0.0095578724412612,255,True,False,False,post-evaluation hypothesis-generating; independent future validation required,0,0
ridge,False,extended_K,ridge::B_M_P,B_M_P,13,0.6773648492273466,ridge::D_B_M_P_C_A_K,prevalence,-0.0317461169463781,-0.0083087349291701,-0.0082787006176698,0.015158681399538,255,True,False,False,post-evaluation hypothesis-generating; independent future validation required,0,0
ridge,False,extended_K,ridge::B_P_C,B_P_C,13,0.6797682464779038,ridge::D_B_M_P_C_A_K,prevalence,-0.0293427196958209,-0.0059053376786129,-0.0058753033671126,0.0175620786500952,255,True,False,False,post-evaluation hypothesis-generating; independent future validation required,0,0
ridge,False,extended_K,ridge::M_P_C,M_P_C,13,0.6841454318288797,ridge::D_B_M_P_C_A_K,prevalence,-0.0249655343448451,-0.0015281523276372,-0.0014981180161368,0.021939264001071,255,True,False,False,post-evaluation hypothesis-generating; independent future validation required,0,0
ridge,False,extended_K,ridge::M_P_A,M_P_A,13,0.6887779329464403,ridge::D_B_M_P_C_A_K,prevalence,-0.0203330332272846,0.0031043487899233,0.0031343831014236,0.0265717651186315,255,True,False,False,post-evaluation hypothesis-generating; independent future validation required,0,0
ridge,False,extended_K,ridge::B_P_A,B_P_A,13,0.6917583334379683,ridge::D_B_M_P_C_A_K,prevalence,-0.0173526327357563,0.0060847492814515,0.0061147835929518,0.0295521656101598,255,True,False,False,post-evaluation hypothesis-generating; independent future validation required,0,0
ridge,False,extended_K,ridge::P_C_A,P_C_A,13,0.6930699715077313,ridge::D_B_M_P_C_A_K,prevalence,-0.0160409946659935,0.0073963873512144,0.0074264216627147,0.0308638036799226,255,True,False,False,post-evaluation hypothesis-generating; independent future validation required,0,0
ridge,False,extended_K,ridge::B_M_C_K,B_M_C_K,14,0.6548792499896149,ridge::D_B_M_P_C_A_K,prevalence,-0.0542317161841098,-0.0307943341669018,-0.0307642998554017,-0.0073269178381938,255,True,True,True,post-evaluation hypothesis-generating; independent future validation required,3,2
ridge,False,extended_K,ridge::B_C_A_K,B_C_A_K,14,0.6661703469907019,ridge::D_B_M_P_C_A_K,prevalence,-0.0429406191830229,-0.0195032371658149,-0.0194732028543146,0.0039641791628932,255,True,False,False,post-evaluation hypothesis-generating; independent future validation required,1,1
ridge,False,extended_K,ridge::B_M_A_K,B_M_A_K,14,0.6684455708595938,ridge::D_B_M_P_C_A_K,prevalence,-0.0406653953141309,-0.017228013296923,-0.0171979789854227,0.0062394030317851,255,True,False,False,post-evaluation hypothesis-generating; independent future validation required,0,0
ridge,False,extended_K,ridge::M_C_A_K,M_C_A_K,14,0.6719367901625388,ridge::D_B_M_P_C_A_K,prevalence,-0.037174176011186,-0.013736793993978,-0.0137067596824777,0.0097306223347302,255,True,False,False,post-evaluation hypothesis-generating; independent future validation required,0,0
ridge,False,extended_K,ridge::B_M_P_C,B_M_P_C,14,0.6765303696163217,ridge::D_B_M_P_C_A_K,prevalence,-0.0325805965574031,-0.0091432145401952,-0.0091131802286949,0.0143242017885129,255,True,False,False,post-evaluation hypothesis-generating; independent future validation required,0,0
ridge,False,extended_K,ridge::B_M_P_A,B_M_P_A,14,0.6882812315062049,ridge::D_B_M_P_C_A_K,prevalence,-0.0208297346675199,0.0026076473496879,0.0026376816611882,0.0260750636783962,255,True,False,False,post-evaluation hypothesis-generating; independent future validation required,0,0
ridge,False,extended_K,ridge::M_P_C_A,M_P_C_A,14,0.688383427823019,ridge::D_B_M_P_C_A_K,prevalence,-0.0207275383507059,0.002709843666502,0.0027398779780023,0.0261772599952102,255,True,False,False,post-evaluation hypothesis-generating; independent future validation required,0,0
ridge,False,extended_K,ridge::B_P_C_A,B_P_C_A,14,0.6913619415022128,ridge::D_B_M_P_C_A_K,prevalence,-0.0177490246715118,0.005688357345696,0.0057183916571963,0.0291557736744042,255,True,False,False,post-evaluation hypothesis-generating; independent future validation required,0,0
ridge,False,extended_K,ridge::B_M_C_A_K,B_M_C_A_K,15,0.6685092046744535,ridge::D_B_M_P_C_A_K,prevalence,-0.0406017614992712,-0.0171643794820633,-0.017134345170563,0.0063030368466449,255,True,False,False,post-evaluation hypothesis-generating; independent future validation required,0,0
ridge,False,extended_K,ridge::B_M_P_C_A,B_M_P_C_A,15,0.6880212884406041,ridge::D_B_M_P_C_A_K,prevalence,-0.0210896777331206,0.0023477042840872,0.0023777385955875,0.0258151206127954,255,True,False,False,post-evaluation hypothesis-generating; independent future validation required,0,0
ridge,False,extended_K,ridge::D_K,D_K,15,0.6893716825384361,ridge::D_B_M_P_C_A_K,prevalence,-0.0197392836352888,0.0036980983819191,0.0037281326934193,0.0271655147106273,255,True,False,False,post-evaluation hypothesis-generating; independent future validation required,1,1
ridge,False,extended_K,ridge::D_P,D_P,15,0.7143852356982644,ridge::D_B_M_P_C_A_K,prevalence,0.0052742695245397,0.0287116515417476,0.0287416858532479,0.0521790678704559,255,False,False,False,post-evaluation hypothesis-generating; independent future validation required,0,0
ridge,False,extended_K,ridge::D_B_K,D_B_K,16,0.6818852017549667,ridge::D_B_M_P_C_A_K,prevalence,-0.0272257644187581,-0.0037883824015502,-0.0037583480900499,0.019679033927158,255,True,False,False,post-evaluation hypothesis-generating; independent future validation required,1,1
ridge,False,extended_K,ridge::D_C_K,D_C_K,16,0.6894405313296978,ridge::D_B_M_P_C_A_K,prevalence,-0.0196704348440269,0.0037669471731809,0.0037969814846812,0.0272343635018892,255,True,False,False,post-evaluation hypothesis-generating; independent future validation required,1,1
ridge,False,extended_K,ridge::D_M_K,D_M_K,16,0.6916734597952447,ridge::D_B_M_P_C_A_K,prevalence,-0.0174375063784798,0.005999875638728,0.0060299099502283,0.0294672919674362,255,True,False,False,post-evaluation hypothesis-generating; independent future validation required,0,0
ridge,False,extended_K,ridge::D_B_P,D_B_P,16,0.7063264572501596,ridge::D_B_M_P_C_A_K,prevalence,-0.0027845089235652,0.0206528730936427,0.020682907405143,0.0441202894223509,255,False,False,False,post-evaluation hypothesis-generating; independent future validation required,0,0
ridge,False,extended_K,ridge::D_A_K,D_A_K,16,0.7100384276318275,ridge::D_B_M_P_C_A_K,prevalence,0.0009274614581027,0.0243648434753107,0.024394877786811,0.0478322598040189,255,False,False,False,post-evaluation hypothesis-generating; independent future validation required,0,0
ridge,False,extended_K,ridge::D_M_P,D_M_P,16,0.7102324100256724,ridge::D_B_M_P_C_A_K,prevalence,0.0011214438519475,0.0245588258691554,0.0245888601806558,0.0480262421978637,255,False,False,False,post-evaluation hypothesis-generating; independent future validation required,0,0
ridge,False,extended_K,ridge::D_P_C,D_P_C,16,0.7148489961818975,ridge::D_B_M_P_C_A_K,prevalence,0.0057380300081727,0.0291754120253806,0.0292054463368809,0.0526428283540889,255,False,False,False,post-evaluation hypothesis-generating; independent future validation required,0,0
ridge,False,extended_K,ridge::D_P_A,D_P_A,16,0.7327988594506704,ridge::D_B_M_P_C_A_K,prevalence,0.0236878932769455,0.0471252752941535,0.0471553096056538,0.0705926916228617,255,False,False,False,post-evaluation hypothesis-generating; independent future validation required,0,0
ridge,False,extended_K,ridge::D_B_C_K,D_B_C_K,17,0.6818986393286821,ridge::D_B_M_P_C_A_K,prevalence,-0.0272123268450427,-0.0037749448278347,-0.0037449105163344,0.0196924715008734,255,True,False,False,post-evaluation hypothesis-generating; independent future validation required,1,1
ridge,False,extended_K,ridge::D_B_M_K,D_B_M_K,17,0.6855186018604125,ridge::D_B_M_P_C_A_K,prevalence,-0.0235923643133122,-0.0001549822961043,-0.000124947984604,0.0233124340326038,255,True,False,False,post-evaluation hypothesis-generating; independent future validation required,1,1
ridge,False,extended_K,ridge::D_M_C_K,D_M_C_K,17,0.6923235624623448,ridge::D_B_M_P_C_A_K,prevalence,-0.0167874037113799,0.0066499783058279,0.0066800126173282,0.0301173946345362,255,True,False,False,post-evaluation hypothesis-generating; independent future validation required,0,0
ridge,False,extended_K,ridge::D_B_A_K,D_B_A_K,17,0.7018587040038085,ridge::D_B_M_P_C_A_K,prevalence,-0.0072522621699164,0.0161851198472915,0.0162151541587918,0.0396525361759997,255,False,False,False,post-evaluation hypothesis-generating; independent future validation required,0,0
ridge,False,extended_K,ridge::D_B_M_P,D_B_M_P,17,0.7043353101017589,ridge::D_B_M_P_C_A_K,prevalence,-0.0047756560719658,0.0186617259452421,0.0186917602567424,0.0421291422739503,255,False,False,False,post-evaluation hypothesis-generating; independent future validation required,0,0
ridge,False,extended_K,ridge::D_B_P_C,D_B_P_C,17,0.706356669385832,ridge::D_B_M_P_C_A_K,prevalence,-0.0027542967878927,0.0206830852293151,0.0207131195408154,0.0441505015580234,255,False,False,False,post-evaluation hypothesis-generating; independent future validation required,0,0
ridge,False,extended_K,ridge::D_C_A_K,D_C_A_K,17,0.7107381113389857,ridge::D_B_M_P_C_A_K,prevalence,0.0016271451652608,0.0250645271824688,0.0250945614939691,0.048531943511177,255,False,False,False,post-evaluation hypothesis-generating; independent future validation required,0,0
ridge,False,extended_K,ridge::D_M_P_C,D_M_P_C,17,0.7108118022230695,ridge::D_B_M_P_C_A_K,prevalence,0.0017008360493447,0.0251382180665526,0.0251682523780529,0.0486056343952609,255,False,False,False,post-evaluation hypothesis-generating; independent future validation required,0,0
ridge,False,extended_K,ridge::D_M_A_K,D_M_A_K,17,0.7119994035192497,ridge::D_B_M_P_C_A_K,prevalence,0.0028884373455248,0.0263258193627327,0.026355853674233,0.049793235691441,255,False,False,False,post-evaluation hypothesis-generating; independent future validation required,0,0
ridge,False,extended_K,ridge::D_B_P_A,D_B_P_A,17,0.7240623632467075,ridge::D_B_M_P_C_A_K,prevalence,0.0149513970729826,0.0383887790901906,0.0384188134016909,0.0618561954188988,255,False,False,False,post-evaluation hypothesis-generating; independent future validation required,0,0
ridge,False,extended_K,ridge::D_M_P_A,D_M_P_A,17,0.7287433396903711,ridge::D_B_M_P_C_A_K,prevalence,0.0196323735166462,0.0430697555338541,0.0430997898453545,0.0665371718625624,255,False,False,False,post-evaluation hypothesis-generating; independent future validation required,0,0
ridge,False,extended_K,ridge::D_P_C_A,D_P_C_A,17,0.7341824291632196,ridge::D_B_M_P_C_A_K,prevalence,0.0250714629894948,0.0485088450067028,0.0485388793182031,0.0719762613354111,255,False,False,False,post-evaluation hypothesis-generating; independent future validation required,0,0
ridge,False,extended_K,ridge::D_B_M_C_K,D_B_M_C_K,18,0.6858969485095997,ridge::D_B_M_P_C_A_K,prevalence,-0.0232140176641251,0.0002233643530827,0.000253398664583,0.023690780681791,255,True,False,False,post-evaluation hypothesis-generating; independent future validation required,1,1
ridge,False,extended_K,ridge::D_B_C_A_K,D_B_C_A_K,18,0.7029559093361989,ridge::D_B_M_P_C_A_K,prevalence,-0.0061550568375259,0.017282325179682,0.0173123594911823,0.0407497415083902,255,False,False,False,post-evaluation hypothesis-generating; independent future validation required,0,0
ridge,False,extended_K,ridge::D_B_M_P_C,D_B_M_P_C,18,0.7045775851734855,ridge::D_B_M_P_C_A_K,prevalence,-0.0045333810002392,0.0189040010169686,0.0189340353284689,0.0423714173456769,255,False,False,False,post-evaluation hypothesis-generating; independent future validation required,0,0
ridge,False,extended_K,ridge::D_B_M_A_K,D_B_M_A_K,18,0.7052913847663693,ridge::D_B_M_P_C_A_K,prevalence,-0.0038195814073554,0.0196178006098524,0.0196478349213527,0.0430852169385607,255,False,False,False,post-evaluation hypothesis-generating; independent future validation required,0,0
ridge,False,extended_K,ridge::D_M_C_A_K,D_M_C_A_K,18,0.7135060337975708,ridge::D_B_M_P_C_A_K,prevalence,0.0043950676238461,0.027832449641054,0.0278624839525543,0.0512998659697623,255,False,False,False,post-evaluation hypothesis-generating; independent future validation required,0,0
ridge,False,extended_K,ridge::D_B_M_P_A,D_B_M_P_A,18,0.721642473385492,ridge::D_B_M_P_C_A_K,prevalence,0.0125315072117672,0.0359688892289752,0.0359989235404754,0.0594363055576834,255,False,False,False,post-evaluation hypothesis-generating; independent future validation required,0,0
ridge,False,extended_K,ridge::D_B_P_C_A,D_B_P_C_A,18,0.7247149336832018,ridge::D_B_M_P_C_A_K,prevalence,0.0156039675094769,0.0390413495266848,0.0390713838381851,0.0625087658553931,255,False,False,False,post-evaluation hypothesis-generating; independent future validation required,0,0
ridge,False,extended_K,ridge::D_M_P_C_A,D_M_P_C_A,18,0.7300197943395154,ridge::D_B_M_P_C_A_K,prevalence,0.0209088281657905,0.0443462101829985,0.0443762444944988,0.0678136265117067,255,False,False,False,post-evaluation hypothesis-generating; independent future validation required,0,0
ridge,False,extended_K,ridge::D_B_M_C_A_K,D_B_M_C_A_K,19,0.7066702984463461,ridge::D_B_M_P_C_A_K,prevalence,-0.0024406677273787,0.0209967142898292,0.0210267486013295,0.0444641306185374,255,False,False,False,post-evaluation hypothesis-generating; independent future validation required,0,0
ridge,False,extended_K,ridge::D_B_M_P_C_A,D_B_M_P_C_A,19,0.7228282840722543,ridge::D_B_M_P_C_A_K,prevalence,0.0137173178985295,0.0371546999157374,0.0371847342272377,0.0606221162444456,255,False,False,False,post-evaluation hypothesis-generating; independent future validation required,0,0
ridge,False,extended_K,ridge::P_K,P_K,22,0.661970526359566,ridge::D_B_M_P_C_A_K,prevalence,-0.0471404398141587,-0.0237030577969508,-0.0236730234854506,-0.0002356414682426,255,True,True,True,post-evaluation hypothesis-generating; independent future validation required,2,1
ridge,False,extended_K,ridge::B_P_K,B_P_K,23,0.6576856629831351,ridge::D_B_M_P_C_A_K,prevalence,-0.0514253031905896,-0.0279879211733816,-0.0279578868618814,-0.0045205048446734,255,True,True,True,post-evaluation hypothesis-generating; independent future validation required,2,1
ridge,False,extended_K,ridge::P_C_K,P_C_K,23,0.6612553582464039,ridge::D_B_M_P_C_A_K,prevalence,-0.0478556079273208,-0.0244182259101129,-0.0243881915986126,-0.0009508095814047,255,True,True,True,post-evaluation hypothesis-generating; independent future validation required,2,1
ridge,False,extended_K,ridge::M_P_K,M_P_K,23,0.6624747283481627,ridge::D_B_M_P_C_A_K,prevalence,-0.046636237825562,-0.0231988558083541,-0.0231688214968538,0.0002685605203541,255,True,False,False,post-evaluation hypothesis-generating; independent future validation required,1,1
ridge,False,extended_K,ridge::P_A_K,P_A_K,23,0.6734403296927775,ridge::D_B_M_P_C_A_K,prevalence,-0.0356706364809473,-0.0122332544637394,-0.0122032201522391,0.0112341618649688,255,True,False,False,post-evaluation hypothesis-generating; independent future validation required,0,0
ridge,False,extended_K,ridge::B_P_C_K,B_P_C_K,24,0.6568999430523016,ridge::D_B_M_P_C_A_K,prevalence,-0.0522110231214232,-0.0287736411042153,-0.0287436067927149,-0.005306224775507,255,True,True,True,post-evaluation hypothesis-generating; independent future validation required,2,1
ridge,False,extended_K,ridge::B_M_P_K,B_M_P_K,24,0.659562500595995,ridge::D_B_M_P_C_A_K,prevalence,-0.0495484655777298,-0.0261110835605218,-0.0260810492490216,-0.0026436672318137,255,True,True,True,post-evaluation hypothesis-generating; independent future validation required,2,1
ridge,False,extended_K,ridge::M_P_C_K,M_P_C_K,24,0.661979648815949,ridge::D_B_M_P_C_A_K,prevalence,-0.0471313173577758,-0.0236939353405678,-0.0236639010290676,-0.0002265190118596,255,True,True,True,post-evaluation hypothesis-generating; independent future validation required,2,1
ridge,False,extended_K,ridge::B_P_A_K,B_P_A_K,24,0.6694519731390196,ridge::D_B_M_P_C_A_K,prevalence,-0.0396589930347051,-0.0162216110174972,-0.0161915767059968,0.007245805311211,255,True,False,False,post-evaluation hypothesis-generating; independent future validation required,0,0
ridge,False,extended_K,ridge::P_C_A_K,P_C_A_K,24,0.6732299500327832,ridge::D_B_M_P_C_A_K,prevalence,-0.0358810161409416,-0.0124436341237337,-0.0124135998122333,0.0110237822049745,255,True,False,False,post-evaluation hypothesis-generating; independent future validation required,0,0
ridge,False,extended_K,ridge::M_P_A_K,M_P_A_K,24,0.6736895523672849,ridge::D_B_M_P_C_A_K,prevalence,-0.03542141380644,-0.011984031789232,-0.0119539974777318,0.0114833845394761,255,True,False,False,post-evaluation hypothesis-generating; independent future validation required,0,0
ridge,False,extended_K,ridge::B_M_P_C_K,B_M_P_C_K,25,0.6589681841620904,ridge::D_B_M_P_C_A_K,prevalence,-0.0501427820116345,-0.0267053999944265,-0.0266753656829262,-0.0032379836657183,255,True,True,True,post-evaluation hypothesis-generating; independent future validation required,2,1
ridge,False,extended_K,ridge::B_P_C_A_K,B_P_C_A_K,25,0.6691156150654222,ridge::D_B_M_P_C_A_K,prevalence,-0.0399953511083027,-0.0165579690910947,-0.0165279347795945,0.0069094472376134,255,True,False,False,post-evaluation hypothesis-generating; independent future validation required,0,0
ridge,False,extended_K,ridge::B_M_P_A_K,B_M_P_A_K,25,0.6710814498493852,ridge::D_B_M_P_C_A_K,prevalence,-0.0380295163243395,-0.0145921343071316,-0.0145620999956313,0.0088752820215766,255,True,False,False,post-evaluation hypothesis-generating; independent future validation required,0,0
ridge,False,extended_K,ridge::M_P_C_A_K,M_P_C_A_K,25,0.6737236397497659,ridge::D_B_M_P_C_A_K,prevalence,-0.0353873264239588,-0.0119499444067509,-0.0119199100952506,0.0115174719219573,255,True,False,False,post-evaluation hypothesis-generating; independent future validation required,0,0
ridge,False,extended_K,ridge::B_M_P_C_A_K,B_M_P_C_A_K,26,0.6710031106527569,ridge::D_B_M_P_C_A_K,prevalence,-0.0381078555209678,-0.0146704735037599,-0.0146404391922596,0.0087969428249482,255,True,False,False,post-evaluation hypothesis-generating; independent future validation required,0,0
ridge,False,extended_K,ridge::D_P_K,D_P_K,26,0.6948938547550048,ridge::D_B_M_P_C_A_K,prevalence,-0.0142171114187199,0.0092202705984879,0.0092503049099882,0.0326876869271962,255,True,False,False,post-evaluation hypothesis-generating; independent future validation required,0,0
ridge,False,extended_K,ridge::D_B_P_K,D_B_P_K,27,0.688334126329859,ridge::D_B_M_P_C_A_K,prevalence,-0.0207768398438657,0.0026605421733421,0.0026905764848424,0.0261279585020504,255,True,False,False,post-evaluation hypothesis-generating; independent future validation required,1,1
ridge,False,extended_K,ridge::D_P_C_K,D_P_C_K,27,0.6948789717579044,ridge::D_B_M_P_C_A_K,prevalence,-0.0142319944158204,0.0092053876013874,0.0092354219128877,0.0326728039300957,255,True,False,False,post-evaluation hypothesis-generating; independent future validation required,0,0
ridge,False,extended_K,ridge::D_M_P_K,D_M_P_K,27,0.6958403015172919,ridge::D_B_M_P_C_A_K,prevalence,-0.0132706646564329,0.010166717360775,0.0101967516722753,0.0336341336894832,255,False,False,False,post-evaluation hypothesis-generating; independent future validation required,0,0
ridge,False,extended_K,ridge::D_P_A_K,D_P_A_K,27,0.7135054749112824,ridge::D_B_M_P_C_A_K,prevalence,0.0043945087375574,0.0278318907547653,0.0278619250662656,0.0512993070834736,255,False,False,False,post-evaluation hypothesis-generating; independent future validation required,0,0
ridge,False,extended_K,ridge::D_B_P_C_K,D_B_P_C_K,28,0.6881898025410765,ridge::D_B_M_P_C_A_K,prevalence,-0.0209211636326482,0.0025162183845597,0.00254625269606,0.0259836347132679,255,True,False,False,post-evaluation hypothesis-generating; independent future validation required,1,1
ridge,False,extended_K,ridge::D_B_M_P_K,D_B_M_P_K,28,0.6902932676106529,ridge::D_B_M_P_C_A_K,prevalence,-0.0188176985630719,0.0046196834541359,0.0046497177656362,0.0280870997828442,255,True,False,False,post-evaluation hypothesis-generating; independent future validation required,1,1
ridge,False,extended_K,ridge::D_M_P_C_K,D_M_P_C_K,28,0.6960545801447949,ridge::D_B_M_P_C_A_K,prevalence,-0.0130563860289297,0.0103809959882781,0.0104110302997784,0.0338484123169864,255,False,False,False,post-evaluation hypothesis-generating; independent future validation required,0,0
ridge,False,extended_K,ridge::D_B_P_A_K,D_B_P_A_K,28,0.7058808738345653,ridge::D_B_M_P_C_A_K,prevalence,-0.0032300923391594,0.0202072896780484,0.0202373239895487,0.0436747060067567,255,False,False,False,post-evaluation hypothesis-generating; independent future validation required,0,0
ridge,False,extended_K,ridge::D_M_P_A_K,D_M_P_A_K,28,0.7141489181873719,ridge::D_B_M_P_C_A_K,prevalence,0.005037952013647,0.028475334030855,0.0285053683423553,0.0519427503595632,255,False,False,False,post-evaluation hypothesis-generating; independent future validation required,0,0
ridge,False,extended_K,ridge::D_P_C_A_K,D_P_C_A_K,28,0.7142305219917716,ridge::D_B_M_P_C_A_K,prevalence,0.0051195558180468,0.0285569378352547,0.028586972146755,0.052024354163963,255,False,False,False,post-evaluation hypothesis-generating; independent future validation required,0,0
ridge,False,extended_K,ridge::D_B_M_P_C_K,D_B_M_P_C_K,29,0.6906410876249356,ridge::D_B_M_P_C_A_K,prevalence,-0.0184698785487893,0.0049675034684186,0.0049975377799189,0.0284349197971268,255,True,False,False,post-evaluation hypothesis-generating; independent future validation required,1,1
ridge,False,extended_K,ridge::D_B_P_C_A_K,D_B_P_C_A_K,29,0.7068537085508356,ridge::D_B_M_P_C_A_K,prevalence,-0.0022572576228891,0.0211801243943187,0.021210158705819,0.044647540723027,255,False,False,False,post-evaluation hypothesis-generating; independent future validation required,0,0
ridge,False,extended_K,ridge::D_B_M_P_A_K,D_B_M_P_A_K,29,0.707894194264699,ridge::D_B_M_P_C_A_K,prevalence,-0.0012167719090258,0.0222206101081821,0.0222506444196824,0.0456880264368904,255,False,False,False,post-evaluation hypothesis-generating; independent future validation required,0,0
ridge,False,extended_K,ridge::D_M_P_C_A_K,D_M_P_C_A_K,29,0.7153202418676694,ridge::D_B_M_P_C_A_K,prevalence,0.0062092756939446,0.0296466577111525,0.0296766920226528,0.0531140740398608,255,False,False,False,post-evaluation hypothesis-generating; independent future validation required,0,0
ridge,False,extended_K,ridge::D_B_M_P_C_A_K,D_B_M_P_C_A_K,30,0.7091109661737248,ridge::D_B_M_P_C_A_K,prevalence,0.0,0.0,0.0234674163287082,0.0469047983459161,255,True,False,False,post-evaluation hypothesis-generating; independent future validation required,0,0
ridge_fixed,False,extended_K,ridge_fixed::NONE,NONE,0,0.6856435498450167,ridge_fixed::D_B_M_P_C_A_K,prevalence,0.004198980150256,0.0226433367270984,0.0,0.0184443565768424,255,False,False,False,post-evaluation hypothesis-generating; independent future validation required,0,0
ridge_fixed,False,extended_K,ridge_fixed::B,B,1,0.677439794026549,ridge_fixed::D_B_M_P_C_A_K,prevalence,-0.0040047756682115,0.0144395809086308,-0.0082037558184676,0.0102406007583747,255,False,False,False,post-evaluation hypothesis-generating; independent future validation required,0,0
ridge_fixed,False,extended_K,ridge_fixed::M,M,1,0.6799469663559442,ridge_fixed::D_B_M_P_C_A_K,prevalence,-0.0014976033388163,0.016946753238026,-0.0056965834890722,0.0127477730877701,255,False,False,False,post-evaluation hypothesis-generating; independent future validation required,0,0
ridge_fixed,False,extended_K,ridge_fixed::C,C,1,0.6848892262402849,ridge_fixed::D_B_M_P_C_A_K,prevalence,0.0034446565455245,0.0218890131223669,-0.0007543236047314,0.017690032972111,255,False,False,False,post-evaluation hypothesis-generating; independent future validation required,0,0
ridge_fixed,False,extended_K,ridge_fixed::A,A,1,0.6967690937084243,ridge_fixed::D_B_M_P_C_A_K,prevalence,0.0153245240136636,0.033768880590506,0.0111255438634075,0.02956990044025,255,False,False,False,post-evaluation hypothesis-generating; independent future validation required,0,0
ridge_fixed,False,extended_K,ridge_fixed::B_M,B_M,2,0.6742810892764769,ridge_fixed::D_B_M_P_C_A_K,prevalence,-0.0071634804182837,0.0112808761585586,-0.0113624605685397,0.0070818960083026,255,False,False,False,post-evaluation hypothesis-generating; independent future validation required,0,0
ridge_fixed,False,extended_K,ridge_fixed::B_C,B_C,2,0.6766124314072357,ridge_fixed::D_B_M_P_C_A_K,prevalence,-0.0048321382875248,0.0136122182893176,-0.0090311184377806,0.0094132381390617,255,False,False,False,post-evaluation hypothesis-generating; independent future validation required,0,0
ridge_fixed,False,extended_K,ridge_fixed::M_C,M_C,2,0.6792970886993044,ridge_fixed::D_B_M_P_C_A_K,prevalence,-0.0021474809954561,0.0162968755813862,-0.0063464611457121,0.0120978954311302,255,False,False,False,post-evaluation hypothesis-generating; independent future validation required,0,0
ridge_fixed,False,extended_K,ridge_fixed::B_A,B_A,2,0.6896428576408007,ridge_fixed::D_B_M_P_C_A_K,prevalence,0.0081982879460402,0.0266426445228826,0.0039993077957841,0.0224436643726265,255,False,False,False,post-evaluation hypothesis-generating; independent future validation required,0,0
ridge_fixed,False,extended_K,ridge_fixed::M_A,M_A,2,0.6910968417107293,ridge_fixed::D_B_M_P_C_A_K,prevalence,0.0096522720159687,0.0280966285928112,0.0054532918657128,0.0238976484425552,255,False,False,False,post-evaluation hypothesis-generating; independent future validation required,0,0
ridge_fixed,False,extended_K,ridge_fixed::C_A,C_A,2,0.6966535834095664,ridge_fixed::D_B_M_P_C_A_K,prevalence,0.0152090137148057,0.0336533702916481,0.0110100335645496,0.0294543901413921,255,False,False,False,post-evaluation hypothesis-generating; independent future validation required,0,0
ridge_fixed,False,extended_K,ridge_fixed::B_M_C,B_M_C,3,0.6735780902944525,ridge_fixed::D_B_M_P_C_A_K,prevalence,-0.0078664794003081,0.0105778771765342,-0.0120654595505641,0.0063788970262783,255,False,False,False,post-evaluation hypothesis-generating; independent future validation required,0,0
ridge_fixed,False,extended_K,ridge_fixed::B_M_A,B_M_A,3,0.6863806560519313,ridge_fixed::D_B_M_P_C_A_K,prevalence,0.0049360863571707,0.0233804429340132,0.0007371062069148,0.0191814627837572,255,False,False,False,post-evaluation hypothesis-generating; independent future validation required,0,0
ridge_fixed,False,extended_K,ridge_fixed::B_C_A,B_C_A,3,0.689413094073297,ridge_fixed::D_B_M_P_C_A_K,prevalence,0.0079685243785363,0.0264128809553787,0.0037695442282803,0.0222139008051227,255,False,False,False,post-evaluation hypothesis-generating; independent future validation required,0,0
ridge_fixed,False,extended_K,ridge_fixed::M_C_A,M_C_A,3,0.6910115491211328,ridge_fixed::D_B_M_P_C_A_K,prevalence,0.0095669794263723,0.0280113360032147,0.0053679992761163,0.0238123558529587,255,False,False,False,post-evaluation hypothesis-generating; independent future validation required,0,0
ridge_fixed,False,extended_K,ridge_fixed::B_M_C_A,B_M_C_A,4,0.6862360408312737,ridge_fixed::D_B_M_P_C_A_K,prevalence,0.004791471136513,0.0232358277133555,0.0005924909862571,0.0190368475630995,255,False,False,False,post-evaluation hypothesis-generating; independent future validation required,0,0
ridge_fixed,False,extended_K,ridge_fixed::D,D,4,0.6868493066876922,ridge_fixed::D_B_M_P_C_A_K,prevalence,0.0054047369929316,0.023849093569774,0.0012057568426756,0.019650113419518,255,False,False,False,post-evaluation hypothesis-generating; independent future validation required,0,0
ridge_fixed,False,extended_K,ridge_fixed::D_B,D_B,5,0.6782610561877807,ridge_fixed::D_B_M_P_C_A_K,prevalence,-0.0031835135069799,0.0152608430698625,-0.0073824936572359,0.0110618629196065,255,False,False,False,post-evaluation hypothesis-generating; independent future validation required,0,0
ridge_fixed,False,extended_K,ridge_fixed::D_M,D_M,5,0.6826358436694001,ridge_fixed::D_B_M_P_C_A_K,prevalence,0.0011912739746395,0.019635630551482,-0.0030077061756164,0.015436650401226,255,False,False,False,post-evaluation hypothesis-generating; independent future validation required,0,0
ridge_fixed,False,extended_K,ridge_fixed::D_C,D_C,5,0.6866799837243998,ridge_fixed::D_B_M_P_C_A_K,prevalence,0.0052354140296391,0.0236797706064816,0.0010364338793831,0.0194807904562256,255,False,False,False,post-evaluation hypothesis-generating; independent future validation required,0,0
ridge_fixed,False,extended_K,ridge_fixed::D_A,D_A,5,0.7021793555683171,ridge_fixed::D_B_M_P_C_A_K,prevalence,0.0207347858735565,0.0391791424503989,0.0165358057233005,0.0349801623001429,255,False,False,False,post-evaluation hypothesis-generating; independent future validation required,0,0
ridge_fixed,False,extended_K,ridge_fixed::D_B_M,D_B_M,6,0.6765270147953751,ridge_fixed::D_B_M_P_C_A_K,prevalence,-0.0049175548993854,0.0135268016774569,-0.0091165350496414,0.0093278215272009,255,False,False,False,post-evaluation hypothesis-generating; independent future validation required,0,0
ridge_fixed,False,extended_K,ridge_fixed::D_B_C,D_B_C,6,0.678149695096429,ridge_fixed::D_B_M_P_C_A_K,prevalence,-0.0032948745983315,0.0151494819785108,-0.0074938547485875,0.0109505018282548,255,False,False,False,post-evaluation hypothesis-generating; independent future validation required,0,0
ridge_fixed,False,extended_K,ridge_fixed::D_M_C,D_M_C,6,0.6827807801152355,ridge_fixed::D_B_M_P_C_A_K,prevalence,0.001336210420475,0.0197805669973174,-0.0028627697297809,0.0155815868470614,255,False,False,False,post-evaluation hypothesis-generating; independent future validation required,0,0
ridge_fixed,False,extended_K,ridge_fixed::D_B_A,D_B_A,6,0.6939976723385386,ridge_fixed::D_B_M_P_C_A_K,prevalence,0.0125531026437779,0.0309974592206203,0.0083541224935219,0.0267984790703643,255,False,False,False,post-evaluation hypothesis-generating; independent future validation required,0,0
ridge_fixed,False,extended_K,ridge_fixed::D_M_A,D_M_A,6,0.6978941461607561,ridge_fixed::D_B_M_P_C_A_K,prevalence,0.0164495764659955,0.0348939330428379,0.0122505963157395,0.030694952892582,255,False,False,False,post-evaluation hypothesis-generating; independent future validation required,0,0
ridge_fixed,False,extended_K,ridge_fixed::D_C_A,D_C_A,6,0.7026783715718511,ridge_fixed::D_B_M_P_C_A_K,prevalence,0.0212338018770904,0.0396781584539328,0.0170348217268344,0.0354791783036768,255,False,False,False,post-evaluation hypothesis-generating; independent future validation required,0,0
ridge_fixed,False,extended_K,ridge_fixed::D_B_M_C,D_B_M_C,7,0.6767741538859647,ridge_fixed::D_B_M_P_C_A_K,prevalence,-0.0046704158087958,0.0137739407680466,-0.0088693959590518,0.0095749606177906,255,False,False,False,post-evaluation hypothesis-generating; independent future validation required,0,0
ridge_fixed,False,extended_K,ridge_fixed::D_B_M_A,D_B_M_A,7,0.692166607319507,ridge_fixed::D_B_M_P_C_A_K,prevalence,0.0107220376247463,0.0291663942015887,0.0065230574744903,0.0249674140513327,255,False,False,False,post-evaluation hypothesis-generating; independent future validation required,0,0
ridge_fixed,False,extended_K,ridge_fixed::D_B_C_A,D_B_C_A,7,0.6944134339152416,ridge_fixed::D_B_M_P_C_A_K,prevalence,0.0129688642204809,0.0314132207973233,0.0087698840702249,0.0272142406470673,255,False,False,False,post-evaluation hypothesis-generating; independent future validation required,0,0
ridge_fixed,False,extended_K,ridge_fixed::D_M_C_A,D_M_C_A,7,0.6985083441546103,ridge_fixed::D_B_M_P_C_A_K,prevalence,0.0170637744598498,0.0355081310366922,0.0128647943095938,0.0313091508864362,255,False,False,False,post-evaluation hypothesis-generating; independent future validation required,0,0
ridge_fixed,False,extended_K,ridge_fixed::D_B_M_C_A,D_B_M_C_A,8,0.6927792686583069,ridge_fixed::D_B_M_P_C_A_K,prevalence,0.0113346989635464,0.0297790555403888,0.0071357188132904,0.0255800753901329,255,False,False,False,post-evaluation hypothesis-generating; independent future validation required,0,0
ridge_fixed,False,extended_K,ridge_fixed::K,K,11,0.6583518541404016,ridge_fixed::D_B_M_P_C_A_K,prevalence,-0.0230927155543589,-0.0046483589775165,-0.0272916957046149,-0.0088473391277725,255,True,True,True,post-evaluation hypothesis-generating; independent future validation required,3,2
ridge_fixed,False,extended_K,ridge_fixed::P,P,11,0.6870789281175402,ridge_fixed::D_B_M_P_C_A_K,prevalence,0.0056343584227795,0.024078714999622,0.0014353782725235,0.019879734849366,255,False,False,False,post-evaluation hypothesis-generating; independent future validation required,0,0
ridge_fixed,False,extended_K,ridge_fixed::B_K,B_K,12,0.6528338910005475,ridge_fixed::D_B_M_P_C_A_K,prevalence,-0.028610678694213,-0.0101663221173706,-0.0328096588444691,-0.0143653022676266,255,True,True,True,post-evaluation hypothesis-generating; independent future validation required,3,2
ridge_fixed,False,extended_K,ridge_fixed::C_K,C_K,12,0.6577914542596741,ridge_fixed::D_B_M_P_C_A_K,prevalence,-0.0236531154350863,-0.0052087588582439,-0.0278520955853424,-0.0094077390084999,255,True,True,True,post-evaluation hypothesis-generating; independent future validation required,3,2
ridge_fixed,False,extended_K,ridge_fixed::M_K,M_K,12,0.6592878584997254,ridge_fixed::D_B_M_P_C_A_K,prevalence,-0.0221567111950351,-0.0037123546181926,-0.0263556913452911,-0.0079113347684487,255,True,True,True,post-evaluation hypothesis-generating; independent future validation required,3,2
ridge_fixed,False,extended_K,ridge_fixed::A_K,A_K,12,0.6711736090830889,ridge_fixed::D_B_M_P_C_A_K,prevalence,-0.0102709606116716,0.0081733959651708,-0.0144699407619276,0.0039744158149147,255,True,False,False,post-evaluation hypothesis-generating; independent future validation required,0,0
ridge_fixed,False,extended_K,ridge_fixed::B_P,B_P,12,0.6807002634376358,ridge_fixed::D_B_M_P_C_A_K,prevalence,-0.0007443062571248,0.0177000503197175,-0.0049432864073808,0.0135010701694616,255,False,False,False,post-evaluation hypothesis-generating; independent future validation required,0,0
ridge_fixed,False,extended_K,ridge_fixed::M_P,M_P,12,0.6815015264227682,ridge_fixed::D_B_M_P_C_A_K,prevalence,5.695672800760577e-05,0.01850131330485,-0.0041420234222483,0.014302333154594,255,False,False,False,post-evaluation hypothesis-generating; independent future validation required,0,0
ridge_fixed,False,extended_K,ridge_fixed::P_C,P_C,12,0.6862730153653215,ridge_fixed::D_B_M_P_C_A_K,prevalence,0.0048284456705609,0.0232728022474034,0.000629465520305,0.0190738220971474,255,False,False,False,post-evaluation hypothesis-generating; independent future validation required,0,0
ridge_fixed,False,extended_K,ridge_fixed::P_A,P_A,12,0.697519519995956,ridge_fixed::D_B_M_P_C_A_K,prevalence,0.0160749503011953,0.0345193068780377,0.0118759701509393,0.0303203267277817,255,False,False,False,post-evaluation hypothesis-generating; independent future validation required,0,0
ridge_fixed,False,extended_K,ridge_fixed::B_C_K,B_C_K,13,0.652237315068973,ridge_fixed::D_B_M_P_C_A_K,prevalence,-0.0292072546257875,-0.0107628980489451,-0.0334062347760435,-0.0149618781992011,255,True,True,True,post-evaluation hypothesis-generating; independent future validation required,3,2
ridge_fixed,False,extended_K,ridge_fixed::B_M_K,B_M_K,13,0.6552804678335662,ridge_fixed::D_B_M_P_C_A_K,prevalence,-0.0261641018611943,-0.0077197452843519,-0.0303630820114503,-0.0119187254346078,255,True,True,True,post-evaluation hypothesis-generating; independent future validation required,2,1
ridge_fixed,False,extended_K,ridge_fixed::M_C_K,M_C_K,13,0.6589655330464331,ridge_fixed::D_B_M_P_C_A_K,prevalence,-0.0224790366483275,-0.0040346800714851,-0.0266780167985835,-0.008233660221741,255,True,True,True,post-evaluation hypothesis-generating; independent future validation required,3,2
ridge_fixed,False,extended_K,ridge_fixed::B_A_K,B_A_K,13,0.666372948792042,ridge_fixed::D_B_M_P_C_A_K,prevalence,-0.0150716209027185,0.0033727356741238,-0.0192706010529745,-0.0008262444761321,255,True,True,True,post-evaluation hypothesis-generating; independent future validation required,1,1
ridge_fixed,False,extended_K,ridge_fixed::C_A_K,C_A_K,13,0.6710668213007681,ridge_fixed::D_B_M_P_C_A_K,prevalence,-0.0103777483939924,0.0080666081828499,-0.0145767285442484,0.003867628032594,255,True,False,False,post-evaluation hypothesis-generating; independent future validation required,0,0
ridge_fixed,False,extended_K,ridge_fixed::M_A_K,M_A_K,13,0.6717640402690699,ridge_fixed::D_B_M_P_C_A_K,prevalence,-0.0096805294256907,0.0087638271511516,-0.0138795095759467,0.0045648470008956,255,True,False,False,post-evaluation hypothesis-generating; independent future validation required,0,0
ridge_fixed,False,extended_K,ridge_fixed::B_M_P,B_M_P,13,0.6773648492273466,ridge_fixed::D_B_M_P_C_A_K,prevalence,-0.0040797204674139,0.0143646361094285,-0.0082787006176698,0.0101656559591725,255,False,False,False,post-evaluation hypothesis-generating; independent future validation required,0,0
ridge_fixed,False,extended_K,ridge_fixed::B_P_C,B_P_C,13,0.6797682464779038,ridge_fixed::D_B_M_P_C_A_K,prevalence,-0.0016763232168566,0.0167680333599857,-0.0058753033671126,0.0125690532097297,255,False,False,False,post-evaluation hypothesis-generating; independent future validation required,0,0
ridge_fixed,False,extended_K,ridge_fixed::M_P_C,M_P_C,13,0.6807576392979802,ridge_fixed::D_B_M_P_C_A_K,prevalence,-0.0006869303967804,0.0177574261800619,-0.0048859105470364,0.013558446029806,255,False,False,False,post-evaluation hypothesis-generating; independent future validation required,0,0
ridge_fixed,False,extended_K,ridge_fixed::B_P_A,B_P_A,13,0.6917583334379683,ridge_fixed::D_B_M_P_C_A_K,prevalence,0.0103137637432078,0.0287581203200502,0.0061147835929518,0.0245591401697942,255,False,False,False,post-evaluation hypothesis-generating; independent future validation required,0,0
ridge_fixed,False,extended_K,ridge_fixed::M_P_A,M_P_A,13,0.6919622110901643,ridge_fixed::D_B_M_P_C_A_K,prevalence,0.0105176413954037,0.0289619979722461,0.0063186612451477,0.0247630178219901,255,False,False,False,post-evaluation hypothesis-generating; independent future validation required,0,0
ridge_fixed,False,extended_K,ridge_fixed::P_C_A,P_C_A,13,0.6973268299556493,ridge_fixed::D_B_M_P_C_A_K,prevalence,0.0158822602608887,0.0343266168377312,0.0116832801106327,0.0301276366874751,255,False,False,False,post-evaluation hypothesis-generating; independent future validation required,0,0
ridge_fixed,False,extended_K,ridge_fixed::B_M_C_K,B_M_C_K,14,0.6548792499896149,ridge_fixed::D_B_M_P_C_A_K,prevalence,-0.0265653197051456,-0.0081209631283032,-0.0307642998554017,-0.0123199432785593,255,True,True,True,post-evaluation hypothesis-generating; independent future validation required,3,2
ridge_fixed,False,extended_K,ridge_fixed::B_C_A_K,B_C_A_K,14,0.6661703469907019,ridge_fixed::D_B_M_P_C_A_K,prevalence,-0.0152742227040586,0.0031701338727837,-0.0194732028543146,-0.0010288462774722,255,True,True,True,post-evaluation hypothesis-generating; independent future validation required,1,1
ridge_fixed,False,extended_K,ridge_fixed::B_M_A_K,B_M_A_K,14,0.6684455708595938,ridge_fixed::D_B_M_P_C_A_K,prevalence,-0.0129989988351667,0.0054453577416756,-0.0171979789854227,0.0012463775914196,255,True,False,False,post-evaluation hypothesis-generating; independent future validation required,0,0
ridge_fixed,False,extended_K,ridge_fixed::M_C_A_K,M_C_A_K,14,0.6719367901625388,ridge_fixed::D_B_M_P_C_A_K,prevalence,-0.0095077795322217,0.0089365770446206,-0.0137067596824777,0.0047375968943646,255,True,False,False,post-evaluation hypothesis-generating; independent future validation required,0,0
ridge_fixed,False,extended_K,ridge_fixed::B_M_P_C,B_M_P_C,14,0.6765303696163217,ridge_fixed::D_B_M_P_C_A_K,prevalence,-0.0049142000784389,0.0135301564984034,-0.0091131802286949,0.0093311763481474,255,False,False,False,post-evaluation hypothesis-generating; independent future validation required,0,0
ridge_fixed,False,extended_K,ridge_fixed::B_M_P_A,B_M_P_A,14,0.6882812315062049,ridge_fixed::D_B_M_P_C_A_K,prevalence,0.0068366618114442,0.0252810183882866,0.0026376816611882,0.0210820382380307,255,False,False,False,post-evaluation hypothesis-generating; independent future validation required,0,0
ridge_fixed,False,extended_K,ridge_fixed::B_P_C_A,B_P_C_A,14,0.6913619415022128,ridge_fixed::D_B_M_P_C_A_K,prevalence,0.0099173718074523,0.0283617283842947,0.0057183916571963,0.0241627482340387,255,False,False,False,post-evaluation hypothesis-generating; independent future validation required,0,0
ridge_fixed,False,extended_K,ridge_fixed::M_P_C_A,M_P_C_A,14,0.6918166409874114,ridge_fixed::D_B_M_P_C_A_K,prevalence,0.0103720712926508,0.0288164278694933,0.0061730911423948,0.0246174477192372,255,False,False,False,post-evaluation hypothesis-generating; independent future validation required,0,0
ridge_fixed,False,extended_K,ridge_fixed::D_K,D_K,15,0.6662749544394736,ridge_fixed::D_B_M_P_C_A_K,prevalence,-0.0151696152552868,0.0032747413215555,-0.0193685954055428,-0.0009242388287004,255,True,True,True,post-evaluation hypothesis-generating; independent future validation required,1,1
ridge_fixed,False,extended_K,ridge_fixed::B_M_C_A_K,B_M_C_A_K,15,0.6685092046744535,ridge_fixed::D_B_M_P_C_A_K,prevalence,-0.012935365020307,0.0055089915565353,-0.017134345170563,0.0013100114062793,255,True,False,False,post-evaluation hypothesis-generating; independent future validation required,0,0
ridge_fixed,False,extended_K,ridge_fixed::B_M_P_C_A,B_M_P_C_A,15,0.6880212884406041,ridge_fixed::D_B_M_P_C_A_K,prevalence,0.0065767187458435,0.0250210753226859,0.0023777385955875,0.0208220951724299,255,False,False,False,post-evaluation hypothesis-generating; independent future validation required,0,0
ridge_fixed,False,extended_K,ridge_fixed::D_P,D_P,15,0.6899636686563089,ridge_fixed::D_B_M_P_C_A_K,prevalence,0.0085190989615483,0.0269634555383907,0.0043201188112923,0.0227644753881347,255,False,False,False,post-evaluation hypothesis-generating; independent future validation required,0,0
ridge_fixed,False,extended_K,ridge_fixed::D_B_K,D_B_K,16,0.6596940162000948,ridge_fixed::D_B_M_P_C_A_K,prevalence,-0.0217505534946657,-0.0033061969178233,-0.0259495336449218,-0.0075051770680793,255,True,True,True,post-evaluation hypothesis-generating; independent future validation required,1,1
ridge_fixed,False,extended_K,ridge_fixed::D_C_K,D_C_K,16,0.6661890288921699,ridge_fixed::D_B_M_P_C_A_K,prevalence,-0.0152555408025906,0.0031888157742518,-0.0194545209528465,-0.0010101643760041,255,True,True,True,post-evaluation hypothesis-generating; independent future validation required,1,1
ridge_fixed,False,extended_K,ridge_fixed::D_M_K,D_M_K,16,0.6677137021916781,ridge_fixed::D_B_M_P_C_A_K,prevalence,-0.0137308675030824,0.0047134890737599,-0.0179298476533384,0.0005145089235039,255,True,False,False,post-evaluation hypothesis-generating; independent future validation required,0,0
ridge_fixed,False,extended_K,ridge_fixed::D_A_K,D_A_K,16,0.6823409560853778,ridge_fixed::D_B_M_P_C_A_K,prevalence,0.0008963863906173,0.0193407429674597,-0.0033025937596386,0.0151417628172037,255,False,False,False,post-evaluation hypothesis-generating; independent future validation required,0,0
ridge_fixed,False,extended_K,ridge_fixed::D_B_P,D_B_P,16,0.6828081660454275,ridge_fixed::D_B_M_P_C_A_K,prevalence,0.0013635963506667,0.0198079529275092,-0.0028353837995891,0.0156089727772532,255,False,False,False,post-evaluation hypothesis-generating; independent future validation required,0,0
ridge_fixed,False,extended_K,ridge_fixed::D_M_P,D_M_P,16,0.6853659145522563,ridge_fixed::D_B_M_P_C_A_K,prevalence,0.0039213448574957,0.0223657014343381,-0.0002776352927602,0.0181667212840821,255,False,False,False,post-evaluation hypothesis-generating; independent future validation required,0,0
ridge_fixed,False,extended_K,ridge_fixed::D_P_C,D_P_C,16,0.689862727310767,ridge_fixed::D_B_M_P_C_A_K,prevalence,0.0084181576160065,0.0268625141928489,0.0042191774657505,0.0226635340425929,255,False,False,False,post-evaluation hypothesis-generating; independent future validation required,0,0
ridge_fixed,False,extended_K,ridge_fixed::D_P_A,D_P_A,16,0.7042566319362981,ridge_fixed::D_B_M_P_C_A_K,prevalence,0.0228120622415374,0.0412564188183798,0.0186130820912814,0.0370574386681238,255,False,False,False,post-evaluation hypothesis-generating; independent future validation required,0,0
ridge_fixed,False,extended_K,ridge_fixed::D_B_C_K,D_B_C_K,17,0.6595085645031791,ridge_fixed::D_B_M_P_C_A_K,prevalence,-0.0219360051915814,-0.003491648614739,-0.0261349853418374,-0.007690628764995,255,True,True,True,post-evaluation hypothesis-generating; independent future validation required,1,1
ridge_fixed,False,extended_K,ridge_fixed::D_B_M_K,D_B_M_K,17,0.6625869806154916,ridge_fixed::D_B_M_P_C_A_K,prevalence,-0.0188575890792689,-0.0004132325024265,-0.0230565692295249,-0.0046122126526825,255,True,True,True,post-evaluation hypothesis-generating; independent future validation required,1,1
ridge_fixed,False,extended_K,ridge_fixed::D_M_C_K,D_M_C_K,17,0.6678301446140482,ridge_fixed::D_B_M_P_C_A_K,prevalence,-0.0136144250807123,0.0048299314961301,-0.0178134052309682,0.0006309513458741,255,True,False,False,post-evaluation hypothesis-generating; independent future validation required,0,0
ridge_fixed,False,extended_K,ridge_fixed::D_B_A_K,D_B_A_K,17,0.6757643665502623,ridge_fixed::D_B_M_P_C_A_K,prevalence,-0.0056802031444982,0.0127641534323441,-0.0098791832947542,0.0085651732820881,255,False,False,False,post-evaluation hypothesis-generating; independent future validation required,0,0
ridge_fixed,False,extended_K,ridge_fixed::D_B_M_P,D_B_M_P,17,0.6803586846891888,ridge_fixed::D_B_M_P_C_A_K,prevalence,-0.0010858850055717,0.0173584715712706,-0.0052848651558277,0.0131594914210146,255,False,False,False,post-evaluation hypothesis-generating; independent future validation required,0,0
ridge_fixed,False,extended_K,ridge_fixed::D_C_A_K,D_C_A_K,17,0.6827311006266209,ridge_fixed::D_B_M_P_C_A_K,prevalence,0.0012865309318603,0.0197308875087027,-0.0029124492183956,0.0155319073584467,255,False,False,False,post-evaluation hypothesis-generating; independent future validation required,0,0
ridge_fixed,False,extended_K,ridge_fixed::D_B_P_C,D_B_P_C,17,0.6827817286386232,ridge_fixed::D_B_M_P_C_A_K,prevalence,0.0013371589438625,0.0197815155207049,-0.0028618212063934,0.0155825353704489,255,False,False,False,post-evaluation hypothesis-generating; independent future validation required,0,0
ridge_fixed,False,extended_K,ridge_fixed::D_M_A_K,D_M_A_K,17,0.6833564918359376,ridge_fixed::D_B_M_P_C_A_K,prevalence,0.0019119221411769,0.0203562787180193,-0.002287058009079,0.0161572985677633,255,False,False,False,post-evaluation hypothesis-generating; independent future validation required,0,0
ridge_fixed,False,extended_K,ridge_fixed::D_M_P_C,D_M_P_C,17,0.6854633490509352,ridge_fixed::D_B_M_P_C_A_K,prevalence,0.0040187793561746,0.022463135933017,-0.0001802007940813,0.018264155782761,255,False,False,False,post-evaluation hypothesis-generating; independent future validation required,0,0
ridge_fixed,False,extended_K,ridge_fixed::D_B_P_A,D_B_P_A,17,0.696769721142331,ridge_fixed::D_B_M_P_C_A_K,prevalence,0.0153251514475704,0.0337695080244129,0.0111261712973145,0.0295705278741569,255,False,False,False,post-evaluation hypothesis-generating; independent future validation required,0,0
ridge_fixed,False,extended_K,ridge_fixed::D_M_P_A,D_M_P_A,17,0.6994532040895722,ridge_fixed::D_B_M_P_C_A_K,prevalence,0.0180086343948116,0.0364529909716541,0.0138096542445556,0.0322540108213981,255,False,False,False,post-evaluation hypothesis-generating; independent future validation required,0,0
ridge_fixed,False,extended_K,ridge_fixed::D_P_C_A,D_P_C_A,17,0.704559949591395,ridge_fixed::D_B_M_P_C_A_K,prevalence,0.0231153798966344,0.0415597364734768,0.0189163997463784,0.0373607563232208,255,False,False,False,post-evaluation hypothesis-generating; independent future validation required,0,0
ridge_fixed,False,extended_K,ridge_fixed::D_B_M_C_K,D_B_M_C_K,18,0.6626823441848146,ridge_fixed::D_B_M_P_C_A_K,prevalence,-0.0187622255099459,-0.0003178689331034,-0.0229612056602019,-0.0045168490833594,255,True,True,True,post-evaluation hypothesis-generating; independent future validation required,1,1
ridge_fixed,False,extended_K,ridge_fixed::D_B_C_A_K,D_B_C_A_K,18,0.6761451523491497,ridge_fixed::D_B_M_P_C_A_K,prevalence,-0.0052994173456107,0.0131449392312316,-0.0094983974958667,0.0089459590809756,255,False,False,False,post-evaluation hypothesis-generating; independent future validation required,0,0
ridge_fixed,False,extended_K,ridge_fixed::D_B_M_A_K,D_B_M_A_K,18,0.6784009650362811,ridge_fixed::D_B_M_P_C_A_K,prevalence,-0.0030436046584795,0.0154007519183628,-0.0072425848087355,0.0112017717681069,255,False,False,False,post-evaluation hypothesis-generating; independent future validation required,0,0
ridge_fixed,False,extended_K,ridge_fixed::D_B_M_P_C,D_B_M_P_C,18,0.6803352214911252,ridge_fixed::D_B_M_P_C_A_K,prevalence,-0.0011093482036352,0.0173350083732071,-0.0053083283538912,0.0131360282229511,255,False,False,False,post-evaluation hypothesis-generating; independent future validation required,0,0
ridge_fixed,False,extended_K,ridge_fixed::D_M_C_A_K,D_M_C_A_K,18,0.6840585738234571,ridge_fixed::D_B_M_P_C_A_K,prevalence,0.0026140041286965,0.0210583607055389,-0.0015849760215594,0.016859380555283,255,False,False,False,post-evaluation hypothesis-generating; independent future validation required,0,0
ridge_fixed,False,extended_K,ridge_fixed::D_B_M_P_A,D_B_M_P_A,18,0.6940856023383204,ridge_fixed::D_B_M_P_C_A_K,prevalence,0.0126410326435598,0.0310853892204022,0.0084420524933037,0.0268864090701462,255,False,False,False,post-evaluation hypothesis-generating; independent future validation required,0,0
ridge_fixed,False,extended_K,ridge_fixed::D_B_P_C_A,D_B_P_C_A,18,0.6970217636524865,ridge_fixed::D_B_M_P_C_A_K,prevalence,0.0155771939577259,0.0340215505345683,0.0113782138074699,0.0298225703843123,255,False,False,False,post-evaluation hypothesis-generating; independent future validation required,0,0
ridge_fixed,False,extended_K,ridge_fixed::D_M_P_C_A,D_M_P_C_A,18,0.6999965892842004,ridge_fixed::D_B_M_P_C_A_K,prevalence,0.0185520195894397,0.0369963761662821,0.0143530394391837,0.0327973960160262,255,False,False,False,post-evaluation hypothesis-generating; independent future validation required,0,0
ridge_fixed,False,extended_K,ridge_fixed::D_B_M_C_A_K,D_B_M_C_A_K,19,0.6790911476449201,ridge_fixed::D_B_M_P_C_A_K,prevalence,-0.0023534220498403,0.016090934527002,-0.0065524022000963,0.011891954376746,255,False,False,False,post-evaluation hypothesis-generating; independent future validation required,0,0
ridge_fixed,False,extended_K,ridge_fixed::D_B_M_P_C_A,D_B_M_P_C_A,19,0.694565615651307,ridge_fixed::D_B_M_P_C_A_K,prevalence,0.0131210459565466,0.031565402533389,0.0089220658062906,0.027366422383133,255,False,False,False,post-evaluation hypothesis-generating; independent future validation required,0,0
ridge_fixed,False,extended_K,ridge_fixed::P_K,P_K,22,0.661970526359566,ridge_fixed::D_B_M_P_C_A_K,prevalence,-0.0194740433351946,-0.0010296867583522,-0.0236730234854506,-0.0052286669086082,255,True,True,True,post-evaluation hypothesis-generating; independent future validation required,2,1
ridge_fixed,False,extended_K,ridge_fixed::B_P_K,B_P_K,23,0.6576856629831351,ridge_fixed::D_B_M_P_C_A_K,prevalence,-0.0237589067116253,-0.0053145501347829,-0.0279578868618814,-0.0095135302850389,255,True,True,True,post-evaluation hypothesis-generating; independent future validation required,2,1
ridge_fixed,False,extended_K,ridge_fixed::P_C_K,P_C_K,23,0.6612553582464039,ridge_fixed::D_B_M_P_C_A_K,prevalence,-0.0201892114483566,-0.0017448548715142,-0.0243881915986126,-0.0059438350217702,255,True,True,True,post-evaluation hypothesis-generating; independent future validation required,2,1
ridge_fixed,False,extended_K,ridge_fixed::M_P_K,M_P_K,23,0.6624747283481627,ridge_fixed::D_B_M_P_C_A_K,prevalence,-0.0189698413465978,-0.0005254847697554,-0.0231688214968538,-0.0047244649200114,255,True,True,True,post-evaluation hypothesis-generating; independent future validation required,1,1
ridge_fixed,False,extended_K,ridge_fixed::P_A_K,P_A_K,23,0.6734403296927775,ridge_fixed::D_B_M_P_C_A_K,prevalence,-0.0080042400019831,0.0104401165748593,-0.0122032201522391,0.0062411364246032,255,False,False,False,post-evaluation hypothesis-generating; independent future validation required,0,0
ridge_fixed,False,extended_K,ridge_fixed::B_P_C_K,B_P_C_K,24,0.6568999430523016,ridge_fixed::D_B_M_P_C_A_K,prevalence,-0.024544626642459,-0.0061002700656166,-0.0287436067927149,-0.0102992502158725,255,True,True,True,post-evaluation hypothesis-generating; independent future validation required,2,1
ridge_fixed,False,extended_K,ridge_fixed::B_M_P_K,B_M_P_K,24,0.659562500595995,ridge_fixed::D_B_M_P_C_A_K,prevalence,-0.0218820690987656,-0.0034377125219232,-0.0260810492490216,-0.0076366926721792,255,True,True,True,post-evaluation hypothesis-generating; independent future validation required,2,1
ridge_fixed,False,extended_K,ridge_fixed::M_P_C_K,M_P_C_K,24,0.661979648815949,ridge_fixed::D_B_M_P_C_A_K,prevalence,-0.0194649208788115,-0.0010205643019691,-0.0236639010290676,-0.0052195444522251,255,True,True,True,post-evaluation hypothesis-generating; independent future validation required,2,1
ridge_fixed,False,extended_K,ridge_fixed::B_P_A_K,B_P_A_K,24,0.6694519731390196,ridge_fixed::D_B_M_P_C_A_K,prevalence,-0.0119925965557408,0.0064517600211015,-0.0161915767059968,0.0022527798708455,255,True,False,False,post-evaluation hypothesis-generating; independent future validation required,0,0
ridge_fixed,False,extended_K,ridge_fixed::P_C_A_K,P_C_A_K,24,0.6732299500327832,ridge_fixed::D_B_M_P_C_A_K,prevalence,-0.0082146196619774,0.0102297369148649,-0.0124135998122333,0.006030756764609,255,False,False,False,post-evaluation hypothesis-generating; independent future validation required,0,0
ridge_fixed,False,extended_K,ridge_fixed::M_P_A_K,M_P_A_K,24,0.6736895523672849,ridge_fixed::D_B_M_P_C_A_K,prevalence,-0.0077550173274758,0.0106893392493665,-0.0119539974777318,0.0064903590991105,255,False,False,False,post-evaluation hypothesis-generating; independent future validation required,0,0
ridge_fixed,False,extended_K,ridge_fixed::B_M_P_C_K,B_M_P_C_K,25,0.6589681841620904,ridge_fixed::D_B_M_P_C_A_K,prevalence,-0.0224763855326702,-0.0040320289558278,-0.0266753656829262,-0.0082310091060838,255,True,True,True,post-evaluation hypothesis-generating; independent future validation required,2,1
ridge_fixed,False,extended_K,ridge_fixed::B_P_C_A_K,B_P_C_A_K,25,0.6691156150654222,ridge_fixed::D_B_M_P_C_A_K,prevalence,-0.0123289546293385,0.0061154019475039,-0.0165279347795945,0.0019164217972479,255,True,False,False,post-evaluation hypothesis-generating; independent future validation required,0,0
ridge_fixed,False,extended_K,ridge_fixed::B_M_P_A_K,B_M_P_A_K,25,0.6710814498493852,ridge_fixed::D_B_M_P_C_A_K,prevalence,-0.0103631198453753,0.008081236731467,-0.0145620999956313,0.003882256581211,255,True,False,False,post-evaluation hypothesis-generating; independent future validation required,0,0
ridge_fixed,False,extended_K,ridge_fixed::M_P_C_A_K,M_P_C_A_K,25,0.6737236397497659,ridge_fixed::D_B_M_P_C_A_K,prevalence,-0.0077209299449946,0.0107234266318477,-0.0119199100952506,0.0065244464815917,255,False,False,False,post-evaluation hypothesis-generating; independent future validation required,0,0
ridge_fixed,False,extended_K,ridge_fixed::B_M_P_C_A_K,B_M_P_C_A_K,26,0.6710031106527569,ridge_fixed::D_B_M_P_C_A_K,prevalence,-0.0104414590420036,0.0080028975348387,-0.0146404391922596,0.0038039173845827,255,True,False,False,post-evaluation hypothesis-generating; independent future validation required,0,0
ridge_fixed,False,extended_K,ridge_fixed::D_P_K,D_P_K,26,0.6710381685328014,ridge_fixed::D_B_M_P_C_A_K,prevalence,-0.0104064011619591,0.0080379554148832,-0.0146053813122151,0.0038389752646272,255,True,False,False,post-evaluation hypothesis-generating; independent future validation required,0,0
ridge_fixed,False,extended_K,ridge_fixed::D_B_P_K,D_B_P_K,27,0.6654988512614038,ridge_fixed::D_B_M_P_C_A_K,prevalence,-0.0159457184333568,0.0024986381434856,-0.0201446985836127,-0.0017003420067703,255,True,True,True,post-evaluation hypothesis-generating; independent future validation required,1,1
ridge_fixed,False,extended_K,ridge_fixed::D_P_C_K,D_P_C_K,27,0.6707716531819047,ridge_fixed::D_B_M_P_C_A_K,prevalence,-0.010672916512856,0.0077714400639864,-0.0148718966631119,0.0035724599137304,255,True,False,False,post-evaluation hypothesis-generating; independent future validation required,0,0
ridge_fixed,False,extended_K,ridge_fixed::D_M_P_K,D_M_P_K,27,0.6713531979819107,ridge_fixed::D_B_M_P_C_A_K,prevalence,-0.0100913717128498,0.0083529848639925,-0.0142903518631058,0.0041540047137365,255,True,False,False,post-evaluation hypothesis-generating; independent future validation required,0,0
ridge_fixed,False,extended_K,ridge_fixed::D_P_A_K,D_P_A_K,27,0.6852640454025044,ridge_fixed::D_B_M_P_C_A_K,prevalence,0.0038194757077438,0.0222638322845863,-0.000379504442512,0.0180648521343303,255,False,False,False,post-evaluation hypothesis-generating; independent future validation required,0,0
ridge_fixed,False,extended_K,ridge_fixed::D_B_P_C_K,D_B_P_C_K,28,0.6651399075693862,ridge_fixed::D_B_M_P_C_A_K,prevalence,-0.0163046621253742,0.0021396944514681,-0.0205036422756302,-0.0020592856987878,255,True,True,True,post-evaluation hypothesis-generating; independent future validation required,1,1
ridge_fixed,False,extended_K,ridge_fixed::D_B_M_P_K,D_B_M_P_K,28,0.667042691421227,ridge_fixed::D_B_M_P_C_A_K,prevalence,-0.0144018782735335,0.0040424783033088,-0.0186008584237895,-0.0001565018469471,255,True,True,True,post-evaluation hypothesis-generating; independent future validation required,1,1
ridge_fixed,False,extended_K,ridge_fixed::D_M_P_C_K,D_M_P_C_K,28,0.6713735976778893,ridge_fixed::D_B_M_P_C_A_K,prevalence,-0.0100709720168713,0.008373384559971,-0.0142699521671272,0.0041744044097151,255,True,False,False,post-evaluation hypothesis-generating; independent future validation required,0,0
ridge_fixed,False,extended_K,ridge_fixed::D_B_P_A_K,D_B_P_A_K,28,0.6794527802359973,ridge_fixed::D_B_M_P_C_A_K,prevalence,-0.0019917894587632,0.0164525671180791,-0.0061907696090192,0.0122535869678231,255,False,False,False,post-evaluation hypothesis-generating; independent future validation required,0,0
ridge_fixed,False,extended_K,ridge_fixed::D_M_P_A_K,D_M_P_A_K,28,0.6853612385684914,ridge_fixed::D_B_M_P_C_A_K,prevalence,0.0039166688737308,0.0223610254505732,-0.0002823112765251,0.0181620453003172,255,False,False,False,post-evaluation hypothesis-generating; independent future validation required,0,0
ridge_fixed,False,extended_K,ridge_fixed::D_P_C_A_K,D_P_C_A_K,28,0.6855026806501163,ridge_fixed::D_B_M_P_C_A_K,prevalence,0.0040581109553557,0.0225024675321981,-0.0001408691949002,0.0183034873819421,255,False,False,False,post-evaluation hypothesis-generating; independent future validation required,0,0
ridge_fixed,False,extended_K,ridge_fixed::D_B_M_P_C_K,D_B_M_P_C_K,29,0.6670730485431332,ridge_fixed::D_B_M_P_C_A_K,prevalence,-0.0143715211516274,0.004072835425215,-0.0185705013018833,-0.0001261447250409,255,True,True,True,post-evaluation hypothesis-generating; independent future validation required,1,1
ridge_fixed,False,extended_K,ridge_fixed::D_B_P_C_A_K,D_B_P_C_A_K,29,0.6796415381611642,ridge_fixed::D_B_M_P_C_A_K,prevalence,-0.0018030315335962,0.0166413250432461,-0.0060020116838522,0.0124423448929901,255,False,False,False,post-evaluation hypothesis-generating; independent future validation required,0,0
ridge_fixed,False,extended_K,ridge_fixed::D_B_M_P_A_K,D_B_M_P_A_K,29,0.6808472494133316,ridge_fixed::D_B_M_P_C_A_K,prevalence,-0.000597320281429,0.0178470362954133,-0.004796300431685,0.0136480561451573,255,False,False,False,post-evaluation hypothesis-generating; independent future validation required,0,0
ridge_fixed,False,extended_K,ridge_fixed::D_M_P_C_A_K,D_M_P_C_A_K,29,0.6859909636684781,ridge_fixed::D_B_M_P_C_A_K,prevalence,0.0045463939737176,0.02299075055056,0.0003474138234616,0.018791770400304,255,False,False,False,post-evaluation hypothesis-generating; independent future validation required,0,0
ridge_fixed,False,extended_K,ridge_fixed::D_B_M_P_C_A_K,D_B_M_P_C_A_K,30,0.6814445696947606,ridge_fixed::D_B_M_P_C_A_K,prevalence,0.0,0.0,-0.004198980150256,0.0142453764265864,255,True,False,False,post-evaluation hypothesis-generating; independent future validation required,0,0
hgb,True,extended_K,hgb::H,H,0,0.6606404546592651,hgb::H_D_B_M_P_C_A_K,P0,-0.0099857375836368,0.0126852985713574,1.5836049553628154e-05,0.0226868722045478,255,False,False,False,post-evaluation hypothesis-generating; independent future validation required,0,0
hgb,True,extended_K,hgb::H_B,H_B,1,0.6568702773889398,hgb::H_D_B_M_P_C_A_K,P0,-0.0137559148539622,0.008915121301032,-0.0037543412207717,0.0189166949342224,255,True,False,False,post-evaluation hypothesis-generating; independent future validation required,0,0
hgb,True,extended_K,hgb::H_C,H_C,1,0.6598634794142396,hgb::H_D_B_M_P_C_A_K,P0,-0.0107627128286624,0.0119083233263317,-0.000761139195472,0.0219098969595222,255,False,False,False,post-evaluation hypothesis-generating; independent future validation required,0,0
hgb,True,extended_K,hgb::H_M,H_M,1,0.6689721153143604,hgb::H_D_B_M_P_C_A_K,P0,-0.0016540769285416,0.0210169592264525,0.0083474967046486,0.0310185328596429,255,False,False,False,post-evaluation hypothesis-generating; independent future validation required,0,0
hgb,True,extended_K,hgb::H_A,H_A,1,0.676010880607885,hgb::H_D_B_M_P_C_A_K,P0,0.0053846883649829,0.0280557245199772,0.0153862619981736,0.0380572981531679,255,False,False,False,post-evaluation hypothesis-generating; independent future validation required,0,0
hgb,True,extended_K,hgb::H_B_C,H_B_C,2,0.6558155420534334,hgb::H_D_B_M_P_C_A_K,P0,-0.0148106501894685,0.0078603859655256,-0.0048090765562781,0.0178619595987161,255,True,False,False,post-evaluation hypothesis-generating; independent future validation required,0,0
hgb,True,extended_K,hgb::H_B_M,H_B_M,2,0.6640167344252859,hgb::H_D_B_M_P_C_A_K,P0,-0.006609457817616,0.0160615783373781,0.0033921158155744,0.0260631519705686,255,False,False,False,post-evaluation hypothesis-generating; independent future validation required,0,0
hgb,True,extended_K,hgb::H_M_C,H_M_C,2,0.6641978953179671,hgb::H_D_B_M_P_C_A_K,P0,-0.0064282969249348,0.0162427392300593,0.0035732767082555,0.0262443128632498,255,False,False,False,post-evaluation hypothesis-generating; independent future validation required,0,0
hgb,True,extended_K,hgb::H_B_A,H_B_A,2,0.6657139341103271,hgb::H_D_B_M_P_C_A_K,P0,-0.0049122581325749,0.0177587780224192,0.0050893155006155,0.0277603516556097,255,False,False,False,post-evaluation hypothesis-generating; independent future validation required,0,0
hgb,True,extended_K,hgb::H_C_A,H_C_A,2,0.6734837350999657,hgb::H_D_B_M_P_C_A_K,P0,0.0028575428570636,0.0255285790120579,0.0128591164902541,0.0355301526452483,255,False,False,False,post-evaluation hypothesis-generating; independent future validation required,0,0
hgb,True,extended_K,hgb::H_M_A,H_M_A,2,0.7301846991381126,hgb::H_D_B_M_P_C_A_K,P0,0.0595585068952106,0.0822295430502048,0.0695600805284011,0.0922311166833953,255,False,False,False,post-evaluation hypothesis-generating; independent future validation required,0,0
hgb,True,extended_K,hgb::H_B_M_C,H_B_M_C,3,0.6606598628283672,hgb::H_D_B_M_P_C_A_K,P0,-0.0099663294145348,0.0127047067404593,3.524421865562423e-05,0.0227062803736498,255,False,False,False,post-evaluation hypothesis-generating; independent future validation required,0,0
hgb,True,extended_K,hgb::H_B_C_A,H_B_C_A,3,0.6630082177459525,hgb::H_D_B_M_P_C_A_K,P0,-0.0076179744969495,0.0150530616580447,0.0023835991362409,0.0250546352912352,255,False,False,False,post-evaluation hypothesis-generating; independent future validation required,0,0
hgb,True,extended_K,hgb::H_B_M_A,H_B_M_A,3,0.7235395745933321,hgb::H_D_B_M_P_C_A_K,P0,0.0529133823504301,0.0755844185054243,0.0629149559836203,0.0855859921386145,255,False,False,False,post-evaluation hypothesis-generating; independent future validation required,0,0
hgb,True,extended_K,hgb::H_M_C_A,H_M_C_A,3,0.7266627440883094,hgb::H_D_B_M_P_C_A_K,P0,0.0560365518454073,0.0787075880004016,0.0660381254785977,0.0887091616335919,255,False,False,False,post-evaluation hypothesis-generating; independent future validation required,0,0
hgb,True,extended_K,hgb::H_B_M_C_A,H_B_M_C_A,4,0.6756968626743632,hgb::H_D_B_M_P_C_A_K,P0,0.005070670431461,0.0277417065864553,0.0150722440646515,0.0377432802196458,255,False,False,False,post-evaluation hypothesis-generating; independent future validation required,0,0
hgb,True,extended_K,hgb::H_D,H_D,4,0.678946040590467,hgb::H_D_B_M_P_C_A_K,P0,0.0083198483475649,0.0309908845025591,0.0183214219807553,0.0409924581357496,255,False,False,False,post-evaluation hypothesis-generating; independent future validation required,0,0
hgb,True,extended_K,hgb::H_D_M,H_D_M,5,0.6748177527282346,hgb::H_D_B_M_P_C_A_K,P0,0.0041915604853324,0.0268625966403267,0.0141931341185229,0.0368641702735172,255,False,False,False,post-evaluation hypothesis-generating; independent future validation required,0,0
hgb,True,extended_K,hgb::H_D_C,H_D_C,5,0.6751280687070844,hgb::H_D_B_M_P_C_A_K,P0,0.0045018764641824,0.0271729126191767,0.0145034500973729,0.0371744862523671,255,False,False,False,post-evaluation hypothesis-generating; independent future validation required,0,0
hgb,True,extended_K,hgb::H_D_B,H_D_B,5,0.676607610700868,hgb::H_D_B_M_P_C_A_K,P0,0.005981418457966,0.0286524546129602,0.0159829920911565,0.0386540282461507,255,False,False,False,post-evaluation hypothesis-generating; independent future validation required,0,0
hgb,True,extended_K,hgb::H_D_A,H_D_A,5,0.6992102353810714,hgb::H_D_B_M_P_C_A_K,P0,0.0285840431381693,0.0512550792931635,0.0385856167713597,0.061256652926354,255,False,False,False,post-evaluation hypothesis-generating; independent future validation required,0,0
hgb,True,extended_K,hgb::H_D_M_C,H_D_M_C,6,0.6695443458541026,hgb::H_D_B_M_P_C_A_K,P0,-0.0010818463887994,0.0215891897661947,0.008919727244391,0.0315907633993852,255,False,False,False,post-evaluation hypothesis-generating; independent future validation required,0,0
hgb,True,extended_K,hgb::H_D_B_C,H_D_B_C,6,0.6745540444896211,hgb::H_D_B_M_P_C_A_K,P0,0.0039278522467191,0.0265988884017133,0.0139294258799095,0.0366004620349038,255,False,False,False,post-evaluation hypothesis-generating; independent future validation required,0,0
hgb,True,extended_K,hgb::H_D_B_M,H_D_B_M,6,0.6760603115833138,hgb::H_D_B_M_P_C_A_K,P0,0.0054341193404117,0.028105155495406,0.0154356929736023,0.0381067291285965,255,False,False,False,post-evaluation hypothesis-generating; independent future validation required,0,0
hgb,True,extended_K,hgb::H_D_B_A,H_D_B_A,6,0.6899146794672921,hgb::H_D_B_M_P_C_A_K,P0,0.01928848722439,0.0419595233793842,0.0292900608575805,0.0519610970125747,255,False,False,False,post-evaluation hypothesis-generating; independent future validation required,0,0
hgb,True,extended_K,hgb::H_D_C_A,H_D_C_A,6,0.6932854905270107,hgb::H_D_B_M_P_C_A_K,P0,0.0226592982841087,0.0453303344391029,0.0326608719172991,0.0553319080722934,255,False,False,False,post-evaluation hypothesis-generating; independent future validation required,0,0
hgb,True,extended_K,hgb::H_D_M_A,H_D_M_A,6,0.712369652396558,hgb::H_D_B_M_P_C_A_K,P0,0.041743460153656,0.0644144963086502,0.0517450337868464,0.0744160699418406,255,False,False,False,post-evaluation hypothesis-generating; independent future validation required,0,0
hgb,True,extended_K,hgb::H_D_B_M_C,H_D_B_M_C,7,0.6715127586629135,hgb::H_D_B_M_P_C_A_K,P0,0.0008865664200114,0.0235576025750056,0.0108881400532019,0.0335591762081961,255,False,False,False,post-evaluation hypothesis-generating; independent future validation required,0,0
hgb,True,extended_K,hgb::H_D_B_C_A,H_D_B_C_A,7,0.6896532419099539,hgb::H_D_B_M_P_C_A_K,P0,0.0190270496670519,0.0416980858220462,0.0290286233002424,0.0516996594552366,255,False,False,False,post-evaluation hypothesis-generating; independent future validation required,0,0
hgb,True,extended_K,hgb::H_D_B_M_A,H_D_B_M_A,7,0.7067668330766513,hgb::H_D_B_M_P_C_A_K,P0,0.0361406408337493,0.0588116769887436,0.0461422144669398,0.068813250621934,255,False,False,False,post-evaluation hypothesis-generating; independent future validation required,0,0
hgb,True,extended_K,hgb::H_D_M_C_A,H_D_M_C_A,7,0.7095091099137313,hgb::H_D_B_M_P_C_A_K,P0,0.0388829176708292,0.0615539538258234,0.0488844913040195,0.0715555274590138,255,False,False,False,post-evaluation hypothesis-generating; independent future validation required,0,0
hgb,True,extended_K,hgb::H_D_B_M_C_A,H_D_B_M_C_A,8,0.7023321544326471,hgb::H_D_B_M_P_C_A_K,P0,0.031705962189745,0.0543769983447392,0.0417075358229355,0.0643785719779297,255,False,False,False,post-evaluation hypothesis-generating; independent future validation required,0,0
hgb,True,extended_K,hgb::H_K,H_K,11,0.6383826710445061,hgb::H_D_B_M_P_C_A_K,P0,-0.0322435211983958,-0.0095724850434016,-0.0222419475652054,0.0004290885897888,255,True,False,False,post-evaluation hypothesis-generating; independent future validation required,2,1
hgb,True,extended_K,hgb::H_P,H_P,11,0.6712570279915516,hgb::H_D_B_M_P_C_A_K,P0,0.0006308357486494,0.0233018719036437,0.0106324093818399,0.0333034455368342,255,False,False,False,post-evaluation hypothesis-generating; independent future validation required,0,0
hgb,True,extended_K,hgb::H_C_K,H_C_K,12,0.63828407864871,hgb::H_D_B_M_P_C_A_K,P0,-0.0323421135941921,-0.0096710774391979,-0.0223405399610016,0.0003304961939926,255,True,False,False,post-evaluation hypothesis-generating; independent future validation required,2,1
hgb,True,extended_K,hgb::H_B_K,H_B_K,12,0.63957236756448,hgb::H_D_B_M_P_C_A_K,P0,-0.031053824678422,-0.0083827885234277,-0.0210522510452315,0.0016187851097627,255,True,False,False,post-evaluation hypothesis-generating; independent future validation required,2,1
hgb,True,extended_K,hgb::H_M_K,H_M_K,12,0.6404632636703346,hgb::H_D_B_M_P_C_A_K,P0,-0.0301629285725675,-0.0074918924175733,-0.0201613549393769,0.0025096812156173,255,True,False,False,post-evaluation hypothesis-generating; independent future validation required,1,1
hgb,True,extended_K,hgb::H_A_K,H_A_K,12,0.6492341806137224,hgb::H_D_B_M_P_C_A_K,P0,-0.0213920116291796,0.0012790245258145,-0.0113904379959891,0.011280598159005,255,True,False,False,post-evaluation hypothesis-generating; independent future validation required,0,0
hgb,True,extended_K,hgb::H_B_P,H_B_P,12,0.6684092245346652,hgb::H_D_B_M_P_C_A_K,P0,-0.0022169677082369,0.0204540684467573,0.0077846059249535,0.0304556420799478,255,False,False,False,post-evaluation hypothesis-generating; independent future validation required,0,0
hgb,True,extended_K,hgb::H_P_C,H_P_C,12,0.6701169175859116,hgb::H_D_B_M_P_C_A_K,P0,-0.0005092746569903,0.0221617614980038,0.0094922989762001,0.0321633351311943,255,False,False,False,post-evaluation hypothesis-generating; independent future validation required,0,0
hgb,True,extended_K,hgb::H_P_A,H_P_A,12,0.6767851694980827,hgb::H_D_B_M_P_C_A_K,P0,0.0061589772551806,0.0288300134101748,0.016160550888371,0.0388315870433653,255,False,False,False,post-evaluation hypothesis-generating; independent future validation required,0,0
hgb,True,extended_K,hgb::H_M_P,H_M_P,12,0.6791926135271623,hgb::H_D_B_M_P_C_A_K,P0,0.0085664212842602,0.0312374574392544,0.0185679949174507,0.0412390310724449,255,False,False,False,post-evaluation hypothesis-generating; independent future validation required,0,0
hgb,True,extended_K,hgb::H_B_C_K,H_B_C_K,13,0.6393156802685044,hgb::H_D_B_M_P_C_A_K,P0,-0.0313105119743976,-0.0086394758194033,-0.0213089383412071,0.001362097813787,255,True,False,False,post-evaluation hypothesis-generating; independent future validation required,2,1
hgb,True,extended_K,hgb::H_M_C_K,H_M_C_K,13,0.6404291495761203,hgb::H_D_B_M_P_C_A_K,P0,-0.0301970426667817,-0.0075260065117875,-0.0201954690335912,0.002475567121403,255,True,False,False,post-evaluation hypothesis-generating; independent future validation required,1,1
hgb,True,extended_K,hgb::H_B_M_K,H_B_M_K,13,0.6415221518446494,hgb::H_D_B_M_P_C_A_K,P0,-0.0291040403982527,-0.0064330042432584,-0.0191024667650622,0.003568569389932,255,True,False,False,post-evaluation hypothesis-generating; independent future validation required,2,1
hgb,True,extended_K,hgb::H_M_A_K,H_M_A_K,13,0.6491482398720784,hgb::H_D_B_M_P_C_A_K,P0,-0.0214779523708237,0.0011930837841704,-0.0114763787376332,0.0111946574173609,255,True,False,False,post-evaluation hypothesis-generating; independent future validation required,0,0
hgb,True,extended_K,hgb::H_B_A_K,H_B_A_K,13,0.6492729875744836,hgb::H_D_B_M_P_C_A_K,P0,-0.0213532046684184,0.0013178314865758,-0.0113516310352279,0.0113194051197662,255,True,False,False,post-evaluation hypothesis-generating; independent future validation required,0,0
hgb,True,extended_K,hgb::H_B_P_C,H_B_P_C,13,0.6682978141974423,hgb::H_D_B_M_P_C_A_K,P0,-0.0023283780454597,0.0203426581095345,0.0076731955877307,0.0303442317427249,255,False,False,False,post-evaluation hypothesis-generating; independent future validation required,0,0
hgb,True,extended_K,hgb::H_B_P_A,H_B_P_A,13,0.6704466797926858,hgb::H_D_B_M_P_C_A_K,P0,-0.0001795124502161,0.022491523704778,0.0098220611829743,0.0324930973379685,255,False,False,False,post-evaluation hypothesis-generating; independent future validation required,0,0
hgb,True,extended_K,hgb::H_C_A_K,H_C_A_K,13,0.671166859318028,hgb::H_D_B_M_P_C_A_K,P0,0.0005406670751258,0.0232117032301201,0.0105422407083163,0.0332132768633106,255,False,False,False,post-evaluation hypothesis-generating; independent future validation required,0,0
hgb,True,extended_K,hgb::H_M_P_C,H_M_P_C,13,0.674212564406082,hgb::H_D_B_M_P_C_A_K,P0,0.0035863721631799,0.0262574083181741,0.0135879457963704,0.0362589819513646,255,False,False,False,post-evaluation hypothesis-generating; independent future validation required,0,0
hgb,True,extended_K,hgb::H_B_M_P,H_B_M_P,13,0.6747292133818054,hgb::H_D_B_M_P_C_A_K,P0,0.0041030211389033,0.0267740572938975,0.0141045947720938,0.036775630927088,255,False,False,False,post-evaluation hypothesis-generating; independent future validation required,0,0
hgb,True,extended_K,hgb::H_P_C_A,H_P_C_A,13,0.6759877295776269,hgb::H_D_B_M_P_C_A_K,P0,0.0053615373347246,0.0280325734897189,0.0153631109679152,0.0380341471229094,255,False,False,False,post-evaluation hypothesis-generating; independent future validation required,0,0
hgb,True,extended_K,hgb::H_M_P_A,H_M_P_A,13,0.708885974371388,hgb::H_D_B_M_P_C_A_K,P0,0.038259782128486,0.0609308182834802,0.0482613557616764,0.0709323919166707,255,False,False,False,post-evaluation hypothesis-generating; independent future validation required,0,0
hgb,True,extended_K,hgb::H_B_M_C_K,H_B_M_C_K,14,0.641601019627117,hgb::H_D_B_M_P_C_A_K,P0,-0.0290251726157849,-0.0063541364607907,-0.0190235989825946,0.0036474371723996,255,True,False,False,post-evaluation hypothesis-generating; independent future validation required,2,1
hgb,True,extended_K,hgb::H_B_C_A_K,H_B_C_A_K,14,0.6491753452074955,hgb::H_D_B_M_P_C_A_K,P0,-0.0214508470354065,0.0012201891195877,-0.011449273402216,0.0112217627527781,255,True,False,False,post-evaluation hypothesis-generating; independent future validation required,0,0
hgb,True,extended_K,hgb::H_B_M_A_K,H_B_M_A_K,14,0.6503962476805654,hgb::H_D_B_M_P_C_A_K,P0,-0.0202299445623366,0.0024410915926575,-0.0102283709291461,0.012442665225848,255,True,False,False,post-evaluation hypothesis-generating; independent future validation required,0,0
hgb,True,extended_K,hgb::H_B_M_P_C,H_B_M_P_C,14,0.6696991384319606,hgb::H_D_B_M_P_C_A_K,P0,-0.0009270538109413,0.0217439823440528,0.009074519822249,0.0317455559772432,255,False,False,False,post-evaluation hypothesis-generating; independent future validation required,0,0
hgb,True,extended_K,hgb::H_B_P_C_A,H_B_P_C_A,14,0.6705149117694813,hgb::H_D_B_M_P_C_A_K,P0,-0.0001112804734207,0.0225597556815735,0.0098902931597696,0.0325613293147639,255,False,False,False,post-evaluation hypothesis-generating; independent future validation required,0,0
hgb,True,extended_K,hgb::H_M_C_A_K,H_M_C_A_K,14,0.6896368232275345,hgb::H_D_B_M_P_C_A_K,P0,0.0190106309846324,0.0416816671396267,0.0290122046178229,0.0516832407728171,255,False,False,False,post-evaluation hypothesis-generating; independent future validation required,0,0
hgb,True,extended_K,hgb::H_B_M_P_A,H_B_M_P_A,14,0.6975605047573598,hgb::H_D_B_M_P_C_A_K,P0,0.0269343125144577,0.0496053486694519,0.0369358861476482,0.0596069223026424,255,False,False,False,post-evaluation hypothesis-generating; independent future validation required,0,0
hgb,True,extended_K,hgb::H_M_P_C_A,H_M_P_C_A,14,0.70337008074198,hgb::H_D_B_M_P_C_A_K,P0,0.0327438884990778,0.0554149246540721,0.0427454621322685,0.0654164982872627,255,False,False,False,post-evaluation hypothesis-generating; independent future validation required,0,0
hgb,True,extended_K,hgb::H_B_M_C_A_K,H_B_M_C_A_K,15,0.6504196502391941,hgb::H_D_B_M_P_C_A_K,P0,-0.020206542003708,0.0024644941512861,-0.0102049683705175,0.0124660677844767,255,True,False,False,post-evaluation hypothesis-generating; independent future validation required,0,0
hgb,True,extended_K,hgb::H_D_K,H_D_K,15,0.6531649646243419,hgb::H_D_B_M_P_C_A_K,P0,-0.01746122761856,0.0052098085364341,-0.0074596539853696,0.0152113821696246,255,True,False,False,post-evaluation hypothesis-generating; independent future validation required,0,0
hgb,True,extended_K,hgb::H_D_P,H_D_P,15,0.6825493667969228,hgb::H_D_B_M_P_C_A_K,P0,0.0119231745540206,0.0345942107090149,0.0219247481872111,0.0445957843422054,255,False,False,False,post-evaluation hypothesis-generating; independent future validation required,0,0
hgb,True,extended_K,hgb::H_B_M_P_C_A,H_B_M_P_C_A,15,0.6953787578512874,hgb::H_D_B_M_P_C_A_K,P0,0.0247525656083852,0.0474236017633795,0.0347541392415757,0.0574251753965699,255,False,False,False,post-evaluation hypothesis-generating; independent future validation required,0,0
hgb,True,extended_K,hgb::H_D_M_K,H_D_M_K,16,0.6546810788743754,hgb::H_D_B_M_P_C_A_K,P0,-0.0159451133685265,0.0067259227864676,-0.005943539735336,0.0167274964196581,255,True,False,False,post-evaluation hypothesis-generating; independent future validation required,0,0
hgb,True,extended_K,hgb::H_D_C_K,H_D_C_K,16,0.6549018277369842,hgb::H_D_B_M_P_C_A_K,P0,-0.0157243645059177,0.0069466716490764,-0.0057227908727272,0.0169482452822669,255,True,False,False,post-evaluation hypothesis-generating; independent future validation required,0,0
hgb,True,extended_K,hgb::H_D_B_K,H_D_B_K,16,0.6553765381254444,hgb::H_D_B_M_P_C_A_K,P0,-0.0152496541174577,0.0074213820375364,-0.0052480804842672,0.0174229556707269,255,True,False,False,post-evaluation hypothesis-generating; independent future validation required,0,0
hgb,True,extended_K,hgb::H_D_A_K,H_D_A_K,16,0.670709883284274,hgb::H_D_B_M_P_C_A_K,P0,8.369104137201421e-05,0.0227547271963662,0.0100852646745624,0.0327563008295567,255,False,False,False,post-evaluation hypothesis-generating; independent future validation required,0,0
hgb,True,extended_K,hgb::H_D_M_P,H_D_M_P,16,0.6773237255779168,hgb::H_D_B_M_P_C_A_K,P0,0.0066975333350147,0.0293685694900089,0.0166991069682052,0.0393701431231994,255,False,False,False,post-evaluation hypothesis-generating; independent future validation required,0,0
hgb,True,extended_K,hgb::H_D_P_C,H_D_P_C,16,0.6791958587280479,hgb::H_D_B_M_P_C_A_K,P0,0.0085696664851459,0.0312407026401401,0.0185712401183364,0.0412422762733306,255,False,False,False,post-evaluation hypothesis-generating; independent future validation required,0,0
hgb,True,extended_K,hgb::H_D_B_P,H_D_B_P,16,0.6821399651135525,hgb::H_D_B_M_P_C_A_K,P0,0.0115137728706503,0.0341848090256446,0.0215153465038408,0.044186382658835,255,False,False,False,post-evaluation hypothesis-generating; independent future validation required,0,0
hgb,True,extended_K,hgb::H_D_P_A,H_D_P_A,16,0.6970566834188282,hgb::H_D_B_M_P_C_A_K,P0,0.0264304911759262,0.0491015273309205,0.0364320648091167,0.059103100964111,255,False,False,False,post-evaluation hypothesis-generating; independent future validation required,0,0
hgb,True,extended_K,hgb::H_D_B_C_K,H_D_B_C_K,17,0.6532730699663573,hgb::H_D_B_M_P_C_A_K,P0,-0.0173531222765447,0.0053179138784495,-0.0073515486433542,0.0153194875116399,255,True,False,False,post-evaluation hypothesis-generating; independent future validation required,0,0
hgb,True,extended_K,hgb::H_D_M_C_K,H_D_M_C_K,17,0.6548242906069663,hgb::H_D_B_M_P_C_A_K,P0,-0.0158019016359357,0.0068691345190585,-0.0058003280027452,0.016870708152249,255,True,False,False,post-evaluation hypothesis-generating; independent future validation required,0,0
hgb,True,extended_K,hgb::H_D_B_M_K,H_D_B_M_K,17,0.6574153264229246,hgb::H_D_B_M_P_C_A_K,P0,-0.0132108658199775,0.0094601703350167,-0.003209292186787,0.0194617439682072,255,True,False,False,post-evaluation hypothesis-generating; independent future validation required,0,0
hgb,True,extended_K,hgb::H_D_B_A_K,H_D_B_A_K,17,0.6680200149720282,hgb::H_D_B_M_P_C_A_K,P0,-0.0026061772708738,0.0200648588841204,0.0073953963623167,0.0300664325173109,255,False,False,False,post-evaluation hypothesis-generating; independent future validation required,0,0
hgb,True,extended_K,hgb::H_D_C_A_K,H_D_C_A_K,17,0.6694228436203545,hgb::H_D_B_M_P_C_A_K,P0,-0.0012033486225475,0.0214676875324466,0.0087982250106428,0.0314692611656371,255,False,False,False,post-evaluation hypothesis-generating; independent future validation required,0,0
hgb,True,extended_K,hgb::H_D_B_M_P,H_D_B_M_P,17,0.6768713802667373,hgb::H_D_B_M_P_C_A_K,P0,0.0062451880238353,0.0289162241788296,0.0162467616570258,0.03891779781202,255,False,False,False,post-evaluation hypothesis-generating; independent future validation required,0,0
hgb,True,extended_K,hgb::H_D_M_P_C,H_D_M_P_C,17,0.6776303095591135,hgb::H_D_B_M_P_C_A_K,P0,0.0070041173162114,0.0296751534712057,0.0170056909494019,0.0396767271043961,255,False,False,False,post-evaluation hypothesis-generating; independent future validation required,0,0
hgb,True,extended_K,hgb::H_D_B_P_C,H_D_B_P_C,17,0.6778852413639604,hgb::H_D_B_M_P_C_A_K,P0,0.0072590491210583,0.0299300852760526,0.0172606227542488,0.0399316589092431,255,False,False,False,post-evaluation hypothesis-generating; independent future validation required,0,0
hgb,True,extended_K,hgb::H_D_B_P_A,H_D_B_P_A,17,0.6852939171958616,hgb::H_D_B_M_P_C_A_K,P0,0.0146677249529594,0.0373387611079537,0.0246692985861499,0.0473403347411442,255,False,False,False,post-evaluation hypothesis-generating; independent future validation required,0,0
hgb,True,extended_K,hgb::H_D_M_A_K,H_D_M_A_K,17,0.6888621804895473,hgb::H_D_B_M_P_C_A_K,P0,0.0182359882466451,0.0409070244016393,0.0282375618798356,0.0509085980348299,255,False,False,False,post-evaluation hypothesis-generating; independent future validation required,0,0
hgb,True,extended_K,hgb::H_D_P_C_A,H_D_P_C_A,17,0.6951268008591114,hgb::H_D_B_M_P_C_A_K,P0,0.0245006086162094,0.0471716447712036,0.0345021822493998,0.0571732184043941,255,False,False,False,post-evaluation hypothesis-generating; independent future validation required,0,0
hgb,True,extended_K,hgb::H_D_M_P_A,H_D_M_P_A,17,0.7027754309756401,hgb::H_D_B_M_P_C_A_K,P0,0.0321492387327381,0.0548202748877324,0.0421508123659286,0.0648218485209229,255,False,False,False,post-evaluation hypothesis-generating; independent future validation required,0,0
hgb,True,extended_K,hgb::H_D_B_M_C_K,H_D_B_M_C_K,18,0.6569931844162159,hgb::H_D_B_M_P_C_A_K,P0,-0.013633007826686,0.0090380283283081,-0.0036314341934955,0.0190396019614986,255,True,False,False,post-evaluation hypothesis-generating; independent future validation required,0,0
hgb,True,extended_K,hgb::H_D_B_C_A_K,H_D_B_C_A_K,18,0.664670332958225,hgb::H_D_B_M_P_C_A_K,P0,-0.005955859284677,0.0167151768703171,0.0040457143485134,0.0267167505035076,255,False,False,False,post-evaluation hypothesis-generating; independent future validation required,0,0
hgb,True,extended_K,hgb::H_D_B_M_P_C,H_D_B_M_P_C,18,0.6748366909861884,hgb::H_D_B_M_P_C_A_K,P0,0.0042104987432862,0.0268815348982804,0.0142120723764766,0.0368831085314709,255,False,False,False,post-evaluation hypothesis-generating; independent future validation required,0,0
hgb,True,extended_K,hgb::H_D_B_M_A_K,H_D_B_M_A_K,18,0.6792729050006168,hgb::H_D_B_M_P_C_A_K,P0,0.0086467127577147,0.0313177489127089,0.0186482863909051,0.0413193225458994,255,False,False,False,post-evaluation hypothesis-generating; independent future validation required,0,0
hgb,True,extended_K,hgb::H_D_B_P_C_A,H_D_B_P_C_A,18,0.6813289153693709,hgb::H_D_B_M_P_C_A_K,P0,0.0107027231264688,0.0333737592814631,0.0207042967596594,0.0433753329146536,255,False,False,False,post-evaluation hypothesis-generating; independent future validation required,0,0
hgb,True,extended_K,hgb::H_D_B_M_P_A,H_D_B_M_P_A,18,0.6900413905220814,hgb::H_D_B_M_P_C_A_K,P0,0.0194151982791792,0.0420862344341735,0.0294167719123697,0.0520878080673639,255,False,False,False,post-evaluation hypothesis-generating; independent future validation required,0,0
hgb,True,extended_K,hgb::H_D_M_C_A_K,H_D_M_C_A_K,18,0.6908573909774216,hgb::H_D_B_M_P_C_A_K,P0,0.0202311987345195,0.0429022348895137,0.0302327723677101,0.0529038085227043,255,False,False,False,post-evaluation hypothesis-generating; independent future validation required,0,0
hgb,True,extended_K,hgb::H_D_M_P_C_A,H_D_M_P_C_A,18,0.7013587058177174,hgb::H_D_B_M_P_C_A_K,P0,0.0307325135748153,0.0534035497298095,0.0407340872080057,0.063405123363,255,False,False,False,post-evaluation hypothesis-generating; independent future validation required,0,0
hgb,True,extended_K,hgb::H_D_B_M_C_A_K,H_D_B_M_C_A_K,19,0.6809865551237508,hgb::H_D_B_M_P_C_A_K,P0,0.0103603628808487,0.033031399035843,0.0203619365140392,0.0430329726690335,255,False,False,False,post-evaluation hypothesis-generating; independent future validation required,0,0
hgb,True,extended_K,hgb::H_D_B_M_P_C_A,H_D_B_M_P_C_A,19,0.6907357562051548,hgb::H_D_B_M_P_C_A_K,P0,0.0201095639622527,0.0427806001172469,0.030111137595443,0.0527821737504373,255,False,False,False,post-evaluation hypothesis-generating; independent future validation required,0,0
hgb,True,extended_K,hgb::H_P_K,H_P_K,22,0.6503375492658051,hgb::H_D_B_M_P_C_A_K,P0,-0.0202886429770969,0.0023823931778973,-0.0102870693439064,0.0123839668110878,255,True,False,False,post-evaluation hypothesis-generating; independent future validation required,1,1
hgb,True,extended_K,hgb::H_B_P_K,H_B_P_K,23,0.6493460456961226,hgb::H_D_B_M_P_C_A_K,P0,-0.0212801465467793,0.0013908896082149,-0.0112785729135888,0.0113924632414053,255,True,False,False,post-evaluation hypothesis-generating; independent future validation required,2,1
hgb,True,extended_K,hgb::H_P_C_K,H_P_C_K,23,0.6503375492658051,hgb::H_D_B_M_P_C_A_K,P0,-0.0202886429770969,0.0023823931778973,-0.0102870693439064,0.0123839668110878,255,True,False,False,post-evaluation hypothesis-generating; independent future validation required,1,1
hgb,True,extended_K,hgb::H_M_P_K,H_M_P_K,23,0.6511548920592183,hgb::H_D_B_M_P_C_A_K,P0,-0.0194713001836838,0.0031997359713104,-0.0094697265504933,0.0132013096045008,255,True,False,False,post-evaluation hypothesis-generating; independent future validation required,1,1
hgb,True,extended_K,hgb::H_P_A_K,H_P_A_K,23,0.6549756897218798,hgb::H_D_B_M_P_C_A_K,P0,-0.0156505025210222,0.0070205336339719,-0.0056489288878317,0.0170221072671624,255,True,False,False,post-evaluation hypothesis-generating; independent future validation required,0,0
hgb,True,extended_K,hgb::H_B_P_C_K,H_B_P_C_K,24,0.6493460456961226,hgb::H_D_B_M_P_C_A_K,P0,-0.0212801465467793,0.0013908896082149,-0.0112785729135888,0.0113924632414053,255,True,False,False,post-evaluation hypothesis-generating; independent future validation required,2,1
hgb,True,extended_K,hgb::H_B_M_P_K,H_B_M_P_K,24,0.6500437287480479,hgb::H_D_B_M_P_C_A_K,P0,-0.0205824634948541,0.0020885726601401,-0.0105808898616636,0.0120901462933306,255,True,False,False,post-evaluation hypothesis-generating; independent future validation required,1,1
hgb,True,extended_K,hgb::H_B_P_A_K,H_B_P_A_K,24,0.6519716459855144,hgb::H_D_B_M_P_C_A_K,P0,-0.0186545462573877,0.0040164898976065,-0.0086529726241972,0.014018063530797,255,True,False,False,post-evaluation hypothesis-generating; independent future validation required,0,0
hgb,True,extended_K,hgb::H_P_C_A_K,H_P_C_A_K,24,0.6549756897218798,hgb::H_D_B_M_P_C_A_K,P0,-0.0156505025210222,0.0070205336339719,-0.0056489288878317,0.0170221072671624,255,True,False,False,post-evaluation hypothesis-generating; independent future validation required,0,0
hgb,True,extended_K,hgb::H_M_P_C_K,H_M_P_C_K,24,0.661930645494688,hgb::H_D_B_M_P_C_A_K,P0,-0.008695546748214,0.0139754894067802,0.0013060268849764,0.0239770630399707,255,False,False,False,post-evaluation hypothesis-generating; independent future validation required,1,1
hgb,True,extended_K,hgb::H_M_P_A_K,H_M_P_A_K,24,0.6833823445441876,hgb::H_D_B_M_P_C_A_K,P0,0.0127561523012854,0.0354271884562796,0.0227577259344759,0.0454287620894702,255,False,False,False,post-evaluation hypothesis-generating; independent future validation required,0,0
hgb,True,extended_K,hgb::H_B_M_P_C_K,H_B_M_P_C_K,25,0.6500437287480479,hgb::H_D_B_M_P_C_A_K,P0,-0.0205824634948541,0.0020885726601401,-0.0105808898616636,0.0120901462933306,255,True,False,False,post-evaluation hypothesis-generating; independent future validation required,1,1
hgb,True,extended_K,hgb::H_B_P_C_A_K,H_B_P_C_A_K,25,0.6519716459855144,hgb::H_D_B_M_P_C_A_K,P0,-0.0186545462573877,0.0040164898976065,-0.0086529726241972,0.014018063530797,255,True,False,False,post-evaluation hypothesis-generating; independent future validation required,0,0
hgb,True,extended_K,hgb::H_B_M_P_A_K,H_B_M_P_A_K,25,0.6539996197888926,hgb::H_D_B_M_P_C_A_K,P0,-0.0166265724540094,0.0060444637009848,-0.0066249988208189,0.0160460373341753,255,True,False,False,post-evaluation hypothesis-generating; independent future validation required,0,0
hgb,True,extended_K,hgb::H_M_P_C_A_K,H_M_P_C_A_K,25,0.6802193034506154,hgb::H_D_B_M_P_C_A_K,P0,0.0095931112077132,0.0322641473627075,0.0195946848409037,0.0422657209958979,255,False,False,False,post-evaluation hypothesis-generating; independent future validation required,0,0
hgb,True,extended_K,hgb::H_D_P_K,H_D_P_K,26,0.6590442856701104,hgb::H_D_B_M_P_C_A_K,P0,-0.0115819065727915,0.0110891295822026,-0.0015803329396011,0.0210907032153931,255,False,False,False,post-evaluation hypothesis-generating; independent future validation required,0,0
hgb,True,extended_K,hgb::H_B_M_P_C_A_K,H_B_M_P_C_A_K,26,0.6754013890935684,hgb::H_D_B_M_P_C_A_K,P0,0.0047751968506663,0.0274462330056606,0.0147767704838568,0.037447806638851,255,False,False,False,post-evaluation hypothesis-generating; independent future validation required,0,0
hgb,True,extended_K,hgb::H_D_P_C_K,H_D_P_C_K,27,0.6587889467746251,hgb::H_D_B_M_P_C_A_K,P0,-0.0118372454682769,0.0108337906867172,-0.0018356718350865,0.0208353643199077,255,False,False,False,post-evaluation hypothesis-generating; independent future validation required,0,0
hgb,True,extended_K,hgb::H_D_M_P_K,H_D_M_P_K,27,0.6588566825523102,hgb::H_D_B_M_P_C_A_K,P0,-0.0117695096905918,0.0109015264644024,-0.0017679360574013,0.0209031000975928,255,False,False,False,post-evaluation hypothesis-generating; independent future validation required,0,0
hgb,True,extended_K,hgb::H_D_B_P_K,H_D_B_P_K,27,0.6598556150613786,hgb::H_D_B_M_P_C_A_K,P0,-0.0107705771815234,0.0119004589734708,-0.0007690035483329,0.0219020326066613,255,False,False,False,post-evaluation hypothesis-generating; independent future validation required,0,0
hgb,True,extended_K,hgb::H_D_P_A_K,H_D_P_A_K,27,0.671392411256179,hgb::H_D_B_M_P_C_A_K,P0,0.0007662190132769,0.0234372551682711,0.0107677926464674,0.0334388288014616,255,False,False,False,post-evaluation hypothesis-generating; independent future validation required,0,0
hgb,True,extended_K,hgb::H_D_B_P_C_K,H_D_B_P_C_K,28,0.65906238206233,hgb::H_D_B_M_P_C_A_K,P0,-0.011563810180572,0.0111072259744222,-0.0015622365473815,0.0211087996076127,255,False,False,False,post-evaluation hypothesis-generating; independent future validation required,0,0
hgb,True,extended_K,hgb::H_D_B_M_P_K,H_D_B_M_P_K,28,0.6595803126229609,hgb::H_D_B_M_P_C_A_K,P0,-0.0110458796199411,0.011625156535053,-0.0010443059867506,0.0216267301682435,255,False,False,False,post-evaluation hypothesis-generating; independent future validation required,0,0
hgb,True,extended_K,hgb::H_D_M_P_C_K,H_D_M_P_C_K,28,0.6604056435202801,hgb::H_D_B_M_P_C_A_K,P0,-0.0102205487226219,0.0124504874323723,-0.0002189750894314,0.0224520610655628,255,False,False,False,post-evaluation hypothesis-generating; independent future validation required,0,0
hgb,True,extended_K,hgb::H_D_B_P_A_K,H_D_B_P_A_K,28,0.6669462239847584,hgb::H_D_B_M_P_C_A_K,P0,-0.0036799682581435,0.0189910678968506,0.0063216053750469,0.0289926415300411,255,False,False,False,post-evaluation hypothesis-generating; independent future validation required,0,0
hgb,True,extended_K,hgb::H_D_P_C_A_K,H_D_P_C_A_K,28,0.6687003440049031,hgb::H_D_B_M_P_C_A_K,P0,-0.0019258482379989,0.0207451879169952,0.0080757253951915,0.0307467615501857,255,False,False,False,post-evaluation hypothesis-generating; independent future validation required,0,0
hgb,True,extended_K,hgb::H_D_M_P_A_K,H_D_M_P_A_K,28,0.6807476623159968,hgb::H_D_B_M_P_C_A_K,P0,0.0101214700730947,0.032792506228089,0.0201230437062852,0.0427940798612794,255,False,False,False,post-evaluation hypothesis-generating; independent future validation required,0,0
hgb,True,extended_K,hgb::H_D_B_M_P_C_K,H_D_B_M_P_C_K,29,0.6603588238062442,hgb::H_D_B_M_P_C_A_K,P0,-0.0102673684366577,0.0124036677183364,-0.0002657948034673,0.0224052413515269,255,False,False,False,post-evaluation hypothesis-generating; independent future validation required,0,0
hgb,True,extended_K,hgb::H_D_B_P_C_A_K,H_D_B_P_C_A_K,29,0.6663645743713242,hgb::H_D_B_M_P_C_A_K,P0,-0.0042616178715778,0.0184094182834164,0.0057399557616126,0.0284109919166068,255,False,False,False,post-evaluation hypothesis-generating; independent future validation required,0,0
hgb,True,extended_K,hgb::H_D_B_M_P_A_K,H_D_B_M_P_A_K,29,0.6750648999711554,hgb::H_D_B_M_P_C_A_K,P0,0.0044387077282532,0.0271097438832475,0.0144402813614437,0.037111317516438,255,False,False,False,post-evaluation hypothesis-generating; independent future validation required,0,0
hgb,True,extended_K,hgb::H_D_M_P_C_A_K,H_D_M_P_C_A_K,29,0.6804685078629291,hgb::H_D_B_M_P_C_A_K,P0,0.009842315620027,0.0325133517750213,0.0198438892532175,0.0425149254082118,255,False,False,False,post-evaluation hypothesis-generating; independent future validation required,0,0
hgb,True,extended_K,hgb::H_D_B_M_P_C_A_K,H_D_B_M_P_C_A_K,30,0.6706261922429021,hgb::H_D_B_M_P_C_A_K,P0,0.0,0.0,0.0100015736331904,0.0326726097881847,255,True,False,False,post-evaluation hypothesis-generating; independent future validation required,0,0
ridge,True,extended_K,ridge::H,H,0,0.6606312282641579,ridge::H_D_B_M_P_C_A_K,P0,-0.038980608053649,-0.0163507320527049,6.609654446294124e-06,0.0226364856553904,255,True,False,False,post-evaluation hypothesis-generating; independent future validation required,0,0
ridge,True,extended_K,ridge::H_B,H_B,1,0.6572437321089197,ridge::H_D_B_M_P_C_A_K,P0,-0.042368104208887,-0.0197382282079429,-0.0033808865007918,0.0192489895001522,255,True,False,False,post-evaluation hypothesis-generating; independent future validation required,0,0
ridge,True,extended_K,ridge::H_M,H_M,1,0.6586768755905318,ridge::H_D_B_M_P_C_A_K,P0,-0.0409349607272751,-0.018305084726331,-0.0019477430191798,0.0206821329817642,255,True,False,False,post-evaluation hypothesis-generating; independent future validation required,0,0
ridge,True,extended_K,ridge::H_C,H_C,1,0.6602863066610634,ridge::H_D_B_M_P_C_A_K,P0,-0.0393255296567434,-0.0166956536557993,-0.0003383119486482,0.0222915640522959,255,True,False,False,post-evaluation hypothesis-generating; independent future validation required,0,0
ridge,True,extended_K,ridge::H_A,H_A,1,0.6742887322988218,ridge::H_D_B_M_P_C_A_K,P0,-0.025323104018985,-0.0026932280180408,0.0136641136891103,0.0362939896900544,255,True,False,False,post-evaluation hypothesis-generating; independent future validation required,0,0
ridge,True,extended_K,ridge::H_B_C,H_B_C,2,0.6567785122587828,ridge::H_D_B_M_P_C_A_K,P0,-0.0428333240590241,-0.0202034480580799,-0.0038461063509287,0.0187837696500153,255,True,False,False,post-evaluation hypothesis-generating; independent future validation required,0,0
ridge,True,extended_K,ridge::H_B_M,H_B_M,2,0.6568610223434429,ridge::H_D_B_M_P_C_A_K,P0,-0.0427508139743639,-0.0201209379734198,-0.0037635962662686,0.0188662797346754,255,True,False,False,post-evaluation hypothesis-generating; independent future validation required,0,0
ridge,True,extended_K,ridge::H_M_C,H_M_C,2,0.658167884322826,ridge::H_D_B_M_P_C_A_K,P0,-0.0414439519949808,-0.0188140759940367,-0.0024567342868855,0.0201731417140585,255,True,False,False,post-evaluation hypothesis-generating; independent future validation required,0,0
ridge,True,extended_K,ridge::H_B_A,H_B_A,2,0.670901879743086,ridge::H_D_B_M_P_C_A_K,P0,-0.0287099565747209,-0.0060800805737768,0.0102772611333745,0.0329071371343186,255,True,False,False,post-evaluation hypothesis-generating; independent future validation required,0,0
ridge,True,extended_K,ridge::H_M_A,H_M_A,2,0.6720357150766995,ridge::H_D_B_M_P_C_A_K,P0,-0.0275761212411074,-0.0049462452401633,0.0114110964669878,0.0340409724679319,255,True,False,False,post-evaluation hypothesis-generating; independent future validation required,0,0
ridge,True,extended_K,ridge::H_C_A,H_C_A,2,0.673886294585218,ridge::H_D_B_M_P_C_A_K,P0,-0.0257255417325889,-0.0030956657316447,0.0132616759755062,0.0358915519764503,255,True,False,False,post-evaluation hypothesis-generating; independent future validation required,0,0
ridge,True,extended_K,ridge::H_B_M_C,H_B_M_C,3,0.6562303994931902,ridge::H_D_B_M_P_C_A_K,P0,-0.0433814368246167,-0.0207515608236726,-0.0043942191165213,0.0182356568844227,255,True,False,False,post-evaluation hypothesis-generating; independent future validation required,0,0
ridge,True,extended_K,ridge::H_B_M_A,H_B_M_A,3,0.6701807686552006,ridge::H_D_B_M_P_C_A_K,P0,-0.0294310676626062,-0.0068011916616621,0.009556150045489,0.0321860260464332,255,True,False,False,post-evaluation hypothesis-generating; independent future validation required,0,0
ridge,True,extended_K,ridge::H_B_C_A,H_B_C_A,3,0.6705150579141685,ridge::H_D_B_M_P_C_A_K,P0,-0.0290967784036383,-0.0064669024026942,0.0098904393044569,0.0325203153054011,255,True,False,False,post-evaluation hypothesis-generating; independent future validation required,0,0
ridge,True,extended_K,ridge::H_M_C_A,H_M_C_A,3,0.6715730525470757,ridge::H_D_B_M_P_C_A_K,P0,-0.0280387837707312,-0.005408907769787,0.0109484339373641,0.0335783099383082,255,True,False,False,post-evaluation hypothesis-generating; independent future validation required,0,0
ridge,True,extended_K,ridge::H_B_M_C_A,H_B_M_C_A,4,0.6697576515800546,ridge::H_D_B_M_P_C_A_K,P0,-0.0298541847377523,-0.0072243087368081,0.0091330329703429,0.0317629089712871,255,True,False,False,post-evaluation hypothesis-generating; independent future validation required,0,0
ridge,True,extended_K,ridge::H_D,H_D,4,0.696335561198437,ridge::H_D_B_M_P_C_A_K,P0,-0.0032762751193698,0.0193536008815742,0.0357109425887254,0.0583408185896695,255,False,False,False,post-evaluation hypothesis-generating; independent future validation required,0,0
ridge,True,extended_K,ridge::H_D_B,H_D_B,5,0.6906339173177158,ridge::H_D_B_M_P_C_A_K,P0,-0.008977919000091,0.0136519570008531,0.0300092987080043,0.0526391747089484,255,False,False,False,post-evaluation hypothesis-generating; independent future validation required,0,0
ridge,True,extended_K,ridge::H_D_C,H_D_C,5,0.6959838922065951,ridge::H_D_B_M_P_C_A_K,P0,-0.0036279441112117,0.0190019318897323,0.0353592735968835,0.0579891495978276,255,False,False,False,post-evaluation hypothesis-generating; independent future validation required,0,0
ridge,True,extended_K,ridge::H_D_M,H_D_M,5,0.6997384329956161,ridge::H_D_B_M_P_C_A_K,P0,0.0001265966778091,0.0227564726787532,0.0391138143859044,0.0617436903868485,255,False,False,False,post-evaluation hypothesis-generating; independent future validation required,0,0
ridge,True,extended_K,ridge::H_D_A,H_D_A,5,0.715401927734172,ridge::H_D_B_M_P_C_A_K,P0,0.015790091416365,0.0384199674173092,0.0547773091244604,0.0774071851254045,255,False,False,False,post-evaluation hypothesis-generating; independent future validation required,0,0
ridge,True,extended_K,ridge::H_D_B_C,H_D_B_C,6,0.6908208436129027,ridge::H_D_B_M_P_C_A_K,P0,-0.0087909927049041,0.0138388832960399,0.0301962250031911,0.0528261010041352,255,False,False,False,post-evaluation hypothesis-generating; independent future validation required,0,0
ridge,True,extended_K,ridge::H_D_B_M,H_D_B_M,6,0.6954715126760604,ridge::H_D_B_M_P_C_A_K,P0,-0.0041403236417463,0.0184895523591977,0.0348468940663489,0.0574767700672931,255,False,False,False,post-evaluation hypothesis-generating; independent future validation required,0,0
ridge,True,extended_K,ridge::H_D_M_C,H_D_M_C,6,0.69943445071303,ridge::H_D_B_M_P_C_A_K,P0,-0.0001773856047768,0.0224524903961672,0.0388098321033184,0.0614397081042625,255,False,False,False,post-evaluation hypothesis-generating; independent future validation required,0,0
ridge,True,extended_K,ridge::H_D_B_A,H_D_B_A,6,0.7098588727184805,ridge::H_D_B_M_P_C_A_K,P0,0.0102470364006736,0.0328769124016177,0.0492342541087688,0.071864130109713,255,False,False,False,post-evaluation hypothesis-generating; independent future validation required,0,0
ridge,True,extended_K,ridge::H_D_C_A,H_D_C_A,6,0.715419672435277,ridge::H_D_B_M_P_C_A_K,P0,0.0158078361174702,0.0384377121184143,0.0547950538255655,0.0774249298265097,255,False,False,False,post-evaluation hypothesis-generating; independent future validation required,0,0
ridge,True,extended_K,ridge::H_D_M_A,H_D_M_A,6,0.7184336206077944,ridge::H_D_B_M_P_C_A_K,P0,0.0188217842899874,0.0414516602909316,0.0578090019980828,0.0804388779990269,255,False,False,False,post-evaluation hypothesis-generating; independent future validation required,0,0
ridge,True,extended_K,ridge::H_D_B_M_C,H_D_B_M_C,7,0.6952109364585862,ridge::H_D_B_M_P_C_A_K,P0,-0.0044008998592207,0.0182289761417233,0.0345863178488745,0.0572161938498187,255,False,False,False,post-evaluation hypothesis-generating; independent future validation required,0,0
ridge,True,extended_K,ridge::H_D_B_C_A,H_D_B_C_A,7,0.7098517951300329,ridge::H_D_B_M_P_C_A_K,P0,0.010239958812226,0.0328698348131701,0.0492271765203212,0.0718570525212653,255,False,False,False,post-evaluation hypothesis-generating; independent future validation required,0,0
ridge,True,extended_K,ridge::H_D_B_M_A,H_D_B_M_A,7,0.7138935134653298,ridge::H_D_B_M_P_C_A_K,P0,0.0142816771475229,0.036911553148467,0.0532688948556182,0.0758987708565624,255,False,False,False,post-evaluation hypothesis-generating; independent future validation required,0,0
ridge,True,extended_K,ridge::H_D_M_C_A,H_D_M_C_A,7,0.718439360494326,ridge::H_D_B_M_P_C_A_K,P0,0.0188275241765189,0.0414574001774631,0.0578147418846144,0.0804446178855586,255,False,False,False,post-evaluation hypothesis-generating; independent future validation required,0,0
ridge,True,extended_K,ridge::H_D_B_M_C_A,H_D_B_M_C_A,8,0.7139171723994294,ridge::H_D_B_M_P_C_A_K,P0,0.0143053360816225,0.0369352120825667,0.0532925537897179,0.075922429790662,255,False,False,False,post-evaluation hypothesis-generating; independent future validation required,0,0
ridge,True,extended_K,ridge::H_K,H_K,11,0.6351676477812879,ridge::H_D_B_M_P_C_A_K,P0,-0.064444188536519,-0.0418143125355749,-0.0254569708284236,-0.0028270948274795,255,True,True,True,post-evaluation hypothesis-generating; independent future validation required,2,1
ridge,True,extended_K,ridge::H_P,H_P,11,0.6621286536698835,ridge::H_D_B_M_P_C_A_K,P0,-0.0374831826479234,-0.0148533066469793,0.0015040350601718,0.024133911061116,255,True,False,False,post-evaluation hypothesis-generating; independent future validation required,0,0
ridge,True,extended_K,ridge::H_B_K,H_B_K,12,0.6338130840816668,ridge::H_D_B_M_P_C_A_K,P0,-0.0657987522361401,-0.0431688762351959,-0.0268115345280447,-0.0041816585271006,255,True,True,True,post-evaluation hypothesis-generating; independent future validation required,2,1
ridge,True,extended_K,ridge::H_C_K,H_C_K,12,0.6356315146224345,ridge::H_D_B_M_P_C_A_K,P0,-0.0639803216953725,-0.0413504456944284,-0.0249931039872772,-0.002363227986333,255,True,True,True,post-evaluation hypothesis-generating; independent future validation required,2,1
ridge,True,extended_K,ridge::H_M_K,H_M_K,12,0.6387484495874224,ridge::H_D_B_M_P_C_A_K,P0,-0.0608633867303844,-0.0382335107294403,-0.0218761690222891,0.0007537069786549,255,True,False,False,post-evaluation hypothesis-generating; independent future validation required,1,1
ridge,True,extended_K,ridge::H_A_K,H_A_K,12,0.6501515978228789,ridge::H_D_B_M_P_C_A_K,P0,-0.049460238494928,-0.0268303624939839,-0.0104730207868326,0.0121568552141114,255,True,False,False,post-evaluation hypothesis-generating; independent future validation required,0,0
ridge,True,extended_K,ridge::H_B_P,H_B_P,12,0.6598279763958999,ridge::H_D_B_M_P_C_A_K,P0,-0.039783859921907,-0.0171539839209629,-0.0007966422138117,0.0218332337871323,255,True,False,False,post-evaluation hypothesis-generating; independent future validation required,0,0
ridge,True,extended_K,ridge::H_M_P,H_M_P,12,0.6600336679303875,ridge::H_D_B_M_P_C_A_K,P0,-0.0395781683874193,-0.0169482923864752,-0.000590950679324,0.02203892532162,255,True,False,False,post-evaluation hypothesis-generating; independent future validation required,0,0
ridge,True,extended_K,ridge::H_P_C,H_P_C,12,0.6616781456941965,ridge::H_D_B_M_P_C_A_K,P0,-0.0379336906236104,-0.0153038146226663,0.0010535270844848,0.023683403085429,255,True,False,False,post-evaluation hypothesis-generating; independent future validation required,0,0
ridge,True,extended_K,ridge::H_P_A,H_P_A,12,0.6750709856321985,ridge::H_D_B_M_P_C_A_K,P0,-0.0245408506856084,-0.0019109746846643,0.0144463670224869,0.037076243023431,255,True,False,False,post-evaluation hypothesis-generating; independent future validation required,0,0
ridge,True,extended_K,ridge::H_B_C_K,H_B_C_K,13,0.6337863909234275,ridge::H_D_B_M_P_C_A_K,P0,-0.0658254453943793,-0.0431955693934352,-0.0268382276862839,-0.0042083516853398,255,True,True,True,post-evaluation hypothesis-generating; independent future validation required,2,1
ridge,True,extended_K,ridge::H_B_M_K,H_B_M_K,13,0.6379933943920627,ridge::H_D_B_M_P_C_A_K,P0,-0.0616184419257441,-0.0389885659248,-0.0226312242176488,-1.3482167047149107e-06,255,True,True,True,post-evaluation hypothesis-generating; independent future validation required,2,1
ridge,True,extended_K,ridge::H_M_C_K,H_M_C_K,13,0.6388321206398848,ridge::H_D_B_M_P_C_A_K,P0,-0.0607797156779219,-0.0381498396769778,-0.0217924979698266,0.0008373780311175,255,True,False,False,post-evaluation hypothesis-generating; independent future validation required,1,1
ridge,True,extended_K,ridge::H_B_A_K,H_B_A_K,13,0.6483197883101659,ridge::H_D_B_M_P_C_A_K,P0,-0.0512920480076409,-0.0286621720066967,-0.0123048302995455,0.0103250457013985,255,True,False,False,post-evaluation hypothesis-generating; independent future validation required,0,0
ridge,True,extended_K,ridge::H_C_A_K,H_C_A_K,13,0.6501716809860897,ridge::H_D_B_M_P_C_A_K,P0,-0.0494401553317171,-0.026810279330773,-0.0104529376236218,0.0121769383773222,255,True,False,False,post-evaluation hypothesis-generating; independent future validation required,0,0
ridge,True,extended_K,ridge::H_M_A_K,H_M_A_K,13,0.6530427785376762,ridge::H_D_B_M_P_C_A_K,P0,-0.0465690577801307,-0.0239391817791866,-0.0075818400720353,0.0150480359289087,255,True,False,False,post-evaluation hypothesis-generating; independent future validation required,0,0
ridge,True,extended_K,ridge::H_B_M_P,H_B_M_P,13,0.6590211712988748,ridge::H_D_B_M_P_C_A_K,P0,-0.040590665018932,-0.0179607890179879,-0.0016034473108366,0.0210264286901074,255,True,False,False,post-evaluation hypothesis-generating; independent future validation required,0,0
ridge,True,extended_K,ridge::H_B_P_C,H_B_P_C,13,0.6592588775492048,ridge::H_D_B_M_P_C_A_K,P0,-0.0403529587686022,-0.017723082767658,-0.0013657410605068,0.0212641349404372,255,True,False,False,post-evaluation hypothesis-generating; independent future validation required,0,0
ridge,True,extended_K,ridge::H_M_P_C,H_M_P_C,13,0.6594039241702615,ridge::H_D_B_M_P_C_A_K,P0,-0.0402079121475453,-0.0175780361466012,-0.00122069443945,0.0214091815614941,255,True,False,False,post-evaluation hypothesis-generating; independent future validation required,0,0
ridge,True,extended_K,ridge::H_B_P_A,H_B_P_A,13,0.6724829626187756,ridge::H_D_B_M_P_C_A_K,P0,-0.0271288736990313,-0.0044989976980871,0.011858344009064,0.0344882200100081,255,True,False,False,post-evaluation hypothesis-generating; independent future validation required,0,0
ridge,True,extended_K,ridge::H_M_P_A,H_M_P_A,13,0.6727609997705459,ridge::H_D_B_M_P_C_A_K,P0,-0.0268508365472609,-0.0042209605463168,0.0121363811608343,0.0347662571617784,255,True,False,False,post-evaluation hypothesis-generating; independent future validation required,0,0
ridge,True,extended_K,ridge::H_P_C_A,H_P_C_A,13,0.6746938373935905,ridge::H_D_B_M_P_C_A_K,P0,-0.0249179989242164,-0.0022881229232722,0.0140692187838789,0.036699094784823,255,True,False,False,post-evaluation hypothesis-generating; independent future validation required,0,0
ridge,True,extended_K,ridge::H_B_M_C_K,H_B_M_C_K,14,0.6379007066273498,ridge::H_D_B_M_P_C_A_K,P0,-0.0617111296904572,-0.039081253689513,-0.0227239119823618,-9.403598141768596e-05,255,True,True,True,post-evaluation hypothesis-generating; independent future validation required,2,1
ridge,True,extended_K,ridge::H_B_C_A_K,H_B_C_A_K,14,0.6482735925433976,ridge::H_D_B_M_P_C_A_K,P0,-0.0513382437744094,-0.0287083677734653,-0.012351026066314,0.01027884993463,255,True,False,False,post-evaluation hypothesis-generating; independent future validation required,0,0
ridge,True,extended_K,ridge::H_B_M_A_K,H_B_M_A_K,14,0.6521251813472393,ridge::H_D_B_M_P_C_A_K,P0,-0.0474866549705676,-0.0248567789696234,-0.0084994372624722,0.0141304387384718,255,True,False,False,post-evaluation hypothesis-generating; independent future validation required,0,0
ridge,True,extended_K,ridge::H_M_C_A_K,H_M_C_A_K,14,0.6531209313155801,ridge::H_D_B_M_P_C_A_K,P0,-0.0464909050022267,-0.0238610290012826,-0.0075036872941314,0.0151261887068126,255,True,False,False,post-evaluation hypothesis-generating; independent future validation required,0,0
ridge,True,extended_K,ridge::H_B_M_P_C,H_B_M_P_C,14,0.6583944317582967,ridge::H_D_B_M_P_C_A_K,P0,-0.0412174045595102,-0.018587528558566,-0.0022301868514148,0.0203996891495292,255,True,False,False,post-evaluation hypothesis-generating; independent future validation required,0,0
ridge,True,extended_K,ridge::H_B_M_P_A,H_B_M_P_A,14,0.6714963847820993,ridge::H_D_B_M_P_C_A_K,P0,-0.0281154515357075,-0.0054855755347634,0.0108717661723877,0.0335016421733319,255,True,False,False,post-evaluation hypothesis-generating; independent future validation required,0,0
ridge,True,extended_K,ridge::H_B_P_C_A,H_B_P_C_A,14,0.6720438834546396,ridge::H_D_B_M_P_C_A_K,P0,-0.0275679528631673,-0.0049380768622231,0.0114192648449279,0.0340491408458721,255,True,False,False,post-evaluation hypothesis-generating; independent future validation required,0,0
ridge,True,extended_K,ridge::H_M_P_C_A,H_M_P_C_A,14,0.6722856762631964,ridge::H_D_B_M_P_C_A_K,P0,-0.0273261600546105,-0.0046962840536664,0.0116610576534848,0.0342909336544289,255,True,False,False,post-evaluation hypothesis-generating; independent future validation required,0,0
ridge,True,extended_K,ridge::H_B_M_C_A_K,H_B_M_C_A_K,15,0.6521105854275352,ridge::H_D_B_M_P_C_A_K,P0,-0.0475012508902717,-0.0248713748893275,-0.0085140331821763,0.0141158428187677,255,True,False,False,post-evaluation hypothesis-generating; independent future validation required,0,0
ridge,True,extended_K,ridge::H_B_M_P_C_A,H_B_M_P_C_A,15,0.6709921690475126,ridge::H_D_B_M_P_C_A_K,P0,-0.0286196672702944,-0.0059897912693502,0.0103675504378009,0.032997426438745,255,True,False,False,post-evaluation hypothesis-generating; independent future validation required,0,0
ridge,True,extended_K,ridge::H_D_K,H_D_K,15,0.6761892602610897,ridge::H_D_B_M_P_C_A_K,P0,-0.0234225760567172,-0.0007927000557731,0.015564641651378,0.0381945176523221,255,True,False,False,post-evaluation hypothesis-generating; independent future validation required,0,0
ridge,True,extended_K,ridge::H_D_P,H_D_P,15,0.6986899073247446,ridge::H_D_B_M_P_C_A_K,P0,-0.0009219289930623,0.0217079470078817,0.0380652887150329,0.0606951647159771,255,False,False,False,post-evaluation hypothesis-generating; independent future validation required,0,0
ridge,True,extended_K,ridge::H_D_B_K,H_D_B_K,16,0.6721516016125267,ridge::H_D_B_M_P_C_A_K,P0,-0.0274602347052802,-0.004830358704336,0.011526983002815,0.0341568590037592,255,True,False,False,post-evaluation hypothesis-generating; independent future validation required,0,0
ridge,True,extended_K,ridge::H_D_C_K,H_D_C_K,16,0.6761452525621875,ridge::H_D_B_M_P_C_A_K,P0,-0.0234665837556193,-0.0008367077546752,0.0155206339524759,0.03815050995342,255,True,False,False,post-evaluation hypothesis-generating; independent future validation required,0,0
ridge,True,extended_K,ridge::H_D_M_K,H_D_M_K,16,0.6834292271841736,ridge::H_D_B_M_P_C_A_K,P0,-0.0161826091336333,0.0064472668673108,0.022804608574462,0.0454344845754061,255,True,False,False,post-evaluation hypothesis-generating; independent future validation required,0,0
ridge,True,extended_K,ridge::H_D_B_P,H_D_B_P,16,0.6944128008236358,ridge::H_D_B_M_P_C_A_K,P0,-0.0051990354941712,0.0174308405067729,0.033788182213924,0.0564180582148682,255,False,False,False,post-evaluation hypothesis-generating; independent future validation required,0,0
ridge,True,extended_K,ridge::H_D_A_K,H_D_A_K,16,0.695626288004309,ridge::H_D_B_M_P_C_A_K,P0,-0.0039855483134978,0.0186443276874462,0.0350016693945974,0.0576315453955416,255,False,False,False,post-evaluation hypothesis-generating; independent future validation required,0,0
ridge,True,extended_K,ridge::H_D_P_C,H_D_P_C,16,0.6986708024712186,ridge::H_D_B_M_P_C_A_K,P0,-0.0009410338465882,0.0216888421543558,0.038046183861507,0.0606760598624511,255,False,False,False,post-evaluation hypothesis-generating; independent future validation required,0,0
ridge,True,extended_K,ridge::H_D_M_P,H_D_M_P,16,0.7008698443347471,ridge::H_D_B_M_P_C_A_K,P0,0.0012580080169403,0.0238878840178844,0.0402452257250356,0.0628751017259797,255,False,False,False,post-evaluation hypothesis-generating; independent future validation required,0,0
ridge,True,extended_K,ridge::H_D_P_A,H_D_P_A,16,0.7171619204988859,ridge::H_D_B_M_P_C_A_K,P0,0.017550084181079,0.0401799601820231,0.0565373018891743,0.0791671778901184,255,False,False,False,post-evaluation hypothesis-generating; independent future validation required,0,0
ridge,True,extended_K,ridge::H_D_B_C_K,H_D_B_C_K,17,0.6722108740030356,ridge::H_D_B_M_P_C_A_K,P0,-0.0274009623147713,-0.0047710863138272,0.0115862553933239,0.034216131394268,255,True,False,False,post-evaluation hypothesis-generating; independent future validation required,0,0
ridge,True,extended_K,ridge::H_D_B_M_K,H_D_B_M_K,17,0.6797274514236356,ridge::H_D_B_M_P_C_A_K,P0,-0.0198843848941713,0.0027454911067727,0.0191028328139239,0.0417327088148681,255,True,False,False,post-evaluation hypothesis-generating; independent future validation required,0,0
ridge,True,extended_K,ridge::H_D_M_C_K,H_D_M_C_K,17,0.6835373004019112,ridge::H_D_B_M_P_C_A_K,P0,-0.0160745359158957,0.0065553400850483,0.0229126817921995,0.0455425577931437,255,True,False,False,post-evaluation hypothesis-generating; independent future validation required,0,0
ridge,True,extended_K,ridge::H_D_B_A_K,H_D_B_A_K,17,0.6915878870431961,ridge::H_D_B_M_P_C_A_K,P0,-0.0080239492746108,0.0146059267263332,0.0309632684334844,0.0535931444344286,255,False,False,False,post-evaluation hypothesis-generating; independent future validation required,0,0
ridge,True,extended_K,ridge::H_D_B_P_C,H_D_B_P_C,17,0.6941116093155131,ridge::H_D_B_M_P_C_A_K,P0,-0.0055002270022938,0.0171296489986503,0.0334869907058015,0.0561168667067456,255,False,False,False,post-evaluation hypothesis-generating; independent future validation required,0,0
ridge,True,extended_K,ridge::H_D_C_A_K,H_D_C_A_K,17,0.6962479760099048,ridge::H_D_B_M_P_C_A_K,P0,-0.0033638603079021,0.019266015693042,0.0356233574001932,0.0582532334011373,255,False,False,False,post-evaluation hypothesis-generating; independent future validation required,0,0
ridge,True,extended_K,ridge::H_D_B_M_P,H_D_B_M_P,17,0.6971059702039143,ridge::H_D_B_M_P_C_A_K,P0,-0.0025058661138926,0.0201240098870514,0.0364813515942026,0.0591112275951467,255,False,False,False,post-evaluation hypothesis-generating; independent future validation required,0,0
ridge,True,extended_K,ridge::H_D_M_P_C,H_D_M_P_C,17,0.7007023505178803,ridge::H_D_B_M_P_C_A_K,P0,0.0010905142000733,0.0237203902010175,0.0400777319081686,0.0627076079091128,255,False,False,False,post-evaluation hypothesis-generating; independent future validation required,0,0
ridge,True,extended_K,ridge::H_D_M_A_K,H_D_M_A_K,17,0.7026708437617717,ridge::H_D_B_M_P_C_A_K,P0,0.0030590074439648,0.0256888834449089,0.0420462251520601,0.0646761011530043,255,False,False,False,post-evaluation hypothesis-generating; independent future validation required,0,0
ridge,True,extended_K,ridge::H_D_B_P_A,H_D_B_P_A,17,0.7118585932917908,ridge::H_D_B_M_P_C_A_K,P0,0.0122467569739838,0.0348766329749279,0.0512339746820792,0.0738638506830233,255,False,False,False,post-evaluation hypothesis-generating; independent future validation required,0,0
ridge,True,extended_K,ridge::H_D_P_C_A,H_D_P_C_A,17,0.7170315707748213,ridge::H_D_B_M_P_C_A_K,P0,0.0174197344570144,0.0400496104579586,0.0564069521651098,0.0790368281660539,255,False,False,False,post-evaluation hypothesis-generating; independent future validation required,0,0
ridge,True,extended_K,ridge::H_D_M_P_A,H_D_M_P_A,17,0.7188339045550516,ridge::H_D_B_M_P_C_A_K,P0,0.0192220682372446,0.0418519442381887,0.0582092859453399,0.080839161946284,255,False,False,False,post-evaluation hypothesis-generating; independent future validation required,0,0
ridge,True,extended_K,ridge::H_D_B_M_C_K,H_D_B_M_C_K,18,0.6802104479685608,ridge::H_D_B_M_P_C_A_K,P0,-0.019401388349246,0.003228487651698,0.0195858293588492,0.0422157053597933,255,True,False,False,post-evaluation hypothesis-generating; independent future validation required,0,0
ridge,True,extended_K,ridge::H_D_B_C_A_K,H_D_B_C_A_K,18,0.691733433507991,ridge::H_D_B_M_P_C_A_K,P0,-0.0078784028098157,0.0147514731911283,0.0311088148982795,0.0537386908992237,255,False,False,False,post-evaluation hypothesis-generating; independent future validation required,0,0
ridge,True,extended_K,ridge::H_D_B_M_P_C,H_D_B_M_P_C,18,0.6968980896802975,ridge::H_D_B_M_P_C_A_K,P0,-0.0027137466375094,0.0199161293634347,0.0362734710705859,0.05890334707153,255,False,False,False,post-evaluation hypothesis-generating; independent future validation required,0,0
ridge,True,extended_K,ridge::H_D_B_M_A_K,H_D_B_M_A_K,18,0.6989440205138234,ridge::H_D_B_M_P_C_A_K,P0,-0.0006678158039834,0.0219620601969606,0.0383194019041118,0.060949277905056,255,False,False,False,post-evaluation hypothesis-generating; independent future validation required,0,0
ridge,True,extended_K,ridge::H_D_M_C_A_K,H_D_M_C_A_K,18,0.7026930299912642,ridge::H_D_B_M_P_C_A_K,P0,0.0030811936734572,0.0257110696744013,0.0420684113815525,0.0646982873824966,255,False,False,False,post-evaluation hypothesis-generating; independent future validation required,0,0
ridge,True,extended_K,ridge::H_D_B_P_C_A,H_D_B_P_C_A,18,0.7117752028899608,ridge::H_D_B_M_P_C_A_K,P0,0.0121633665721537,0.0347932425730979,0.051150584280249,0.0737804602811932,255,False,False,False,post-evaluation hypothesis-generating; independent future validation required,0,0
ridge,True,extended_K,ridge::H_D_B_M_P_A,H_D_B_M_P_A,18,0.7144361762043625,ridge::H_D_B_M_P_C_A_K,P0,0.0148243398865555,0.0374542158874996,0.0538115575946508,0.0764414335955949,255,False,False,False,post-evaluation hypothesis-generating; independent future validation required,0,0
ridge,True,extended_K,ridge::H_D_M_P_C_A,H_D_M_P_C_A,18,0.7187786294879878,ridge::H_D_B_M_P_C_A_K,P0,0.0191667931701809,0.041796669171125,0.0581540108782762,0.0807838868792204,255,False,False,False,post-evaluation hypothesis-generating; independent future validation required,0,0
ridge,True,extended_K,ridge::H_D_B_M_C_A_K,H_D_B_M_C_A_K,19,0.698737874564083,ridge::H_D_B_M_P_C_A_K,P0,-0.0008739617537239,0.0217559142472201,0.0381132559543714,0.0607431319553155,255,False,False,False,post-evaluation hypothesis-generating; independent future validation required,0,0
ridge,True,extended_K,ridge::H_D_B_M_P_C_A,H_D_B_M_P_C_A,19,0.7145134991871509,ridge::H_D_B_M_P_C_A_K,P0,0.0149016628693441,0.0375315388702882,0.0538888805774395,0.0765187565783836,255,False,False,False,post-evaluation hypothesis-generating; independent future validation required,0,0
ridge,True,extended_K,ridge::H_P_K,H_P_K,22,0.6383396625211173,ridge::H_D_B_M_P_C_A_K,P0,-0.0612721737966896,-0.0386422977957454,-0.0222849560885942,0.0003449199123498,255,True,False,False,post-evaluation hypothesis-generating; independent future validation required,1,1
ridge,True,extended_K,ridge::H_B_P_K,H_B_P_K,23,0.6373822838844373,ridge::H_D_B_M_P_C_A_K,P0,-0.0622295524333696,-0.0395996764324255,-0.0232423347252743,-0.0006124587243301,255,True,True,True,post-evaluation hypothesis-generating; independent future validation required,2,1
ridge,True,extended_K,ridge::H_P_C_K,H_P_C_K,23,0.6382822170567879,ridge::H_D_B_M_P_C_A_K,P0,-0.0613296192610189,-0.0386997432600748,-0.0223424015529236,0.0002874744480204,255,True,False,False,post-evaluation hypothesis-generating; independent future validation required,1,1
ridge,True,extended_K,ridge::H_M_P_K,H_M_P_K,23,0.641075070409414,ridge::H_D_B_M_P_C_A_K,P0,-0.0585367659083929,-0.0359068899074488,-0.0195495482002975,0.0030803278006465,255,True,False,False,post-evaluation hypothesis-generating; independent future validation required,1,1
ridge,True,extended_K,ridge::H_P_A_K,H_P_A_K,23,0.6517969705723333,ridge::H_D_B_M_P_C_A_K,P0,-0.0478148657454736,-0.0251849897445294,-0.0088276480373783,0.0138022279635658,255,True,False,False,post-evaluation hypothesis-generating; independent future validation required,0,0
ridge,True,extended_K,ridge::H_B_P_C_K,H_B_P_C_K,24,0.6372428057277129,ridge::H_D_B_M_P_C_A_K,P0,-0.0623690305900939,-0.0397391545891498,-0.0233818128819986,-0.0007519368810544,255,True,True,True,post-evaluation hypothesis-generating; independent future validation required,2,1
ridge,True,extended_K,ridge::H_B_M_P_K,H_B_M_P_K,24,0.6409353825958194,ridge::H_D_B_M_P_C_A_K,P0,-0.0586764537219876,-0.0360465777210435,-0.0196892360138922,0.0029406399870518,255,True,False,False,post-evaluation hypothesis-generating; independent future validation required,1,1
ridge,True,extended_K,ridge::H_M_P_C_K,H_M_P_C_K,24,0.640987201268177,ridge::H_D_B_M_P_C_A_K,P0,-0.0586246350496299,-0.0359947590486857,-0.0196374173415345,0.0029924586594095,255,True,False,False,post-evaluation hypothesis-generating; independent future validation required,1,1
ridge,True,extended_K,ridge::H_B_P_A_K,H_B_P_A_K,24,0.6504578081230348,ridge::H_D_B_M_P_C_A_K,P0,-0.0491540281947721,-0.026524152193828,-0.0101668104866767,0.0124630655142673,255,True,False,False,post-evaluation hypothesis-generating; independent future validation required,0,0
ridge,True,extended_K,ridge::H_P_C_A_K,H_P_C_A_K,24,0.6517753895430212,ridge::H_D_B_M_P_C_A_K,P0,-0.0478364467747858,-0.0252065707738417,-0.0088492290666904,0.0137806469342536,255,True,False,False,post-evaluation hypothesis-generating; independent future validation required,0,0
ridge,True,extended_K,ridge::H_M_P_A_K,H_M_P_A_K,24,0.6542679690447977,ridge::H_D_B_M_P_C_A_K,P0,-0.0453438672730093,-0.0227139912720652,-0.0063566495649139,0.0162732264360301,255,True,False,False,post-evaluation hypothesis-generating; independent future validation required,0,0
ridge,True,extended_K,ridge::H_B_M_P_C_K,H_B_M_P_C_K,25,0.6407660645154758,ridge::H_D_B_M_P_C_A_K,P0,-0.0588457718023312,-0.0362158958013871,-0.0198585540942358,0.0027713219067082,255,True,False,False,post-evaluation hypothesis-generating; independent future validation required,1,1
ridge,True,extended_K,ridge::H_B_P_C_A_K,H_B_P_C_A_K,25,0.6503700645058986,ridge::H_D_B_M_P_C_A_K,P0,-0.0492417718119081,-0.026611895810964,-0.0102545541038128,0.0123753218971312,255,True,False,False,post-evaluation hypothesis-generating; independent future validation required,0,0
ridge,True,extended_K,ridge::H_B_M_P_A_K,H_B_M_P_A_K,25,0.653799909576714,ridge::H_D_B_M_P_C_A_K,P0,-0.0458119267410928,-0.0231820507401487,-0.0068247090329975,0.0158051669679465,255,True,False,False,post-evaluation hypothesis-generating; independent future validation required,0,0
ridge,True,extended_K,ridge::H_M_P_C_A_K,H_M_P_C_A_K,25,0.6542957330703671,ridge::H_D_B_M_P_C_A_K,P0,-0.0453161032474397,-0.0226862272464955,-0.0063288855393443,0.0163009904615998,255,True,False,False,post-evaluation hypothesis-generating; independent future validation required,0,0
ridge,True,extended_K,ridge::H_B_M_P_C_A_K,H_B_M_P_C_A_K,26,0.6537133462576045,ridge::H_D_B_M_P_C_A_K,P0,-0.0458984900602024,-0.0232686140592582,-0.006911272352107,0.015718603648837,255,True,False,False,post-evaluation hypothesis-generating; independent future validation required,0,0
ridge,True,extended_K,ridge::H_D_P_K,H_D_P_K,26,0.6795920519511104,ridge::H_D_B_M_P_C_A_K,P0,-0.0200197843666964,0.0026100916342476,0.0189674333413989,0.041597309342343,255,True,False,False,post-evaluation hypothesis-generating; independent future validation required,0,0
ridge,True,extended_K,ridge::H_D_B_P_K,H_D_B_P_K,27,0.6761586138450525,ridge::H_D_B_M_P_C_A_K,P0,-0.0234532224727543,-0.0008233464718102,0.0155339952353409,0.0381638712362851,255,True,False,False,post-evaluation hypothesis-generating; independent future validation required,0,0
ridge,True,extended_K,ridge::H_D_P_C_K,H_D_P_C_K,27,0.6797163390369511,ridge::H_D_B_M_P_C_A_K,P0,-0.0198954972808557,0.0027343787200883,0.0190917204272395,0.0417215964281836,255,True,False,False,post-evaluation hypothesis-generating; independent future validation required,0,0
ridge,True,extended_K,ridge::H_D_M_P_K,H_D_M_P_K,27,0.6851873170727695,ridge::H_D_B_M_P_C_A_K,P0,-0.0144245192450374,0.0082053567559066,0.0245626984630578,0.0471925744640019,255,True,False,False,post-evaluation hypothesis-generating; independent future validation required,0,0
ridge,True,extended_K,ridge::H_D_P_A_K,H_D_P_A_K,27,0.6979035659146017,ridge::H_D_B_M_P_C_A_K,P0,-0.0017082704032051,0.0209216055977389,0.0372789473048901,0.0599088233058342,255,False,False,False,post-evaluation hypothesis-generating; independent future validation required,0,0
ridge,True,extended_K,ridge::H_D_B_P_C_K,H_D_B_P_C_K,28,0.6762372787720276,ridge::H_D_B_M_P_C_A_K,P0,-0.0233745575457793,-0.0007446815448352,0.0156126601623159,0.03824253616326,255,True,False,False,post-evaluation hypothesis-generating; independent future validation required,0,0
ridge,True,extended_K,ridge::H_D_B_M_P_K,H_D_B_M_P_K,28,0.6818293096962674,ridge::H_D_B_M_P_C_A_K,P0,-0.0177825266215395,0.0048473493794045,0.0212046910865557,0.0438345670874998,255,True,False,False,post-evaluation hypothesis-generating; independent future validation required,0,0
ridge,True,extended_K,ridge::H_D_M_P_C_K,H_D_M_P_C_K,28,0.6852682871410465,ridge::H_D_B_M_P_C_A_K,P0,-0.0143435491767605,0.0082863268241836,0.0246436685313347,0.0472735445322789,255,True,False,False,post-evaluation hypothesis-generating; independent future validation required,0,0
ridge,True,extended_K,ridge::H_D_B_P_A_K,H_D_B_P_A_K,28,0.6936713069461021,ridge::H_D_B_M_P_C_A_K,P0,-0.0059405293717047,0.0166893466292394,0.0330466883363906,0.0556765643373347,255,False,False,False,post-evaluation hypothesis-generating; independent future validation required,0,0
ridge,True,extended_K,ridge::H_D_P_C_A_K,H_D_P_C_A_K,28,0.6981684182958569,ridge::H_D_B_M_P_C_A_K,P0,-0.00144341802195,0.0211864579789941,0.0375437996861452,0.0601736756870893,255,False,False,False,post-evaluation hypothesis-generating; independent future validation required,0,0
ridge,True,extended_K,ridge::H_D_M_P_A_K,H_D_M_P_A_K,28,0.7029852720717704,ridge::H_D_B_M_P_C_A_K,P0,0.0033734357539634,0.0260033117549075,0.0423606534620587,0.0649905294630028,255,False,False,False,post-evaluation hypothesis-generating; independent future validation required,0,0
ridge,True,extended_K,ridge::H_D_B_M_P_C_K,H_D_B_M_P_C_K,29,0.6820157799477475,ridge::H_D_B_M_P_C_A_K,P0,-0.0175960563700594,0.0050338196308847,0.0213911613380359,0.04402103733898,255,True,False,False,post-evaluation hypothesis-generating; independent future validation required,0,0
ridge,True,extended_K,ridge::H_D_B_P_C_A_K,H_D_B_P_C_A_K,29,0.693848164905966,ridge::H_D_B_M_P_C_A_K,P0,-0.0057636714118409,0.0168662045891031,0.0332235462962543,0.0558534222971984,255,False,False,False,post-evaluation hypothesis-generating; independent future validation required,0,0
ridge,True,extended_K,ridge::H_D_B_M_P_A_K,H_D_B_M_P_A_K,29,0.6990816570421533,ridge::H_D_B_M_P_C_A_K,P0,-0.0005301792756536,0.0220996967252904,0.0384570384324416,0.0610869144333858,255,False,False,False,post-evaluation hypothesis-generating; independent future validation required,0,0
ridge,True,extended_K,ridge::H_D_M_P_C_A_K,H_D_M_P_C_A_K,29,0.7034613200262488,ridge::H_D_B_M_P_C_A_K,P0,0.0038494837084419,0.026479359709386,0.0428367014165373,0.0654665774174814,255,False,False,False,post-evaluation hypothesis-generating; independent future validation required,0,0
ridge,True,extended_K,ridge::H_D_B_M_P_C_A_K,H_D_B_M_P_C_A_K,30,0.6996118363178069,ridge::H_D_B_M_P_C_A_K,P0,0.0,0.0,0.0389872177080953,0.0616170937090394,255,True,False,False,post-evaluation hypothesis-generating; independent future validation required,0,0
ridge_fixed,True,extended_K,ridge_fixed::H,H,0,0.6607078047863713,ridge_fixed::H_D_B_M_P_C_A_K,P0,-0.0078060067973517,0.0087959562456405,8.318617665973355e-05,0.0166851492196519,255,True,False,False,post-evaluation hypothesis-generating; independent future validation required,0,0
ridge_fixed,True,extended_K,ridge_fixed::H_B,H_B,1,0.6572625288428798,ridge_fixed::H_D_B_M_P_C_A_K,P0,-0.0112512827408432,0.005350680302149,-0.0033620897668317,0.0132398732761605,255,True,False,False,post-evaluation hypothesis-generating; independent future validation required,0,0
ridge_fixed,True,extended_K,ridge_fixed::H_M,H_M,1,0.6587198786190033,ridge_fixed::H_D_B_M_P_C_A_K,P0,-0.0097939329647198,0.0068080300782724,-0.0019047399907083,0.0146972230522839,255,True,False,False,post-evaluation hypothesis-generating; independent future validation required,0,0
ridge_fixed,True,extended_K,ridge_fixed::H_C,H_C,1,0.6602863066610634,ridge_fixed::H_D_B_M_P_C_A_K,P0,-0.0082275049226596,0.0083744581203325,-0.0003383119486482,0.016263651094344,255,True,False,False,post-evaluation hypothesis-generating; independent future validation required,0,0
ridge_fixed,True,extended_K,ridge_fixed::H_A,H_A,1,0.6742887322988218,ridge_fixed::H_D_B_M_P_C_A_K,P0,0.0057749207150988,0.0223768837580911,0.0136641136891103,0.0302660767321026,255,False,False,False,post-evaluation hypothesis-generating; independent future validation required,0,0
ridge_fixed,True,extended_K,ridge_fixed::H_B_C,H_B_C,2,0.6567785122587828,ridge_fixed::H_D_B_M_P_C_A_K,P0,-0.0117352993249402,0.004866663718052,-0.0038461063509287,0.0127558566920634,255,True,False,False,post-evaluation hypothesis-generating; independent future validation required,0,0
ridge_fixed,True,extended_K,ridge_fixed::H_B_M,H_B_M,2,0.6567912061809835,ridge_fixed::H_D_B_M_P_C_A_K,P0,-0.0117226054027395,0.0048793576402527,-0.003833412428728,0.0127685506142641,255,True,False,False,post-evaluation hypothesis-generating; independent future validation required,0,0
ridge_fixed,True,extended_K,ridge_fixed::H_M_C,H_M_C,2,0.658167884322826,ridge_fixed::H_D_B_M_P_C_A_K,P0,-0.010345927260897,0.0062560357820951,-0.0024567342868855,0.0141452287561066,255,True,False,False,post-evaluation hypothesis-generating; independent future validation required,0,0
ridge_fixed,True,extended_K,ridge_fixed::H_B_A,H_B_A,2,0.670901879743086,ridge_fixed::H_D_B_M_P_C_A_K,P0,0.0023880681593629,0.0189900312023552,0.0102772611333745,0.0268792241763667,255,False,False,False,post-evaluation hypothesis-generating; independent future validation required,0,0
ridge_fixed,True,extended_K,ridge_fixed::H_M_A,H_M_A,2,0.6720357150766995,ridge_fixed::H_D_B_M_P_C_A_K,P0,0.0035219034929763,0.0201238665359686,0.0114110964669878,0.02801305950998,255,False,False,False,post-evaluation hypothesis-generating; independent future validation required,0,0
ridge_fixed,True,extended_K,ridge_fixed::H_C_A,H_C_A,2,0.673886294585218,ridge_fixed::H_D_B_M_P_C_A_K,P0,0.0053724830014949,0.0219744460444871,0.0132616759755062,0.0298636390184985,255,False,False,False,post-evaluation hypothesis-generating; independent future validation required,0,0
ridge_fixed,True,extended_K,ridge_fixed::H_B_M_C,H_B_M_C,3,0.6562303994931902,ridge_fixed::H_D_B_M_P_C_A_K,P0,-0.0122834120905328,0.0043185509524594,-0.0043942191165213,0.0122077439264708,255,True,False,False,post-evaluation hypothesis-generating; independent future validation required,0,0
ridge_fixed,True,extended_K,ridge_fixed::H_B_M_A,H_B_M_A,3,0.6701807686552006,ridge_fixed::H_D_B_M_P_C_A_K,P0,0.0016669570714775,0.0182689201144698,0.009556150045489,0.0261581130884813,255,False,False,False,post-evaluation hypothesis-generating; independent future validation required,0,0
ridge_fixed,True,extended_K,ridge_fixed::H_B_C_A,H_B_C_A,3,0.6705150579141685,ridge_fixed::H_D_B_M_P_C_A_K,P0,0.0020012463304454,0.0186032093734377,0.0098904393044569,0.0264924023474492,255,False,False,False,post-evaluation hypothesis-generating; independent future validation required,0,0
ridge_fixed,True,extended_K,ridge_fixed::H_M_C_A,H_M_C_A,3,0.6715730525470757,ridge_fixed::H_D_B_M_P_C_A_K,P0,0.0030592409633526,0.0196612040063449,0.0109484339373641,0.0275503969803563,255,False,False,False,post-evaluation hypothesis-generating; independent future validation required,0,0
ridge_fixed,True,extended_K,ridge_fixed::H_D,H_D,4,0.6682722636818231,ridge_fixed::H_D_B_M_P_C_A_K,P0,-0.0002415479018999,0.0163604151410922,0.0076476450721115,0.0242496081151037,255,False,False,False,post-evaluation hypothesis-generating; independent future validation required,0,0
ridge_fixed,True,extended_K,ridge_fixed::H_B_M_C_A,H_B_M_C_A,4,0.6697576515800546,ridge_fixed::H_D_B_M_P_C_A_K,P0,0.0012438399963315,0.0178458030393238,0.0091330329703429,0.0257349960133352,255,False,False,False,post-evaluation hypothesis-generating; independent future validation required,0,0
ridge_fixed,True,extended_K,ridge_fixed::H_D_B,H_D_B,5,0.6638423304551029,ridge_fixed::H_D_B_M_P_C_A_K,P0,-0.0046714811286201,0.0119304819143721,0.0032177118453913,0.0198196748883835,255,False,False,False,post-evaluation hypothesis-generating; independent future validation required,0,0
ridge_fixed,True,extended_K,ridge_fixed::H_D_C,H_D_C,5,0.6680511603354788,ridge_fixed::H_D_B_M_P_C_A_K,P0,-0.0004626512482442,0.016139311794748,0.0074265417257672,0.0240285047687595,255,False,False,False,post-evaluation hypothesis-generating; independent future validation required,0,0
ridge_fixed,True,extended_K,ridge_fixed::H_D_M,H_D_M,5,0.6692139372910054,ridge_fixed::H_D_B_M_P_C_A_K,P0,0.0007001257072824,0.0173020887502747,0.0085893186812939,0.0251912817242862,255,False,False,False,post-evaluation hypothesis-generating; independent future validation required,0,0
ridge_fixed,True,extended_K,ridge_fixed::H_D_A,H_D_A,5,0.683932365298994,ridge_fixed::H_D_B_M_P_C_A_K,P0,0.015418553715271,0.0320205167582632,0.0233077466892824,0.0399097097322747,255,False,False,False,post-evaluation hypothesis-generating; independent future validation required,0,0
ridge_fixed,True,extended_K,ridge_fixed::H_D_B_C,H_D_B_C,6,0.6636390905340731,ridge_fixed::H_D_B_M_P_C_A_K,P0,-0.0048747210496498,0.0117272419933423,0.0030144719243615,0.0196164349673538,255,False,False,False,post-evaluation hypothesis-generating; independent future validation required,0,0
ridge_fixed,True,extended_K,ridge_fixed::H_D_B_M,H_D_B_M,6,0.6659944713197946,ridge_fixed::H_D_B_M_P_C_A_K,P0,-0.0025193402639284,0.0140826227790637,0.0053698527100829,0.0219718157530752,255,False,False,False,post-evaluation hypothesis-generating; independent future validation required,0,0
ridge_fixed,True,extended_K,ridge_fixed::H_D_M_C,H_D_M_C,6,0.6690420117593091,ridge_fixed::H_D_B_M_P_C_A_K,P0,0.000528200175586,0.0171301632185783,0.0084173931495975,0.0250193561925898,255,False,False,False,post-evaluation hypothesis-generating; independent future validation required,0,0
ridge_fixed,True,extended_K,ridge_fixed::H_D_B_A,H_D_B_A,6,0.679312289506655,ridge_fixed::H_D_B_M_P_C_A_K,P0,0.0107984779229319,0.0274004409659242,0.0186876708969433,0.0352896339399356,255,False,False,False,post-evaluation hypothesis-generating; independent future validation required,0,0
ridge_fixed,True,extended_K,ridge_fixed::H_D_C_A,H_D_C_A,6,0.683984577511112,ridge_fixed::H_D_B_M_P_C_A_K,P0,0.0154707659273888,0.032072728970381,0.0233599589014003,0.0399619219443925,255,False,False,False,post-evaluation hypothesis-generating; independent future validation required,0,0
ridge_fixed,True,extended_K,ridge_fixed::H_D_M_A,H_D_M_A,6,0.6846312712303366,ridge_fixed::H_D_B_M_P_C_A_K,P0,0.0161174596466136,0.0327194226896058,0.0240066526206249,0.0406086156636172,255,False,False,False,post-evaluation hypothesis-generating; independent future validation required,0,0
ridge_fixed,True,extended_K,ridge_fixed::H_D_B_M_C,H_D_B_M_C,7,0.6659889708777176,ridge_fixed::H_D_B_M_P_C_A_K,P0,-0.0025248407060054,0.0140771223369867,0.0053643522680059,0.0219663153109982,255,False,False,False,post-evaluation hypothesis-generating; independent future validation required,0,0
ridge_fixed,True,extended_K,ridge_fixed::H_D_B_C_A,H_D_B_C_A,7,0.679476092507189,ridge_fixed::H_D_B_M_P_C_A_K,P0,0.0109622809234658,0.0275642439664581,0.0188514738974772,0.0354534369404695,255,False,False,False,post-evaluation hypothesis-generating; independent future validation required,0,0
ridge_fixed,True,extended_K,ridge_fixed::H_D_B_M_A,H_D_B_M_A,7,0.6812635301028807,ridge_fixed::H_D_B_M_P_C_A_K,P0,0.0127497185191576,0.0293516815621498,0.020638911493169,0.0372408745361612,255,False,False,False,post-evaluation hypothesis-generating; independent future validation required,0,0
ridge_fixed,True,extended_K,ridge_fixed::H_D_M_C_A,H_D_M_C_A,7,0.6846464078599233,ridge_fixed::H_D_B_M_P_C_A_K,P0,0.0161325962762002,0.0327345593191924,0.0240217892502116,0.0406237522932039,255,False,False,False,post-evaluation hypothesis-generating; independent future validation required,0,0
ridge_fixed,True,extended_K,ridge_fixed::H_D_B_M_C_A,H_D_B_M_C_A,8,0.681401357810119,ridge_fixed::H_D_B_M_P_C_A_K,P0,0.0128875462263959,0.0294895092693881,0.0207767392004073,0.0373787022433995,255,False,False,False,post-evaluation hypothesis-generating; independent future validation required,0,0
ridge_fixed,True,extended_K,ridge_fixed::H_K,H_K,11,0.6356101895683843,ridge_fixed::H_D_B_M_P_C_A_K,P0,-0.0329036220153387,-0.0163016589723464,-0.0250144290413272,-0.0084124659983349,255,True,True,True,post-evaluation hypothesis-generating; independent future validation required,2,1
ridge_fixed,True,extended_K,ridge_fixed::H_P,H_P,11,0.6621651245678533,ridge_fixed::H_D_B_M_P_C_A_K,P0,-0.0063486870158697,0.0102532760271224,0.0015405059581416,0.0181424690011339,255,False,False,False,post-evaluation hypothesis-generating; independent future validation required,0,0
ridge_fixed,True,extended_K,ridge_fixed::H_B_K,H_B_K,12,0.6338130840816668,ridge_fixed::H_D_B_M_P_C_A_K,P0,-0.0347007275020562,-0.0180987644590639,-0.0268115345280447,-0.0102095714850524,255,True,True,True,post-evaluation hypothesis-generating; independent future validation required,2,1
ridge_fixed,True,extended_K,ridge_fixed::H_C_K,H_C_K,12,0.6356315146224345,ridge_fixed::H_D_B_M_P_C_A_K,P0,-0.0328822969612886,-0.0162803339182963,-0.0249931039872772,-0.0083911409442849,255,True,True,True,post-evaluation hypothesis-generating; independent future validation required,2,1
ridge_fixed,True,extended_K,ridge_fixed::H_M_K,H_M_K,12,0.6388820106730839,ridge_fixed::H_D_B_M_P_C_A_K,P0,-0.0296318009106391,-0.0130298378676469,-0.0217426079366276,-0.0051406448936354,255,True,True,True,post-evaluation hypothesis-generating; independent future validation required,1,1
ridge_fixed,True,extended_K,ridge_fixed::H_A_K,H_A_K,12,0.6501515978228789,ridge_fixed::H_D_B_M_P_C_A_K,P0,-0.0183622137608441,-0.0017602507178519,-0.0104730207868326,0.0061289422561595,255,True,False,False,post-evaluation hypothesis-generating; independent future validation required,0,0
ridge_fixed,True,extended_K,ridge_fixed::H_B_P,H_B_P,12,0.6598279763958999,ridge_fixed::H_D_B_M_P_C_A_K,P0,-0.0086858351878232,0.007916127855169,-0.0007966422138117,0.0158053208291805,255,True,False,False,post-evaluation hypothesis-generating; independent future validation required,0,0
ridge_fixed,True,extended_K,ridge_fixed::H_M_P,H_M_P,12,0.6600336679303875,ridge_fixed::H_D_B_M_P_C_A_K,P0,-0.0084801436533355,0.0081218193896567,-0.000590950679324,0.0160110123636682,255,True,False,False,post-evaluation hypothesis-generating; independent future validation required,0,0
ridge_fixed,True,extended_K,ridge_fixed::H_P_C,H_P_C,12,0.6616781456941965,ridge_fixed::H_D_B_M_P_C_A_K,P0,-0.0068356658895265,0.0097662971534656,0.0010535270844848,0.0176554901274771,255,True,False,False,post-evaluation hypothesis-generating; independent future validation required,0,0
ridge_fixed,True,extended_K,ridge_fixed::H_P_A,H_P_A,12,0.6750709856321985,ridge_fixed::H_D_B_M_P_C_A_K,P0,0.0065571740484753,0.0231591370914676,0.0144463670224869,0.0310483300654791,255,False,False,False,post-evaluation hypothesis-generating; independent future validation required,0,0
ridge_fixed,True,extended_K,ridge_fixed::H_B_C_K,H_B_C_K,13,0.6337863909234275,ridge_fixed::H_D_B_M_P_C_A_K,P0,-0.0347274206602955,-0.0181254576173032,-0.0268382276862839,-0.0102362646432916,255,True,True,True,post-evaluation hypothesis-generating; independent future validation required,2,1
ridge_fixed,True,extended_K,ridge_fixed::H_B_M_K,H_B_M_K,13,0.6380022376216871,ridge_fixed::H_D_B_M_P_C_A_K,P0,-0.030511573962036,-0.0139096109190437,-0.0226223809880245,-0.0060204179450322,255,True,True,True,post-evaluation hypothesis-generating; independent future validation required,2,1
ridge_fixed,True,extended_K,ridge_fixed::H_M_C_K,H_M_C_K,13,0.6388321206398848,ridge_fixed::H_D_B_M_P_C_A_K,P0,-0.0296816909438381,-0.0130797279008458,-0.0217924979698266,-0.0051905349268343,255,True,True,True,post-evaluation hypothesis-generating; independent future validation required,1,1
ridge_fixed,True,extended_K,ridge_fixed::H_B_A_K,H_B_A_K,13,0.6483197883101659,ridge_fixed::H_D_B_M_P_C_A_K,P0,-0.020194023273557,-0.0035920602305648,-0.0123048302995455,0.0042971327434466,255,True,False,False,post-evaluation hypothesis-generating; independent future validation required,0,0
ridge_fixed,True,extended_K,ridge_fixed::H_C_A_K,H_C_A_K,13,0.6501716809860897,ridge_fixed::H_D_B_M_P_C_A_K,P0,-0.0183421305976333,-0.001740167554641,-0.0104529376236218,0.0061490254193704,255,True,False,False,post-evaluation hypothesis-generating; independent future validation required,0,0
ridge_fixed,True,extended_K,ridge_fixed::H_M_A_K,H_M_A_K,13,0.6530427785376762,ridge_fixed::H_D_B_M_P_C_A_K,P0,-0.0154710330460468,0.0011309299969454,-0.0075818400720353,0.0090201229709568,255,True,False,False,post-evaluation hypothesis-generating; independent future validation required,0,0
ridge_fixed,True,extended_K,ridge_fixed::H_B_M_P,H_B_M_P,13,0.6590211712988748,ridge_fixed::H_D_B_M_P_C_A_K,P0,-0.0094926402848481,0.0071093227581441,-0.0016034473108366,0.0149985157321555,255,True,False,False,post-evaluation hypothesis-generating; independent future validation required,0,0
ridge_fixed,True,extended_K,ridge_fixed::H_B_P_C,H_B_P_C,13,0.6592588775492048,ridge_fixed::H_D_B_M_P_C_A_K,P0,-0.0092549340345183,0.0073470290084739,-0.0013657410605068,0.0152362219824853,255,True,False,False,post-evaluation hypothesis-generating; independent future validation required,0,0
ridge_fixed,True,extended_K,ridge_fixed::H_M_P_C,H_M_P_C,13,0.6594039241702615,ridge_fixed::H_D_B_M_P_C_A_K,P0,-0.0091098874134614,0.0074920756295307,-0.00122069443945,0.0153812686035422,255,True,False,False,post-evaluation hypothesis-generating; independent future validation required,0,0
ridge_fixed,True,extended_K,ridge_fixed::H_B_P_A,H_B_P_A,13,0.6724829626187756,ridge_fixed::H_D_B_M_P_C_A_K,P0,0.0039691510350525,0.0205711140780448,0.011858344009064,0.0284603070520562,255,False,False,False,post-evaluation hypothesis-generating; independent future validation required,0,0
ridge_fixed,True,extended_K,ridge_fixed::H_M_P_A,H_M_P_A,13,0.6727609997705459,ridge_fixed::H_D_B_M_P_C_A_K,P0,0.0042471881868229,0.0208491512298151,0.0121363811608343,0.0287383442038266,255,False,False,False,post-evaluation hypothesis-generating; independent future validation required,0,0
ridge_fixed,True,extended_K,ridge_fixed::H_P_C_A,H_P_C_A,13,0.6746938373935905,ridge_fixed::H_D_B_M_P_C_A_K,P0,0.0061800258098675,0.0227819888528597,0.0140692187838789,0.0306711818268712,255,False,False,False,post-evaluation hypothesis-generating; independent future validation required,0,0
ridge_fixed,True,extended_K,ridge_fixed::H_B_M_C_K,H_B_M_C_K,14,0.6379007066273498,ridge_fixed::H_D_B_M_P_C_A_K,P0,-0.0306131049563732,-0.0140111419133809,-0.0227239119823618,-0.0061219489393695,255,True,True,True,post-evaluation hypothesis-generating; independent future validation required,2,1
ridge_fixed,True,extended_K,ridge_fixed::H_B_C_A_K,H_B_C_A_K,14,0.6482735925433976,ridge_fixed::H_D_B_M_P_C_A_K,P0,-0.0202402190403255,-0.0036382559973332,-0.012351026066314,0.0042509369766781,255,True,False,False,post-evaluation hypothesis-generating; independent future validation required,0,0
ridge_fixed,True,extended_K,ridge_fixed::H_B_M_A_K,H_B_M_A_K,14,0.6521251813472393,ridge_fixed::H_D_B_M_P_C_A_K,P0,-0.0163886302364837,0.0002133328065085,-0.0084994372624722,0.0081025257805199,255,True,False,False,post-evaluation hypothesis-generating; independent future validation required,0,0
ridge_fixed,True,extended_K,ridge_fixed::H_M_C_A_K,H_M_C_A_K,14,0.6531209313155801,ridge_fixed::H_D_B_M_P_C_A_K,P0,-0.0153928802681429,0.0012090827748493,-0.0075036872941314,0.0090982757488608,255,True,False,False,post-evaluation hypothesis-generating; independent future validation required,0,0
ridge_fixed,True,extended_K,ridge_fixed::H_B_M_P_C,H_B_M_P_C,14,0.6583944317582967,ridge_fixed::H_D_B_M_P_C_A_K,P0,-0.0101193798254263,0.0064825832175659,-0.0022301868514148,0.0143717761915774,255,True,False,False,post-evaluation hypothesis-generating; independent future validation required,0,0
ridge_fixed,True,extended_K,ridge_fixed::H_B_M_P_A,H_B_M_P_A,14,0.6714963847820993,ridge_fixed::H_D_B_M_P_C_A_K,P0,0.0029825731983763,0.0195845362413685,0.0108717661723877,0.02747372921538,255,False,False,False,post-evaluation hypothesis-generating; independent future validation required,0,0
ridge_fixed,True,extended_K,ridge_fixed::H_B_P_C_A,H_B_P_C_A,14,0.6720438834546396,ridge_fixed::H_D_B_M_P_C_A_K,P0,0.0035300718709165,0.0201320349139087,0.0114192648449279,0.0280212278879202,255,False,False,False,post-evaluation hypothesis-generating; independent future validation required,0,0
ridge_fixed,True,extended_K,ridge_fixed::H_M_P_C_A,H_M_P_C_A,14,0.6722856762631964,ridge_fixed::H_D_B_M_P_C_A_K,P0,0.0037718646794733,0.0203738277224656,0.0116610576534848,0.028263020696477,255,False,False,False,post-evaluation hypothesis-generating; independent future validation required,0,0
ridge_fixed,True,extended_K,ridge_fixed::H_D_K,H_D_K,15,0.6490734489213348,ridge_fixed::H_D_B_M_P_C_A_K,P0,-0.0194403626623882,-0.002838399619396,-0.0115511696883767,0.0050507933546154,255,True,False,False,post-evaluation hypothesis-generating; independent future validation required,0,0
ridge_fixed,True,extended_K,ridge_fixed::H_B_M_C_A_K,H_B_M_C_A_K,15,0.6521105854275352,ridge_fixed::H_D_B_M_P_C_A_K,P0,-0.0164032261561878,0.0001987368868044,-0.0085140331821763,0.0080879298608158,255,True,False,False,post-evaluation hypothesis-generating; independent future validation required,0,0
ridge_fixed,True,extended_K,ridge_fixed::H_D_P,H_D_P,15,0.6706042100306358,ridge_fixed::H_D_B_M_P_C_A_K,P0,0.0020903984469127,0.0186923614899049,0.0099795914209241,0.0265815544639164,255,False,False,False,post-evaluation hypothesis-generating; independent future validation required,0,0
ridge_fixed,True,extended_K,ridge_fixed::H_B_M_P_C_A,H_B_M_P_C_A,15,0.6709921690475126,ridge_fixed::H_D_B_M_P_C_A_K,P0,0.0024783574637894,0.0190803205067817,0.0103675504378009,0.0269695134807931,255,False,False,False,post-evaluation hypothesis-generating; independent future validation required,0,0
ridge_fixed,True,extended_K,ridge_fixed::H_D_B_K,H_D_B_K,16,0.6458486393858707,ridge_fixed::H_D_B_M_P_C_A_K,P0,-0.0226651721978522,-0.00606320915486,-0.0147759792238408,0.0018259838191514,255,True,False,False,post-evaluation hypothesis-generating; independent future validation required,0,0
ridge_fixed,True,extended_K,ridge_fixed::H_D_C_K,H_D_C_K,16,0.6491471452904848,ridge_fixed::H_D_B_M_P_C_A_K,P0,-0.0193666662932383,-0.002764703250246,-0.0114774733192268,0.0051244897237654,255,True,False,False,post-evaluation hypothesis-generating; independent future validation required,0,0
ridge_fixed,True,extended_K,ridge_fixed::H_D_M_K,H_D_M_K,16,0.6539784157757851,ridge_fixed::H_D_B_M_P_C_A_K,P0,-0.0145353958079378,0.0020665672350543,-0.0066462028339264,0.0099557602090658,255,True,False,False,post-evaluation hypothesis-generating; independent future validation required,0,0
ridge_fixed,True,extended_K,ridge_fixed::H_D_A_K,H_D_A_K,16,0.6653986489499348,ridge_fixed::H_D_B_M_P_C_A_K,P0,-0.0031151626337882,0.013486800409204,0.0047740303402232,0.0213759933832155,255,False,False,False,post-evaluation hypothesis-generating; independent future validation required,0,0
ridge_fixed,True,extended_K,ridge_fixed::H_D_B_P,H_D_B_P,16,0.6670974847699516,ridge_fixed::H_D_B_M_P_C_A_K,P0,-0.0014163268137714,0.0151856362292207,0.0064728661602399,0.0230748292032322,255,False,False,False,post-evaluation hypothesis-generating; independent future validation required,0,0
ridge_fixed,True,extended_K,ridge_fixed::H_D_P_C,H_D_P_C,16,0.6704459177456633,ridge_fixed::H_D_B_M_P_C_A_K,P0,0.0019321061619402,0.0185340692049325,0.0098212991359517,0.0264232621789439,255,False,False,False,post-evaluation hypothesis-generating; independent future validation required,0,0
ridge_fixed,True,extended_K,ridge_fixed::H_D_M_P,H_D_M_P,16,0.6707238606189796,ridge_fixed::H_D_B_M_P_C_A_K,P0,0.0022100490352564,0.0188120120782487,0.0100992420092679,0.0267012050522602,255,False,False,False,post-evaluation hypothesis-generating; independent future validation required,0,0
ridge_fixed,True,extended_K,ridge_fixed::H_D_P_A,H_D_P_A,16,0.6853698207496618,ridge_fixed::H_D_B_M_P_C_A_K,P0,0.0168560091659385,0.0334579722089308,0.02474520213995,0.0413471651829423,255,False,False,False,post-evaluation hypothesis-generating; independent future validation required,0,0
ridge_fixed,True,extended_K,ridge_fixed::H_D_B_C_K,H_D_B_C_K,17,0.6460620353892694,ridge_fixed::H_D_B_M_P_C_A_K,P0,-0.0224517761944536,-0.0058498131514613,-0.0145625832204422,0.00203937982255,255,True,False,False,post-evaluation hypothesis-generating; independent future validation required,0,0
ridge_fixed,True,extended_K,ridge_fixed::H_D_B_M_K,H_D_B_M_K,17,0.6516412683986014,ridge_fixed::H_D_B_M_P_C_A_K,P0,-0.0168725431851216,-0.0002705801421294,-0.0089833502111102,0.007618612831882,255,True,False,False,post-evaluation hypothesis-generating; independent future validation required,0,0
ridge_fixed,True,extended_K,ridge_fixed::H_D_M_C_K,H_D_M_C_K,17,0.6540025513103442,ridge_fixed::H_D_B_M_P_C_A_K,P0,-0.0145112602733788,0.0020907027696133,-0.0066220672993674,0.0099798957436248,255,True,False,False,post-evaluation hypothesis-generating; independent future validation required,0,0
ridge_fixed,True,extended_K,ridge_fixed::H_D_B_A_K,H_D_B_A_K,17,0.6620550963146992,ridge_fixed::H_D_B_M_P_C_A_K,P0,-0.0064587152690238,0.0101432477739683,0.0014304777049875,0.0180324407479798,255,False,False,False,post-evaluation hypothesis-generating; independent future validation required,0,0
ridge_fixed,True,extended_K,ridge_fixed::H_D_C_A_K,H_D_C_A_K,17,0.6656476236205365,ridge_fixed::H_D_B_M_P_C_A_K,P0,-0.0028661879631864,0.0137357750798058,0.005023005010825,0.0216249680538173,255,False,False,False,post-evaluation hypothesis-generating; independent future validation required,0,0
ridge_fixed,True,extended_K,ridge_fixed::H_D_B_P_C,H_D_B_P_C,17,0.6668790725770694,ridge_fixed::H_D_B_M_P_C_A_K,P0,-0.0016347390066535,0.0149672240363387,0.0062544539673579,0.0228564170103501,255,False,False,False,post-evaluation hypothesis-generating; independent future validation required,0,0
ridge_fixed,True,extended_K,ridge_fixed::H_D_B_M_P,H_D_B_M_P,17,0.6683199722866878,ridge_fixed::H_D_B_M_P_C_A_K,P0,-0.0001938392970352,0.016408123745957,0.0076953536769762,0.0242973167199685,255,False,False,False,post-evaluation hypothesis-generating; independent future validation required,0,0
ridge_fixed,True,extended_K,ridge_fixed::H_D_M_A_K,H_D_M_A_K,17,0.669911124300147,ridge_fixed::H_D_B_M_P_C_A_K,P0,0.001397312716424,0.0179992757594162,0.0092865056904354,0.0258884687334277,255,False,False,False,post-evaluation hypothesis-generating; independent future validation required,0,0
ridge_fixed,True,extended_K,ridge_fixed::H_D_M_P_C,H_D_M_P_C,17,0.670455539095167,ridge_fixed::H_D_B_M_P_C_A_K,P0,0.0019417275114439,0.0185436905544362,0.0098309204854554,0.0264328835284477,255,False,False,False,post-evaluation hypothesis-generating; independent future validation required,0,0
ridge_fixed,True,extended_K,ridge_fixed::H_D_B_P_A,H_D_B_P_A,17,0.6815209115895507,ridge_fixed::H_D_B_M_P_C_A_K,P0,0.0130071000058277,0.02960906304882,0.0208962929798392,0.0374982560228314,255,False,False,False,post-evaluation hypothesis-generating; independent future validation required,0,0
ridge_fixed,True,extended_K,ridge_fixed::H_D_M_P_A,H_D_M_P_A,17,0.6854153008673608,ridge_fixed::H_D_B_M_P_C_A_K,P0,0.0169014892836378,0.03350345232663,0.0247906822576492,0.0413926453006415,255,False,False,False,post-evaluation hypothesis-generating; independent future validation required,0,0
ridge_fixed,True,extended_K,ridge_fixed::H_D_P_C_A,H_D_P_C_A,17,0.6854357454374514,ridge_fixed::H_D_B_M_P_C_A_K,P0,0.0169219338537282,0.0335238968967205,0.0248111268277397,0.041413089870732,255,False,False,False,post-evaluation hypothesis-generating; independent future validation required,0,0
ridge_fixed,True,extended_K,ridge_fixed::H_D_B_M_C_K,H_D_B_M_C_K,18,0.6517183090295074,ridge_fixed::H_D_B_M_P_C_A_K,P0,-0.0167955025542156,-0.0001935395112233,-0.0089063095802041,0.0076956534627881,255,True,False,False,post-evaluation hypothesis-generating; independent future validation required,0,0
ridge_fixed,True,extended_K,ridge_fixed::H_D_B_C_A_K,H_D_B_C_A_K,18,0.6621077170800765,ridge_fixed::H_D_B_M_P_C_A_K,P0,-0.0064060945036465,0.0101958685393457,0.0014830984703649,0.0180850615133572,255,False,False,False,post-evaluation hypothesis-generating; independent future validation required,0,0
ridge_fixed,True,extended_K,ridge_fixed::H_D_B_M_A_K,H_D_B_M_A_K,18,0.6673359016048794,ridge_fixed::H_D_B_M_P_C_A_K,P0,-0.0011779099788436,0.0154240530641486,0.0067112829951678,0.0233132460381601,255,False,False,False,post-evaluation hypothesis-generating; independent future validation required,0,0
ridge_fixed,True,extended_K,ridge_fixed::H_D_B_M_P_C,H_D_B_M_P_C,18,0.6681167402062508,ridge_fixed::H_D_B_M_P_C_A_K,P0,-0.0003970713774722,0.01620489166552,0.0074921215965392,0.0240940846395315,255,False,False,False,post-evaluation hypothesis-generating; independent future validation required,0,0
ridge_fixed,True,extended_K,ridge_fixed::H_D_M_C_A_K,H_D_M_C_A_K,18,0.6700593780923504,ridge_fixed::H_D_B_M_P_C_A_K,P0,0.0015455665086272,0.0181475295516195,0.0094347594826387,0.026036722525631,255,False,False,False,post-evaluation hypothesis-generating; independent future validation required,0,0
ridge_fixed,True,extended_K,ridge_fixed::H_D_B_P_C_A,H_D_B_P_C_A,18,0.6813656691530267,ridge_fixed::H_D_B_M_P_C_A_K,P0,0.0128518575693036,0.0294538206122959,0.0207410505433151,0.0373430135863074,255,False,False,False,post-evaluation hypothesis-generating; independent future validation required,0,0
ridge_fixed,True,extended_K,ridge_fixed::H_D_B_M_P_A,H_D_B_M_P_A,18,0.6822722587129216,ridge_fixed::H_D_B_M_P_C_A_K,P0,0.0137584471291985,0.0303604101721908,0.02164764010321,0.0382496031462023,255,False,False,False,post-evaluation hypothesis-generating; independent future validation required,0,0
ridge_fixed,True,extended_K,ridge_fixed::H_D_M_P_C_A,H_D_M_P_C_A,18,0.685375151630653,ridge_fixed::H_D_B_M_P_C_A_K,P0,0.0168613400469301,0.0334633030899224,0.0247505330209415,0.0413524960639338,255,False,False,False,post-evaluation hypothesis-generating; independent future validation required,0,0
ridge_fixed,True,extended_K,ridge_fixed::H_D_B_M_C_A_K,H_D_B_M_C_A_K,19,0.6675434445578637,ridge_fixed::H_D_B_M_P_C_A_K,P0,-0.0009703670258593,0.0156315960171328,0.006918825948152,0.0235207889911443,255,False,False,False,post-evaluation hypothesis-generating; independent future validation required,0,0
ridge_fixed,True,extended_K,ridge_fixed::H_D_B_M_P_C_A,H_D_B_M_P_C_A,19,0.6822809942359324,ridge_fixed::H_D_B_M_P_C_A_K,P0,0.0137671826522092,0.0303691456952015,0.0216563756262207,0.038258338669213,255,False,False,False,post-evaluation hypothesis-generating; independent future validation required,0,0
ridge_fixed,True,extended_K,ridge_fixed::H_P_K,H_P_K,22,0.6383396625211173,ridge_fixed::H_D_B_M_P_C_A_K,P0,-0.0301741490626057,-0.0135721860196135,-0.0222849560885942,-0.005682993045602,255,True,True,True,post-evaluation hypothesis-generating; independent future validation required,1,1
ridge_fixed,True,extended_K,ridge_fixed::H_B_P_K,H_B_P_K,23,0.6373822838844373,ridge_fixed::H_D_B_M_P_C_A_K,P0,-0.0311315276992857,-0.0145295646562935,-0.0232423347252743,-0.006640371682282,255,True,True,True,post-evaluation hypothesis-generating; independent future validation required,2,1
ridge_fixed,True,extended_K,ridge_fixed::H_P_C_K,H_P_C_K,23,0.6382822170567879,ridge_fixed::H_D_B_M_P_C_A_K,P0,-0.030231594526935,-0.0136296314839428,-0.0223424015529236,-0.0057404385099313,255,True,True,True,post-evaluation hypothesis-generating; independent future validation required,1,1
ridge_fixed,True,extended_K,ridge_fixed::H_M_P_K,H_M_P_K,23,0.641075070409414,ridge_fixed::H_D_B_M_P_C_A_K,P0,-0.027438741174309,-0.0108367781313167,-0.0195495482002975,-0.0029475851573053,255,True,True,True,post-evaluation hypothesis-generating; independent future validation required,1,1
ridge_fixed,True,extended_K,ridge_fixed::H_P_A_K,H_P_A_K,23,0.6517969705723333,ridge_fixed::H_D_B_M_P_C_A_K,P0,-0.0167168410113897,-0.0001148779683975,-0.0088276480373783,0.0077743150056139,255,True,False,False,post-evaluation hypothesis-generating; independent future validation required,0,0
ridge_fixed,True,extended_K,ridge_fixed::H_B_P_C_K,H_B_P_C_K,24,0.6372428057277129,ridge_fixed::H_D_B_M_P_C_A_K,P0,-0.0312710058560101,-0.0146690428130178,-0.0233818128819986,-0.0067798498390063,255,True,True,True,post-evaluation hypothesis-generating; independent future validation required,2,1
ridge_fixed,True,extended_K,ridge_fixed::H_B_M_P_K,H_B_M_P_K,24,0.6409353825958194,ridge_fixed::H_D_B_M_P_C_A_K,P0,-0.0275784289879037,-0.0109764659449115,-0.0196892360138922,-0.0030872729709,255,True,True,True,post-evaluation hypothesis-generating; independent future validation required,1,1
ridge_fixed,True,extended_K,ridge_fixed::H_M_P_C_K,H_M_P_C_K,24,0.640987201268177,ridge_fixed::H_D_B_M_P_C_A_K,P0,-0.027526610315546,-0.0109246472725537,-0.0196374173415345,-0.0030354542985422,255,True,True,True,post-evaluation hypothesis-generating; independent future validation required,1,1
ridge_fixed,True,extended_K,ridge_fixed::H_B_P_A_K,H_B_P_A_K,24,0.6504578081230348,ridge_fixed::H_D_B_M_P_C_A_K,P0,-0.0180560034606882,-0.0014540404176959,-0.0101668104866767,0.0064351525563154,255,True,False,False,post-evaluation hypothesis-generating; independent future validation required,0,0
ridge_fixed,True,extended_K,ridge_fixed::H_P_C_A_K,H_P_C_A_K,24,0.6517753895430212,ridge_fixed::H_D_B_M_P_C_A_K,P0,-0.0167384220407019,-0.0001364589977096,-0.0088492290666904,0.0077527339763018,255,True,False,False,post-evaluation hypothesis-generating; independent future validation required,0,0
ridge_fixed,True,extended_K,ridge_fixed::H_M_P_A_K,H_M_P_A_K,24,0.6542679690447977,ridge_fixed::H_D_B_M_P_C_A_K,P0,-0.0142458425389254,0.0023561205040667,-0.0063566495649139,0.0102453134780782,255,True,False,False,post-evaluation hypothesis-generating; independent future validation required,0,0
ridge_fixed,True,extended_K,ridge_fixed::H_B_M_P_C_K,H_B_M_P_C_K,25,0.6407660645154758,ridge_fixed::H_D_B_M_P_C_A_K,P0,-0.0277477470682472,-0.011145784025255,-0.0198585540942358,-0.0032565910512436,255,True,True,True,post-evaluation hypothesis-generating; independent future validation required,1,1
ridge_fixed,True,extended_K,ridge_fixed::H_B_P_C_A_K,H_B_P_C_A_K,25,0.6503700645058986,ridge_fixed::H_D_B_M_P_C_A_K,P0,-0.0181437470778243,-0.0015417840348321,-0.0102545541038128,0.0063474089391793,255,True,False,False,post-evaluation hypothesis-generating; independent future validation required,0,0
ridge_fixed,True,extended_K,ridge_fixed::H_B_M_P_A_K,H_B_M_P_A_K,25,0.653799909576714,ridge_fixed::H_D_B_M_P_C_A_K,P0,-0.014713902007009,0.0018880610359832,-0.0068247090329975,0.0097772540099947,255,True,False,False,post-evaluation hypothesis-generating; independent future validation required,0,0
ridge_fixed,True,extended_K,ridge_fixed::H_M_P_C_A_K,H_M_P_C_A_K,25,0.6542957330703671,ridge_fixed::H_D_B_M_P_C_A_K,P0,-0.0142180785133557,0.0023838845296364,-0.0063288855393443,0.0102730775036479,255,True,False,False,post-evaluation hypothesis-generating; independent future validation required,0,0
ridge_fixed,True,extended_K,ridge_fixed::H_D_P_K,H_D_P_K,26,0.652482848440456,ridge_fixed::H_D_B_M_P_C_A_K,P0,-0.016030963143267,0.0005709998997252,-0.0081417701692555,0.0084601928737366,255,True,False,False,post-evaluation hypothesis-generating; independent future validation required,0,0
ridge_fixed,True,extended_K,ridge_fixed::H_B_M_P_C_A_K,H_B_M_P_C_A_K,26,0.6537133462576045,ridge_fixed::H_D_B_M_P_C_A_K,P0,-0.0148004653261185,0.0018014977168737,-0.006911272352107,0.0096906906908852,255,True,False,False,post-evaluation hypothesis-generating; independent future validation required,0,0
ridge_fixed,True,extended_K,ridge_fixed::H_D_B_P_K,H_D_B_P_K,27,0.6498516600099753,ridge_fixed::H_D_B_M_P_C_A_K,P0,-0.0186621515737477,-0.0020601885307555,-0.0107729585997363,0.0058290044432559,255,True,False,False,post-evaluation hypothesis-generating; independent future validation required,0,0
ridge_fixed,True,extended_K,ridge_fixed::H_D_P_C_K,H_D_P_C_K,27,0.6524217916057453,ridge_fixed::H_D_B_M_P_C_A_K,P0,-0.0160920199779777,0.0005099430650144,-0.0082028270039662,0.0083991360390259,255,True,False,False,post-evaluation hypothesis-generating; independent future validation required,0,0
ridge_fixed,True,extended_K,ridge_fixed::H_D_M_P_K,H_D_M_P_K,27,0.656153317890229,ridge_fixed::H_D_B_M_P_C_A_K,P0,-0.0123604936934939,0.0042414693494982,-0.0044713007194824,0.0121306623235097,255,True,False,False,post-evaluation hypothesis-generating; independent future validation required,0,0
ridge_fixed,True,extended_K,ridge_fixed::H_D_P_A_K,H_D_P_A_K,27,0.6672996964032644,ridge_fixed::H_D_B_M_P_C_A_K,P0,-0.0012141151804586,0.0153878478625335,0.0066750777935527,0.023277040836545,255,False,False,False,post-evaluation hypothesis-generating; independent future validation required,0,0
ridge_fixed,True,extended_K,ridge_fixed::H_D_B_P_C_K,H_D_B_P_C_K,28,0.6499822105266921,ridge_fixed::H_D_B_M_P_C_A_K,P0,-0.0185316010570309,-0.0019296380140386,-0.0106424080830194,0.0059595549599728,255,True,False,False,post-evaluation hypothesis-generating; independent future validation required,0,0
ridge_fixed,True,extended_K,ridge_fixed::H_D_B_M_P_K,H_D_B_M_P_K,28,0.6542428701338902,ridge_fixed::H_D_B_M_P_C_A_K,P0,-0.0142709414498329,0.0023310215931593,-0.0063817484758214,0.0102202145671708,255,True,False,False,post-evaluation hypothesis-generating; independent future validation required,0,0
ridge_fixed,True,extended_K,ridge_fixed::H_D_M_P_C_K,H_D_M_P_C_K,28,0.6561671401393482,ridge_fixed::H_D_B_M_P_C_A_K,P0,-0.0123466714443747,0.0042552915986174,-0.0044574784703633,0.0121444845726289,255,True,False,False,post-evaluation hypothesis-generating; independent future validation required,0,0
ridge_fixed,True,extended_K,ridge_fixed::H_D_B_P_A_K,H_D_B_P_A_K,28,0.6642320308355043,ridge_fixed::H_D_B_M_P_C_A_K,P0,-0.0042817807482187,0.0123201822947735,0.0036074122257927,0.0202093752687849,255,False,False,False,post-evaluation hypothesis-generating; independent future validation required,0,0
ridge_fixed,True,extended_K,ridge_fixed::H_D_P_C_A_K,H_D_P_C_A_K,28,0.6674679378135926,ridge_fixed::H_D_B_M_P_C_A_K,P0,-0.0010458737701305,0.0155560892728617,0.0068433192038809,0.0234452822468732,255,False,False,False,post-evaluation hypothesis-generating; independent future validation required,0,0
ridge_fixed,True,extended_K,ridge_fixed::H_D_M_P_A_K,H_D_M_P_A_K,28,0.6708531184535861,ridge_fixed::H_D_B_M_P_C_A_K,P0,0.002339306869863,0.0189412699128553,0.0102284998438745,0.0268304628868668,255,False,False,False,post-evaluation hypothesis-generating; independent future validation required,0,0
ridge_fixed,True,extended_K,ridge_fixed::H_D_B_M_P_C_K,H_D_B_M_P_C_K,29,0.6541148364938529,ridge_fixed::H_D_B_M_P_C_A_K,P0,-0.01439897508987,0.0022029879531221,-0.0065097821158586,0.0100921809271336,255,True,False,False,post-evaluation hypothesis-generating; independent future validation required,0,0
ridge_fixed,True,extended_K,ridge_fixed::H_D_B_P_C_A_K,H_D_B_P_C_A_K,29,0.6644266127232892,ridge_fixed::H_D_B_M_P_C_A_K,P0,-0.0040871988604338,0.0125147641825583,0.0038019941135776,0.0204039571565698,255,False,False,False,post-evaluation hypothesis-generating; independent future validation required,0,0
ridge_fixed,True,extended_K,ridge_fixed::H_D_B_M_P_A_K,H_D_B_M_P_A_K,29,0.668390723316977,ridge_fixed::H_D_B_M_P_C_A_K,P0,-0.0001230882667459,0.0164788747762462,0.0077661047072654,0.0243680677502577,255,False,False,False,post-evaluation hypothesis-generating; independent future validation required,0,0
ridge_fixed,True,extended_K,ridge_fixed::H_D_M_P_C_A_K,H_D_M_P_C_A_K,29,0.6709702843373756,ridge_fixed::H_D_B_M_P_C_A_K,P0,0.0024564727536525,0.0190584357966448,0.010345665727664,0.0269476287706562,255,False,False,False,post-evaluation hypothesis-generating; independent future validation required,0,0
ridge_fixed,True,extended_K,ridge_fixed::H_D_B_M_P_C_A_K,H_D_B_M_P_C_A_K,30,0.668513811583723,ridge_fixed::H_D_B_M_P_C_A_K,P0,0.0,0.0,0.0078891929740114,0.0244911560170037,255,True,False,False,post-evaluation hypothesis-generating; independent future validation required,0,0
hgb,False,original_noK,hgb::NONE,NONE,0,0.6856435498450167,hgb::D_B_M_P_C_A,prevalence,-0.0438711184234515,-0.0195054234086512,0.0,0.0243656950148002,127,True,False,False,post-evaluation hypothesis-generating; independent future validation required,0,0
hgb,False,original_noK,hgb::M,M,1,0.6787618311547813,hgb::D_B_M_P_C_A,prevalence,-0.0507528371136867,-0.0263871420988864,-0.0068817186902353,0.0174839763245649,127,True,False,False,post-evaluation hypothesis-generating; independent future validation required,0,0
hgb,False,original_noK,hgb::B,B,1,0.6818963925562068,hgb::D_B_M_P_C_A,prevalence,-0.0476182757122613,-0.0232525806974611,-0.0037471572888099,0.0206185377259903,127,True,False,False,post-evaluation hypothesis-generating; independent future validation required,0,0
hgb,False,original_noK,hgb::C,C,1,0.6848823958558261,hgb::D_B_M_P_C_A,prevalence,-0.044632272412642,-0.0202665773978417,-0.0007611539891904,0.0236045410256098,127,True,False,False,post-evaluation hypothesis-generating; independent future validation required,0,0
hgb,False,original_noK,hgb::A,A,1,0.6972900894458692,hgb::D_B_M_P_C_A,prevalence,-0.0322245788225989,-0.0078588838077986,0.0116465396008523,0.0360122346156526,127,True,False,False,post-evaluation hypothesis-generating; independent future validation required,0,0
hgb,False,original_noK,hgb::M_C,M_C,2,0.6800606997798349,hgb::D_B_M_P_C_A,prevalence,-0.0494539684886333,-0.025088273473833,-0.0055828500651818,0.0187828449496183,127,True,False,False,post-evaluation hypothesis-generating; independent future validation required,0,0
hgb,False,original_noK,hgb::B_C,B_C,2,0.6801576799673378,hgb::D_B_M_P_C_A,prevalence,-0.0493569883011304,-0.0249912932863301,-0.0054858698776788,0.0188798251371213,127,True,False,False,post-evaluation hypothesis-generating; independent future validation required,0,0
hgb,False,original_noK,hgb::B_M,B_M,2,0.6801649463576981,hgb::D_B_M_P_C_A,prevalence,-0.04934972191077,-0.0249840268959698,-0.0054786034873185,0.0188870915274817,127,True,False,False,post-evaluation hypothesis-generating; independent future validation required,0,0
hgb,False,original_noK,hgb::B_A,B_A,2,0.6874268219693076,hgb::D_B_M_P_C_A,prevalence,-0.0420878462991606,-0.0177221512843603,0.001783272124291,0.0261489671390913,127,True,False,False,post-evaluation hypothesis-generating; independent future validation required,0,0
hgb,False,original_noK,hgb::C_A,C_A,2,0.6924475864199597,hgb::D_B_M_P_C_A,prevalence,-0.0370670818485084,-0.0127013868337081,0.006804036574943,0.0311697315897432,127,True,False,False,post-evaluation hypothesis-generating; independent future validation required,0,0
hgb,False,original_noK,hgb::M_A,M_A,2,0.7215173654456308,hgb::D_B_M_P_C_A,prevalence,-0.0079973028228372,0.016368392191963,0.0358738156006144,0.0602395106154147,127,False,False,False,post-evaluation hypothesis-generating; independent future validation required,0,0
hgb,False,original_noK,hgb::B_M_C,B_M_C,3,0.6792508099823492,hgb::D_B_M_P_C_A,prevalence,-0.050263858286119,-0.0258981632713187,-0.0063927398626674,0.0179729551521328,127,True,False,False,post-evaluation hypothesis-generating; independent future validation required,0,0
hgb,False,original_noK,hgb::B_C_A,B_C_A,3,0.6831867882240374,hgb::D_B_M_P_C_A,prevalence,-0.0463278800444306,-0.0219621850296303,-0.002456761620979,0.0219089333938212,127,True,False,False,post-evaluation hypothesis-generating; independent future validation required,0,0
hgb,False,original_noK,hgb::B_M_A,B_M_A,3,0.7027061394352583,hgb::D_B_M_P_C_A,prevalence,-0.0268085288332097,-0.0024428338184094,0.0170625895902416,0.0414282846050419,127,True,False,False,post-evaluation hypothesis-generating; independent future validation required,0,0
hgb,False,original_noK,hgb::M_C_A,M_C_A,3,0.7030621497799361,hgb::D_B_M_P_C_A,prevalence,-0.0264525184885321,-0.0020868234737318,0.0174185999349194,0.0417842949497196,127,True,False,False,post-evaluation hypothesis-generating; independent future validation required,0,0
hgb,False,original_noK,hgb::B_M_C_A,B_M_C_A,4,0.6915956981099537,hgb::D_B_M_P_C_A,prevalence,-0.0379189701585143,-0.0135532751437141,0.0059521482649371,0.0303178432797374,127,True,False,False,post-evaluation hypothesis-generating; independent future validation required,0,0
hgb,False,original_noK,hgb::D,D,4,0.7155203709602128,hgb::D_B_M_P_C_A,prevalence,-0.0139942973082551,0.010371397706545,0.0298768211151962,0.0542425161299965,127,False,False,False,post-evaluation hypothesis-generating; independent future validation required,0,0
hgb,False,original_noK,hgb::D_C,D_C,5,0.709024164502359,hgb::D_B_M_P_C_A,prevalence,-0.0204905037661091,0.003875191248691,0.0233806146573424,0.0477463096721426,127,True,False,False,post-evaluation hypothesis-generating; independent future validation required,0,0
hgb,False,original_noK,hgb::D_M,D_M,5,0.710106768404125,hgb::D_B_M_P_C_A,prevalence,-0.019407899864343,0.0049577951504571,0.0244632185591085,0.0488289135739088,127,True,False,False,post-evaluation hypothesis-generating; independent future validation required,0,0
hgb,False,original_noK,hgb::D_B,D_B,5,0.7135859744769562,hgb::D_B_M_P_C_A,prevalence,-0.0159286937915119,0.0084370012232883,0.0279424246319395,0.0523081196467398,127,True,False,False,post-evaluation hypothesis-generating; independent future validation required,0,0
hgb,False,original_noK,hgb::D_A,D_A,5,0.732251246458854,hgb::D_B_M_P_C_A,prevalence,0.0027365781903857,0.027102273205186,0.0466076966138374,0.0709733916286377,127,False,False,False,post-evaluation hypothesis-generating; independent future validation required,0,0
hgb,False,original_noK,hgb::D_M_C,D_M_C,6,0.7059287723044265,hgb::D_B_M_P_C_A,prevalence,-0.0235858959640414,0.0007797990507588,0.02028522245941,0.0446509174742103,127,True,False,False,post-evaluation hypothesis-generating; independent future validation required,0,0
hgb,False,original_noK,hgb::D_B_C,D_B_C,6,0.7097634197543591,hgb::D_B_M_P_C_A,prevalence,-0.0197512485141089,0.0046144465006913,0.0241198699093426,0.0484855649241428,127,True,False,False,post-evaluation hypothesis-generating; independent future validation required,0,0
hgb,False,original_noK,hgb::D_B_M,D_B_M,6,0.7132674449486055,hgb::D_B_M_P_C_A,prevalence,-0.0162472233198626,0.0081184716949376,0.0276238951035889,0.0519895901183892,127,True,False,False,post-evaluation hypothesis-generating; independent future validation required,0,0
hgb,False,original_noK,hgb::D_C_A,D_C_A,6,0.7232261416656027,hgb::D_B_M_P_C_A,prevalence,-0.0062885266028653,0.0180771684119349,0.0375825918205862,0.0619482868353865,127,False,False,False,post-evaluation hypothesis-generating; independent future validation required,0,0
hgb,False,original_noK,hgb::D_B_A,D_B_A,6,0.7239225239205148,hgb::D_B_M_P_C_A,prevalence,-0.0055921443479532,0.018773550666847,0.0382789740754983,0.0626446690902986,127,False,False,False,post-evaluation hypothesis-generating; independent future validation required,0,0
hgb,False,original_noK,hgb::D_M_A,D_M_A,6,0.7471951330539943,hgb::D_B_M_P_C_A,prevalence,0.0176804647855261,0.0420461598003264,0.0615515832089778,0.0859172782237781,127,False,False,False,post-evaluation hypothesis-generating; independent future validation required,0,0
hgb,False,original_noK,hgb::D_B_M_C,D_B_M_C,7,0.7095530395277299,hgb::D_B_M_P_C_A,prevalence,-0.0199616287407382,0.004404066274062,0.0239094896827133,0.0482751846975135,127,True,False,False,post-evaluation hypothesis-generating; independent future validation required,0,0
hgb,False,original_noK,hgb::D_B_C_A,D_B_C_A,7,0.7180807551787115,hgb::D_B_M_P_C_A,prevalence,-0.0114339130897565,0.0129317819250437,0.0324372053336949,0.0568029003484952,127,False,False,False,post-evaluation hypothesis-generating; independent future validation required,0,0
hgb,False,original_noK,hgb::D_B_M_A,D_B_M_A,7,0.740054920959283,hgb::D_B_M_P_C_A,prevalence,0.0105402526908149,0.0349059477056152,0.0544113711142665,0.0787770661290668,127,False,False,False,post-evaluation hypothesis-generating; independent future validation required,0,0
hgb,False,original_noK,hgb::D_M_C_A,D_M_C_A,7,0.7422967027812452,hgb::D_B_M_P_C_A,prevalence,0.0127820345127769,0.0371477295275772,0.0566531529362285,0.0810188479510288,127,False,False,False,post-evaluation hypothesis-generating; independent future validation required,0,0
hgb,False,original_noK,hgb::D_B_M_C_A,D_B_M_C_A,8,0.7389412284305829,hgb::D_B_M_P_C_A,prevalence,0.0094265601621149,0.0337922551769151,0.0532976785855664,0.0776633736003667,127,False,False,False,post-evaluation hypothesis-generating; independent future validation required,0,0
hgb,False,original_noK,hgb::P,P,11,0.696520625248842,hgb::D_B_M_P_C_A,prevalence,-0.0329940430196263,-0.008628348004826,0.0108770754038251,0.0352427704186254,127,True,False,False,post-evaluation hypothesis-generating; independent future validation required,0,0
hgb,False,original_noK,hgb::M_P,M_P,12,0.6871473031035986,hgb::D_B_M_P_C_A,prevalence,-0.0423673651648694,-0.0180016701500691,0.001503753258582,0.0258694482733823,127,True,False,False,post-evaluation hypothesis-generating; independent future validation required,0,0
hgb,False,original_noK,hgb::B_P,B_P,12,0.6933746646130066,hgb::D_B_M_P_C_A,prevalence,-0.0361400036554615,-0.0117743086406613,0.00773111476799,0.0320968097827903,127,True,False,False,post-evaluation hypothesis-generating; independent future validation required,0,0
hgb,False,original_noK,hgb::P_C,P_C,12,0.6939126034893236,hgb::D_B_M_P_C_A,prevalence,-0.0356020647791446,-0.0112363697643443,0.0082690536443069,0.0326347486591072,127,True,False,False,post-evaluation hypothesis-generating; independent future validation required,0,0
hgb,False,original_noK,hgb::P_A,P_A,12,0.699475071126186,hgb::D_B_M_P_C_A,prevalence,-0.0300395971422821,-0.0056739021274818,0.0138315212811694,0.0381972162959697,127,True,False,False,post-evaluation hypothesis-generating; independent future validation required,0,0
hgb,False,original_noK,hgb::M_P_C,M_P_C,13,0.6853081326041691,hgb::D_B_M_P_C_A,prevalence,-0.0442065356642989,-0.0198408406494986,-0.0003354172408474,0.0240302777739528,127,True,False,False,post-evaluation hypothesis-generating; independent future validation required,0,0
hgb,False,original_noK,hgb::B_P_A,B_P_A,13,0.6907115071388333,hgb::D_B_M_P_C_A,prevalence,-0.0388031611296348,-0.0144374661148345,0.0050679572938166,0.0294336523086169,127,True,False,False,post-evaluation hypothesis-generating; independent future validation required,0,0
hgb,False,original_noK,hgb::B_P_C,B_P_C,13,0.6926961941147286,hgb::D_B_M_P_C_A,prevalence,-0.0368184741537394,-0.0124527791389391,0.007052644269712,0.0314183392845123,127,True,False,False,post-evaluation hypothesis-generating; independent future validation required,0,0
hgb,False,original_noK,hgb::B_M_P,B_M_P,13,0.6964925971873642,hgb::D_B_M_P_C_A,prevalence,-0.0330220710811038,-0.0086563760663035,0.0108490473423476,0.0352147423571479,127,True,False,False,post-evaluation hypothesis-generating; independent future validation required,0,0
hgb,False,original_noK,hgb::P_C_A,P_C_A,13,0.6966667721632623,hgb::D_B_M_P_C_A,prevalence,-0.0328478961052058,-0.0084822010904055,0.0110232223182457,0.035388917333046,127,True,False,False,post-evaluation hypothesis-generating; independent future validation required,0,0
hgb,False,original_noK,hgb::M_P_A,M_P_A,13,0.7008301736525987,hgb::D_B_M_P_C_A,prevalence,-0.0286844946158693,-0.004318799601069,0.0151866238075822,0.0395523188223824,127,True,False,False,post-evaluation hypothesis-generating; independent future validation required,0,0
hgb,False,original_noK,hgb::B_P_C_A,B_P_C_A,14,0.6903368492735606,hgb::D_B_M_P_C_A,prevalence,-0.0391778189949074,-0.0148121239801071,0.004693299428544,0.0290589944433443,127,True,False,False,post-evaluation hypothesis-generating; independent future validation required,0,0
hgb,False,original_noK,hgb::B_M_P_C,B_M_P_C,14,0.6950169824599665,hgb::D_B_M_P_C_A,prevalence,-0.0344976858085017,-0.0101319907937014,0.0093734326149498,0.03373912762975,127,True,False,False,post-evaluation hypothesis-generating; independent future validation required,0,0
hgb,False,original_noK,hgb::M_P_C_A,M_P_C_A,14,0.6955600524249647,hgb::D_B_M_P_C_A,prevalence,-0.0339546158435035,-0.0095889208287032,0.009916502579948,0.0342821975947483,127,True,False,False,post-evaluation hypothesis-generating; independent future validation required,0,0
hgb,False,original_noK,hgb::B_M_P_A,B_M_P_A,14,0.7013443706643763,hgb::D_B_M_P_C_A,prevalence,-0.0281702976040917,-0.0038046025892914,0.0157008208193597,0.04006651583416,127,True,False,False,post-evaluation hypothesis-generating; independent future validation required,0,0
hgb,False,original_noK,hgb::B_M_P_C_A,B_M_P_C_A,15,0.6984142739079411,hgb::D_B_M_P_C_A,prevalence,-0.031100394360527,-0.0067346993457267,0.0127707240629244,0.0371364190777247,127,True,False,False,post-evaluation hypothesis-generating; independent future validation required,0,0
hgb,False,original_noK,hgb::D_P,D_P,15,0.7222473048973507,hgb::D_B_M_P_C_A,prevalence,-0.0072673633711174,0.0170983316436828,0.0366037550523341,0.0609694500671343,127,False,False,False,post-evaluation hypothesis-generating; independent future validation required,0,0
hgb,False,original_noK,hgb::D_M_P,D_M_P,16,0.7170352807528277,hgb::D_B_M_P_C_A,prevalence,-0.0124793875156404,0.0118863074991598,0.0313917309078111,0.0557574259226114,127,False,False,False,post-evaluation hypothesis-generating; independent future validation required,0,0
hgb,False,original_noK,hgb::D_B_P,D_B_P,16,0.7193005922671386,hgb::D_B_M_P_C_A,prevalence,-0.0102140760013295,0.0141516190134706,0.0336570424221219,0.0580227374369222,127,False,False,False,post-evaluation hypothesis-generating; independent future validation required,0,0
hgb,False,original_noK,hgb::D_P_C,D_P_C,16,0.7194386989251496,hgb::D_B_M_P_C_A,prevalence,-0.0100759693433185,0.0142897256714817,0.033795149080133,0.0581608440949332,127,False,False,False,post-evaluation hypothesis-generating; independent future validation required,0,0
hgb,False,original_noK,hgb::D_P_A,D_P_A,16,0.732218153492724,hgb::D_B_M_P_C_A,prevalence,0.0027034852242559,0.0270691802390562,0.0465746036477076,0.0709402986625079,127,False,False,False,post-evaluation hypothesis-generating; independent future validation required,0,0
hgb,False,original_noK,hgb::D_M_P_C,D_M_P_C,17,0.7121901674909844,hgb::D_B_M_P_C_A,prevalence,-0.0173245007774837,0.0070411942373165,0.0265466176459677,0.050912312660768,127,True,False,False,post-evaluation hypothesis-generating; independent future validation required,0,0
hgb,False,original_noK,hgb::D_B_P_C,D_B_P_C,17,0.7156933604389687,hgb::D_B_M_P_C_A,prevalence,-0.0138213078294994,0.0105443871853008,0.0300498105939521,0.0544155056087524,127,False,False,False,post-evaluation hypothesis-generating; independent future validation required,0,0
hgb,False,original_noK,hgb::D_B_M_P,D_B_M_P,17,0.7170012732397912,hgb::D_B_M_P_C_A,prevalence,-0.0125133950286768,0.0118522999861234,0.0313577233947747,0.055723418409575,127,False,False,False,post-evaluation hypothesis-generating; independent future validation required,0,0
hgb,False,original_noK,hgb::D_B_P_A,D_B_P_A,17,0.7242445113348225,hgb::D_B_M_P_C_A,prevalence,-0.0052701569336455,0.0190955380811547,0.038600961489806,0.0629666565046063,127,False,False,False,post-evaluation hypothesis-generating; independent future validation required,0,0
hgb,False,original_noK,hgb::D_P_C_A,D_P_C_A,17,0.7289807099634396,hgb::D_B_M_P_C_A,prevalence,-0.0005339583050285,0.0238317367097717,0.043337160118423,0.0677028551332232,127,False,False,False,post-evaluation hypothesis-generating; independent future validation required,0,0
hgb,False,original_noK,hgb::D_M_P_A,D_M_P_A,17,0.7357820447890608,hgb::D_B_M_P_C_A,prevalence,0.0062673765205928,0.030633071535393,0.0501384949440443,0.0745041899588446,127,False,False,False,post-evaluation hypothesis-generating; independent future validation required,0,0
hgb,False,original_noK,hgb::D_B_M_P_C,D_B_M_P_C,18,0.7135359247462044,hgb::D_B_M_P_C_A,prevalence,-0.0159787435222638,0.0083869514925364,0.0278923749011877,0.0522580699159879,127,True,False,False,post-evaluation hypothesis-generating; independent future validation required,0,0
hgb,False,original_noK,hgb::D_B_P_C_A,D_B_P_C_A,18,0.7208517464684251,hgb::D_B_M_P_C_A,prevalence,-0.008662921800043,0.0157027732147572,0.0352081966234085,0.0595738916382088,127,False,False,False,post-evaluation hypothesis-generating; independent future validation required,0,0
hgb,False,original_noK,hgb::D_B_M_P_A,D_B_M_P_A,18,0.729829430689102,hgb::D_B_M_P_C_A,prevalence,0.0003147624206337,0.024680457435434,0.0441858808440853,0.0685515758588856,127,False,False,False,post-evaluation hypothesis-generating; independent future validation required,0,0
hgb,False,original_noK,hgb::D_M_P_C_A,D_M_P_C_A,18,0.7379074877029027,hgb::D_B_M_P_C_A,prevalence,0.0083928194344345,0.0327585144492348,0.0522639378578861,0.0766296328726864,127,False,False,False,post-evaluation hypothesis-generating; independent future validation required,0,0
hgb,False,original_noK,hgb::D_B_M_P_C_A,D_B_M_P_C_A,19,0.729514668268468,hgb::D_B_M_P_C_A,prevalence,0.0,0.0,0.0438711184234515,0.0682368134382518,127,True,False,False,post-evaluation hypothesis-generating; independent future validation required,0,0
ridge,False,original_noK,ridge::NONE,NONE,0,0.6856435498450167,ridge::D_B_M_P_C_A,prevalence,-0.0371847342272377,-0.0148111491700329,0.0,0.0223735850572047,127,True,False,False,post-evaluation hypothesis-generating; independent future validation required,0,0
ridge,False,original_noK,ridge::B,B,1,0.677439794026549,ridge::D_B_M_P_C_A,prevalence,-0.0453884900457053,-0.0230149049885005,-0.0082037558184676,0.0141698292387371,127,True,False,False,post-evaluation hypothesis-generating; independent future validation required,0,0
ridge,False,original_noK,ridge::M,M,1,0.6808909327175335,ridge::D_B_M_P_C_A,prevalence,-0.0419373513547206,-0.0195637662975158,-0.0047526171274828,0.0176209679297219,127,True,False,False,post-evaluation hypothesis-generating; independent future validation required,0,0
ridge,False,original_noK,ridge::C,C,1,0.685115998708473,ridge::D_B_M_P_C_A,prevalence,-0.0377122853637813,-0.0153387003065765,-0.0005275511365435,0.0218460339206612,127,True,False,False,post-evaluation hypothesis-generating; independent future validation required,0,0
ridge,False,original_noK,ridge::A,A,1,0.6967690937084243,ridge::D_B_M_P_C_A,prevalence,-0.02605919036383,-0.0036856053066252,0.0111255438634075,0.0334991289206123,127,True,False,False,post-evaluation hypothesis-generating; independent future validation required,0,0
ridge,False,original_noK,ridge::B_M,B_M,2,0.6742810892764769,ridge::D_B_M_P_C_A,prevalence,-0.0485471947957774,-0.0261736097385727,-0.0113624605685397,0.011011124488665,127,True,False,False,post-evaluation hypothesis-generating; independent future validation required,0,0
ridge,False,original_noK,ridge::B_C,B_C,2,0.6766124314072357,ridge::D_B_M_P_C_A,prevalence,-0.0462158526650186,-0.0238422676078138,-0.0090311184377806,0.013342466619424,127,True,False,False,post-evaluation hypothesis-generating; independent future validation required,0,0
ridge,False,original_noK,ridge::M_C,M_C,2,0.6803620611067617,ridge::D_B_M_P_C_A,prevalence,-0.0424662229654925,-0.0200926379082877,-0.0052814887382547,0.01709209631895,127,True,False,False,post-evaluation hypothesis-generating; independent future validation required,0,0
ridge,False,original_noK,ridge::B_A,B_A,2,0.6896428576408007,ridge::D_B_M_P_C_A,prevalence,-0.0331854264314535,-0.0108118413742487,0.0039993077957841,0.0263728928529889,127,True,False,False,post-evaluation hypothesis-generating; independent future validation required,0,0
ridge,False,original_noK,ridge::M_A,M_A,2,0.6910968417107293,ridge::D_B_M_P_C_A,prevalence,-0.0317314423615249,-0.0093578573043201,0.0054532918657128,0.0278268769229176,127,True,False,False,post-evaluation hypothesis-generating; independent future validation required,0,0
ridge,False,original_noK,ridge::C_A,C_A,2,0.6966535834095664,ridge::D_B_M_P_C_A,prevalence,-0.026174700662688,-0.0038011156054832,0.0110100335645496,0.0333836186217544,127,True,False,False,post-evaluation hypothesis-generating; independent future validation required,0,0
ridge,False,original_noK,ridge::B_M_C,B_M_C,3,0.6735780902944525,ridge::D_B_M_P_C_A,prevalence,-0.0492501937778018,-0.026876608720597,-0.0120654595505641,0.0103081255066406,127,True,False,False,post-evaluation hypothesis-generating; independent future validation required,0,0
ridge,False,original_noK,ridge::B_M_A,B_M_A,3,0.6863806560519313,ridge::D_B_M_P_C_A,prevalence,-0.0364476280203229,-0.0140740429631181,0.0007371062069148,0.0231106912641196,127,True,False,False,post-evaluation hypothesis-generating; independent future validation required,0,0
ridge,False,original_noK,ridge::M_C_A,M_C_A,3,0.6876174024081855,ridge::D_B_M_P_C_A,prevalence,-0.0352108816640689,-0.0128372966068641,0.0019738525631687,0.0243474376203735,127,True,False,False,post-evaluation hypothesis-generating; independent future validation required,0,0
ridge,False,original_noK,ridge::B_C_A,B_C_A,3,0.689413094073297,ridge::D_B_M_P_C_A,prevalence,-0.0334151899989574,-0.0110416049417526,0.0037695442282803,0.0261431292854851,127,True,False,False,post-evaluation hypothesis-generating; independent future validation required,0,0
ridge,False,original_noK,ridge::B_M_C_A,B_M_C_A,4,0.6862360408312737,ridge::D_B_M_P_C_A,prevalence,-0.0365922432409806,-0.0142186581837758,0.0005924909862571,0.0229660760434619,127,True,False,False,post-evaluation hypothesis-generating; independent future validation required,0,0
ridge,False,original_noK,ridge::D,D,4,0.7106611301987357,ridge::D_B_M_P_C_A,prevalence,-0.0121671538735186,0.0102064311836861,0.0250175803537191,0.0473911654109239,127,False,False,False,post-evaluation hypothesis-generating; independent future validation required,0,0
ridge,False,original_noK,ridge::D_B,D_B,5,0.7009803562324246,ridge::D_B_M_P_C_A,prevalence,-0.0218479278398298,0.0005256572173749,0.0153368063874078,0.0377103914446126,127,True,False,False,post-evaluation hypothesis-generating; independent future validation required,0,0
ridge,False,original_noK,ridge::D_M,D_M,5,0.7073804956534814,ridge::D_B_M_P_C_A,prevalence,-0.0154477884187729,0.0069257966384318,0.0217369458084648,0.0441105308656696,127,True,False,False,post-evaluation hypothesis-generating; independent future validation required,0,0
ridge,False,original_noK,ridge::D_C,D_C,5,0.71091669279504,ridge::D_B_M_P_C_A,prevalence,-0.0119115912772142,0.0104619937799905,0.0252731429500235,0.0476467280072283,127,False,False,False,post-evaluation hypothesis-generating; independent future validation required,0,0
ridge,False,original_noK,ridge::D_A,D_A,5,0.7307561196494881,ridge::D_B_M_P_C_A,prevalence,0.0079278355772338,0.0303014206344386,0.0451125698044716,0.0674861548616764,127,False,False,False,post-evaluation hypothesis-generating; independent future validation required,0,0
ridge,False,original_noK,ridge::D_B_M,D_B_M,6,0.7001204632134115,ridge::D_B_M_P_C_A,prevalence,-0.0227078208588429,-0.0003342358016381,0.0144769133683948,0.0368504984255996,127,True,False,False,post-evaluation hypothesis-generating; independent future validation required,0,0
ridge,False,original_noK,ridge::D_B_C,D_B_C,6,0.7010745337738935,ridge::D_B_M_P_C_A,prevalence,-0.0217537502983609,0.0006198347588438,0.0154309839288768,0.0378045689860816,127,True,False,False,post-evaluation hypothesis-generating; independent future validation required,0,0
ridge,False,original_noK,ridge::D_M_C,D_M_C,6,0.7079222439118925,ridge::D_B_M_P_C_A,prevalence,-0.0149060401603618,0.0074675448968429,0.0222786940668758,0.0446522791240806,127,True,False,False,post-evaluation hypothesis-generating; independent future validation required,0,0
ridge,False,original_noK,ridge::D_B_A,D_B_A,6,0.721027341285142,ridge::D_B_M_P_C_A,prevalence,-0.0018009427871123,0.0205726422700924,0.0353837914401253,0.0577573764973301,127,False,False,False,post-evaluation hypothesis-generating; independent future validation required,0,0
ridge,False,original_noK,ridge::D_M_A,D_M_A,6,0.7272826575982986,ridge::D_B_M_P_C_A,prevalence,0.0044543735260443,0.0268279585832491,0.0416391077532821,0.0640126928104869,127,False,False,False,post-evaluation hypothesis-generating; independent future validation required,0,0
ridge,False,original_noK,ridge::D_C_A,D_C_A,6,0.7315670994168143,ridge::D_B_M_P_C_A,prevalence,0.00873881534456,0.0311124004017648,0.0459235495717978,0.0682971346290026,127,False,False,False,post-evaluation hypothesis-generating; independent future validation required,0,0
ridge,False,original_noK,ridge::D_B_M_C,D_B_M_C,7,0.7007123406488637,ridge::D_B_M_P_C_A,prevalence,-0.0221159434233906,0.0002576416338141,0.015068790803847,0.0374423758610518,127,True,False,False,post-evaluation hypothesis-generating; independent future validation required,0,0
ridge,False,original_noK,ridge::D_B_M_A,D_B_M_A,7,0.7198832056380401,ridge::D_B_M_P_C_A,prevalence,-0.0029450784342143,0.0194285066229904,0.0342396557930234,0.0566132408502282,127,False,False,False,post-evaluation hypothesis-generating; independent future validation required,0,0
ridge,False,original_noK,ridge::D_B_C_A,D_B_C_A,7,0.7219390738758652,ridge::D_B_M_P_C_A,prevalence,-0.0008892101963891,0.0214843748608156,0.0362955240308486,0.0586691090880534,127,False,False,False,post-evaluation hypothesis-generating; independent future validation required,0,0
ridge,False,original_noK,ridge::D_M_C_A,D_M_C_A,7,0.728460820048312,ridge::D_B_M_P_C_A,prevalence,0.0056325359760577,0.0280061210332625,0.0428172702032955,0.0651908552605003,127,False,False,False,post-evaluation hypothesis-generating; independent future validation required,0,0
ridge,False,original_noK,ridge::D_B_M_C_A,D_B_M_C_A,8,0.7210542982703989,ridge::D_B_M_P_C_A,prevalence,-0.0017739858018552,0.0205995992553495,0.0354107484253825,0.0577843334825873,127,False,False,False,post-evaluation hypothesis-generating; independent future validation required,0,0
ridge,False,original_noK,ridge::P,P,11,0.6860368493654568,ridge::D_B_M_P_C_A,prevalence,-0.0367914347067976,-0.0144178496495928,0.0003932995204401,0.0227668845776449,127,True,False,False,post-evaluation hypothesis-generating; independent future validation required,0,0
ridge,False,original_noK,ridge::B_P,B_P,12,0.6807002634376358,ridge::D_B_M_P_C_A,prevalence,-0.0421280206346185,-0.0197544355774137,-0.0049432864073808,0.0174302986498239,127,True,False,False,post-evaluation hypothesis-generating; independent future validation required,0,0
ridge,False,original_noK,ridge::M_P,M_P,12,0.6842669716030487,ridge::D_B_M_P_C_A,prevalence,-0.0385613124692056,-0.0161877274120008,-0.0013765782419679,0.0209970068152368,127,True,False,False,post-evaluation hypothesis-generating; independent future validation required,0,0
ridge,False,original_noK,ridge::P_C,P_C,12,0.685904784500768,ridge::D_B_M_P_C_A,prevalence,-0.0369234995714864,-0.0145499145142816,0.0002612346557512,0.022634819712956,127,True,False,False,post-evaluation hypothesis-generating; independent future validation required,0,0
ridge,False,original_noK,ridge::P_A,P_A,12,0.6934465378622365,ridge::D_B_M_P_C_A,prevalence,-0.0293817462100178,-0.007008161152813,0.0078029880172199,0.0301765730744247,127,True,False,False,post-evaluation hypothesis-generating; independent future validation required,0,0
ridge,False,original_noK,ridge::B_M_P,B_M_P,13,0.6773648492273466,ridge::D_B_M_P_C_A,prevalence,-0.0454634348449076,-0.0230898497877029,-0.0082787006176698,0.0140948844395349,127,True,False,False,post-evaluation hypothesis-generating; independent future validation required,0,0
ridge,False,original_noK,ridge::B_P_C,B_P_C,13,0.6797682464779038,ridge::D_B_M_P_C_A,prevalence,-0.0430600375943503,-0.0206864525371455,-0.0058753033671126,0.0164982816900921,127,True,False,False,post-evaluation hypothesis-generating; independent future validation required,0,0
ridge,False,original_noK,ridge::M_P_C,M_P_C,13,0.6841454318288797,ridge::D_B_M_P_C_A,prevalence,-0.0386828522433746,-0.0163092671861698,-0.0014981180161368,0.0208754670410679,127,True,False,False,post-evaluation hypothesis-generating; independent future validation required,0,0
ridge,False,original_noK,ridge::M_P_A,M_P_A,13,0.6887779329464403,ridge::D_B_M_P_C_A,prevalence,-0.0340503511258141,-0.0116767660686093,0.0031343831014236,0.0255079681586284,127,True,False,False,post-evaluation hypothesis-generating; independent future validation required,0,0
ridge,False,original_noK,ridge::B_P_A,B_P_A,13,0.6917583334379683,ridge::D_B_M_P_C_A,prevalence,-0.0310699506342858,-0.008696365577081,0.0061147835929518,0.0284883686501566,127,True,False,False,post-evaluation hypothesis-generating; independent future validation required,0,0
ridge,False,original_noK,ridge::P_C_A,P_C_A,13,0.6930699715077313,ridge::D_B_M_P_C_A,prevalence,-0.029758312564523,-0.0073847275073182,0.0074264216627147,0.0298000067199195,127,True,False,False,post-evaluation hypothesis-generating; independent future validation required,0,0
ridge,False,original_noK,ridge::B_M_P_C,B_M_P_C,14,0.6765303696163217,ridge::D_B_M_P_C_A,prevalence,-0.0462979144559327,-0.0239243293987279,-0.0091131802286949,0.0132604048285098,127,True,False,False,post-evaluation hypothesis-generating; independent future validation required,0,0
ridge,False,original_noK,ridge::B_M_P_A,B_M_P_A,14,0.6882812315062049,ridge::D_B_M_P_C_A,prevalence,-0.0345470525660494,-0.0121734675088446,0.0026376816611882,0.025011266718393,127,True,False,False,post-evaluation hypothesis-generating; independent future validation required,0,0
ridge,False,original_noK,ridge::M_P_C_A,M_P_C_A,14,0.688383427823019,ridge::D_B_M_P_C_A,prevalence,-0.0344448562492354,-0.0120712711920306,0.0027398779780023,0.0251134630352071,127,True,False,False,post-evaluation hypothesis-generating; independent future validation required,0,0
ridge,False,original_noK,ridge::B_P_C_A,B_P_C_A,14,0.6913619415022128,ridge::D_B_M_P_C_A,prevalence,-0.0314663425700414,-0.0090927575128366,0.0057183916571963,0.0280919767144011,127,True,False,False,post-evaluation hypothesis-generating; independent future validation required,0,0
ridge,False,original_noK,ridge::B_M_P_C_A,B_M_P_C_A,15,0.6880212884406041,ridge::D_B_M_P_C_A,prevalence,-0.0348069956316502,-0.0124334105744454,0.0023777385955875,0.0247513236527923,127,True,False,False,post-evaluation hypothesis-generating; independent future validation required,0,0
ridge,False,original_noK,ridge::D_P,D_P,15,0.7143852356982644,ridge::D_B_M_P_C_A,prevalence,-0.0084430483739898,0.0139305366832149,0.0287416858532479,0.0511152709104527,127,False,False,False,post-evaluation hypothesis-generating; independent future validation required,0,0
ridge,False,original_noK,ridge::D_B_P,D_B_P,16,0.7063264572501596,ridge::D_B_M_P_C_A,prevalence,-0.0165018268220947,0.00587175823511,0.020682907405143,0.0430564924623477,127,True,False,False,post-evaluation hypothesis-generating; independent future validation required,0,0
ridge,False,original_noK,ridge::D_M_P,D_M_P,16,0.7102324100256724,ridge::D_B_M_P_C_A,prevalence,-0.0125958740465819,0.0097777110106228,0.0245888601806558,0.0469624452378606,127,True,False,False,post-evaluation hypothesis-generating; independent future validation required,0,0
ridge,False,original_noK,ridge::D_P_C,D_P_C,16,0.7148489961818975,ridge::D_B_M_P_C_A,prevalence,-0.0079792878903567,0.014394297166848,0.0292054463368809,0.0515790313940857,127,False,False,False,post-evaluation hypothesis-generating; independent future validation required,0,0
ridge,False,original_noK,ridge::D_P_A,D_P_A,16,0.7327988594506704,ridge::D_B_M_P_C_A,prevalence,0.009970575378416,0.0323441604356208,0.0471553096056538,0.0695288946628586,127,False,False,False,post-evaluation hypothesis-generating; independent future validation required,0,0
ridge,False,original_noK,ridge::D_B_M_P,D_B_M_P,17,0.7043353101017589,ridge::D_B_M_P_C_A,prevalence,-0.0184929739704953,0.0038806110867094,0.0186917602567424,0.0410653453139471,127,True,False,False,post-evaluation hypothesis-generating; independent future validation required,0,0
ridge,False,original_noK,ridge::D_B_P_C,D_B_P_C,17,0.706356669385832,ridge::D_B_M_P_C_A,prevalence,-0.0164716146864222,0.0059019703707825,0.0207131195408154,0.0430867045980202,127,True,False,False,post-evaluation hypothesis-generating; independent future validation required,0,0
ridge,False,original_noK,ridge::D_M_P_C,D_M_P_C,17,0.7108118022230695,ridge::D_B_M_P_C_A,prevalence,-0.0120164818491847,0.01035710320802,0.0251682523780529,0.0475418374352577,127,False,False,False,post-evaluation hypothesis-generating; independent future validation required,0,0
ridge,False,original_noK,ridge::D_B_P_A,D_B_P_A,17,0.7240623632467075,ridge::D_B_M_P_C_A,prevalence,0.0012340791744531,0.0236076642316579,0.0384188134016909,0.0607923984588957,127,False,False,False,post-evaluation hypothesis-generating; independent future validation required,0,0
ridge,False,original_noK,ridge::D_M_P_A,D_M_P_A,17,0.7287433396903711,ridge::D_B_M_P_C_A,prevalence,0.0059150556181167,0.0282886406753214,0.0430997898453545,0.0654733749025593,127,False,False,False,post-evaluation hypothesis-generating; independent future validation required,0,0
ridge,False,original_noK,ridge::D_P_C_A,D_P_C_A,17,0.7341824291632196,ridge::D_B_M_P_C_A,prevalence,0.0113541450909653,0.0337277301481701,0.0485388793182031,0.0709124643754079,127,False,False,False,post-evaluation hypothesis-generating; independent future validation required,0,0
ridge,False,original_noK,ridge::D_B_M_P_C,D_B_M_P_C,18,0.7045775851734855,ridge::D_B_M_P_C_A,prevalence,-0.0182506988987687,0.004122886158436,0.0189340353284689,0.0413076203856737,127,True,False,False,post-evaluation hypothesis-generating; independent future validation required,0,0
ridge,False,original_noK,ridge::D_B_M_P_A,D_B_M_P_A,18,0.721642473385492,ridge::D_B_M_P_C_A,prevalence,-0.0011858106867622,0.0211877743704425,0.0359989235404754,0.0583725085976802,127,False,False,False,post-evaluation hypothesis-generating; independent future validation required,0,0
ridge,False,original_noK,ridge::D_B_P_C_A,D_B_P_C_A,18,0.7247149336832018,ridge::D_B_M_P_C_A,prevalence,0.0018866496109474,0.0242602346681522,0.0390713838381851,0.0614449688953899,127,False,False,False,post-evaluation hypothesis-generating; independent future validation required,0,0
ridge,False,original_noK,ridge::D_M_P_C_A,D_M_P_C_A,18,0.7300197943395154,ridge::D_B_M_P_C_A,prevalence,0.007191510267261,0.0295650953244658,0.0443762444944988,0.0667498295517036,127,False,False,False,post-evaluation hypothesis-generating; independent future validation required,0,0
ridge,False,original_noK,ridge::D_B_M_P_C_A,D_B_M_P_C_A,19,0.7228282840722543,ridge::D_B_M_P_C_A,prevalence,0.0,0.0,0.0371847342272377,0.0595583192844425,127,True,False,False,post-evaluation hypothesis-generating; independent future validation required,0,0
ridge_fixed,False,original_noK,ridge_fixed::NONE,NONE,0,0.6856435498450167,ridge_fixed::D_B_M_P_C_A,prevalence,-0.0089220658062906,0.0078016037393858,0.0,0.0167236695456764,127,True,False,False,post-evaluation hypothesis-generating; independent future validation required,0,0
ridge_fixed,False,original_noK,ridge_fixed::B,B,1,0.677439794026549,ridge_fixed::D_B_M_P_C_A,prevalence,-0.0171258216247582,-0.0004021520790817,-0.0082037558184676,0.0085199137272087,127,True,False,False,post-evaluation hypothesis-generating; independent future validation required,0,0
ridge_fixed,False,original_noK,ridge_fixed::M,M,1,0.6799469663559442,ridge_fixed::D_B_M_P_C_A,prevalence,-0.0146186492953629,0.0021050202503135,-0.0056965834890722,0.0110270860566041,127,True,False,False,post-evaluation hypothesis-generating; independent future validation required,0,0
ridge_fixed,False,original_noK,ridge_fixed::C,C,1,0.6848892262402849,ridge_fixed::D_B_M_P_C_A,prevalence,-0.009676389411022,0.0070472801346543,-0.0007543236047314,0.015969345940945,127,True,False,False,post-evaluation hypothesis-generating; independent future validation required,0,0
ridge_fixed,False,original_noK,ridge_fixed::A,A,1,0.6967690937084243,ridge_fixed::D_B_M_P_C_A,prevalence,0.002203478057117,0.0189271476027935,0.0111255438634075,0.027849213409084,127,False,False,False,post-evaluation hypothesis-generating; independent future validation required,0,0
ridge_fixed,False,original_noK,ridge_fixed::B_M,B_M,2,0.6742810892764769,ridge_fixed::D_B_M_P_C_A,prevalence,-0.0202845263748302,-0.0035608568291538,-0.0113624605685397,0.0053612089771366,127,True,False,False,post-evaluation hypothesis-generating; independent future validation required,0,0
ridge_fixed,False,original_noK,ridge_fixed::B_C,B_C,2,0.6766124314072357,ridge_fixed::D_B_M_P_C_A,prevalence,-0.0179531842440714,-0.0012295146983949,-0.0090311184377806,0.0076925511078957,127,True,False,False,post-evaluation hypothesis-generating; independent future validation required,0,0
ridge_fixed,False,original_noK,ridge_fixed::M_C,M_C,2,0.6792970886993044,ridge_fixed::D_B_M_P_C_A,prevalence,-0.0152685269520027,0.0014551425936737,-0.0063464611457121,0.0103772083999642,127,True,False,False,post-evaluation hypothesis-generating; independent future validation required,0,0
ridge_fixed,False,original_noK,ridge_fixed::B_A,B_A,2,0.6896428576408007,ridge_fixed::D_B_M_P_C_A,prevalence,-0.0049227580105063,0.01180091153517,0.0039993077957841,0.0207229773414606,127,False,False,False,post-evaluation hypothesis-generating; independent future validation required,0,0
ridge_fixed,False,original_noK,ridge_fixed::M_A,M_A,2,0.6910968417107293,ridge_fixed::D_B_M_P_C_A,prevalence,-0.0034687739405778,0.0132548956050986,0.0054532918657128,0.0221769614113893,127,False,False,False,post-evaluation hypothesis-generating; independent future validation required,0,0
ridge_fixed,False,original_noK,ridge_fixed::C_A,C_A,2,0.6966535834095664,ridge_fixed::D_B_M_P_C_A,prevalence,0.0020879677582591,0.0188116373039355,0.0110100335645496,0.0277337031102261,127,False,False,False,post-evaluation hypothesis-generating; independent future validation required,0,0
ridge_fixed,False,original_noK,ridge_fixed::B_M_C,B_M_C,3,0.6735780902944525,ridge_fixed::D_B_M_P_C_A,prevalence,-0.0209875253568547,-0.0042638558111782,-0.0120654595505641,0.0046582099951123,127,True,False,False,post-evaluation hypothesis-generating; independent future validation required,0,0
ridge_fixed,False,original_noK,ridge_fixed::B_M_A,B_M_A,3,0.6863806560519313,ridge_fixed::D_B_M_P_C_A,prevalence,-0.0081849595993757,0.0085387099463006,0.0007371062069148,0.0174607757525912,127,True,False,False,post-evaluation hypothesis-generating; independent future validation required,0,0
ridge_fixed,False,original_noK,ridge_fixed::B_C_A,B_C_A,3,0.689413094073297,ridge_fixed::D_B_M_P_C_A,prevalence,-0.0051525215780102,0.0115711479676661,0.0037695442282803,0.0204932137739567,127,False,False,False,post-evaluation hypothesis-generating; independent future validation required,0,0
ridge_fixed,False,original_noK,ridge_fixed::M_C_A,M_C_A,3,0.6910115491211328,ridge_fixed::D_B_M_P_C_A,prevalence,-0.0035540665301742,0.0131696030155021,0.0053679992761163,0.0220916688217927,127,False,False,False,post-evaluation hypothesis-generating; independent future validation required,0,0
ridge_fixed,False,original_noK,ridge_fixed::B_M_C_A,B_M_C_A,4,0.6862360408312737,ridge_fixed::D_B_M_P_C_A,prevalence,-0.0083295748200335,0.0083940947256429,0.0005924909862571,0.0173161605319335,127,True,False,False,post-evaluation hypothesis-generating; independent future validation required,0,0
ridge_fixed,False,original_noK,ridge_fixed::D,D,4,0.6868493066876922,ridge_fixed::D_B_M_P_C_A,prevalence,-0.007716308963615,0.0090073605820614,0.0012057568426756,0.017929426388352,127,True,False,False,post-evaluation hypothesis-generating; independent future validation required,0,0
ridge_fixed,False,original_noK,ridge_fixed::D_B,D_B,5,0.6782610561877807,ridge_fixed::D_B_M_P_C_A,prevalence,-0.0163045594635264,0.0004191100821499,-0.0073824936572359,0.0093411758884405,127,True,False,False,post-evaluation hypothesis-generating; independent future validation required,0,0
ridge_fixed,False,original_noK,ridge_fixed::D_M,D_M,5,0.6826358436694001,ridge_fixed::D_B_M_P_C_A,prevalence,-0.011929771981907,0.0047938975637694,-0.0030077061756164,0.01371596337006,127,True,False,False,post-evaluation hypothesis-generating; independent future validation required,0,0
ridge_fixed,False,original_noK,ridge_fixed::D_C,D_C,5,0.6866799837243998,ridge_fixed::D_B_M_P_C_A,prevalence,-0.0078856319269074,0.008838037618769,0.0010364338793831,0.0177601034250596,127,True,False,False,post-evaluation hypothesis-generating; independent future validation required,0,0
ridge_fixed,False,original_noK,ridge_fixed::D_A,D_A,5,0.7021793555683171,ridge_fixed::D_B_M_P_C_A,prevalence,0.0076137399170099,0.0243374094626864,0.0165358057233005,0.033259475268977,127,False,False,False,post-evaluation hypothesis-generating; independent future validation required,0,0
ridge_fixed,False,original_noK,ridge_fixed::D_B_M,D_B_M,6,0.6765270147953751,ridge_fixed::D_B_M_P_C_A,prevalence,-0.018038600855932,-0.0013149313102555,-0.0091165350496414,0.007607134496035,127,True,False,False,post-evaluation hypothesis-generating; independent future validation required,0,0
ridge_fixed,False,original_noK,ridge_fixed::D_B_C,D_B_C,6,0.678149695096429,ridge_fixed::D_B_M_P_C_A,prevalence,-0.0164159205548781,0.0003077489907982,-0.0074938547485875,0.0092298147970888,127,True,False,False,post-evaluation hypothesis-generating; independent future validation required,0,0
ridge_fixed,False,original_noK,ridge_fixed::D_M_C,D_M_C,6,0.6827807801152355,ridge_fixed::D_B_M_P_C_A,prevalence,-0.0117848355360715,0.0049388340096048,-0.0028627697297809,0.0138608998158954,127,True,False,False,post-evaluation hypothesis-generating; independent future validation required,0,0
ridge_fixed,False,original_noK,ridge_fixed::D_B_A,D_B_A,6,0.6939976723385386,ridge_fixed::D_B_M_P_C_A,prevalence,-0.0005679433127686,0.0161557262329078,0.0083541224935219,0.0250777920391984,127,False,False,False,post-evaluation hypothesis-generating; independent future validation required,0,0
ridge_fixed,False,original_noK,ridge_fixed::D_M_A,D_M_A,6,0.6978941461607561,ridge_fixed::D_B_M_P_C_A,prevalence,0.0033285305094489,0.0200522000551254,0.0122505963157395,0.028974265861416,127,False,False,False,post-evaluation hypothesis-generating; independent future validation required,0,0
ridge_fixed,False,original_noK,ridge_fixed::D_C_A,D_C_A,6,0.7026783715718511,ridge_fixed::D_B_M_P_C_A,prevalence,0.0081127559205438,0.0248364254662202,0.0170348217268344,0.0337584912725108,127,False,False,False,post-evaluation hypothesis-generating; independent future validation required,0,0
ridge_fixed,False,original_noK,ridge_fixed::D_B_M_C,D_B_M_C,7,0.6767741538859647,ridge_fixed::D_B_M_P_C_A,prevalence,-0.0177914617653424,-0.0010677922196659,-0.0088693959590518,0.0078542735866246,127,True,False,False,post-evaluation hypothesis-generating; independent future validation required,0,0
ridge_fixed,False,original_noK,ridge_fixed::D_B_M_A,D_B_M_A,7,0.692166607319507,ridge_fixed::D_B_M_P_C_A,prevalence,-0.0023990083318003,0.0143246612138761,0.0065230574744903,0.0232467270201667,127,False,False,False,post-evaluation hypothesis-generating; independent future validation required,0,0
ridge_fixed,False,original_noK,ridge_fixed::D_B_C_A,D_B_C_A,7,0.6944134339152416,ridge_fixed::D_B_M_P_C_A,prevalence,-0.0001521817360656,0.0165714878096107,0.0087698840702249,0.0254935536159014,127,False,False,False,post-evaluation hypothesis-generating; independent future validation required,0,0
ridge_fixed,False,original_noK,ridge_fixed::D_M_C_A,D_M_C_A,7,0.6985083441546103,ridge_fixed::D_B_M_P_C_A,prevalence,0.0039427285033032,0.0206663980489796,0.0128647943095938,0.0295884638552702,127,False,False,False,post-evaluation hypothesis-generating; independent future validation required,0,0
ridge_fixed,False,original_noK,ridge_fixed::D_B_M_C_A,D_B_M_C_A,8,0.6927792686583069,ridge_fixed::D_B_M_P_C_A,prevalence,-0.0017863469930001,0.0149373225526763,0.0071357188132904,0.0238593883589669,127,False,False,False,post-evaluation hypothesis-generating; independent future validation required,0,0
ridge_fixed,False,original_noK,ridge_fixed::P,P,11,0.6870789281175402,ridge_fixed::D_B_M_P_C_A,prevalence,-0.007486687533767,0.0092369820119094,0.0014353782725235,0.0181590478182,127,True,False,False,post-evaluation hypothesis-generating; independent future validation required,0,0
ridge_fixed,False,original_noK,ridge_fixed::B_P,B_P,12,0.6807002634376358,ridge_fixed::D_B_M_P_C_A,prevalence,-0.0138653522136714,0.002858317332005,-0.0049432864073808,0.0117803831382956,127,True,False,False,post-evaluation hypothesis-generating; independent future validation required,0,0
ridge_fixed,False,original_noK,ridge_fixed::M_P,M_P,12,0.6815015264227682,ridge_fixed::D_B_M_P_C_A,prevalence,-0.0130640892285389,0.0036595803171374,-0.0041420234222483,0.012581646123428,127,True,False,False,post-evaluation hypothesis-generating; independent future validation required,0,0
ridge_fixed,False,original_noK,ridge_fixed::P_C,P_C,12,0.6862730153653215,ridge_fixed::D_B_M_P_C_A,prevalence,-0.0082926002859855,0.0084310692596908,0.000629465520305,0.0173531350659814,127,True,False,False,post-evaluation hypothesis-generating; independent future validation required,0,0
ridge_fixed,False,original_noK,ridge_fixed::P_A,P_A,12,0.697519519995956,ridge_fixed::D_B_M_P_C_A,prevalence,0.0029539043446487,0.0196775738903251,0.0118759701509393,0.0285996396966158,127,False,False,False,post-evaluation hypothesis-generating; independent future validation required,0,0
ridge_fixed,False,original_noK,ridge_fixed::B_M_P,B_M_P,13,0.6773648492273466,ridge_fixed::D_B_M_P_C_A,prevalence,-0.0172007664239605,-0.000477096878284,-0.0082787006176698,0.0084449689280065,127,True,False,False,post-evaluation hypothesis-generating; independent future validation required,0,0
ridge_fixed,False,original_noK,ridge_fixed::B_P_C,B_P_C,13,0.6797682464779038,ridge_fixed::D_B_M_P_C_A,prevalence,-0.0147973691734032,0.0019263003722731,-0.0058753033671126,0.0108483661785637,127,True,False,False,post-evaluation hypothesis-generating; independent future validation required,0,0
ridge_fixed,False,original_noK,ridge_fixed::M_P_C,M_P_C,13,0.6807576392979802,ridge_fixed::D_B_M_P_C_A,prevalence,-0.013807976353327,0.0029156931923494,-0.0048859105470364,0.01183775899864,127,True,False,False,post-evaluation hypothesis-generating; independent future validation required,0,0
ridge_fixed,False,original_noK,ridge_fixed::B_P_A,B_P_A,13,0.6917583334379683,ridge_fixed::D_B_M_P_C_A,prevalence,-0.0028072822133387,0.0139163873323377,0.0061147835929518,0.0228384531386283,127,False,False,False,post-evaluation hypothesis-generating; independent future validation required,0,0
ridge_fixed,False,original_noK,ridge_fixed::M_P_A,M_P_A,13,0.6919622110901643,ridge_fixed::D_B_M_P_C_A,prevalence,-0.0026034045611428,0.0141202649845335,0.0063186612451477,0.0230423307908241,127,False,False,False,post-evaluation hypothesis-generating; independent future validation required,0,0
ridge_fixed,False,original_noK,ridge_fixed::P_C_A,P_C_A,13,0.6973268299556493,ridge_fixed::D_B_M_P_C_A,prevalence,0.0027612143043421,0.0194848838500186,0.0116832801106327,0.0284069496563091,127,False,False,False,post-evaluation hypothesis-generating; independent future validation required,0,0
ridge_fixed,False,original_noK,ridge_fixed::B_M_P_C,B_M_P_C,14,0.6765303696163217,ridge_fixed::D_B_M_P_C_A,prevalence,-0.0180352460349855,-0.0013115764893091,-0.0091131802286949,0.0076104893169814,127,True,False,False,post-evaluation hypothesis-generating; independent future validation required,0,0
ridge_fixed,False,original_noK,ridge_fixed::B_M_P_A,B_M_P_A,14,0.6882812315062049,ridge_fixed::D_B_M_P_C_A,prevalence,-0.0062843841451023,0.0104392854005741,0.0026376816611882,0.0193613512068647,127,False,False,False,post-evaluation hypothesis-generating; independent future validation required,0,0
ridge_fixed,False,original_noK,ridge_fixed::B_P_C_A,B_P_C_A,14,0.6913619415022128,ridge_fixed::D_B_M_P_C_A,prevalence,-0.0032036741490942,0.0135199953965822,0.0057183916571963,0.0224420612028727,127,False,False,False,post-evaluation hypothesis-generating; independent future validation required,0,0
ridge_fixed,False,original_noK,ridge_fixed::M_P_C_A,M_P_C_A,14,0.6918166409874114,ridge_fixed::D_B_M_P_C_A,prevalence,-0.0027489746638957,0.0139746948817806,0.0061730911423948,0.0228967606880712,127,False,False,False,post-evaluation hypothesis-generating; independent future validation required,0,0
ridge_fixed,False,original_noK,ridge_fixed::B_M_P_C_A,B_M_P_C_A,15,0.6880212884406041,ridge_fixed::D_B_M_P_C_A,prevalence,-0.006544327210703,0.0101793423349733,0.0023777385955875,0.0191014081412639,127,False,False,False,post-evaluation hypothesis-generating; independent future validation required,0,0
ridge_fixed,False,original_noK,ridge_fixed::D_P,D_P,15,0.6899636686563089,ridge_fixed::D_B_M_P_C_A,prevalence,-0.0046019469949982,0.0121217225506782,0.0043201188112923,0.0210437883569688,127,False,False,False,post-evaluation hypothesis-generating; independent future validation required,0,0
ridge_fixed,False,original_noK,ridge_fixed::D_B_P,D_B_P,16,0.6828081660454275,ridge_fixed::D_B_M_P_C_A,prevalence,-0.0117574496058798,0.0049662199397966,-0.0028353837995891,0.0138882857460872,127,True,False,False,post-evaluation hypothesis-generating; independent future validation required,0,0
ridge_fixed,False,original_noK,ridge_fixed::D_M_P,D_M_P,16,0.6853659145522563,ridge_fixed::D_B_M_P_C_A,prevalence,-0.0091997010990508,0.0075239684466256,-0.0002776352927602,0.0164460342529162,127,True,False,False,post-evaluation hypothesis-generating; independent future validation required,0,0
ridge_fixed,False,original_noK,ridge_fixed::D_P_C,D_P_C,16,0.689862727310767,ridge_fixed::D_B_M_P_C_A,prevalence,-0.00470288834054,0.0120207812051363,0.0042191774657505,0.0209428470114269,127,False,False,False,post-evaluation hypothesis-generating; independent future validation required,0,0
ridge_fixed,False,original_noK,ridge_fixed::D_P_A,D_P_A,16,0.7042566319362981,ridge_fixed::D_B_M_P_C_A,prevalence,0.0096910162849908,0.0264146858306673,0.0186130820912814,0.0353367516369578,127,False,False,False,post-evaluation hypothesis-generating; independent future validation required,0,0
ridge_fixed,False,original_noK,ridge_fixed::D_B_M_P,D_B_M_P,17,0.6803586846891888,ridge_fixed::D_B_M_P_C_A,prevalence,-0.0142069309621183,0.002516738583558,-0.0052848651558277,0.0114388043898486,127,True,False,False,post-evaluation hypothesis-generating; independent future validation required,0,0
ridge_fixed,False,original_noK,ridge_fixed::D_B_P_C,D_B_P_C,17,0.6827817286386232,ridge_fixed::D_B_M_P_C_A,prevalence,-0.011783887012684,0.0049397825329923,-0.0028618212063934,0.013861848339283,127,True,False,False,post-evaluation hypothesis-generating; independent future validation required,0,0
ridge_fixed,False,original_noK,ridge_fixed::D_M_P_C,D_M_P_C,17,0.6854633490509352,ridge_fixed::D_B_M_P_C_A,prevalence,-0.0091022666003719,0.0076214029453044,-0.0001802007940813,0.016543468751595,127,True,False,False,post-evaluation hypothesis-generating; independent future validation required,0,0
ridge_fixed,False,original_noK,ridge_fixed::D_B_P_A,D_B_P_A,17,0.696769721142331,ridge_fixed::D_B_M_P_C_A,prevalence,0.0022041054910239,0.0189277750367003,0.0111261712973145,0.0278498408429909,127,False,False,False,post-evaluation hypothesis-generating; independent future validation required,0,0
ridge_fixed,False,original_noK,ridge_fixed::D_M_P_A,D_M_P_A,17,0.6994532040895722,ridge_fixed::D_B_M_P_C_A,prevalence,0.004887588438265,0.0216112579839415,0.0138096542445556,0.0305333237902321,127,False,False,False,post-evaluation hypothesis-generating; independent future validation required,0,0
ridge_fixed,False,original_noK,ridge_fixed::D_P_C_A,D_P_C_A,17,0.704559949591395,ridge_fixed::D_B_M_P_C_A,prevalence,0.0099943339400878,0.0267180034857642,0.0189163997463784,0.0356400692920548,127,False,False,False,post-evaluation hypothesis-generating; independent future validation required,0,0
ridge_fixed,False,original_noK,ridge_fixed::D_B_M_P_C,D_B_M_P_C,18,0.6803352214911252,ridge_fixed::D_B_M_P_C_A,prevalence,-0.0142303941601818,0.0024932753854945,-0.0053083283538912,0.0114153411917851,127,True,False,False,post-evaluation hypothesis-generating; independent future validation required,0,0
ridge_fixed,False,original_noK,ridge_fixed::D_B_M_P_A,D_B_M_P_A,18,0.6940856023383204,ridge_fixed::D_B_M_P_C_A,prevalence,-0.0004800133129867,0.0162436562326896,0.0084420524933037,0.0251657220389802,127,False,False,False,post-evaluation hypothesis-generating; independent future validation required,0,0
ridge_fixed,False,original_noK,ridge_fixed::D_B_P_C_A,D_B_P_C_A,18,0.6970217636524865,ridge_fixed::D_B_M_P_C_A,prevalence,0.0024561480011793,0.0191798175468557,0.0113782138074699,0.0281018833531463,127,False,False,False,post-evaluation hypothesis-generating; independent future validation required,0,0
ridge_fixed,False,original_noK,ridge_fixed::D_M_P_C_A,D_M_P_C_A,18,0.6999965892842004,ridge_fixed::D_B_M_P_C_A,prevalence,0.0054309736328932,0.0221546431785696,0.0143530394391837,0.0310767089848602,127,False,False,False,post-evaluation hypothesis-generating; independent future validation required,0,0
ridge_fixed,False,original_noK,ridge_fixed::D_B_M_P_C_A,D_B_M_P_C_A,19,0.694565615651307,ridge_fixed::D_B_M_P_C_A,prevalence,0.0,0.0,0.0089220658062906,0.025645735351967,127,True,False,False,post-evaluation hypothesis-generating; independent future validation required,0,0
hgb,True,original_noK,hgb::H,H,0,0.6606404546592651,hgb::H_D_B_M_P_C_A,P0,-0.0300953015458895,-0.0087000784612032,1.5836049553628154e-05,0.0214110591342399,127,True,False,False,post-evaluation hypothesis-generating; independent future validation required,0,0
hgb,True,original_noK,hgb::H_B,H_B,1,0.6568702773889398,hgb::H_D_B_M_P_C_A,P0,-0.0338654788162149,-0.0124702557315286,-0.0037543412207717,0.0176408818639145,127,True,False,False,post-evaluation hypothesis-generating; independent future validation required,0,0
hgb,True,original_noK,hgb::H_C,H_C,1,0.6598634794142396,hgb::H_D_B_M_P_C_A,P0,-0.0308722767909152,-0.0094770537062289,-0.000761139195472,0.0206340838892142,127,True,False,False,post-evaluation hypothesis-generating; independent future validation required,0,0
hgb,True,original_noK,hgb::H_M,H_M,1,0.6689721153143604,hgb::H_D_B_M_P_C_A,P0,-0.0217636408907943,-0.000368417806108,0.0083474967046486,0.0297427197893349,127,True,False,False,post-evaluation hypothesis-generating; independent future validation required,0,0
hgb,True,original_noK,hgb::H_A,H_A,1,0.676010880607885,hgb::H_D_B_M_P_C_A,P0,-0.0147248755972697,0.0066703474874165,0.0153862619981736,0.0367814850828599,127,True,False,False,post-evaluation hypothesis-generating; independent future validation required,0,0
hgb,True,original_noK,hgb::H_B_C,H_B_C,2,0.6558155420534334,hgb::H_D_B_M_P_C_A,P0,-0.0349202141517212,-0.0135249910670349,-0.0048090765562781,0.0165861465284081,127,True,False,False,post-evaluation hypothesis-generating; independent future validation required,0,0
hgb,True,original_noK,hgb::H_B_M,H_B_M,2,0.6640167344252859,hgb::H_D_B_M_P_C_A,P0,-0.0267190217798688,-0.0053237986951825,0.0033921158155744,0.0247873389002607,127,True,False,False,post-evaluation hypothesis-generating; independent future validation required,0,0
hgb,True,original_noK,hgb::H_M_C,H_M_C,2,0.6641978953179671,hgb::H_D_B_M_P_C_A,P0,-0.0265378608871876,-0.0051426378025013,0.0035732767082555,0.0249684997929418,127,True,False,False,post-evaluation hypothesis-generating; independent future validation required,0,0
hgb,True,original_noK,hgb::H_B_A,H_B_A,2,0.6657139341103271,hgb::H_D_B_M_P_C_A,P0,-0.0250218220948276,-0.0036265990101413,0.0050893155006155,0.0264845385853018,127,True,False,False,post-evaluation hypothesis-generating; independent future validation required,0,0
hgb,True,original_noK,hgb::H_C_A,H_C_A,2,0.6734837350999657,hgb::H_D_B_M_P_C_A,P0,-0.017252021105189,0.0041432019794972,0.0128591164902541,0.0342543395749404,127,True,False,False,post-evaluation hypothesis-generating; independent future validation required,0,0
hgb,True,original_noK,hgb::H_M_A,H_M_A,2,0.7301846991381126,hgb::H_D_B_M_P_C_A,P0,0.0394489429329578,0.0608441660176441,0.0695600805284011,0.0909553036130874,127,False,False,False,post-evaluation hypothesis-generating; independent future validation required,0,0
hgb,True,original_noK,hgb::H_B_M_C,H_B_M_C,3,0.6606598628283672,hgb::H_D_B_M_P_C_A,P0,-0.0300758933767876,-0.0086806702921013,3.524421865562423e-05,0.0214304673033419,127,True,False,False,post-evaluation hypothesis-generating; independent future validation required,0,0
hgb,True,original_noK,hgb::H_B_C_A,H_B_C_A,3,0.6630082177459525,hgb::H_D_B_M_P_C_A,P0,-0.0277275384592021,-0.0063323153745158,0.0023835991362409,0.0237788222209272,127,True,False,False,post-evaluation hypothesis-generating; independent future validation required,0,0
hgb,True,original_noK,hgb::H_B_M_A,H_B_M_A,3,0.7235395745933321,hgb::H_D_B_M_P_C_A,P0,0.0328038183881773,0.0541990414728636,0.0629149559836203,0.0843101790683066,127,False,False,False,post-evaluation hypothesis-generating; independent future validation required,0,0
hgb,True,original_noK,hgb::H_M_C_A,H_M_C_A,3,0.7266627440883094,hgb::H_D_B_M_P_C_A,P0,0.0359269878831547,0.057322210967841,0.0660381254785977,0.087433348563284,127,False,False,False,post-evaluation hypothesis-generating; independent future validation required,0,0
hgb,True,original_noK,hgb::H_B_M_C_A,H_B_M_C_A,4,0.6756968626743632,hgb::H_D_B_M_P_C_A,P0,-0.0150388935307915,0.0063563295538947,0.0150722440646515,0.0364674671493378,127,True,False,False,post-evaluation hypothesis-generating; independent future validation required,0,0
hgb,True,original_noK,hgb::H_D,H_D,4,0.678946040590467,hgb::H_D_B_M_P_C_A,P0,-0.0117897156146877,0.0096055074699985,0.0183214219807553,0.0397166450654416,127,True,False,False,post-evaluation hypothesis-generating; independent future validation required,0,0
hgb,True,original_noK,hgb::H_D_M,H_D_M,5,0.6748177527282346,hgb::H_D_B_M_P_C_A,P0,-0.0159180034769202,0.005477219607766,0.0141931341185229,0.0355883572032092,127,True,False,False,post-evaluation hypothesis-generating; independent future validation required,0,0
hgb,True,original_noK,hgb::H_D_C,H_D_C,5,0.6751280687070844,hgb::H_D_B_M_P_C_A,P0,-0.0156076874980702,0.005787535586616,0.0145034500973729,0.0358986731820592,127,True,False,False,post-evaluation hypothesis-generating; independent future validation required,0,0
hgb,True,original_noK,hgb::H_D_B,H_D_B,5,0.676607610700868,hgb::H_D_B_M_P_C_A,P0,-0.0141281455042866,0.0072670775803996,0.0159829920911565,0.0373782151758428,127,True,False,False,post-evaluation hypothesis-generating; independent future validation required,0,0
hgb,True,original_noK,hgb::H_D_A,H_D_A,5,0.6992102353810714,hgb::H_D_B_M_P_C_A,P0,0.0084744791759166,0.0298697022606029,0.0385856167713597,0.059980839856046,127,False,False,False,post-evaluation hypothesis-generating; independent future validation required,0,0
hgb,True,original_noK,hgb::H_D_M_C,H_D_M_C,6,0.6695443458541026,hgb::H_D_B_M_P_C_A,P0,-0.0211914103510521,0.0002038127336341,0.008919727244391,0.0303149503290772,127,True,False,False,post-evaluation hypothesis-generating; independent future validation required,0,0
hgb,True,original_noK,hgb::H_D_B_C,H_D_B_C,6,0.6745540444896211,hgb::H_D_B_M_P_C_A,P0,-0.0161817117155335,0.0052135113691526,0.0139294258799095,0.0353246489645958,127,True,False,False,post-evaluation hypothesis-generating; independent future validation required,0,0
hgb,True,original_noK,hgb::H_D_B_M,H_D_B_M,6,0.6760603115833138,hgb::H_D_B_M_P_C_A,P0,-0.0146754446218409,0.0067197784628453,0.0154356929736023,0.0368309160582886,127,True,False,False,post-evaluation hypothesis-generating; independent future validation required,0,0
hgb,True,original_noK,hgb::H_D_B_A,H_D_B_A,6,0.6899146794672921,hgb::H_D_B_M_P_C_A,P0,-0.0008210767378626,0.0205741463468236,0.0292900608575805,0.0506852839422667,127,False,False,False,post-evaluation hypothesis-generating; independent future validation required,0,0
hgb,True,original_noK,hgb::H_D_C_A,H_D_C_A,6,0.6932854905270107,hgb::H_D_B_M_P_C_A,P0,0.002549734321856,0.0239449574065423,0.0326608719172991,0.0540560950019854,127,False,False,False,post-evaluation hypothesis-generating; independent future validation required,0,0
hgb,True,original_noK,hgb::H_D_M_A,H_D_M_A,6,0.712369652396558,hgb::H_D_B_M_P_C_A,P0,0.0216338961914033,0.0430291192760896,0.0517450337868464,0.0731402568715327,127,False,False,False,post-evaluation hypothesis-generating; independent future validation required,0,0
hgb,True,original_noK,hgb::H_D_B_M_C,H_D_B_M_C,7,0.6715127586629135,hgb::H_D_B_M_P_C_A,P0,-0.0192229975422413,0.0021722255424449,0.0108881400532019,0.0322833631378882,127,True,False,False,post-evaluation hypothesis-generating; independent future validation required,0,0
hgb,True,original_noK,hgb::H_D_B_C_A,H_D_B_C_A,7,0.6896532419099539,hgb::H_D_B_M_P_C_A,P0,-0.0010825142952007,0.0203127087894855,0.0290286233002424,0.0504238463849287,127,False,False,False,post-evaluation hypothesis-generating; independent future validation required,0,0
hgb,True,original_noK,hgb::H_D_B_M_A,H_D_B_M_A,7,0.7067668330766513,hgb::H_D_B_M_P_C_A,P0,0.0160310768714966,0.0374262999561829,0.0461422144669398,0.0675374375516261,127,False,False,False,post-evaluation hypothesis-generating; independent future validation required,0,0
hgb,True,original_noK,hgb::H_D_M_C_A,H_D_M_C_A,7,0.7095091099137313,hgb::H_D_B_M_P_C_A,P0,0.0187733537085765,0.0401685767932627,0.0488844913040195,0.0702797143887058,127,False,False,False,post-evaluation hypothesis-generating; independent future validation required,0,0
hgb,True,original_noK,hgb::H_D_B_M_C_A,H_D_B_M_C_A,8,0.7023321544326471,hgb::H_D_B_M_P_C_A,P0,0.0115963982274922,0.0329916213121785,0.0417075358229355,0.0631027589076217,127,False,False,False,post-evaluation hypothesis-generating; independent future validation required,0,0
hgb,True,original_noK,hgb::H_P,H_P,11,0.6712570279915516,hgb::H_D_B_M_P_C_A,P0,-0.0194787282136031,0.0019164948710831,0.0106324093818399,0.0320276324665262,127,True,False,False,post-evaluation hypothesis-generating; independent future validation required,0,0
hgb,True,original_noK,hgb::H_B_P,H_B_P,12,0.6684092245346652,hgb::H_D_B_M_P_C_A,P0,-0.0223265316704895,-0.0009313085858032,0.0077846059249535,0.0291798290096398,127,True,False,False,post-evaluation hypothesis-generating; independent future validation required,0,0
hgb,True,original_noK,hgb::H_P_C,H_P_C,12,0.6701169175859116,hgb::H_D_B_M_P_C_A,P0,-0.020618838619243,0.0007763844654432,0.0094922989762001,0.0308875220608864,127,True,False,False,post-evaluation hypothesis-generating; independent future validation required,0,0
hgb,True,original_noK,hgb::H_P_A,H_P_A,12,0.6767851694980827,hgb::H_D_B_M_P_C_A,P0,-0.013950586707072,0.0074446363776142,0.016160550888371,0.0375557739730573,127,True,False,False,post-evaluation hypothesis-generating; independent future validation required,0,0
hgb,True,original_noK,hgb::H_M_P,H_M_P,12,0.6791926135271623,hgb::H_D_B_M_P_C_A,P0,-0.0115431426779924,0.0098520804066938,0.0185679949174507,0.039963218002137,127,True,False,False,post-evaluation hypothesis-generating; independent future validation required,0,0
hgb,True,original_noK,hgb::H_B_P_C,H_B_P_C,13,0.6682978141974423,hgb::H_D_B_M_P_C_A,P0,-0.0224379420077124,-0.0010427189230261,0.0076731955877307,0.0290684186724169,127,True,False,False,post-evaluation hypothesis-generating; independent future validation required,0,0
hgb,True,original_noK,hgb::H_B_P_A,H_B_P_A,13,0.6704466797926858,hgb::H_D_B_M_P_C_A,P0,-0.0202890764124689,0.0011061466722173,0.0098220611829743,0.0312172842676606,127,True,False,False,post-evaluation hypothesis-generating; independent future validation required,0,0
hgb,True,original_noK,hgb::H_M_P_C,H_M_P_C,13,0.674212564406082,hgb::H_D_B_M_P_C_A,P0,-0.0165231917990728,0.0048720312856134,0.0135879457963704,0.0349831688810566,127,True,False,False,post-evaluation hypothesis-generating; independent future validation required,0,0
hgb,True,original_noK,hgb::H_B_M_P,H_B_M_P,13,0.6747292133818054,hgb::H_D_B_M_P_C_A,P0,-0.0160065428233493,0.0053886802613369,0.0141045947720938,0.0354998178567801,127,True,False,False,post-evaluation hypothesis-generating; independent future validation required,0,0
hgb,True,original_noK,hgb::H_P_C_A,H_P_C_A,13,0.6759877295776269,hgb::H_D_B_M_P_C_A,P0,-0.0147480266275279,0.0066471964571582,0.0153631109679152,0.0367583340526015,127,True,False,False,post-evaluation hypothesis-generating; independent future validation required,0,0
hgb,True,original_noK,hgb::H_M_P_A,H_M_P_A,13,0.708885974371388,hgb::H_D_B_M_P_C_A,P0,0.0181502181662333,0.0395454412509196,0.0482613557616764,0.0696565788463627,127,False,False,False,post-evaluation hypothesis-generating; independent future validation required,0,0
hgb,True,original_noK,hgb::H_B_M_P_C,H_B_M_P_C,14,0.6696991384319606,hgb::H_D_B_M_P_C_A,P0,-0.021036617773194,0.0003586053114921,0.009074519822249,0.0304697429069353,127,True,False,False,post-evaluation hypothesis-generating; independent future validation required,0,0
hgb,True,original_noK,hgb::H_B_P_C_A,H_B_P_C_A,14,0.6705149117694813,hgb::H_D_B_M_P_C_A,P0,-0.0202208444356734,0.0011743786490128,0.0098902931597696,0.0312855162444559,127,True,False,False,post-evaluation hypothesis-generating; independent future validation required,0,0
hgb,True,original_noK,hgb::H_B_M_P_A,H_B_M_P_A,14,0.6975605047573598,hgb::H_D_B_M_P_C_A,P0,0.006824748552205,0.0282199716368913,0.0369358861476482,0.0583311092323345,127,False,False,False,post-evaluation hypothesis-generating; independent future validation required,0,0
hgb,True,original_noK,hgb::H_M_P_C_A,H_M_P_C_A,14,0.70337008074198,hgb::H_D_B_M_P_C_A,P0,0.0126343245368252,0.0340295476215115,0.0427454621322685,0.0641406852169548,127,False,False,False,post-evaluation hypothesis-generating; independent future validation required,0,0
hgb,True,original_noK,hgb::H_D_P,H_D_P,15,0.6825493667969228,hgb::H_D_B_M_P_C_A,P0,-0.008186389408232,0.0132088336764542,0.0219247481872111,0.0433199712718974,127,False,False,False,post-evaluation hypothesis-generating; independent future validation required,0,0
hgb,True,original_noK,hgb::H_B_M_P_C_A,H_B_M_P_C_A,15,0.6953787578512874,hgb::H_D_B_M_P_C_A,P0,0.0046430016461326,0.0260382247308188,0.0347541392415757,0.056149362326262,127,False,False,False,post-evaluation hypothesis-generating; independent future validation required,0,0
hgb,True,original_noK,hgb::H_D_M_P,H_D_M_P,16,0.6773237255779168,hgb::H_D_B_M_P_C_A,P0,-0.0134120306272379,0.0079831924574483,0.0166991069682052,0.0380943300528914,127,True,False,False,post-evaluation hypothesis-generating; independent future validation required,0,0
hgb,True,original_noK,hgb::H_D_P_C,H_D_P_C,16,0.6791958587280479,hgb::H_D_B_M_P_C_A,P0,-0.0115398974771067,0.0098553256075795,0.0185712401183364,0.0399664632030227,127,True,False,False,post-evaluation hypothesis-generating; independent future validation required,0,0
hgb,True,original_noK,hgb::H_D_B_P,H_D_B_P,16,0.6821399651135525,hgb::H_D_B_M_P_C_A,P0,-0.0085957910916023,0.0127994319930839,0.0215153465038408,0.0429105695885271,127,False,False,False,post-evaluation hypothesis-generating; independent future validation required,0,0
hgb,True,original_noK,hgb::H_D_P_A,H_D_P_A,16,0.6970566834188282,hgb::H_D_B_M_P_C_A,P0,0.0063209272136735,0.0277161502983598,0.0364320648091167,0.057827287893803,127,False,False,False,post-evaluation hypothesis-generating; independent future validation required,0,0
hgb,True,original_noK,hgb::H_D_B_M_P,H_D_B_M_P,17,0.6768713802667373,hgb::H_D_B_M_P_C_A,P0,-0.0138643759384173,0.0075308471462689,0.0162467616570258,0.0376419847417121,127,True,False,False,post-evaluation hypothesis-generating; independent future validation required,0,0
hgb,True,original_noK,hgb::H_D_M_P_C,H_D_M_P_C,17,0.6776303095591135,hgb::H_D_B_M_P_C_A,P0,-0.0131054466460412,0.008289776438645,0.0170056909494019,0.0384009140340882,127,True,False,False,post-evaluation hypothesis-generating; independent future validation required,0,0
hgb,True,original_noK,hgb::H_D_B_P_C,H_D_B_P_C,17,0.6778852413639604,hgb::H_D_B_M_P_C_A,P0,-0.0128505148411942,0.0085447082434919,0.0172606227542488,0.0386558458389351,127,True,False,False,post-evaluation hypothesis-generating; independent future validation required,0,0
hgb,True,original_noK,hgb::H_D_B_P_A,H_D_B_P_A,17,0.6852939171958616,hgb::H_D_B_M_P_C_A,P0,-0.0054418390092932,0.015953384075393,0.0246692985861499,0.0460645216708362,127,False,False,False,post-evaluation hypothesis-generating; independent future validation required,0,0
hgb,True,original_noK,hgb::H_D_P_C_A,H_D_P_C_A,17,0.6951268008591114,hgb::H_D_B_M_P_C_A,P0,0.0043910446539566,0.0257862677386429,0.0345021822493998,0.0558974053340861,127,False,False,False,post-evaluation hypothesis-generating; independent future validation required,0,0
hgb,True,original_noK,hgb::H_D_M_P_A,H_D_M_P_A,17,0.7027754309756401,hgb::H_D_B_M_P_C_A,P0,0.0120396747704854,0.0334348978551717,0.0421508123659286,0.0635460354506149,127,False,False,False,post-evaluation hypothesis-generating; independent future validation required,0,0
hgb,True,original_noK,hgb::H_D_B_M_P_C,H_D_B_M_P_C,18,0.6748366909861884,hgb::H_D_B_M_P_C_A,P0,-0.0158990652189665,0.0054961578657197,0.0142120723764766,0.0356072954611629,127,True,False,False,post-evaluation hypothesis-generating; independent future validation required,0,0
hgb,True,original_noK,hgb::H_D_B_P_C_A,H_D_B_P_C_A,18,0.6813289153693709,hgb::H_D_B_M_P_C_A,P0,-0.0094068408357838,0.0119883822489024,0.0207042967596594,0.0420995198443456,127,False,False,False,post-evaluation hypothesis-generating; independent future validation required,0,0
hgb,True,original_noK,hgb::H_D_B_M_P_A,H_D_B_M_P_A,18,0.6900413905220814,hgb::H_D_B_M_P_C_A,P0,-0.0006943656830734,0.0207008574016128,0.0294167719123697,0.050811994997056,127,False,False,False,post-evaluation hypothesis-generating; independent future validation required,0,0
hgb,True,original_noK,hgb::H_D_M_P_C_A,H_D_M_P_C_A,18,0.7013587058177174,hgb::H_D_B_M_P_C_A,P0,0.0106229496125626,0.0320181726972489,0.0407340872080057,0.062129310292692,127,False,False,False,post-evaluation hypothesis-generating; independent future validation required,0,0
hgb,True,original_noK,hgb::H_D_B_M_P_C_A,H_D_B_M_P_C_A,19,0.6907357562051548,hgb::H_D_B_M_P_C_A,P0,0.0,0.0,0.030111137595443,0.0515063606801293,127,True,False,False,post-evaluation hypothesis-generating; independent future validation required,0,0
ridge,True,original_noK,ridge::H,H,0,0.6606312282641579,ridge::H_D_B_M_P_C_A,P0,-0.0538822709229931,-0.0322368913216229,6.609654446294124e-06,0.0216519892558165,127,True,False,False,post-evaluation hypothesis-generating; independent future validation required,0,0
ridge,True,original_noK,ridge::H_B,H_B,1,0.6572437321089197,ridge::H_D_B_M_P_C_A,P0,-0.0572697670782312,-0.035624387476861,-0.0033808865007918,0.0182644931005784,127,True,False,False,post-evaluation hypothesis-generating; independent future validation required,0,0
ridge,True,original_noK,ridge::H_M,H_M,1,0.6586768755905318,ridge::H_D_B_M_P_C_A,P0,-0.0558366235966193,-0.034191243995249,-0.0019477430191798,0.0196976365821903,127,True,False,False,post-evaluation hypothesis-generating; independent future validation required,0,0
ridge,True,original_noK,ridge::H_C,H_C,1,0.6602863066610634,ridge::H_D_B_M_P_C_A,P0,-0.0542271925260877,-0.0325818129247174,-0.0003383119486482,0.021307067652722,127,True,False,False,post-evaluation hypothesis-generating; independent future validation required,0,0
ridge,True,original_noK,ridge::H_A,H_A,1,0.6742887322988218,ridge::H_D_B_M_P_C_A,P0,-0.0402247668883291,-0.0185793872869588,0.0136641136891103,0.0353094932904806,127,True,False,False,post-evaluation hypothesis-generating; independent future validation required,0,0
ridge,True,original_noK,ridge::H_B_C,H_B_C,2,0.6567785122587828,ridge::H_D_B_M_P_C_A,P0,-0.0577349869283682,-0.036089607326998,-0.0038461063509287,0.0177992732504414,127,True,False,False,post-evaluation hypothesis-generating; independent future validation required,0,0
ridge,True,original_noK,ridge::H_B_M,H_B_M,2,0.6568610223434429,ridge::H_D_B_M_P_C_A,P0,-0.057652476843708,-0.0360070972423378,-0.0037635962662686,0.0178817833351015,127,True,False,False,post-evaluation hypothesis-generating; independent future validation required,0,0
ridge,True,original_noK,ridge::H_M_C,H_M_C,2,0.658167884322826,ridge::H_D_B_M_P_C_A,P0,-0.056345614864325,-0.0347002352629548,-0.0024567342868855,0.0191886453144846,127,True,False,False,post-evaluation hypothesis-generating; independent future validation required,0,0
ridge,True,original_noK,ridge::H_B_A,H_B_A,2,0.670901879743086,ridge::H_D_B_M_P_C_A,P0,-0.043611619444065,-0.0219662398426948,0.0102772611333745,0.0319226407347447,127,True,False,False,post-evaluation hypothesis-generating; independent future validation required,0,0
ridge,True,original_noK,ridge::H_M_A,H_M_A,2,0.6720357150766995,ridge::H_D_B_M_P_C_A,P0,-0.0424777841104515,-0.0208324045090813,0.0114110964669878,0.033056476068358,127,True,False,False,post-evaluation hypothesis-generating; independent future validation required,0,0
ridge,True,original_noK,ridge::H_C_A,H_C_A,2,0.673886294585218,ridge::H_D_B_M_P_C_A,P0,-0.040627204601933,-0.0189818250005628,0.0132616759755062,0.0349070555768765,127,True,False,False,post-evaluation hypothesis-generating; independent future validation required,0,0
ridge,True,original_noK,ridge::H_B_M_C,H_B_M_C,3,0.6562303994931902,ridge::H_D_B_M_P_C_A,P0,-0.0582830996939608,-0.0366377200925905,-0.0043942191165213,0.0172511604848488,127,True,False,False,post-evaluation hypothesis-generating; independent future validation required,0,0
ridge,True,original_noK,ridge::H_B_M_A,H_B_M_A,3,0.6701807686552006,ridge::H_D_B_M_P_C_A,P0,-0.0443327305319504,-0.0226873509305801,0.009556150045489,0.0312015296468593,127,True,False,False,post-evaluation hypothesis-generating; independent future validation required,0,0
ridge,True,original_noK,ridge::H_B_C_A,H_B_C_A,3,0.6705150579141685,ridge::H_D_B_M_P_C_A,P0,-0.0439984412729825,-0.0223530616716122,0.0098904393044569,0.0315358189058272,127,True,False,False,post-evaluation hypothesis-generating; independent future validation required,0,0
ridge,True,original_noK,ridge::H_M_C_A,H_M_C_A,3,0.6715730525470757,ridge::H_D_B_M_P_C_A,P0,-0.0429404466400753,-0.0212950670387051,0.0109484339373641,0.0325938135387343,127,True,False,False,post-evaluation hypothesis-generating; independent future validation required,0,0
ridge,True,original_noK,ridge::H_B_M_C_A,H_B_M_C_A,4,0.6697576515800546,ridge::H_D_B_M_P_C_A,P0,-0.0447558476070964,-0.0231104680057262,0.0091330329703429,0.0307784125717132,127,True,False,False,post-evaluation hypothesis-generating; independent future validation required,0,0
ridge,True,original_noK,ridge::H_D,H_D,4,0.696335561198437,ridge::H_D_B_M_P_C_A,P0,-0.018177937988714,0.0034674416126562,0.0357109425887254,0.0573563221900956,127,True,False,False,post-evaluation hypothesis-generating; independent future validation required,0,0
ridge,True,original_noK,ridge::H_D_B,H_D_B,5,0.6906339173177158,ridge::H_D_B_M_P_C_A,P0,-0.0238795818694351,-0.0022342022680648,0.0300092987080043,0.0516546783093745,127,True,False,False,post-evaluation hypothesis-generating; independent future validation required,0,0
ridge,True,original_noK,ridge::H_D_C,H_D_C,5,0.6959838922065951,ridge::H_D_B_M_P_C_A,P0,-0.0185296069805558,0.0031157726208143,0.0353592735968835,0.0570046531982538,127,True,False,False,post-evaluation hypothesis-generating; independent future validation required,0,0
ridge,True,original_noK,ridge::H_D_M,H_D_M,5,0.6997384329956161,ridge::H_D_B_M_P_C_A,P0,-0.014775066191535,0.0068703134098352,0.0391138143859044,0.0607591939872746,127,True,False,False,post-evaluation hypothesis-generating; independent future validation required,0,0
ridge,True,original_noK,ridge::H_D_A,H_D_A,5,0.715401927734172,ridge::H_D_B_M_P_C_A,P0,0.0008884285470209,0.0225338081483912,0.0547773091244604,0.0764226887258306,127,False,False,False,post-evaluation hypothesis-generating; independent future validation required,0,0
ridge,True,original_noK,ridge::H_D_B_C,H_D_B_C,6,0.6908208436129027,ridge::H_D_B_M_P_C_A,P0,-0.0236926555742482,-0.002047275972878,0.0301962250031911,0.0518416046045614,127,True,False,False,post-evaluation hypothesis-generating; independent future validation required,0,0
ridge,True,original_noK,ridge::H_D_B_M,H_D_B_M,6,0.6954715126760604,ridge::H_D_B_M_P_C_A,P0,-0.0190419865110905,0.0026033930902797,0.0348468940663489,0.0564922736677192,127,True,False,False,post-evaluation hypothesis-generating; independent future validation required,0,0
ridge,True,original_noK,ridge::H_D_M_C,H_D_M_C,6,0.69943445071303,ridge::H_D_B_M_P_C_A,P0,-0.015079048474121,0.0065663311272492,0.0388098321033184,0.0604552117046887,127,True,False,False,post-evaluation hypothesis-generating; independent future validation required,0,0
ridge,True,original_noK,ridge::H_D_B_A,H_D_B_A,6,0.7098588727184805,ridge::H_D_B_M_P_C_A,P0,-0.0046546264686705,0.0169907531326997,0.0492342541087688,0.0708796337101391,127,False,False,False,post-evaluation hypothesis-generating; independent future validation required,0,0
ridge,True,original_noK,ridge::H_D_C_A,H_D_C_A,6,0.715419672435277,ridge::H_D_B_M_P_C_A,P0,0.0009061732481261,0.0225515528494963,0.0547950538255655,0.0764404334269358,127,False,False,False,post-evaluation hypothesis-generating; independent future validation required,0,0
ridge,True,original_noK,ridge::H_D_M_A,H_D_M_A,6,0.7184336206077944,ridge::H_D_B_M_P_C_A,P0,0.0039201214206433,0.0255655010220136,0.0578090019980828,0.0794543815994531,127,False,False,False,post-evaluation hypothesis-generating; independent future validation required,0,0
ridge,True,original_noK,ridge::H_D_B_M_C,H_D_B_M_C,7,0.6952109364585862,ridge::H_D_B_M_P_C_A,P0,-0.0193025627285648,0.0023428168728053,0.0345863178488745,0.0562316974502448,127,True,False,False,post-evaluation hypothesis-generating; independent future validation required,0,0
ridge,True,original_noK,ridge::H_D_B_C_A,H_D_B_C_A,7,0.7098517951300329,ridge::H_D_B_M_P_C_A,P0,-0.0046617040571181,0.0169836755442521,0.0492271765203212,0.0708725561216914,127,False,False,False,post-evaluation hypothesis-generating; independent future validation required,0,0
ridge,True,original_noK,ridge::H_D_B_M_A,H_D_B_M_A,7,0.7138935134653298,ridge::H_D_B_M_P_C_A,P0,-0.0006199857218212,0.021025393879549,0.0532688948556182,0.0749142744569885,127,False,False,False,post-evaluation hypothesis-generating; independent future validation required,0,0
ridge,True,original_noK,ridge::H_D_M_C_A,H_D_M_C_A,7,0.718439360494326,ridge::H_D_B_M_P_C_A,P0,0.0039258613071748,0.0255712409085451,0.0578147418846144,0.0794601214859847,127,False,False,False,post-evaluation hypothesis-generating; independent future validation required,0,0
ridge,True,original_noK,ridge::H_D_B_M_C_A,H_D_B_M_C_A,8,0.7139171723994294,ridge::H_D_B_M_P_C_A,P0,-0.0005963267877215,0.0210490528136486,0.0532925537897179,0.0749379333910882,127,False,False,False,post-evaluation hypothesis-generating; independent future validation required,0,0
ridge,True,original_noK,ridge::H_P,H_P,11,0.6621286536698835,ridge::H_D_B_M_P_C_A,P0,-0.0523848455172675,-0.0307394659158973,0.0015040350601718,0.0231494146615421,127,True,False,False,post-evaluation hypothesis-generating; independent future validation required,0,0
ridge,True,original_noK,ridge::H_B_P,H_B_P,12,0.6598279763958999,ridge::H_D_B_M_P_C_A,P0,-0.0546855227912511,-0.0330401431898808,-0.0007966422138117,0.0208487373875585,127,True,False,False,post-evaluation hypothesis-generating; independent future validation required,0,0
ridge,True,original_noK,ridge::H_M_P,H_M_P,12,0.6600336679303875,ridge::H_D_B_M_P_C_A,P0,-0.0544798312567635,-0.0328344516553932,-0.000590950679324,0.0210544289220462,127,True,False,False,post-evaluation hypothesis-generating; independent future validation required,0,0
ridge,True,original_noK,ridge::H_P_C,H_P_C,12,0.6616781456941965,ridge::H_D_B_M_P_C_A,P0,-0.0528353534929546,-0.0311899738915843,0.0010535270844848,0.0226989066858551,127,True,False,False,post-evaluation hypothesis-generating; independent future validation required,0,0
ridge,True,original_noK,ridge::H_P_A,H_P_A,12,0.6750709856321985,ridge::H_D_B_M_P_C_A,P0,-0.0394425135549526,-0.0177971339535823,0.0144463670224869,0.0360917466238571,127,True,False,False,post-evaluation hypothesis-generating; independent future validation required,0,0
ridge,True,original_noK,ridge::H_B_M_P,H_B_M_P,13,0.6590211712988748,ridge::H_D_B_M_P_C_A,P0,-0.0554923278882762,-0.0338469482869059,-0.0016034473108366,0.0200419322905335,127,True,False,False,post-evaluation hypothesis-generating; independent future validation required,0,0
ridge,True,original_noK,ridge::H_B_P_C,H_B_P_C,13,0.6592588775492048,ridge::H_D_B_M_P_C_A,P0,-0.0552546216379463,-0.033609242036576,-0.0013657410605068,0.0202796385408633,127,True,False,False,post-evaluation hypothesis-generating; independent future validation required,0,0
ridge,True,original_noK,ridge::H_M_P_C,H_M_P_C,13,0.6594039241702615,ridge::H_D_B_M_P_C_A,P0,-0.0551095750168895,-0.0334641954155192,-0.00122069443945,0.0204246851619202,127,True,False,False,post-evaluation hypothesis-generating; independent future validation required,0,0
ridge,True,original_noK,ridge::H_B_P_A,H_B_P_A,13,0.6724829626187756,ridge::H_D_B_M_P_C_A,P0,-0.0420305365683754,-0.0203851569670051,0.011858344009064,0.0335037236104342,127,True,False,False,post-evaluation hypothesis-generating; independent future validation required,0,0
ridge,True,original_noK,ridge::H_M_P_A,H_M_P_A,13,0.6727609997705459,ridge::H_D_B_M_P_C_A,P0,-0.0417524994166051,-0.0201071198152349,0.0121363811608343,0.0337817607622046,127,True,False,False,post-evaluation hypothesis-generating; independent future validation required,0,0
ridge,True,original_noK,ridge::H_P_C_A,H_P_C_A,13,0.6746938373935905,ridge::H_D_B_M_P_C_A,P0,-0.0398196617935605,-0.0181742821921902,0.0140692187838789,0.0357145983852491,127,True,False,False,post-evaluation hypothesis-generating; independent future validation required,0,0
ridge,True,original_noK,ridge::H_B_M_P_C,H_B_M_P_C,14,0.6583944317582967,ridge::H_D_B_M_P_C_A,P0,-0.0561190674288543,-0.0344736878274841,-0.0022301868514148,0.0194151927499554,127,True,False,False,post-evaluation hypothesis-generating; independent future validation required,0,0
ridge,True,original_noK,ridge::H_B_M_P_A,H_B_M_P_A,14,0.6714963847820993,ridge::H_D_B_M_P_C_A,P0,-0.0430171144050516,-0.0213717348036814,0.0108717661723877,0.032517145773758,127,True,False,False,post-evaluation hypothesis-generating; independent future validation required,0,0
ridge,True,original_noK,ridge::H_B_P_C_A,H_B_P_C_A,14,0.6720438834546396,ridge::H_D_B_M_P_C_A,P0,-0.0424696157325115,-0.0208242361311412,0.0114192648449279,0.0330646444462982,127,True,False,False,post-evaluation hypothesis-generating; independent future validation required,0,0
ridge,True,original_noK,ridge::H_M_P_C_A,H_M_P_C_A,14,0.6722856762631964,ridge::H_D_B_M_P_C_A,P0,-0.0422278229239546,-0.0205824433225843,0.0116610576534848,0.033306437254855,127,True,False,False,post-evaluation hypothesis-generating; independent future validation required,0,0
ridge,True,original_noK,ridge::H_B_M_P_C_A,H_B_M_P_C_A,15,0.6709921690475126,ridge::H_D_B_M_P_C_A,P0,-0.0435213301396385,-0.0218759505382682,0.0103675504378009,0.0320129300391711,127,True,False,False,post-evaluation hypothesis-generating; independent future validation required,0,0
ridge,True,original_noK,ridge::H_D_P,H_D_P,15,0.6986899073247446,ridge::H_D_B_M_P_C_A,P0,-0.0158235918624064,0.0058217877389637,0.0380652887150329,0.0597106683164032,127,True,False,False,post-evaluation hypothesis-generating; independent future validation required,0,0
ridge,True,original_noK,ridge::H_D_B_P,H_D_B_P,16,0.6944128008236358,ridge::H_D_B_M_P_C_A,P0,-0.0201006983635153,0.0015446812378548,0.033788182213924,0.0554335618152943,127,True,False,False,post-evaluation hypothesis-generating; independent future validation required,0,0
ridge,True,original_noK,ridge::H_D_P_C,H_D_P_C,16,0.6986708024712186,ridge::H_D_B_M_P_C_A,P0,-0.0158426967159324,0.0058026828854378,0.038046183861507,0.0596915634628773,127,True,False,False,post-evaluation hypothesis-generating; independent future validation required,0,0
ridge,True,original_noK,ridge::H_D_M_P,H_D_M_P,16,0.7008698443347471,ridge::H_D_B_M_P_C_A,P0,-0.0136436548524038,0.0080017247489664,0.0402452257250356,0.0618906053264058,127,True,False,False,post-evaluation hypothesis-generating; independent future validation required,0,0
ridge,True,original_noK,ridge::H_D_P_A,H_D_P_A,16,0.7171619204988859,ridge::H_D_B_M_P_C_A,P0,0.0026484213117349,0.0242938009131051,0.0565373018891743,0.0781826814905445,127,False,False,False,post-evaluation hypothesis-generating; independent future validation required,0,0
ridge,True,original_noK,ridge::H_D_B_P_C,H_D_B_P_C,17,0.6941116093155131,ridge::H_D_B_M_P_C_A,P0,-0.0204018898716379,0.0012434897297322,0.0334869907058015,0.0551323703071717,127,True,False,False,post-evaluation hypothesis-generating; independent future validation required,0,0
ridge,True,original_noK,ridge::H_D_B_M_P,H_D_B_M_P,17,0.6971059702039143,ridge::H_D_B_M_P_C_A,P0,-0.0174075289832368,0.0042378506181334,0.0364813515942026,0.0581267311955729,127,True,False,False,post-evaluation hypothesis-generating; independent future validation required,0,0
ridge,True,original_noK,ridge::H_D_M_P_C,H_D_M_P_C,17,0.7007023505178803,ridge::H_D_B_M_P_C_A,P0,-0.0138111486692707,0.0078342309320995,0.0400777319081686,0.0617231115095389,127,True,False,False,post-evaluation hypothesis-generating; independent future validation required,0,0
ridge,True,original_noK,ridge::H_D_B_P_A,H_D_B_P_A,17,0.7118585932917908,ridge::H_D_B_M_P_C_A,P0,-0.0026549058953603,0.0189904737060099,0.0512339746820792,0.0728793542834494,127,False,False,False,post-evaluation hypothesis-generating; independent future validation required,0,0
ridge,True,original_noK,ridge::H_D_P_C_A,H_D_P_C_A,17,0.7170315707748213,ridge::H_D_B_M_P_C_A,P0,0.0025180715876703,0.0241634511890405,0.0564069521651098,0.0780523317664801,127,False,False,False,post-evaluation hypothesis-generating; independent future validation required,0,0
ridge,True,original_noK,ridge::H_D_M_P_A,H_D_M_P_A,17,0.7188339045550516,ridge::H_D_B_M_P_C_A,P0,0.0043204053679004,0.0259657849692707,0.0582092859453399,0.0798546655467102,127,False,False,False,post-evaluation hypothesis-generating; independent future validation required,0,0
ridge,True,original_noK,ridge::H_D_B_M_P_C,H_D_B_M_P_C,18,0.6968980896802975,ridge::H_D_B_M_P_C_A,P0,-0.0176154095068535,0.0040299700945167,0.0362734710705859,0.0579188506719561,127,True,False,False,post-evaluation hypothesis-generating; independent future validation required,0,0
ridge,True,original_noK,ridge::H_D_B_P_C_A,H_D_B_P_C_A,18,0.7117752028899608,ridge::H_D_B_M_P_C_A,P0,-0.0027382962971903,0.0189070833041798,0.051150584280249,0.0727959638816193,127,False,False,False,post-evaluation hypothesis-generating; independent future validation required,0,0
ridge,True,original_noK,ridge::H_D_B_M_P_A,H_D_B_M_P_A,18,0.7144361762043625,ridge::H_D_B_M_P_C_A,P0,-7.732298278862129e-05,0.0215680566185816,0.0538115575946508,0.075456937196021,127,False,False,False,post-evaluation hypothesis-generating; independent future validation required,0,0
ridge,True,original_noK,ridge::H_D_M_P_C_A,H_D_M_P_C_A,18,0.7187786294879878,ridge::H_D_B_M_P_C_A,P0,0.0042651303008367,0.025910509902207,0.0581540108782762,0.0797993904796465,127,False,False,False,post-evaluation hypothesis-generating; independent future validation required,0,0
ridge,True,original_noK,ridge::H_D_B_M_P_C_A,H_D_B_M_P_C_A,19,0.7145134991871509,ridge::H_D_B_M_P_C_A,P0,0.0,0.0,0.0538888805774395,0.0755342601788097,127,True,False,False,post-evaluation hypothesis-generating; independent future validation required,0,0
ridge_fixed,True,original_noK,ridge_fixed::H,H,0,0.6607078047863713,ridge_fixed::H_D_B_M_P_C_A,P0,-0.021573189449561,-0.0066379015410311,8.318617665973355e-05,0.0150184740851895,127,True,False,False,post-evaluation hypothesis-generating; independent future validation required,0,0
ridge_fixed,True,original_noK,ridge_fixed::H_B,H_B,1,0.6572625288428798,ridge_fixed::H_D_B_M_P_C_A,P0,-0.0250184653930524,-0.0100831774845226,-0.0033620897668317,0.011573198141698,127,True,False,False,post-evaluation hypothesis-generating; independent future validation required,0,0
ridge_fixed,True,original_noK,ridge_fixed::H_M,H_M,1,0.6587198786190033,ridge_fixed::H_D_B_M_P_C_A,P0,-0.0235611156169291,-0.0086258277083992,-0.0019047399907083,0.0130305479178214,127,True,False,False,post-evaluation hypothesis-generating; independent future validation required,0,0
ridge_fixed,True,original_noK,ridge_fixed::H_C,H_C,1,0.6602863066610634,ridge_fixed::H_D_B_M_P_C_A,P0,-0.0219946875748689,-0.0070593996663391,-0.0003383119486482,0.0145969759598816,127,True,False,False,post-evaluation hypothesis-generating; independent future validation required,0,0
ridge_fixed,True,original_noK,ridge_fixed::H_A,H_A,1,0.6742887322988218,ridge_fixed::H_D_B_M_P_C_A,P0,-0.0079922619371103,0.0069430259714194,0.0136641136891103,0.0285994015976402,127,True,False,False,post-evaluation hypothesis-generating; independent future validation required,0,0
ridge_fixed,True,original_noK,ridge_fixed::H_B_C,H_B_C,2,0.6567785122587828,ridge_fixed::H_D_B_M_P_C_A,P0,-0.0255024819771495,-0.0105671940686197,-0.0038461063509287,0.011089181557601,127,True,False,False,post-evaluation hypothesis-generating; independent future validation required,0,0
ridge_fixed,True,original_noK,ridge_fixed::H_B_M,H_B_M,2,0.6567912061809835,ridge_fixed::H_D_B_M_P_C_A,P0,-0.0254897880549488,-0.0105545001464189,-0.003833412428728,0.0111018754798017,127,True,False,False,post-evaluation hypothesis-generating; independent future validation required,0,0
ridge_fixed,True,original_noK,ridge_fixed::H_M_C,H_M_C,2,0.658167884322826,ridge_fixed::H_D_B_M_P_C_A,P0,-0.0241131099131063,-0.0091778220045765,-0.0024567342868855,0.0124785536216442,127,True,False,False,post-evaluation hypothesis-generating; independent future validation required,0,0
ridge_fixed,True,original_noK,ridge_fixed::H_B_A,H_B_A,2,0.670901879743086,ridge_fixed::H_D_B_M_P_C_A,P0,-0.0113791144928463,0.0035561734156835,0.0102772611333745,0.0252125490419043,127,True,False,False,post-evaluation hypothesis-generating; independent future validation required,0,0
ridge_fixed,True,original_noK,ridge_fixed::H_M_A,H_M_A,2,0.6720357150766995,ridge_fixed::H_D_B_M_P_C_A,P0,-0.0102452791592328,0.0046900087492969,0.0114110964669878,0.0263463843755176,127,True,False,False,post-evaluation hypothesis-generating; independent future validation required,0,0
ridge_fixed,True,original_noK,ridge_fixed::H_C_A,H_C_A,2,0.673886294585218,ridge_fixed::H_D_B_M_P_C_A,P0,-0.0083946996507143,0.0065405882578154,0.0132616759755062,0.0281969638840361,127,True,False,False,post-evaluation hypothesis-generating; independent future validation required,0,0
ridge_fixed,True,original_noK,ridge_fixed::H_B_M_C,H_B_M_C,3,0.6562303994931902,ridge_fixed::H_D_B_M_P_C_A,P0,-0.0260505947427421,-0.0111153068342122,-0.0043942191165213,0.0105410687920084,127,True,False,False,post-evaluation hypothesis-generating; independent future validation required,0,0
ridge_fixed,True,original_noK,ridge_fixed::H_B_M_A,H_B_M_A,3,0.6701807686552006,ridge_fixed::H_D_B_M_P_C_A,P0,-0.0121002255807317,0.0028350623277981,0.009556150045489,0.0244914379540189,127,True,False,False,post-evaluation hypothesis-generating; independent future validation required,0,0
ridge_fixed,True,original_noK,ridge_fixed::H_B_C_A,H_B_C_A,3,0.6705150579141685,ridge_fixed::H_D_B_M_P_C_A,P0,-0.0117659363217637,0.003169351586766,0.0098904393044569,0.0248257272129868,127,True,False,False,post-evaluation hypothesis-generating; independent future validation required,0,0
ridge_fixed,True,original_noK,ridge_fixed::H_M_C_A,H_M_C_A,3,0.6715730525470757,ridge_fixed::H_D_B_M_P_C_A,P0,-0.0107079416888566,0.0042273462196731,0.0109484339373641,0.0258837218458939,127,True,False,False,post-evaluation hypothesis-generating; independent future validation required,0,0
ridge_fixed,True,original_noK,ridge_fixed::H_D,H_D,4,0.6682722636818231,ridge_fixed::H_D_B_M_P_C_A,P0,-0.0140087305541092,0.0009265573544206,0.0076476450721115,0.0225829329806413,127,True,False,False,post-evaluation hypothesis-generating; independent future validation required,0,0
ridge_fixed,True,original_noK,ridge_fixed::H_B_M_C_A,H_B_M_C_A,4,0.6697576515800546,ridge_fixed::H_D_B_M_P_C_A,P0,-0.0125233426558777,0.0024119452526521,0.0091330329703429,0.0240683208788728,127,True,False,False,post-evaluation hypothesis-generating; independent future validation required,0,0
ridge_fixed,True,original_noK,ridge_fixed::H_D_B,H_D_B,5,0.6638423304551029,ridge_fixed::H_D_B_M_P_C_A,P0,-0.0184386637808293,-0.0035033758722995,0.0032177118453913,0.0181529997539211,127,True,False,False,post-evaluation hypothesis-generating; independent future validation required,0,0
ridge_fixed,True,original_noK,ridge_fixed::H_D_C,H_D_C,5,0.6680511603354788,ridge_fixed::H_D_B_M_P_C_A,P0,-0.0142298339004534,0.0007054540080763,0.0074265417257672,0.022361829634297,127,True,False,False,post-evaluation hypothesis-generating; independent future validation required,0,0
ridge_fixed,True,original_noK,ridge_fixed::H_D_M,H_D_M,5,0.6692139372910054,ridge_fixed::H_D_B_M_P_C_A,P0,-0.0130670569449268,0.001868230963603,0.0085893186812939,0.0235246065898237,127,True,False,False,post-evaluation hypothesis-generating; independent future validation required,0,0
ridge_fixed,True,original_noK,ridge_fixed::H_D_A,H_D_A,5,0.683932365298994,ridge_fixed::H_D_B_M_P_C_A,P0,0.0016513710630617,0.0165866589715915,0.0233077466892824,0.0382430345978123,127,False,False,False,post-evaluation hypothesis-generating; independent future validation required,0,0
ridge_fixed,True,original_noK,ridge_fixed::H_D_B_C,H_D_B_C,6,0.6636390905340731,ridge_fixed::H_D_B_M_P_C_A,P0,-0.0186419037018591,-0.0037066157933293,0.0030144719243615,0.0179497598328914,127,True,False,False,post-evaluation hypothesis-generating; independent future validation required,0,0
ridge_fixed,True,original_noK,ridge_fixed::H_D_B_M,H_D_B_M,6,0.6659944713197946,ridge_fixed::H_D_B_M_P_C_A,P0,-0.0162865229161377,-0.0013512350076078,0.0053698527100829,0.0203051406186128,127,True,False,False,post-evaluation hypothesis-generating; independent future validation required,0,0
ridge_fixed,True,original_noK,ridge_fixed::H_D_M_C,H_D_M_C,6,0.6690420117593091,ridge_fixed::H_D_B_M_P_C_A,P0,-0.0132389824766231,0.0016963054319066,0.0084173931495975,0.0233526810581273,127,True,False,False,post-evaluation hypothesis-generating; independent future validation required,0,0
ridge_fixed,True,original_noK,ridge_fixed::H_D_B_A,H_D_B_A,6,0.679312289506655,ridge_fixed::H_D_B_M_P_C_A,P0,-0.0029687047292773,0.0119665831792525,0.0186876708969433,0.0336229588054732,127,False,False,False,post-evaluation hypothesis-generating; independent future validation required,0,0
ridge_fixed,True,original_noK,ridge_fixed::H_D_C_A,H_D_C_A,6,0.683984577511112,ridge_fixed::H_D_B_M_P_C_A,P0,0.0017035832751795,0.0166388711837093,0.0233599589014003,0.0382952468099301,127,False,False,False,post-evaluation hypothesis-generating; independent future validation required,0,0
ridge_fixed,True,original_noK,ridge_fixed::H_D_M_A,H_D_M_A,6,0.6846312712303366,ridge_fixed::H_D_B_M_P_C_A,P0,0.0023502769944042,0.0172855649029341,0.0240066526206249,0.0389419405291548,127,False,False,False,post-evaluation hypothesis-generating; independent future validation required,0,0
ridge_fixed,True,original_noK,ridge_fixed::H_D_B_M_C,H_D_B_M_C,7,0.6659889708777176,ridge_fixed::H_D_B_M_P_C_A,P0,-0.0162920233582147,-0.0013567354496849,0.0053643522680059,0.0202996401765358,127,True,False,False,post-evaluation hypothesis-generating; independent future validation required,0,0
ridge_fixed,True,original_noK,ridge_fixed::H_D_B_C_A,H_D_B_C_A,7,0.679476092507189,ridge_fixed::H_D_B_M_P_C_A,P0,-0.0028049017287434,0.0121303861797864,0.0188514738974772,0.0337867618060071,127,False,False,False,post-evaluation hypothesis-generating; independent future validation required,0,0
ridge_fixed,True,original_noK,ridge_fixed::H_D_B_M_A,H_D_B_M_A,7,0.6812635301028807,ridge_fixed::H_D_B_M_P_C_A,P0,-0.0010174641330516,0.0139178237754781,0.020638911493169,0.0355741994016988,127,False,False,False,post-evaluation hypothesis-generating; independent future validation required,0,0
ridge_fixed,True,original_noK,ridge_fixed::H_D_M_C_A,H_D_M_C_A,7,0.6846464078599233,ridge_fixed::H_D_B_M_P_C_A,P0,0.0023654136239909,0.0173007015325207,0.0240217892502116,0.0389570771587415,127,False,False,False,post-evaluation hypothesis-generating; independent future validation required,0,0
ridge_fixed,True,original_noK,ridge_fixed::H_D_B_M_C_A,H_D_B_M_C_A,8,0.681401357810119,ridge_fixed::H_D_B_M_P_C_A,P0,-0.0008796364258133,0.0140556514827164,0.0207767392004073,0.0357120271089371,127,False,False,False,post-evaluation hypothesis-generating; independent future validation required,0,0
ridge_fixed,True,original_noK,ridge_fixed::H_P,H_P,11,0.6621651245678533,ridge_fixed::H_D_B_M_P_C_A,P0,-0.020115869668079,-0.0051805817595491,0.0015405059581416,0.0164757938666715,127,True,False,False,post-evaluation hypothesis-generating; independent future validation required,0,0
ridge_fixed,True,original_noK,ridge_fixed::H_B_P,H_B_P,12,0.6598279763958999,ridge_fixed::H_D_B_M_P_C_A,P0,-0.0224530178400325,-0.0075177299315026,-0.0007966422138117,0.014138645694718,127,True,False,False,post-evaluation hypothesis-generating; independent future validation required,0,0
ridge_fixed,True,original_noK,ridge_fixed::H_M_P,H_M_P,12,0.6600336679303875,ridge_fixed::H_D_B_M_P_C_A,P0,-0.0222473263055447,-0.0073120383970149,-0.000590950679324,0.0143443372292057,127,True,False,False,post-evaluation hypothesis-generating; independent future validation required,0,0
ridge_fixed,True,original_noK,ridge_fixed::H_P_C,H_P_C,12,0.6616781456941965,ridge_fixed::H_D_B_M_P_C_A,P0,-0.0206028485417358,-0.005667560633206,0.0010535270844848,0.0159888149930147,127,True,False,False,post-evaluation hypothesis-generating; independent future validation required,0,0
ridge_fixed,True,original_noK,ridge_fixed::H_P_A,H_P_A,12,0.6750709856321985,ridge_fixed::H_D_B_M_P_C_A,P0,-0.0072100086037338,0.0077252793047959,0.0144463670224869,0.0293816549310167,127,True,False,False,post-evaluation hypothesis-generating; independent future validation required,0,0
ridge_fixed,True,original_noK,ridge_fixed::H_B_M_P,H_B_M_P,13,0.6590211712988748,ridge_fixed::H_D_B_M_P_C_A,P0,-0.0232598229370574,-0.0083245350285275,-0.0016034473108366,0.0133318405976931,127,True,False,False,post-evaluation hypothesis-generating; independent future validation required,0,0
ridge_fixed,True,original_noK,ridge_fixed::H_B_P_C,H_B_P_C,13,0.6592588775492048,ridge_fixed::H_D_B_M_P_C_A,P0,-0.0230221166867275,-0.0080868287781977,-0.0013657410605068,0.0135695468480229,127,True,False,False,post-evaluation hypothesis-generating; independent future validation required,0,0
ridge_fixed,True,original_noK,ridge_fixed::H_M_P_C,H_M_P_C,13,0.6594039241702615,ridge_fixed::H_D_B_M_P_C_A,P0,-0.0228770700656707,-0.0079417821571408,-0.00122069443945,0.0137145934690798,127,True,False,False,post-evaluation hypothesis-generating; independent future validation required,0,0
ridge_fixed,True,original_noK,ridge_fixed::H_B_P_A,H_B_P_A,13,0.6724829626187756,ridge_fixed::H_D_B_M_P_C_A,P0,-0.0097980316171567,0.0051372562913731,0.011858344009064,0.0267936319175938,127,True,False,False,post-evaluation hypothesis-generating; independent future validation required,0,0
ridge_fixed,True,original_noK,ridge_fixed::H_M_P_A,H_M_P_A,13,0.6727609997705459,ridge_fixed::H_D_B_M_P_C_A,P0,-0.0095199944653863,0.0054152934431434,0.0121363811608343,0.0270716690693641,127,True,False,False,post-evaluation hypothesis-generating; independent future validation required,0,0
ridge_fixed,True,original_noK,ridge_fixed::H_P_C_A,H_P_C_A,13,0.6746938373935905,ridge_fixed::H_D_B_M_P_C_A,P0,-0.0075871568423418,0.007348131066188,0.0140692187838789,0.0290045066924087,127,True,False,False,post-evaluation hypothesis-generating; independent future validation required,0,0
ridge_fixed,True,original_noK,ridge_fixed::H_B_M_P_C,H_B_M_P_C,14,0.6583944317582967,ridge_fixed::H_D_B_M_P_C_A,P0,-0.0238865624776356,-0.0089512745691057,-0.0022301868514148,0.0127051010571149,127,True,False,False,post-evaluation hypothesis-generating; independent future validation required,0,0
ridge_fixed,True,original_noK,ridge_fixed::H_B_M_P_A,H_B_M_P_A,14,0.6714963847820993,ridge_fixed::H_D_B_M_P_C_A,P0,-0.0107846094538329,0.0041506784546968,0.0108717661723877,0.0258070540809176,127,True,False,False,post-evaluation hypothesis-generating; independent future validation required,0,0
ridge_fixed,True,original_noK,ridge_fixed::H_B_P_C_A,H_B_P_C_A,14,0.6720438834546396,ridge_fixed::H_D_B_M_P_C_A,P0,-0.0102371107812927,0.004698177127237,0.0114192648449279,0.0263545527534578,127,True,False,False,post-evaluation hypothesis-generating; independent future validation required,0,0
ridge_fixed,True,original_noK,ridge_fixed::H_M_P_C_A,H_M_P_C_A,14,0.6722856762631964,ridge_fixed::H_D_B_M_P_C_A,P0,-0.0099953179727359,0.0049399699357939,0.0116610576534848,0.0265963455620146,127,True,False,False,post-evaluation hypothesis-generating; independent future validation required,0,0
ridge_fixed,True,original_noK,ridge_fixed::H_D_P,H_D_P,15,0.6706042100306358,ridge_fixed::H_D_B_M_P_C_A,P0,-0.0116767842052965,0.0032585037032332,0.0099795914209241,0.024914879329454,127,True,False,False,post-evaluation hypothesis-generating; independent future validation required,0,0
ridge_fixed,True,original_noK,ridge_fixed::H_B_M_P_C_A,H_B_M_P_C_A,15,0.6709921690475126,ridge_fixed::H_D_B_M_P_C_A,P0,-0.0112888251884197,0.00364646272011,0.0103675504378009,0.0253028383463307,127,True,False,False,post-evaluation hypothesis-generating; independent future validation required,0,0
ridge_fixed,True,original_noK,ridge_fixed::H_D_B_P,H_D_B_P,16,0.6670974847699516,ridge_fixed::H_D_B_M_P_C_A,P0,-0.0151835094659807,-0.0002482215574509,0.0064728661602399,0.0214081540687698,127,True,False,False,post-evaluation hypothesis-generating; independent future validation required,0,0
ridge_fixed,True,original_noK,ridge_fixed::H_D_P_C,H_D_P_C,16,0.6704459177456633,ridge_fixed::H_D_B_M_P_C_A,P0,-0.011835076490269,0.0031002114182608,0.0098212991359517,0.0247565870444815,127,True,False,False,post-evaluation hypothesis-generating; independent future validation required,0,0
ridge_fixed,True,original_noK,ridge_fixed::H_D_M_P,H_D_M_P,16,0.6707238606189796,ridge_fixed::H_D_B_M_P_C_A,P0,-0.0115571336169527,0.003378154291577,0.0100992420092679,0.0250345299177978,127,True,False,False,post-evaluation hypothesis-generating; independent future validation required,0,0
ridge_fixed,True,original_noK,ridge_fixed::H_D_P_A,H_D_P_A,16,0.6853698207496618,ridge_fixed::H_D_B_M_P_C_A,P0,0.0030888265137293,0.0180241144222591,0.02474520213995,0.0396804900484799,127,False,False,False,post-evaluation hypothesis-generating; independent future validation required,0,0
ridge_fixed,True,original_noK,ridge_fixed::H_D_B_P_C,H_D_B_P_C,17,0.6668790725770694,ridge_fixed::H_D_B_M_P_C_A,P0,-0.0154019216588628,-0.0004666337503329,0.0062544539673579,0.0211897418758877,127,True,False,False,post-evaluation hypothesis-generating; independent future validation required,0,0
ridge_fixed,True,original_noK,ridge_fixed::H_D_B_M_P,H_D_B_M_P,17,0.6683199722866878,ridge_fixed::H_D_B_M_P_C_A,P0,-0.0139610219492444,0.0009742659592853,0.0076953536769762,0.022630641585506,127,True,False,False,post-evaluation hypothesis-generating; independent future validation required,0,0
ridge_fixed,True,original_noK,ridge_fixed::H_D_M_P_C,H_D_M_P_C,17,0.670455539095167,ridge_fixed::H_D_B_M_P_C_A,P0,-0.0118254551407652,0.0031098327677645,0.0098309204854554,0.0247662083939853,127,True,False,False,post-evaluation hypothesis-generating; independent future validation required,0,0
ridge_fixed,True,original_noK,ridge_fixed::H_D_B_P_A,H_D_B_P_A,17,0.6815209115895507,ridge_fixed::H_D_B_M_P_C_A,P0,-0.0007600826463815,0.0141752052621483,0.0208962929798392,0.035831580888369,127,False,False,False,post-evaluation hypothesis-generating; independent future validation required,0,0
ridge_fixed,True,original_noK,ridge_fixed::H_D_M_P_A,H_D_M_P_A,17,0.6854153008673608,ridge_fixed::H_D_B_M_P_C_A,P0,0.0031343066314285,0.0180695945399583,0.0247906822576492,0.0397259701661791,127,False,False,False,post-evaluation hypothesis-generating; independent future validation required,0,0
ridge_fixed,True,original_noK,ridge_fixed::H_D_P_C_A,H_D_P_C_A,17,0.6854357454374514,ridge_fixed::H_D_B_M_P_C_A,P0,0.0031547512015189,0.0180900391100488,0.0248111268277397,0.0397464147362695,127,False,False,False,post-evaluation hypothesis-generating; independent future validation required,0,0
ridge_fixed,True,original_noK,ridge_fixed::H_D_B_M_P_C,H_D_B_M_P_C,18,0.6681167402062508,ridge_fixed::H_D_B_M_P_C_A,P0,-0.0141642540296815,0.0007710338788483,0.0074921215965392,0.022427409505069,127,True,False,False,post-evaluation hypothesis-generating; independent future validation required,0,0
ridge_fixed,True,original_noK,ridge_fixed::H_D_B_P_C_A,H_D_B_P_C_A,18,0.6813656691530267,ridge_fixed::H_D_B_M_P_C_A,P0,-0.0009153250829056,0.0140199628256242,0.0207410505433151,0.0356763384518449,127,False,False,False,post-evaluation hypothesis-generating; independent future validation required,0,0
ridge_fixed,True,original_noK,ridge_fixed::H_D_B_M_P_A,H_D_B_M_P_A,18,0.6822722587129216,ridge_fixed::H_D_B_M_P_C_A,P0,-8.73552301067051e-06,0.0149265523855191,0.02164764010321,0.0365829280117399,127,False,False,False,post-evaluation hypothesis-generating; independent future validation required,0,0
ridge_fixed,True,original_noK,ridge_fixed::H_D_M_P_C_A,H_D_M_P_C_A,18,0.685375151630653,ridge_fixed::H_D_B_M_P_C_A,P0,0.0030941573947208,0.0180294453032506,0.0247505330209415,0.0396858209294714,127,False,False,False,post-evaluation hypothesis-generating; independent future validation required,0,0
ridge_fixed,True,original_noK,ridge_fixed::H_D_B_M_P_C_A,H_D_B_M_P_C_A,19,0.6822809942359324,ridge_fixed::H_D_B_M_P_C_A,P0,0.0,0.0,0.0216563756262207,0.0365916635347506,127,True,False,False,post-evaluation hypothesis-generating; independent future validation required,0,0
