algorithm,subset,config,oof_log_loss,fold_mean,fold_se,fold_losses
ridge,H,0.001,0.6756489885510841,0.6756489885510841,0.0005590704058580725,"[0.6742762090087376, 0.6769013568833854, 0.6765963596195764, 0.6743526719956006, 0.6761183452481208]"
ridge,H,0.01,0.6634508341512928,0.6634508341512927,0.0020973361563779032,"[0.6580172527588969, 0.6678431389252503, 0.667069411364721, 0.6587898781993626, 0.6655344895082329]"
ridge,H,0.1,0.6620975780631592,0.662097578063159,0.0028678388730434385,"[0.6545486674547257, 0.6679650481388343, 0.6670699278502719, 0.6558186886783685, 0.6650855581935955]"
ridge,H,1.0,0.6620829888105124,0.6620829888105124,0.002976771157332998,"[0.6542337737841821, 0.6681555789735202, 0.6672472477893969, 0.6555762101180558, 0.6652021333874065]"
ridge,H,10.0,0.6620837226304023,0.6620837226304023,0.0029881158620137277,"[0.6542030804836917, 0.6681776271708507, 0.6672679694377373, 0.6555533748372067, 0.665216561222525]"
ridge,H_D,0.001,0.6724820323788872,0.6724820323788872,0.0003231747065099445,"[0.6719564105409013, 0.6723238227146948, 0.6737142769924976, 0.671964182696881, 0.6724514689494608]"
ridge,H_D,0.01,0.6519004935562027,0.6519004935562027,0.0018297802865240172,"[0.6502315605799276, 0.6475900181634762, 0.6583328460334578, 0.6502389875348494, 0.6531090554693029]"
ridge,H_D,0.1,0.642922016756915,0.6429220167569151,0.005195585317149101,"[0.6443090362464916, 0.6255864835419381, 0.6574580515205122, 0.6400825725388526, 0.647173939936781]"
ridge,H_D,1.0,0.6396754472363618,0.6396754472363619,0.008298910131936675,"[0.6448644561705156, 0.6103486620807739, 0.6607244763870672, 0.636603532281079, 0.6458361092623739]"
ridge,H_D,10.0,0.6406576227427847,0.6406576227427847,0.009820337984157273,"[0.6455797945958529, 0.6071654963498017, 0.6677656609396763, 0.636545228676134, 0.6462319331524585]"
ridge,H_B,0.001,0.6729522749362165,0.6729522749362165,0.0009512513911060637,"[0.6712347712743785, 0.6762787521529146, 0.6732194442768865, 0.6709533125559876, 0.6730750944209148]"
ridge,H_B,0.01,0.6591452485192818,0.6591452485192819,0.003194307747666591,"[0.652983408668407, 0.6697069380624286, 0.6605719639382704, 0.6520162491801288, 0.6604476827471742]"
ridge,H_B,0.1,0.6578177131925182,0.6578177131925182,0.004190507831820159,"[0.6495738477484536, 0.671367711309492, 0.6599701353960435, 0.6482920830400304, 0.6598847884685717]"
ridge,H_B,1.0,0.6578158495921907,0.6578158495921907,0.004326957009805568,"[0.6492842601854195, 0.671767081090083, 0.6600750496401335, 0.6479581244415391, 0.6599947326037783]"
ridge,H_B,10.0,0.6578179465301748,0.6578179465301746,0.0043411196319362595,"[0.6492564611565825, 0.6718107210610756, 0.660088327001569, 0.6479257071903401, 0.6600085162413061]"
ridge,H_D_B,0.001,0.6699035286091414,0.6699035286091413,0.0005639023011109041,"[0.669011111439756, 0.6718062548593362, 0.670472673928292, 0.6686827120788127, 0.6695448907395092]"
ridge,H_D_B,0.01,0.6485028265707374,0.6485028265707375,0.0015659865470076914,"[0.6456733269624152, 0.6502305154269568, 0.6531302208083603, 0.6444566542635828, 0.6490234153923724]"
ridge,H_D_B,0.1,0.640647216080486,0.6406472160804861,0.003961013098782664,"[0.6398946474747221, 0.6309251077160914, 0.6539332791149943, 0.6348691479465612, 0.6436138981500613]"
ridge,H_D_B,1.0,0.6379948075675399,0.6379948075675399,0.006840878391723173,"[0.6406362850922523, 0.6166426261787114, 0.6583966676136191, 0.6318864644297316, 0.6424119945233852]"
ridge,H_D_B,10.0,0.6389107128250644,0.6389107128250644,0.008370489861898645,"[0.6415090793307971, 0.6133226855710667, 0.664948546495035, 0.6320392484082338, 0.6427340043201893]"
ridge,H_M,0.001,0.6756035925253167,0.6756035925253168,0.0005012791241267383,"[0.6747070434082707, 0.6768454984271091, 0.6763748787571539, 0.6741905323572994, 0.6759000096767506]"
ridge,H_M,0.01,0.6635678703164549,0.6635678703164549,0.0019344405942189008,"[0.6592365180203916, 0.667832533999002, 0.6668295573372649, 0.6586424115592404, 0.6652983306663761]"
ridge,H_M,0.1,0.6622531035243827,0.6622531035243829,0.002693845760054624,"[0.6558296172349481, 0.6679257126878188, 0.666898335942565, 0.6556942427279748, 0.6649176090286077]"
ridge,H_M,1.0,0.6622409595761508,0.6622409595761507,0.0028036145840010756,"[0.6555054039196322, 0.6681110715886972, 0.6670870156299717, 0.6554562674452148, 0.6650450392972375]"
ridge,H_M,10.0,0.6622419039915571,0.6622419039915572,0.0028150817050653022,"[0.65547359895733, 0.6681325793952044, 0.6671089446718401, 0.6554337846505502, 0.6650606122828613]"
ridge,H_D_M,0.001,0.6724392682868716,0.6724392682868717,0.0002830853816195759,"[0.6723505665536913, 0.6722799730042663, 0.67350744555515, 0.671814523575945, 0.6722438327453059]"
ridge,H_D_M,0.01,0.6519954423874597,0.6519954423874597,0.001776664681164209,"[0.6508509127841887, 0.6476941377241371, 0.6582435326429851, 0.650187342682304, 0.6530012861036835]"
ridge,H_D_M,0.1,0.64301320338085,0.6430132033808501,0.005168793225460626,"[0.6443122020607016, 0.6257329279800626, 0.6573710426838001, 0.6401802116294879, 0.6474696325501981]"
ridge,H_D_M,1.0,0.6397760153074639,0.6397760153074639,0.008306886391931051,"[0.6447192942809976, 0.6102626144955452, 0.6605865296123372, 0.6369406538577354, 0.6463709842907039]"
ridge,H_D_M,10.0,0.6407396546418346,0.6407396546418347,0.00980089632350411,"[0.6453629105305525, 0.6070720002834881, 0.66745605885482, 0.6369141679704646, 0.6468931355698477]"
ridge,H_B_M,0.001,0.6729420564476327,0.6729420564476328,0.0009252306506688261,"[0.671660255036089, 0.6762619163441145, 0.6730480583081893, 0.6708339720362388, 0.6729060805135321]"
ridge,H_B_M,0.01,0.6593177714412755,0.6593177714412755,0.0031240433088827757,"[0.6538786333884847, 0.6697717020974089, 0.6605170629587113, 0.6519930094920664, 0.6604284492697065]"
ridge,H_B_M,0.1,0.6580097506542718,0.6580097506542718,0.004129105159058589,"[0.6503320017289728, 0.6714047527569917, 0.6600007600945451, 0.6482843544256415, 0.6600268842652081]"
ridge,H_B_M,1.0,0.6580088257205885,0.6580088257205885,0.004268140723203054,"[0.6500107900487876, 0.6717973474718959, 0.6601197575928764, 0.6479517118378046, 0.6601645216515778]"
ridge,H_B_M,10.0,0.6580110222529204,0.6580110222529204,0.004282597237495939,"[0.6499795706116269, 0.6718403001254157, 0.6601345356138038, 0.6479194259130913, 0.6601812790006646]"
ridge,H_D_B_M,0.001,0.669895014844888,0.6698950148448881,0.000550216921379806,"[0.6693985772148396, 0.6718003449483296, 0.670314632714308, 0.6685744125960827, 0.6693871067508804]"
ridge,H_D_B_M,0.01,0.6486346035810997,0.6486346035810997,0.0015358990916598681,"[0.6461110557223199, 0.6503560782642153, 0.6531440887128054, 0.64447438035232, 0.649087414853838]"
ridge,H_D_B_M,0.1,0.6406532092485842,0.6406532092485842,0.0039782150047556275,"[0.6396953501083332, 0.6307965085810523, 0.6537981807698547, 0.6348540976619416, 0.644121909121739]"
ridge,H_D_B_M,1.0,0.6378915085181807,0.6378915085181807,0.0068846758260063005,"[0.6403759916843528, 0.616079834085146, 0.6579521152530193, 0.6318964557914779, 0.6431531457769072]"
ridge,H_D_B_M,10.0,0.6388841388277984,0.6388841388277984,0.008457265363001872,"[0.6411546387569064, 0.6126873656718589, 0.6648443459730993, 0.6322511298426565, 0.6434832138944708]"
ridge,H_P,0.001,0.6757441522898079,0.6757441522898079,0.0006250473407646019,"[0.6742071865416069, 0.6768348643574935, 0.6772124657516562, 0.6743433135664009, 0.6761229312318817]"
ridge,H_P,0.01,0.6637173294197691,0.6637173294197691,0.002275336764702582,"[0.6577842275188824, 0.6675782300689413, 0.6689563058281203, 0.6588955942988408, 0.6653722893840605]"
ridge,H_P,0.1,0.6624528919931131,0.662452891993113,0.0030703929419420286,"[0.654290124168292, 0.667596397156996, 0.6694861108275115, 0.6560905871005073, 0.6648012407122583]"
ridge,H_P,1.0,0.662450328774536,0.6624503287745359,0.0031824635648987775,"[0.6539681182086319, 0.6677717598984098, 0.6697361364292513, 0.6558764379665387, 0.6648991913698478]"
ridge,H_P,10.0,0.6624525058817945,0.6624525058817945,0.003194015862848487,"[0.6539373739711145, 0.6677922222396933, 0.669764431153526, 0.6558568291899409, 0.6649116728546974]"
ridge,H_D_P,0.001,0.67256973999318,0.67256973999318,0.00045403602511750134,"[0.6718775314545151, 0.6722469462208673, 0.674339416479664, 0.6719443058082621, 0.6724405000025913]"
ridge,H_D_P,0.01,0.6520238361293985,0.6520238361293986,0.002300374460576262,"[0.6497913911304085, 0.647067392498805, 0.6605199395715154, 0.6500962330287791, 0.6526442244174849]"
ridge,H_D_P,0.1,0.6428827235829888,0.6428827235829888,0.0059961731707787085,"[0.6431927982998206, 0.624177217727623, 0.6615485391565328, 0.639535014178971, 0.6459600485519967]"
ridge,H_D_P,1.0,0.6397389504100328,0.6397389504100329,0.009160602987331309,"[0.6436728736045012, 0.6089410329512811, 0.6657317665449173, 0.63579621193756, 0.6445528670119048]"
ridge,H_D_P,10.0,0.6406928384957176,0.6406928384957176,0.010739428552144239,"[0.6442705008113392, 0.6057253918593664, 0.6727361835558772, 0.6356652610043959, 0.6450668552476094]"
ridge,H_B_P,0.001,0.6730063508022907,0.6730063508022908,0.0009638684446576452,"[0.6711168734169539, 0.6761632297252044, 0.673828842202036, 0.6709162919231422, 0.6730065167441174]"
ridge,H_B_P,0.01,0.6591160329466502,0.6591160329466501,0.003208148547908172,"[0.6523189598980302, 0.6689748290420192, 0.6625724439692621, 0.6520321478378482, 0.6596817839860908]"
ridge,H_B_P,0.1,0.6577918321132824,0.6577918321132824,0.004177065743869202,"[0.6486963349942122, 0.6702948121476952, 0.6626947030544476, 0.6485703028032718, 0.6587030075667855]"
ridge,H_B_P,1.0,0.6577977226892603,0.6577977226892602,0.004307708937551774,"[0.6483823171843142, 0.6706444290560849, 0.6629108784133142, 0.648291415208776, 0.6587595735838119]"
ridge,H_B_P,10.0,0.6578007557707171,0.6578007557707171,0.004321239251219536,"[0.6483520977101013, 0.6706829008358476, 0.6629358946908039, 0.6482650122483863, 0.6587678733684459]"
ridge,H_D_B_P,0.001,0.6699473263938689,0.6699473263938687,0.0006076332221540751,"[0.6688819379138484, 0.6716786258713295, 0.6710825779493063, 0.6686338148604719, 0.6694596753743876]"
ridge,H_D_B_P,0.01,0.6482861570355885,0.6482861570355885,0.0020151802150235204,"[0.6447668835962526, 0.6492299341848353, 0.6553868120046806, 0.6441150188671512, 0.6479321365250225]"
ridge,H_D_B_P,0.1,0.6400938426831627,0.6400938426831628,0.005044879627742269,"[0.6379628735738267, 0.6288433959200896, 0.6584362747060947, 0.6337954834900773, 0.6414311857257254]"
ridge,H_D_B_P,1.0,0.6375400411253291,0.637540041125329,0.008023456957847293,"[0.6384631770406081, 0.6144537087531268, 0.6639625621185901, 0.6305903285265907, 0.6402304291877298]"
ridge,H_D_B_P,10.0,0.6384060804088407,0.6384060804088407,0.00957506683757557,"[0.6391709955488601, 0.6112571062250227, 0.6704732658157264, 0.6304884527120083, 0.640640581742586]"
ridge,H_M_P,0.001,0.6756926981498154,0.6756926981498154,0.0005613934797329348,"[0.6746306100235975, 0.6767725882900156, 0.6769854536934304, 0.6741774596546511, 0.6758973790873822]"
ridge,H_M_P,0.01,0.6638022958066256,0.6638022958066255,0.0021032749833007876,"[0.6589660132546624, 0.6675204660118824, 0.668693645173589, 0.6587362955110957, 0.6650950590818981]"
ridge,H_M_P,0.1,0.6625724600188355,0.6625724600188355,0.0028824417926408773,"[0.6555490510504303, 0.6674955694724183, 0.6692722272214834, 0.6559634512095445, 0.6645820011403011]"
ridge,H_M_P,1.0,0.6625732314054603,0.6625732314054602,0.002993628076870155,"[0.6552278076731826, 0.6676634024474573, 0.6695300945356252, 0.655754732416192, 0.6646901199548441]"
ridge,H_M_P,10.0,0.6625743222490311,0.6625743222490311,0.00300597513600813,"[0.6551901359069086, 0.6676830785439657, 0.66955920604086, 0.6557355094788967, 0.6647036812745246]"
ridge,H_D_M_P,0.001,0.6725206752009312,0.6725206752009312,0.0004105464122268928,"[0.6722639543075997, 0.672196035587883, 0.6741268287865405, 0.6717905163273026, 0.6722260409953301]"
ridge,H_D_M_P,0.01,0.6520992184424985,0.6520992184424985,0.0022529833378062258,"[0.6503930552177326, 0.6471335838990724, 0.6604380596111553, 0.6500359873955835, 0.6524954060889488]"
ridge,H_D_M_P,0.1,0.6429854339986559,0.6429854339986559,0.005984449186904017,"[0.6432452400942682, 0.6243370514341731, 0.6615890406007856, 0.6395368358480409, 0.6462190020160121]"
ridge,H_D_M_P,1.0,0.6398515673596114,0.6398515673596114,0.009172914897101158,"[0.6436043447975754, 0.6089720983740229, 0.6657767908270801, 0.6358488550686029, 0.6450557477307758]"
ridge,H_D_M_P,10.0,0.6407866644919165,0.6407866644919165,0.010744561620604538,"[0.6442529005265, 0.6055539637788724, 0.6725555764015937, 0.6359744986776489, 0.645596383074967]"
ridge,H_B_M_P,0.001,0.6729896703786897,0.6729896703786896,0.0009310035156504804,"[0.6715340245356779, 0.6761404684098128, 0.6736508809122455, 0.6707927898811754, 0.672830188154537]"
ridge,H_B_M_P,0.01,0.6592626286299826,0.6592626286299825,0.0031276359830114584,"[0.6531934403220271, 0.6690395093954021, 0.6624664993063714, 0.6519943640900931, 0.6596193300360192]"
ridge,H_B_M_P,0.1,0.657963803376312,0.6579638033763121,0.00410185119959144,"[0.6494481725117989, 0.6703277353384386, 0.6626649875990986, 0.6485669078499529, 0.6588112135822713]"
ridge,H_B_M_P,1.0,0.6579705506024702,0.6579705506024702,0.004234876654879277,"[0.6491060997050749, 0.6706719095534287, 0.6628906043201965, 0.6482896420459289, 0.6588944973877218]"
ridge,H_B_M_P,10.0,0.6579736640459329,0.6579736640459329,0.004248677025737815,"[0.6490728457361811, 0.670709821737915, 0.6629166119310843, 0.6482633855439675, 0.6589056552805171]"
ridge,H_D_B_M_P,0.001,0.6699307648412035,0.6699307648412034,0.0005849129664929286,"[0.6692618660780117, 0.6716662794007103, 0.6709176180543852, 0.6685162285346785, 0.6692918321382315]"
ridge,H_D_B_M_P,0.01,0.6483936208594778,0.6483936208594778,0.00198316990172301,"[0.6451686753553024, 0.6493318459621329, 0.6553845406615985, 0.6441126598819131, 0.6479703824364421]"
ridge,H_D_B_M_P,0.1,0.6401725690886176,0.6401725690886176,0.005036231097414445,"[0.6378972411843785, 0.6288730637995419, 0.6583609948503972, 0.6338065187721792, 0.6419250268365911]"
ridge,H_D_B_M_P,1.0,0.6375985212431627,0.6375985212431627,0.00801887799248839,"[0.6383936659920082, 0.6142449287418899, 0.6636761886897342, 0.6306529517838604, 0.6410248710083211]"
ridge,H_D_B_M_P,10.0,0.638720735326994,0.638720735326994,0.009630284349130495,"[0.639190893720421, 0.6112645171817696, 0.6708177678408418, 0.6308032506399788, 0.6415272472519589]"
ridge,H_C,0.001,0.6755908463721599,0.6755908463721599,0.0005683007166432662,"[0.6741333717513108, 0.6768516372245288, 0.6764454671457906, 0.6743135448508581, 0.6762102108883117]"
ridge,H_C,0.01,0.663443146978185,0.6634431469781849,0.002173651441129985,"[0.6574935146434348, 0.6679021958820814, 0.6665258452343115, 0.6588759142608369, 0.6664182648702598]"
ridge,H_C,0.1,0.6624391851158958,0.6624391851158958,0.003062064294856948,"[0.6537216747912163, 0.668453181559688, 0.666448311675258, 0.6563810014804914, 0.6671917560728255]"
ridge,H_C,1.0,0.6626583578000025,0.6626583578000026,0.0032570978222185424,"[0.6533751731741142, 0.6689003618022414, 0.6673893163277412, 0.6561910160720797, 0.6674359216238362]"
ridge,H_C,10.0,0.6629163932888188,0.6629163932888188,0.0033698921870029125,"[0.65335302119502, 0.6692887842283914, 0.6683933164964939, 0.6561855531874544, 0.6673612913367344]"
ridge,H_D_C,0.001,0.6724418455429128,0.6724418455429129,0.0003124989803696462,"[0.671831373907988, 0.6722920133714426, 0.6735802606053309, 0.6719441525527107, 0.6725614272770919]"
ridge,H_D_C,0.01,0.652029959016182,0.652029959016182,0.0018274079452272407,"[0.6498642610008207, 0.6476445720045819, 0.6580316035753763, 0.6504749457993101, 0.6541344127008208]"
ridge,H_D_C,0.1,0.643684258565303,0.6436842585653029,0.005271593017127144,"[0.6439940732145203, 0.6259156819445599, 0.6576926529560384, 0.6410627236569139, 0.6497561610544819]"
ridge,H_D_C,1.0,0.6411795164486124,0.6411795164486124,0.008514849404577477,"[0.6448909302845208, 0.6110433495209722, 0.6625783987214459, 0.6383283020358632, 0.6490566016802602]"
ridge,H_D_C,10.0,0.642528174015737,0.642528174015737,0.01012752490051344,"[0.6455638656844437, 0.6081514174820423, 0.6705700713413224, 0.6383224977706817, 0.6500330178001952]"
ridge,H_B_C,0.001,0.6728990570803165,0.6728990570803166,0.0009580557215223768,"[0.671099176839093, 0.6762308799658345, 0.6730757892296018, 0.6709209350822956, 0.6731685042847584]"
ridge,H_B_C,0.01,0.6591576223738252,0.6591576223738251,0.003258578299507561,"[0.6524654980060556, 0.669766172189225, 0.6600553501161975, 0.6521328167713416, 0.6613682747863061]"
ridge,H_B_C,0.1,0.6581911682912668,0.6581911682912669,0.0043536933549433825,"[0.6487878658648382, 0.6718776493194264, 0.6593691790331617, 0.6488631857542067, 0.6620579614847015]"
ridge,H_B_C,1.0,0.6584218179386802,0.6584218179386803,0.004543994687257386,"[0.6484724694584588, 0.6725544236343627, 0.660209280823159, 0.6486093830170451, 0.6622635327603754]"
ridge,H_B_C,10.0,0.6586882700634346,0.6586882700634344,0.004650453827035151,"[0.6484544093529181, 0.6731107222320744, 0.6611398574451788, 0.6485954737937352, 0.6621408874932662]"
ridge,H_D_B_C,0.001,0.6698683824468773,0.6698683824468773,0.0005600775989002973,"[0.6688937662893816, 0.6717703893359598, 0.6703451482243951, 0.6686697671254372, 0.6696628412592128]"
ridge,H_D_B_C,0.01,0.6486470131787522,0.6486470131787522,0.0015640041848197206,"[0.6453277881610585, 0.6503108491138293, 0.6528380490923569, 0.6446999134980272, 0.6500584660284894]"
ridge,H_D_B_C,0.1,0.6414085258022352,0.6414085258022351,0.004012518847980983,"[0.6395952825346065, 0.6312646700904012, 0.6541551653304892, 0.6358643874182746, 0.6461631236374039]"
ridge,H_D_B_C,1.0,0.6393410724180268,0.6393410724180268,0.00703523092802638,"[0.6404791067109094, 0.617154488388731, 0.6599772013709702, 0.6336136925113602, 0.6454808731081635]"
ridge,H_D_B_C,10.0,0.6410215944591118,0.6410215944591118,0.008801303378442841,"[0.6414285817461159, 0.6144686523439716, 0.668770374909481, 0.6341888008734302, 0.6462515624225602]"
ridge,H_M_C,0.001,0.6755481602484981,0.675548160248498,0.0005059397976434056,"[0.6745666392711362, 0.6767973071220963, 0.6762269993175813, 0.6741564970964448, 0.6759933584352315]"
ridge,H_M_C,0.01,0.6635524488430093,0.6635524488430093,0.0019959581854190715,"[0.6586737257570403, 0.6678723149303584, 0.6662812664219351, 0.6587652401862144, 0.6661696969194985]"
ridge,H_M_C,0.1,0.6625805616898517,0.6625805616898518,0.00286589265851006,"[0.6549577726068648, 0.6683892665774083, 0.6662534238003924, 0.6563032102709608, 0.6669991351936324]"
ridge,H_M_C,1.0,0.6628216086418157,0.6628216086418156,0.0030535026138061526,"[0.6546480611490234, 0.668826752975607, 0.6672308270238562, 0.656148854949971, 0.6672535471106206]"
ridge,H_M_C,10.0,0.663062558282491,0.6630625582824913,0.0031586625778038417,"[0.6546317530588466, 0.6692018001498206, 0.6681767633169722, 0.6561450830672855, 0.6671573918195314]"
ridge,H_D_M_C,0.001,0.6723982503364289,0.6723982503364289,0.000261618641515065,"[0.6722265423430637, 0.6722398730696874, 0.6733735059352136, 0.6717972110306133, 0.6723541193035666]"
ridge,H_D_M_C,0.01,0.6521206794236198,0.6521206794236198,0.0017608345298845275,"[0.6504800541985711, 0.6477433203010218, 0.6579290855030411, 0.6504368520383664, 0.6540140850770992]"
ridge,H_D_M_C,0.1,0.6437231904302149,0.643723190430215,0.005274281549186918,"[0.6439872783136362, 0.6259309699381462, 0.6576346552492088, 0.6410784878108837, 0.6499845608391996]"
ridge,H_D_M_C,1.0,0.641085194221472,0.641085194221472,0.008549900081410409,"[0.644639315974892, 0.6107744668898866, 0.662205297755526, 0.6380425577553405, 0.6497643327317154]"
ridge,H_D_M_C,10.0,0.6427222440256601,0.6427222440256601,0.01024396165017159,"[0.645484643147499, 0.607771018908377, 0.6708294950445977, 0.6387960878779134, 0.6507299751499134]"
ridge,H_B_M_C,0.001,0.6728913349088828,0.6728913349088828,0.0009301134813610195,"[0.6715249959378894, 0.6762176158902051, 0.672904616800299, 0.6708037661645847, 0.6730056797514357]"
ridge,H_B_M_C,0.01,0.6593263259398194,0.6593263259398194,0.003183743870234286,"[0.6533567202564339, 0.6698347433021804, 0.6599839365797239, 0.6521060146658959, 0.6613502148948628]"
ridge,H_B_M_C,0.1,0.6583859138538867,0.6583859138538866,0.004283082979894178,"[0.6495436296278855, 0.6718982550530935, 0.6593843213439755, 0.648878448558951, 0.6622249146855277]"
ridge,H_B_M_C,1.0,0.6586198252055426,0.6586198252055426,0.004472111468328521,"[0.6491956726967156, 0.6725698590863329, 0.6602008734743706, 0.6486587372240614, 0.6624739835462324]"
ridge,H_B_M_C,10.0,0.6588927876110499,0.65889278761105,0.004576591992831139,"[0.6491881366888368, 0.6731303605282211, 0.6611479741945441, 0.6486470883470625, 0.6623503782965853]"
ridge,H_D_B_M_C,0.001,0.669857934032132,0.669857934032132,0.00054225853329229,"[0.6692725468077173, 0.6717634666868334, 0.6701861373137628, 0.6685642336887073, 0.6695032856636394]"
ridge,H_D_B_M_C,0.01,0.6487700620672182,0.6487700620672182,0.0015272768546727529,"[0.6457457119366277, 0.6504204969809717, 0.6528289975680189, 0.6447163493934128, 0.6501387544570603]"
ridge,H_D_B_M_C,0.1,0.6413817901804587,0.6413817901804587,0.0040428982304119,"[0.6393580037488181, 0.6311264361425881, 0.6539695322007535, 0.6357899505574667, 0.6466650282526673]"
ridge,H_D_B_M_C,1.0,0.6392791779703766,0.6392791779703767,0.0070723950334699685,"[0.6401324730978163, 0.616729418848657, 0.6595195435628777, 0.6336659666273763, 0.6463484877151561]"
ridge,H_D_B_M_C,10.0,0.6409054373289325,0.6409054373289325,0.00883048010038691,"[0.6412369135073649, 0.6139528932994788, 0.6681513120316569, 0.6338675157136567, 0.647318552092505]"
ridge,H_P_C,0.001,0.6756880289352211,0.6756880289352211,0.0006290406546598722,"[0.6740673879019157, 0.6767857132703211, 0.6770623865171367, 0.6743054705753392, 0.6762191864113927]"
ridge,H_P_C,0.01,0.6637175989736485,0.6637175989736483,0.0023234832363232946,"[0.6572586485982239, 0.6676499327512085, 0.6684103006552506, 0.6589998083846886, 0.6662693044788706]"
ridge,H_P_C,0.1,0.6627999109852467,0.6627999109852467,0.003221475409410987,"[0.6534671181747606, 0.6681194701052616, 0.6688683604589026, 0.6566137514353905, 0.6669308547519186]"
ridge,H_P_C,1.0,0.6630569916665171,0.6630569916665171,0.0034420702151108915,"[0.6531314570937778, 0.6685493048530732, 0.6699710183154404, 0.6564596195213561, 0.6671735585489379]"
ridge,H_P_C,10.0,0.6633249377017076,0.6633249377017076,0.003582374127250452,"[0.6531103927100742, 0.6689270456452526, 0.671049632141348, 0.6564568617295937, 0.6670807562822697]"
ridge,H_D_P_C,0.001,0.6725295718614903,0.6725295718614903,0.000440090208706448,"[0.6717526058481428, 0.6722158037182996, 0.6742041528846424, 0.6719239598744564, 0.6725513369819102]"
ridge,H_D_P_C,0.01,0.652167282391525,0.652167282391525,0.002271769231349343,"[0.6494457657038696, 0.6471365108406619, 0.6602247588173205, 0.650351273577368, 0.653678103018405]"
ridge,H_D_P_C,0.1,0.6436496269446353,0.6436496269446353,0.006021400371898256,"[0.642961291136456, 0.6245706172962485, 0.6617327994790869, 0.6404765244126727, 0.6485069023987122]"
ridge,H_D_P_C,1.0,0.6411656135944186,0.6411656135944186,0.009402983834943044,"[0.6436599045308122, 0.6095669004972359, 0.6677338714050549, 0.637211935748552, 0.6476554557904378]"
ridge,H_D_P_C,10.0,0.6428534310411621,0.6428534310411621,0.01119287646796428,"[0.6444346036404941, 0.6068310298749411, 0.6766697837650313, 0.6376091058078127, 0.6487226321175311]"
ridge,H_B_P_C,0.001,0.6729558992364794,0.6729558992364794,0.0009680582025413133,"[0.6709822198969652, 0.6761188140358253, 0.6736862050524549, 0.670885356892195, 0.6731069003049563]"
ridge,H_B_P_C,0.01,0.6591354858667215,0.6591354858667217,0.0032514443170465965,"[0.651830670002598, 0.6690562374257975, 0.6620465277778689, 0.6521347661935271, 0.6606092279338165]"
ridge,H_B_P_C,0.1,0.6581750886830957,0.6581750886830957,0.004298025843442504,"[0.647945820877388, 0.6708032502709925, 0.6621062411772013, 0.6490997594942797, 0.6609203715956171]"
ridge,H_B_P_C,1.0,0.6584036925455705,0.6584036925455706,0.004527832990541705,"[0.6476221439167441, 0.6714282210908478, 0.6631951200487751, 0.6487040105401501, 0.6610689671313356]"
ridge,H_B_P_C,10.0,0.658657202822351,0.658657202822351,0.0046754869207808305,"[0.6475880247629533, 0.6719436731434477, 0.6642540315876401, 0.6485739045185982, 0.6609263800991158]"
ridge,H_D_B_P_C,0.001,0.6699136007843459,0.6699136007843459,0.0005993991474634164,"[0.6687658749021209, 0.6716442832443787, 0.6709572032488765, 0.6686201665910542, 0.6695804759352993]"
ridge,H_D_B_P_C,0.01,0.648425318886052,0.648425318886052,0.001975949357739214,"[0.6444072784766104, 0.6492983483374604, 0.6550763219231028, 0.6443486558626424, 0.6489959898304447]"
ridge,H_D_B_P_C,0.1,0.6408678486796017,0.6408678486796017,0.005057218745512389,"[0.6376226827394058, 0.6292043063401156, 0.6586794450464627, 0.6347541325420903, 0.6440786767299344]"
ridge,H_D_B_P_C,1.0,0.6389895302013353,0.6389895302013354,0.00825072721962402,"[0.638333760196867, 0.6150992401995213, 0.6658788337393643, 0.632137505170791, 0.6434983117001327]"
ridge,H_D_B_P_C,10.0,0.6407174229462942,0.6407174229462942,0.010150365462435675,"[0.639167069596371, 0.6126773183875508, 0.6751461937524432, 0.6321785268717214, 0.6444180061233846]"
ridge,H_M_P_C,0.001,0.6756377850006298,0.6756377850006298,0.000561043793648483,"[0.6744908175332001, 0.6767244161474952, 0.6768387526017866, 0.6741438195054135, 0.6759911192152539]"
ridge,H_M_P_C,0.01,0.6637951704842366,0.6637951704842365,0.0021344624875249373,"[0.6584263088204875, 0.6675771319481626, 0.6681286725371811, 0.6588553906763934, 0.6659883484389583]"
ridge,H_M_P_C,0.1,0.662913843288672,0.662913843288672,0.003007285798277692,"[0.6546852634619738, 0.6679901377784642, 0.6686359820166978, 0.6565617615288616, 0.6666960716573622]"
ridge,H_M_P_C,1.0,0.6631818920619297,0.6631818920619297,0.0032200346015397443,"[0.6543719876133987, 0.668406377147365, 0.6697479812849264, 0.6564519449416131, 0.6669311693223454]"
ridge,H_M_P_C,10.0,0.6634586699481582,0.6634586699481582,0.003362493501370848,"[0.6543663367604748, 0.6687997422372763, 0.6708381363335911, 0.6564536514242195, 0.666835482985229]"
ridge,H_D_M_P_C,0.001,0.6724796227871944,0.6724796227871943,0.0003888614620844193,"[0.6721401030850854, 0.6721568313957482, 0.6739912756272993, 0.6717729839962735, 0.6723369198315653]"
ridge,H_D_M_P_C,0.01,0.6522274689968506,0.6522274689968507,0.002212804434189266,"[0.6500218222673325, 0.6471862077998094, 0.6601151345629804, 0.6502899439147127, 0.653524236439418]"
ridge,H_D_M_P_C,0.1,0.6437236681997281,0.6437236681997283,0.00603838219858411,"[0.6429458218084997, 0.6246367785950884, 0.6618488376136759, 0.6404526798533772, 0.6487342231279998]"
ridge,H_D_M_P_C,1.0,0.641371068926308,0.641371068926308,0.009379324833725819,"[0.6435292343280901, 0.609683645518062, 0.6675734119264058, 0.6376221680640721, 0.6484468847949101]"
ridge,H_D_M_P_C,10.0,0.6429859524956396,0.6429859524956395,0.011236909711476993,"[0.6443471719932548, 0.6067284733286854, 0.6766675161861029, 0.6375220729560012, 0.649664528014154]"
ridge,H_B_M_P_C,0.001,0.6729405663472059,0.6729405663472059,0.0009324180392535533,"[0.6714008954449047, 0.6760964989706969, 0.6735085788392028, 0.6707645921502617, 0.672932266330963]"
ridge,H_B_M_P_C,0.01,0.6592818667469782,0.6592818667469782,0.003164114252873492,"[0.6526771769857911, 0.6691031000059274, 0.6619543140367921, 0.6521141172895794, 0.6605606254168015]"
ridge,H_B_M_P_C,0.1,0.6583572548093996,0.6583572548093997,0.004211901527603615,"[0.6486802744371037, 0.670825694228102, 0.6620799534934521, 0.6491579226703671, 0.6610424292179734]"
ridge,H_B_M_P_C,1.0,0.6585867202309182,0.6585867202309181,0.004435953751618947,"[0.6483377640441512, 0.6714249847067874, 0.6631452954064793, 0.6487932588460745, 0.6612322981510985]"
ridge,H_B_M_P_C,10.0,0.6588444501307472,0.6588444501307472,0.004587062828944049,"[0.6483057391945386, 0.6719478543337352, 0.6642254643830592, 0.6486451676332852, 0.6610980251091179]"
ridge,H_D_B_M_P_C,0.001,0.6698963423270211,0.669896342327021,0.0005720665048795134,"[0.6691361121182544, 0.6716306601337612, 0.6707922541797455, 0.6685095204716549, 0.6694131647316892]"
ridge,H_D_B_M_P_C,0.01,0.64853471653176,0.6485347165317601,0.0019330250906432133,"[0.6448048889733428, 0.6494137485172959, 0.6550483673614392, 0.6443675333803136, 0.6490390444264084]"
ridge,H_D_B_M_P_C,0.1,0.6409527145860099,0.6409527145860099,0.005062879415737444,"[0.6375802891260525, 0.6292477089828348, 0.6586160533619267, 0.6347131682736789, 0.6446063531855565]"
ridge,H_D_B_M_P_C,1.0,0.6391421838930499,0.6391421838930499,0.008240418074365086,"[0.6382305498393781, 0.6152519474735962, 0.6657445338116136, 0.6320286743518364, 0.644455213988825]"
ridge,H_D_B_M_P_C,10.0,0.6408838941529903,0.6408838941529903,0.01010919696185634,"[0.6392831288571169, 0.6124432278815916, 0.6746876260550245, 0.6325718196986394, 0.6454336682725791]"
ridge,H_A,0.001,0.6740299176337721,0.674029917633772,0.0006384039682186273,"[0.6723005138001087, 0.6750741294889333, 0.6739346506221902, 0.6730496832304752, 0.6757906110271528]"
ridge,H_A,0.01,0.6609995666583948,0.6609995666583948,0.002598977232910866,"[0.6540940013328691, 0.6639850559012774, 0.6614483888865765, 0.6567240609300545, 0.6687463262411965]"
ridge,H_A,0.1,0.6598425482035736,0.6598425482035737,0.0036903753756648994,"[0.650193381463749, 0.6634419988311372, 0.6607981758831546, 0.6536595622959361, 0.6711196225438911]"
ridge,H_A,1.0,0.6598701043002987,0.6598701043002988,0.0038518445226939434,"[0.6498250020421904, 0.6635386661150632, 0.660900535448033, 0.6534047928817593, 0.6716815250144478]"
ridge,H_A,10.0,0.6598753960945343,0.6598753960945345,0.0038687889549565094,"[0.6497888994006435, 0.6635509017780132, 0.6609136246312403, 0.6533804758119718, 0.6717430788508032]"
ridge,H_D_A,0.001,0.6709677804774211,0.6709677804774209,0.00036823797069141743,"[0.6700803516358564, 0.670604655412901, 0.6711736038975487, 0.6707140980010423, 0.6722661934397565]"
ridge,H_D_A,0.01,0.6500718624865952,0.6500718624865953,0.0023548439909068866,"[0.6469900837999358, 0.6443739612926996, 0.6535364419764684, 0.6481026476447804, 0.6573561777190922]"
ridge,H_D_A,0.1,0.641254452273741,0.6412544522737411,0.005961216209229159,"[0.6412553792304089, 0.6213237007596691, 0.6519606394113032, 0.6370252605652275, 0.6547072814020969]"
ridge,H_D_A,1.0,0.6380071651246797,0.6380071651246797,0.009082526364709341,"[0.6422111606960303, 0.6054593216193738, 0.6548911164691302, 0.6331996189406638, 0.6542746078982002]"
ridge,H_D_A,10.0,0.6390725075587965,0.6390725075587964,0.010501789228303743,"[0.6430712759078155, 0.6020209389119624, 0.6620344288187551, 0.633191376147481, 0.6550445180079684]"
ridge,H_B_A,0.001,0.6713891444704005,0.6713891444704005,0.0009807057578083496,"[0.6693186242655079, 0.6744922130644044, 0.6706287740160973, 0.6697193698428737, 0.672786741163119]"
ridge,H_B_A,0.01,0.6568506641220597,0.6568506641220597,0.0033945698497952963,"[0.6492627185889365, 0.6659509774337489, 0.6552242008093649, 0.6502964496149726, 0.6635189741632755]"
ridge,H_B_A,0.1,0.6557119973590803,0.6557119973590803,0.004548877440040126,"[0.645452203035608, 0.6669793865363668, 0.6539853146398606, 0.6466272757309836, 0.6655158068525819]"
ridge,H_B_A,1.0,0.6557486167773819,0.6557486167773818,0.004712660610323673,"[0.6451124561119574, 0.6672895274108325, 0.6540159819442396, 0.6463005576769867, 0.6660245607428934]"
ridge,H_B_A,10.0,0.65575487765597,0.6557548776559698,0.004729759900193905,"[0.6450794804667083, 0.6673238635148849, 0.6540216845890156, 0.6462688580982475, 0.6660805016109929]"
ridge,H_D_B_A,0.001,0.6684404046707827,0.6684404046707828,0.0005652297555441484,"[0.6671890666001075, 0.6701242226693238, 0.6680015090389296, 0.6674959961564579, 0.6693912288890949]"
ridge,H_D_B_A,0.01,0.6467661553304682,0.6467661553304682,0.001966661220747089,"[0.6425888324312633, 0.6470792464722308, 0.6485270074846935, 0.642597961450907, 0.6530377288132463]"
ridge,H_D_B_A,0.1,0.6390158528598825,0.6390158528598826,0.00463478704275531,"[0.6369743177013435, 0.6266389666179536, 0.648615445801538, 0.6322462938002594, 0.6506042403783185]"
ridge,H_D_B_A,1.0,0.6362755316368176,0.6362755316368175,0.007530720375176348,"[0.638035844787425, 0.6116503534396295, 0.6527626033590344, 0.6286807548540925, 0.6502481017439065]"
ridge,H_D_B_A,10.0,0.6373433751739227,0.6373433751739228,0.008988243593437962,"[0.6390032644351065, 0.6080330168807486, 0.659617333457954, 0.6290013206992237, 0.6510619403965808]"
ridge,H_M_A,0.001,0.6739770894328164,0.6739770894328164,0.0005678483340636062,"[0.6727187350528173, 0.6750158247385974, 0.6737043205618479, 0.6728833240725223, 0.6755632427382975]"
ridge,H_M_A,0.01,0.6610876195446497,0.6610876195446496,0.0024197443196025837,"[0.6552657930034601, 0.6639833540815873, 0.6611664204621753, 0.6565629642461757, 0.6684595659298491]"
ridge,H_M_A,0.1,0.6599667537001243,0.6599667537001243,0.0035050981588030544,"[0.6514338103762962, 0.6634111839869732, 0.6605630233594824, 0.6535355089249751, 0.6708902418528946]"
ridge,H_M_A,1.0,0.6599967271186976,0.6599967271186975,0.003667615730448578,"[0.6510629183851001, 0.6635019338529083, 0.6606745915184954, 0.6532840698354518, 0.6714601220015319]"
ridge,H_M_A,10.0,0.6600022318452898,0.6600022318452897,0.003684694074892983,"[0.6510263857290578, 0.6635135286851448, 0.660688660858487, 0.6532600820872669, 0.671522501866492]"
ridge,H_D_M_A,0.001,0.6709177378972305,0.6709177378972306,0.00029616337071099207,"[0.6704593363050734, 0.6705583827898998, 0.6709587264278001, 0.6705605945588544, 0.6720516494045257]"
ridge,H_D_M_A,0.01,0.6501667588376945,0.6501667588376945,0.002274869475924919,"[0.64761228351189, 0.6445023458652434, 0.6534579394551506, 0.6480525845661855, 0.6572086407900033]"
ridge,H_D_M_A,0.1,0.6413174002261905,0.6413174002261905,0.005958164755811575,"[0.6412581916551926, 0.621439266525894, 0.6519656450158458, 0.6370647006009693, 0.6548591973330513]"
ridge,H_D_M_A,1.0,0.6380852067170125,0.6380852067170125,0.009088624756367018,"[0.6420376764200358, 0.6055120478732763, 0.6547557604359705, 0.6334273285559184, 0.6546932202998615]"
ridge,H_D_M_A,10.0,0.6390595001100915,0.6390595001100914,0.010476857100458025,"[0.6428939385118819, 0.6019551925271219, 0.6614220081913478, 0.6334612327721619, 0.6555651285479437]"
ridge,H_B_M_A,0.001,0.6713724913211002,0.6713724913211003,0.000944673737267404,"[0.6697327966719935, 0.6744747435273241, 0.6704504251996248, 0.6695957047515347, 0.6726087864550243]"
ridge,H_B_M_A,0.01,0.657007381965908,0.6570073819659079,0.0033143868406286447,"[0.6501214510935693, 0.6660414878529708, 0.6551391806441986, 0.6502665345460914, 0.6634682556927094]"
ridge,H_B_M_A,0.1,0.6558940017566006,0.6558940017566006,0.004480304718993435,"[0.6462029882261102, 0.6670333861083899, 0.6540133065328474, 0.6466277983828108, 0.6655925295328448]"
ridge,H_B_M_A,1.0,0.655931717382437,0.6559317173824372,0.00464831904670958,"[0.6458346083199874, 0.6673360459617433, 0.6540610920766007, 0.6463020852165048, 0.6661247553373494]"
ridge,H_B_M_A,10.0,0.6559380831684598,0.6559380831684598,0.004665889448821212,"[0.6457985281891859, 0.6673695962637612, 0.6540686126717385, 0.6462704660247653, 0.666183212692848]"
ridge,H_D_B_M_A,0.001,0.6684259405204199,0.6684259405204198,0.0005324029720260243,"[0.6675659051510157, 0.670116185283516, 0.6678361291368184, 0.66738495456206, 0.6692265284686895]"
ridge,H_D_B_M_A,0.01,0.6468899690462864,0.6468899690462864,0.0019236928543287445,"[0.6430227194832944, 0.6472246765998999, 0.648528842354544, 0.6426183103513559, 0.6530552964423382]"
ridge,H_D_B_M_A,0.1,0.6390253048898262,0.6390253048898261,0.004680784630990396,"[0.6368546994787014, 0.6266219933405368, 0.64854232025326, 0.6321654245883239, 0.6509420867883089]"
ridge,H_D_B_M_A,1.0,0.6362310759849575,0.6362310759849577,0.007586271282893614,"[0.6377738311056234, 0.6113156501237503, 0.652384753445005, 0.6288662053798842, 0.6508149398705249]"
ridge,H_D_B_M_A,10.0,0.6373493717881921,0.6373493717881921,0.009036939549827904,"[0.638653844382062, 0.6078383692327443, 0.6594111970636126, 0.6291274385043301, 0.6517160097582116]"
ridge,H_P_A,0.001,0.6741326269973625,0.6741326269973625,0.0006524403535964948,"[0.6722414055334479, 0.6750177688498907, 0.6745484837760958, 0.6730481995017982, 0.6758072773255802]"
ridge,H_P_A,0.01,0.6613216847998021,0.6613216847998021,0.002639549484582736,"[0.6539186564034349, 0.6638251995597839, 0.6632859439445913, 0.6568687613707369, 0.6687098627204635]"
ridge,H_P_A,0.1,0.6602667508879307,0.6602667508879307,0.003727982675429871,"[0.6499923634427944, 0.6632474624107255, 0.6630955309856444, 0.6539686720343408, 0.6710297255661483]"
ridge,H_P_A,1.0,0.6603054004065149,0.6603054004065149,0.0038851149923382687,"[0.6496213280000378, 0.6633401546924086, 0.6632617808575908, 0.6537420090865076, 0.6715617293960294]"
ridge,H_P_A,10.0,0.660312295983358,0.6603122959833582,0.0039019035379982588,"[0.6495849738961266, 0.663351988071711, 0.6632815040221376, 0.6537206995147098, 0.671622314412106]"
ridge,H_D_P_A,0.001,0.6710635271803022,0.6710635271803022,0.00041839383175911924,"[0.670011338919473, 0.6705388657324263, 0.6717979637576358, 0.6707022789006812, 0.6722671885912949]"
ridge,H_D_P_A,0.01,0.6502756297583987,0.6502756297583987,0.0025790303809643984,"[0.6466268534332479, 0.6439843605096338, 0.6556946888831076, 0.6480334318069793, 0.6570388141590248]"
ridge,H_D_P_A,0.1,0.6413535855572116,0.6413535855572114,0.006478115155910118,"[0.6403082085266381, 0.6201392063305777, 0.6559819071142348, 0.6366525655334639, 0.653686040281143]"
ridge,H_D_P_A,1.0,0.6380894913486092,0.6380894913486092,0.009761296454816057,"[0.6410427848500364, 0.6039408465893458, 0.6598467438476796, 0.6324913367032154, 0.6531257447527687]"
ridge,H_D_P_A,10.0,0.6391543410343278,0.6391543410343277,0.01115114190888714,"[0.6418572302186456, 0.6009346204678254, 0.6665900420525646, 0.6323889670396978, 0.6540008453929054]"
ridge,H_B_P_A,0.001,0.6714541859177824,0.6714541859177825,0.0009600632577110987,"[0.6692143731590723, 0.6743915457875027, 0.6712389845331106, 0.669692002758463, 0.6727340233507634]"
ridge,H_B_P_A,0.01,0.6569238920841295,0.6569238920841297,0.0032979138551272225,"[0.6487027477622802, 0.6653601040012002, 0.6572212009032125, 0.6504007998120692, 0.662934607941886]"
ridge,H_B_P_A,0.1,0.6558327693862638,0.6558327693862637,0.004388945036827461,"[0.6447115731605934, 0.6661262125726295, 0.6566792237273757, 0.6470227331716067, 0.6646241042991133]"
ridge,H_B_P_A,1.0,0.6558812437386474,0.6558812437386474,0.004542320529840053,"[0.6443488001694216, 0.6663983170734384, 0.6568152416251918, 0.6467520943925897, 0.6650917654325953]"
ridge,H_B_P_A,10.0,0.6558888331828235,0.6558888331828234,0.0045583094291321395,"[0.6443135024416373, 0.6664287031952382, 0.6568320294132629, 0.6467264726158467, 0.6651434582481325]"
ridge,H_D_B_P_A,0.001,0.6684970371180939,0.668497037118094,0.0005518473773348869,"[0.6670733005393774, 0.6700099696981692, 0.6686202404857479, 0.6674589082774232, 0.6693227665897525]"
ridge,H_D_B_P_A,0.01,0.6466664743772307,0.6466664743772307,0.00211761328026186,"[0.6417884546727534, 0.6462132551103908, 0.6508266249516186, 0.6423687481891902, 0.6521352889622002]"
ridge,H_D_B_P_A,0.1,0.6386550608474171,0.6386550608474171,0.005323217171904101,"[0.6351827676170928, 0.6248297479893214, 0.6531320646799937, 0.6314058242633057, 0.6487248996873716]"
ridge,H_D_B_P_A,1.0,0.636039150799616,0.636039150799616,0.008408262073427918,"[0.6360306056497659, 0.609680811396671, 0.6584076350848602, 0.62777013294682, 0.6483065689199631]"
ridge,H_D_B_P_A,10.0,0.6372051072821691,0.6372051072821691,0.009920847011125722,"[0.6369523935584388, 0.6065483773178341, 0.6653879451907388, 0.6278311942871585, 0.6493056260566754]"
ridge,H_M_P_A,0.001,0.6740739787569874,0.6740739787569876,0.000571286568045009,"[0.6726531099976828, 0.674953618456139, 0.6743121623780866, 0.6728778956145032, 0.6755731073385263]"
ridge,H_M_P_A,0.01,0.6613702293130757,0.6613702293130757,0.0024411071939091345,"[0.6550383697494528, 0.663767501000547, 0.6629540843810556, 0.6567116793515442, 0.6683795120827786]"
ridge,H_M_P_A,0.1,0.6603533563864001,0.6603533563864,0.003518909096777369,"[0.6511989289682942, 0.6631518800562297, 0.6628279606258447, 0.6538570861025799, 0.6707309261790521]"
ridge,H_M_P_A,1.0,0.6603981098944536,0.6603981098944537,0.00367996530121907,"[0.6508263469716542, 0.6632363243641103, 0.6630008671082448, 0.6536356314129661, 0.6712913796152931]"
ridge,H_M_P_A,10.0,0.6604051795440785,0.6604051795440784,0.0036968818592197144,"[0.6507896747574141, 0.6632472803510824, 0.6630212861528757, 0.6536148467260472, 0.671352809732973]"
ridge,H_D_M_P_A,0.001,0.6710073857411846,0.6710073857411846,0.00033748052958635543,"[0.6703831494858293, 0.6704857329040869, 0.6715773497435265, 0.6705452263783573, 0.6720454701941224]"
ridge,H_D_M_P_A,0.01,0.6503427509259287,0.6503427509259287,0.0024990046403638214,"[0.6472168946446801, 0.6440598352765871, 0.6555991859624196, 0.647980258698319, 0.6568575800476378]"
ridge,H_D_M_P_A,0.1,0.6414668288960774,0.6414668288960774,0.006472706009275007,"[0.6403802838739381, 0.6203443847841414, 0.6561246462682865, 0.6366628306175812, 0.65382199893644]"
ridge,H_D_M_P_A,1.0,0.6383114360628088,0.6383114360628087,0.009708018926724673,"[0.6410063193041107, 0.6044033220969618, 0.6597814090647517, 0.632707742375398, 0.6536583874728213]"
ridge,H_D_M_P_A,10.0,0.6393864915090054,0.6393864915090054,0.011216326907210715,"[0.6419422989576552, 0.6009217907273398, 0.6668357595047293, 0.6326433947201285, 0.6545892136351743]"
ridge,H_B_M_P_A,0.001,0.6714310923509603,0.6714310923509603,0.000915913125076509,"[0.669619453165854, 0.6743671920010302, 0.67105453988305, 0.6695648675300833, 0.6725494091747845]"
ridge,H_B_M_P_A,0.01,0.6570604841054536,0.6570604841054536,0.0031988166658553207,"[0.6495461418346652, 0.6654308036669924, 0.6570990634416485, 0.650379452197009, 0.6628469593869529]"
ridge,H_B_M_P_A,0.1,0.65599403683093,0.6559940368309303,0.004305849063320021,"[0.6454433753162566, 0.6661725805094327, 0.6566426980934209, 0.6470401961133695, 0.664671334122171]"
ridge,H_B_M_P_A,1.0,0.6560436237591001,0.6560436237591001,0.004463738013041663,"[0.645054047679882, 0.6664387160119954, 0.6567905982452626, 0.6467722487930443, 0.665162508065316]"
ridge,H_B_M_P_A,10.0,0.6560513148667549,0.6560513148667549,0.004480228541143262,"[0.6450158725925517, 0.6664684716457487, 0.6568086374747083, 0.6467468731683041, 0.6652167194524619]"
ridge,H_D_B_M_P_A,0.001,0.6684764145887702,0.6684764145887702,0.0005057206140472884,"[0.6674428236091752, 0.6699957130758604, 0.6684490591546508, 0.6673437185046807, 0.6691507585994836]"
ridge,H_D_B_M_P_A,0.01,0.6467781898445049,0.6467781898445049,0.002063938381962951,"[0.6421894669985015, 0.6463603290138058, 0.6507979825738649, 0.6424074185814349, 0.6521357520549171]"
ridge,H_D_B_M_P_A,0.1,0.6387609587749586,0.6387609587749586,0.005359976145985302,"[0.6351882323693646, 0.6249446405509542, 0.653170378789377, 0.6313383809458112, 0.6491631612192861]"
ridge,H_D_B_M_P_A,1.0,0.6362297780478974,0.6362297780478974,0.008393787828263511,"[0.6359250810210246, 0.6098965332772824, 0.6582587706145265, 0.6280537197168616, 0.6490147856097914]"
ridge,H_D_B_M_P_A,10.0,0.6372708068301942,0.6372708068301942,0.009922913249495105,"[0.6369805581118029, 0.6064531851417734, 0.6650730138468554, 0.6279453035861913, 0.6499019734643482]"
ridge,H_C_A,0.001,0.6739719212909374,0.6739719212909374,0.000670949057368393,"[0.6721588843998398, 0.6750254286160476, 0.673784740430295, 0.6730094308808315, 0.6758811221276732]"
ridge,H_C_A,0.01,0.660980039837365,0.6609800398373651,0.002809548726878558,"[0.6535337360812167, 0.6641230409337259, 0.6608847991624514, 0.656742591729327, 0.6696160312801046]"
ridge,H_C_A,0.1,0.6601953597465929,0.660195359746593,0.004142867158571811,"[0.6493404397194957, 0.6642546807964986, 0.660119322494586, 0.65400454512192, 0.6732578106004647]"
ridge,H_C_A,1.0,0.6604815022635103,0.6604815022635102,0.004354594908276196,"[0.6489652269092915, 0.664705158160665, 0.6609456926430806, 0.6537651473565084, 0.6740262862480059]"
ridge,H_C_A,10.0,0.6607358156136238,0.6607358156136238,0.004390481971262241,"[0.648920128644506, 0.6650767203013387, 0.6618947459611151, 0.6537501570473958, 0.6740373261137632]"
ridge,H_D_C_A,0.001,0.6709270122554344,0.6709270122554344,0.00040219519829670457,"[0.6699562190170559, 0.6705674266931447, 0.6710422781896993, 0.6706943477689615, 0.672374789608311]"
ridge,H_D_C_A,0.01,0.6501982001665303,0.6501982001665303,0.002494068004992708,"[0.6466161082856676, 0.6445186295097116, 0.653212586772301, 0.6482860738266397, 0.6583576024383315]"
ridge,H_D_C_A,0.1,0.6419789474855393,0.6419789474855393,0.006159030783075452,"[0.6408843888020336, 0.6217985879593638, 0.6520827994838732, 0.637927467333292, 0.6572014938491341]"
ridge,H_D_C_A,1.0,0.639353117018099,0.639353117018099,0.00929764417979896,"[0.6420136284325306, 0.6064883136989752, 0.6564695467696078, 0.6344268281233203, 0.6573672680660618]"
ridge,H_D_C_A,10.0,0.6411229619602672,0.6411229619602672,0.010851371364913223,"[0.6429824710537742, 0.6033623725369489, 0.6650937845002353, 0.6352567878075269, 0.6589193939028506]"
ridge,H_B_C_A,0.001,0.6713336232840099,0.6713336232840098,0.0010036810075293224,"[0.6691810066892113, 0.6744447495119273, 0.6704827544065942, 0.6696821678454256, 0.6728774379668909]"
ridge,H_B_C_A,0.01,0.6568517453266172,0.656851745326617,0.0035818995620228496,"[0.648725105665255, 0.6661063859624149, 0.6546740229546526, 0.6503191273066945, 0.6644340847440683]"
ridge,H_B_C_A,0.1,0.6560954026894313,0.6560954026894312,0.004975081892458658,"[0.6446322361327135, 0.6678230315488386, 0.6533116421220968, 0.6469828636294538, 0.6677272400140538]"
ridge,H_B_C_A,1.0,0.6563882064292222,0.6563882064292221,0.0051883464787899555,"[0.6442597909196323, 0.6685279735359038, 0.6540755790126496, 0.6466781308556051, 0.6683995578223201]"
ridge,H_B_C_A,10.0,0.6566649850376267,0.6566649850376267,0.005232409164254304,"[0.6442459804638664, 0.6690663048624675, 0.6550008092825472, 0.6466580146420094, 0.668353815937243]"
ridge,H_D_B_C_A,0.001,0.668396840791982,0.6683968407919821,0.0005919695865567292,"[0.6670602245945055, 0.6700897054662146, 0.6678656934913881, 0.6674696932619277, 0.6694988871458746]"
ridge,H_D_B_C_A,0.01,0.646899295301227,0.646899295301227,0.0021409970350771863,"[0.6422181734315838, 0.6472245507336122, 0.648206649552293, 0.6427975943816461, 0.6540495084069999]"
ridge,H_D_B_C_A,0.1,0.6397344700519471,0.6397344700519471,0.00484187107897668,"[0.6365777419585428, 0.6272279247725548, 0.6486896838105219, 0.6330934806376732, 0.6530835190804425]"
ridge,H_D_B_C_A,1.0,0.6376092508168036,0.6376092508168035,0.007759586634235583,"[0.6378000042903444, 0.6126710266409768, 0.6542400949700529, 0.629989647063128, 0.6533454811195158]"
ridge,H_D_B_C_A,10.0,0.6393360827242998,0.6393360827242998,0.009325908430050215,"[0.6387404287867656, 0.6095160452342351, 0.6626454990652244, 0.6310299736972776, 0.6547484668379964]"
ridge,H_M_C_A,0.001,0.6739185160746678,0.6739185160746678,0.0005994749572026244,"[0.672575868726555, 0.6749667620434426, 0.6735538783031796, 0.6728452249058502, 0.6756508463943115]"
ridge,H_M_C_A,0.01,0.6610627537343373,0.6610627537343372,0.00262847597171498,"[0.6546797789429882, 0.6641025100854829, 0.660585914738014, 0.6566217416725892, 0.6693238232326121]"
ridge,H_M_C_A,0.1,0.6603167369235085,0.6603167369235082,0.003950001132869533,"[0.6505463993152494, 0.6641933397073232, 0.6598672032193663, 0.653968864254495, 0.6730078781211077]"
ridge,H_M_C_A,1.0,0.6606139759171094,0.6606139759171095,0.0041550213098187315,"[0.65016690425585, 0.6646205350035133, 0.6607213145548028, 0.6537799591026605, 0.6737811666687203]"
ridge,H_M_C_A,10.0,0.6608805754142324,0.6608805754142323,0.004177694539828688,"[0.6501849557077027, 0.6650031649143979, 0.6616575761176894, 0.6537718449611687, 0.6737853353702029]"
ridge,H_D_M_C_A,0.001,0.6708754910052211,0.6708754910052211,0.00033064955901239966,"[0.670327405476272, 0.6705206534421605, 0.6708277853848222, 0.6705426742230409, 0.6721589364998103]"
ridge,H_D_M_C_A,0.01,0.6502758620258247,0.6502758620258248,0.002411332434952832,"[0.6472096873986959, 0.6446207638811159, 0.6530920204946746, 0.6482513224141735, 0.658205515940464]"
ridge,H_D_M_C_A,0.1,0.6420561270410033,0.6420561270410033,0.006170008947962846,"[0.6409130172759875, 0.6219002888482111, 0.6520712419151607, 0.6379550788210754, 0.6574410083445816]"
ridge,H_D_M_C_A,1.0,0.6395031419105079,0.6395031419105077,0.009364553808834618,"[0.6419445256044775, 0.6063061408854268, 0.6562715113959096, 0.6349447884480149, 0.6580487432187101]"
ridge,H_D_M_C_A,10.0,0.6411575357162914,0.6411575357162914,0.010924565691433505,"[0.6427745289739535, 0.6030683578400422, 0.6648960857065948, 0.6355049709460749, 0.6595437351147919]"
ridge,H_B_M_C_A,0.001,0.6713198786146474,0.6713198786146473,0.0009672027914294801,"[0.6695948129652808, 0.6744319021226285, 0.6703032623181556, 0.6695619717057629, 0.6727074439614082]"
ridge,H_B_M_C_A,0.01,0.6570097875288067,0.6570097875288065,0.003494326472790696,"[0.6495911208825125, 0.666187016277482, 0.6545805124229968, 0.6503158516711018, 0.66437443638994]"
ridge,H_B_M_C_A,0.1,0.6562823083746055,0.6562823083746055,0.004902875898247016,"[0.6453745867882289, 0.6678573650943779, 0.6533139335154786, 0.6470322303703681, 0.6678334261045744]"
ridge,H_B_M_C_A,1.0,0.6565728140435648,0.6565728140435649,0.005114269626144401,"[0.6449927731213013, 0.668550335892508, 0.6540624765166363, 0.6467429476855163, 0.6685155370018627]"
ridge,H_B_M_C_A,10.0,0.6568493843000841,0.6568493843000841,0.005162059950462086,"[0.644956682148551, 0.6690898503789472, 0.6549796503373461, 0.6467241903998975, 0.668496548235679]"
ridge,H_D_B_M_C_A,0.001,0.6683820792085446,0.6683820792085446,0.0005564901308097798,"[0.6674375622863206, 0.670081156505266, 0.667699527027191, 0.6673596220297228, 0.6693325281942231]"
ridge,H_D_B_M_C_A,0.01,0.6470080621930722,0.647008062193072,0.002100807752345718,"[0.6426315580964556, 0.647362602507583, 0.648147941596263, 0.642812800315741, 0.6540854084493178]"
ridge,H_D_B_M_C_A,0.1,0.6397460721497231,0.6397460721497231,0.004920140663053306,"[0.6364757788771513, 0.6271220841269638, 0.6486265874654744, 0.6329905045960084, 0.6535154056830179]"
ridge,H_D_B_M_C_A,1.0,0.6376637595050733,0.6376637595050733,0.007840541323662674,"[0.6375461109680202, 0.6122739070069344, 0.6537746210385252, 0.6305063836290975, 0.6542177748827893]"
ridge,H_D_B_M_C_A,10.0,0.6393505331421516,0.6393505331421516,0.009438006306675654,"[0.6387096915976226, 0.609155147876066, 0.6625512709693218, 0.6308816444516059, 0.6554549108161418]"
ridge,H_P_C_A,0.001,0.6740758699957313,0.6740758699957313,0.0006810321423530042,"[0.6721003975056273, 0.6749742251787882, 0.6743973222055529, 0.6730084144084532, 0.675898990680235]"
ridge,H_P_C_A,0.01,0.6613062088931481,0.661306208893148,0.002831255018669982,"[0.6533670846946559, 0.6639798693281075, 0.6626971862713075, 0.6568912357004868, 0.669595668471182]"
ridge,H_P_C_A,0.1,0.660629096618732,0.660629096618732,0.0041544665213047545,"[0.6491501566375941, 0.6640981542242709, 0.6624121623580587, 0.6542866741529, 0.6731983357208366]"
ridge,H_P_C_A,1.0,0.6609494922615885,0.6609494922615885,0.004381821349221133,"[0.6487632669523963, 0.6645482606684849, 0.6634087813865625, 0.6540705730263634, 0.6739565792741353]"
ridge,H_P_C_A,10.0,0.6612341229958708,0.6612341229958709,0.004439092888742671,"[0.648744002773675, 0.6649158747888261, 0.6644691437537787, 0.6540569609077826, 0.6739846327552921]"
ridge,H_D_P_C_A,0.001,0.6710228066987367,0.6710228066987367,0.0004428104350878057,"[0.6698875345787787, 0.6705022302679462, 0.6716646971906962, 0.6706825253945721, 0.6723770460616901]"
ridge,H_D_P_C_A,0.01,0.6504056763734114,0.6504056763734113,0.0026872290391001543,"[0.6462602381285756, 0.6441270089202445, 0.6553698737326807, 0.6482229367813575, 0.6580483243041984]"
ridge,H_D_P_C_A,0.1,0.6420563577041488,0.6420563577041488,0.006626530957024075,"[0.6399237105758149, 0.6206658463290983, 0.6560979536369641, 0.6374697690734938, 0.6561245089053729]"
ridge,H_D_P_C_A,1.0,0.6395779535645535,0.6395779535645534,0.009941047143479029,"[0.6408842074644819, 0.6052001842714704, 0.6614198113326425, 0.6339493022795276, 0.656436262474645]"
ridge,H_D_P_C_A,10.0,0.6412273718669953,0.6412273718669953,0.011578418834087428,"[0.6419267732875427, 0.6022273092571901, 0.6700813457566512, 0.6340652233447813, 0.6578362076888109]"
ridge,H_B_P_C_A,0.001,0.6714018773270914,0.6714018773270913,0.0009815640344377216,"[0.6690770014361361, 0.674348276062529, 0.6710937274655493, 0.6696578994308827, 0.6728324822403595]"
ridge,H_B_P_C_A,0.01,0.6569350487705242,0.6569350487705242,0.003469743786365479,"[0.6481954844182621, 0.6655347206361248, 0.6566563973330529, 0.6504255834455221, 0.6638630580196588]"
ridge,H_B_P_C_A,0.1,0.6562220537787145,0.6562220537787145,0.004793870017323246,"[0.6439079665103209, 0.6669765526141908, 0.6560157366568904, 0.6473396077819683, 0.6668704053302023]"
ridge,H_B_P_C_A,1.0,0.6565432418667771,0.6565432418667773,0.00500667729547738,"[0.6435352370821996, 0.667630566094765, 0.6569870152784697, 0.6470858178014107, 0.6674775730770414]"
ridge,H_B_P_C_A,10.0,0.6568466896202816,0.6568466896202816,0.005073532215590539,"[0.6435083570100544, 0.6681392032100083, 0.6580703066511081, 0.6470708539763776, 0.6674447272538596]"
ridge,H_D_B_P_C_A,0.001,0.6684549078177151,0.6684549078177151,0.0005743325124089925,"[0.6669452459894816, 0.6699769351455573, 0.668487281870346, 0.6674326726054428, 0.6694324034777481]"
ridge,H_D_B_P_C_A,0.01,0.6467966741782624,0.6467966741782625,0.0022513704212779513,"[0.6414159818677843, 0.6463808861286017, 0.6504642553151152, 0.642544574688892, 0.6531776728909189]"
ridge,H_D_B_P_C_A,0.1,0.6393953876349044,0.6393953876349047,0.005484998214628935,"[0.6348107867008301, 0.6254382684210533, 0.653243919721198, 0.6321740791322691, 0.6513098841991722]"
ridge,H_D_B_P_C_A,1.0,0.6375113465906187,0.6375113465906187,0.008591831620632762,"[0.6358239504030271, 0.6109867729728328, 0.6600116091199343, 0.6292447570043617, 0.6514896434529378]"
ridge,H_D_B_P_C_A,10.0,0.6393003140420364,0.6393003140420364,0.010378435880890678,"[0.636787509643971, 0.6079972999685823, 0.6691108488179117, 0.6296548526476047, 0.6529510591321125]"
ridge,H_M_P_C_A,0.001,0.6740166199991515,0.6740166199991516,0.0005990420743823181,"[0.6725100017314624, 0.674905522946891, 0.674162453277276, 0.672841111869924, 0.6756640101702046]"
ridge,H_M_P_C_A,0.01,0.661363381419805,0.661363381419805,0.0026297826517788043,"[0.6544826962169366, 0.6639077685792892, 0.6623857223915719, 0.6567769208298271, 0.6692637990813999]"
ridge,H_M_P_C_A,0.1,0.6607249067951054,0.6607249067951054,0.003941766639293115,"[0.6503130426610427, 0.663979490034356, 0.6621369369703077, 0.6542901835573178, 0.6729048807525031]"
ridge,H_M_P_C_A,1.0,0.661054486586367,0.661054486586367,0.00416329727365778,"[0.649936225674151, 0.664394359687043, 0.6631539729596487, 0.6541123831873644, 0.6736754914236277]"
ridge,H_M_P_C_A,10.0,0.6613376131742162,0.6613376131742162,0.004208590634078722,"[0.6499364167640528, 0.6647569285112572, 0.6642245559447187, 0.6541062258270919, 0.6736639388239607]"
ridge,H_D_M_P_C_A,0.001,0.6709676521752252,0.6709676521752252,0.00036021061095091504,"[0.6702635240766464, 0.670448720320482, 0.6714443784485784, 0.6705271323079556, 0.6721545057224637]"
ridge,H_D_M_P_C_A,0.01,0.6504581563148526,0.6504581563148527,0.0026020052731672164,"[0.6468184709552623, 0.6441928232136124, 0.6552436138156844, 0.6481753463340736, 0.6578605272556307]"
ridge,H_D_M_P_C_A,0.1,0.6421441244275861,0.6421441244275862,0.0066404253368715135,"[0.6399774958109175, 0.6208114772748582, 0.6561784845500049, 0.63737991755135, 0.6563732469507999]"
ridge,H_D_M_P_C_A,1.0,0.6398229349659593,0.6398229349659594,0.01000510621746886,"[0.6408883311307242, 0.6052972597706539, 0.6617580037867961, 0.6341548092889829, 0.6570162708526397]"
ridge,H_D_M_P_C_A,10.0,0.6415172706915372,0.6415172706915371,0.011703819464318681,"[0.6418701101501384, 0.6020567414257736, 0.6705032917134998, 0.6345174991444408, 0.6586387110238331]"
ridge,H_B_M_P_C_A,0.001,0.6713797881224142,0.6713797881224142,0.0009354786881771924,"[0.6694837438960107, 0.6743232459335824, 0.6709080986793245, 0.669533840711858, 0.6726500113912957]"
ridge,H_B_M_P_C_A,0.01,0.6570690838373882,0.657069083837388,0.003366275659922803,"[0.6490144488650997, 0.6655847697008989, 0.6565454231686092, 0.6504308308090021, 0.6637699466433307]"
ridge,H_B_M_P_C_A,0.1,0.6563962695123899,0.6563962695123898,0.004703392249605688,"[0.6446405414096993, 0.6670007979646767, 0.6559633428668682, 0.647432753420447, 0.6669439119002577]"
ridge,H_B_M_P_C_A,1.0,0.6567223824357429,0.6567223824357429,0.004920348936238018,"[0.6442283676167906, 0.6676389715082665, 0.6569557550642767, 0.6471971876173586, 0.667591630372022]"
ridge,H_B_M_P_C_A,10.0,0.6570280000113383,0.6570280000113382,0.004980953312147311,"[0.644221522129687, 0.6681539508884711, 0.6580409095358192, 0.6471844707632676, 0.6675391467394466]"
ridge,H_D_B_M_P_C_A,0.001,0.6684356026801513,0.6684356026801515,0.0005262667524678334,"[0.6673149327362463, 0.6699620828574209, 0.6683154006536768, 0.6673186690962981, 0.6692669280571152]"
ridge,H_D_B_M_P_C_A,0.01,0.6469061632367696,0.6469061632367696,0.002198058534913738,"[0.6418126023662352, 0.6465042155554268, 0.6504439231308656, 0.6425892294495196, 0.6531808456818015]"
ridge,H_D_B_M_P_C_A,0.1,0.6395004699718788,0.6395004699718787,0.005530966101018034,"[0.6348095977610242, 0.6255106154283654, 0.6532619215590055, 0.6321459793696991, 0.6517742357412993]"
ridge,H_D_B_M_P_C_A,1.0,0.6376104231805922,0.6376104231805921,0.008669635192591552,"[0.6357078583893825, 0.6108001563636944, 0.6598138770799662, 0.6293182084730656, 0.6524120155968525]"
ridge,H_D_B_M_P_C_A,10.0,0.6393770287313307,0.6393770287313307,0.010429114351983664,"[0.6369409143094955, 0.6078986771005301, 0.6688635361470328, 0.6293588839487885, 0.653823132150807]"
ridge,H_K,0.001,0.6696621128114305,0.6696621128114305,0.000806253160525681,"[0.6717311676048995, 0.6687907827377432, 0.6712601200858807, 0.6673985120395471, 0.6691299815890825]"
ridge,H_K,0.01,0.651348780120466,0.6513487801204662,0.0023626986771261797,"[0.656040014961654, 0.6489395995627173, 0.6564418645029763, 0.6437433528405703, 0.6515790687344128]"
ridge,H_K,0.1,0.6493935704520202,0.6493935704520202,0.003019979229296802,"[0.6545392672095811, 0.6463056733986667, 0.65602398274063, 0.6393623163723546, 0.6507366125388683]"
ridge,H_K,1.0,0.6493822290495769,0.6493822290495768,0.0031129143766896778,"[0.6545678583278309, 0.6461916337080224, 0.6562275570799502, 0.6390122769364447, 0.6509118191956361]"
ridge,H_K,10.0,0.6493845205162208,0.6493845205162208,0.0031226279555726776,"[0.6545740590772577, 0.6461830753791021, 0.6562522466490717, 0.638979273818725, 0.6509339476569472]"
ridge,H_D_K,0.001,0.6668980659365429,0.6668980659365429,0.0009634743619580038,"[0.669613192614698, 0.6647478985171883, 0.668760047889487, 0.6654030589230759, 0.6659661317382652]"
ridge,H_D_K,0.01,0.6433955645265704,0.6433955645265703,0.003050031668452653,"[0.6488869095635217, 0.6346477917772881, 0.6509142886407535, 0.6386413772895712, 0.6438874553617173]"
ridge,H_D_K,0.1,0.6363530000590818,0.6363530000590818,0.00597885022808436,"[0.6428518362094947, 0.6164505385655916, 0.6514135201997182, 0.6306052925992812, 0.640443812721323]"
ridge,H_D_K,1.0,0.633478707878488,0.6334787078784881,0.008694094386026582,"[0.6419141305017194, 0.6027295832040069, 0.6545978741463798, 0.6291592757048919, 0.6389926758354422]"
ridge,H_D_K,10.0,0.6344338942183342,0.6344338942183341,0.010071209611476287,"[0.6422449876664983, 0.5997340151227036, 0.6611804475948688, 0.6296008163259675, 0.6394092043816323]"
ridge,H_B_K,0.001,0.6672159227289887,0.6672159227289887,0.0008530758203385499,"[0.6689037133786168, 0.6684418094043243, 0.668101108274243, 0.6642667059147901, 0.6663662766729691]"
ridge,H_B_K,0.01,0.6480551674662338,0.6480551674662338,0.0025882418064228276,"[0.6517828157218412, 0.6520051510572932, 0.6507127282686445, 0.6381965452348254, 0.6475785970485647]"
ridge,H_B_K,0.1,0.6462600809728479,0.646260080972848,0.003320126277178177,"[0.6503836701394925, 0.6511906228999295, 0.6497079402856137, 0.6333340231213728, 0.6466841484178312]"
ridge,H_B_K,1.0,0.6462694945068251,0.6462694945068251,0.0034212623288371207,"[0.6504343041239838, 0.6513172741344742, 0.6498317186654188, 0.6329183377221597, 0.6468458378880891]"
ridge,H_B_K,10.0,0.6462738683612873,0.6462738683612873,0.003431787712645906,"[0.6504428290031885, 0.6513335675782387, 0.6498480780384521, 0.6328784776276205, 0.6468663895589366]"
ridge,H_D_B_K,0.001,0.6645538634762573,0.6645538634762573,0.0008067275448507163,"[0.6668710378925701, 0.6644838403716924, 0.665721828781856, 0.6623739004621089, 0.6633187098730595]"
ridge,H_D_B_K,0.01,0.6407086801308486,0.6407086801308487,0.002272861529469105,"[0.6449927300813055, 0.6380537861149164, 0.646189269969439, 0.6337918630916507, 0.6405157513969318]"
ridge,H_D_B_K,0.1,0.6345727487632697,0.6345727487632697,0.004637130716731625,"[0.6391908014135315, 0.6222254447556917, 0.6479063746897311, 0.6261675617623607, 0.6373735611950339]"
ridge,H_D_B_K,1.0,0.6322192898000069,0.6322192898000069,0.007183193629816105,"[0.6383471208958831, 0.6093292473573603, 0.6523183915362957, 0.6250317981223239, 0.6360698910881714]"
ridge,H_D_B_K,10.0,0.6330415581486346,0.6330415581486346,0.00854033158990384,"[0.6386070736369999, 0.6062351574189168, 0.6584149100487198, 0.6256442103209474, 0.6363064393175891]"
ridge,H_M_K,0.001,0.6697023172891516,0.6697023172891516,0.0008624498665085936,"[0.6721408110603757, 0.6688252178713878, 0.6711657096697301, 0.6673400252425444, 0.6690398226017202]"
ridge,H_M_K,0.01,0.6513877102553636,0.6513877102553638,0.0024119764973654124,"[0.6561744833770107, 0.6488014132672211, 0.6565709740549315, 0.6436570005957764, 0.6517346799818788]"
ridge,H_M_K,0.1,0.649290575892549,0.6492905758925491,0.003071522519103095,"[0.6539420239533644, 0.6458813963268041, 0.6563320453017335, 0.6391681514035372, 0.6511292624773061]"
ridge,H_M_K,1.0,0.6492713792388692,0.6492713792388692,0.00316768641452593,"[0.6538536128852992, 0.6457391922505799, 0.656583258990294, 0.6388139902133692, 0.6513668418548044]"
ridge,H_M_K,10.0,0.6492733082489432,0.6492733082489434,0.0031778247753642165,"[0.6538480811125618, 0.6457280679961607, 0.6566134201014255, 0.6387808947723399, 0.6513960772622285]"
ridge,H_D_M_K,0.001,0.6669385852516818,0.6669385852516817,0.0010133468553615217,"[0.6699871638190004, 0.6647912544857237, 0.6686745847143959, 0.665354118070354, 0.6658858051689346]"
ridge,H_D_M_K,0.01,0.6433833516541699,0.6433833516541698,0.0030658839087669546,"[0.6488272790256499, 0.6345486405015414, 0.6509006812243903, 0.6385560253482079, 0.64408413217106]"
ridge,H_D_M_K,0.1,0.6360535460795531,0.6360535460795532,0.0060081479757341325,"[0.6421562517579374, 0.6158019348697317, 0.6508452219633031, 0.6304602629309964, 0.641004058875797]"
ridge,H_D_M_K,1.0,0.6331673311080751,0.6331673311080749,0.008742452260641567,"[0.6412311343776516, 0.6017057885542043, 0.6535565000841621, 0.6294990014317787, 0.6398442310925782]"
ridge,H_D_M_K,10.0,0.6341985253966977,0.6341985253966977,0.010148289788764364,"[0.6415927307299832, 0.5986077506097014, 0.6603099677654558, 0.6300258760850269, 0.6404563017933212]"
ridge,H_B_M_K,0.001,0.6672721004781842,0.6672721004781843,0.0009038955372046622,"[0.669295607696813, 0.6684897339200737, 0.6680373039333694, 0.6642315284814524, 0.6663063283592127]"
ridge,H_B_M_K,0.01,0.6479647426438571,0.6479647426438572,0.0025902266245404404,"[0.6515650497967641, 0.6516850751681376, 0.6507598755820159, 0.6379872426471634, 0.6478264700252049]"
ridge,H_B_M_K,0.1,0.6459539792669244,0.6459539792669245,0.0033084211776890408,"[0.6493229303502459, 0.6504206598982005, 0.6498172640649166, 0.6328845953426837, 0.6473244466785756]"
ridge,H_B_M_K,1.0,0.6459508800436963,0.6459508800436962,0.003411957325315119,"[0.6492549645587872, 0.6504981834174853, 0.6499713182086372, 0.6324452885766177, 0.6475846454569535]"
ridge,H_B_M_K,10.0,0.6459544281679278,0.6459544281679277,0.003422813627086972,"[0.649251365707015, 0.6505097770754091, 0.6499913516545482, 0.6324032913353853, 0.6476163550672811]"
ridge,H_D_B_M_K,0.001,0.6646096194378249,0.6646096194378249,0.0008627756643547858,"[0.6672271203058455, 0.6645444107376958, 0.6656624213651555, 0.6623459160417253, 0.6632682287387026]"
ridge,H_D_B_M_K,0.01,0.6405793144454703,0.6405793144454704,0.002279938436394653,"[0.644678905900353, 0.6377674984581159, 0.6460705440670982, 0.6335760625685188, 0.640803561233266]"
ridge,H_D_B_M_K,0.1,0.6340925722426339,0.6340925722426338,0.004698409570810587,"[0.6383321711636638, 0.6211434585974814, 0.647113122829449, 0.6257314095419306, 0.6381426990806448]"
ridge,H_D_B_M_K,1.0,0.6316655820951923,0.6316655820951923,0.007231628292431845,"[0.6374149188157862, 0.6078514176575349, 0.6509770940364865, 0.6250402382181972, 0.6370442417479566]"
ridge,H_D_B_M_K,10.0,0.6327468040362175,0.6327468040362175,0.008629274150609389,"[0.6379433283083114, 0.6049310214602468, 0.6576034401120149, 0.6257881435813369, 0.6374680867191779]"
ridge,H_P_K,0.001,0.6697035821628629,0.6697035821628627,0.0008793526725489797,"[0.6715924309052379, 0.6686474075489138, 0.6718917835844511, 0.6673473021857045, 0.6690389865900066]"
ridge,H_P_K,0.01,0.6512144665464134,0.6512144665464132,0.0026567256408268234,"[0.6552987786022534, 0.6478138388128574, 0.6587591957441545, 0.6437729774520242, 0.6504275421207771]"
ridge,H_P_K,0.1,0.649287206076472,0.6492872060764721,0.0034198711473935046,"[0.6537042852993497, 0.6444911671720476, 0.6594461549056782, 0.6399044695735435, 0.648889953431741]"
ridge,H_P_K,1.0,0.6492978284820606,0.6492978284820607,0.003528301736957359,"[0.6537441011861456, 0.644273712858011, 0.6598386363224836, 0.6396672483004692, 0.6489654437431941]"
ridge,H_P_K,10.0,0.6493027475384547,0.6493027475384546,0.0035396426508608895,"[0.6537519310227967, 0.6442543149315705, 0.6598835850688582, 0.6396466923538551, 0.6489772143151932]"
ridge,H_D_P_K,0.001,0.6669323150813533,0.6669323150813533,0.001040611962761411,"[0.6694645320604908, 0.6645938196415112, 0.6694015348962553, 0.6653418979165425, 0.6658597908919669]"
ridge,H_D_P_K,0.01,0.6430962569824411,0.6430962569824412,0.003539017926120708,"[0.6478875975396963, 0.6332972204437394, 0.6534943322576772, 0.6382954994417548, 0.6425066352293379]"
ridge,H_D_P_K,0.1,0.6357469985706583,0.6357469985706584,0.006942357974612582,"[0.64089403666792, 0.6139148577207735, 0.6562760651421755, 0.6298274107232031, 0.6378226225992196]"
ridge,H_D_P_K,1.0,0.63301703934863,0.6330170393486297,0.009766655097757789,"[0.6395779961266841, 0.6003444431561332, 0.6605655464096395, 0.627982716013186, 0.6366144950375064]"
ridge,H_D_P_K,10.0,0.63409268436552,0.6340926843655201,0.011246257612090495,"[0.6400746858858943, 0.5974583676776573, 0.6674220344545629, 0.6284367678711759, 0.63707156593831]"
ridge,H_B_P_K,0.001,0.6672028284401847,0.6672028284401849,0.0008879711003493475,"[0.6687038779569762, 0.6682337964161335, 0.6687103882945492, 0.6641775598822712, 0.666188519650994]"
ridge,H_B_P_K,0.01,0.6474695654621668,0.6474695654621668,0.002626581229593151,"[0.6504397380317123, 0.6503238365391165, 0.652856238912337, 0.6380463527582636, 0.6456816610694047]"
ridge,H_B_P_K,0.1,0.6455566984754917,0.6455566984754916,0.0032809101095528028,"[0.6486614882149653, 0.6486127472023739, 0.6529544747721412, 0.6337942616299457, 0.6437605205580322]"
ridge,H_B_P_K,1.0,0.6455773860790422,0.6455773860790421,0.003366826469594251,"[0.6486882298551316, 0.6486194572465187, 0.6532733255506319, 0.6335218773634622, 0.6437840403794666]"
ridge,H_B_P_K,10.0,0.6455834494471634,0.6455834494471635,0.00337570934157641,"[0.6486948338093877, 0.6486234051498478, 0.65331073163965, 0.6334979134939807, 0.6437903631429512]"
ridge,H_D_B_P_K,0.001,0.6645338300296437,0.6645338300296438,0.0008640969112099532,"[0.6666597221694692, 0.6642682743400051, 0.6663391244978625, 0.6622733353139796, 0.6631286938269026]"
ridge,H_D_B_P_K,0.01,0.6399356760436776,0.6399356760436776,0.002733709188462238,"[0.6433827332629987, 0.63612570136081, 0.648587538124656, 0.6331589813772766, 0.6384234260926469]"
ridge,H_D_B_P_K,0.1,0.6333334246410569,0.633333424641057,0.005796883503579502,"[0.6361854069233271, 0.6189786500807997, 0.6529270548462, 0.6247469354473677, 0.6338290759075904]"
ridge,H_D_B_P_K,1.0,0.6311433010160259,0.6311433010160259,0.008465880429585935,"[0.6349394037518442, 0.6063744180149775, 0.6584132042177859, 0.6234099730003693, 0.6325795060951526]"
ridge,H_D_B_P_K,10.0,0.632159120689314,0.632159120689314,0.009834483761031835,"[0.6353738806209238, 0.6038510290080458, 0.6646255271958816, 0.6239223078394279, 0.6330228587822911]"
ridge,H_M_P_K,0.001,0.6697404808206522,0.6697404808206522,0.0009238792232873653,"[0.6719966346085872, 0.6686783590424656, 0.671792470878407, 0.6672886963047456, 0.6689462432690556]"
ridge,H_M_P_K,0.01,0.651277294450045,0.651277294450045,0.002697600540815307,"[0.6554818363976437, 0.6477142566644976, 0.6588550845073424, 0.643705981453749, 0.6506293132269922]"
ridge,H_M_P_K,0.1,0.6492351273500917,0.6492351273500917,0.0034748976530903225,"[0.6532360883136066, 0.6441740797087624, 0.6596776996032008, 0.6397058297320932, 0.6493819393927954]"
ridge,H_M_P_K,1.0,0.6492410782484388,0.6492410782484389,0.0035881979096153388,"[0.6531786514601277, 0.6439382200962976, 0.6601062407107067, 0.6394561168661322, 0.64952616210893]"
ridge,H_M_P_K,10.0,0.6492458372068042,0.6492458372068042,0.0036000931296944756,"[0.6531764402333735, 0.6439172592836965, 0.6601553501617936, 0.6394344832964498, 0.6495456530587072]"
ridge,H_D_M_P_K,0.001,0.6669674929775088,0.6669674929775088,0.001081334017649311,"[0.6698331052981494, 0.6646320492299221, 0.669308466463211, 0.6652892818209638, 0.6657745620752976]"
ridge,H_D_M_P_K,0.01,0.6431123132945804,0.6431123132945803,0.003548542337620233,"[0.6479088110692812, 0.6332212337191239, 0.6534590617115056, 0.6382328571276688, 0.6427396028453224]"
ridge,H_D_M_P_K,0.1,0.6356334025566571,0.6356334025566571,0.006941179838198843,"[0.640528921806276, 0.613486630153374, 0.6557826508242686, 0.6297706469224846, 0.6385981630768826]"
ridge,H_D_M_P_K,1.0,0.6329664793271298,0.6329664793271299,0.009783242393790645,"[0.6393781104178182, 0.5996053582527852, 0.6597539398250354, 0.6284332739067975, 0.6376617142332132]"
ridge,H_D_M_P_K,10.0,0.6339519442606775,0.6339519442606775,0.011134655024746972,"[0.6396735995641897, 0.5969362425673463, 0.6660926067071629, 0.6288740268358451, 0.6381832456288432]"
ridge,H_B_M_P_K,0.001,0.6672583419101354,0.6672583419101354,0.0009301560050542754,"[0.6690907501290541, 0.6682847479245108, 0.6686431530028881, 0.6641438825397884, 0.6661291759544359]"
ridge,H_B_M_P_K,0.01,0.6474200802659807,0.6474200802659806,0.0026324293456454024,"[0.6502966529118038, 0.6500618136298866, 0.6528943757004938, 0.6378646105351017, 0.6459829485526175]"
ridge,H_B_M_P_K,0.1,0.6453270306315815,0.6453270306315814,0.003289986964329622,"[0.6477841549029527, 0.6479723800476399, 0.6530328879270736, 0.6333533928424676, 0.6444923374377731]"
ridge,H_B_M_P_K,1.0,0.6453379978898046,0.6453379978898046,0.003380535732559866,"[0.6477159126182808, 0.6479351602113566, 0.6533755914689373, 0.6330483677873433, 0.6446149573631049]"
ridge,H_B_M_P_K,10.0,0.6453434536785215,0.6453434536785215,0.003389969773303471,"[0.647712850194458, 0.6479348795108437, 0.6534159367528102, 0.6330212060157943, 0.6446323959187013]"
ridge,H_D_B_M_P_K,0.001,0.664585729492527,0.6645857294925271,0.0009115595877506565,"[0.6670188739727899, 0.6643237152251277, 0.666271811789402, 0.6622399563539215, 0.6630742901213943]"
ridge,H_D_B_M_P_K,0.01,0.6398587117888092,0.6398587117888092,0.002731922401081487,"[0.6431538926682933, 0.6359125558929517, 0.6484841945982841, 0.6329868179008538, 0.6387560978836628]"
ridge,H_D_B_M_P_K,0.1,0.6331209032576695,0.6331209032576695,0.005779812112711409,"[0.635697010409847, 0.6182984567928979, 0.6522273678043584, 0.6245335318794184, 0.6348481494018257]"
ridge,H_D_B_M_P_K,1.0,0.6309301898432982,0.6309301898432982,0.008473699703006222,"[0.6346138645855792, 0.6052454114627971, 0.657381242465345, 0.6235459893785009, 0.6338644413242686]"
ridge,H_D_B_M_P_K,10.0,0.6319431114839392,0.6319431114839393,0.009898950047631801,"[0.635090895304943, 0.6026739605928205, 0.6640006526474349, 0.624081790478165, 0.6338682583963329]"
ridge,H_C_K,0.001,0.6696166288717608,0.6696166288717609,0.0007802362735978539,"[0.6716025837291643, 0.6687578618252561, 0.6711265560985433, 0.6673661895938463, 0.6692299531119943]"
ridge,H_C_K,0.01,0.6514568934931803,0.6514568934931803,0.002270290357968863,"[0.6556855904238933, 0.6491947083203511, 0.6560950605799984, 0.6438672751286757, 0.6524418330129831]"
ridge,H_C_K,0.1,0.6499278537509775,0.6499278537509776,0.00286511342161312,"[0.6540550329570071, 0.6472123447604707, 0.6557373185233216, 0.639994801583265, 0.6526397709308233]"
ridge,H_C_K,1.0,0.650251785396137,0.650251785396137,0.002936041439909741,"[0.6540411810727883, 0.6476104308080912, 0.6565191157403678, 0.6400519037224116, 0.653036295637026]"
ridge,H_C_K,10.0,0.6505461567770698,0.6505461567770698,0.0029568521706134564,"[0.6540506578651898, 0.6481355543507907, 0.6572101023039855, 0.640253705232038, 0.6530807641333453]"
ridge,H_D_C_K,0.001,0.666874095731457,0.6668740957314572,0.0009351210428582349,"[0.6695061124840916, 0.6647277599044562, 0.668650587642158, 0.6653965117317701, 0.6660895068948095]"
ridge,H_D_C_K,0.01,0.6435988397901128,0.6435988397901128,0.0029734928339609796,"[0.6486868883509935, 0.6348685266598975, 0.6507334281547673, 0.6388755926329992, 0.6448297631519067]"
ridge,H_D_C_K,0.1,0.6371200264770546,0.6371200264770545,0.00593074000196328,"[0.6428718487813018, 0.6171804219434981, 0.651628236392667, 0.6313802625294169, 0.6425393627383887]"
ridge,H_D_C_K,1.0,0.6349293288939407,0.6349293288939407,0.008712548396624683,"[0.6422319685192894, 0.6040754466815751, 0.6559051208554196, 0.630318788494453, 0.6421153199189664]"
ridge,H_D_C_K,10.0,0.6364893866072674,0.6364893866072674,0.010160916545135335,"[0.6425901292644073, 0.6015630116326137, 0.6635479485979968, 0.6312865959032213, 0.6434592476380975]"
ridge,H_B_C_K,0.001,0.6671806641211788,0.6671806641211788,0.0008318454043318324,"[0.6687862919633627, 0.6684139063486674, 0.6679787770218791, 0.6642464662209244, 0.6664778790510605]"
ridge,H_B_C_K,0.01,0.6481846775830954,0.6481846775830954,0.0025396448657144777,"[0.651448213128827, 0.6522694767891709, 0.6503860691025675, 0.6383494334580141, 0.6484701954368977]"
ridge,H_B_C_K,0.1,0.646835853149902,0.646835853149902,0.0032493888899671184,"[0.6499350263523194, 0.6520930713964503, 0.6494508967205244, 0.6340390926617212, 0.6486611786184948]"
ridge,H_B_C_K,1.0,0.6471900775721812,0.647190077572181,0.0033579738910851694,"[0.6499319430741883, 0.6528279490673787, 0.6501430332850928, 0.6339977282220612, 0.6490497342121844]"
ridge,H_B_C_K,10.0,0.6475079315032432,0.647507931503243,0.00342071716408284,"[0.6499129889569952, 0.6535234711940704, 0.6508554511143841, 0.6341537685186808, 0.6490939777320849]"
ridge,H_D_B_C_K,0.001,0.6645279528315191,0.6645279528315191,0.0007737729815663005,"[0.6667576553050435, 0.6644659120493435, 0.6656060555231764, 0.6623715578790663, 0.663438583400966]"
ridge,H_D_B_C_K,0.01,0.6409104023319817,0.6409104023319816,0.002189407794286285,"[0.6448015460579682, 0.6382755156282047, 0.6459934658924397, 0.6340087536650608, 0.6414727304162343]"
ridge,H_D_B_C_K,0.1,0.6353858535251734,0.6353858535251734,0.0045920114623994295,"[0.6392506776413924, 0.623009003054479, 0.6482106421849158, 0.6269115245698513, 0.6395474201752288]"
ridge,H_D_B_C_K,1.0,0.6335561791075445,0.6335561791075445,0.007163400476231024,"[0.6384162310487567, 0.6106863345873628, 0.6534512003323443, 0.6262085932253635, 0.639018536343895]"
ridge,H_D_B_C_K,10.0,0.6353817775694622,0.6353817775694622,0.008746710556335566,"[0.638980157492061, 0.6082202420266981, 0.661791930600784, 0.6277191811827029, 0.640197376545065]"
ridge,H_M_C_K,0.001,0.6696671770949159,0.6696671770949159,0.0008346569360210145,"[0.6720187565263008, 0.6688035245124014, 0.6710412671205084, 0.6673214204086358, 0.6691509169067328]"
ridge,H_M_C_K,0.01,0.6515035306050823,0.6515035306050823,0.0023230074345569184,"[0.6558279543573569, 0.6490481830728276, 0.6562358321364538, 0.6437861616054334, 0.6526195218533397]"
ridge,H_M_C_K,0.1,0.6498282628612461,0.6498282628612461,0.0029525570329530446,"[0.6534809914305919, 0.6468397549690389, 0.6560080982305253, 0.6396806367806499, 0.6531318328954242]"
ridge,H_M_C_K,1.0,0.6501677222685027,0.6501677222685027,0.0030401304088403334,"[0.6533737351904615, 0.647244668762275, 0.6567596214117393, 0.6396967973082933, 0.6537637886697443]"
ridge,H_M_C_K,10.0,0.6504519234519447,0.6504519234519448,0.0030556719486416707,"[0.6533642171917148, 0.6477425564098701, 0.6573697319154866, 0.639901849582703, 0.6538812621599494]"
ridge,H_D_M_C_K,0.001,0.666912556044454,0.666912556044454,0.000983425641555341,"[0.66987407351795, 0.6647701622244752, 0.6685618456439985, 0.6653501767144925, 0.6660065221213538]"
ridge,H_D_M_C_K,0.01,0.643579784366453,0.6435797843664529,0.002998676185184213,"[0.6486349090430547, 0.6347468623711113, 0.6507164991637245, 0.6387624505987122, 0.6450382006556622]"
ridge,H_D_M_C_K,0.1,0.6368527601799406,0.6368527601799406,0.005994345097306869,"[0.6422769602981823, 0.6165183896788922, 0.6510156857467775, 0.6311080803603367, 0.6433446848155144]"
ridge,H_D_M_C_K,1.0,0.6345478130702493,0.6345478130702492,0.008798960187729497,"[0.641411710247738, 0.6029156292527177, 0.6546821882785073, 0.6303610683944415, 0.6433684691778417]"
ridge,H_D_M_C_K,10.0,0.6362969669875274,0.6362969669875272,0.010329902000150444,"[0.6419157224975163, 0.6002061877322605, 0.6628746761153456, 0.6316841974571823, 0.6448040511353317]"
ridge,H_B_M_C_K,0.001,0.6672420860724895,0.6672420860724894,0.0008815834302363031,"[0.6691781850794628, 0.6684748222062447, 0.6679162767608764, 0.6642167814422665, 0.6664243648735965]"
ridge,H_B_M_C_K,0.01,0.6480989138739983,0.6480989138739983,0.002548718668749208,"[0.6512456864916001, 0.6519312710276874, 0.6504388709837545, 0.6381274918408983, 0.6487512490260513]"
ridge,H_B_M_C_K,0.1,0.6465282489851105,0.6465282489851105,0.0033079058931365516,"[0.648904073716219, 0.6513891232384191, 0.6495202479708526, 0.6334043120804038, 0.6494234879196582]"
ridge,H_B_M_C_K,1.0,0.6468783992320004,0.6468783992320004,0.0034297983761421465,"[0.6488313572932838, 0.6521179897125262, 0.6501650531762063, 0.633323329033288, 0.6499542669446976]"
ridge,H_B_M_C_K,10.0,0.6471701885438392,0.6471701885438392,0.0034866286837682055,"[0.6488048863715817, 0.6527957336312261, 0.6507651468722117, 0.6334669859908069, 0.6500181898533699]"
ridge,H_D_B_M_C_K,0.001,0.6645855499754552,0.6645855499754552,0.0008315298875245535,"[0.6671158761673072, 0.6645248665896015, 0.6655557710887443, 0.6623341365645068, 0.6633970994671163]"
ridge,H_D_B_M_C_K,0.01,0.6407859176801082,0.6407859176801083,0.0022119619410600113,"[0.6444996718981876, 0.6379818918641261, 0.6458870010379457, 0.6337733306852752, 0.6417876929150064]"
ridge,H_D_B_M_C_K,0.1,0.6349420976199093,0.6349420976199092,0.004682133365991554,"[0.638382881210055, 0.6220044085015087, 0.6473491067403231, 0.6263787253848141, 0.6405953662628451]"
ridge,H_D_B_M_C_K,1.0,0.6331611805054308,0.6331611805054308,0.007248287946464324,"[0.6377517554072027, 0.6094460153296933, 0.6522395309585054, 0.6259979730929297, 0.6403706277388231]"
ridge,H_D_B_M_C_K,10.0,0.6345540878573751,0.634554087857375,0.008737598653291387,"[0.6381325863925931, 0.6067502382808603, 0.6598740206701605, 0.6269585755928443, 0.641055018350417]"
ridge,H_P_C_K,0.001,0.6696667599383397,0.6696667599383396,0.0008515087737829589,"[0.6714707301383607, 0.6686227528968153, 0.671766425848357, 0.6673259710595381, 0.6691479197486274]"
ridge,H_P_C_K,0.01,0.6513390347145547,0.6513390347145549,0.0025415941643956,"[0.6549725854132774, 0.6480830601958173, 0.6584204317456205, 0.6439064661095479, 0.651312630108511]"
ridge,H_P_C_K,0.1,0.6498351025560678,0.6498351025560678,0.0032226571397129234,"[0.653264022844281, 0.6454163933376387, 0.6591978520372311, 0.6404662684108734, 0.6508309761503147]"
ridge,H_P_C_K,1.0,0.6501953477938394,0.6501953477938394,0.003345702909980339,"[0.6532626167497882, 0.6457100773842667, 0.6602799519579667, 0.6406134977189931, 0.6511105951581818]"
ridge,H_P_C_K,10.0,0.6505094007977648,0.6505094007977648,0.0034145059140197223,"[0.6532619556113519, 0.6462042542851325, 0.661112771186383, 0.6408034512902911, 0.6511645716156651]"
ridge,H_D_P_C_K,0.001,0.6669068418434312,0.6669068418434313,0.0010095516172279983,"[0.6693520313450647, 0.6645749777554355, 0.6692843627833329, 0.6653353941775284, 0.6659874431557945]"
ridge,H_D_P_C_K,0.01,0.6432904716070297,0.6432904716070297,0.003449980467028049,"[0.6477121763282049, 0.6334974987914288, 0.6532711518916814, 0.638500187517264, 0.6434713435065696]"
ridge,H_D_P_C_K,0.1,0.6365507637776895,0.6365507637776895,0.006895766285750251,"[0.6409659104235546, 0.6146380623210468, 0.6565848746269272, 0.6304456896839031, 0.6401192818330155]"
ridge,H_D_P_C_K,1.0,0.6344883691328542,0.6344883691328544,0.009773682791820204,"[0.6400233878391706, 0.6017182597825708, 0.6618805737086079, 0.6291355447543285, 0.6396840795795942]"
ridge,H_D_P_C_K,10.0,0.6360915153180383,0.6360915153180384,0.01139349414079265,"[0.640273918606064, 0.5990861546920013, 0.6699539532260935, 0.6299977279667391, 0.6411458220992937]"
ridge,H_B_P_C_K,0.001,0.6671723520574329,0.6671723520574329,0.0008635509561778155,"[0.668587942717924, 0.6682154707563195, 0.6685899646550222, 0.6641618454941681, 0.6663065366637306]"
ridge,H_B_P_C_K,0.01,0.6476120123321308,0.6476120123321308,0.0025423453736408658,"[0.6501400554984947, 0.6505816318490563, 0.6525441658114317, 0.6381932912724158, 0.6466009172292555]"
ridge,H_B_P_C_K,0.1,0.6461484778753469,0.6461484778753469,0.0031411351810339315,"[0.6482544006907235, 0.6495488314048732, 0.6527499345000906, 0.6344174879516687, 0.6457717348293784]"
ridge,H_B_P_C_K,1.0,0.646522509102744,0.6465225091027439,0.003273699806939384,"[0.6482451719143596, 0.6501124375871952, 0.6537656316009284, 0.6344480472998213, 0.6460412571114152]"
ridge,H_B_P_C_K,10.0,0.6468679945437119,0.6468679945437119,0.003379332952970224,"[0.6482528753113784, 0.6508119189464375, 0.6545969930750001, 0.6345973659206768, 0.646080819465067]"
ridge,H_D_B_P_C_K,0.001,0.6645099320299093,0.6645099320299093,0.0008296100961825238,"[0.6665490770065663, 0.6642515474386248, 0.6662263362068906, 0.6622719316687292, 0.6632507678287347]"
ridge,H_D_B_P_C_K,0.01,0.6401472904853949,0.640147290485395,0.0026288908189725877,"[0.6431966959809297, 0.636365838373078, 0.6484063645029685, 0.633376892148558, 0.6393906614214407]"
ridge,H_D_B_P_C_K,0.1,0.6341381102108516,0.6341381102108515,0.005702366471106396,"[0.6362604072297897, 0.619857148300679, 0.653171572134803, 0.6254098913531596, 0.6359915320358265]"
ridge,H_D_B_P_C_K,1.0,0.6325759313191416,0.6325759313191416,0.008455765316560308,"[0.6352918637432983, 0.6079185633027095, 0.6597495542225142, 0.6243677190301665, 0.6355519562970195]"
ridge,H_D_B_P_C_K,10.0,0.6343612214865517,0.6343612214865517,0.010090868686741854,"[0.635685277812997, 0.6056690157534238, 0.667944295391515, 0.6255800776325046, 0.6369274408423182]"
ridge,H_M_P_C_K,0.001,0.669706272173349,0.669706272173349,0.0008947653191223039,"[0.6718762554602855, 0.6686569447646273, 0.6716687901984563, 0.6672708937494003, 0.6690584766939756]"
ridge,H_M_P_C_K,0.01,0.6514044018094534,0.6514044018094534,0.002585937096219361,"[0.6551522815426462, 0.6479898890710576, 0.6585204423344778, 0.6438293055614353, 0.6515300905376502]"
ridge,H_M_P_C_K,0.1,0.6497879198322122,0.6497879198322121,0.003302307940776694,"[0.6528134197947677, 0.6451396987843885, 0.6593954747842592, 0.6401758388659445, 0.6514151669317007]"
ridge,H_M_P_C_K,1.0,0.6501584760862654,0.6501584760862654,0.003428045057688098,"[0.6527312134952081, 0.6454330811132164, 0.66040026512429, 0.6402628311230636, 0.6519649895755493]"
ridge,H_M_P_C_K,10.0,0.6504746769766985,0.6504746769766986,0.0034833441539092102,"[0.6527252390294923, 0.6459111025053237, 0.6611673625888653, 0.6404822762326549, 0.6520874045271566]"
ridge,H_D_M_P_C_K,0.001,0.6669426305475805,0.6669426305475806,0.0010515076487490633,"[0.6697298570736909, 0.6646119370979696, 0.6691924730317002, 0.665282378032455, 0.6658965075020868]"
ridge,H_D_M_P_C_K,0.01,0.6433156758802123,0.6433156758802123,0.0034642835454158877,"[0.6477093617746698, 0.6334464047365248, 0.6532805069369403, 0.6384306269630321, 0.6437114789898948]"
ridge,H_D_M_P_C_K,0.1,0.6364330583606346,0.6364330583606346,0.00690703650843414,"[0.6405919816411751, 0.6142562755958297, 0.6560889411343445, 0.6302595419692584, 0.640968551462565]"
ridge,H_D_M_P_C_K,1.0,0.6344081054789056,0.6344081054789056,0.009825092483922286,"[0.6396776564295171, 0.6009254923463391, 0.6610719198753974, 0.6292820423597134, 0.6410834163835611]"
ridge,H_D_M_P_C_K,10.0,0.6360305048925372,0.6360305048925372,0.011407100058737052,"[0.6399598197315673, 0.5982441787661517, 0.6689438802413621, 0.6303599627078345, 0.6426446830157707]"
ridge,H_B_M_P_C_K,0.001,0.6672288036032588,0.6672288036032588,0.0009046019077489405,"[0.6689756166642852, 0.6682679606113303, 0.6685216918523056, 0.6641299438286692, 0.6662488050597032]"
ridge,H_B_M_P_C_K,0.01,0.6475679998095121,0.6475679998095121,0.002554692193643019,"[0.6499951523865225, 0.6503227586982954, 0.6525928239776123, 0.6380086419876746, 0.6469206219974556]"
ridge,H_B_M_P_C_K,0.1,0.645928330645112,0.645928330645112,0.0032049460769994335,"[0.647410263944689, 0.648971069521654, 0.6527961360024848, 0.6338321630368886, 0.6466320207198433]"
ridge,H_B_M_P_C_K,1.0,0.6462831169971817,0.6462831169971818,0.0033437057217768408,"[0.6473086830760041, 0.6495420999846552, 0.6537392165911168, 0.6338014476244134, 0.647024137709719]"
ridge,H_B_M_P_C_K,10.0,0.6466001899753774,0.6466001899753774,0.0034306662312856414,"[0.6472947793419935, 0.6501678984469361, 0.6544977879497493, 0.6339675773122045, 0.6470729068260033]"
ridge,H_D_B_M_P_C_K,0.001,0.6645619189030104,0.6645619189030103,0.0008757156403810326,"[0.666900997180524, 0.6643060058796999, 0.6661611582803537, 0.6622394887456383, 0.6632019444288357]"
ridge,H_D_B_M_P_C_K,0.01,0.6400796435507508,0.6400796435507508,0.0026391550268534797,"[0.6429742347054929, 0.6361574037748213, 0.6483233213788527, 0.6331893736699526, 0.6397538842246342]"
ridge,H_D_B_M_P_C_K,0.1,0.6339563341744886,0.6339563341744886,0.005715349145697274,"[0.6357362691285212, 0.6191883019878225, 0.6524572211444906, 0.6250940761392876, 0.637305802472321]"
ridge,H_D_B_M_P_C_K,1.0,0.6324018603891035,0.6324018603891035,0.008445971904977164,"[0.6348062098380337, 0.6069613855949654, 0.6586025276355937, 0.624408347457156, 0.6372308314197692]"
ridge,H_D_B_M_P_C_K,10.0,0.6340607895933418,0.6340607895933417,0.010024606859951338,"[0.6352749793077387, 0.6045950599112289, 0.6664009709503371, 0.6254626323443868, 0.6385703054530173]"
ridge,H_A_K,0.001,0.6680413534212019,0.6680413534212019,0.0006493265297664603,"[0.6697205303893566, 0.6669937434258597, 0.6686157414734184, 0.66612340605034, 0.6687533457670343]"
ridge,H_A_K,0.01,0.6487454970631628,0.6487454970631629,0.0022332226294484807,"[0.6516754299223623, 0.6453218176758024, 0.6508599214818709, 0.6418665713750027, 0.6540037448607761]"
ridge,H_A_K,0.1,0.6468855237332123,0.6468855237332122,0.0031303635273172985,"[0.6494666823282945, 0.6422188435532885, 0.6497849545370861, 0.6375677523941913, 0.6553893858532007]"
ridge,H_A_K,1.0,0.6469028322298619,0.646902832229862,0.003268769452523769,"[0.6494028717944003, 0.6420460457168886, 0.6499150084667897, 0.6372324599829906, 0.6559177751882407]"
ridge,H_A_K,10.0,0.64690831534476,0.6469083153447599,0.003283381280510561,"[0.6493994942356697, 0.6420314635831721, 0.649932253728514, 0.6372010437281551, 0.6559773214482888]"
ridge,H_D_A_K,0.001,0.665377841720698,0.6653778417206981,0.0008098225373033664,"[0.667702222657138, 0.6630520981152237, 0.666235734993462, 0.6641744578545533, 0.6657246949831132]"
ridge,H_D_A_K,0.01,0.6414027263952428,0.6414027263952427,0.003100025272643767,"[0.6452906396251286, 0.6315873012125109, 0.6461171993365281, 0.6366341781766226, 0.6473843136254231]"
ridge,H_D_A_K,0.1,0.6344618077373599,0.6344618077373599,0.006450023208202249,"[0.6392653734183231, 0.6124914553110637, 0.6458689891758969, 0.6278659826088319, 0.6468172381726844]"
ridge,H_D_A_K,1.0,0.6316089221778484,0.6316089221778484,0.009273926215445236,"[0.6387392132702329, 0.5980676944967565, 0.6489124126998113, 0.626078609005403, 0.646246681417038]"
ridge,H_D_A_K,10.0,0.6326829225411498,0.6326829225411499,0.010564710520007792,"[0.6392009705003837, 0.594995095317264, 0.6555459484186417, 0.6265361567798289, 0.6471364416896311]"
ridge,H_B_A_K,0.001,0.6656489797044152,0.6656489797044153,0.0006940810955523301,"[0.6669513022366026, 0.6666822176377475, 0.6655250917952823, 0.6630581769658302, 0.666028109886614]"
ridge,H_B_A_K,0.01,0.6456124659798718,0.6456124659798718,0.002356674194387422,"[0.6476485223323042, 0.6484528920721333, 0.6453908898970615, 0.6366524587382937, 0.6499175668595663]"
ridge,H_B_A_K,0.1,0.643912205363224,0.643912205363224,0.0032114883680173113,"[0.6456093137447466, 0.6471534838161003, 0.6437585053669161, 0.631995764870641, 0.651043959017716]"
ridge,H_B_A_K,1.0,0.6439482779064788,0.6439482779064788,0.0033384112025642626,"[0.6455765030921914, 0.647219634355527, 0.6438111564323873, 0.6316124614161929, 0.6515216342360955]"
ridge,H_B_A_K,10.0,0.6439556083541302,0.6439556083541302,0.003351744816263575,"[0.645576395202812, 0.6472297147529581, 0.6438202984660598, 0.6315760162288079, 0.6515756171200134]"
ridge,H_D_B_A_K,0.001,0.663083461051466,0.663083461051466,0.0006057169276398997,"[0.6650124441041712, 0.662825118530843, 0.663260728186985, 0.6612078406684792, 0.6631111737668514]"
ridge,H_D_B_A_K,0.01,0.6387865722614047,0.6387865722614046,0.0022411368097063856,"[0.641547564788914, 0.634990661001917, 0.6415293677407834, 0.6320402441587533, 0.6438250236166553]"
ridge,H_D_B_A_K,0.1,0.6326928002095594,0.6326928002095593,0.005060909040474643,"[0.6357754948707179, 0.6181785571698241, 0.6425769325441725, 0.6236380691714968, 0.6432949472915858]"
ridge,H_D_B_A_K,1.0,0.6303176464587247,0.6303176464587248,0.007649088202244543,"[0.6352743092011233, 0.6046256930158758, 0.6465854607383592, 0.6222823760743125, 0.6428203932639528]"
ridge,H_D_B_A_K,10.0,0.6312776015063968,0.6312776015063968,0.00893587956886278,"[0.6356615449283514, 0.6014002480464665, 0.652900879458204, 0.6229640443950134, 0.6434612907039484]"
ridge,H_M_A_K,0.001,0.6680793932821217,0.6680793932821216,0.0007013811724464379,"[0.6701236501581701, 0.6670334260233206, 0.6685177598410045, 0.6660684860716547, 0.6686536443164585]"
ridge,H_M_A_K,0.01,0.6488014648860199,0.6488014648860199,0.0022854514458279466,"[0.6518287238737192, 0.6452250134899282, 0.6510130750370091, 0.6417962205102025, 0.6541442915192403]"
ridge,H_M_A_K,0.1,0.6468072202640086,0.6468072202640085,0.0032377365081555686,"[0.6489592061005535, 0.6418292560040831, 0.6501595708454249, 0.6373551606287275, 0.6557329077412538]"
ridge,H_M_A_K,1.0,0.6468163655311081,0.6468163655311081,0.0033899432616963376,"[0.6487907273599742, 0.6416224071458738, 0.6503427562280648, 0.637006972775706, 0.6563189641459218]"
ridge,H_M_A_K,10.0,0.6468213417035272,0.6468213417035273,0.003406099880466445,"[0.648776486120672, 0.6416045484572245, 0.6503660397744117, 0.636974461252058, 0.65638517291327]"
ridge,H_D_M_A_K,0.001,0.6654141918994504,0.6654141918994505,0.0008559551562797585,"[0.6680659627764687, 0.6630960056720503, 0.6661440953522564, 0.6641244749266536, 0.665640420769823]"
ridge,H_D_M_A_K,0.01,0.6413926746161454,0.6413926746161455,0.0031355574935169068,"[0.6452506893016245, 0.6314876525513985, 0.6461180590629864, 0.6365563015880791, 0.6475506705766386]"
ridge,H_D_M_A_K,0.1,0.6341801402406806,0.6341801402406806,0.006556936530136924,"[0.6386634101035391, 0.6118567206471548, 0.645396544012956, 0.6276510568804327, 0.6473329695593205]"
ridge,H_D_M_A_K,1.0,0.6312734488152584,0.6312734488152583,0.0094085911490808,"[0.637884576644811, 0.5971146974199307, 0.6481139017328666, 0.6261632433819229, 0.6470908248967605]"
ridge,H_D_M_A_K,10.0,0.6323969007068967,0.6323969007068967,0.010712799650598839,"[0.638655820217526, 0.5938153611492355, 0.654605063492668, 0.6268895980693339, 0.6480186606057198]"
ridge,H_B_M_A_K,0.001,0.6657083456199385,0.6657083456199385,0.000742802563846245,"[0.6673387483164838, 0.6667413712532966, 0.6654608921230536, 0.663028954513913, 0.6659717618929455]"
ridge,H_B_M_A_K,0.01,0.6455430976114348,0.6455430976114348,0.002390625368845886,"[0.6474696261017183, 0.6481786606139606, 0.6454765781908579, 0.6364566501654518, 0.6501339729851854]"
ridge,H_B_M_A_K,0.1,0.6436333865037757,0.6436333865037758,0.0033100199151031655,"[0.6446560627806158, 0.6464354358461463, 0.643968599095419, 0.6315169245088319, 0.6515899102878655]"
ridge,H_B_M_A_K,1.0,0.6436560610845155,0.6436560610845156,0.0034538222054361968,"[0.6445132092997183, 0.646450570507497, 0.6440606246912607, 0.6311007563094878, 0.6521551446146139]"
ridge,H_B_M_A_K,10.0,0.643662450122739,0.6436624501227391,0.003469050259434266,"[0.6445018647983312, 0.6464557151127649, 0.6440744077907022, 0.6310611430107516, 0.6522191199011456]"
ridge,H_D_B_M_A_K,0.001,0.663135324683967,0.663135324683967,0.0006654291611094302,"[0.6653614398719818, 0.6628834319304783, 0.6631966046882242, 0.661179093243298, 0.6630560536858522]"
ridge,H_D_B_M_A_K,0.01,0.638678716758566,0.6386787167585661,0.0022992827643328515,"[0.6412705348820498, 0.6347575202930166, 0.6414543316881716, 0.6318363303987001, 0.6440748665308924]"
ridge,H_D_B_M_A_K,0.1,0.6322818140415726,0.6322818140415725,0.005216398571787092,"[0.6349546637091887, 0.6172183158461912, 0.6418960074542043, 0.6233289557884458, 0.6440111274098327]"
ridge,H_D_B_M_A_K,1.0,0.6297690531788611,0.6297690531788611,0.00783930636649257,"[0.6344088576641972, 0.6032030728266782, 0.6454999127365436, 0.6220231769946987, 0.6437102456721882]"
ridge,H_D_B_M_A_K,10.0,0.6309772455190689,0.630977245519069,0.009137745654260308,"[0.6350282219163168, 0.6001441355722512, 0.65224285940691, 0.6228857471623146, 0.644585263537552]"
ridge,H_P_A_K,0.001,0.6680945671700366,0.6680945671700365,0.0006888082346410751,"[0.6695968991028677, 0.6668648349354035, 0.6692489723856667, 0.6660831683068233, 0.6686789611194216]"
ridge,H_P_A_K,0.01,0.6487235464331008,0.6487235464331008,0.002321919014011188,"[0.65100078693101, 0.6443651242629491, 0.6531745828451675, 0.6420148223992777, 0.6530624157270997]"
ridge,H_P_A_K,0.1,0.6469364767792163,0.6469364767792161,0.0032008950831659494,"[0.6486854754625808, 0.6406823442017593, 0.6531996564509714, 0.6382482082834444, 0.653866699497325]"
ridge,H_P_A_K,1.0,0.6469795040773563,0.6469795040773564,0.003333888039092202,"[0.6486232117479602, 0.6404220581798702, 0.6535143757245383, 0.6380272012712982, 0.6543106734631148]"
ridge,H_P_A_K,10.0,0.6469879610419047,0.6469879610419047,0.0033479009288566734,"[0.6486203473320681, 0.6403982933522899, 0.6535514089423861, 0.6380083359315302, 0.6543614196512494]"
ridge,H_D_P_A_K,0.001,0.6654238631947684,0.6654238631947684,0.0008584791781124681,"[0.6675654705074636, 0.6629124206572357, 0.6668787930942248, 0.6641262104856203, 0.6656364212292974]"
ridge,H_D_P_A_K,0.01,0.641220878895054,0.641220878895054,0.0034030936129966507,"[0.6444132314731444, 0.6303800315299208, 0.6486920495971831, 0.6364069027383614, 0.6462121791366604]"
ridge,H_D_P_A_K,0.1,0.6340304105808952,0.6340304105808952,0.007136876393259217,"[0.6374081196502847, 0.6102067814942773, 0.6508071622206265, 0.6271605396526762, 0.6445694498866107]"
ridge,H_D_P_A_K,1.0,0.6312895096248884,0.6312895096248884,0.010066837288690941,"[0.6365431396914413, 0.5959775984419343, 0.6546632767000529, 0.6250500598976786, 0.644213473393335]"
ridge,H_D_P_A_K,10.0,0.6324017961846895,0.6324017961846895,0.01144457191967943,"[0.636914149117287, 0.5929986910256864, 0.6613279982857423, 0.6255839333339319, 0.6451842091607995]"
ridge,H_B_P_A_K,0.001,0.6656525391537684,0.6656525391537684,0.0006827511326255591,"[0.6667700693069359, 0.6664913424879796, 0.6661406338766943, 0.6629907649753485, 0.6658698851218838]"
ridge,H_B_P_A_K,0.01,0.6451859745225104,0.6451859745225104,0.0021535086428866807,"[0.6464322443891328, 0.6469645266073416, 0.6475934840690525, 0.6366610077598741, 0.6482786097871511]"
ridge,H_B_P_A_K,0.1,0.643429881963482,0.643429881963482,0.0028048031822130374,"[0.6440165402562551, 0.644897001570233, 0.6470806617151615, 0.6326642401317738, 0.6484909661439868]"
ridge,H_B_P_A_K,1.0,0.6434817380656552,0.6434817380656553,0.0028964238584876316,"[0.6439527214733963, 0.6448585842587495, 0.6473272612379737, 0.6324291884415157, 0.6488409349166412]"
ridge,H_B_P_A_K,10.0,0.6434911601722868,0.6434911601722868,0.0029059855948079722,"[0.6439498236554918, 0.6448579096460705, 0.6473572777715186, 0.6324091019203191, 0.6488816878680341]"
ridge,H_D_B_P_A_K,0.001,0.6630795256242147,0.6630795256242148,0.0006210308698946125,"[0.6648173067679536, 0.6626308314578752, 0.663883473649647, 0.6611231600916244, 0.6629428561539737]"
ridge,H_D_B_P_A_K,0.01,0.6381760655903637,0.6381760655903637,0.002445387448422173,"[0.6400645858702876, 0.6332728750733942, 0.6440104566491217, 0.6315712519755837, 0.6419611583834314]"
ridge,H_D_B_P_A_K,0.1,0.6317219650002734,0.6317219650002734,0.005821769835782896,"[0.6329667839098709, 0.6152596211235783, 0.6476105489461258, 0.622650604683107, 0.6401222663386851]"
ridge,H_D_B_P_A_K,1.0,0.6294674622760528,0.6294674622760528,0.008592184690719587,"[0.6319204764435207, 0.6020316144196243, 0.6527307898314703, 0.6209701599978044, 0.6396842706878445]"
ridge,H_D_B_P_A_K,10.0,0.6305780545754807,0.6305780545754807,0.009976776430825732,"[0.6325720773207785, 0.5991496927273237, 0.6590625552221663, 0.621378641004643, 0.6407273066024921]"
ridge,H_M_P_A_K,0.001,0.6681296144963587,0.6681296144963585,0.0007289652684937505,"[0.6699925205273363, 0.6669006488304181, 0.6691476385775292, 0.66602962963011, 0.6685776349163993]"
ridge,H_M_P_A_K,0.01,0.6487984773416398,0.6487984773416396,0.002376073408195193,"[0.651200715621692, 0.644296279106447, 0.6533007109774381, 0.6419529454057393, 0.653241735596882]"
ridge,H_M_P_A_K,0.1,0.6468966961386979,0.6468966961386979,0.0033239902409738387,"[0.6482854926925221, 0.6403860595419092, 0.6534805674641263, 0.6380341078232171, 0.6542972531717146]"
ridge,H_M_P_A_K,1.0,0.6469335332188721,0.6469335332188721,0.003473227408660525,"[0.648132312976599, 0.6401013244392378, 0.6538350022028369, 0.6377931689548964, 0.6548058575207905]"
ridge,H_M_P_A_K,10.0,0.6469416534342546,0.6469416534342546,0.0034890341870696447,"[0.6481200650271901, 0.6400752893003943, 0.6538765613032672, 0.6377723819240293, 0.6548639696163925]"
ridge,H_D_M_P_A_K,0.001,0.6654552563507652,0.6654552563507652,0.0008956447697358342,"[0.6679248928939918, 0.662951742523399, 0.6667805623474602, 0.6640724616437228, 0.6655466223452521]"
ridge,H_D_M_P_A_K,0.01,0.6412359904281482,0.6412359904281482,0.0034248499080599885,"[0.6444010187559646, 0.630346166436042, 0.6486768841793945, 0.636349071382652, 0.6464068113866874]"
ridge,H_D_M_P_A_K,0.1,0.6339402655915776,0.6339402655915775,0.007208534843650531,"[0.6370398544625175, 0.6098143094046851, 0.650442017036363, 0.62711834533745, 0.645286801716872]"
ridge,H_D_M_P_A_K,1.0,0.6312111678752893,0.6312111678752892,0.010160585574344566,"[0.6362431210145995, 0.595283059559386, 0.6540010407051885, 0.6253555691092962, 0.6451730489879763]"
ridge,H_D_M_P_A_K,10.0,0.6322892655482127,0.6322892655482127,0.011490785604947925,"[0.6366767089108625, 0.5923057877081427, 0.6604522728158299, 0.6259545356523567, 0.646057022653872]"
ridge,H_B_M_P_A_K,0.001,0.6657068713148624,0.6657068713148625,0.0007247971417179548,"[0.6671515695811135, 0.6665506863025047, 0.6660717552631645, 0.6629564377547689, 0.6658039076727608]"
ridge,H_B_M_P_A_K,0.01,0.6451501632893478,0.6451501632893479,0.0021999120659912915,"[0.6463132967580248, 0.6467457315309939, 0.6476621567358255, 0.6364859966023216, 0.6485436348195738]"
ridge,H_B_M_P_A_K,0.1,0.6432181679399898,0.6432181679399898,0.002948541158549165,"[0.6432171623177896, 0.6442901318307036, 0.6472439412920585, 0.6321982732242841, 0.6491413310351134]"
ridge,H_B_M_P_A_K,1.0,0.643259952992946,0.643259952992946,0.0030629589645527577,"[0.6430637961982673, 0.6442058693932249, 0.6475235616081308, 0.6319227584736303, 0.6495837792914766]"
ridge,H_B_M_P_A_K,10.0,0.6432687439875358,0.6432687439875358,0.003075041274057989,"[0.6430519093247222, 0.6442007303958761, 0.647557517945812, 0.6318986149633893, 0.649634947307879]"
ridge,H_D_B_M_P_A_K,0.001,0.6631247125213116,0.6631247125213114,0.0006710009264265877,"[0.6651617026828605, 0.6626801001970726, 0.6638066160335623, 0.6610912835001563, 0.6628838601929059]"
ridge,H_D_B_M_P_A_K,0.01,0.6381197670514837,0.6381197670514835,0.002495180410096391,"[0.6398886175964097, 0.6330891629248423, 0.6439530862639332, 0.6314141776197144, 0.6422537908525183]"
ridge,H_D_B_M_P_A_K,0.1,0.6315129423282788,0.6315129423282788,0.0059159509956906815,"[0.6324867310913159, 0.6146439176012896, 0.6470082173499354, 0.6223782098552856, 0.6410476357435674]"
ridge,H_D_B_M_P_A_K,1.0,0.6292921291184919,0.6292921291184919,0.00868741379274968,"[0.6317088769351131, 0.6010794118277539, 0.6517680869235317, 0.6210287997476276, 0.6408754701584328]"
ridge,H_D_B_M_P_A_K,10.0,0.630422586673517,0.630422586673517,0.010088372826031889,"[0.6322455874460124, 0.5981490904462656, 0.6584297441111953, 0.62156413621546, 0.6417243751486522]"
ridge,H_C_A_K,0.001,0.6680003770236765,0.6680003770236767,0.000640761523025442,"[0.6695970426630526, 0.666969898128133, 0.6684867185631499, 0.6660939240030879, 0.6688543017609595]"
ridge,H_C_A_K,0.01,0.648857848045221,0.648857848045221,0.002265508280344673,"[0.6513031304370973, 0.6456758196524558, 0.6504922435352285, 0.6419486940220022, 0.6548693525793209]"
ridge,H_C_A_K,0.1,0.6474531971120571,0.647453197112057,0.0032335534597490107,"[0.6489625266040562, 0.6435087030283979, 0.6494283783357585, 0.6380065902915565, 0.6573597873005157]"
ridge,H_C_A_K,1.0,0.6478532753726942,0.6478532753726943,0.0033550489640460654,"[0.6488344090854413, 0.6439524404506024, 0.6501076253301897, 0.6380952499650884, 0.6582766520321501]"
ridge,H_C_A_K,10.0,0.6481673478280239,0.6481673478280239,0.0033383038112636734,"[0.648821273735453, 0.6444237385704313, 0.6507880107876639, 0.6383652910567224, 0.658438424989849]"
ridge,H_D_C_A_K,0.001,0.6653488707779407,0.6653488707779406,0.000794347368227913,"[0.6675837210633275, 0.6630346579356465, 0.6661203903142664, 0.6641557872960182, 0.6658497972804447]"
ridge,H_D_C_A_K,0.01,0.6415901208208161,0.641590120820816,0.003107600749519289,"[0.6450525672766456, 0.6318830881142014, 0.6459064273173825, 0.6367906248765053, 0.6483178965193457]"
ridge,H_D_C_A_K,0.1,0.6352022899529084,0.6352022899529084,0.006490931773654646,"[0.6392154185495875, 0.6134436639092888, 0.6460314679702648, 0.6283669550325532, 0.6489539443028477]"
ridge,H_D_C_A_K,1.0,0.6329925665767692,0.6329925665767692,0.009332648729098234,"[0.6387774767745726, 0.5996244848558919, 0.6500644270880975, 0.6271041579367408, 0.6493922862285428]"
ridge,H_D_C_A_K,10.0,0.6346305109143475,0.6346305109143475,0.010649815687485836,"[0.6393609285829029, 0.5969643843588125, 0.6573990856299197, 0.6283746723868029, 0.6510534836132995]"
ridge,H_B_C_A_K,0.001,0.665613064540738,0.665613064540738,0.0006914205057819279,"[0.6668327540814737, 0.6666609342895644, 0.6654008303185074, 0.6630332504682812, 0.6661375535458632]"
ridge,H_B_C_A_K,0.01,0.645736329275192,0.6457363292751921,0.002439728641924621,"[0.6472912024423844, 0.6488123845407697, 0.6450361412316646, 0.6367371071109351, 0.6508048110502064]"
ridge,H_B_C_A_K,0.1,0.644503843674367,0.644503843674367,0.0034248366813582694,"[0.6451218886193538, 0.6484358740110922, 0.643437074590211, 0.6324776736582828, 0.6530467074928952]"
ridge,H_B_C_A_K,1.0,0.644912977674425,0.644912977674425,0.0035542059260237997,"[0.6450324337252514, 0.6491991234535213, 0.6440493439680249, 0.6324826397947474, 0.65380134743058]"
ridge,H_B_C_A_K,10.0,0.6452448282109058,0.6452448282109058,0.0035609099659976314,"[0.6450333208771842, 0.6498804778033273, 0.6447178783560822, 0.6327086004806943, 0.653883863537241]"
ridge,H_D_B_C_A_K,0.001,0.6630522773156815,0.6630522773156816,0.0005903139325883138,"[0.6648958417554652, 0.6628070132185102, 0.6631412215868014, 0.6611890427828903, 0.6632282672347405]"
ridge,H_D_B_C_A_K,0.01,0.6389773198220176,0.6389773198220176,0.0022796202144791584,"[0.6413256665441026, 0.6352784498276084, 0.6413252756011418, 0.6322045832172383, 0.6447526239199964]"
ridge,H_D_B_C_A_K,0.1,0.6334690257428216,0.6334690257428217,0.005126724101089546,"[0.6356809099745455, 0.6191636394735041, 0.6427218009267581, 0.6242479423960227, 0.6455308359432781]"
ridge,H_D_B_C_A_K,1.0,0.6317384898901335,0.6317384898901335,0.007687309317726805,"[0.6353559704902919, 0.6063651218265156, 0.6477157393013441, 0.6233798826512446, 0.6458757351812715]"
ridge,H_D_B_C_A_K,10.0,0.6333904300980655,0.6333904300980654,0.009156208559476773,"[0.635775354637848, 0.6034140036315425, 0.6555894253431314, 0.6245733402909941, 0.6476000265868114]"
ridge,H_M_C_A_K,0.001,0.6680402454658042,0.6680402454658043,0.0006906273885858986,"[0.669996851129899, 0.6670093765214241, 0.6683879826972501, 0.666040325054701, 0.668766691925747]"
ridge,H_M_C_A_K,0.01,0.6489116164858627,0.6489116164858627,0.002320653934727864,"[0.6514583837294736, 0.6455659209403478, 0.6506553835229492, 0.6418611309882615, 0.6550172632482816]"
ridge,H_M_C_A_K,0.1,0.6473691637561733,0.6473691637561731,0.0033691580908782105,"[0.6484550868997454, 0.6431533062257382, 0.6497682819846223, 0.6376834767051678, 0.6577856669655924]"
ridge,H_M_C_A_K,1.0,0.6477549583879362,0.6477549583879363,0.0035276231930640336,"[0.6482405966107408, 0.6435766192822212, 0.6504075406835442, 0.6377012049939553, 0.65884883036922]"
ridge,H_M_C_A_K,10.0,0.6480581253495226,0.6480581253495227,0.003517987493556596,"[0.6482349228487689, 0.6440475791798782, 0.6509982230777177, 0.6379606276676846, 0.6590492739735637]"
ridge,H_D_M_C_A_K,0.001,0.6653869323991441,0.6653869323991441,0.0008387079462273514,"[0.667950325155665, 0.6630776985791169, 0.6660319560907587, 0.6641173542377969, 0.6657573279323827]"
ridge,H_D_M_C_A_K,0.01,0.6415879514410977,0.6415879514410977,0.0031424977743604544,"[0.645036637293511, 0.6318110647258672, 0.645895448139453, 0.6367064130448982, 0.6484901940017594]"
ridge,H_D_M_C_A_K,0.1,0.6349483494937177,0.6349483494937176,0.0066152331684297275,"[0.6386534847659997, 0.6128201046866107, 0.6454961446615389, 0.6281721679456346, 0.6495998454088042]"
ridge,H_D_M_C_A_K,1.0,0.6326931392750783,0.6326931392750784,0.009483920241239343,"[0.6382594543360414, 0.5987052955549839, 0.6489050263378293, 0.6270639385407144, 0.6505319816058228]"
ridge,H_D_M_C_A_K,10.0,0.6343556902171836,0.6343556902171837,0.010830765755307354,"[0.6387715953809071, 0.595897185315952, 0.656449562154322, 0.6283294771713344, 0.6523306310634028]"
ridge,H_B_M_C_A_K,0.001,0.6656700236890095,0.6656700236890095,0.0007378213513696346,"[0.66721646142632, 0.666719077496621, 0.6653331194916681, 0.6630026288282708, 0.6660788312021677]"
ridge,H_B_M_C_A_K,0.01,0.6456748627473837,0.6456748627473837,0.0024795600005530164,"[0.6471393943861441, 0.6485220194231823, 0.6451343843398045, 0.636532878776813, 0.6510456368109748]"
ridge,H_B_M_C_A_K,0.1,0.644223463114376,0.644223463114376,0.003575393509695267,"[0.6441799672018245, 0.6477634261562817, 0.6435936272780337, 0.6318670054271113, 0.6537132895086284]"
ridge,H_B_M_C_A_K,1.0,0.6446302273658985,0.6446302273658985,0.003759156964508282,"[0.6440135144658479, 0.6485029904462256, 0.6441504153224443, 0.6317712185258616, 0.6547129980691129]"
ridge,H_B_M_C_A_K,10.0,0.6449467678125941,0.6449467678125942,0.003776688252197319,"[0.6439870066421959, 0.6491806949126431, 0.6447236268813222, 0.6319819364034477, 0.6548605742233615]"
ridge,H_D_B_M_C_A_K,0.001,0.6631084142079724,0.6631084142079724,0.000651153747995467,"[0.6652600477388215, 0.6628703616548532, 0.6630780673188268, 0.6611619036490315, 0.663171690678329]"
ridge,H_D_B_M_C_A_K,0.01,0.6388757781578379,0.6388757781578379,0.0023457117376204746,"[0.6410589676736156, 0.6350499033204335, 0.6412478974263848, 0.6320014279527261, 0.6450206944160298]"
ridge,H_D_B_M_C_A_K,0.1,0.6330394905085134,0.6330394905085134,0.005321330154719692,"[0.6349412882374099, 0.618262472746119, 0.6419749079080025, 0.6236790940081992, 0.6463396896428362]"
ridge,H_D_B_M_C_A_K,1.0,0.6312491785290301,0.63124917852903,0.007906917175842002,"[0.6346042996143803, 0.6049842948280076, 0.6465098793593381, 0.6230915817255017, 0.6470558371179226]"
ridge,H_D_B_M_C_A_K,10.0,0.6328331785079154,0.6328331785079154,0.009255976040870622,"[0.6351161960502677, 0.6021885168670368, 0.6543106426532846, 0.624355181230798, 0.6481953557381899]"
ridge,H_P_C_A_K,0.001,0.6680562278194736,0.6680562278194737,0.0006755481367228513,"[0.669470923302919, 0.6668435637918703, 0.6691210347700279, 0.6660591490674949, 0.6687864681650562]"
ridge,H_P_C_A_K,0.01,0.6488457357858667,0.6488457357858667,0.0023224802994378318,"[0.6506518656109918, 0.644731327529663, 0.6528229438276953, 0.6420750690065522, 0.6539474729544313]"
ridge,H_P_C_A_K,0.1,0.6475160924368945,0.6475160924368943,0.0032296107180436254,"[0.6482120729431128, 0.6419862030820835, 0.6528787728816687, 0.6386306422785483, 0.6558727709990589]"
ridge,H_P_C_A_K,1.0,0.6479577071518849,0.647957707151885,0.0033709683059742353,"[0.6481012568527927, 0.6423352120007388, 0.6538454740766925, 0.6387842908594547, 0.6567223019697462]"
ridge,H_P_C_A_K,10.0,0.6482875324775811,0.6482875324775812,0.003386475225236289,"[0.6480962438148273, 0.6428037958215456, 0.6546058551934519, 0.6390460123605415, 0.656885755197539]"
ridge,H_D_P_C_A_K,0.001,0.6653928124714479,0.6653928124714479,0.000839685344243161,"[0.6674492779808123, 0.6628968397041746, 0.6667566183002858, 0.6641074472854821, 0.6657538790864852]"
ridge,H_D_P_C_A_K,0.01,0.6414089394351217,0.6414089394351217,0.003382839013962107,"[0.6441709011141328, 0.6306857912146743, 0.6484607850306824, 0.6365666447848913, 0.6471605750312277]"
ridge,H_D_P_C_A_K,0.1,0.634823249808919,0.6348232498089189,0.007138318995400441,"[0.6374273398209517, 0.6112121369434165, 0.6509229102743483, 0.6276955465477118, 0.6468583154581664]"
ridge,H_D_P_C_A_K,1.0,0.6327462080928837,0.6327462080928838,0.010105626808768933,"[0.6366979599914981, 0.597659864842116, 0.6558973922139336, 0.6260617392560136, 0.6474140841608579]"
ridge,H_D_P_C_A_K,10.0,0.6344943852950247,0.6344943852950247,0.011640954512171675,"[0.6370928143250364, 0.5949126312783846, 0.6640221543481908, 0.6273343822151978, 0.649109944308314]"
ridge,H_B_P_C_A_K,0.001,0.6656186888646068,0.6656186888646071,0.0006759663376766269,"[0.666649566300827, 0.6664759826996312, 0.6660162265824272, 0.6629641003066684, 0.6659875684334815]"
ridge,H_B_P_C_A_K,0.01,0.645323685505103,0.645323685505103,0.002202630891128585,"[0.6460992161483473, 0.6473181884922035, 0.6472684469493519, 0.6367391127039257, 0.6491934632316868]"
ridge,H_B_P_C_A_K,0.1,0.6440360888197865,0.6440360888197865,0.0029589874400259425,"[0.6435621453441392, 0.6461924677256503, 0.6468085270767471, 0.6330728584424697, 0.650544445509926]"
ridge,H_B_P_C_A_K,1.0,0.6444748632287979,0.6444748632287978,0.003081519901565619,"[0.6434642829558304, 0.6468291923646862, 0.6477400610228098, 0.6331684887503118, 0.6511722910503511]"
ridge,H_B_P_C_A_K,10.0,0.6448191324127615,0.6448191324127615,0.003119605537752614,"[0.6434421215743101, 0.6474761744666848, 0.6485412259247834, 0.6333928771409855, 0.6512432629570438]"
ridge,H_D_B_P_C_A_K,0.001,0.6630487795714217,0.6630487795714217,0.000600760468237297,"[0.6647035137837333, 0.6626099260479502, 0.663763051449792, 0.6611052871460621, 0.6630621194295707]"
ridge,H_D_B_P_C_A_K,0.01,0.6383778623035397,0.6383778623035397,0.0024428281172609975,"[0.6398602601413098, 0.6335883305534763, 0.6437867334834321, 0.6317258094528245, 0.6429281778866558]"
ridge,H_D_B_P_C_A_K,0.1,0.6325058465213825,0.6325058465213826,0.005838370822778305,"[0.632889791174597, 0.6163042100866479, 0.6477793215495995, 0.623143020667577, 0.6424128891284915]"
ridge,H_D_B_P_C_A_K,1.0,0.630903105194864,0.6309031051948641,0.008637912236111699,"[0.6321354214308065, 0.6037891399156528, 0.6539481382006266, 0.6218216965984195, 0.6428211298288149]"
ridge,H_D_B_P_C_A_K,10.0,0.6326149940367005,0.6326149940367006,0.010193251314845804,"[0.632629958124794, 0.6012580016089648, 0.6620673653539653, 0.6229400609857365, 0.6441795841100422]"
ridge,H_M_P_C_A_K,0.001,0.6680908670741271,0.668090867074127,0.0007145215532567119,"[0.6698673278121176, 0.666877177765884, 0.669017029669294, 0.666001831898124, 0.6686909682252157]"
ridge,H_M_P_C_A_K,0.01,0.6489153536545245,0.6489153536545245,0.0023773382889215305,"[0.6508364523970336, 0.6446490240346897, 0.6529428889121859, 0.642011757908737, 0.6541366450199758]"
ridge,H_M_P_C_A_K,0.1,0.6474698579100036,0.6474698579100037,0.0033778486468063985,"[0.6477958630648674, 0.6417174514432266, 0.6531312122259915, 0.6383268000985326, 0.6563779627174003]"
ridge,H_M_P_C_A_K,1.0,0.6479083325578264,0.6479083325578265,0.0035401596372648552,"[0.6476243691041388, 0.6420703281015253, 0.654039484981403, 0.6384459233845134, 0.6573615572175516]"
ridge,H_M_P_C_A_K,10.0,0.6482374560633603,0.6482374560633603,0.003559216207403478,"[0.6476386558786054, 0.6425060023248269, 0.6547384141915088, 0.6387214292752053, 0.6575827786466549]"
ridge,H_D_M_P_C_A_K,0.001,0.6654307727357025,0.6654307727357026,0.0008777923366810133,"[0.6678252559487968, 0.6629345066281974, 0.6666641034004656, 0.6640636909563591, 0.6656663067446938]"
ridge,H_D_M_P_C_A_K,0.01,0.6414317826709599,0.6414317826709599,0.003412363736174635,"[0.6441847576996075, 0.6306476085967551, 0.6484635128193688, 0.6364972487479013, 0.6473657854911671]"
ridge,H_D_M_P_C_A_K,0.1,0.6347117332340357,0.6347117332340357,0.007221632247535591,"[0.637033525315222, 0.610858951323924, 0.6505279306121527, 0.6275139815944945, 0.6476242773243857]"
ridge,H_D_M_P_C_A_K,1.0,0.6326357923202772,0.6326357923202772,0.010193904993591588,"[0.6364294311450494, 0.5970088333678858, 0.6549665636937503, 0.6261881936716291, 0.6485859397230712]"
ridge,H_D_M_P_C_A_K,10.0,0.6344018888918608,0.6344018888918608,0.011715351227909713,"[0.636892152167927, 0.5942090836171003, 0.6628812044718876, 0.6274005629354401, 0.6506264412669487]"
ridge,H_B_M_P_C_A_K,0.001,0.6656716386014997,0.6656716386014997,0.0007152217105992093,"[0.6670301756717053, 0.6665293759450646, 0.6659437276334667, 0.662930877975896, 0.6659240357813658]"
ridge,H_B_M_P_C_A_K,0.01,0.6452960039089412,0.6452960039089412,0.0022538075558108752,"[0.6460016178724892, 0.6470967927586997, 0.6473440761122164, 0.6365656269578104, 0.6494719058434902]"
ridge,H_B_M_P_C_A_K,0.1,0.643812892448034,0.643812892448034,0.0031460930326536614,"[0.6427714004182163, 0.6456164823387859, 0.6469047897247776, 0.6324881845934528, 0.6512836051649369]"
ridge,H_B_M_P_C_A_K,1.0,0.6442636690158055,0.6442636690158055,0.0033118041430289687,"[0.6425873110184488, 0.6462637799303892, 0.6477606595468887, 0.6325292876518355, 0.6521773069314651]"
ridge,H_B_M_P_C_A_K,10.0,0.6445994999331449,0.6445994999331449,0.0033558728828774757,"[0.642572309391324, 0.6468833746965061, 0.648499844315089, 0.6327215228657653, 0.65232044839704]"
ridge,H_D_B_M_P_C_A_K,0.001,0.6631049551204962,0.6631049551204962,0.0006508739517834781,"[0.6650642051841107, 0.6626653028981284, 0.6637009125409814, 0.6610859722945636, 0.663008382684697]"
ridge,H_D_B_M_P_C_A_K,0.01,0.6383165960804194,0.6383165960804194,0.0024993832140260594,"[0.6396620857279481, 0.633407662138752, 0.6437174645049248, 0.6315595233412283, 0.6432362446892435]"
ridge,H_D_B_M_P_C_A_K,0.1,0.6322666290581763,0.6322666290581763,0.005940579690889905,"[0.6324094151668654, 0.6157495243848616, 0.6471054678679204, 0.622748343941631, 0.643320393929603]"
ridge,H_D_B_M_P_C_A_K,1.0,0.6307238544876694,0.6307238544876694,0.008738092038658708,"[0.631789268940211, 0.6029727409821865, 0.652855145413968, 0.6216948592334691, 0.6443072578685122]"
ridge,H_D_B_M_P_C_A_K,10.0,0.6324248523620407,0.6324248523620406,0.010242326668335185,"[0.6322354664259988, 0.6003271434509216, 0.6608121566257656, 0.623097267869173, 0.6456522274383443]"
ridge,NONE,0.001,0.6853643289188563,0.6853643289188565,0.0,"[0.6853643289188565, 0.6853643289188565, 0.6853643289188565, 0.6853643289188565, 0.6853643289188565]"
ridge,NONE,0.01,0.6853643289188563,0.6853643289188565,0.0,"[0.6853643289188565, 0.6853643289188565, 0.6853643289188565, 0.6853643289188565, 0.6853643289188565]"
ridge,NONE,0.1,0.6853643289188563,0.6853643289188565,0.0,"[0.6853643289188565, 0.6853643289188565, 0.6853643289188565, 0.6853643289188565, 0.6853643289188565]"
ridge,NONE,1.0,0.6853643289188563,0.6853643289188565,0.0,"[0.6853643289188565, 0.6853643289188565, 0.6853643289188565, 0.6853643289188565, 0.6853643289188565]"
ridge,NONE,10.0,0.6853643289188563,0.6853643289188565,0.0,"[0.6853643289188565, 0.6853643289188565, 0.6853643289188565, 0.6853643289188565, 0.6853643289188565]"
ridge,D,0.001,0.6820120770028744,0.6820120770028744,0.00044041293878666353,"[0.6829348008271418, 0.6806146530886583, 0.6822659189988465, 0.682824728725858, 0.6814202833738674]"
ridge,D,0.01,0.6721355683783067,0.6721355683783067,0.0024407290172123704,"[0.6772432114362714, 0.663931357190794, 0.6744205186420787, 0.6757190890983481, 0.6693636655240408]"
ridge,D,0.1,0.6642470839763597,0.6642470839763596,0.005903379678140702,"[0.6752231857770193, 0.6428949911861905, 0.6737057526633637, 0.6686251839773334, 0.660786306277891]"
ridge,D,1.0,0.6621656516928427,0.6621656516928427,0.008795211706229605,"[0.6764940540192701, 0.6296802408855988, 0.6786311188434538, 0.6656541185267139, 0.6603687261891767]"
ridge,D,10.0,0.6630408578397526,0.6630408578397525,0.010003464590069252,"[0.6772889554984807, 0.6265857124037651, 0.6845034652964481, 0.665472148895863, 0.661354007104206]"
ridge,B,0.001,0.6821047670223291,0.6821047670223294,0.0005633051889476053,"[0.6816972324683723, 0.6843374311680869, 0.681392218546492, 0.6813630884694983, 0.6817338644591969]"
ridge,B,0.01,0.6781050949165204,0.6781050949165202,0.0020397328949020863,"[0.6764994439280864, 0.6861076891057115, 0.6755567771029956, 0.6750208911864217, 0.6773406732593863]"
ridge,B,0.1,0.6777381954029948,0.677738195402995,0.0027598271537739396,"[0.6755042655218163, 0.6885128990869349, 0.6743135001952608, 0.6733867558681804, 0.6769735563427822]"
ridge,B,1.0,0.6777469696999341,0.677746969699934,0.0028612654611408377,"[0.6754229635047863, 0.6889101910717744, 0.6741996927721718, 0.6732125083497673, 0.6769894928011703]"
ridge,B,10.0,0.6777486798773773,0.6777486798773772,0.002871835395062194,"[0.6754152583960723, 0.6889523655230655, 0.6741886453416075, 0.6731951146924197, 0.6769920154337212]"
ridge,D_B,0.001,0.6788911642917131,0.6788911642917131,0.0003165326143163351,"[0.679380474067829, 0.6797183850824788, 0.6784508973535166, 0.6789542238951417, 0.6779518410595999]"
ridge,D_B,0.01,0.6663590426181147,0.666359042618115,0.0010095159601205212,"[0.6693541611460507, 0.6658364472261538, 0.6665982964303743, 0.666927277196132, 0.6630790310918634]"
ridge,D_B,0.1,0.6597931704659658,0.6597931704659656,0.003674392010339574,"[0.6670202896459152, 0.6483420060564918, 0.6680314699839698, 0.6601029396556517, 0.6554691469878002]"
ridge,D_B,1.0,0.6582120307239033,0.6582120307239033,0.006572825362482106,"[0.6683042637239833, 0.6358984566461836, 0.6741500483819014, 0.6576507391938338, 0.6550566456736147]"
ridge,D_B,10.0,0.6593479860892448,0.6593479860892448,0.007963854240632612,"[0.6692109618901974, 0.6330538118844535, 0.680918737455478, 0.6575821939761395, 0.6559742252399556]"
ridge,M,0.001,0.6852504357493633,0.6852504357493634,0.0001422170513288375,"[0.6857975087745352, 0.685255698797743, 0.6850400985733113, 0.6851146062355693, 0.6850442663656581]"
ridge,M,0.01,0.6852087154572225,0.6852087154572225,0.000524774368097944,"[0.6872172957433006, 0.6852600655789177, 0.6844337665099628, 0.6847155508798013, 0.68441689857413]"
ridge,M,0.1,0.6852752271797462,0.6852752271797463,0.0007093353587181194,"[0.6879853917413797, 0.6853591613740064, 0.6842284001882696, 0.6846122688509293, 0.684190913744146]"
ridge,M,1.0,0.6852878073109822,0.685287807310982,0.0007352862650474781,"[0.6880964747963345, 0.6853767315886401, 0.68420276002349, 0.6846010924768288, 0.684161977669617]"
ridge,M,10.0,0.6852891360215917,0.6852891360215917,0.0007379217189204474,"[0.6881078100999056, 0.6853785578658935, 0.6842002133851608, 0.684600004825674, 0.684159093931325]"
ridge,D_M,0.001,0.6819022159233571,0.6819022159233572,0.0005001105401798699,"[0.6833241779396048, 0.6805258164915197, 0.6819596066931204, 0.6825846214845569, 0.681116857007984]"
ridge,D_M,0.01,0.6720205933253456,0.6720205933253458,0.0025184855354584766,"[0.678227110884892, 0.6640842124013905, 0.6738421512762646, 0.6752933382141797, 0.6686561538500021]"
ridge,D_M,0.1,0.6643291499937599,0.6643291499937599,0.0057925157834289856,"[0.6757496879096124, 0.6437520470137164, 0.6735861114682116, 0.6682489992208186, 0.6603089043564411]"
ridge,D_M,1.0,0.6623492629583634,0.6623492629583634,0.00860843188347897,"[0.6767222412953722, 0.6307354159598948, 0.6785662598396042, 0.6653680910453875, 0.6603543066515583]"
ridge,D_M,10.0,0.6635048508280192,0.6635048508280195,0.009945658762547908,"[0.6775900822714029, 0.6277201221478659, 0.6856743257168569, 0.665242925172733, 0.6612967988312385]"
ridge,B_M,0.001,0.6820431525289555,0.6820431525289556,0.0005884224872931796,"[0.6821384835515655, 0.6842845209544218, 0.6811367635482128, 0.6811737814601696, 0.6814822131304079]"
ridge,B_M,0.01,0.6782206830099198,0.6782206830099199,0.0021012496699309544,"[0.6780335225043581, 0.6862808098995784, 0.6751177218762794, 0.6747634196575629, 0.6769079411118202]"
ridge,B_M,0.1,0.6779583126099942,0.6779583126099942,0.00282533019137459,"[0.6773878620652964, 0.6888037858527499, 0.6738745750998876, 0.6731513559110317, 0.6765739841210051]"
ridge,B_M,1.0,0.6779806933942297,0.6779806933942298,0.0029270675135069928,"[0.6773426708734119, 0.6892165085054942, 0.6737624213519798, 0.672979730427704, 0.6766021358125592]"
ridge,B_M,10.0,0.6779837599042415,0.6779837599042415,0.0029376889809053256,"[0.6773384684169191, 0.6892603100617033, 0.673751487836165, 0.6729624948298559, 0.6766060383765646]"
ridge,D_B_M,0.001,0.6788311086728878,0.6788311086728878,0.00040366928493802044,"[0.6797806880447977, 0.679676899929797, 0.678209714241967, 0.6787764141502809, 0.677711826997596]"
ridge,D_B_M,0.01,0.6664543762328737,0.6664543762328736,0.0011701943252924428,"[0.6701698379137407, 0.6661404125559616, 0.666363906527701, 0.6667981403934353, 0.6627995837735293]"
ridge,D_B_M,0.1,0.6600077063156143,0.6600077063156143,0.0035933861769522923,"[0.667328771276955, 0.6489483982932281, 0.6680043401945056, 0.6600382676823795, 0.6557187541310032]"
ridge,D_B_M,1.0,0.6585610424617269,0.6585610424617269,0.006427517548105395,"[0.6685012022213533, 0.6367600897556109, 0.6741574627230067, 0.6576795200896246, 0.6557069375190385]"
ridge,D_B_M,10.0,0.659606081460487,0.6596060814604872,0.007883069245486221,"[0.6692797084973994, 0.6335847937558912, 0.6810221305761451, 0.6576539955914996, 0.6564897788815002]"
ridge,P,0.001,0.6854781554910176,0.6854781554910176,0.00013897049606344575,"[0.6853058976161626, 0.685306680239794, 0.6860300673594462, 0.6853528113157372, 0.685395320923948]"
ridge,P,0.01,0.6857933792569328,0.6857933792569328,0.0004953356434581368,"[0.6851891790801349, 0.6851933977836393, 0.6877642249259909, 0.6853653658115417, 0.6854547286833571]"
ridge,P,0.1,0.6859515258183099,0.68595152581831,0.0006605557767461625,"[0.6851462551415404, 0.685152554967042, 0.6885801087792043, 0.6853856087904918, 0.6854931014132711]"
ridge,P,1.0,0.6859735595911218,0.6859735595911218,0.000683561858572677,"[0.6851407010082914, 0.685147311298093, 0.688693839770075, 0.685388991518816, 0.685496954360334]"
ridge,P,10.0,0.6859757931718105,0.6859757931718103,0.0006858888386476531,"[0.6851401482148035, 0.6851467898511996, 0.6887053489736897, 0.6853893390083584, 0.6854973398110004]"
ridge,D_P,0.001,0.6821208237248317,0.6821208237248318,0.00048114160536025485,"[0.6828658681024025, 0.6805524053786036, 0.6829465202974709, 0.6828027217641596, 0.6814366030815222]"
ridge,D_P,0.01,0.6724293701781484,0.6724293701781485,0.0026570624205100465,"[0.676835565188316, 0.6635484555146837, 0.6771547822302385, 0.6755097588399753, 0.6690982891175293]"
ridge,D_P,0.1,0.6643928328248682,0.6643928328248683,0.006480708058142,"[0.6740566005963591, 0.6418697650710069, 0.6786869275889235, 0.6677963629360838, 0.659554507931968]"
ridge,D_P,1.0,0.6622738696105736,0.6622738696105737,0.009549427240357712,"[0.6750069716238173, 0.6284094790629746, 0.6846093033288095, 0.6644381842062929, 0.6589054098309737]"
ridge,D_P,10.0,0.6633356162649732,0.6633356162649731,0.010917914421923004,"[0.6759056801848686, 0.6253499646137702, 0.6911003398875967, 0.6643361081590999, 0.6599859884795302]"
ridge,B_P,0.001,0.6821771121880329,0.6821771121880328,0.0005269324748777765,"[0.6815886711222567, 0.6842319678008753, 0.6820545709314706, 0.6813229008680866, 0.6816874502174751]"
ridge,B_P,0.01,0.6781833186389999,0.6781833186389997,0.001918308671155713,"[0.6757657372628909, 0.6855336796019518, 0.6781958716558089, 0.67484539448479, 0.6765759101895574]"
ridge,B_P,0.1,0.677878585011541,0.6778785850115409,0.0026105620560542744,"[0.6743821829677444, 0.6877892587623313, 0.6782086295390355, 0.6732811568427951, 0.6757316969457979]"
ridge,B_P,1.0,0.6779044494889711,0.677904449488971,0.002711316585676902,"[0.6742441427704073, 0.6881844615259546, 0.6782900976346328, 0.6731246575056252, 0.6756788880082353]"
ridge,B_P,10.0,0.6779081413521442,0.6779081413521443,0.0027218499687233027,"[0.6742306130900051, 0.6882267378097165, 0.678299605766093, 0.6731092612643281, 0.6756744888305781]"
ridge,D_B_P,0.001,0.6789540356101339,0.6789540356101338,0.0002899113228368648,"[0.6792607485977877, 0.6796008245582486, 0.6791191732240583, 0.6789024633362064, 0.6778869683343678]"
ridge,D_B_P,0.01,0.6662300670427795,0.6662300670427793,0.001324142944711809,"[0.6683077623400251, 0.6649647322523062, 0.6695113111089676, 0.6664197619124168, 0.6619467676001813]"
ridge,D_B_P,0.1,0.659277895204939,0.659277895204939,0.004688212614429893,"[0.6645874141179094, 0.6464846120658252, 0.6737001598464548, 0.6586063721462334, 0.653010917848272]"
ridge,D_B_P,1.0,0.6577464526304969,0.657746452630497,0.007739194936247256,"[0.6654923511012587, 0.634013981315069, 0.6810484983976075, 0.6556587827913837, 0.6525186495471658]"
ridge,D_B_P,10.0,0.6587861385084697,0.6587861385084697,0.009189862077512406,"[0.6663920180959674, 0.6310334923594823, 0.6874644216325423, 0.6555632649596181, 0.6534774954947384]"
ridge,M_P,0.001,0.685357518858799,0.685357518858799,0.0001472558837395426,"[0.68573126703539, 0.6851898838644829, 0.6856981403664347, 0.6850985440996821, 0.6850697589280058]"
ridge,M_P,0.01,0.6855883049719445,0.6855883049719445,0.0005426928242540892,"[0.686970250749625, 0.6850348843933713, 0.6868197451879418, 0.6846926498479543, 0.68442399468083]"
ridge,M_P,0.1,0.6857900224338801,0.6857900224338801,0.0007330037967394855,"[0.6876631339849044, 0.6850742627769681, 0.6874339288970934, 0.6846119689722303, 0.684166817538204]"
ridge,M_P,1.0,0.6858267198054192,0.6858267198054191,0.0007623760219177094,"[0.6877646592398011, 0.6850851131314339, 0.6875460605099014, 0.684605574782467, 0.6841321913634923]"
ridge,M_P,10.0,0.6858301670512466,0.6858301670512466,0.0007651947024233556,"[0.6877752208262403, 0.685086297459031, 0.6875557184964911, 0.6846049840248908, 0.6841286144495797]"
ridge,D_M_P,0.001,0.6820020596142969,0.6820020596142968,0.0005213508618497494,"[0.6832466283355907, 0.6804507592365389, 0.6826324861743499, 0.6825581339604891, 0.6811222903645154]"
ridge,D_M_P,0.01,0.672243198719769,0.6722431987197689,0.002711274168046455,"[0.6777392103863354, 0.6635980134218523, 0.6765672377644731, 0.6750238003940104, 0.6682877316321736]"
ridge,D_M_P,0.1,0.6644146841288855,0.6644146841288855,0.006390564641153199,"[0.674391109326569, 0.6426623133501622, 0.6787426390125422, 0.6673544218526932, 0.658922937102461]"
ridge,D_M_P,1.0,0.662451084744614,0.662451084744614,0.009397299583282021,"[0.6751055039413946, 0.6295251703714044, 0.6849049463232519, 0.6641327489329175, 0.6585870541541015]"
ridge,D_M_P,10.0,0.6636276869870833,0.6636276869870833,0.01085073453393411,"[0.6758930011881369, 0.6265251707298384, 0.6921199417866936, 0.6639502611483739, 0.6596500600823738]"
ridge,B_M_P,0.001,0.6821078050357852,0.6821078050357852,0.0005380718146674296,"[0.6820202766753996, 0.6841717412708441, 0.6817917781274078, 0.6811282390608523, 0.6814269900444225]"
ridge,B_M_P,0.01,0.6782448467795709,0.6782448467795706,0.0019370375530689567,"[0.6772076311268012, 0.68568568124199, 0.6776997721863035, 0.6745599029990805, 0.6760712463436783]"
ridge,B_M_P,0.1,0.6780361516193909,0.6780361516193909,0.0026235749823047645,"[0.6761680135264272, 0.6880839922963942, 0.6776956551251057, 0.6730276597764161, 0.6752054373726115]"
ridge,B_M_P,1.0,0.6780774435278983,0.6780774435278983,0.002721760646178026,"[0.6760637532160063, 0.6884972363492868, 0.6777794451973889, 0.6728891274710755, 0.6751576554057344]"
ridge,B_M_P,10.0,0.6780823648308257,0.6780823648308257,0.0027321966308583873,"[0.6760534487404216, 0.6885415229314916, 0.6777890720825969, 0.6728744851721212, 0.6751532952274976]"
ridge,D_B_M_P,0.001,0.6788860695857446,0.6788860695857446,0.00036152711556020826,"[0.6796508596638647, 0.67955180813173, 0.6788706407602425, 0.6787190905244664, 0.677637948848419]"
ridge,D_B_M_P,0.01,0.6662689166557728,0.6662689166557728,0.0014095428223804105,"[0.669071910323416, 0.6652453145987943, 0.6692343930420025, 0.6662182005923171, 0.6615747647223341]"
ridge,D_B_M_P,0.1,0.6594517796515222,0.6594517796515224,0.004595645595015583,"[0.6647994383785057, 0.6473046368163415, 0.6737230540222059, 0.658423793192533, 0.6530079758480254]"
ridge,D_B_M_P,1.0,0.6580624718382053,0.6580624718382053,0.007627553516949899,"[0.6655922109697147, 0.6350265356748495, 0.6813485054070914, 0.6555396378986666, 0.6528054692407045]"
ridge,D_B_M_P,10.0,0.6592501056578115,0.6592501056578115,0.009138780404193306,"[0.6663777168514199, 0.6322586328395918, 0.6883506183400739, 0.6554995357243242, 0.6537640245336471]"
ridge,C,0.001,0.6852849266281583,0.6852849266281583,4.4407570720254385e-05,"[0.6851992651108434, 0.6852919790550376, 0.6851917729935402, 0.6853051414163482, 0.6854364745650224]"
ridge,C,0.01,0.6850626975751691,0.6850626975751692,0.00029215970465461483,"[0.6845185658655716, 0.6851584302201544, 0.6844727718410335, 0.6850744990388535, 0.6860892209102334]"
ridge,C,0.1,0.6851786656333417,0.685178665633342,0.0006907382878258051,"[0.6839389878705884, 0.6855299508553393, 0.6839920631761012, 0.6847462383263853, 0.6876860879382957]"
ridge,C,1.0,0.6854382688308988,0.6854382688308986,0.0007588840196597395,"[0.6838838060242608, 0.6857799526589597, 0.6848717288947206, 0.6844463011664964, 0.6882095554100556]"
ridge,C,10.0,0.685693360762183,0.685693360762183,0.0007768274952523442,"[0.6838678251759543, 0.6860410760223171, 0.6859557619278773, 0.6843251836010196, 0.6882769570837465]"
ridge,D_C,0.001,0.6819467670429205,0.6819467670429205,0.00041964840147548784,"[0.6827786945449374, 0.6805589203364778, 0.6821096823916858, 0.6827757665367055, 0.681510771404796]"
ridge,D_C,0.01,0.6720616143956555,0.6720616143956555,0.0023141297774755365,"[0.6765607753303963, 0.6638439994522197, 0.6738191437011692, 0.6757179659414384, 0.6703661875530538]"
ridge,D_C,0.1,0.664776068758457,0.6647760687584569,0.005662231217491173,"[0.674350123146993, 0.643341022713669, 0.6732046836281912, 0.6690575424190093, 0.663926971884422]"
ridge,D_C,1.0,0.663365546985366,0.6633655469853661,0.008645042202223275,"[0.6757390159351981, 0.6305063431738474, 0.6791619546078815, 0.6665419845617343, 0.6648784366481689]"
ridge,D_C,10.0,0.6649302029426402,0.6649302029426402,0.0099552836838551,"[0.6764736925177488, 0.6279821143686507, 0.6867799168673083, 0.6666319449402818, 0.6667833460192113]"
ridge,B_C,0.001,0.6820292349925877,0.6820292349925877,0.0005691170975723771,"[0.6815361372338739, 0.6842687572533864, 0.6812230810637738, 0.6813067690436252, 0.6818114303682793]"
ridge,B_C,0.01,0.6778623850023948,0.6778623850023948,0.0021159412679209004,"[0.6757232055788426, 0.6859529713176714, 0.6747148669310616, 0.6747762928571716, 0.678144588327227]"
ridge,B_C,0.1,0.677672893894383,0.677672893894383,0.003027787519826623,"[0.6742250552958848, 0.6887897937608284, 0.6730004801791124, 0.6728916222462106, 0.6794575179898786]"
ridge,B_C,1.0,0.6778935934916249,0.6778935934916248,0.003161116854032461,"[0.6740822107383975, 0.6894771127293219, 0.673732836810654, 0.6723922500161174, 0.6797835571636336]"
ridge,B_C,10.0,0.6781103948702648,0.6781103948702648,0.0031954359020089375,"[0.6740663393198043, 0.6898912206232604, 0.6748222734511591, 0.6721199723058146, 0.6796521686512856]"
ridge,D_B_C,0.001,0.6788365426111479,0.6788365426111478,0.0002958867872198262,"[0.6792364487793949, 0.6796670236889293, 0.6783060779922738, 0.6789196041025078, 0.6780535584926332]"
ridge,D_B_C,0.01,0.6663181658294229,0.6663181658294229,0.0007522214786689148,"[0.6687085691877728, 0.6657799507383388, 0.6660309359072848, 0.6669509588957537, 0.6641204144179643]"
ridge,D_B_C,0.1,0.6603270460889997,0.6603270460889996,0.003319913018065466,"[0.666090434403398, 0.6487582926086527, 0.6674645061925255, 0.6605422397359239, 0.6587797575044984]"
ridge,D_B_C,1.0,0.6594541941664148,0.6594541941664147,0.006345786990758626,"[0.6674492354237721, 0.63694884392044, 0.6747523327867253, 0.6585010865259253, 0.6596194721752109]"
ridge,D_B_C,10.0,0.6610942731736631,0.6610942731736631,0.007884292880195145,"[0.6684213580440969, 0.6344793025835763, 0.6828965737287251, 0.6586757730003037, 0.6609983585116134]"
ridge,M_C,0.001,0.6851708300475858,0.6851708300475858,0.00012688518882805026,"[0.6856328459122439, 0.6851832075910644, 0.6848672317058667, 0.685056904198186, 0.6851139608305683]"
ridge,M_C,0.01,0.6849257353845106,0.6849257353845106,0.000462250883048363,"[0.6863814239974151, 0.6850494249148829, 0.6835449239066202, 0.6845002355269899, 0.6851526685766454]"
ridge,M_C,0.1,0.6851708520181171,0.685170852018117,0.000701870122852753,"[0.6866159554472749, 0.6854782524509321, 0.6829307884465682, 0.6842892713972736, 0.6865399923485365]"
ridge,M_C,1.0,0.6854317468560879,0.6854317468560879,0.0006464375241107549,"[0.6866761275978329, 0.6857088215643521, 0.6838304449705906, 0.6840285796102683, 0.6869147605373954]"
ridge,M_C,10.0,0.6856761199679888,0.6856761199679888,0.0005627416727273614,"[0.6867115340562298, 0.6859936046640982, 0.6848953282397043, 0.6839089526743506, 0.686871180205561]"
ridge,D_M_C,0.001,0.6818355343755591,0.681835534375559,0.000478018923532106,"[0.683170838732543, 0.680461544879497, 0.6818014343088032, 0.682541010421097, 0.6812028435358547]"
ridge,D_M_C,0.01,0.671960807400878,0.6719608074008778,0.002384108014763901,"[0.6775616451496278, 0.6639645630378953, 0.6732550135071365, 0.6753476747787461, 0.6696751405309838]"
ridge,D_M_C,0.1,0.6648698744829634,0.6648698744829634,0.005557278111253932,"[0.6748113412010651, 0.6440199425881467, 0.6730294469041646, 0.6688670629185041, 0.6636215788029364]"
ridge,D_M_C,1.0,0.6636254282527785,0.6636254282527784,0.008505998257252885,"[0.6759499254419498, 0.6313678427048851, 0.6792641255537266, 0.666407178804105, 0.6651380687592253]"
ridge,D_M_C,10.0,0.6651602217943422,0.6651602217943422,0.009890960640344571,"[0.6767544205005482, 0.6286359775255239, 0.6871525275350473, 0.6663132473556905, 0.666944936054901]"
ridge,B_M_C,0.001,0.6819685908820169,0.6819685908820168,0.0005889435448044237,"[0.6819782233626986, 0.6842158957153469, 0.680968867528253, 0.681119895367706, 0.6815600724360794]"
ridge,B_M_C,0.01,0.677998368355808,0.677998368355808,0.0021435909705473572,"[0.6772599626780018, 0.6861158136679744, 0.6742839565121914, 0.6745928602777508, 0.6777392486431209]"
ridge,B_M_C,0.1,0.6779412666628245,0.6779412666628245,0.0030215024585190393,"[0.676125403709103, 0.6890336804999757, 0.672601890473803, 0.6728111188812481, 0.6791342397499928]"
ridge,B_M_C,1.0,0.6781817271437053,0.6781817271437054,0.003128618201087223,"[0.6760426959427361, 0.6896634860930585, 0.673335566227263, 0.6723442960818024, 0.679522591373667]"
ridge,B_M_C,10.0,0.6784193858235512,0.6784193858235512,0.0031555456643608567,"[0.6760472856633336, 0.6901170467904368, 0.6744076672341842, 0.6721241346078619, 0.6794007948219396]"
ridge,D_B_M_C,0.001,0.6787718377601124,0.6787718377601124,0.00038144814999323907,"[0.679629618320491, 0.6796232978740547, 0.6780569664290639, 0.6787457453256719, 0.6778035608512805]"
ridge,D_B_M_C,0.01,0.666421238284494,0.6664212382844938,0.0009233236814247734,"[0.6695464420463605, 0.6660616229731608, 0.6657829180488921, 0.6668549723575292, 0.6638602359965263]"
ridge,D_B_M_C,0.1,0.6605728618925447,0.6605728618925447,0.003240157565215735,"[0.6664575600845227, 0.6493355066255754, 0.6674214794602836, 0.6605467137785499, 0.659103049513792]"
ridge,D_B_M_C,1.0,0.6597507037177004,0.6597507037177003,0.006245788614216741,"[0.6675466543826933, 0.6375506805285095, 0.6747288280934962, 0.6584461675175056, 0.660481188066297]"
ridge,D_B_M_C,10.0,0.661401681259003,0.661401681259003,0.007747831575502422,"[0.6684870067051653, 0.6351540762889637, 0.6827095489101986, 0.658730093734814, 0.6619276806558736]"
ridge,P_C,0.001,0.6853993925537009,0.685399392553701,0.0001269837380213714,"[0.6851410496024731, 0.6852347999441182, 0.6858608446266808, 0.6852935727289297, 0.6854666958663027]"
ridge,P_C,0.01,0.6854924539202267,0.6854924539202265,0.0004512844355965937,"[0.6843379580105016, 0.6849891916301678, 0.6868425728098682, 0.6850909011284984, 0.6862016460220974]"
ridge,P_C,0.1,0.6857503173763076,0.6857503173763078,0.0007565971427006732,"[0.6837212677495694, 0.6853201556898568, 0.6871765385621943, 0.6847536927999478, 0.6877799320799702]"
ridge,P_C,1.0,0.6860639908266045,0.6860639908266045,0.0009686153025093449,"[0.6836522659677978, 0.6855461187135032, 0.6883032295959266, 0.6844820975012595, 0.6883362423545356]"
ridge,P_C,10.0,0.6863422581085828,0.6863422581085828,0.0011336991177865444,"[0.6836438096250574, 0.6858096738255901, 0.689497672061136, 0.6843576052486506, 0.6884025297824803]"
ridge,D_P_C,0.001,0.6820520209615164,0.6820520209615164,0.0004567367875468539,"[0.6827099301218704, 0.6804916897542033, 0.682783382800267, 0.6827520309211013, 0.6815230712101403]"
ridge,D_P_C,0.01,0.6723558019434854,0.6723558019434853,0.0025134730078630353,"[0.6761708468653642, 0.6634553074149468, 0.6765394879911635, 0.675514795880267, 0.6700985715656852]"
ridge,D_P_C,0.1,0.6649191025067817,0.6649191025067818,0.006192609363717244,"[0.6731477776303182, 0.6423260129828031, 0.6780913132629864, 0.6682162795901814, 0.6628141290676194]"
ridge,D_P_C,1.0,0.6635901146249847,0.6635901146249847,0.009398185681381125,"[0.6741723618685771, 0.6293920142793775, 0.6855505992312195, 0.6652517207794463, 0.663583876966303]"
ridge,D_P_C,10.0,0.6651741896503723,0.6651741896503723,0.010882887437616263,"[0.6750012533616478, 0.626817972557794, 0.6934751627549122, 0.665248928964014, 0.6653276306134939]"
ridge,B_P_C,0.001,0.682102908598084,0.6821029085980841,0.0005272821573020196,"[0.6814291180105527, 0.6841643012509079, 0.6818869219174014, 0.6812678976832278, 0.6817663041283303]"
ridge,B_P_C,0.01,0.6779520676495745,0.6779520676495744,0.0019445653727100441,"[0.6750009446095678, 0.6853792733046273, 0.6773381589496499, 0.6746211412069324, 0.6774208201770944]"
ridge,B_P_C,0.1,0.6777986869657929,0.6777986869657928,0.0027702769391950944,"[0.6731283324816582, 0.6880483856592844, 0.6768681233151865, 0.6727403779758169, 0.6782082153970184]"
ridge,B_P_C,1.0,0.6780548114309739,0.6780548114309738,0.0029452983033507575,"[0.672925947501506, 0.6886887917470177, 0.6779477022265072, 0.6722310561542104, 0.6784805595256279]"
ridge,B_P_C,10.0,0.6783143095003542,0.6783143095003542,0.0030476307972518444,"[0.6728942908221054, 0.6890892185323165, 0.6791954366862867, 0.672028852237473, 0.6783637492235892]"
ridge,D_B_P_C,0.001,0.6788938761188089,0.6788938761188089,0.0002561286515447033,"[0.6791178726313262, 0.6795433635093404, 0.6789663536947156, 0.6788609833568535, 0.6779808074018087]"
ridge,D_B_P_C,0.01,0.6661842219739752,0.6661842219739753,0.0010371305422480813,"[0.6676737037921626, 0.6649139910583013, 0.6689238995190054, 0.6664072986069597, 0.6630022168934474]"
ridge,D_B_P_C,0.1,0.659822964055971,0.6598229640559711,0.00429105715891764,"[0.6636338229138322, 0.6470275784536205, 0.6731233003780686, 0.6590447042284875, 0.6562854143058465]"
ridge,D_B_P_C,1.0,0.6590512991988687,0.6590512991988688,0.007525917501722754,"[0.6645472825794806, 0.6351985685966329, 0.6819270949181353, 0.6565497368328995, 0.6570338130671962]"
ridge,D_B_P_C,10.0,0.6607280100281103,0.6607280100281103,0.0092795409154311,"[0.6653627011494899, 0.6326292727389285, 0.690548154983426, 0.6566179864040793, 0.6584819348646276]"
ridge,M_P_C,0.001,0.6852803698561314,0.6852803698561314,0.00011159907698753985,"[0.6855668170260569, 0.68511987571565, 0.6855339223725735, 0.6850407391264899, 0.6851404950398864]"
ridge,M_P_C,0.01,0.6853111023496937,0.6853111023496938,0.0003133908227114082,"[0.6861355836308319, 0.6848272482151825, 0.6859200844674238, 0.6844981750684864, 0.6851744203665444]"
ridge,M_P_C,0.1,0.6856789318258086,0.6856789318258085,0.0004194815530976626,"[0.6863026716042523, 0.6851880944955552, 0.686102853201755, 0.6842703457782074, 0.6865306940492726]"
ridge,M_P_C,1.0,0.6859851856936964,0.6859851856936964,0.0005788427403254985,"[0.6863675859954891, 0.6854004819309099, 0.6872285040168613, 0.6840284725922463, 0.6869008839329754]"
ridge,M_P_C,10.0,0.6862609383630722,0.6862609383630722,0.0007509113517448222,"[0.686387661230731, 0.6856703572680609, 0.6884976623159526, 0.6839017441539171, 0.6868472668466996]"
ridge,D_M_P_C,0.001,0.681935493184373,0.681935493184373,0.0004945000632225815,"[0.6830943280157595, 0.6803871115605219, 0.6824717283138904, 0.6825148034354231, 0.6812094945962697]"
ridge,D_M_P_C,0.01,0.6721871003922437,0.6721871003922437,0.0025553499078482837,"[0.6770742584796975, 0.6634935268411642, 0.6759713893378216, 0.6750975291125354, 0.6692987981899994]"
ridge,D_M_P_C,0.1,0.6649344225713657,0.6649344225713656,0.00611897777311916,"[0.6734842020326571, 0.6429298111334388, 0.6781776070036494, 0.6678802987320255, 0.6622001939550574]"
ridge,D_M_P_C,1.0,0.6637450766040225,0.6637450766040226,0.009280510161752822,"[0.6742796381962509, 0.6302325521086205, 0.6858097699017942, 0.6649838144184067, 0.6634196083950405]"
ridge,D_M_P_C,10.0,0.6654688779740241,0.6654688779740241,0.010869509206610206,"[0.675066984064659, 0.6275712590950663, 0.6943540670450591, 0.6650247212839835, 0.6653273583813528]"
ridge,B_M_P_C,0.001,0.6820339803610223,0.6820339803610224,0.0005328898679396347,"[0.6818607784778385, 0.6841036849368034, 0.6816240759426146, 0.6810753356213899, 0.6815060268264648]"
ridge,B_M_P_C,0.01,0.6780335689153372,0.6780335689153372,0.0019275761867559682,"[0.6764685171665454, 0.6855198114742889, 0.6768621684260183, 0.6744006293727974, 0.6769167181370357]"
ridge,B_M_P_C,0.1,0.6780210463346151,0.6780210463346152,0.0026961742476479564,"[0.6749457121231959, 0.6882587447284974, 0.6764129256921747, 0.6726838366846677, 0.6778040124445401]"
ridge,B_M_P_C,1.0,0.6783018261085717,0.6783018261085718,0.0028513009365957152,"[0.6747787692777307, 0.6889066474337806, 0.6774946162201756, 0.6722160262694581, 0.678113071341714]"
ridge,B_M_P_C,10.0,0.6785634485760188,0.6785634485760188,0.002947377638446571,"[0.67477528710216, 0.6893223977072385, 0.6787674915475298, 0.6719881565655514, 0.6779639099576147]"
ridge,D_B_M_P_C,0.001,0.6788249117970345,0.6788249117970345,0.0003263582885432184,"[0.6794996729839713, 0.6794939587628998, 0.6787188414850669, 0.6786803949376908, 0.6777316908155436]"
ridge,D_B_M_P_C,0.01,0.6662421787881873,0.6662421787881871,0.001108413471912454,"[0.6684301989312047, 0.6651798606535384, 0.6686526883520378, 0.6662896588620306, 0.6626584871421246]"
ridge,D_B_M_P_C,0.1,0.6600201010529829,0.6600201010529829,0.004205296185422232,"[0.6638745035670841, 0.6476674721506576, 0.6731562234967272, 0.6589122904731025, 0.6564900155773429]"
ridge,D_B_M_P_C,1.0,0.6594776813784442,0.659477681378444,0.007457683401615272,"[0.6646405642519981, 0.6361033708820178, 0.682443355780967, 0.6565512622387851, 0.6576498537384521]"
ridge,D_B_M_P_C,10.0,0.6611439130664396,0.6611439130664396,0.009190560655610067,"[0.6655044814336498, 0.6335676134127547, 0.6908903616552909, 0.656521184472483, 0.6592359243580196]"
ridge,A,0.001,0.6833993378027636,0.6833993378027637,0.00039476846751125647,"[0.6830377641303031, 0.6832585504118087, 0.6822746954690114, 0.6837781580992327, 0.6846475209034627]"
ridge,A,0.01,0.681008932873828,0.681008932873828,0.0015945076621496042,"[0.6793362730157252, 0.6803526071856376, 0.6768528492564563, 0.6820928281597333, 0.6864101067515879]"
ridge,A,0.1,0.6808642563858034,0.6808642563858034,0.0022787349419306708,"[0.6783755725092847, 0.679871992712247, 0.675144806125909, 0.6821751732361322, 0.6887537373454439]"
ridge,A,1.0,0.6808883773189047,0.6808883773189047,0.002379082831752278,"[0.6782774312029454, 0.6798442935849931, 0.6749476149445606, 0.6822249673083659, 0.6891475795536581]"
ridge,A,10.0,0.6808951968357722,0.6808951968357723,0.002392776333758755,"[0.6782677310746971, 0.6798419285921451, 0.6749277909088793, 0.6822306147851651, 0.6892079188179744]"
ridge,D_A,0.001,0.6801660638760834,0.6801660638760836,0.0005061610439340405,"[0.6807182649268779, 0.6786362438751591, 0.6793175680360449, 0.6812929108969714, 0.6808653316453639]"
ridge,D_A,0.01,0.6686645318104809,0.6686645318104809,0.0024340086601614464,"[0.6721079363846101, 0.6597400156793861, 0.6671344958931271, 0.6723501549266924, 0.6719900561685888]"
ridge,D_A,0.1,0.6605293846361799,0.6605293846361798,0.005922876085413572,"[0.6698586959925701, 0.6371821739604875, 0.6648707489046417, 0.6639863815984773, 0.6667489227247225]"
ridge,D_A,1.0,0.6582581334178604,0.6582581334178604,0.009040087007278753,"[0.6714496452053111, 0.6228223708529577, 0.6691267185624735, 0.6606349858018394, 0.6672569466667203]"
ridge,D_A,10.0,0.6593198216063066,0.6593198216063066,0.01029321717631976,"[0.6723805506239396, 0.6193667452738597, 0.6755784982894105, 0.6606810657626911, 0.668592248081632]"
ridge,B_A,0.001,0.6802167953359072,0.6802167953359072,0.0006724802933488348,"[0.679453086324927, 0.6822895788248239, 0.6783995424606114, 0.6798653346196619, 0.6810764344495114]"
ridge,B_A,0.01,0.6741364703831378,0.6741364703831378,0.0025027612742399468,"[0.6709390172317279, 0.6812565876925409, 0.6676368417917379, 0.6723597480316342, 0.6784901571680483]"
ridge,B_A,0.1,0.6736656514353723,0.6736656514353723,0.0034503886198507822,"[0.6690839080127832, 0.6830886632204318, 0.6648440555515279, 0.6710419203586393, 0.6802697100334794]"
ridge,B_A,1.0,0.673700878904594,0.673700878904594,0.0035874987380706477,"[0.668911456703048, 0.6834351268444807, 0.6645451759425989, 0.6709578045635309, 0.6806548304693113]"
ridge,B_A,10.0,0.6737057729892951,0.6737057729892952,0.0036019242544131063,"[0.668894606388898, 0.6834725132161122, 0.6645151647486078, 0.6709496064202491, 0.6806969741726089]"
ridge,D_B_A,0.001,0.677115712620964,0.677115712620964,0.0003909612782763185,"[0.6772406187357868, 0.6777848811222879, 0.6755910906512482, 0.6775149313496808, 0.6774470412458166]"
ridge,D_B_A,0.01,0.6631473127852828,0.6631473127852827,0.0010569598032490735,"[0.664563023535389, 0.6617415793497017, 0.6597522344805771, 0.6640959056062186, 0.6655838209545273]"
ridge,D_B_A,0.1,0.6562864326027461,0.6562864326027461,0.0035459456435240426,"[0.6619541860340082, 0.6426203533053687, 0.659643793805827, 0.6563103624019845, 0.660903467466542]"
ridge,D_B_A,1.0,0.6545563941969289,0.654556394196929,0.006675367693977294,"[0.6636434020712919, 0.6290651913895022, 0.6652020953143236, 0.6536327168007331, 0.6612385654087941]"
ridge,D_B_A,10.0,0.6556990096447249,0.6556990096447249,0.0080390890741443,"[0.6646083432084297, 0.6257228252672918, 0.6719814413362877, 0.6537306978205473, 0.6624517405910682]"
ridge,M_A,0.001,0.6832768125577411,0.6832768125577411,0.0003857774351541856,"[0.6834562547281999, 0.6831474098648027, 0.6819403790731295, 0.683523726322634, 0.6843162927999389]"
ridge,M_A,0.01,0.6807892658240177,0.6807892658240178,0.001525503773403341,"[0.6810432859660263, 0.680262828172522, 0.6758226670443133, 0.6814325625499984, 0.6853849853872286]"
ridge,M_A,0.1,0.6806921645491553,0.6806921645491555,0.0021660698197460606,"[0.6807740185142588, 0.6799326107436953, 0.6738513299038423, 0.6814354453717052, 0.6874674182122751]"
ridge,M_A,1.0,0.6807287634035086,0.6807287634035086,0.002260314096115595,"[0.6807785376776264, 0.6799312315587049, 0.6736212087561694, 0.6814806075176214, 0.6878322315074208]"
ridge,M_A,10.0,0.6807368248946936,0.6807368248946937,0.0022729735366833737,"[0.6807795122258353, 0.6799316771861236, 0.6735980181192652, 0.6814858561034712, 0.6878890608387728]"
ridge,D_M_A,0.001,0.6800473797824929,0.680047379782493,0.0005350281236226306,"[0.6810930692402629, 0.678539180619525, 0.6790018910355873, 0.6810532662039267, 0.6805494918131628]"
ridge,D_M_A,0.01,0.6685101199272997,0.6685101199272997,0.0024190677420880646,"[0.6730008030614898, 0.6599200533074759, 0.6664874213704256, 0.6719254500620847, 0.6712168718350223]"
ridge,D_M_A,0.1,0.6605994444776337,0.6605994444776337,0.00572183799020444,"[0.6703121070234282, 0.638166542698326, 0.66462063530913, 0.6636818841311959, 0.666216053226089]"
ridge,D_M_A,1.0,0.6584548044655671,0.6584548044655673,0.00882121855620062,"[0.6716655964012058, 0.6239657324290708, 0.6690770935580106, 0.6604176309494548, 0.6671479689900945]"
ridge,D_M_A,10.0,0.6595996864974372,0.6595996864974369,0.010143121591770604,"[0.6725690354709567, 0.6203897563143074, 0.6760770039722385, 0.6604271215144829, 0.6685355152151997]"
ridge,B_M_A,0.001,0.680145607591766,0.6801456075917661,0.0006765412961107624,"[0.679877084267758, 0.6822319485863431, 0.6781318507427636, 0.6796713769284712, 0.6808157774334945]"
ridge,B_M_A,0.01,0.6742116192188323,0.6742116192188323,0.002495528922068634,"[0.6723838113753641, 0.6814542921890021, 0.667135145487585, 0.6721014078202151, 0.6779834392219954]"
ridge,B_M_A,0.1,0.6738281710598268,0.6738281710598268,0.0034322711397663953,"[0.6708322608421905, 0.6834197625345291, 0.6643088716437358, 0.6708321350576514, 0.6797478252210278]"
ridge,B_M_A,1.0,0.6738756670167129,0.6738756670167126,0.0035705547475301815,"[0.6706917504387918, 0.6838005717908286, 0.6640058012222305, 0.6707482524380239, 0.6801319591936889]"
ridge,B_M_A,10.0,0.673881626046536,0.6738816260465359,0.0035848624417995317,"[0.6706779862503374, 0.6838399976954346, 0.6639753958784889, 0.6707407591644527, 0.680173991243966]"
ridge,D_B_M_A,0.001,0.6770479881077437,0.6770479881077439,0.0004375274246830342,"[0.6776253281959932, 0.6777407904506505, 0.6753418050482822, 0.6773337651042172, 0.6771982517395765]"
ridge,D_B_M_A,0.01,0.6632097058227795,0.6632097058227795,0.001110606896677913,"[0.6653270263275749, 0.6620521002569341, 0.6594560415588087, 0.6639536931229069, 0.6652596678476729]"
ridge,D_B_M_A,0.1,0.6564834250164524,0.6564834250164524,0.003433796838230353,"[0.6622944885290702, 0.6433561244996174, 0.6595405661585565, 0.6562350877764207, 0.660990858118597]"
ridge,D_B_M_A,1.0,0.6548369451991856,0.6548369451991857,0.006548460117766168,"[0.6637594907719496, 0.6299242169400949, 0.6652263819446305, 0.6535284146641043, 0.6617462216751486]"
ridge,D_B_M_A,10.0,0.6560912709479131,0.6560912709479132,0.007948163017502731,"[0.6647782466818405, 0.6265711432038524, 0.6722143229284556, 0.6536756244036719, 0.6632170175217451]"
ridge,P_A,0.001,0.6835228894908851,0.6835228894908851,0.0003271038026421255,"[0.6829941861084678, 0.6832138939083009, 0.6829407113976471, 0.6837756761552388, 0.6846899798847713]"
ridge,P_A,0.01,0.6814765010355697,0.6814765010355697,0.0013947506979827885,"[0.679247045512199, 0.6802566548705408, 0.6791171079547172, 0.6821435631877872, 0.6866181336526039]"
ridge,P_A,0.1,0.6814933231221981,0.6814933231221982,0.0020374374291853843,"[0.6782909141130354, 0.6797745195244559, 0.6780686851112462, 0.6822560754506544, 0.6890764214115987]"
ridge,P_A,1.0,0.6815364009593476,0.6815364009593476,0.0021324578670036173,"[0.6781909183267808, 0.6797464292559494, 0.677950585126287, 0.682314932857327, 0.6894791392303937]"
ridge,P_A,10.0,0.6815414034696525,0.6815414034696525,0.0021423886195542164,"[0.6781810130933856, 0.6797440608801734, 0.6779388608830534, 0.6823212364591245, 0.6895218460325256]"
ridge,D_P_A,0.001,0.6802808269003778,0.6802808269003779,0.00047399914059259324,"[0.6806601406142432, 0.6785792052529517, 0.6799931063434069, 0.6812797864885491, 0.680891895802738]"
ridge,D_P_A,0.01,0.6690362723548964,0.6690362723548964,0.0024336686090846195,"[0.671815015683161, 0.6594534413576912, 0.669797566313124, 0.6722387039659729, 0.6718766344545327]"
ridge,D_P_A,0.1,0.6608248153088042,0.6608248153088043,0.006219046762279124,"[0.6689011724432969, 0.6363501024977539, 0.6696244032422384, 0.6634018331394803, 0.6658465652212516]"
ridge,D_P_A,1.0,0.6585833608658553,0.6585833608658554,0.009520706286482158,"[0.6702969275580807, 0.6218275901656791, 0.6748668478177531, 0.659709019199838, 0.6662164195879264]"
ridge,D_P_A,10.0,0.6596946708927691,0.6596946708927691,0.010913631771867842,"[0.6711306336724541, 0.6183802851182734, 0.6816566768776317, 0.6597271363853039, 0.6675786224101825]"
ridge,B_P_A,0.001,0.6802988334754466,0.6802988334754464,0.0005829008414654214,"[0.679356375686116, 0.6821953659267277, 0.6790591084242206, 0.6798363944628548, 0.6810469228773134]"
ridge,B_P_A,0.01,0.6743360619878718,0.6743360619878717,0.0021416407994476637,"[0.6703741597035265, 0.6808056448448366, 0.6702205485383078, 0.6723159458495389, 0.6779640110031486]"
ridge,B_P_A,0.1,0.6739738002404901,0.6739738002404903,0.0029379596612578306,"[0.6682236227625387, 0.6824954604653661, 0.6685798198216422, 0.6711368486456111, 0.6794332495072924]"
ridge,B_P_A,1.0,0.6740317651443691,0.6740317651443691,0.003056445465695562,"[0.6680055849290831, 0.6828505206472407, 0.6684561064129574, 0.6710764037116174, 0.679770210020947]"
ridge,B_P_A,10.0,0.674038839488604,0.6740388394886042,0.003068642075188845,"[0.6679839620521689, 0.6828871883963403, 0.6684443659677253, 0.6710715307457628, 0.6798071502810233]"
ridge,D_B_P_A,0.001,0.6771886456260668,0.6771886456260667,0.0002490288373703801,"[0.6771340349413912, 0.6776803141665735, 0.6762559296152247, 0.6774738196901217, 0.6773991297170225]"
ridge,D_B_P_A,0.01,0.6631571712716707,0.6631571712716708,0.0006308328572335437,"[0.6636954274395007, 0.6609944464137743, 0.6626586830043539, 0.6637237054666123, 0.6647135940341128]"
ridge,D_B_P_A,0.1,0.6560021687764965,0.6560021687764965,0.00406470364401227,"[0.6597820418927428, 0.6410650105632756, 0.6651785470981948, 0.6551402907842089, 0.6588449535440605]"
ridge,D_B_P_A,1.0,0.654363857240483,0.6543638572404828,0.007429610107301454,"[0.6611321742640963, 0.6275374798621913, 0.6720016868225897, 0.6520742799622635, 0.6590736652912734]"
ridge,D_B_P_A,10.0,0.6555352393734247,0.6555352393734247,0.008967208359356413,"[0.6621779844784722, 0.624159933655619, 0.6788532492954411, 0.6520621690253017, 0.6604228604122898]"
ridge,M_P_A,0.001,0.6833931482498881,0.683393148249888,0.0002872424846056296,"[0.6834010521909376, 0.6830937968314547, 0.682601879712383, 0.6835172244147173, 0.6843517880999475]"
ridge,M_P_A,0.01,0.6812157887804466,0.6812157887804464,0.0012173367590811318,"[0.6808816577494958, 0.6801124517459567, 0.6780926273600693, 0.6814767754628989, 0.6855154315838119]"
ridge,M_P_A,0.1,0.6812677653894365,0.6812677653894363,0.0017821411466748742,"[0.6805992518532096, 0.6797553902751325, 0.6768018470722459, 0.6815291511847411, 0.6876531865618528]"
ridge,M_P_A,1.0,0.6813187800230815,0.6813187800230815,0.0018674078975706423,"[0.6805784547569905, 0.6797503752560137, 0.6766582631837617, 0.6815838808308213, 0.688022926087821]"
ridge,M_P_A,10.0,0.6813287317988609,0.6813287317988609,0.0018796084544986178,"[0.6805785566788631, 0.6797505201078599, 0.6766437885668819, 0.6815901732718526, 0.6880806203688472]"
ridge,D_M_P_A,0.001,0.6801552461661575,0.6801552461661575,0.00048801606632150555,"[0.6810267100010762, 0.6784748346354916, 0.6796711183251073, 0.6810358347339358, 0.6805677331351766]"
ridge,D_M_P_A,0.01,0.668816740420315,0.6688167404203149,0.0023860256943404583,"[0.6726305170764273, 0.6595579023827267, 0.6691188187242623, 0.6717590481685894, 0.671017415749569]"
ridge,D_M_P_A,0.1,0.6608071520228732,0.6608071520228732,0.00601760904322047,"[0.6691635176957386, 0.6372506997366106, 0.6695358059206084, 0.6629547597454446, 0.6651309770159636]"
ridge,D_M_P_A,1.0,0.6587215109897597,0.6587215109897597,0.009283754046668313,"[0.6702673842699765, 0.6230812371948062, 0.6751740692920238, 0.659353394066357, 0.6657314701256353]"
ridge,D_M_P_A,10.0,0.6598996132709288,0.6598996132709289,0.010704178121026623,"[0.6712472913708561, 0.6196562637940064, 0.6820126622833772, 0.6593347463824474, 0.6672471025239575]"
ridge,B_M_P_A,0.001,0.6802215395886766,0.6802215395886766,0.000572689779774396,"[0.6797734619614806, 0.6821323372300082, 0.6787870073553661, 0.6796376779880751, 0.6807772134084532]"
ridge,B_M_P_A,0.01,0.674357549101056,0.674357549101056,0.002087684909562678,"[0.6717307727425119, 0.680981030440843, 0.6696692887219037, 0.6720406968295601, 0.6773659567704613]"
ridge,B_M_P_A,0.1,0.6740873608011265,0.6740873608011265,0.002865630812231424,"[0.6698706880974699, 0.682872216438103, 0.6679836540791254, 0.6709277425644564, 0.678782502826478]"
ridge,B_M_P_A,1.0,0.6741531592208683,0.6741531592208684,0.002979930135766783,"[0.6696747523776161, 0.6832390040175915, 0.6678570115084873, 0.6708790421496996, 0.6791159860509473]"
ridge,B_M_P_A,10.0,0.6741615869749632,0.6741615869749632,0.0029918558898609144,"[0.6696560938416325, 0.6832785337868832, 0.6678452178963363, 0.6708754483447048, 0.6791526410052589]"
ridge,D_B_M_P_A,0.001,0.6771131416485406,0.6771131416485405,0.0002912601684272193,"[0.6775093833042555, 0.6776289013044343, 0.6759984893332933, 0.6772874422945865, 0.6771414920061333]"
ridge,D_B_M_P_A,0.01,0.6631740160222741,0.6631740160222741,0.0005930795818313539,"[0.6643920429532322, 0.661315986867492, 0.6623284611166939, 0.6635422263205455, 0.6642913628534066]"
ridge,D_B_M_P_A,0.1,0.6561872223599282,0.6561872223599281,0.003918318232807667,"[0.6600665715638587, 0.6419533910929381, 0.6652011950856561, 0.6549518451457296, 0.658763108911458]"
ridge,D_B_M_P_A,1.0,0.6546989810903293,0.6546989810903293,0.00726737942349302,"[0.661214921292366, 0.6286684796573405, 0.6722387554398787, 0.6520354831135646, 0.6593372659484968]"
ridge,D_B_M_P_A,10.0,0.6558241452082547,0.6558241452082546,0.00880344238220359,"[0.6620925606023338, 0.6253237543865455, 0.6790853487001136, 0.6518998658407361, 0.6607191965115444]"
ridge,C_A,0.001,0.6833178169282681,0.6833178169282681,0.000436611362316045,"[0.6828702768939736, 0.6831895574835983, 0.6820996142594955, 0.6837135159617563, 0.6847161200425169]"
ridge,C_A,0.01,0.6806576712918557,0.6806576712918557,0.0018750809158396761,"[0.6784185522566133, 0.6802429902390066, 0.6758712527809652, 0.6816810486962899, 0.6870745124864034]"
ridge,C_A,0.1,0.6805863410027915,0.6805863410027914,0.0029477532207248898,"[0.6767693340262166, 0.6805257165007064, 0.6734924943572875, 0.681137384680557, 0.6910067754491892]"
ridge,C_A,1.0,0.6809165897945352,0.6809165897945352,0.00305920403605939,"[0.6765892309625777, 0.680918702084285, 0.6741435058289367, 0.6809436444316881, 0.6919878656651887]"
ridge,C_A,10.0,0.6811940338180029,0.6811940338180029,0.0029726981444487825,"[0.6765814626766096, 0.6811884200250156, 0.6751675171929211, 0.6809267020113209, 0.6921060671841472]"
ridge,D_C_A,0.001,0.680101662504578,0.6801016625045782,0.0005217894626324654,"[0.6805603539413125, 0.6785795366076417, 0.6791656703480485, 0.6812481495692762, 0.6809546020566114]"
ridge,D_C_A,0.01,0.6685427948024804,0.6685427948024805,0.002472178839444811,"[0.6713510969177109, 0.6597479526726089, 0.666469725142267, 0.6722399710537917, 0.6729052282260234]"
ridge,D_C_A,0.1,0.660922543321689,0.660922543321689,0.0058706368992218864,"[0.6686663298178278, 0.6379173735430682, 0.6639975934687276, 0.6641543994240507, 0.6698770203547707]"
ridge,D_C_A,1.0,0.6593856247495893,0.6593856247495892,0.008997498975946556,"[0.6704153428671064, 0.6241414192463697, 0.6694634644337878, 0.6612671482224828, 0.6716407489781996]"
ridge,D_C_A,10.0,0.6610092242195672,0.6610092242195671,0.01035399585985271,"[0.6714873690774613, 0.620971830827902, 0.677217293907293, 0.6613803824722437, 0.6739892448129354]"
ridge,B_C_A,0.001,0.6801362162280277,0.6801362162280278,0.0007024365174101425,"[0.6792853096549124, 0.6822200317855993, 0.6782226183892133, 0.6798025849142716, 0.6811505363961421]"
ridge,B_C_A,0.01,0.6738488965902918,0.6738488965902917,0.002751483092355971,"[0.6700995400137311, 0.6811964353692851, 0.666714952652001, 0.6719956435431085, 0.6792379113733329]"
ridge,B_C_A,0.1,0.6735209745197117,0.6735209745197116,0.0041260509265748915,"[0.66764569920194, 0.6838275871887477, 0.6633079344516327, 0.6701380483231032, 0.6826856034331349]"
ridge,B_C_A,1.0,0.6737982848199927,0.6737982848199927,0.004295935026407981,"[0.6673879661118672, 0.6846266949099529, 0.6637921851081513, 0.6696995553467773, 0.6834850226232145]"
ridge,B_C_A,10.0,0.6740506156563609,0.674050615656361,0.004240590327752294,"[0.6673734582641171, 0.6850395334190668, 0.6647994818043061, 0.6695730295733708, 0.6834675752209443]"
ridge,D_B_C_A,0.001,0.6770573628621082,0.6770573628621082,0.0004166772292506012,"[0.6770939037513238, 0.6777339826105117, 0.6754433525578291, 0.6774727561116514, 0.6775428192792248]"
ridge,D_B_C_A,0.01,0.663054043932778,0.6630540439327779,0.0012457796449784628,"[0.6638600918625133, 0.6617457579168383, 0.6591143392475232, 0.6639921840527427, 0.6665578465842715]"
ridge,D_B_C_A,0.1,0.6567082293496797,0.6567082293496798,0.003558991067221665,"[0.6608257747842579, 0.643375517608006, 0.6587996105271651, 0.6564711132922962, 0.6640691305366734]"
ridge,D_B_C_A,1.0,0.6556968128981201,0.65569681289812,0.006650344929778946,"[0.6625367266275016, 0.6304254185780138, 0.665462193426874, 0.6542765742617583, 0.6657831515964521]"
ridge,D_B_C_A,10.0,0.657330234347574,0.657330234347574,0.008033371635570814,"[0.6636005869923379, 0.6276690434125906, 0.6733405544741906, 0.6543860660993701, 0.6676549207593812]"
ridge,M_C_A,0.001,0.6831951613584423,0.6831951613584423,0.00042172937501362706,"[0.6832875055127077, 0.6830769383586189, 0.6817647159074901, 0.6834607249885302, 0.6843859220248645]"
ridge,M_C_A,0.01,0.680463603268946,0.6804636032689458,0.001780242769314117,"[0.6801374155346719, 0.680153432365687, 0.6748622428935918, 0.6810972188607779, 0.6860677066900013]"
ridge,M_C_A,0.1,0.6805101002833103,0.6805101002833104,0.002781739415739915,"[0.6792385385290511, 0.6805227862872789, 0.6723119498498238, 0.6806989487035727, 0.6897782780468256]"
ridge,M_C_A,1.0,0.6808610368432866,0.6808610368432866,0.002851130106574519,"[0.6791916771631445, 0.6809053466365337, 0.6729357584280066, 0.6805678822744492, 0.6907045197142991]"
ridge,M_C_A,10.0,0.681154304672693,0.681154304672693,0.002727851310861833,"[0.679208544384541, 0.681198907165482, 0.6739895337134223, 0.6805586236142617, 0.6908159144857582]"
ridge,D_M_C_A,0.001,0.6799855067495753,0.6799855067495753,0.0005444814124562597,"[0.6809404220498118, 0.6784857008146125, 0.6788506002995434, 0.6810112107328413, 0.6806395998510677]"
ridge,D_M_C_A,0.01,0.6684031371962256,0.6684031371962255,0.002451605569495376,"[0.6722730331651872, 0.6598911101455319, 0.665823097937226, 0.6718724069019185, 0.672156037831264]"
ridge,D_M_C_A,0.1,0.6610199931914185,0.6610199931914185,0.005701495594321107,"[0.6691857155519421, 0.638723733834589, 0.6638626030412734, 0.6639667585076724, 0.6693611550216152]"
ridge,D_M_C_A,1.0,0.6595823011493227,0.6595823011493227,0.008845178958504323,"[0.6706226728609646, 0.6250216562020448, 0.6693862518760787, 0.6610446479138149, 0.6718362768937104]"
ridge,D_M_C_A,10.0,0.6613880775120199,0.6613880775120199,0.010253520394197286,"[0.6716512994916922, 0.621811922090175, 0.6779049165341328, 0.6616050318324223, 0.6739672176116773]"
ridge,B_M_C_A,0.001,0.6800675615102616,0.6800675615102616,0.0007022544012592962,"[0.6797133528386998, 0.6821654936041274, 0.677958211864838, 0.6796099666135507, 0.680890782630092]"
ridge,B_M_C_A,0.01,0.6739404625282766,0.6739404625282764,0.00272462875333316,"[0.6715391473177961, 0.6813821174590854, 0.6662210897116942, 0.6718050569065066, 0.6787549012463]"
ridge,B_M_C_A,0.1,0.6737350136132971,0.6737350136132971,0.004069444057393727,"[0.6694084029595272, 0.6841010026126655, 0.6628310796684677, 0.6700719454432981, 0.6822626373825271]"
ridge,B_M_C_A,1.0,0.6740445053165428,0.6740445053165428,0.004221716850158467,"[0.6692177772371747, 0.6848864529094674, 0.6633224671903378, 0.6697056220637966, 0.6830902071819372]"
ridge,B_M_C_A,10.0,0.6743111201805188,0.6743111201805188,0.004153589796837674,"[0.6692268133322067, 0.6853242770010162, 0.6643807552166828, 0.6695558375899456, 0.683067917762742]"
ridge,D_B_M_C_A,0.001,0.6769904459958445,0.6769904459958445,0.0004549431941013385,"[0.6774825476793965, 0.6776910296744878, 0.6751947150131828, 0.6772931661309219, 0.6772907714812335]"
ridge,D_B_M_C_A,0.01,0.6631359782323551,0.6631359782323553,0.0012707445338503566,"[0.6646430966960517, 0.6620541818923744, 0.6588250663394914, 0.6639123086411926, 0.6662452375926661]"
ridge,D_B_M_C_A,0.1,0.656928804413832,0.656928804413832,0.0034824738559341376,"[0.6611331333519829, 0.6440100408830294, 0.6587668609479669, 0.6564324724598051, 0.6643015144263757]"
ridge,D_B_M_C_A,1.0,0.656029039004183,0.656029039004183,0.0065888703780036875,"[0.6627009108852217, 0.6311110519019067, 0.6655262013927364, 0.6543053140353757, 0.6665017168056742]"
ridge,D_B_M_C_A,10.0,0.6577179298240557,0.6577179298240556,0.007976766538603606,"[0.6636211653498454, 0.6284363903051784, 0.6737162920286951, 0.6544386834620909, 0.668377117974469]"
ridge,P_C_A,0.001,0.6834392639437208,0.6834392639437206,0.0003701447017501993,"[0.6828225507872121, 0.6831420077858092, 0.6827628542828367, 0.6837104004798655, 0.6847585063828796]"
ridge,P_C_A,0.01,0.6811223175840232,0.6811223175840232,0.0016794203828153788,"[0.6783230978581154, 0.6801508743943179, 0.6781069440815252, 0.681730367121258, 0.6873003044648995]"
ridge,P_C_A,0.1,0.6812171821705488,0.6812171821705488,0.002703302020667103,"[0.6766906923728244, 0.6804452879699809, 0.6764108359641141, 0.6812238483301593, 0.6913152462156661]"
ridge,P_C_A,1.0,0.681572537640725,0.6815725376407248,0.0028290657886506265,"[0.6765095038397483, 0.6808309006506, 0.6772201928086237, 0.6810224337534786, 0.6922796571511737]"
ridge,P_C_A,10.0,0.6818735267276692,0.6818735267276692,0.0027685234156301477,"[0.6764894958759348, 0.6810956133896948, 0.6783800254474003, 0.681005499473547, 0.6923969994517695]"
ridge,D_P_C_A,0.001,0.6802162421314075,0.6802162421314074,0.00048562770551240103,"[0.6805028201996249, 0.6785221916425401, 0.6798400087821094, 0.681235367655257, 0.680980822377506]"
ridge,D_P_C_A,0.01,0.6689087811200906,0.6689087811200904,0.0024463774392092345,"[0.6710711343383678, 0.659450610833693, 0.6690922878579906, 0.6721211768818223, 0.6728086956885786]"
ridge,D_P_C_A,0.1,0.6611992807123596,0.6611992807123594,0.006104335804155213,"[0.6677481837034196, 0.6370919163573784, 0.668746882471117, 0.6635466832067904, 0.6688627378230919]"
ridge,D_P_C_A,1.0,0.6597900266276292,0.6597900266276293,0.009465744114962867,"[0.6690814101819875, 0.6232217764033867, 0.6756406563386916, 0.6604081675592347, 0.6705981226548456]"
ridge,D_P_C_A,10.0,0.6614317502918408,0.6614317502918408,0.011010688810764297,"[0.6701501803466298, 0.6199533305961752, 0.6837459465362383, 0.6605002020595715, 0.6728090919205889]"
ridge,B_P_C_A,0.001,0.6802216854864245,0.6802216854864247,0.0006116870579836257,"[0.67919350046154, 0.6821289461648014, 0.6788879540002087, 0.6797758797767596, 0.6811221470288131]"
ridge,B_P_C_A,0.01,0.6740506945059218,0.6740506945059218,0.0023895783068130414,"[0.6695395198870097, 0.68074211712553, 0.6692800470181178, 0.6719575543634096, 0.6787342341355419]"
ridge,B_P_C_A,0.1,0.6738069592361944,0.6738069592361946,0.003614420340704023,"[0.6667903984801661, 0.6832228556817644, 0.667000295559433, 0.6702077568317579, 0.6818134896278509]"
ridge,B_P_C_A,1.0,0.6741306553502516,0.6741306553502517,0.0037800110965091893,"[0.6664928243110604, 0.6840042481250057, 0.6678150683584679, 0.6697777495694636, 0.6825633863872608]"
ridge,B_P_C_A,10.0,0.6744129438418944,0.6744129438418944,0.0037505742288363488,"[0.666461306519384, 0.6844020721386356, 0.669013136411623, 0.6696321203915349, 0.6825560837482947]"
ridge,D_B_P_C_A,0.001,0.6771271148019503,0.6771271148019504,0.00027631975474197695,"[0.6769892944463508, 0.6776247165358725, 0.6761070749900511, 0.6774256340220672, 0.6774888540154104]"
ridge,D_B_P_C_A,0.01,0.6630557597931475,0.6630557597931475,0.0007919845618958132,"[0.6629876434611541, 0.6610265692023479, 0.6619715075029651, 0.6636011270179519, 0.6656919517813182]"
ridge,D_B_P_C_A,0.1,0.656438612508807,0.6564386125088071,0.00394283482684355,"[0.6587021609753764, 0.6419280938850194, 0.6643776586028614, 0.6552063842553416, 0.6619787648254364]"
ridge,D_B_P_C_A,1.0,0.6554802333874106,0.6554802333874106,0.007366062212764361,"[0.6599249067380077, 0.6289818008455547, 0.6724976974703859, 0.6524766428069934, 0.6635201190761114]"
ridge,D_B_P_C_A,10.0,0.6573425422285376,0.6573425422285377,0.009015063924979777,"[0.661011170888639, 0.6262025140281477, 0.6808977811725716, 0.6529859602140675, 0.6656152848392625]"
ridge,M_P_C_A,0.001,0.6833105397584692,0.6833105397584691,0.00032618279575235914,"[0.683230704518241, 0.6830226579554379, 0.6824243656629602, 0.6834541486412125, 0.6844208220144941]"
ridge,M_P_C_A,0.01,0.6808896704568617,0.6808896704568618,0.0014887580560019016,"[0.6799955140324955, 0.6800137672759314, 0.6770893156292971, 0.6811446767326251, 0.6862050786139593]"
ridge,M_P_C_A,0.1,0.6810862662954255,0.6810862662954256,0.0024278314983443507,"[0.6790589927331191, 0.680347859174995, 0.6752393478934811, 0.6808123176884078, 0.6899728139871248]"
ridge,M_P_C_A,1.0,0.6814788560435331,0.6814788560435331,0.002508003797420822,"[0.6789913292308105, 0.6807225889678938, 0.6760626681881919, 0.680699580889875, 0.6909181129408943]"
ridge,M_P_C_A,10.0,0.6817956308121946,0.6817956308121947,0.002405211851929154,"[0.6790230441729046, 0.6810040187178896, 0.6772286122770029, 0.6806906017085478, 0.6910318771846286]"
ridge,D_M_P_C_A,0.001,0.6800935097701966,0.6800935097701966,0.0004931828562172942,"[0.680874351134458, 0.6784217783424392, 0.6795189734763936, 0.6809940893144609, 0.6806583565832311]"
ridge,D_M_P_C_A,0.01,0.6687170504345114,0.6687170504345112,0.0023881569542142174,"[0.6719197350113967, 0.6595377807827302, 0.6684562135694758, 0.6717154683839486, 0.6719560544250053]"
ridge,D_M_P_C_A,0.1,0.6612215348609152,0.6612215348609151,0.005930710778466492,"[0.6680130831401832, 0.637837427896536, 0.6687597184315045, 0.6632278144166727, 0.6682696304196788]"
ridge,D_M_P_C_A,1.0,0.6598969326148573,0.6598969326148574,0.009286159558320373,"[0.6692070887317784, 0.6241665734512125, 0.6757379297302556, 0.6599701850704203, 0.6704028860906203]"
ridge,D_M_P_C_A,10.0,0.661674087464078,0.6616740874640781,0.010858213946967588,"[0.6701259679211227, 0.6209848475986531, 0.6841758509590944, 0.6603270884008899, 0.6727566824406299]"
ridge,B_M_P_C_A,0.001,0.680144593153805,0.680144593153805,0.0005972966125633319,"[0.6796099595631048, 0.6820655829638729, 0.6786154823954351, 0.6795792362557224, 0.6808527045908902]"
ridge,B_M_P_C_A,0.01,0.6740969178339601,0.6740969178339599,0.0023148987120086683,"[0.670911834186241, 0.6809078116068651, 0.6687469751352181, 0.6717547770688288, 0.6781631911726465]"
ridge,B_M_P_C_A,0.1,0.6739940346313386,0.6739940346313387,0.003501429722435349,"[0.6684784956669799, 0.6834849659099467, 0.6664839233854973, 0.670191278948735, 0.6813315092455344]"
ridge,B_M_P_C_A,1.0,0.6743381411631494,0.6743381411631493,0.0036441500129748574,"[0.6682170925004983, 0.6842575298332012, 0.6673194394219416, 0.6698128701704549, 0.6820837738896504]"
ridge,B_M_P_C_A,10.0,0.674616631962773,0.6746166319627729,0.0035940940909764355,"[0.6682004898899875, 0.6846685754005145, 0.6685223952050677, 0.6696822416746557, 0.6820094576436395]"
ridge,D_B_M_P_C_A,0.001,0.6770498944102005,0.6770498944102006,0.000307122731855519,"[0.6773570221690867, 0.6775734975721037, 0.6758463744684413, 0.677241467710346, 0.6772311101310245]"
ridge,D_B_M_P_C_A,0.01,0.6630984899494231,0.6630984899494231,0.0007293632919331167,"[0.6637043982508821, 0.6613157761037377, 0.6616716947483142, 0.6634867505745831, 0.6653138300695983]"
ridge,D_B_M_P_C_A,0.1,0.6566109623719517,0.6566109623719516,0.0038335465177935135,"[0.6588945035461429, 0.6425853861470439, 0.6643686843438873, 0.6551483682837217, 0.6620578695389623]"
ridge,D_B_M_P_C_A,1.0,0.6558527360731933,0.6558527360731932,0.007278745766948814,"[0.6600604312270649, 0.6299115091851598, 0.6727624168388553, 0.6522906020016044, 0.6642387211132816]"
ridge,D_B_M_P_C_A,10.0,0.6576233604138108,0.6576233604138109,0.008983290793410058,"[0.6609662059110465, 0.6269612548380159, 0.6814227463446274, 0.6526734015299267, 0.6660931934454379]"
ridge,K,0.001,0.6788549231507655,0.6788549231507655,0.001011548429001212,"[0.6824638165625482, 0.6767034459851629, 0.6795528610692624, 0.6778067901618096, 0.6777477019750445]"
ridge,K,0.01,0.6706143092085275,0.6706143092085275,0.0032865347992941316,"[0.6824930675201166, 0.6637854685882012, 0.6725162442608772, 0.6666350085879416, 0.6676417570855012]"
ridge,K,0.1,0.6696986534842732,0.669698653484273,0.004298459804968104,"[0.6853049516525062, 0.6608822671290191, 0.6719790915595961, 0.6641852399050924, 0.6661417171751515]"
ridge,K,1.0,0.669697766266247,0.669697766266247,0.004440793109870067,"[0.6858312797477968, 0.6606085727416, 0.6720221942087597, 0.6639599482401357, 0.6660668363929426]"
ridge,K,10.0,0.6696992325268198,0.6696992325268198,0.004455551074235106,"[0.6858873679605245, 0.6605817222836577, 0.6720282336452468, 0.6639379929583877, 0.6660608457862822]"
ridge,D_K,0.001,0.6759288169447709,0.6759288169447708,0.0012982392910273915,"[0.6802446806454343, 0.6725206310935556, 0.6768618566449137, 0.6756798042899045, 0.6743371120500458]"
ridge,D_K,0.01,0.6614829652616224,0.6614829652616224,0.004272144071817177,"[0.6748002080756098, 0.6490423540145339, 0.6653496686883235, 0.6609423529549457, 0.6572802425746994]"
ridge,D_K,0.1,0.6553286486084979,0.655328648608498,0.00689397981404681,"[0.6724422048937208, 0.6324399970472375, 0.6660443258551093, 0.654694734565984, 0.6510219806804382]"
ridge,D_K,1.0,0.6534616584557627,0.6534616584557627,0.009283991202217519,"[0.6719675390453189, 0.6207439692233678, 0.6708720282160899, 0.6530239879761959, 0.6507007678178409]"
ridge,D_K,10.0,0.6544862818447988,0.6544862818447991,0.010420112925626399,"[0.6722064693509548, 0.6180118035107538, 0.6772411609251858, 0.6533213252299898, 0.6516506502071108]"
ridge,B_K,0.001,0.6758968093327736,0.6758968093327734,0.0008725583416069802,"[0.6790568655587667, 0.6760055185585023, 0.6758446000413871, 0.6741249073445754, 0.674452155160636]"
ridge,B_K,0.01,0.6649809678332571,0.6649809678332572,0.002824640406169621,"[0.6749278384310905, 0.6663465160378956, 0.6639268305978452, 0.6582644493019203, 0.6614392047975339]"
ridge,B_K,0.1,0.6639668470180919,0.6639668470180919,0.0037260115855408523,"[0.6768736297070455, 0.6662703860628524, 0.6621039697721788, 0.6547216984783116, 0.6598645510700716]"
ridge,B_K,1.0,0.6639849864907799,0.6639849864907799,0.003853930023516367,"[0.6773025162725459, 0.6664372125022247, 0.6619945321311803, 0.6543760492805192, 0.659814622267429]"
ridge,B_K,10.0,0.6639890671453711,0.663989067145371,0.003867270680876376,"[0.6773493192770146, 0.6664569080880702, 0.6619850255487442, 0.6543420192773985, 0.6598120635356277]"
ridge,D_B_K,0.001,0.6730881545557622,0.6730881545557622,0.0010205749975501714,"[0.6769382819482392, 0.6719179061776223, 0.6732914705189423, 0.6721160037027226, 0.6711771104312847]"
ridge,D_B_K,0.01,0.6568224622462068,0.6568224622462069,0.0030105314871423797,"[0.6679969600122897, 0.6520511350080594, 0.6582416858587442, 0.6536260770592651, 0.6521964532926755]"
ridge,D_B_K,0.1,0.6517486409907427,0.6517486409907429,0.004921645785569211,"[0.6654967769670039, 0.6383936903001987, 0.6604356154171811, 0.647654553914245, 0.6467625683550853]"
ridge,D_B_K,1.0,0.6503288258178421,0.6503288258178422,0.007111683307156618,"[0.6651087328196311, 0.6277133210207712, 0.6661352572712006, 0.6463003327433385, 0.6463864852342691]"
ridge,D_B_K,10.0,0.6514039548293244,0.6514039548293244,0.008356984259640569,"[0.6654720955459349, 0.6250021839154936, 0.6728559292528091, 0.6466740192413486, 0.6470155461910361]"
ridge,M_K,0.001,0.6788652160704339,0.678865216070434,0.0010978072735628307,"[0.682900997092327, 0.6767248795462366, 0.6793973743153467, 0.6777025389041407, 0.6776002904941191]"
ridge,M_K,0.01,0.670858908188313,0.670858908188313,0.003417202113101955,"[0.6833153491871916, 0.6639290640255378, 0.6726227575518959, 0.666633480088404, 0.6677938900885357]"
ridge,M_K,0.1,0.6699785891643407,0.6699785891643406,0.004373505845867496,"[0.6857805805107354, 0.6608944262844929, 0.6723768225996066, 0.6641910652226578, 0.666650051204211]"
ridge,M_K,1.0,0.6699806371452682,0.6699806371452685,0.004506341015622872,"[0.6862346479767536, 0.660578312849983, 0.6724776797867023, 0.6639625787396842, 0.6666499663732186]"
ridge,M_K,10.0,0.6699826804156062,0.6699826804156062,0.004520216004313137,"[0.6862837760759776, 0.6605469456612607, 0.6724900715266702, 0.6639403925258435, 0.6666522162882788]"
ridge,D_M_K,0.001,0.6759358705436401,0.6759358705436402,0.0013669496442157906,"[0.6806401293826781, 0.6725472369218887, 0.676714091689674, 0.6755819167338046, 0.6741959779901557]"
ridge,D_M_K,0.01,0.6616417335484486,0.6616417335484487,0.00430713244163033,"[0.6752361789046116, 0.6492163756932784, 0.6653586388278135, 0.6609419364359662, 0.6574555378805734]"
ridge,D_M_K,0.1,0.6555106123605521,0.6555106123605521,0.0068581664735047135,"[0.6724483859501075, 0.6325114216054817, 0.6660282787688981, 0.6547466620239397, 0.6518183134543333]"
ridge,D_M_K,1.0,0.6537353903769499,0.6537353903769498,0.009201086575021118,"[0.6718184254087307, 0.6209016931603327, 0.6706143310116102, 0.6533743275416258, 0.6519681747624498]"
ridge,D_M_K,10.0,0.6548706660261611,0.6548706660261611,0.01039819620079249,"[0.6721765370851617, 0.6181474273472499, 0.6774352688797814, 0.6536480510266126, 0.6529460457919997]"
ridge,B_M_K,0.001,0.6759328043163012,0.6759328043163013,0.0009669022142879656,"[0.6794831980257058, 0.6760466180817235, 0.6757316992418828, 0.6740550231497661, 0.674347483082428]"
ridge,B_M_K,0.01,0.6651606970344877,0.6651606970344877,0.0028776298396358015,"[0.6753485613423411, 0.6663268777990897, 0.6640821107122674, 0.6582192716719721, 0.6618266636467678]"
ridge,B_M_K,0.1,0.664113310260305,0.664113310260305,0.0036423378259500144,"[0.6766833975240092, 0.6659188395582758, 0.6624929846737242, 0.6545661783815765, 0.6609051511639393]"
ridge,B_M_K,1.0,0.6641354067436455,0.6641354067436455,0.003745178634825774,"[0.6770010297420096, 0.6660446871177907, 0.6624300347144142, 0.654206304986155, 0.6609949771578577]"
ridge,B_M_K,10.0,0.6641400844895575,0.6641400844895576,0.0037560084009033413,"[0.6770372115839798, 0.6660586641330727, 0.6624262181977799, 0.6541709265764877, 0.6610074019564681]"
ridge,D_B_M_K,0.001,0.6731231080690084,0.6731231080690085,0.001102366453568067,"[0.6773250953368777, 0.6719734468818959, 0.6731849558419267, 0.6720523099308985, 0.6710797323534432]"
ridge,D_B_M_K,0.01,0.6569621548006651,0.656962154800665,0.00300345022035777,"[0.6681518937588068, 0.6521457822120701, 0.6582976121405457, 0.6536127844599207, 0.6526027014319823]"
ridge,D_B_M_K,0.1,0.6518603486057966,0.6518603486057966,0.004838476980603181,"[0.6651992760047473, 0.6381904517154725, 0.6602676602304856, 0.6475696059570537, 0.6480747491212239]"
ridge,D_B_M_K,1.0,0.6505264016533987,0.6505264016533987,0.007087314462234379,"[0.6648316971471527, 0.6272517633532934, 0.6658988700325302, 0.6464770576600376, 0.6481726200739795]"
ridge,D_B_M_K,10.0,0.6515700488732088,0.6515700488732089,0.008293484293487552,"[0.6650621482637047, 0.6246084766481964, 0.6724748232590162, 0.6468466483727072, 0.6488581478224202]"
ridge,P_K,0.001,0.6789174074778211,0.6789174074778213,0.0010442008499248743,"[0.6823345657482486, 0.676571886213584, 0.6802421419423087, 0.6777542084499457, 0.6776842350350193]"
ridge,P_K,0.01,0.6706152354422167,0.6706152354422166,0.00347418286816857,"[0.6816714359792297, 0.6628123703363898, 0.675571339316143, 0.6664261197179875, 0.6665949118613329]"
ridge,P_K,0.1,0.6697886445882665,0.6697886445882661,0.004611748075311295,"[0.6842120896009177, 0.6594345034367292, 0.6767821498208684, 0.6641612889513336, 0.6643531911314824]"
ridge,P_K,1.0,0.6698143226124887,0.6698143226124889,0.004776096396008567,"[0.68471287576624, 0.6590908077237677, 0.6771188027987993, 0.6639846320073827, 0.6641644947662546]"
ridge,P_K,10.0,0.6698190089820594,0.6698190089820594,0.004793269015959115,"[0.6847671248194502, 0.6590568957037751, 0.6771560856926138, 0.6639682076522198, 0.6641467310422381]"
ridge,D_P_K,0.001,0.6759822262786159,0.675982226278616,0.0013338599921776887,"[0.6801041023325867, 0.6723779478289722, 0.6775589353898009, 0.6756147391246582, 0.6742554067170624]"
ridge,D_P_K,0.01,0.6612949353948735,0.6612949353948736,0.00457443558070242,"[0.6737177813071309, 0.6478325252899696, 0.668610983262602, 0.6603616823535556, 0.6559517047611096]"
ridge,D_P_K,0.1,0.654747107758003,0.6547471077580032,0.00767986279526675,"[0.6701337350467209, 0.6301683892304363, 0.6718833297455271, 0.6533769106183629, 0.6481731741489684]"
ridge,D_P_K,1.0,0.6528869353216161,0.6528869353216162,0.010227244173496476,"[0.6691640044830521, 0.6184612002317632, 0.6776604183930435, 0.6513333169797852, 0.647815736520437]"
ridge,D_P_K,10.0,0.6539373888529011,0.6539373888529011,0.011490541011428369,"[0.6694107510991831, 0.6157480134734367, 0.6841182867989458, 0.6516277026033386, 0.648782190289601]"
ridge,B_P_K,0.001,0.675900726384912,0.675900726384912,0.0008724991296772107,"[0.6788619720917354, 0.6758051698367419, 0.6765106417239131, 0.6740304903736487, 0.6742953578985211]"
ridge,B_P_K,0.01,0.6644241078391119,0.6644241078391119,0.002783296669771908,"[0.6733320348320864, 0.6648029927441762, 0.6668290769675564, 0.657769718203599, 0.6593867164481412]"
ridge,B_P_K,0.1,0.6633194413068036,0.6633194413068038,0.00362014652282673,"[0.674517247139327, 0.6641405220025839, 0.6668789583474934, 0.6545225943663529, 0.6565378846782609]"
ridge,B_P_K,1.0,0.6633571345769039,0.6633571345769038,0.0037376290414403556,"[0.6748593036851261, 0.6642524044272688, 0.6670988386162825, 0.6542727484996466, 0.6563023776561955]"
ridge,B_P_K,10.0,0.6633639616843651,0.6633639616843652,0.003749796815738036,"[0.6748974471562204, 0.6642669299112389, 0.6671247527433709, 0.6542494736210545, 0.6562812049899408]"
ridge,D_B_P_K,0.001,0.6730843381999222,0.6730843381999221,0.0010354701665254743,"[0.6767317028471391, 0.6717126407419124, 0.6739646763217149, 0.672008314906047, 0.6710043561827971]"
ridge,D_B_P_K,0.01,0.6560760904880052,0.6560760904880051,0.0032524713536682243,"[0.6661096460771132, 0.6503182730614199, 0.6613746809027432, 0.6526741616694673, 0.649903690729282]"
ridge,D_B_P_K,0.1,0.6503867630485357,0.6503867630485358,0.005908341414815064,"[0.6616580835676824, 0.635457004469669, 0.6666456190337343, 0.6455855444319976, 0.6425875637395954]"
ridge,D_B_P_K,1.0,0.6490564062408024,0.6490564062408024,0.008376116663550533,"[0.6607326391257988, 0.6248028504393858, 0.6736518025354475, 0.6439037167587963, 0.6421910223445839]"
ridge,D_B_P_K,10.0,0.6502383393191206,0.6502383393191205,0.009695161174112461,"[0.6610274368341597, 0.6226561552065829, 0.6804388142803081, 0.6441646367978169, 0.6429046534767352]"
ridge,M_P_K,0.001,0.6789217077867288,0.6789217077867287,0.0011206127995041803,"[0.6827641005247109, 0.676587347753297, 0.6800798587639223, 0.6776463256127105, 0.6775309062790029]"
ridge,M_P_K,0.01,0.6708568755120545,0.6708568755120543,0.0035807260963712185,"[0.6824976499522408, 0.6629946106235785, 0.6756137021424832, 0.6664222233831315, 0.6667561914588382]"
ridge,M_P_K,0.1,0.670064278364502,0.6700642783645019,0.004678455079744986,"[0.6847397599576922, 0.6594833634487208, 0.6770489326977118, 0.6641549700357836, 0.664894365682601]"
ridge,M_P_K,1.0,0.670097951983674,0.670097951983674,0.0048338300697347535,"[0.6851764087810825, 0.659120046350613, 0.6774304177065882, 0.6639801953426572, 0.6647826917374289]"
ridge,M_P_K,10.0,0.6701035370101571,0.6701035370101571,0.004850056265014481,"[0.6852236778214156, 0.6590840109748888, 0.6774727953625125, 0.6639640390612986, 0.6647731618306705]"
ridge,D_M_P_K,0.001,0.6759829258307876,0.6759829258307875,0.001395353124562913,"[0.680492690203705, 0.6723985808060178, 0.6774031875822835, 0.675512384909097, 0.6741077856528341]"
ridge,D_M_P_K,0.01,0.6614534338526669,0.6614534338526668,0.004590106479721425,"[0.6741574104095069, 0.6480558009218687, 0.6685759729258071, 0.6603718464795738, 0.6561061385265774]"
ridge,D_M_P_K,0.1,0.6549975839470586,0.6549975839470585,0.007630767675663859,"[0.6701880679091256, 0.6304260291616539, 0.6720531123494797, 0.6533649526460396, 0.6489557576689942]"
ridge,D_M_P_K,1.0,0.6533282313174947,0.6533282313174948,0.010171345059222986,"[0.66913947494867, 0.6188989633930321, 0.6780624757241001, 0.6515484738518337, 0.6489917686698381]"
ridge,D_M_P_K,10.0,0.6543678354146114,0.6543678354146113,0.0114319005966947,"[0.66940686619189, 0.6161549424025476, 0.6844048557383876, 0.6518293763437523, 0.6500431363964789]"
ridge,B_M_P_K,0.001,0.6759334904129617,0.6759334904129617,0.000958423990499561,"[0.6792805998789416, 0.6758495361983199, 0.6763919029515255, 0.6739583269722828, 0.6741870860637383]"
ridge,B_M_P_K,0.01,0.6646242793141578,0.6646242793141578,0.002824562070606175,"[0.6737643581605, 0.6648727060669596, 0.6669410955263517, 0.6577505053073328, 0.6597927315096448]"
ridge,B_M_P_K,0.1,0.6634975815715906,0.6634975815715904,0.003539798184494532,"[0.6744212097956533, 0.6639085027501013, 0.6671620012104065, 0.654386202745288, 0.6576099913565032]"
ridge,B_M_P_K,1.0,0.6635439362147378,0.6635439362147377,0.003635574869933278,"[0.6746767941454652, 0.6639811075155483, 0.6674248441071419, 0.6541171044974607, 0.6575198308080729]"
ridge,B_M_P_K,10.0,0.6635515095342052,0.6635515095342052,0.003645503548877299,"[0.6747058747799459, 0.6639904738707406, 0.6674556417508388, 0.6540920099034326, 0.6575135473660678]"
ridge,D_B_M_P_K,0.001,0.6731127207518153,0.6731127207518152,0.0011097864784484876,"[0.6771121025832739, 0.6717619528802096, 0.6738493614971997, 0.6719398420792099, 0.6709003447191831]"
ridge,D_B_M_P_K,0.01,0.6562218404943116,0.6562218404943116,0.0032365797330813867,"[0.6663002789493787, 0.6504345842052955, 0.661401547520079, 0.6526618690818277, 0.6503109227149777]"
ridge,D_B_M_P_K,0.1,0.6506109537950998,0.6506109537950998,0.005802912321457641,"[0.6616295292270102, 0.6354586788039863, 0.66648725266111, 0.6455981998109801, 0.6438811084724129]"
ridge,D_B_M_P_K,1.0,0.6493523079670165,0.6493523079670165,0.008245036290914344,"[0.6606338254423366, 0.6249332494837716, 0.673370109365208, 0.643960125310015, 0.643864230233751]"
ridge,D_B_M_P_K,10.0,0.6504768206091879,0.650476820609188,0.009657095335297903,"[0.6608755140337145, 0.6223250962214816, 0.6803312729143665, 0.6443101925721245, 0.6445420273042528]"
ridge,C_K,0.001,0.678792377211545,0.678792377211545,0.0009837709249240208,"[0.6823162957956787, 0.6766529457880963, 0.679401470174404, 0.6777584350342485, 0.6778327392652975]"
ridge,C_K,0.01,0.6705056773501784,0.6705056773501784,0.003120639902077169,"[0.681832796321195, 0.6638864241118664, 0.6719101577355376, 0.6664503101994174, 0.6684486983828757]"
ridge,C_K,0.1,0.6698410834275197,0.6698410834275197,0.003922592473030898,"[0.6840666864865314, 0.6617493838348052, 0.6710790331958921, 0.6637901388596708, 0.6685201747606992]"
ridge,C_K,1.0,0.6701967106089076,0.6701967106089077,0.003971594011973056,"[0.6844312399200875, 0.6620402414853912, 0.6717115141429768, 0.6636433831071201, 0.6691571743889629]"
ridge,C_K,10.0,0.6705037916685613,0.6705037916685612,0.0039381992740708275,"[0.684472000304691, 0.6624809046803211, 0.6724352099952456, 0.6637406376850068, 0.6693902056775417]"
ridge,D_C_K,0.001,0.6758855704855348,0.6758855704855347,0.0012691508034071387,"[0.6801093910539582, 0.672489637468258, 0.6767313200192363, 0.6756512596874862, 0.6744462441987347]"
ridge,D_C_K,0.01,0.6615224236097558,0.6615224236097558,0.0041108427112147095,"[0.6742985039219191, 0.6491891700005279, 0.6649385902278185, 0.6609209092733935, 0.6582649446251198]"
ridge,D_C_K,0.1,0.6558786518748858,0.6558786518748859,0.006551588046399781,"[0.6717784248422702, 0.6333884740629877, 0.6656048055286079, 0.6547235213232776, 0.653898033617286]"
ridge,D_C_K,1.0,0.6546284367911368,0.6546284367911369,0.008875166689569326,"[0.6713273791892902, 0.6225001836321749, 0.6708397696215541, 0.6534695534712545, 0.6550052980414107]"
ridge,D_C_K,10.0,0.656214800945172,0.6562148009451719,0.010036401931349056,"[0.6717094216799836, 0.6202389327132376, 0.6779896515418823, 0.6539462588495608, 0.6571897399411951]"
ridge,B_C_K,0.001,0.6758348159857966,0.6758348159857969,0.000844057544028454,"[0.6789091821840709, 0.6759529296574216, 0.6756939012582939, 0.6740776219601056, 0.674540444869092]"
ridge,B_C_K,0.01,0.6649150069326333,0.6649150069326334,0.0027065145824304473,"[0.6743301746307622, 0.666465463130832, 0.6633565113189427, 0.6581163071571774, 0.6623065784254524]"
ridge,B_C_K,0.1,0.6641808102988377,0.6641808102988377,0.0035342688704203024,"[0.6757322796049045, 0.6671653539345389, 0.6612649478825616, 0.6544045667102489, 0.6623369033619347]"
ridge,B_C_K,1.0,0.6645295290047007,0.664529529004701,0.0036237761843559233,"[0.6759992908457544, 0.668006459476013, 0.6617306534700148, 0.6541328805124905, 0.6627783607192316]"
ridge,B_C_K,10.0,0.6648252808722303,0.6648252808722304,0.0036163131913366114,"[0.6760218317482827, 0.6685817332492882, 0.6624700204720047, 0.6542146857806513, 0.6628381331109251]"
ridge,D_B_C_K,0.001,0.6730464703112938,0.6730464703112939,0.0009865722524633742,"[0.6768042727935445, 0.6718888163497777, 0.673156968989066, 0.6720906713803748, 0.6712916220437064]"
ridge,D_B_C_K,0.01,0.6568928575380398,0.6568928575380398,0.0028262033431966952,"[0.667521950968917, 0.6522340151225191, 0.657856312588199, 0.6536492548040373, 0.6532027542065263]"
ridge,D_B_C_K,0.1,0.6523504992896186,0.6523504992896186,0.0045345259996085185,"[0.6648553957878055, 0.6393947541866236, 0.6600336654267946, 0.6477776527785506, 0.6496910282683191]"
ridge,D_B_C_K,1.0,0.6515473215012775,0.6515473215012775,0.006718805731276992,"[0.6644898915888876, 0.6294005555219243, 0.6663878185223528, 0.6466395120848998, 0.650818829788323]"
ridge,D_B_C_K,10.0,0.6533316807286439,0.653331680728644,0.007961812457435595,"[0.664907935925541, 0.6274283467422435, 0.6740897939257953, 0.6477456793052023, 0.6524866477444375]"
ridge,M_C_K,0.001,0.6788054450960896,0.6788054450960896,0.0010697185674629608,"[0.6827546378354588, 0.67667676350542, 0.679248481638903, 0.6776588016468645, 0.677688540853802]"
ridge,M_C_K,0.01,0.670764082232922,0.6707640822329222,0.003251916157903349,"[0.6826633362431178, 0.6640374575748229, 0.6720284655990456, 0.666463167215597, 0.6686279845320273]"
ridge,M_C_K,0.1,0.6701320659093889,0.670132065909389,0.004014174173767177,"[0.6845316931795123, 0.661698075290044, 0.6715248703717519, 0.6637346482864759, 0.6691710424191605]"
ridge,M_C_K,1.0,0.6705069208247814,0.6705069208247814,0.004061206645957613,"[0.6848399064038923, 0.6619646855505452, 0.6721740355273577, 0.6635473086196793, 0.6700086680224324]"
ridge,M_C_K,10.0,0.67081462417116,0.6708146241711599,0.004019931756948393,"[0.6848533498629675, 0.6623876548129684, 0.6728470028005729, 0.6636947974172811, 0.6702903159620098]"
ridge,D_M_C_K,0.001,0.675886187679739,0.675886187679739,0.0013389930505925175,"[0.6805035877474318, 0.6725072601204748, 0.6765758384453753, 0.6755490491226287, 0.6742952029627843]"
ridge,D_M_C_K,0.01,0.6616856368209836,0.6616856368209835,0.00414876833111915,"[0.6747425482220726, 0.6493548189916982, 0.6649498438534479, 0.660934928687862, 0.658446044349837]"
ridge,D_M_C_K,0.1,0.6560544879017526,0.6560544879017526,0.006507910411123101,"[0.6716422929435464, 0.6334808778662158, 0.6656051780479697, 0.6547199774136678, 0.6548241132373632]"
ridge,D_M_C_K,1.0,0.6549361820142763,0.6549361820142763,0.008873015508405089,"[0.6712110852811821, 0.6224491620900525, 0.6707258743038368, 0.6535780725976461, 0.6567167157986638]"
ridge,D_M_C_K,10.0,0.6565676575853019,0.6565676575853019,0.010071934897750759,"[0.6714689208392727, 0.6201272658078725, 0.6781682296902712, 0.6540528817175317, 0.6590209898715621]"
ridge,B_M_C_K,0.001,0.6758783098701469,0.6758783098701469,0.0009388680804548517,"[0.6793417670502171, 0.6760052652730604, 0.6755868559914741, 0.674015168977626, 0.6744424920583567]"
ridge,B_M_C_K,0.01,0.6651060876188617,0.6651060876188618,0.0027580209454177254,"[0.6747348299096436, 0.6664667912432328, 0.663520649621907, 0.6580761981227746, 0.6627319691967509]"
ridge,B_M_C_K,0.1,0.6643298448689726,0.6643298448689727,0.0034786668625194964,"[0.6754609269214589, 0.6668104024377464, 0.6616688146664906, 0.6541148511277585, 0.6635942291914093]"
ridge,B_M_C_K,1.0,0.6647312278787275,0.6647312278787276,0.0035613612474329416,"[0.675669676916269, 0.667577315422949, 0.6621357884255455, 0.6538177628925267, 0.6644555957363479]"
ridge,B_M_C_K,10.0,0.6650309348087057,0.6650309348087057,0.003556152592825637,"[0.6756740654378468, 0.6681914825217052, 0.6628073124920763, 0.6538712797674638, 0.6646105338244364]"
ridge,D_B_M_C_K,0.001,0.6730762753364898,0.6730762753364898,0.0010709351662511561,"[0.6771919454375519, 0.6719350425549994, 0.6730496066194298, 0.672021621804917, 0.6711831602655514]"
ridge,D_B_M_C_K,0.01,0.6570220456055916,0.6570220456055917,0.002833505455287669,"[0.6677026380279804, 0.6522699667877176, 0.657897891110831, 0.6535975174251049, 0.6536422146763247]"
ridge,D_B_M_C_K,0.1,0.6524439353235685,0.6524439353235684,0.004483331871353232,"[0.664510284894236, 0.6391454431323593, 0.6597978863170724, 0.6475473101942232, 0.651218752079951]"
ridge,D_B_M_C_K,1.0,0.6517718728926184,0.6517718728926185,0.006697036240974391,"[0.6641100591816641, 0.629039818556182, 0.6659549937547926, 0.6467396823693575, 0.6530148106010962]"
ridge,D_B_M_C_K,10.0,0.6534163202996286,0.6534163202996286,0.007918075190683271,"[0.6644208301153155, 0.6270494653993803, 0.6733974556916179, 0.6473856594078236, 0.6548281908840056]"
ridge,P_C_K,0.001,0.6788575348861514,0.6788575348861514,0.0010139957236072613,"[0.6821887458884389, 0.6765244986227305, 0.6800931610835442, 0.6777088839016681, 0.6777723849343753]"
ridge,P_C_K,0.01,0.6705216214386743,0.6705216214386742,0.0032827191208352094,"[0.6810257201479413, 0.6629298461970552, 0.6749676115002324, 0.6662447444685673, 0.6674401848795753]"
ridge,P_C_K,0.1,0.6699249544068876,0.6699249544068876,0.004167747780673961,"[0.6829722432479046, 0.660300021611268, 0.6759002451887266, 0.6636981632297234, 0.6667540987568156]"
ridge,P_C_K,1.0,0.6703378311858504,0.6703378311858506,0.004261051580792544,"[0.6833404837722751, 0.6605262558254938, 0.6769217026731279, 0.6636237409400223, 0.6672769727183333]"
ridge,P_C_K,10.0,0.6706652001544882,0.6706652001544882,0.004274566254418405,"[0.6833797727939642, 0.6608964540137257, 0.6777812218624869, 0.6637512711274915, 0.6675172809747727]"
ridge,D_P_C_K,0.001,0.6759330787991144,0.6759330787991146,0.0013039709478607682,"[0.6799674774506725, 0.6723394769672631, 0.6774199387680028, 0.6755807138695185, 0.6743577869401157]"
ridge,D_P_C_K,0.01,0.6613344684985344,0.6613344684985344,0.004396437748270758,"[0.6732256893711718, 0.6479908697194141, 0.6681739678933165, 0.6603484270562284, 0.6569333884525407]"
ridge,D_P_C_K,0.1,0.6553195381363154,0.6553195381363153,0.007328055385715686,"[0.6694379391006431, 0.6311125930107333, 0.6716579908427099, 0.6532497524212425, 0.651139415306248]"
ridge,D_P_C_K,1.0,0.6541342196355429,0.6541342196355429,0.009822360141484673,"[0.6684916175705844, 0.620445932599588, 0.6781598721871444, 0.6514078698117479, 0.6521658060086503]"
ridge,D_P_C_K,10.0,0.6558671926832187,0.6558671926832187,0.011174652028106767,"[0.668722113725714, 0.6181853380694594, 0.6858162298454824, 0.6522518645247539, 0.6543604172506833]"
ridge,B_P_C_K,0.001,0.6758459084691684,0.6758459084691684,0.0008400259925879989,"[0.6787218207612604, 0.6757615404489522, 0.6763661054166018, 0.6739894586060093, 0.6743906171130182]"
ridge,B_P_C_K,0.01,0.6643699357085655,0.6643699357085656,0.002609654662083234,"[0.6727405770386041, 0.664931655092572, 0.6662707402177465, 0.657624633411473, 0.6602820727824326]"
ridge,B_P_C_K,0.1,0.6635355041609993,0.6635355041609993,0.0032724457468503365,"[0.6734043496424271, 0.6650449416462572, 0.6660219610013328, 0.6541325535477817, 0.6590737149671976]"
ridge,B_P_C_K,1.0,0.663929445676811,0.6639294456768109,0.0033698151426664455,"[0.6735991586470609, 0.6658085026167025, 0.6669606263878338, 0.6539373099857335, 0.6593416307467242]"
ridge,B_P_C_K,10.0,0.6642421361692191,0.6642421361692189,0.003419665942287746,"[0.6735854694960366, 0.6663858251232162, 0.6678718976478827, 0.6539860342288973, 0.6593814543500619]"
ridge,D_B_P_C_K,0.001,0.6730410411222727,0.6730410411222728,0.0009995336035459232,"[0.6765988896758869, 0.6716765976794267, 0.673831903057511, 0.6719864968768028, 0.671111318321737]"
ridge,D_B_P_C_K,0.01,0.6561355798936018,0.6561355798936019,0.0030407451137150214,"[0.665638734300635, 0.6504858048646807, 0.6609740985668213, 0.6526576477317816, 0.650921614004091]"
ridge,D_B_P_C_K,0.1,0.6510144454451661,0.6510144454451661,0.005442736833292182,"[0.6609361263640492, 0.6366705412690156, 0.6661940302339382, 0.6456274719259921, 0.6456440574328352]"
ridge,D_B_P_C_K,1.0,0.650367563919362,0.650367563919362,0.007939289989663739,"[0.660037194356978, 0.6268886108504321, 0.6741016572051133, 0.6441156437112502, 0.6466947134730364]"
ridge,D_B_P_C_K,10.0,0.65212984747909,0.6521298474790901,0.00942316523925743,"[0.6603318447101546, 0.6248245797647192, 0.6820767999567672, 0.6447769735073853, 0.648639039456424]"
ridge,M_P_C_K,0.001,0.6788625518990177,0.6788625518990177,0.0010903253943010927,"[0.6826187141390266, 0.6765400373157692, 0.6799313021209735, 0.677603108632759, 0.6776195972865597]"
ridge,M_P_C_K,0.01,0.6707625691775615,0.6707625691775614,0.0033939400224377823,"[0.681851300065433, 0.663076969149918, 0.6750169105642736, 0.6662518082053783, 0.6676158579028039]"
ridge,M_P_C_K,0.1,0.6702277065638427,0.6702277065638428,0.004250511832949598,"[0.6835097360979083, 0.6602895442796032, 0.676198475058209, 0.6636827522367571, 0.6674580251467361]"
ridge,M_P_C_K,1.0,0.6706480775868823,0.6706480775868824,0.004333073873745006,"[0.6837863110889036, 0.6604768384277568, 0.6772272206138195, 0.6635735087379302, 0.6681765090660016]"
ridge,M_P_C_K,10.0,0.6709789649142613,0.6709789649142615,0.004339951319746224,"[0.6838301420920896, 0.66088321865513, 0.6780511194352613, 0.6636860321801986, 0.6684443122086273]"
ridge,D_M_P_C_K,0.001,0.6759343781559478,0.6759343781559479,0.0013655350738715029,"[0.6803564938271077, 0.672359353208354, 0.6772666957612791, 0.6754802170037811, 0.6742091309792174]"
ridge,D_M_P_C_K,0.01,0.661491967747326,0.661491967747326,0.00441979527944568,"[0.6736650482879274, 0.6481756622382376, 0.6681662475936507, 0.6603607029077126, 0.6570921777091016]"
ridge,D_M_P_C_K,0.1,0.6555165145777714,0.6555165145777714,0.007252946507275968,"[0.6693635975852912, 0.6313436998543414, 0.6716005191243826, 0.6532554097254942, 0.6520193465993475]"
ridge,D_M_P_C_K,1.0,0.6545592683585901,0.6545592683585901,0.009783240883582234,"[0.6683928776125293, 0.6206671513371277, 0.6783250585756092, 0.6515860409787849, 0.6538252132888992]"
ridge,D_M_P_C_K,10.0,0.6562234144389183,0.6562234144389183,0.011168892652869128,"[0.6686438649734591, 0.6183271692511335, 0.6860117471864443, 0.6520864244715114, 0.6560478663120434]"
ridge,B_M_P_C_K,0.001,0.6758793413462564,0.6758793413462565,0.0009266549390536359,"[0.6791414797504077, 0.6758067723095728, 0.6762466995697957, 0.6739190049575858, 0.67428275014392]"
ridge,B_M_P_C_K,0.01,0.6645719937731089,0.6645719937731089,0.0026529531012626905,"[0.6731714095766567, 0.6649775175125328, 0.6663829564448336, 0.657602417658416, 0.6607256676731058]"
ridge,B_M_P_C_K,0.1,0.6637253348768435,0.6637253348768436,0.0032221125454986515,"[0.6732791120109702, 0.6647776053386989, 0.6663413128003114, 0.6538736482250724, 0.660354996009165]"
ridge,B_M_P_C_K,1.0,0.6641597333903717,0.6641597333903717,0.0032889100601113147,"[0.6733719904305963, 0.6654810671276685, 0.6672617581185428, 0.6536582167371224, 0.6610256345379285]"
ridge,B_M_P_C_K,10.0,0.6644969925248361,0.664496992524836,0.003328577713928317,"[0.6733768096003819, 0.6660597234708775, 0.6681372307219132, 0.6537218650464994, 0.661189333784508]"
ridge,D_B_M_P_C_K,0.001,0.6730737471548962,0.6730737471548961,0.0010745946735060304,"[0.6769861332215186, 0.6717245347888113, 0.6737186573317985, 0.6719203299407734, 0.6710190804915791]"
ridge,D_B_M_P_C_K,0.01,0.656277664597476,0.656277664597476,0.0030263951643811353,"[0.6658275203839767, 0.6505627575716142, 0.6609762375930873, 0.6526567988289856, 0.6513650086097164]"
ridge,D_B_M_P_C_K,0.1,0.651204836980161,0.6512048369801611,0.005358718050958402,"[0.6607732603998164, 0.6365331904536353, 0.6660074674754045, 0.6455341207907294, 0.6471761457812194]"
ridge,D_B_M_P_C_K,1.0,0.6506684916270983,0.6506684916270984,0.007879573032844213,"[0.6598057577362777, 0.626846106837734, 0.6739594993489262, 0.6439931990290291, 0.6487378951835251]"
ridge,D_B_M_P_C_K,10.0,0.652381374601062,0.652381374601062,0.009304817834837269,"[0.6601634562548889, 0.6247830782797951, 0.681480871436943, 0.6446175896960084, 0.6508618773376751]"
ridge,A_K,0.001,0.6768988358149085,0.6768988358149086,0.0008947058471515946,"[0.6801109368023289, 0.6746388830020646, 0.6764920265742895, 0.6762581985815568, 0.6769941341143026]"
ridge,A_K,0.01,0.6661802257595439,0.6661802257595438,0.0027923541012614948,"[0.6758669283155302, 0.6591880743086019, 0.6641933149526823, 0.6637022295036588, 0.6679505817172463]"
ridge,A_K,0.1,0.6650247216444075,0.6650247216444075,0.0035873661215053395,"[0.6771686487438741, 0.6561390444571206, 0.6620185861176174, 0.6615907151108397, 0.668206613792586]"
ridge,A_K,1.0,0.6650369580838216,0.6650369580838216,0.003696362900942084,"[0.677498824949404, 0.6558989121829257, 0.6618715201544084, 0.6614629543130774, 0.6684525788192922]"
ridge,A_K,10.0,0.6650405913978393,0.6650405913978394,0.0037076741014478295,"[0.6775350642994686, 0.6558763939408078, 0.6618583477283817, 0.6614519670502205, 0.6684811839703187]"
ridge,D_A_K,0.001,0.6740845345672652,0.6740845345672651,0.0011791515684192475,"[0.6779965913658086, 0.6705705943046675, 0.6739351790937725, 0.6741868209407889, 0.6737334871312887]"
ridge,D_A_K,0.01,0.6578763449629486,0.6578763449629486,0.0038242890226135016,"[0.6691733642082188, 0.6451029737215191, 0.6581428063374232, 0.6578033689848668, 0.6591592115627148]"
ridge,D_A_K,0.1,0.6514931154653539,0.6514931154653538,0.006559887532799609,"[0.6662817672470042, 0.6272698449756191, 0.6574075898692411, 0.6506079353906881, 0.6558984398442174]"
ridge,D_A_K,1.0,0.6495521869548352,0.6495521869548352,0.009214165108142184,"[0.6661035132338589, 0.6145770321028786, 0.661880771774728, 0.6487114343365774, 0.656488183326133]"
ridge,D_A_K,10.0,0.6506495543832194,0.6506495543832194,0.010358215536711724,"[0.6665639159356761, 0.6115609415079437, 0.6683467874412524, 0.649117519082094, 0.6576586079491306]"
ridge,B_A_K,0.001,0.6740094766643192,0.6740094766643192,0.0007359606268728871,"[0.6767760825725513, 0.6739854189832638, 0.6728726265171027, 0.6726604992312665, 0.673752756017412]"
ridge,B_A_K,0.01,0.6609093170408137,0.6609093170408137,0.0023642999568774877,"[0.6687981543069168, 0.6618178781118299, 0.656159073885143, 0.6558870308512392, 0.6618844480489394]"
ridge,B_A_K,0.1,0.6596940001985669,0.659694000198567,0.0031236416278250232,"[0.6694049046946531, 0.6613803334537671, 0.6528567867914066, 0.6528944218848615, 0.6619335541681466]"
ridge,B_A_K,1.0,0.6597259610848136,0.6597259610848137,0.0032323360659416434,"[0.6696654844535299, 0.6615386026806513, 0.6525742892450679, 0.6526743223099941, 0.6621771067348258]"
ridge,B_A_K,10.0,0.6597320245116934,0.6597320245116934,0.0032437177044054707,"[0.6696950291053988, 0.6615580351138387, 0.6525472110484439, 0.6526540763715998, 0.662205770919186]"
ridge,D_B_A_K,0.001,0.6713121278522013,0.6713121278522013,0.0008704649709604685,"[0.6747620245572741, 0.6700228170338935, 0.6704480708935179, 0.6707025130516859, 0.670625213724635]"
ridge,D_B_A_K,0.01,0.653469438711742,0.653469438711742,0.0025001614373489204,"[0.6627433975321779, 0.6481295261556241, 0.6514617673023979, 0.650988199668339, 0.6540243029001708]"
ridge,D_B_A_K,0.1,0.648094341783876,0.648094341783876,0.004464411487711491,"[0.6597206045428483, 0.6331712515155462, 0.6522037942439498, 0.644257795310818, 0.6511182633062175]"
ridge,D_B_A_K,1.0,0.6465315444142528,0.6465315444142529,0.0069566892636394205,"[0.6596569407689195, 0.6212760025723872, 0.6574686704605031, 0.6428002537015628, 0.6514558545678915]"
ridge,D_B_A_K,10.0,0.6477116624328275,0.6477116624328275,0.008173934543859897,"[0.6601032175576175, 0.6183786656914988, 0.6644587040174076, 0.6432368560628345, 0.6523808688347794]"
ridge,M_A_K,0.001,0.6769005690969363,0.6769005690969362,0.0009775347830673967,"[0.6805321233536811, 0.6746580126419395, 0.6763296556271519, 0.6761497184381402, 0.6768333354237688]"
ridge,M_A_K,0.01,0.6664177158584698,0.6664177158584698,0.0029121715792725933,"[0.6766857623541905, 0.6593760662580456, 0.6642883826458673, 0.6636941640267793, 0.6680442040074663]"
ridge,M_A_K,0.1,0.6653003794122406,0.6653003794122406,0.0036648247244795264,"[0.6776703075903235, 0.6562077299728767, 0.6624381742103211, 0.6615822125987731, 0.6686034726889084]"
ridge,M_A_K,1.0,0.6653164258550823,0.6653164258550823,0.003767939165894873,"[0.6779387098756946, 0.655937879347088, 0.6623441231632348, 0.6614526592943272, 0.668908757595067]"
ridge,M_A_K,10.0,0.6653207996343673,0.6653207996343674,0.0037786175781095005,"[0.6779685200477416, 0.6559122413864559, 0.6623378156105405, 0.6614415634879067, 0.668943857639192]"
ridge,D_M_A_K,0.001,0.6740860115568544,0.6740860115568544,0.001244159783491378,"[0.6783803783833189, 0.6705969478638355, 0.6737803799932546, 0.6740864485745299, 0.6735859029693336]"
ridge,D_M_A_K,0.01,0.6580446969664542,0.658044696966454,0.003852184128482806,"[0.669618240485506, 0.6453458426511532, 0.6581410819848845, 0.6578380473516002, 0.659280272359126]"
ridge,D_M_A_K,0.1,0.6516602044707108,0.6516602044707109,0.00653994231447264,"[0.6662715391901112, 0.6274901268799583, 0.6573718872941364, 0.6506080076653391, 0.6565594613240096]"
ridge,D_M_A_K,1.0,0.6497370063584609,0.649737006358461,0.009182503275778443,"[0.6659666291021993, 0.6147662756070523, 0.661486431893453, 0.6489013436873593, 0.6575643515022409]"
ridge,D_M_A_K,10.0,0.650862078096578,0.6508620780965781,0.010350518642906153,"[0.6664433958685647, 0.6115878047570054, 0.6678046519102454, 0.6493595605291719, 0.6591149774179031]"
ridge,B_M_A_K,0.001,0.674040616945674,0.674040616945674,0.0008327195745024299,"[0.6771928688011716, 0.6740314208121881, 0.6727546046505741, 0.6725860112569989, 0.6736381792074372]"
ridge,B_M_A_K,0.01,0.6611025425145061,0.6611025425145061,0.0024321795950240383,"[0.6692391089581601, 0.6618737873230588, 0.6563241850311438, 0.6558635027005671, 0.6622121285596004]"
ridge,B_M_A_K,0.1,0.6598454352383608,0.6598454352383609,0.003102218111580537,"[0.669271299939631, 0.6611142658581514, 0.6533004121958336, 0.6527421266127833, 0.6627990715854051]"
ridge,B_M_A_K,1.0,0.6598790047634575,0.6598790047634575,0.0031985119248460247,"[0.6694407825383443, 0.6612155330910897, 0.6530769122868135, 0.6525046552135833, 0.6631571406874569]"
ridge,B_M_A_K,10.0,0.6598854391933318,0.6598854391933318,0.0032086027328674586,"[0.669460691532921, 0.6612289614196006, 0.6530564109562041, 0.6524826988493962, 0.6631984332085371]"
ridge,D_B_M_A_K,0.001,0.6713404406295884,0.6713404406295884,0.0009544229308817433,"[0.6751387833268402, 0.6700691120498296, 0.6703357693456894, 0.6706369353908872, 0.6705216030346961]"
ridge,D_B_M_A_K,0.01,0.6536087578015808,0.6536087578015808,0.002520141538848799,"[0.6629206943957735, 0.6482766456816719, 0.6515271626130369, 0.6509649442203312, 0.6543543420970902]"
ridge,D_B_M_A_K,0.1,0.6482045324932886,0.6482045324932886,0.0045271336261163714,"[0.6595513549142648, 0.6329388736532591, 0.6520811030395558, 0.644158764515057, 0.6522925663443058]"
ridge,D_B_M_A_K,1.0,0.6467528583495165,0.6467528583495163,0.00701927696835333,"[0.6593464530837646, 0.6210660728197505, 0.6573338550802538, 0.642915707269896, 0.6531022034939172]"
ridge,D_B_M_A_K,10.0,0.6478936740421775,0.6478936740421775,0.008179207647806531,"[0.6598013987218709, 0.6182176098940508, 0.6638811367912456, 0.6433831246010037, 0.6541851002027165]"
ridge,P_A_K,0.001,0.6769710092384884,0.6769710092384884,0.0008870117256702567,"[0.679991355008943, 0.6745214187170175, 0.6771815919063577, 0.6762175564578038, 0.6769431241023199]"
ridge,P_A_K,0.01,0.6663095240936461,0.6663095240936461,0.0027370472216612417,"[0.6751677665134472, 0.6583868513509712, 0.6671921825874578, 0.6636455190059938, 0.6671553010103605]"
ridge,P_A_K,0.1,0.6652843943967749,0.665284394396775,0.003485390971159481,"[0.6762113841522303, 0.6549345552102122, 0.6666465315473918, 0.6617943446087368, 0.666835156465304]"
ridge,P_A_K,1.0,0.665327203439886,0.665327203439886,0.0035876001995244306,"[0.6765141395613227, 0.654628151228655, 0.6667707947946803, 0.6617298321437168, 0.6669930994710552]"
ridge,P_A_K,10.0,0.6653345242889371,0.665334524288937,0.003598050338915946,"[0.6765478850125695, 0.6545998283744899, 0.6667866120727709, 0.66172588220804, 0.6670124137768154]"
ridge,D_P_A_K,0.001,0.674150051037271,0.674150051037271,0.0011842045859607492,"[0.6778697532857387, 0.6704425285714932, 0.6746335350458079, 0.6741349252795537, 0.6736695130037615]"
ridge,D_P_A_K,0.01,0.6578363166000495,0.6578363166000495,0.003940617627139146,"[0.6682426882189482, 0.6440746629579236, 0.6613949293602542, 0.6574111794719384, 0.6580581229911828]"
ridge,D_P_A_K,0.1,0.6511578183517667,0.6511578183517667,0.007048802503108373,"[0.6641874563992105, 0.6252842086931816, 0.6632383792676315, 0.6495065652446449, 0.6535724821541651]"
ridge,D_P_A_K,1.0,0.6491660104836356,0.6491660104836356,0.00984292817572855,"[0.6634632530094046, 0.6126170854357328, 0.6684136098880225, 0.6473178807832874, 0.6540182233017304]"
ridge,D_P_A_K,10.0,0.6503784374509992,0.6503784374509991,0.011163805999914555,"[0.6639513192084894, 0.6096480714858682, 0.6752181096028418, 0.6476818267661716, 0.6553928601916247]"
ridge,B_P_A_K,0.001,0.6740293949961211,0.6740293949961212,0.0006768560495665705,"[0.6765998384677128, 0.6738068328424007, 0.673543920179029, 0.6725805026987748, 0.6736158807926887]"
ridge,B_P_A_K,0.01,0.6605464644949876,0.6605464644949877,0.001917020888881286,"[0.6673938549626653, 0.6604729355800918, 0.6590852669487415, 0.6556141797947543, 0.6601660851886849]"
ridge,B_P_A_K,0.1,0.6593124457079612,0.6593124457079613,0.0023038683399328607,"[0.6672897140111869, 0.6595266829587045, 0.6575790346075912, 0.6530325565199192, 0.6591342404424045]"
ridge,B_P_A_K,1.0,0.659374177426443,0.659374177426443,0.002351260069450886,"[0.6674821447862107, 0.6596333600363505, 0.6576086283100637, 0.6529226280923065, 0.659224125907284]"
ridge,B_P_A_K,10.0,0.6593834941157567,0.6593834941157566,0.002355725405296338,"[0.6675029620230728, 0.6596478408290463, 0.6576151137710423, 0.6529147604445169, 0.6592367935111048]"
ridge,D_B_P_A_K,0.001,0.6713221259613643,0.6713221259613642,0.0008386742421450855,"[0.6745726066013102, 0.6698255490913062, 0.6711267967441197, 0.6706113665950985, 0.6704743107749868]"
ridge,D_B_P_A_K,0.01,0.6529118386153098,0.6529118386153098,0.00241531358620983,"[0.6610434321529436, 0.6466125433203213, 0.6546340397534325, 0.6502436203408131, 0.6520255575090382]"
ridge,D_B_P_A_K,0.1,0.6470416788267345,0.6470416788267345,0.005010829912825458,"[0.6561851853030889, 0.6305851690423965, 0.6583419196453868, 0.642588036768929, 0.6475080833738714]"
ridge,D_B_P_A_K,1.0,0.645554504910448,0.645554504910448,0.007776895551950317,"[0.6555555452733285, 0.6188977905081084, 0.6648052898077478, 0.640718529063694, 0.6477953698993613]"
ridge,D_B_P_A_K,10.0,0.6468624949284953,0.6468624949284953,0.009132558658360997,"[0.6560178932218637, 0.6163793372200163, 0.6717312890970176, 0.64119955258661, 0.6489844025169692]"
ridge,M_P_A_K,0.001,0.6769685020755403,0.6769685020755403,0.0009629737740509271,"[0.6804094665571986, 0.6745345179991563, 0.677012553538052, 0.6761056582468827, 0.6767803140364114]"
ridge,M_P_A_K,0.01,0.6665379902537203,0.6665379902537203,0.0028407609382409722,"[0.6759694966522691, 0.6585945521209652, 0.6672295559178674, 0.6636463316270275, 0.6672500149504722]"
ridge,M_P_A_K,0.1,0.6655499684971176,0.6655499684971177,0.003568584796781736,"[0.676741355020638, 0.6550375105706746, 0.6669231280579025, 0.6617902506099961, 0.6672575982263766]"
ridge,M_P_A_K,1.0,0.665600598392939,0.665600598392939,0.003667108001173757,"[0.6769886641420546, 0.6547167286750473, 0.6670951311309836, 0.6617223562884639, 0.6674801117281458]"
ridge,M_P_A_K,10.0,0.66560861569429,0.6656086156942899,0.003677339821248314,"[0.6770164612541675, 0.6546858723182003, 0.6671161688678431, 0.661718048410543, 0.6675065276206954]"
ridge,D_M_P_A_K,0.001,0.6741453306385796,0.6741453306385797,0.0012430291549829445,"[0.678247167707843, 0.6704628380819732, 0.6744712638411066, 0.6740302368659953, 0.6735151466959803]"
ridge,D_M_P_A_K,0.01,0.6579834033644266,0.6579834033644266,0.003950003528071249,"[0.668659277036964, 0.6443269984602126, 0.6613313755606854, 0.657410800125036, 0.6581885656392349]"
ridge,D_M_P_A_K,0.1,0.6513590221378787,0.6513590221378787,0.006996392666468858,"[0.6642176080724053, 0.625635902224455, 0.6632186090459361, 0.6495362735747624, 0.6541867177718349]"
ridge,D_M_P_A_K,1.0,0.6495159281278694,0.6495159281278695,0.0097871143325513,"[0.6634529468250783, 0.6131130513959642, 0.6685137262114148, 0.647415107212704, 0.655084808994186]"
ridge,D_M_P_A_K,10.0,0.6506760334399516,0.6506760334399516,0.01110548098279626,"[0.6638487197195967, 0.6099728330277467, 0.6750283099925514, 0.6478902237039275, 0.6566400807559357]"
ridge,B_M_P_A_K,0.001,0.6740565954622161,0.6740565954622161,0.000770640111112506,"[0.6770083205653233, 0.6738508435431911, 0.6734191078336472, 0.6725056321719318, 0.673499073196987]"
ridge,B_M_P_A_K,0.01,0.660746570628539,0.660746570628539,0.001988329574075117,"[0.6678303441645737, 0.6605855226726011, 0.659209755077474, 0.6556043820103737, 0.6605028492176728]"
ridge,B_M_P_A_K,0.1,0.6594980539768316,0.6594980539768316,0.002305403383639794,"[0.6672488589255193, 0.6593571667762687, 0.6579368892419598, 0.6529049293120273, 0.6600424256283831]"
ridge,B_M_P_A_K,1.0,0.6595585607933778,0.6595585607933779,0.002340152520361143,"[0.6673433332543186, 0.6594125185900498, 0.6580138796572869, 0.6527733877191599, 0.6602496847460742]"
ridge,B_M_P_A_K,10.0,0.6595683070715035,0.6595683070715035,0.0023436521455239335,"[0.6673557752105613, 0.6594215674573701, 0.6580256233144182, 0.6527632916841611, 0.6602752776910067]"
ridge,D_B_M_P_A_K,0.001,0.6713458935336727,0.6713458935336728,0.0009173868374386036,"[0.6749433322879984, 0.6698752600444002, 0.671005890855194, 0.6705411211751379, 0.6703638633056331]"
ridge,D_B_M_P_A_K,0.01,0.6530594748918904,0.6530594748918903,0.0024245628104280622,"[0.661245076104856, 0.6467614363889332, 0.6546546843229569, 0.6502477626538944, 0.6523884149888112]"
ridge,D_B_M_P_A_K,0.1,0.6472260405165677,0.6472260405165676,0.004995260793364732,"[0.6560729961665694, 0.630637571956179, 0.6582520822364042, 0.642530987741778, 0.6486365644819078]"
ridge,D_B_M_P_A_K,1.0,0.6459037972933989,0.6459037972933988,0.007759156733751558,"[0.6554657754292585, 0.6190293886124778, 0.6647060654915989, 0.6409286362134108, 0.6493891207202482]"
ridge,D_B_M_P_A_K,10.0,0.6470931361051182,0.6470931361051182,0.009146836508873308,"[0.6558583950231689, 0.6162268693239188, 0.6715652243521224, 0.641322726273277, 0.6504924655531037]"
ridge,C_A_K,0.001,0.6768308305678273,0.6768308305678273,0.0008794293845577412,"[0.6799531170494763, 0.674589786580795, 0.676336071871694, 0.6762031356834847, 0.6770720416536867]"
ridge,C_A_K,0.01,0.6660323804269472,0.6660323804269472,0.002716366282046229,"[0.675146754588336, 0.6593998331218724, 0.6635069841968543, 0.6633959852673278, 0.668712344960346]"
ridge,C_A_K,0.1,0.6650986200699053,0.6650986200699053,0.003430809648637,"[0.6757474609999796, 0.6575577729694961, 0.6608939081171507, 0.6608062193340913, 0.6704877389288084]"
ridge,C_A_K,1.0,0.6655091259221945,0.6655091259221944,0.003471720913947898,"[0.6758960962029624, 0.6580362991339299, 0.6612682023801865, 0.6607660834297102, 0.6715789484641832]"
ridge,C_A_K,10.0,0.6658318043941445,0.6658318043941444,0.003405153675512753,"[0.6759185287068313, 0.6584455091992594, 0.6619255944934359, 0.6609749952712278, 0.6718943942999677]"
ridge,D_C_A_K,0.001,0.6740374780908621,0.674037478090862,0.001160387148927154,"[0.677857480072619, 0.6705405321577692, 0.6738017404503079, 0.674151197762347, 0.673836440011267]"
ridge,D_C_A_K,0.01,0.6578691305582169,0.6578691305582168,0.0037248017445840466,"[0.6686072252780365, 0.6453283917798285, 0.6576525025445835, 0.6576912279923232, 0.6600663051963128]"
ridge,D_C_A_K,0.1,0.6519640297348516,0.6519640297348517,0.006299512962471377,"[0.66535792164932, 0.6286589678914926, 0.6567403837891338, 0.6503386880932565, 0.6587241872510554]"
ridge,D_C_A_K,1.0,0.6505666458810856,0.6505666458810857,0.00890065653185045,"[0.6651860721496733, 0.6167283743883125, 0.6614875086487418, 0.64871630415044, 0.6607149700682606]"
ridge,D_C_A_K,10.0,0.6523276473080797,0.6523276473080798,0.010096978979878277,"[0.6656593992809742, 0.6140477919917107, 0.668786733426229, 0.649902690645229, 0.6632416211962561]"
ridge,B_C_A_K,0.001,0.6739456082593465,0.6739456082593464,0.0007240624885043503,"[0.6766241044521096, 0.6739416201148889, 0.6727180086318756, 0.6726068495914728, 0.6738374585063849]"
ridge,B_C_A_K,0.01,0.6608071862300254,0.6608071862300252,0.0023843089163806345,"[0.6681393606402866, 0.6620372479163685, 0.6555143386137525, 0.6556322899876287, 0.6627126939920901]"
ridge,B_C_A_K,0.1,0.6598656157651931,0.6598656157651932,0.0033126759732993133,"[0.6680977460913017, 0.6628062538291084, 0.6518113072208223, 0.6522513533024001, 0.6643614183823332]"
ridge,B_C_A_K,1.0,0.6602775105998181,0.6602775105998179,0.0034233255238577402,"[0.6681852459972261, 0.663767484320406, 0.6520559075233231, 0.6520927775345584, 0.6652861376235759]"
ridge,B_C_A_K,10.0,0.6605917468654656,0.6605917468654655,0.0033734619374467386,"[0.6681861583078565, 0.6643505029417742, 0.6527169560509796, 0.6522291268555845, 0.6654759901711329]"
ridge,D_B_C_A_K,0.001,0.6712646841384552,0.6712646841384551,0.0008502975515742523,"[0.674623707944158, 0.6699896004429576, 0.6703098400471045, 0.6706678637121942, 0.670732408545861]"
ridge,D_B_C_A_K,0.01,0.6534855352607176,0.6534855352607176,0.0024207536647315423,"[0.6622024858991862, 0.6483762432349685, 0.6510038329660217, 0.6508831775914388, 0.6549619366119731]"
ridge,D_B_C_A_K,0.1,0.6485819902994704,0.6485819902994704,0.004257677783961655,"[0.6588220785252709, 0.6344690375102164, 0.6515424848984444, 0.6440712435733853, 0.6540051069900352]"
ridge,D_B_C_A_K,1.0,0.6476107633456963,0.6476107633456964,0.006667605461720549,"[0.6587017567469206, 0.6234901713379932, 0.6573106779624295, 0.6427681320548944, 0.6557830786262442]"
ridge,D_B_C_A_K,10.0,0.6494070167884459,0.6494070167884459,0.007900140206636128,"[0.6591830569644053, 0.6211472214296876, 0.6650431301781992, 0.6435674109240889, 0.6580942644458487]"
ridge,M_C_A_K,0.001,0.67683840018769,0.67683840018769,0.0009615279663812128,"[0.6803812681599161, 0.6746137180121775, 0.6761753062083721, 0.676101385060382, 0.6769203234976028]"
ridge,M_C_A_K,0.01,0.6662856950936874,0.6662856950936872,0.002829173353058212,"[0.6759565817886921, 0.6595975260985507, 0.6636234237432893, 0.6634155132861154, 0.6688354305517885]"
ridge,M_C_A_K,0.1,0.6654028352976818,0.6654028352976817,0.0035246101634292437,"[0.6762276946379335, 0.6575586478172313, 0.6613603843851242, 0.6607935116787027, 0.6710739379694174]"
ridge,M_C_A_K,1.0,0.6658185440771935,0.6658185440771934,0.0035722142187039896,"[0.6763216215148364, 0.658013769401164, 0.6617606907461401, 0.6607279301831088, 0.672268708540718]"
ridge,M_C_A_K,10.0,0.6661293788294079,0.6661293788294078,0.0035190938902487762,"[0.6763324844766179, 0.6584028570666444, 0.6623637809967108, 0.6609058611251539, 0.6726419104819122]"
ridge,D_M_C_A_K,0.001,0.6740335660290383,0.6740335660290382,0.0012259095071823747,"[0.6782415451747101, 0.6705594689176925, 0.6736388202402066, 0.6740474539394811, 0.6736805418731009]"
ridge,D_M_C_A_K,0.01,0.6580370528448446,0.6580370528448446,0.0037559008825884485,"[0.6690481222238546, 0.6455494104975079, 0.657670229212738, 0.6577102813933473, 0.6602072208967753]"
ridge,D_M_C_A_K,0.1,0.6520916763123504,0.6520916763123503,0.006328294948520391,"[0.6653194105484327, 0.6286868371043846, 0.6566522161863212, 0.6503384096701552, 0.6594615080524584]"
ridge,D_M_C_A_K,1.0,0.6508878916517834,0.6508878916517833,0.008981765851097261,"[0.6650352246832596, 0.616717035379159, 0.6614331835421697, 0.6489364808176823, 0.662317533836646]"
ridge,D_M_C_A_K,10.0,0.6527128473005307,0.6527128473005306,0.010227621492862559,"[0.6655141743391688, 0.6139374298674857, 0.6688921648893441, 0.6500293778093026, 0.6651910895973522]"
ridge,B_M_C_A_K,0.001,0.6739841841165072,0.6739841841165074,0.0008193275662462686,"[0.6770470991059546, 0.6739934928245078, 0.6726042674939091, 0.6725429268786742, 0.6737331342794909]"
ridge,B_M_C_A_K,0.01,0.6609998825241851,0.660999882524185,0.0024480229991391683,"[0.6685534077592379, 0.6620882272510106, 0.6556939402569368, 0.6555970248209467, 0.6630668125327932]"
ridge,B_M_C_A_K,0.1,0.6600076580529798,0.6600076580529798,0.003332549092482348,"[0.6679108135061916, 0.6624675302536925, 0.6522528194570428, 0.6519928264189991, 0.6654143006289724]"
ridge,B_M_C_A_K,1.0,0.6604427072506582,0.660442707250658,0.0034645797247590078,"[0.6679038686950165, 0.6633884238906832, 0.6525331859268942, 0.6517764432187988, 0.6666116145218974]"
ridge,B_M_C_A_K,10.0,0.660760818324883,0.660760818324883,0.0034274915862540804,"[0.6678994991233055, 0.663972625765436, 0.653140166720095, 0.651916689956131, 0.666875110059448]"
ridge,D_B_M_C_A_K,0.001,0.6712907068270426,0.6712907068270425,0.0009350014926997486,"[0.6750029689891388, 0.6700335298167194, 0.6701968896985234, 0.6705998208548914, 0.6706203247759392]"
ridge,D_B_M_C_A_K,0.01,0.6536123942590174,0.6536123942590175,0.002453712143225977,"[0.6623747004796746, 0.6484677636896695, 0.6510357641912409, 0.6508571543512621, 0.6553265885832403]"
ridge,D_B_M_C_A_K,0.1,0.6486809470736115,0.6486809470736115,0.0043603637012629235,"[0.6585174633142924, 0.6342217698350161, 0.6513959601197081, 0.6439233912783521, 0.6553461508206886]"
ridge,D_B_M_C_A_K,1.0,0.6478442732880747,0.6478442732880746,0.006822087010025999,"[0.6583656304421972, 0.6231366904368748, 0.6570144114769592, 0.6428362736885959, 0.6578683603957459]"
ridge,D_B_M_C_A_K,10.0,0.649660675787224,0.649660675787224,0.008040285872837494,"[0.6588180986010026, 0.6206088343609165, 0.6645649265898451, 0.6440789881801059, 0.6602325312042493]"
ridge,P_C_A_K,0.001,0.6769080651169996,0.6769080651169996,0.0008686321792296479,"[0.6798406708682959, 0.6744764865852995, 0.6770275483419912, 0.676167174456935, 0.6770284453324767]"
ridge,P_C_A_K,0.01,0.6661733644375315,0.6661733644375314,0.0026158338602424555,"[0.6744515908834963, 0.6586203106981795, 0.6665044188195065, 0.6633423530478642, 0.667948148738611]"
ridge,P_C_A_K,0.1,0.6653550510612966,0.6653550510612966,0.003191194623852651,"[0.6747800094304318, 0.656325167763787, 0.6655382270458687, 0.6609974436703754, 0.6691344073960197]"
ridge,P_C_A_K,1.0,0.665815307308042,0.665815307308042,0.0032137002394784005,"[0.6749099774826148, 0.6567597157034252, 0.6662662338852139, 0.6610141422927681, 0.6701264671761876]"
ridge,P_C_A_K,10.0,0.6661552909066649,0.666155290906665,0.0031799255291779754,"[0.674939397995641, 0.6571380491155364, 0.6670585552055373, 0.6611981639429797, 0.6704422882736306]"
ridge,D_P_C_A_K,0.001,0.6740978554285042,0.6740978554285042,0.0011636912707340009,"[0.6777299595736044, 0.6704062096530182, 0.6744904880607214, 0.6740948385604032, 0.6737677812947737]"
ridge,D_P_C_A_K,0.01,0.6578264742647337,0.6578264742647337,0.0038106753145041375,"[0.6676753697921571, 0.6443151202953586, 0.6608563512166766, 0.6572804240560229, 0.6590051059634537]"
ridge,D_P_C_A_K,0.1,0.6515576836543672,0.6515576836543673,0.0067112311046633654,"[0.6631375095826314, 0.6266855894110784, 0.6624912296705565, 0.6491471419988024, 0.6563269476087674]"
ridge,D_P_C_A_K,1.0,0.6503102667612197,0.6503102667612197,0.009496006228925586,"[0.6625185697955662, 0.6149515765398499, 0.6684496159477589, 0.6472206178008777, 0.658410953722046]"
ridge,D_P_C_A_K,10.0,0.6521619696482995,0.6521619696482996,0.010927080067645239,"[0.6629713821954792, 0.6122310523470391, 0.6762383166554877, 0.6481921404013596, 0.6611769566421323]"
ridge,B_P_C_A_K,0.001,0.673972326099883,0.673972326099883,0.0006584688734739577,"[0.6764547423508891, 0.6737673196356141, 0.6733940082527832, 0.672535711645522, 0.673709848614607]"
ridge,B_P_C_A_K,0.01,0.6604519817196832,0.6604519817196832,0.0018694079942982332,"[0.6667388308101612, 0.6607016854569683, 0.6584615152515743, 0.6553494956455144, 0.661008381434198]"
ridge,B_P_C_A_K,0.1,0.6594812478241739,0.6594812478241738,0.00233699682351184,"[0.6660259889189561, 0.6609325012404955, 0.656536912868172, 0.6523260244512095, 0.6615848116420364]"
ridge,B_P_C_A_K,1.0,0.6599500309667194,0.6599500309667194,0.0023778647707141964,"[0.6660324457091046, 0.6618375302926796, 0.6572155134715447, 0.6522655723748904, 0.6623990929853782]"
ridge,B_P_C_A_K,10.0,0.660291898596512,0.660291898596512,0.002342049479439908,"[0.6660067079777983, 0.6624005322803938, 0.6580645129887559, 0.6523958625695234, 0.6625918771660896]"
ridge,D_B_P_C_A_K,0.001,0.6712732494293808,0.671273249429381,0.000814153048276981,"[0.6744367105428251, 0.669792364590344, 0.6709864993398267, 0.6705735177397238, 0.6705771549341853]"
ridge,D_B_P_C_A_K,0.01,0.6529230570010768,0.6529230570010769,0.0022790747536398743,"[0.6605118305412819, 0.6468390452382488, 0.6541331384396072, 0.6501287172069569, 0.6530025535792897]"
ridge,D_B_P_C_A_K,0.1,0.6475303541379387,0.6475303541379387,0.00468153272242216,"[0.6552427233627474, 0.6320411210498458, 0.6576757997273023, 0.6422715795038033, 0.6504205470459948]"
ridge,D_B_P_C_A_K,1.0,0.6467573715027599,0.6467573715027599,0.0074185142684812565,"[0.6544938415602146, 0.6213979916887287, 0.6649674937421616, 0.6407211611348614, 0.6522063693878334]"
ridge,D_B_P_C_A_K,10.0,0.6484531958053393,0.6484531958053392,0.008863562459231296,"[0.6549708927124348, 0.6190418652076218, 0.6724468571903971, 0.6412907984337097, 0.6545155654825326]"
ridge,M_P_C_A_K,0.001,0.6769072874059587,0.6769072874059587,0.0009433354246020671,"[0.6802594581533533, 0.6744914233312781, 0.6768586982953492, 0.6760585802690628, 0.6768682769807505]"
ridge,M_P_C_A_K,0.01,0.6664053477753412,0.6664053477753413,0.002723788167397349,"[0.6752595986768113, 0.6587908826648355, 0.6665564778393135, 0.6633633564560596, 0.6680564232396866]"
ridge,M_P_C_A_K,0.1,0.6656493294917565,0.6656493294917567,0.003298708632102031,"[0.6753025535444448, 0.656371987506663, 0.6658590719192117, 0.6609884344863255, 0.669724600002138]"
ridge,M_P_C_A_K,1.0,0.6661155696281722,0.6661155696281721,0.0033349559345249758,"[0.6753863093336743, 0.6567623813866275, 0.6666078301397704, 0.6609769235075645, 0.6708444037732241]"
ridge,M_P_C_A_K,10.0,0.6664638552982826,0.6664638552982826,0.0033025988742287882,"[0.6753953534204443, 0.6571604062361739, 0.667363989021387, 0.6611565687846589, 0.6712429590287485]"
ridge,D_M_P_C_A_K,0.001,0.6740935218030285,0.6740935218030285,0.0012220703251623252,"[0.6781088768096013, 0.6704262901145511, 0.6743286021389868, 0.6739918245463259, 0.6736120154056774]"
ridge,D_M_P_C_A_K,0.01,0.657976985638101,0.6579769856381011,0.0038285836638742078,"[0.6680903139493892, 0.6445275759969197, 0.6608478210836519, 0.6573026617307813, 0.6591165554297634]"
ridge,D_M_P_C_A_K,0.1,0.6517687986082503,0.6517687986082502,0.006709666145108857,"[0.6631939845524373, 0.6268840701467929, 0.662488415733906, 0.6491422613215584, 0.6571352612865562]"
ridge,D_M_P_C_A_K,1.0,0.6506762310696586,0.6506762310696584,0.009504459483238973,"[0.6624440746379014, 0.6152480377396096, 0.668494807886686, 0.6473324890159825, 0.659861746068113]"
ridge,D_M_P_C_A_K,10.0,0.6524807839838361,0.652480783983836,0.010915044324604715,"[0.6628590714643711, 0.6125142533399706, 0.6760716704837192, 0.6482955441610506, 0.6626633804700691]"
ridge,B_M_P_C_A_K,0.001,0.6740007614523449,0.6740007614523449,0.0007517258721025723,"[0.6768645939199109, 0.673812446723965, 0.6732688025445069, 0.672463136391491, 0.6735948276818502]"
ridge,B_M_P_C_A_K,0.01,0.6606543228435713,0.6606543228435713,0.0019429237210902642,"[0.6671697643832682, 0.6607966281372853, 0.6585791487106036, 0.655344635550291, 0.6613814374364084]"
ridge,B_M_P_C_A_K,0.1,0.6596695935925857,0.6596695935925856,0.0023854636166895427,"[0.6659217527922909, 0.6606947321498946, 0.6569079229642052, 0.652127555356249, 0.6626960047002884]"
ridge,B_M_P_C_A_K,1.0,0.6601380915077184,0.6601380915077183,0.0024525338639318772,"[0.665827484381375, 0.6615424559643142, 0.6575690972318664, 0.651996911449428, 0.6637545085116081]"
ridge,B_M_P_C_A_K,10.0,0.6604845700459477,0.6604845700459478,0.0024250115714804727,"[0.665809088771506, 0.6621009297897722, 0.6583681839814111, 0.6521337402371572, 0.6640109074498921]"
ridge,D_B_M_P_C_A_K,0.001,0.6712986229322724,0.6712986229322724,0.0008929877547400607,"[0.6748083169742172, 0.6698405947977951, 0.6708740124317993, 0.6705050397455249, 0.6704651507120253]"
ridge,D_B_M_P_C_A_K,0.01,0.6530671452591154,0.6530671452591154,0.002297148439654521,"[0.6607100669540195, 0.646965887379867, 0.6541558951864804, 0.650131243367167, 0.6533726334080429]"
ridge,D_B_M_P_C_A_K,0.1,0.6477241780946609,0.6477241780946608,0.00472634605765569,"[0.6551463430659198, 0.6319711801910282, 0.657521782569745, 0.642171419828236, 0.6518101648183754]"
ridge,D_B_M_P_C_A_K,1.0,0.6470515853322324,0.6470515853322325,0.007501855341901719,"[0.6543462122128197, 0.6212322608281488, 0.6647859402675962, 0.6407055436368517, 0.6541879697157458]"
ridge,D_B_M_P_C_A_K,10.0,0.6488549777313393,0.6488549777313395,0.00886825201595497,"[0.6548354210005521, 0.6192207398541953, 0.6720720762838742, 0.6413326829177148, 0.6568139686003603]"
hgb,H,"{'max_leaf_nodes': 3, 'learning_rate': 0.05}",0.6620826133717034,0.6620826133717033,0.002965832182464167,"[0.6542632929868291, 0.6681343562554127, 0.6672276488737268, 0.6555989471512417, 0.6651888215913062]"
hgb,H,"{'max_leaf_nodes': 7, 'learning_rate': 0.05}",0.6620826133717034,0.6620826133717033,0.002965832182464167,"[0.6542632929868291, 0.6681343562554127, 0.6672276488737268, 0.6555989471512417, 0.6651888215913062]"
hgb,H_D,"{'max_leaf_nodes': 3, 'learning_rate': 0.05}",0.6456688321275882,0.6456688321275882,0.0038673476257826355,"[0.6443362225353705, 0.6413559750806886, 0.6607884482662943, 0.6425547826993102, 0.6393087320562774]"
hgb,H_D,"{'max_leaf_nodes': 7, 'learning_rate': 0.05}",0.6440872421067338,0.6440872421067338,0.007162261750398334,"[0.6389472488226231, 0.6385139314085173, 0.6725608072838982, 0.6353100478298493, 0.6351041751887809]"
hgb,H_B,"{'max_leaf_nodes': 3, 'learning_rate': 0.05}",0.656149609502737,0.656149609502737,0.005724557462137084,"[0.6471636384154934, 0.675118503012662, 0.657880929261619, 0.6418297653772909, 0.65875521144662]"
hgb,H_B,"{'max_leaf_nodes': 7, 'learning_rate': 0.05}",0.6565911843443611,0.6565911843443611,0.006527368417829695,"[0.6468404697449853, 0.6793096262494501, 0.6574562508380256, 0.6411746315854626, 0.6581749433038825]"
hgb,H_D_B,"{'max_leaf_nodes': 3, 'learning_rate': 0.05}",0.6427655554199229,0.642765555419923,0.0036874603886328187,"[0.6400351430699147, 0.6467154138467919, 0.6552247175334189, 0.6361584878187678, 0.6356940148307211]"
hgb,H_D_B,"{'max_leaf_nodes': 7, 'learning_rate': 0.05}",0.6407149204876604,0.6407149204876604,0.007359358818084127,"[0.6350644908889979, 0.6474778163958349, 0.6662204705870444, 0.6267949115026508, 0.628016913063774]"
hgb,H_M,"{'max_leaf_nodes': 3, 'learning_rate': 0.05}",0.6580055464092416,0.6580055464092416,0.0022392329892314813,"[0.6504340629357128, 0.6640927381907966, 0.6597150513259472, 0.6566775686051479, 0.6591083109886032]"
hgb,H_M,"{'max_leaf_nodes': 7, 'learning_rate': 0.05}",0.6574903093314285,0.6574903093314285,0.0023860152425556258,"[0.6489755597667334, 0.6632118374936711, 0.6581328996936976, 0.6602830358076056, 0.6568482138954354]"
hgb,H_D_M,"{'max_leaf_nodes': 3, 'learning_rate': 0.05}",0.6456616563032285,0.6456616563032286,0.004113725215009479,"[0.6452894503437933, 0.640272058197683, 0.6615583056436699, 0.6422078310819623, 0.6389806362490342]"
hgb,H_D_M,"{'max_leaf_nodes': 7, 'learning_rate': 0.05}",0.6378678578039242,0.6378678578039242,0.005997950696633091,"[0.6302225035036093, 0.6351956240099698, 0.6614323381024727, 0.6335779891144022, 0.6289108342891672]"
hgb,H_B_M,"{'max_leaf_nodes': 3, 'learning_rate': 0.05}",0.6526472365345142,0.6526472365345141,0.005193180031993948,"[0.642494566120992, 0.6704180591702342, 0.6541499798011836, 0.6418960732162052, 0.6542775043639557]"
hgb,H_B_M,"{'max_leaf_nodes': 7, 'learning_rate': 0.05}",0.6538184175456317,0.6538184175456317,0.00574764420082786,"[0.6426571906667333, 0.6760438746001494, 0.651074416481324, 0.649762472055614, 0.649554133924338]"
hgb,H_D_B_M,"{'max_leaf_nodes': 3, 'learning_rate': 0.05}",0.642946176512508,0.6429461765125078,0.0036963806211457034,"[0.6417011064035637, 0.6461090244931673, 0.6554822372208018, 0.6359442506359315, 0.6354942638090751]"
hgb,H_D_B_M,"{'max_leaf_nodes': 7, 'learning_rate': 0.05}",0.6363475685984843,0.6363475685984843,0.0064232587265019665,"[0.6286308450153777, 0.6428054575686801, 0.6587274430843032, 0.6258368275969435, 0.6257372697271167]"
hgb,H_P,"{'max_leaf_nodes': 3, 'learning_rate': 0.05}",0.6547926407716381,0.6547926407716382,0.004103133705962,"[0.6460639984189654, 0.6643496171264157, 0.6570146092609062, 0.6443344101800139, 0.6622005688718896]"
hgb,H_P,"{'max_leaf_nodes': 7, 'learning_rate': 0.05}",0.6566674043757047,0.6566674043757048,0.004015695468589713,"[0.6491462527186062, 0.6622532815233045, 0.6510264096546172, 0.6511221123158326, 0.6697889656661635]"
hgb,H_D_P,"{'max_leaf_nodes': 3, 'learning_rate': 0.05}",0.6406296700187009,0.6406296700187009,0.0031149228676264134,"[0.6375652133509111, 0.6437044541964755, 0.6514122825799566, 0.6346410911756225, 0.6358253087905387]"
hgb,H_D_P,"{'max_leaf_nodes': 7, 'learning_rate': 0.05}",0.6284341422186445,0.6284341422186446,0.004564964611521445,"[0.6188650114299894, 0.6228148371234691, 0.6454623068257274, 0.626518664098495, 0.6285098916155418]"
hgb,H_B_P,"{'max_leaf_nodes': 3, 'learning_rate': 0.05}",0.648942154025296,0.648942154025296,0.0068310573592895605,"[0.6380421194253127, 0.6724258554544064, 0.6473337654567503, 0.6334506000215764, 0.6534584297684343]"
hgb,H_B_P,"{'max_leaf_nodes': 7, 'learning_rate': 0.05}",0.6506770764455669,0.6506770764455669,0.008749138779465388,"[0.6444178000548468, 0.6812108960869109, 0.6388290745012462, 0.6313895698619663, 0.6575380417228648]"
hgb,H_D_B_P,"{'max_leaf_nodes': 3, 'learning_rate': 0.05}",0.6378668145551435,0.6378668145551434,0.0038271830939981457,"[0.634358417559337, 0.6461749542613865, 0.6478705099824692, 0.6294731879076307, 0.6314570030648939]"
hgb,H_D_B_P,"{'max_leaf_nodes': 7, 'learning_rate': 0.05}",0.6287613874583236,0.6287613874583234,0.004907316773608367,"[0.6203051208661368, 0.6424487329566994, 0.638673979835277, 0.6189693706008214, 0.6234097330326832]"
hgb,H_M_P,"{'max_leaf_nodes': 3, 'learning_rate': 0.05}",0.650853729707574,0.6508537297075739,0.003785074348710233,"[0.6423490902318871, 0.6583481917233525, 0.6557106617535641, 0.6409600527443267, 0.6569006520847399]"
hgb,H_M_P,"{'max_leaf_nodes': 7, 'learning_rate': 0.05}",0.6508401923689486,0.6508401923689486,0.004135374835959648,"[0.6391917880151212, 0.6541106180063715, 0.6529027826258437, 0.6447391299712587, 0.6632566432261479]"
hgb,H_D_M_P,"{'max_leaf_nodes': 3, 'learning_rate': 0.05}",0.6402810322524056,0.6402810322524056,0.0030837259768963926,"[0.6373526522240204, 0.6423932224851281, 0.6514122825799566, 0.6349725216914043, 0.6352744822815184]"
hgb,H_D_M_P,"{'max_leaf_nodes': 7, 'learning_rate': 0.05}",0.6263444622412933,0.6263444622412933,0.003883715003582711,"[0.617752620651104, 0.6227857511062738, 0.640895754843778, 0.6256726683829659, 0.6246155162223448]"
hgb,H_B_M_P,"{'max_leaf_nodes': 3, 'learning_rate': 0.05}",0.6466079673865256,0.6466079673865257,0.006330608903745461,"[0.6362528230985136, 0.667767406378018, 0.645827602213286, 0.6317032588471492, 0.6514887463956617]"
hgb,H_B_M_P,"{'max_leaf_nodes': 7, 'learning_rate': 0.05}",0.645656574276589,0.645656574276589,0.008301777257849896,"[0.6362966254492586, 0.6744779267898885, 0.6439248371079437, 0.6245454832425099, 0.6490379987933442]"
hgb,H_D_B_M_P,"{'max_leaf_nodes': 3, 'learning_rate': 0.05}",0.6379648439147737,0.6379648439147736,0.0037881020658042104,"[0.6347415559897507, 0.6461272818015231, 0.6478705099824692, 0.6296278687352315, 0.6314570030648939]"
hgb,H_D_B_M_P,"{'max_leaf_nodes': 7, 'learning_rate': 0.05}",0.6257706174677631,0.6257706174677631,0.005241822248932194,"[0.6154234047679613, 0.6403756219000571, 0.6365072227196383, 0.6174154032797028, 0.6191314346714557]"
hgb,H_C,"{'max_leaf_nodes': 3, 'learning_rate': 0.05}",0.6623233634817945,0.6623233634817947,0.003114968599759505,"[0.6545701103121029, 0.6695227982869363, 0.6664815382073255, 0.6551207370844236, 0.665921633518185]"
hgb,H_C,"{'max_leaf_nodes': 7, 'learning_rate': 0.05}",0.6626761191883411,0.6626761191883412,0.003069385571355022,"[0.6553410677636747, 0.6700518061439229, 0.6665404495000528, 0.6553542140276452, 0.6660930585064105]"
hgb,H_D_C,"{'max_leaf_nodes': 3, 'learning_rate': 0.05}",0.6456658424325014,0.6456658424325015,0.0036141961568545975,"[0.6443362225353705, 0.641001709397044, 0.6597379450008, 0.6435071348504755, 0.639746200378817]"
hgb,H_D_C,"{'max_leaf_nodes': 7, 'learning_rate': 0.05}",0.6385182763959425,0.6385182763959425,0.005650417184185787,"[0.6358723563409642, 0.6299973596807545, 0.6607957234649583, 0.633644841462572, 0.6322811010304634]"
hgb,H_B_C,"{'max_leaf_nodes': 3, 'learning_rate': 0.05}",0.6576726687330479,0.6576726687330479,0.006109049688001586,"[0.646894953773577, 0.6764362136319815, 0.6631078765946382, 0.6420577578667495, 0.659866541798293]"
hgb,H_B_C,"{'max_leaf_nodes': 7, 'learning_rate': 0.05}",0.6598068915921332,0.6598068915921332,0.007204774400305235,"[0.6473561728816531, 0.6815189965796289, 0.668083462551625, 0.6413052878159877, 0.6607705381317714]"
hgb,H_D_B_C,"{'max_leaf_nodes': 3, 'learning_rate': 0.05}",0.6428531060540473,0.6428531060540473,0.0036713369695442893,"[0.6400351430699147, 0.646835467140127, 0.6552238693863723, 0.6368398809323356, 0.6353311697414874]"
hgb,H_D_B_C,"{'max_leaf_nodes': 7, 'learning_rate': 0.05}",0.6364605695345188,0.6364605695345188,0.005243861128074234,"[0.6338546841168946, 0.6419693589303715, 0.6539091564424762, 0.6254850067800622, 0.6270846414027892]"
hgb,H_M_C,"{'max_leaf_nodes': 3, 'learning_rate': 0.05}",0.6578574258503826,0.6578574258503824,0.0023610922917391545,"[0.6499567478479117, 0.6635806295180805, 0.6586454978829893, 0.655837989369149, 0.6612662646337821]"
hgb,H_M_C,"{'max_leaf_nodes': 7, 'learning_rate': 0.05}",0.6573640786608534,0.6573640786608536,0.0027601761680893953,"[0.6475550362826958, 0.6642064184883935, 0.6562934594868789, 0.6595247150776052, 0.6592407639686941]"
hgb,H_D_M_C,"{'max_leaf_nodes': 3, 'learning_rate': 0.05}",0.645877423622987,0.6458774236229871,0.0038138319673176047,"[0.6452190868144538, 0.6405494506741412, 0.6605680692466601, 0.6435731548724901, 0.6394773565071898]"
hgb,H_D_M_C,"{'max_leaf_nodes': 7, 'learning_rate': 0.05}",0.6362547428334664,0.6362547428334663,0.0058837600216883204,"[0.6303137479255412, 0.629250175685836, 0.6588478165130304, 0.636482176974176, 0.6263797970687479]"
hgb,H_B_M_C,"{'max_leaf_nodes': 3, 'learning_rate': 0.05}",0.6534401604653294,0.6534401604653295,0.005185986928820759,"[0.6432578938687261, 0.6703112212605744, 0.6562435721504082, 0.6417417967483208, 0.6556463182986176]"
hgb,H_B_M_C,"{'max_leaf_nodes': 7, 'learning_rate': 0.05}",0.6555320853619216,0.6555320853619216,0.00561485734670714,"[0.6440600901176241, 0.6761896478569971, 0.6567290417185934, 0.6474373950155177, 0.6532442521008759]"
hgb,H_D_B_M_C,"{'max_leaf_nodes': 3, 'learning_rate': 0.05}",0.643160614891432,0.643160614891432,0.00361810739117446,"[0.6417269616938228, 0.646045908353846, 0.6555773270615197, 0.6369658307493284, 0.6354870465986429]"
hgb,H_D_B_M_C,"{'max_leaf_nodes': 7, 'learning_rate': 0.05}",0.6345303236085903,0.6345303236085902,0.005504184662738397,"[0.6311375803820918, 0.6387294835159586, 0.6538625892402808, 0.6248198476111919, 0.6241021172934277]"
hgb,H_P_C,"{'max_leaf_nodes': 3, 'learning_rate': 0.05}",0.655098691390983,0.655098691390983,0.0039871136200693566,"[0.6458452373650636, 0.6646487948847642, 0.656589209506592, 0.6459198199157553, 0.6624903952827395]"
hgb,H_P_C,"{'max_leaf_nodes': 7, 'learning_rate': 0.05}",0.6566197910226317,0.6566197910226317,0.0051338272559988095,"[0.6455972103939409, 0.6645058214768408, 0.6493141394126584, 0.650988598347413, 0.6726931854823057]"
hgb,H_D_P_C,"{'max_leaf_nodes': 3, 'learning_rate': 0.05}",0.6407065062155893,0.6407065062155894,0.002881790579706175,"[0.6375652133509111, 0.6442398291713016, 0.6503629548079859, 0.6357504049372146, 0.635614128810534]"
hgb,H_D_P_C,"{'max_leaf_nodes': 7, 'learning_rate': 0.05}",0.6289526286926437,0.6289526286926437,0.003665126474862075,"[0.6204302066793673, 0.6263256763510386, 0.6425072761829551, 0.6266298698229813, 0.6288701144268761]"
hgb,H_B_P_C,"{'max_leaf_nodes': 3, 'learning_rate': 0.05}",0.6496226234409335,0.6496226234409335,0.006615550471232864,"[0.6380369592034216, 0.6716858440227563, 0.6493658129597868, 0.6344623980761279, 0.6545621029425748]"
hgb,H_B_P_C,"{'max_leaf_nodes': 7, 'learning_rate': 0.05}",0.6526696055562051,0.6526696055562052,0.008318457709719604,"[0.6427270678075598, 0.6813693516502987, 0.6486245775995836, 0.632336248439349, 0.6582907822842349]"
hgb,H_D_B_P_C,"{'max_leaf_nodes': 3, 'learning_rate': 0.05}",0.6380580862570022,0.6380580862570022,0.0037489735336508393,"[0.6348231872207416, 0.6461749542613865, 0.6478705099824692, 0.630210047889177, 0.6312117319312367]"
hgb,H_D_B_P_C,"{'max_leaf_nodes': 7, 'learning_rate': 0.05}",0.6281546028627573,0.6281546028627571,0.005077372725885499,"[0.6218778303698846, 0.642006718858344, 0.6383501141134712, 0.6159176686255631, 0.6226206823465232]"
hgb,H_M_P_C,"{'max_leaf_nodes': 3, 'learning_rate': 0.05}",0.6517631815148984,0.6517631815148984,0.003769494182976918,"[0.6427818668098709, 0.6593366444559576, 0.6555289561438443, 0.6425468257756398, 0.6586216143891794]"
hgb,H_M_P_C,"{'max_leaf_nodes': 7, 'learning_rate': 0.05}",0.6494052689764819,0.6494052689764819,0.004982257530926282,"[0.6363439046390134, 0.6536958540463584, 0.6470911205139799, 0.6439783128706669, 0.6659171528123907]"
hgb,H_D_M_P_C,"{'max_leaf_nodes': 3, 'learning_rate': 0.05}",0.6404791385597679,0.6404791385597679,0.002783768074495216,"[0.637897532230273, 0.6427242421856001, 0.6503629548079859, 0.6357968347644462, 0.635614128810534]"
hgb,H_D_M_P_C,"{'max_leaf_nodes': 7, 'learning_rate': 0.05}",0.6278531232363511,0.6278531232363512,0.0037555270652577764,"[0.6206284465237236, 0.6316131928831433, 0.6406202975966266, 0.6210251479334877, 0.6253785312447746]"
hgb,H_B_M_P_C,"{'max_leaf_nodes': 3, 'learning_rate': 0.05}",0.6471666762949091,0.647166676294909,0.006297072701634818,"[0.6362528230985136, 0.6678499634269266, 0.6466502733543843, 0.6324635549521256, 0.6526167666425948]"
hgb,H_B_M_P_C,"{'max_leaf_nodes': 7, 'learning_rate': 0.05}",0.6454979356584607,0.6454979356584607,0.00877471819013278,"[0.6340022377732071, 0.6753947110610746, 0.6432001801247038, 0.6236802446101237, 0.6512123047231941]"
hgb,H_D_B_M_P_C,"{'max_leaf_nodes': 3, 'learning_rate': 0.05}",0.6381428604243564,0.6381428604243565,0.003701040402417645,"[0.6349227518911974, 0.6461272818015231, 0.6478705099824692, 0.6305820265153562, 0.6312117319312367]"
hgb,H_D_B_M_P_C,"{'max_leaf_nodes': 7, 'learning_rate': 0.05}",0.6266398493038015,0.6266398493038015,0.005238408861892852,"[0.6189692285423245, 0.6400976853963363, 0.6386017641414743, 0.615732606740075, 0.619797961698797]"
hgb,H_A,"{'max_leaf_nodes': 3, 'learning_rate': 0.05}",0.6602422622549169,0.6602422622549169,0.003967150266381973,"[0.6500311596273857, 0.6639369907558387, 0.6609155995635124, 0.6536947768515863, 0.6726327844762608]"
hgb,H_A,"{'max_leaf_nodes': 7, 'learning_rate': 0.05}",0.6602470023791349,0.6602470023791349,0.003997310808184363,"[0.6499934753125618, 0.6638966341480262, 0.6608485823337505, 0.6536894087878067, 0.6728069113135292]"
hgb,H_D_A,"{'max_leaf_nodes': 3, 'learning_rate': 0.05}",0.6446656301719326,0.6446656301719325,0.003407243641634165,"[0.6419835463824728, 0.6395084914217454, 0.6581261796086455, 0.641015180456921, 0.6426947529898782]"
hgb,H_D_A,"{'max_leaf_nodes': 7, 'learning_rate': 0.05}",0.641758650006288,0.641758650006288,0.0061080299245635265,"[0.6329913468505587, 0.6352772901372198, 0.6639136434974799, 0.6308023346359763, 0.6458086349102051]"
hgb,H_B_A,"{'max_leaf_nodes': 3, 'learning_rate': 0.05}",0.654169707977288,0.6541697079772881,0.006361713810103567,"[0.643947024383893, 0.6709577866549469, 0.6505184527078806, 0.6384734766475243, 0.6669517994921961]"
hgb,H_B_A,"{'max_leaf_nodes': 7, 'learning_rate': 0.05}",0.6542342292048788,0.6542342292048791,0.007015209609358602,"[0.6425698137071576, 0.6738077995957424, 0.6502490564640832, 0.6374145860467779, 0.6671298902106335]"
hgb,H_D_B_A,"{'max_leaf_nodes': 3, 'learning_rate': 0.05}",0.641827842165512,0.641827842165512,0.0030201887309221714,"[0.6379488891024031, 0.6449342461888844, 0.6519388193497033, 0.6347193867294842, 0.639597869457085]"
hgb,H_D_B_A,"{'max_leaf_nodes': 7, 'learning_rate': 0.05}",0.6396423687725435,0.6396423687725434,0.005861819848389009,"[0.6327904124684931, 0.6437114060888054, 0.6574742234247916, 0.622307141638145, 0.6419286602424821]"
hgb,H_M_A,"{'max_leaf_nodes': 3, 'learning_rate': 0.05}",0.654928670096482,0.654928670096482,0.0030564516682961393,"[0.6451239618491111, 0.6584907972321813, 0.6558139344070527, 0.6520000667806324, 0.6632145902134323]"
hgb,H_M_A,"{'max_leaf_nodes': 7, 'learning_rate': 0.05}",0.6533370183829231,0.6533370183829231,0.0030828811502615194,"[0.6418180144868871, 0.6552951144169328, 0.6601417561167479, 0.6534000292317179, 0.65603017766233]"
hgb,H_D_M_A,"{'max_leaf_nodes': 3, 'learning_rate': 0.05}",0.6445877813322304,0.6445877813322304,0.0033482795769302948,"[0.6427891151394506, 0.6394133109889933, 0.6577557489703122, 0.6405887446882338, 0.6423919868741619]"
hgb,H_D_M_A,"{'max_leaf_nodes': 7, 'learning_rate': 0.05}",0.6353580028168152,0.6353580028168152,0.005619532677684777,"[0.6274855557956239, 0.6285196665224434, 0.6572573073526052, 0.6288118168081818, 0.6347156676052218]"
hgb,H_B_M_A,"{'max_leaf_nodes': 3, 'learning_rate': 0.05}",0.6500198655841081,0.6500198655841081,0.005422422334590252,"[0.638710425950246, 0.6657839262307362, 0.6491558537672389, 0.6381138861082841, 0.658335235864035]"
hgb,H_B_M_A,"{'max_leaf_nodes': 7, 'learning_rate': 0.05}",0.6499456254601639,0.6499456254601639,0.005108003930147398,"[0.6378289967895745, 0.6678585457169393, 0.6500362462652967, 0.6427119128817443, 0.6512924256472649]"
hgb,H_D_B_M_A,"{'max_leaf_nodes': 3, 'learning_rate': 0.05}",0.6419687841371143,0.6419687841371143,0.003096080228342863,"[0.638881782167914, 0.6444168263923168, 0.6525791991181848, 0.6343471603159915, 0.6396189526911643]"
hgb,H_D_B_M_A,"{'max_leaf_nodes': 7, 'learning_rate': 0.05}",0.6338305502789827,0.6338305502789829,0.005506749266237932,"[0.6271397967517893, 0.6383443057506579, 0.6525896792561782, 0.6204425678348277, 0.6306364018014612]"
hgb,H_P_A,"{'max_leaf_nodes': 3, 'learning_rate': 0.05}",0.6530903874514049,0.6530903874514049,0.0040981464986623185,"[0.6426015166197968, 0.6599265178339397, 0.6554600478648722, 0.6444392269226297, 0.6630246280157861]"
hgb,H_P_A,"{'max_leaf_nodes': 7, 'learning_rate': 0.05}",0.6553277223152586,0.6553277223152587,0.005662472135875771,"[0.6435445873263815, 0.6572733388044625, 0.64866057435302, 0.6509707088017881, 0.6761894022906413]"
hgb,H_D_P_A,"{'max_leaf_nodes': 3, 'learning_rate': 0.05}",0.6400322769606392,0.6400322769606392,0.002984381400573321,"[0.6354255360464952, 0.6423962187030544, 0.6505374694197207, 0.6340534163255415, 0.6377487443083842]"
hgb,H_D_P_A,"{'max_leaf_nodes': 7, 'learning_rate': 0.05}",0.6285871701772281,0.6285871701772281,0.0040817008836712704,"[0.6186195387011088, 0.6227846621099776, 0.6402721304679908, 0.6253714224616829, 0.6358880971453801]"
hgb,H_B_P_A,"{'max_leaf_nodes': 3, 'learning_rate': 0.05}",0.6472657576456973,0.6472657576456973,0.006395152739206081,"[0.6355708223816712, 0.6667395648074996, 0.6456538827184994, 0.6323428160072825, 0.6560217023135336]"
hgb,H_B_P_A,"{'max_leaf_nodes': 7, 'learning_rate': 0.05}",0.6495907776132676,0.6495907776132677,0.009039372451546599,"[0.642051216947906, 0.6771388657270895, 0.6341056890363763, 0.6304701697984195, 0.6641879465565467]"
hgb,H_D_B_P_A,"{'max_leaf_nodes': 3, 'learning_rate': 0.05}",0.6376868672818992,0.6376868672818993,0.0033867090507071003,"[0.6328403959915325, 0.6452012977593564, 0.646150425127252, 0.6293056276886214, 0.6349365898427338]"
hgb,H_D_B_P_A,"{'max_leaf_nodes': 7, 'learning_rate': 0.05}",0.6257299008757918,0.625729900875792,0.004401914120800568,"[0.6164567105600378, 0.6374017521777094, 0.6327913891435728, 0.6150541993440123, 0.626945453153627]"
hgb,H_M_P_A,"{'max_leaf_nodes': 3, 'learning_rate': 0.05}",0.6498285120832796,0.6498285120832795,0.00386504888688194,"[0.6409163307558939, 0.6573652306948992, 0.6516805564434983, 0.6406739630443828, 0.6585064794777233]"
hgb,H_M_P_A,"{'max_leaf_nodes': 7, 'learning_rate': 0.05}",0.6485239496802059,0.6485239496802059,0.00497300913566669,"[0.6350662211896344, 0.649297979952378, 0.6536729299640407, 0.640933297528893, 0.6636493197660834]"
hgb,H_D_M_P_A,"{'max_leaf_nodes': 3, 'learning_rate': 0.05}",0.639923332255874,0.639923332255874,0.0028760984184093706,"[0.6363465132502386, 0.6410380449920506, 0.650485596036421, 0.6339977626922754, 0.6377487443083842]"
hgb,H_D_M_P_A,"{'max_leaf_nodes': 7, 'learning_rate': 0.05}",0.6241806893132597,0.6241806893132597,0.0034529906698215797,"[0.6158228621097177, 0.6196730175876586, 0.6355128032061337, 0.6218897625572161, 0.6280050011055726]"
hgb,H_B_M_P_A,"{'max_leaf_nodes': 3, 'learning_rate': 0.05}",0.6447236406702997,0.6447236406702996,0.006264430360145566,"[0.6330321657273156, 0.6647949263229983, 0.6423282266799686, 0.6312036184515415, 0.6522592661696747]"
hgb,H_B_M_P_A,"{'max_leaf_nodes': 7, 'learning_rate': 0.05}",0.6425625531760141,0.6425625531760142,0.008255942805492774,"[0.6298646166325276, 0.6686810672076137, 0.6404255137447422, 0.6218946167819747, 0.6519469515132126]"
hgb,H_D_B_M_P_A,"{'max_leaf_nodes': 3, 'learning_rate': 0.05}",0.6377349442991661,0.6377349442991662,0.0034430849137198987,"[0.6328494950190685, 0.6455639296953175, 0.646150425127252, 0.6291742818114588, 0.6349365898427338]"
hgb,H_D_B_M_P_A,"{'max_leaf_nodes': 7, 'learning_rate': 0.05}",0.6250874030452392,0.6250874030452392,0.005013193029569716,"[0.6152220693310726, 0.638125478636724, 0.6341551655790335, 0.6127146884797455, 0.6252196131996204]"
hgb,H_C_A,"{'max_leaf_nodes': 3, 'learning_rate': 0.05}",0.660672313580278,0.660672313580278,0.004081627516130746,"[0.6512611405751974, 0.6647948677697797, 0.6612799373448415, 0.6526132205066637, 0.6734124017049079]"
hgb,H_C_A,"{'max_leaf_nodes': 7, 'learning_rate': 0.05}",0.6613383433167714,0.6613383433167714,0.004728416590941285,"[0.6540387835270798, 0.6651947869330467, 0.6597307632022819, 0.6503791881636034, 0.6773481947578458]"
hgb,H_D_C_A,"{'max_leaf_nodes': 3, 'learning_rate': 0.05}",0.644742194514122,0.6447421945141218,0.0031635447571994398,"[0.6418840950475716, 0.6398891696193192, 0.65723158253918, 0.6416322956029004, 0.6430738297616384]"
hgb,H_D_C_A,"{'max_leaf_nodes': 7, 'learning_rate': 0.05}",0.6383217522108077,0.6383217522108076,0.004591149674189569,"[0.6324739366758525, 0.6322629480292519, 0.6538866390785595, 0.6293613533374268, 0.6436238839329474]"
hgb,H_B_C_A,"{'max_leaf_nodes': 3, 'learning_rate': 0.05}",0.655155972846597,0.655155972846597,0.006434994878507052,"[0.6434105993493974, 0.6710580013724999, 0.655123837491973, 0.6384504891850551, 0.6677369368340595]"
hgb,H_B_C_A,"{'max_leaf_nodes': 7, 'learning_rate': 0.05}",0.6569046761097326,0.6569046761097326,0.007612599391647504,"[0.6450792346790365, 0.6742248174314058, 0.6594855933482369, 0.6344286450206039, 0.6713050900693796]"
hgb,H_D_B_C_A,"{'max_leaf_nodes': 3, 'learning_rate': 0.05}",0.641962506585506,0.641962506585506,0.003025191762054368,"[0.6379488891024031, 0.6449342461888844, 0.6519152700249952, 0.6343977309542685, 0.6406163966569789]"
hgb,H_D_B_C_A,"{'max_leaf_nodes': 7, 'learning_rate': 0.05}",0.6358612151779939,0.6358612151779938,0.005374617848230366,"[0.6296420806397788, 0.642827227536998, 0.6502238757927833, 0.6190843994981557, 0.6375284924222533]"
hgb,H_M_C_A,"{'max_leaf_nodes': 3, 'learning_rate': 0.05}",0.6555415628223088,0.6555415628223088,0.0032350351780259193,"[0.6464268779921987, 0.6596904413332071, 0.6551481125845335, 0.6513472271388856, 0.6650951550627191]"
hgb,H_M_C_A,"{'max_leaf_nodes': 7, 'learning_rate': 0.05}",0.6543332876174236,0.6543332876174234,0.0025805967641511053,"[0.6457577663349956, 0.6557577665857257, 0.658463333714169, 0.6516011216012694, 0.6600864498509577]"
hgb,H_D_M_C_A,"{'max_leaf_nodes': 3, 'learning_rate': 0.05}",0.6448335001009339,0.6448335001009339,0.0031776164408709815,"[0.6429872140087359, 0.639819071433088, 0.6573365237723355, 0.6412546412657346, 0.6427700500247752]"
hgb,H_D_M_C_A,"{'max_leaf_nodes': 7, 'learning_rate': 0.05}",0.6332706689577972,0.6332706689577973,0.005493675912347631,"[0.6254633018363709, 0.6264844601771651, 0.6545205226001902, 0.6265592925025826, 0.6333257676726775]"
hgb,H_B_M_C_A,"{'max_leaf_nodes': 3, 'learning_rate': 0.05}",0.6508497021563576,0.6508497021563575,0.005499487222101692,"[0.6400660248347694, 0.6657407782611859, 0.6499793099136546, 0.6378106327517553, 0.6606517650204223]"
hgb,H_B_M_C_A,"{'max_leaf_nodes': 7, 'learning_rate': 0.05}",0.6525186782879228,0.6525186782879228,0.005365949016657168,"[0.6377064776207565, 0.6668011809282364, 0.6571634293719504, 0.6426369437084188, 0.6582853598102522]"
hgb,H_D_B_M_C_A,"{'max_leaf_nodes': 3, 'learning_rate': 0.05}",0.642207660446705,0.642207660446705,0.0030023398610193198,"[0.6392887172199304, 0.6444167313088401, 0.6523499173234761, 0.6343665397242995, 0.6406163966569789]"
hgb,H_D_B_M_C_A,"{'max_leaf_nodes': 7, 'learning_rate': 0.05}",0.6314904390595096,0.6314904390595097,0.004984917273897613,"[0.6271347298540093, 0.6365287145269983, 0.6470805076476825, 0.6171419553007093, 0.6295662879681492]"
hgb,H_P_C_A,"{'max_leaf_nodes': 3, 'learning_rate': 0.05}",0.6534907845991386,0.6534907845991385,0.004151250919252948,"[0.642783823655728, 0.6602964194050228, 0.6543596920731665, 0.6455637629037605, 0.664450224958015]"
hgb,H_P_C_A,"{'max_leaf_nodes': 7, 'learning_rate': 0.05}",0.6557466383918579,0.6557466383918579,0.0060445828842655225,"[0.641381753028943, 0.6583883067928669, 0.6485626806843855, 0.6532197953058024, 0.6771806561472914]"
hgb,H_D_P_C_A,"{'max_leaf_nodes': 3, 'learning_rate': 0.05}",0.6403342981771624,0.6403342981771624,0.0028628791576167734,"[0.6354255360464952, 0.6423790776791591, 0.6505374694197207, 0.6351468230456818, 0.6381825846947549]"
hgb,H_D_P_C_A,"{'max_leaf_nodes': 7, 'learning_rate': 0.05}",0.6274583840225614,0.6274583840225614,0.0038673584382314637,"[0.6174049786150213, 0.6232413227414153, 0.6396830280065391, 0.6246905141986044, 0.632272076551227]"
hgb,H_B_P_C_A,"{'max_leaf_nodes': 3, 'learning_rate': 0.05}",0.6479188594547443,0.6479188594547443,0.006386353256118754,"[0.6355547457290508, 0.6666900221204625, 0.6472924155165584, 0.6329169473767969, 0.6571401665308526]"
hgb,H_B_P_C_A,"{'max_leaf_nodes': 7, 'learning_rate': 0.05}",0.6514040663551101,0.65140406635511,0.00920935385542092,"[0.6396913396532516, 0.679036624224117, 0.6406190430128804, 0.6305884037131331, 0.6670849211721678]"
hgb,H_D_B_P_C_A,"{'max_leaf_nodes': 3, 'learning_rate': 0.05}",0.6378555446902989,0.6378555446902989,0.003329958240144979,"[0.6330084215311228, 0.6452012977593564, 0.646150425127252, 0.6295208674379761, 0.6353967115957873]"
hgb,H_D_B_P_C_A,"{'max_leaf_nodes': 7, 'learning_rate': 0.05}",0.6259139407361582,0.6259139407361584,0.004451102697518099,"[0.6157084527800569, 0.6370137850813362, 0.6332573765625649, 0.6154298613813114, 0.6281602278755221]"
hgb,H_M_P_C_A,"{'max_leaf_nodes': 3, 'learning_rate': 0.05}",0.650133474043704,0.6501334740437039,0.003788695352600319,"[0.6409163307558939, 0.6573817055570769, 0.651843158332736, 0.6417005227728118, 0.6588256528000013]"
hgb,H_M_P_C_A,"{'max_leaf_nodes': 7, 'learning_rate': 0.05}",0.6473292060300279,0.647329206030028,0.005757027941463945,"[0.6308204299952597, 0.6503635063676788, 0.6497781363748619, 0.6403051895502643, 0.6653787678620748]"
hgb,H_D_M_P_C_A,"{'max_leaf_nodes': 3, 'learning_rate': 0.05}",0.6400995581435521,0.6400995581435521,0.0027007325307524437,"[0.6363465132502386, 0.6413488818825117, 0.649951466499218, 0.6346683443910376, 0.6381825846947549]"
hgb,H_D_M_P_C_A,"{'max_leaf_nodes': 7, 'learning_rate': 0.05}",0.6245078338078603,0.6245078338078603,0.0033975216477971563,"[0.6169577209359453, 0.6231689045200216, 0.6362178153876078, 0.6191626714335724, 0.6270320567621549]"
hgb,H_B_M_P_C_A,"{'max_leaf_nodes': 3, 'learning_rate': 0.05}",0.6452766262023099,0.6452766262023099,0.0063302848054306,"[0.6330321657273156, 0.6647949263229983, 0.6432954302705638, 0.6313913522951894, 0.6538692563954823]"
hgb,H_B_M_P_C_A,"{'max_leaf_nodes': 7, 'learning_rate': 0.05}",0.641853069600681,0.641853069600681,0.00823693486896374,"[0.6265933213328775, 0.6670421433381832, 0.6389321799593526, 0.6232408755632035, 0.6534568278097883]"
hgb,H_D_B_M_P_C_A,"{'max_leaf_nodes': 3, 'learning_rate': 0.05}",0.637899232224602,0.637899232224602,0.0033780731206190903,"[0.6328012634678961, 0.6455639296953175, 0.646150425127252, 0.6295838312367568, 0.6353967115957873]"
hgb,H_D_B_M_P_C_A,"{'max_leaf_nodes': 7, 'learning_rate': 0.05}",0.6244005936211106,0.6244005936211106,0.005415287635173401,"[0.6130118526104923, 0.6382317507711286, 0.6342305075968062, 0.6114244643267671, 0.6251043928003587]"
hgb,H_K,"{'max_leaf_nodes': 3, 'learning_rate': 0.05}",0.6551165723158504,0.6551165723158503,0.0029361249576053904,"[0.6554572320543393, 0.6539583877383807, 0.6592861547933612, 0.6448395089216703, 0.6620415780715005]"
hgb,H_K,"{'max_leaf_nodes': 7, 'learning_rate': 0.05}",0.6621359919363744,0.6621359919363744,0.003821103108347198,"[0.6661062483899316, 0.659491912677993, 0.6647390097017035, 0.6488849534791057, 0.6714578354331385]"
hgb,H_D_K,"{'max_leaf_nodes': 3, 'learning_rate': 0.05}",0.6407826628040463,0.6407826628040464,0.004200358625516854,"[0.6436356889005157, 0.6359254944308725, 0.6559963125782501, 0.6330761546518089, 0.6352796634587847]"
hgb,H_D_K,"{'max_leaf_nodes': 7, 'learning_rate': 0.05}",0.6373575092655412,0.6373575092655412,0.006279183743171777,"[0.6308468155878684, 0.626693182213188, 0.6611065312247998, 0.6292320597329404, 0.6389089575689096]"
hgb,H_B_K,"{'max_leaf_nodes': 3, 'learning_rate': 0.05}",0.6492228072668206,0.6492228072668207,0.0031965988459009068,"[0.6476588296905693, 0.655216190492402, 0.6485016076175915, 0.6384635739903238, 0.6562738345432165]"
hgb,H_B_K,"{'max_leaf_nodes': 7, 'learning_rate': 0.05}",0.6589483506608361,0.658948350660836,0.004350269880555499,"[0.6568053587021236, 0.6646028148720537, 0.6551057068392389, 0.6463250578436717, 0.6719028150470925]"
hgb,H_D_B_K,"{'max_leaf_nodes': 3, 'learning_rate': 0.05}",0.639493729454202,0.639493729454202,0.003481198521476672,"[0.6400843332661678, 0.6412441970259942, 0.6511946748730236, 0.631157298744332, 0.6337881433614928]"
hgb,H_D_B_K,"{'max_leaf_nodes': 7, 'learning_rate': 0.05}",0.6365962838264457,0.6365962838264456,0.005249605383503699,"[0.6290680368990984, 0.6382393322795479, 0.6543516160924508, 0.6233779772105482, 0.6379444566505831]"
hgb,H_M_K,"{'max_leaf_nodes': 3, 'learning_rate': 0.05}",0.6542403990154226,0.6542403990154225,0.002609226207903935,"[0.6555418704895468, 0.6518472415928876, 0.6583147831805227, 0.6454110887807661, 0.6600870110333894]"
hgb,H_M_K,"{'max_leaf_nodes': 7, 'learning_rate': 0.05}",0.6603519785640545,0.6603519785640545,0.002900412424319914,"[0.6603257471244636, 0.6561395010524071, 0.6654782445595527, 0.6520396008038637, 0.6677767992799851]"
hgb,H_D_M_K,"{'max_leaf_nodes': 3, 'learning_rate': 0.05}",0.6408180832295189,0.640818083229519,0.004297073190511845,"[0.6436054113091977, 0.6350328282851985, 0.6564974704903249, 0.6335272257416217, 0.6354274803212525]"
hgb,H_D_M_K,"{'max_leaf_nodes': 7, 'learning_rate': 0.05}",0.6342642884563012,0.6342642884563011,0.006588098106738246,"[0.6255646921023102, 0.6269840634945344, 0.6589676433613869, 0.6231545472116571, 0.636650496111617]"
hgb,H_B_M_K,"{'max_leaf_nodes': 3, 'learning_rate': 0.05}",0.6487293659129009,0.6487293659129008,0.0028685466071210154,"[0.6470606956708148, 0.6546125394606789, 0.6480804966083742, 0.6391877765517922, 0.6547053212728439]"
hgb,H_B_M_K,"{'max_leaf_nodes': 7, 'learning_rate': 0.05}",0.6569302264333711,0.6569302264333711,0.004157379914262349,"[0.6532461069675214, 0.6613531961515141, 0.657297212212505, 0.6438914235383688, 0.6688631932969458]"
hgb,H_D_B_M_K,"{'max_leaf_nodes': 3, 'learning_rate': 0.05}",0.6390804726400119,0.6390804726400119,0.0032561047216917217,"[0.6401522370302294, 0.6408195996396537, 0.6497614744071895, 0.631157298744332, 0.633511753378655]"
hgb,H_D_B_M_K,"{'max_leaf_nodes': 7, 'learning_rate': 0.05}",0.6347062480032359,0.6347062480032359,0.004640399803555699,"[0.6285457541586518, 0.6360238965096915, 0.6506594393763894, 0.6230373970728948, 0.6352647528985523]"
hgb,H_P_K,"{'max_leaf_nodes': 3, 'learning_rate': 0.05}",0.64593201240606,0.6459320124060601,0.0030270963795118984,"[0.6435005676777931, 0.6515213519649826, 0.6514716038558348, 0.6353541681101414, 0.6478123704215485]"
hgb,H_P_K,"{'max_leaf_nodes': 7, 'learning_rate': 0.05}",0.6501506606555566,0.6501506606555566,0.003988891883367057,"[0.6470586683644286, 0.6552872256487129, 0.6552885964923229, 0.635833553185391, 0.6572852595869276]"
hgb,H_D_P_K,"{'max_leaf_nodes': 3, 'learning_rate': 0.05}",0.6369332992889662,0.6369332992889662,0.003932660045970357,"[0.6373770423965208, 0.6353758355142471, 0.6515894012372843, 0.630473821406233, 0.6298503958905458]"
hgb,H_D_P_K,"{'max_leaf_nodes': 7, 'learning_rate': 0.05}",0.6267428742507322,0.6267428742507322,0.0057113128381454555,"[0.6168533554929497, 0.6224980248292568, 0.6475631883271564, 0.6170467861481123, 0.6297530164561859]"
hgb,H_B_P_K,"{'max_leaf_nodes': 3, 'learning_rate': 0.05}",0.6424551265262731,0.642455126526273,0.003727093566493699,"[0.6369005875588272, 0.652560229444447, 0.6454295349220612, 0.6313544249286982, 0.6460308557773315]"
hgb,H_B_P_K,"{'max_leaf_nodes': 7, 'learning_rate': 0.05}",0.6468228955599935,0.6468228955599934,0.00710548546707787,"[0.638360158020404, 0.6702500199495789, 0.6458577309048908, 0.6277736011309079, 0.6518729677941858]"
hgb,H_D_B_P_K,"{'max_leaf_nodes': 3, 'learning_rate': 0.05}",0.6351287079053175,0.6351287079053175,0.0033955385341448755,"[0.6342521067994068, 0.6369745419128235, 0.6470669698052466, 0.6281298468292021, 0.6292200741799082]"
hgb,H_D_B_P_K,"{'max_leaf_nodes': 7, 'learning_rate': 0.05}",0.6269816019848083,0.6269816019848082,0.004755424931222042,"[0.6162365159111596, 0.6353230812918046, 0.6399291450602318, 0.6170182584649815, 0.626401009195864]"
hgb,H_M_P_K,"{'max_leaf_nodes': 3, 'learning_rate': 0.05}",0.6452704002504069,0.6452704002504069,0.0026865292123254706,"[0.6443738544951755, 0.649976505824357, 0.6498154581757813, 0.6353554877915304, 0.6468306949651904]"
hgb,H_M_P_K,"{'max_leaf_nodes': 7, 'learning_rate': 0.05}",0.6479490329903105,0.6479490329903105,0.004646727891106144,"[0.642665316529274, 0.649917423524544, 0.6612877381253046, 0.6336665758643247, 0.6522081109081054]"
hgb,H_D_M_P_K,"{'max_leaf_nodes': 3, 'learning_rate': 0.05}",0.6367622953137113,0.6367622953137113,0.003954096112273038,"[0.6376580731578696, 0.6340092191137053, 0.6515894012372843, 0.6307043871691516, 0.6298503958905458]"
hgb,H_D_M_P_K,"{'max_leaf_nodes': 7, 'learning_rate': 0.05}",0.6250808827874816,0.6250808827874815,0.006023549014949236,"[0.6153600598151142, 0.6208299099825578, 0.6478451286673691, 0.6153821486235881, 0.6259871668487786]"
hgb,H_B_M_P_K,"{'max_leaf_nodes': 3, 'learning_rate': 0.05}",0.6419568848845181,0.6419568848845181,0.0036826055252022804,"[0.6369476556279676, 0.652374201391948, 0.6446361974374927, 0.630922581483102, 0.6449037884820801]"
hgb,H_B_M_P_K,"{'max_leaf_nodes': 7, 'learning_rate': 0.05}",0.6449419233492596,0.6449419233492597,0.0054433745256226825,"[0.6373962083470658, 0.6610725464787365, 0.6483449291733872, 0.6291490833251617, 0.6487468494219473]"
hgb,H_D_B_M_P_K,"{'max_leaf_nodes': 3, 'learning_rate': 0.05}",0.6350548785235244,0.6350548785235245,0.0033862950731803274,"[0.6342521067994068, 0.6366053950038587, 0.6470669698052466, 0.6281298468292021, 0.6292200741799082]"
hgb,H_D_B_M_P_K,"{'max_leaf_nodes': 7, 'learning_rate': 0.05}",0.6261257040842678,0.6261257040842677,0.005060412461977316,"[0.6159272057701477, 0.6384920371055143, 0.6377796261392695, 0.615758993951552, 0.6226706574548551]"
hgb,H_C_K,"{'max_leaf_nodes': 3, 'learning_rate': 0.05}",0.6558194907029433,0.6558194907029432,0.0031407098850765257,"[0.6553515288703672, 0.6542929582155853, 0.660600834170047, 0.6452612591892837, 0.6635908730694332]"
hgb,H_C_K,"{'max_leaf_nodes': 7, 'learning_rate': 0.05}",0.6561968296960765,0.6561968296960764,0.005411844436410875,"[0.6641902340424688, 0.6472120621166905, 0.6620038056679761, 0.6397208925052608, 0.6678571541479857]"
hgb,H_D_C_K,"{'max_leaf_nodes': 3, 'learning_rate': 0.05}",0.6409498758817697,0.6409498758817695,0.004078327663684214,"[0.6433287947019125, 0.6353903931186797, 0.6559764101640937, 0.6347741179653773, 0.6352796634587847]"
hgb,H_D_C_K,"{'max_leaf_nodes': 7, 'learning_rate': 0.05}",0.6323415491548227,0.6323415491548227,0.00528087801816782,"[0.6278234446083722, 0.6213738983510058, 0.6514523421709303, 0.6257720375079312, 0.6352860231358742]"
hgb,H_B_C_K,"{'max_leaf_nodes': 3, 'learning_rate': 0.05}",0.6498339535856934,0.6498339535856934,0.003341569431954713,"[0.6474779699431658, 0.655729450144487, 0.6495407886639321, 0.6387858431575993, 0.6576357160192827]"
hgb,H_B_C_K,"{'max_leaf_nodes': 7, 'learning_rate': 0.05}",0.6566543069153802,0.6566543069153802,0.005095713867658194,"[0.656907361385478, 0.6576046828290814, 0.660639882124918, 0.6384231317392705, 0.6696964764981536]"
hgb,H_D_B_C_K,"{'max_leaf_nodes': 3, 'learning_rate': 0.05}",0.6395737111345225,0.6395737111345225,0.0033250588922384577,"[0.6400734625948956, 0.6412441970259942, 0.6508172641310584, 0.6319454885591713, 0.6337881433614928]"
hgb,H_D_B_C_K,"{'max_leaf_nodes': 7, 'learning_rate': 0.05}",0.6338575019623552,0.6338575019623551,0.003942055906030492,"[0.6307278422526604, 0.634267584514039, 0.6458103070292959, 0.6216468982807998, 0.6368348777349808]"
hgb,H_M_C_K,"{'max_leaf_nodes': 3, 'learning_rate': 0.05}",0.6547025786613468,0.6547025786613467,0.0027243135954037137,"[0.6554894449937506, 0.6525768503778386, 0.658715831711443, 0.6455035312930244, 0.6612272349306768]"
hgb,H_M_C_K,"{'max_leaf_nodes': 7, 'learning_rate': 0.05}",0.655680923445052,0.655680923445052,0.004559717421004742,"[0.6572238006601122, 0.6489724976762792, 0.663701524360186, 0.6420053094184913, 0.6665014851101914]"
hgb,H_D_M_C_K,"{'max_leaf_nodes': 3, 'learning_rate': 0.05}",0.641099105302814,0.641099105302814,0.0041944431866433665,"[0.6436759790447101, 0.6350328282851985, 0.6564974704903249, 0.6346942131862782, 0.6355950355075585]"
hgb,H_D_M_C_K,"{'max_leaf_nodes': 7, 'learning_rate': 0.05}",0.6308125639693732,0.6308125639693734,0.005642268354122304,"[0.625806933950271, 0.6180444011341574, 0.6504497966603658, 0.6243462068564571, 0.6354154812456151]"
hgb,H_B_M_C_K,"{'max_leaf_nodes': 3, 'learning_rate': 0.05}",0.6489257983756357,0.6489257983756357,0.002890662589884343,"[0.6470606956708148, 0.6544686466781816, 0.6480058739420225, 0.6395385240713078, 0.6555552515158516]"
hgb,H_B_M_C_K,"{'max_leaf_nodes': 7, 'learning_rate': 0.05}",0.6544897366813254,0.6544897366813254,0.0047852116568223154,"[0.652270283174842, 0.6575380017536201, 0.6576619886298107, 0.6379001734082408, 0.6670782364401133]"
hgb,H_D_B_M_C_K,"{'max_leaf_nodes': 3, 'learning_rate': 0.05}",0.6392721203428686,0.6392721203428686,0.0031567210029520413,"[0.6402414726073081, 0.6408195996396537, 0.6497614744071895, 0.6319454885591713, 0.6335925665010206]"
hgb,H_D_B_M_C_K,"{'max_leaf_nodes': 7, 'learning_rate': 0.05}",0.6319000781600458,0.6319000781600457,0.0033963928670691142,"[0.6274828153408051, 0.6317226435076727, 0.6434461364766089, 0.6232429971145914, 0.6336057983605503]"
hgb,H_P_C_K,"{'max_leaf_nodes': 3, 'learning_rate': 0.05}",0.6460800195340178,0.6460800195340178,0.003060593622591899,"[0.6435005676777931, 0.651431542209141, 0.6516965893644835, 0.6353541681101414, 0.6484172303085303]"
hgb,H_P_C_K,"{'max_leaf_nodes': 7, 'learning_rate': 0.05}",0.6476663777975616,0.6476663777975615,0.004862518680914548,"[0.6440912247840358, 0.6492871033820888, 0.6553382018583949, 0.6309824834358161, 0.6586328755274721]"
hgb,H_D_P_C_K,"{'max_leaf_nodes': 3, 'learning_rate': 0.05}",0.6371619845290525,0.6371619845290526,0.0038730015893611745,"[0.6377375213080472, 0.6353758355142471, 0.6515894012372843, 0.6312567686951381, 0.6298503958905458]"
hgb,H_D_P_C_K,"{'max_leaf_nodes': 7, 'learning_rate': 0.05}",0.624475126256295,0.6244751262562949,0.004526684631976182,"[0.6149819137651735, 0.6221691634604007, 0.6407687569127141, 0.6178235562354336, 0.6266322409077525]"
hgb,H_B_P_C_K,"{'max_leaf_nodes': 3, 'learning_rate': 0.05}",0.6428963159937501,0.64289631599375,0.003782734519927468,"[0.6369005875588272, 0.652560229444447, 0.6465361550787061, 0.6315973844008288, 0.646887223485941]"
hgb,H_B_P_C_K,"{'max_leaf_nodes': 7, 'learning_rate': 0.05}",0.6479089331339898,0.6479089331339898,0.007362367422309,"[0.637789890458403, 0.6695984437810123, 0.6520994118393844, 0.6264362680556715, 0.6536206515354775]"
hgb,H_D_B_P_C_K,"{'max_leaf_nodes': 3, 'learning_rate': 0.05}",0.6352330726001647,0.6352330726001647,0.003369382111882222,"[0.6345526966934344, 0.6369745419128235, 0.6470669698052466, 0.628351080409411, 0.6292200741799082]"
hgb,H_D_B_P_C_K,"{'max_leaf_nodes': 7, 'learning_rate': 0.05}",0.6248037058472935,0.6248037058472935,0.00489202539298018,"[0.6136940900127383, 0.6340260327995877, 0.6376464177831119, 0.6145711297852612, 0.6240808588557683]"
hgb,H_M_P_C_K,"{'max_leaf_nodes': 3, 'learning_rate': 0.05}",0.6453365368985075,0.6453365368985076,0.0027049802809404632,"[0.6443738544951755, 0.6501233946899827, 0.6498154581757813, 0.6353554877915304, 0.6470144893400678]"
hgb,H_M_P_C_K,"{'max_leaf_nodes': 7, 'learning_rate': 0.05}",0.6442834381693988,0.6442834381693988,0.005066380464923934,"[0.6386857900132631, 0.6438544604187678, 0.6577799947597056, 0.628891081148676, 0.6522058645065812]"
hgb,H_D_M_P_C_K,"{'max_leaf_nodes': 3, 'learning_rate': 0.05}",0.6368986667226793,0.6368986667226794,0.003910354231189216,"[0.6377375213080472, 0.6340092191137053, 0.6515894012372843, 0.6313067960638138, 0.6298503958905458]"
hgb,H_D_M_P_C_K,"{'max_leaf_nodes': 7, 'learning_rate': 0.05}",0.6221157681523305,0.6221157681523304,0.004451830163841148,"[0.6148573098142456, 0.6180646251547411, 0.6389074166669411, 0.615482895474908, 0.6232665936508162]"
hgb,H_B_M_P_C_K,"{'max_leaf_nodes': 3, 'learning_rate': 0.05}",0.6423136882856137,0.6423136882856137,0.003756553801806731,"[0.6369476556279676, 0.652374201391948, 0.6458136299956762, 0.630922581483102, 0.6455103729293751]"
hgb,H_B_M_P_C_K,"{'max_leaf_nodes': 7, 'learning_rate': 0.05}",0.6444898587978007,0.6444898587978007,0.005928406837110212,"[0.6381297552869912, 0.6601277207000869, 0.6503385344790065, 0.6253224399388181, 0.6485308435841007]"
hgb,H_D_B_M_P_C_K,"{'max_leaf_nodes': 3, 'learning_rate': 0.05}",0.6351592432183718,0.6351592432183717,0.003360639937884647,"[0.6345526966934344, 0.6366053950038587, 0.6470669698052466, 0.628351080409411, 0.6292200741799082]"
hgb,H_D_B_M_P_C_K,"{'max_leaf_nodes': 7, 'learning_rate': 0.05}",0.6241557952460349,0.6241557952460348,0.0048233827080743545,"[0.6149701616450036, 0.6353655417117821, 0.6361088878010024, 0.6144553133728957, 0.6198790716994905]"
hgb,H_A_K,"{'max_leaf_nodes': 3, 'learning_rate': 0.05}",0.6514152746639368,0.6514152746639368,0.0026105309841291573,"[0.6507254588052942, 0.6502121611146132, 0.6528976496422065, 0.6434936705826019, 0.6597474331749676]"
hgb,H_A_K,"{'max_leaf_nodes': 7, 'learning_rate': 0.05}",0.6562405627811512,0.6562405627811512,0.0031598920771314597,"[0.6580419456678479, 0.6545840811168759, 0.6528827397743429, 0.6484323266938222, 0.6672617206528669]"
hgb,H_D_A_K,"{'max_leaf_nodes': 3, 'learning_rate': 0.05}",0.6398550994628791,0.6398550994628791,0.0036148052169935533,"[0.6413432988465865, 0.6338430732663294, 0.6526418712624269, 0.6321643099169137, 0.6392829440221391]"
hgb,H_D_A_K,"{'max_leaf_nodes': 7, 'learning_rate': 0.05}",0.6359544281197592,0.6359544281197593,0.006384334257547694,"[0.6279826583786181, 0.6242466370507626, 0.6574649128994693, 0.6263730588838086, 0.6437048733861378]"
hgb,H_B_A_K,"{'max_leaf_nodes': 3, 'learning_rate': 0.05}",0.6470298241001402,0.6470298241001401,0.0034506106083144403,"[0.644217799663257, 0.653396440336921, 0.6431733156544793, 0.637832660861921, 0.6565289039841221]"
hgb,H_B_A_K,"{'max_leaf_nodes': 7, 'learning_rate': 0.05}",0.6529676170141824,0.6529676170141824,0.004776303708101413,"[0.650583242652783, 0.6578639001739324, 0.642501320282065, 0.6449986149049175, 0.6688910070572139]"
hgb,H_D_B_A_K,"{'max_leaf_nodes': 3, 'learning_rate': 0.05}",0.638578621560374,0.638578621560374,0.0027827236964983104,"[0.6382381188458005, 0.6392948725463972, 0.6478451628670296, 0.6304494256905881, 0.637065527852055]"
hgb,H_D_B_A_K,"{'max_leaf_nodes': 7, 'learning_rate': 0.05}",0.6359409971784027,0.6359409971784027,0.005150886573643232,"[0.6262250727828905, 0.634489074921872, 0.6503109882191374, 0.6237923689178717, 0.6448874810502419]"
hgb,H_M_A_K,"{'max_leaf_nodes': 3, 'learning_rate': 0.05}",0.6503056636477578,0.6503056636477578,0.002710579159454453,"[0.650816243867826, 0.647683424741893, 0.6518322642337389, 0.6423124729729335, 0.6588839124223973]"
hgb,H_M_A_K,"{'max_leaf_nodes': 7, 'learning_rate': 0.05}",0.6530206639868228,0.6530206639868228,0.0024676354961424484,"[0.6572162223696039, 0.6498290353361004, 0.6561305851378798, 0.6448049317964311, 0.6571225452940983]"
hgb,H_D_M_A_K,"{'max_leaf_nodes': 3, 'learning_rate': 0.05}",0.639597875112252,0.6395978751122517,0.003757831460857048,"[0.641498075275965, 0.6326216230519647, 0.6529085016397449, 0.6323926917442337, 0.6385684838493507]"
hgb,H_D_M_A_K,"{'max_leaf_nodes': 7, 'learning_rate': 0.05}",0.6329011761486733,0.6329011761486733,0.006560386293507615,"[0.6229659674772549, 0.6229957754704455, 0.653894071938998, 0.6217755666675255, 0.6428744991891424]"
hgb,H_B_M_A_K,"{'max_leaf_nodes': 3, 'learning_rate': 0.05}",0.6459441878280793,0.6459441878280792,0.0032761333476014364,"[0.6433063179009462, 0.6514804289478943, 0.6421098312767258, 0.6374146156624865, 0.6554097453523436]"
hgb,H_B_M_A_K,"{'max_leaf_nodes': 7, 'learning_rate': 0.05}",0.649969383882484,0.6499693838824839,0.004193280936040627,"[0.6466453089002776, 0.6559602130143533, 0.6424825563303285, 0.6414921929430903, 0.6632666482243702]"
hgb,H_D_B_M_A_K,"{'max_leaf_nodes': 3, 'learning_rate': 0.05}",0.6383935438103534,0.6383935438103535,0.002699327543439694,"[0.6384957072905377, 0.6388652962991471, 0.647333425726827, 0.6304494256905881, 0.6368238640446675]"
hgb,H_D_B_M_A_K,"{'max_leaf_nodes': 7, 'learning_rate': 0.05}",0.631432008052218,0.631432008052218,0.004704092320521701,"[0.6235542906827618, 0.6322717638487215, 0.6462954735972709, 0.6195110038776007, 0.6355275082547347]"
hgb,H_P_A_K,"{'max_leaf_nodes': 3, 'learning_rate': 0.05}",0.6446458606686293,0.6446458606686293,0.0026297072504417353,"[0.6431632956345318, 0.6485146495004183, 0.6482027874294711, 0.6349352412771564, 0.6484133295015688]"
hgb,H_P_A_K,"{'max_leaf_nodes': 7, 'learning_rate': 0.05}",0.6476777436217019,0.647677743621702,0.003552167402688167,"[0.6410827704752696, 0.653708870412625, 0.6515079450619526, 0.6373128788677626, 0.6547762532909002]"
hgb,H_D_P_A_K,"{'max_leaf_nodes': 3, 'learning_rate': 0.05}",0.6362548230643564,0.6362548230643564,0.003470240193634409,"[0.6360207893448981, 0.634088288632217, 0.6493973778869011, 0.6291984795101105, 0.6325691799476553]"
hgb,H_D_P_A_K,"{'max_leaf_nodes': 7, 'learning_rate': 0.05}",0.6275555889012663,0.6275555889012663,0.005329628356582206,"[0.6146031261030083, 0.6236339407810927, 0.6442311172948479, 0.6203452910113433, 0.6349644693160393]"
hgb,H_B_P_A_K,"{'max_leaf_nodes': 3, 'learning_rate': 0.05}",0.6418539796891607,0.6418539796891608,0.0033365389582008403,"[0.637060310536285, 0.6498673683472075, 0.6431316547378808, 0.6317404731251794, 0.647470091699251]"
hgb,H_B_P_A_K,"{'max_leaf_nodes': 7, 'learning_rate': 0.05}",0.6460182448525441,0.6460182448525442,0.00634040268275538,"[0.6358287248001061, 0.662624375610014, 0.6418163024767038, 0.6306926912438238, 0.659129130132073]"
hgb,H_D_B_P_A_K,"{'max_leaf_nodes': 3, 'learning_rate': 0.05}",0.6346091750418937,0.6346091750418937,0.002932041801527879,"[0.633547128444841, 0.6353958076265543, 0.6450630244906449, 0.627386016549307, 0.6316538980981212]"
hgb,H_D_B_P_A_K,"{'max_leaf_nodes': 7, 'learning_rate': 0.05}",0.6276160099700226,0.6276160099700225,0.004211949096645183,"[0.6163290724088445, 0.6348131582246573, 0.6363267466519426, 0.6186323477460822, 0.6319787248185864]"
hgb,H_M_P_A_K,"{'max_leaf_nodes': 3, 'learning_rate': 0.05}",0.6436983521252702,0.6436983521252703,0.002584623294637993,"[0.6419499926054388, 0.6475921344306357, 0.6477883613426763, 0.6342870374584326, 0.646874234789168]"
hgb,H_M_P_A_K,"{'max_leaf_nodes': 7, 'learning_rate': 0.05}",0.6436314824768528,0.6436314824768528,0.004374202375755394,"[0.6400606274122109, 0.6491155185386415, 0.6528040579223499, 0.6282330440785175, 0.647944164432544]"
hgb,H_D_M_P_A_K,"{'max_leaf_nodes': 3, 'learning_rate': 0.05}",0.6361523909263379,0.6361523909263379,0.0034205295137886447,"[0.6362045136355323, 0.6337191552275702, 0.6490706263108215, 0.6291984795101105, 0.6325691799476553]"
hgb,H_D_M_P_A_K,"{'max_leaf_nodes': 7, 'learning_rate': 0.05}",0.6240137163748294,0.6240137163748295,0.005138098723955418,"[0.6156913014914382, 0.6173398842980752, 0.6395324878755468, 0.6144457425203421, 0.6330591656887447]"
hgb,H_B_M_P_A_K,"{'max_leaf_nodes': 3, 'learning_rate': 0.05}",0.6412421445445927,0.6412421445445927,0.003334451351704531,"[0.6373033180440114, 0.6502705675642089, 0.6416604979496254, 0.631071945335668, 0.64590439382945]"
hgb,H_B_M_P_A_K,"{'max_leaf_nodes': 7, 'learning_rate': 0.05}",0.6423543699908736,0.6423543699908734,0.005399491551882823,"[0.6343780689283234, 0.6552668651715762, 0.6466807739833232, 0.6256582328396876, 0.6497879090314568]"
hgb,H_D_B_M_P_A_K,"{'max_leaf_nodes': 3, 'learning_rate': 0.05}",0.6345198566884394,0.6345198566884392,0.0029063559914527127,"[0.633547128444841, 0.6350721392829293, 0.6449401010669977, 0.627386016549307, 0.6316538980981212]"
hgb,H_D_B_M_P_A_K,"{'max_leaf_nodes': 7, 'learning_rate': 0.05}",0.6259971587384502,0.6259971587384501,0.004333489557485908,"[0.6140480081812413, 0.6337634283111073, 0.6337122308401846, 0.616926100202415, 0.6315360261573026]"
hgb,H_C_A_K,"{'max_leaf_nodes': 3, 'learning_rate': 0.05}",0.6522505843268036,0.6522505843268036,0.003200910771143275,"[0.6507733169491082, 0.6505078272410326, 0.654090735328493, 0.6430572297780389, 0.6628238123373452]"
hgb,H_C_A_K,"{'max_leaf_nodes': 7, 'learning_rate': 0.05}",0.6516389360287916,0.6516389360287915,0.004672525519798161,"[0.6592210140289988, 0.6436029367645596, 0.6508290749217904, 0.6397582284487792, 0.6647834259798296]"
hgb,H_D_C_A_K,"{'max_leaf_nodes': 3, 'learning_rate': 0.05}",0.6399966444751733,0.6399966444751733,0.0035353404376144205,"[0.64140256337723, 0.6333944051261677, 0.6526418712624269, 0.6333772297783746, 0.6391671528316671]"
hgb,H_D_C_A_K,"{'max_leaf_nodes': 7, 'learning_rate': 0.05}",0.6316339199293881,0.631633919929388,0.005579420574067251,"[0.6253769894349491, 0.6202602402303264, 0.6467752877736193, 0.6223493026271338, 0.6434077795809117]"
hgb,H_B_C_A_K,"{'max_leaf_nodes': 3, 'learning_rate': 0.05}",0.6474810434365076,0.6474810434365075,0.003885685627418434,"[0.644217799663257, 0.653842740037048, 0.6431473670479633, 0.6373444125037269, 0.6588528979305426]"
hgb,H_B_C_A_K,"{'max_leaf_nodes': 7, 'learning_rate': 0.05}",0.650079077097204,0.6500790770972041,0.0045591712931593335,"[0.647143846083118, 0.6502334930157215, 0.6482132437858037, 0.6383880438846224, 0.6664167587167547]"
hgb,H_D_B_C_A_K,"{'max_leaf_nodes': 3, 'learning_rate': 0.05}",0.6387290167310242,0.6387290167310242,0.0027266601724728907,"[0.6384641196697635, 0.6392948725463972, 0.6478451628670296, 0.6307910604681225, 0.6372498681038083]"
hgb,H_D_B_C_A_K,"{'max_leaf_nodes': 7, 'learning_rate': 0.05}",0.6322112035138269,0.632211203513827,0.004181750772105322,"[0.6235924776024254, 0.633939924393006, 0.6419461947364878, 0.6214706405844383, 0.6401067802527773]"
hgb,H_M_C_A_K,"{'max_leaf_nodes': 3, 'learning_rate': 0.05}",0.65093896029242,0.65093896029242,0.0030268679550042484,"[0.650816243867826, 0.64789051195977, 0.6529170102826405, 0.6423348097522045, 0.6607362255996589]"
hgb,H_M_C_A_K,"{'max_leaf_nodes': 7, 'learning_rate': 0.05}",0.6494036879595376,0.6494036879595375,0.0035432280775848112,"[0.6516846580868678, 0.642876272924381, 0.6548936400434398, 0.6394984381685402, 0.6580654305744593]"
hgb,H_D_M_C_A_K,"{'max_leaf_nodes': 3, 'learning_rate': 0.05}",0.6400242037843934,0.6400242037843934,0.0036118483717284306,"[0.6415152471295769, 0.6328232317082446, 0.6529085016397449, 0.6336901258208678, 0.6391839126235329]"
hgb,H_D_M_C_A_K,"{'max_leaf_nodes': 7, 'learning_rate': 0.05}",0.6281870225128504,0.6281870225128504,0.005519832133530984,"[0.6222900201509253, 0.6164354023936923, 0.6450687562025078, 0.6198753898017186, 0.6372655440154081]"
hgb,H_B_M_C_A_K,"{'max_leaf_nodes': 3, 'learning_rate': 0.05}",0.6462959181251217,0.6462959181251217,0.0034979215900235263,"[0.6433063179009462, 0.651430639196648, 0.6422742759426391, 0.637449707243039, 0.657018650342336]"
hgb,H_B_M_C_A_K,"{'max_leaf_nodes': 7, 'learning_rate': 0.05}",0.6490124540144121,0.6490124540144121,0.004590797196376233,"[0.64704597776479, 0.652623788021968, 0.6458442430862059, 0.6357491216354804, 0.663799139563616]"
hgb,H_D_B_M_C_A_K,"{'max_leaf_nodes': 3, 'learning_rate': 0.05}",0.638536826925534,0.638536826925534,0.002643275249010577,"[0.6386539919112105, 0.6388652962991471, 0.647333425726827, 0.6307910604681225, 0.6370403602223633]"
hgb,H_D_B_M_C_A_K,"{'max_leaf_nodes': 7, 'learning_rate': 0.05}",0.6287625157468868,0.6287625157468868,0.0030049360979111117,"[0.6250920249113272, 0.628199389435023, 0.6363969305182071, 0.6198949625591195, 0.6342292713107572]"
hgb,H_P_C_A_K,"{'max_leaf_nodes': 3, 'learning_rate': 0.05}",0.6447547528461542,0.6447547528461542,0.0026752123421798293,"[0.6431632956345318, 0.6481946596979836, 0.6482027874294711, 0.6349352412771564, 0.6492777801916283]"
hgb,H_P_C_A_K,"{'max_leaf_nodes': 7, 'learning_rate': 0.05}",0.6448300439005978,0.6448300439005978,0.003983631354461081,"[0.6405239593206677, 0.6453694425707378, 0.6523281935288758, 0.6321160656060814, 0.6538125584766264]"
hgb,H_D_P_C_A_K,"{'max_leaf_nodes': 3, 'learning_rate': 0.05}",0.6361008044610604,0.6361008044610603,0.0029558643773385245,"[0.6363565256075385, 0.634088288632217, 0.6472353323857074, 0.6302546957321837, 0.6325691799476553]"
hgb,H_D_P_C_A_K,"{'max_leaf_nodes': 7, 'learning_rate': 0.05}",0.6246830211495736,0.6246830211495735,0.004578386865536356,"[0.6145652416073131, 0.6224356225072144, 0.638720139185017, 0.6163179779706499, 0.6313761244776737]"
hgb,H_B_P_C_A_K,"{'max_leaf_nodes': 3, 'learning_rate': 0.05}",0.6419792899026956,0.6419792899026957,0.0033513678827727838,"[0.637060310536285, 0.6498673683472075, 0.6437490177326717, 0.6317404731251794, 0.6474792797721348]"
hgb,H_B_P_C_A_K,"{'max_leaf_nodes': 7, 'learning_rate': 0.05}",0.644605552419811,0.6446055524198109,0.006856211426569094,"[0.632398679341844, 0.6609707681358565, 0.6465770944671934, 0.6257189485719017, 0.6573622715822592]"
hgb,H_D_B_P_C_A_K,"{'max_leaf_nodes': 3, 'learning_rate': 0.05}",0.6346982344478012,0.6346982344478012,0.0028780471854409797,"[0.633547128444841, 0.6353958076265543, 0.6450630244906449, 0.6278313135788445, 0.6316538980981212]"
hgb,H_D_B_P_C_A_K,"{'max_leaf_nodes': 7, 'learning_rate': 0.05}",0.6247995961139475,0.6247995961139475,0.004641527070576423,"[0.6110691339392199, 0.6330453634714296, 0.6322387398171327, 0.6161703652075716, 0.6314743781343838]"
hgb,H_M_P_C_A_K,"{'max_leaf_nodes': 3, 'learning_rate': 0.05}",0.6438027655139039,0.6438027655139039,0.0026186301784068824,"[0.6419499926054388, 0.6473846413469617, 0.6477883613426763, 0.6342870374584326, 0.6476037948160099]"
hgb,H_M_P_C_A_K,"{'max_leaf_nodes': 7, 'learning_rate': 0.05}",0.6403301621005298,0.6403301621005297,0.004563390495117545,"[0.6365067376033366, 0.6394771539200297, 0.651793074570383, 0.6258302138239116, 0.6480436305849877]"
hgb,H_D_M_P_C_A_K,"{'max_leaf_nodes': 3, 'learning_rate': 0.05}",0.6361760798306961,0.6361760798306959,0.003076892571204533,"[0.6365377982881198, 0.6337191552275702, 0.647799569957951, 0.6302546957321837, 0.6325691799476553]"
hgb,H_D_M_P_C_A_K,"{'max_leaf_nodes': 7, 'learning_rate': 0.05}",0.620817620210149,0.620817620210149,0.004612385252909294,"[0.6132302318715495, 0.6158972482869527, 0.6346159407902108, 0.6114408737089828, 0.6289038063930488]"
hgb,H_B_M_P_C_A_K,"{'max_leaf_nodes': 3, 'learning_rate': 0.05}",0.6415090664579021,0.6415090664579021,0.0033704510026232467,"[0.6373033180440114, 0.6502705675642089, 0.6426445037034034, 0.631071945335668, 0.6462549976422184]"
hgb,H_B_M_P_C_A_K,"{'max_leaf_nodes': 7, 'learning_rate': 0.05}",0.640396046822754,0.6403960468227539,0.0057115825677007135,"[0.631773389945784, 0.6548288957806494, 0.6440432169146063, 0.6231821050546364, 0.648152626418093]"
hgb,H_D_B_M_P_C_A_K,"{'max_leaf_nodes': 3, 'learning_rate': 0.05}",0.6346089160943467,0.6346089160943468,0.002852572338174551,"[0.633547128444841, 0.6350721392829293, 0.6449401010669977, 0.6278313135788445, 0.6316538980981212]"
hgb,H_D_B_M_P_C_A_K,"{'max_leaf_nodes': 7, 'learning_rate': 0.05}",0.6241384882930145,0.6241384882930145,0.004619607554357122,"[0.6129748197067141, 0.6331695922841027, 0.6345461748944623, 0.6137531924595815, 0.6262486621202121]"
hgb,NONE,"{'max_leaf_nodes': 3, 'learning_rate': 0.05}",0.6853643289188563,0.6853643289188565,0.0,"[0.6853643289188565, 0.6853643289188565, 0.6853643289188565, 0.6853643289188565, 0.6853643289188565]"
hgb,NONE,"{'max_leaf_nodes': 7, 'learning_rate': 0.05}",0.6853643289188563,0.6853643289188565,0.0,"[0.6853643289188565, 0.6853643289188565, 0.6853643289188565, 0.6853643289188565, 0.6853643289188565]"
hgb,D,"{'max_leaf_nodes': 3, 'learning_rate': 0.05}",0.6671003685400937,0.6671003685400937,0.005347607484582922,"[0.6762071140204367, 0.6525494692698693, 0.6788124807544952, 0.6717271692319055, 0.6562056094237616]"
hgb,D,"{'max_leaf_nodes': 7, 'learning_rate': 0.05}",0.6641680792622449,0.6641680792622447,0.007159075795686468,"[0.6712165808840519, 0.6446857439532852, 0.6851511681972717, 0.6676060924591425, 0.6521808108174726]"
hgb,B,"{'max_leaf_nodes': 3, 'learning_rate': 0.05}",0.6760966845523163,0.6760966845523163,0.0035299959607843997,"[0.668999132588596, 0.6876871860617614, 0.6764933136965309, 0.6685337336241056, 0.678770056790588]"
hgb,B,"{'max_leaf_nodes': 7, 'learning_rate': 0.05}",0.6760966845523163,0.6760966845523163,0.0035299959607843997,"[0.668999132588596, 0.6876871860617614, 0.6764933136965309, 0.6685337336241056, 0.678770056790588]"
hgb,D_B,"{'max_leaf_nodes': 3, 'learning_rate': 0.05}",0.6626912577445089,0.6626912577445088,0.003903884766620243,"[0.6660318249618923, 0.6604789605301462, 0.6753993744628144, 0.6597438103997312, 0.6518023183679605]"
hgb,D_B,"{'max_leaf_nodes': 7, 'learning_rate': 0.05}",0.6596841683893251,0.6596841683893251,0.0048693282938120286,"[0.6644936623785958, 0.6595672800654725, 0.6748252598675374, 0.6533114588526675, 0.646223180782352]"
hgb,M,"{'max_leaf_nodes': 3, 'learning_rate': 0.05}",0.6852367026596052,0.6852367026596053,0.001036980921282341,"[0.6893028328981542, 0.6849537281770377, 0.6842555401659907, 0.6837865329290976, 0.683884879127746]"
hgb,M,"{'max_leaf_nodes': 7, 'learning_rate': 0.05}",0.685244187005854,0.6852441870058538,0.0010475775498166113,"[0.6893501588453059, 0.684960177691052, 0.6842712650136599, 0.683777150627124, 0.6838621828521277]"
hgb,D_M,"{'max_leaf_nodes': 3, 'learning_rate': 0.05}",0.6669675473032676,0.6669675473032676,0.005278159234409947,"[0.6761631880048149, 0.6524294693142219, 0.6785369690817405, 0.6712033608186867, 0.6565047492968737]"
hgb,D_M,"{'max_leaf_nodes': 7, 'learning_rate': 0.05}",0.662034606719102,0.662034606719102,0.006841789005207033,"[0.6702874582432969, 0.6429645947013737, 0.6811177041240261, 0.6651851523919491, 0.6506181241348639]"
hgb,B_M,"{'max_leaf_nodes': 3, 'learning_rate': 0.05}",0.6755678697099577,0.6755678697099577,0.004181910458950061,"[0.6701466648942149, 0.6906443717075866, 0.6761007733096223, 0.6659519652673881, 0.6749955733709768]"
hgb,B_M,"{'max_leaf_nodes': 7, 'learning_rate': 0.05}",0.6768070819473542,0.6768070819473543,0.005025228074870236,"[0.6716453783644646, 0.6954572648688987, 0.6767748990883395, 0.665604068123285, 0.6745537992917837]"
hgb,D_B_M,"{'max_leaf_nodes': 3, 'learning_rate': 0.05}",0.6628253908235917,0.6628253908235917,0.003986680787537025,"[0.6665142019172379, 0.66027072021387, 0.6757490544725231, 0.6597906591463674, 0.6518023183679605]"
hgb,D_B_M,"{'max_leaf_nodes': 7, 'learning_rate': 0.05}",0.6570188823277873,0.6570188823277874,0.004418601354271604,"[0.6619424287339737, 0.6557095037840242, 0.6709865246523496, 0.6509546895717246, 0.6455012648968648]"
hgb,P,"{'max_leaf_nodes': 3, 'learning_rate': 0.05}",0.6783897315032572,0.6783897315032571,0.0030597637897238476,"[0.6787554608706095, 0.6878900824505066, 0.6732777402317733, 0.6705620206548908, 0.6814633533085054]"
hgb,P,"{'max_leaf_nodes': 7, 'learning_rate': 0.05}",0.6802671850088607,0.6802671850088606,0.003990292845035905,"[0.6812904528531245, 0.6890756024413457, 0.6716742043118722, 0.6705591877908267, 0.6887364776471341]"
hgb,D_P,"{'max_leaf_nodes': 3, 'learning_rate': 0.05}",0.6605787391852076,0.6605787391852077,0.00341251383404626,"[0.6671817155759389, 0.6526226391687784, 0.6682948737286443, 0.6622047019998228, 0.6525897654528541]"
hgb,D_P,"{'max_leaf_nodes': 7, 'learning_rate': 0.05}",0.6465103724542357,0.6465103724542357,0.0065385599610198915,"[0.6494408967090753, 0.6272168266757706, 0.6638861076362299, 0.6552721729006753, 0.6367358583494274]"
hgb,B_P,"{'max_leaf_nodes': 3, 'learning_rate': 0.05}",0.6666607127561689,0.6666607127561688,0.0065845773327541145,"[0.661206832822096, 0.6901473577456293, 0.6620285557147043, 0.6506190799519762, 0.6693017375464382]"
hgb,B_P,"{'max_leaf_nodes': 7, 'learning_rate': 0.05}",0.6671929700005418,0.6671929700005419,0.008871353378128477,"[0.6646050613345384, 0.6984179774798247, 0.6552608436331818, 0.646382230288596, 0.6712987372665685]"
hgb,D_B_P,"{'max_leaf_nodes': 3, 'learning_rate': 0.05}",0.6549903774595977,0.6549903774595975,0.0031035117696508263,"[0.657893664265447, 0.656476153820924, 0.6642863329078862, 0.6491338817077955, 0.6471618545959351]"
hgb,D_B_P,"{'max_leaf_nodes': 7, 'learning_rate': 0.05}",0.646093388300232,0.6460933883002321,0.004047398084253791,"[0.6472666966289822, 0.6522565074576667, 0.6570641617246331, 0.636531582782776, 0.6373479929071023]"
hgb,M_P,"{'max_leaf_nodes': 3, 'learning_rate': 0.05}",0.671703667244006,0.671703667244006,0.0020020037306257925,"[0.6722686873115983, 0.6761884404769977, 0.6740569366181957, 0.6643423958277448, 0.6716618759854934]"
hgb,M_P,"{'max_leaf_nodes': 7, 'learning_rate': 0.05}",0.6759491757419288,0.6759491757419289,0.003256335003829337,"[0.6766916598210275, 0.679789487343838, 0.6742355306031925, 0.6647749268300291, 0.6842542741115573]"
hgb,D_M_P,"{'max_leaf_nodes': 3, 'learning_rate': 0.05}",0.660121706320546,0.660121706320546,0.0035059247091832105,"[0.6668851400285581, 0.651462520822509, 0.6682948737286443, 0.6613762315701647, 0.6525897654528541]"
hgb,D_M_P,"{'max_leaf_nodes': 7, 'learning_rate': 0.05}",0.6459162942811633,0.6459162942811633,0.007200152486794756,"[0.6548612854485936, 0.6259642931240674, 0.6655744397638107, 0.6498030630787954, 0.6333783899905493]"
hgb,B_M_P,"{'max_leaf_nodes': 3, 'learning_rate': 0.05}",0.6639745622439425,0.6639745622439426,0.006083179763371758,"[0.6591962739590371, 0.6864481854513494, 0.6610075625593931, 0.6497205207110663, 0.6635002685388665]"
hgb,B_M_P,"{'max_leaf_nodes': 7, 'learning_rate': 0.05}",0.6629283445293411,0.6629283445293411,0.009362843467565284,"[0.6601959244430976, 0.6943943705955705, 0.6608319082800784, 0.6355293585785103, 0.6636901607494484]"
hgb,D_B_M_P,"{'max_leaf_nodes': 3, 'learning_rate': 0.05}",0.6547105568403697,0.6547105568403697,0.0030625335174915866,"[0.6579433429149529, 0.6554806608719936, 0.6640090515062882, 0.6489578743126789, 0.6471618545959351]"
hgb,D_B_M_P,"{'max_leaf_nodes': 7, 'learning_rate': 0.05}",0.643490126055774,0.6434901260557742,0.0044678562288292265,"[0.6446627258618859, 0.6513499855224192, 0.6546992529617109, 0.6350392091565864, 0.6316994567762682]"
hgb,C,"{'max_leaf_nodes': 3, 'learning_rate': 0.05}",0.6852618881748,0.6852618881748002,0.0008803466958859497,"[0.6838469521318863, 0.685797616528054, 0.6836635241089581, 0.6845529563322018, 0.6884483917729002]"
hgb,C,"{'max_leaf_nodes': 7, 'learning_rate': 0.05}",0.6852618881748,0.6852618881748002,0.0008803466958859497,"[0.6838469521318863, 0.685797616528054, 0.6836635241089581, 0.6845529563322018, 0.6884483917729002]"
hgb,D_C,"{'max_leaf_nodes': 3, 'learning_rate': 0.05}",0.6650942335679617,0.6650942335679617,0.00542339447283751,"[0.6759504322746025, 0.6478922373400018, 0.6729942404196081, 0.6717629510870158, 0.6568713067185805]"
hgb,D_C,"{'max_leaf_nodes': 7, 'learning_rate': 0.05}",0.6579254494910797,0.6579254494910797,0.0060190702701201455,"[0.6647453729452102, 0.6371853945329743, 0.6713038634771318, 0.6640612128967786, 0.6523314036033036]"
hgb,B_C,"{'max_leaf_nodes': 3, 'learning_rate': 0.05}",0.6783158980594552,0.6783158980594551,0.004268123337944883,"[0.6681601474755879, 0.688841724160546, 0.6844998529680593, 0.668305150753449, 0.6817726149396338]"
hgb,B_C,"{'max_leaf_nodes': 7, 'learning_rate': 0.05}",0.6798460899555456,0.6798460899555455,0.004704567414704509,"[0.6688577373147001, 0.6896346368779409, 0.6886173293256637, 0.6682982341616254, 0.6838225120977977]"
hgb,D_B_C,"{'max_leaf_nodes': 3, 'learning_rate': 0.05}",0.6626625370860983,0.6626625370860981,0.003642979153009703,"[0.6656314594376941, 0.6605085905238441, 0.6744894764363806, 0.6603532158948996, 0.6523299431376728]"
hgb,D_B_C,"{'max_leaf_nodes': 7, 'learning_rate': 0.05}",0.6529262330125998,0.6529262330125998,0.003101999413243048,"[0.6569086563026922, 0.6536263325803529, 0.661428648684928, 0.6492394304732129, 0.6434280970218128]"
hgb,M_C,"{'max_leaf_nodes': 3, 'learning_rate': 0.05}",0.6836213261224969,0.6836213261224969,0.0014209495706661932,"[0.6877329586592481, 0.681937249429689, 0.6799232185080584, 0.6825020128258737, 0.6860111911896154]"
hgb,M_C,"{'max_leaf_nodes': 7, 'learning_rate': 0.05}",0.6846936702273768,0.6846936702273767,0.0021218451948226027,"[0.6911198819813823, 0.6822950784279946, 0.6783817518849437, 0.6853134317469275, 0.6863582070956359]"
hgb,D_M_C,"{'max_leaf_nodes': 3, 'learning_rate': 0.05}",0.6650128794809484,0.6650128794809483,0.005331696223997161,"[0.6749869305433008, 0.6480485416483529, 0.6731110582130988, 0.6720442821646702, 0.6568735848353194]"
hgb,D_M_C,"{'max_leaf_nodes': 7, 'learning_rate': 0.05}",0.6561856857413993,0.6561856857413992,0.006099941491539449,"[0.6646400019634158, 0.6348374068329853, 0.6683657365553466, 0.6623886991508133, 0.6506965842044357]"
hgb,B_M_C,"{'max_leaf_nodes': 3, 'learning_rate': 0.05}",0.6760827048950138,0.6760827048950138,0.003950204124566381,"[0.6703320802923589, 0.6881855408561681, 0.6788889662850113, 0.6650722938084719, 0.6779346432330584]"
hgb,B_M_C,"{'max_leaf_nodes': 7, 'learning_rate': 0.05}",0.6794646400898235,0.6794646400898235,0.005332458320538485,"[0.6753287483044949, 0.6949965262678083, 0.6862792215785234, 0.6633555643215362, 0.6773631399767551]"
hgb,D_B_M_C,"{'max_leaf_nodes': 3, 'learning_rate': 0.05}",0.6627618605789342,0.6627618605789342,0.0037969635681650753,"[0.6665142019172379, 0.6594290928598984, 0.6749861632959314, 0.6605499016839301, 0.6523299431376728]"
hgb,D_B_M_C,"{'max_leaf_nodes': 7, 'learning_rate': 0.05}",0.6533541346403067,0.6533541346403068,0.002939406719674911,"[0.6550034266461479, 0.6570525610347339, 0.6611785803127491, 0.6488209544644479, 0.6447151507434545]"
hgb,P_C,"{'max_leaf_nodes': 3, 'learning_rate': 0.05}",0.6781009480969228,0.6781009480969228,0.003157173692156472,"[0.6771978913587663, 0.6877738699244552, 0.6719026914739918, 0.671191576664895, 0.6824387110625062]"
hgb,P_C,"{'max_leaf_nodes': 7, 'learning_rate': 0.05}",0.6796790213648558,0.6796790213648557,0.003623980576359955,"[0.6768321630666801, 0.6899668088845591, 0.6724312294542019, 0.6726480316252307, 0.6865168737936068]"
hgb,D_P_C,"{'max_leaf_nodes': 3, 'learning_rate': 0.05}",0.6601181018730921,0.6601181018730921,0.002720566478725311,"[0.667563366396796, 0.6540714813618891, 0.6636184596587128, 0.661655043117879, 0.6536821588301831]"
hgb,D_P_C,"{'max_leaf_nodes': 7, 'learning_rate': 0.05}",0.6441902261965382,0.6441902261965383,0.004816525530562348,"[0.6492927970654736, 0.628859346580035, 0.6543860025130113, 0.6512404059944332, 0.6371725788297382]"
hgb,B_P_C,"{'max_leaf_nodes': 3, 'learning_rate': 0.05}",0.6674632106789147,0.6674632106789147,0.006664845965533483,"[0.6613002900292068, 0.6901250648844072, 0.6653246101892971, 0.6495783953197288, 0.6709876929719334]"
hgb,B_P_C,"{'max_leaf_nodes': 7, 'learning_rate': 0.05}",0.6693589150056345,0.6693589150056345,0.008827208307332354,"[0.6631707558187175, 0.6997756534477274, 0.6635165872952078, 0.6461700591266522, 0.6741615193398677]"
hgb,D_B_P_C,"{'max_leaf_nodes': 3, 'learning_rate': 0.05}",0.6552337346762233,0.6552337346762234,0.0030208294586958847,"[0.6583491858954765, 0.6593970684817282, 0.6622815445585802, 0.6493297113669178, 0.6468111630784142]"
hgb,D_B_P_C,"{'max_leaf_nodes': 7, 'learning_rate': 0.05}",0.6437370171830192,0.6437370171830192,0.004526061501805873,"[0.6456981291822589, 0.6531383181063328, 0.653475401281743, 0.6332768758535001, 0.6330963614912615]"
hgb,M_P_C,"{'max_leaf_nodes': 3, 'learning_rate': 0.05}",0.672607874389161,0.672607874389161,0.0021784397320437445,"[0.672437161586358, 0.6782243563055108, 0.6729761869867898, 0.6648893600532595, 0.6745123070138873]"
hgb,M_P_C,"{'max_leaf_nodes': 7, 'learning_rate': 0.05}",0.6750495504205398,0.6750495504205399,0.00303459592972447,"[0.6735301913888988, 0.6768148270095743, 0.6722411144072554, 0.6671771155151839, 0.685484503781787]"
hgb,D_M_P_C,"{'max_leaf_nodes': 3, 'learning_rate': 0.05}",0.6596467296184562,0.659646729618456,0.002934886116613464,"[0.6675466569185665, 0.6521619227749912, 0.6636184596587128, 0.6612244499098269, 0.6536821588301831]"
hgb,D_M_P_C,"{'max_leaf_nodes': 7, 'learning_rate': 0.05}",0.6420461508136724,0.6420461508136724,0.004765736717871039,"[0.6459000033115092, 0.6263661128743203, 0.6538277093392612, 0.6472992884587976, 0.6368376400844739]"
hgb,B_M_P_C,"{'max_leaf_nodes': 3, 'learning_rate': 0.05}",0.6647316092997652,0.6647316092997653,0.006046899840785768,"[0.6597491448663757, 0.6862351993041441, 0.6635059846332237, 0.6491594570088766, 0.6650082606862061]"
hgb,B_M_P_C,"{'max_leaf_nodes': 7, 'learning_rate': 0.05}",0.6638578452468938,0.6638578452468938,0.00924162539537792,"[0.6582228963576521, 0.6933757327075724, 0.6623985251834283, 0.6360394782324769, 0.6692525937533395]"
hgb,D_B_M_P_C,"{'max_leaf_nodes': 3, 'learning_rate': 0.05}",0.6546039360349588,0.6546039360349586,0.0029448650083184875,"[0.6578971944481213, 0.6577604569627593, 0.6620210349924044, 0.6485298306930939, 0.6468111630784142]"
hgb,D_B_M_P_C,"{'max_leaf_nodes': 7, 'learning_rate': 0.05}",0.6437922295598411,0.6437922295598411,0.004725079303521274,"[0.6437636185124967, 0.6548679035259781, 0.6534640585325725, 0.6362323907124954, 0.6306331765156626]"
hgb,A,"{'max_leaf_nodes': 3, 'learning_rate': 0.05}",0.6808852505971232,0.6808852505971232,0.002372350332719754,"[0.6782826532362977, 0.6798455658743273, 0.6749582312953475, 0.6822209056119601, 0.6891188969676834]"
hgb,A,"{'max_leaf_nodes': 7, 'learning_rate': 0.05}",0.6808852505971232,0.6808852505971232,0.002372350332719754,"[0.6782826532362977, 0.6798455658743273, 0.6749582312953475, 0.6822209056119601, 0.6891188969676834]"
hgb,D_A,"{'max_leaf_nodes': 3, 'learning_rate': 0.05}",0.6641936849700407,0.6641936849700407,0.0039737722115600095,"[0.6710281725485848, 0.6505247180882572, 0.6714414663023808, 0.6678374035601982, 0.6601366643507826]"
hgb,D_A,"{'max_leaf_nodes': 7, 'learning_rate': 0.05}",0.6623660749718976,0.6623660749718975,0.005653999597191115,"[0.6672826102333043, 0.6420202757830812, 0.6763355648022251, 0.6646799836373315, 0.6615119404035456]"
hgb,B_A,"{'max_leaf_nodes': 3, 'learning_rate': 0.05}",0.6710231754201527,0.6710231754201528,0.0047620451030873315,"[0.6629027756995254, 0.6810973035647001, 0.6643262796965578, 0.6626705972978006, 0.6841189208421795]"
hgb,B_A,"{'max_leaf_nodes': 7, 'learning_rate': 0.05}",0.6710019459030957,0.6710019459030956,0.004794102817375179,"[0.6628534489073243, 0.6810990378235015, 0.6640970428174279, 0.6627246598248822, 0.6842355401423423]"
hgb,D_B_A,"{'max_leaf_nodes': 3, 'learning_rate': 0.05}",0.6599069284755814,0.6599069284755814,0.002220401302915671,"[0.6622278899392635, 0.6577807937106324, 0.667529685026471, 0.6558704528685187, 0.6561258208330212]"
hgb,D_B_A,"{'max_leaf_nodes': 7, 'learning_rate': 0.05}",0.6562386633216322,0.6562386633216322,0.003001663868359667,"[0.6594779043813546, 0.6539469940542596, 0.6645946138561567, 0.6465195746712665, 0.6566542296451233]"
hgb,M_A,"{'max_leaf_nodes': 3, 'learning_rate': 0.05}",0.6775954832478664,0.6775954832478664,0.0013400911653515557,"[0.678211148632491, 0.6797730843930315, 0.6726077093309407, 0.6773679584630928, 0.6800175154197762]"
hgb,M_A,"{'max_leaf_nodes': 7, 'learning_rate': 0.05}",0.6772961869538674,0.6772961869538675,0.0013849532302688285,"[0.6772852927393059, 0.6819070334959204, 0.673235728555644, 0.6775107101766323, 0.6765421698018348]"
hgb,D_M_A,"{'max_leaf_nodes': 3, 'learning_rate': 0.05}",0.664034453469692,0.6640344534696923,0.004007921715263075,"[0.6709171944306529, 0.6502558995885122, 0.6717339026187201, 0.6671286063597933, 0.6601366643507826]"
hgb,D_M_A,"{'max_leaf_nodes': 7, 'learning_rate': 0.05}",0.6569000724797832,0.6569000724797833,0.005151856372409341,"[0.6624519334082096, 0.641907684629514, 0.6720471298809227, 0.6578888142318146, 0.6502048002484561]"
hgb,B_M_A,"{'max_leaf_nodes': 3, 'learning_rate': 0.05}",0.6681826337714976,0.6681826337714976,0.004509258178927193,"[0.6611798806957011, 0.6822482897062174, 0.6637845280704544, 0.6585769935888669, 0.6751234767962476]"
hgb,B_M_A,"{'max_leaf_nodes': 7, 'learning_rate': 0.05}",0.6685799801927416,0.6685799801927415,0.004842115938446656,"[0.6609293921018818, 0.6865495723647953, 0.6647368763964255, 0.6602554838142921, 0.6704285762863127]"
hgb,D_B_M_A,"{'max_leaf_nodes': 3, 'learning_rate': 0.05}",0.6594551957821619,0.659455195782162,0.002246842108365215,"[0.6621312772303678, 0.656564725447146, 0.6670617109323534, 0.6553924444679214, 0.6561258208330212]"
hgb,D_B_M_A,"{'max_leaf_nodes': 7, 'learning_rate': 0.05}",0.6525111170703061,0.6525111170703062,0.0036319068886076274,"[0.654112315832203, 0.6526813172490856, 0.6648139231809542, 0.6431479142388972, 0.6478001148503906]"
hgb,P_A,"{'max_leaf_nodes': 3, 'learning_rate': 0.05}",0.6742481395854778,0.6742481395854778,0.0029102856411150264,"[0.6722778349651921, 0.6819096621612841, 0.6662829460458346, 0.6708693532922505, 0.6799009014628279]"
hgb,P_A,"{'max_leaf_nodes': 7, 'learning_rate': 0.05}",0.6776808532114659,0.6776808532114661,0.0041579369591306144,"[0.6744498164634557, 0.680339149243294, 0.6667897298959197, 0.6749293896065063, 0.6918961808481547]"
hgb,D_P_A,"{'max_leaf_nodes': 3, 'learning_rate': 0.05}",0.6582355910427091,0.6582355910427091,0.002808812714634996,"[0.6629744980924414, 0.6491344875725215, 0.6644024657862254, 0.6598672681488612, 0.6547992356134963]"
hgb,D_P_A,"{'max_leaf_nodes': 7, 'learning_rate': 0.05}",0.6456049361312032,0.6456049361312031,0.005641686195888384,"[0.6446501215080688, 0.6260611105530778, 0.6574053485132972, 0.6561435717299102, 0.6437645283516616]"
hgb,B_P_A,"{'max_leaf_nodes': 3, 'learning_rate': 0.05}",0.6629140431174951,0.6629140431174952,0.005754434399510667,"[0.6570994381898223, 0.6817497049808492, 0.6558147366209471, 0.6498105646816362, 0.6700957711142211]"
hgb,B_P_A,"{'max_leaf_nodes': 7, 'learning_rate': 0.05}",0.663535691755545,0.663535691755545,0.00850234949555567,"[0.6597166605494219, 0.6882637911425001, 0.6485046968014815, 0.6436183107218658, 0.6775749995624561]"
hgb,D_B_P_A,"{'max_leaf_nodes': 3, 'learning_rate': 0.05}",0.6531865516587251,0.653186551658725,0.0022214427437410394,"[0.6549852216936332, 0.6545321131804079, 0.6596033088320113, 0.6465663042935248, 0.650245810294048]"
hgb,D_B_P_A,"{'max_leaf_nodes': 7, 'learning_rate': 0.05}",0.6414865441001536,0.6414865441001536,0.0019469730627005748,"[0.6427338293273617, 0.6460241969493993, 0.6448541660512161, 0.6364398848854138, 0.6373806432873772]"
hgb,M_P_A,"{'max_leaf_nodes': 3, 'learning_rate': 0.05}",0.6672475993585311,0.6672475993585312,0.001488843556506206,"[0.6663341537369765, 0.6719572193761113, 0.6654325339616475, 0.6634232011553249, 0.6690908885625956]"
hgb,M_P_A,"{'max_leaf_nodes': 7, 'learning_rate': 0.05}",0.6709876911076876,0.6709876911076876,0.00275318579711802,"[0.6682775939117546, 0.672993883280951, 0.668321829798414, 0.6646898827559019, 0.6806552657914166]"
hgb,D_M_P_A,"{'max_leaf_nodes': 3, 'learning_rate': 0.05}",0.658300073118704,0.6583000731187042,0.002722305446880154,"[0.6635404541445397, 0.6496022903707187, 0.6638578354487651, 0.6597005500160011, 0.6547992356134963]"
hgb,D_M_P_A,"{'max_leaf_nodes': 7, 'learning_rate': 0.05}",0.640925623536283,0.6409256235362831,0.0056564001155253426,"[0.6441513828699978, 0.6240165406858054, 0.6542900514219945, 0.650165706221982, 0.6320044364816361]"
hgb,B_M_P_A,"{'max_leaf_nodes': 3, 'learning_rate': 0.05}",0.6602748947349568,0.6602748947349568,0.0054915262863577344,"[0.6543259206940613, 0.6800099405611378, 0.6539740728135754, 0.6490972158850111, 0.6639673237209986]"
hgb,B_M_P_A,"{'max_leaf_nodes': 7, 'learning_rate': 0.05}",0.6585996226358602,0.6585996226358602,0.008528619198852574,"[0.6549317429625794, 0.684844436443224, 0.6539292248080373, 0.6327589526904764, 0.6665337562749843]"
hgb,D_B_M_P_A,"{'max_leaf_nodes': 3, 'learning_rate': 0.05}",0.6532089422198919,0.6532089422198919,0.002307999085400708,"[0.6545693022680911, 0.655478916539825, 0.6596033088320113, 0.6461473731654838, 0.650245810294048]"
hgb,D_B_M_P_A,"{'max_leaf_nodes': 7, 'learning_rate': 0.05}",0.6388773002068678,0.6388773002068678,0.00332766971546377,"[0.6387426015964668, 0.6470285811379565, 0.6454178436357227, 0.6333696871877379, 0.6298277874764555]"
hgb,C_A,"{'max_leaf_nodes': 3, 'learning_rate': 0.05}",0.6806040664278005,0.6806040664278005,0.0032970142404910273,"[0.678169789722151, 0.6808432462487211, 0.6722944622428293, 0.6792534156003591, 0.6924594183249417]"
hgb,C_A,"{'max_leaf_nodes': 7, 'learning_rate': 0.05}",0.6806569500812341,0.6806569500812341,0.003542843460616669,"[0.6784163396578787, 0.6807819658032573, 0.6720782738938658, 0.6784139132060479, 0.6935942578451206]"
hgb,D_C_A,"{'max_leaf_nodes': 3, 'learning_rate': 0.05}",0.6618852877741439,0.6618852877741438,0.003911929096598508,"[0.6692135663126677, 0.6473214450314795, 0.6640255805693148, 0.6678013693183625, 0.6610644776388948]"
hgb,D_C_A,"{'max_leaf_nodes': 7, 'learning_rate': 0.05}",0.6558876258753392,0.6558876258753393,0.005443710565453157,"[0.6608689510600341, 0.6342237064645317, 0.6596145718950095, 0.6629680081569975, 0.6617628918001237]"
hgb,B_C_A,"{'max_leaf_nodes': 3, 'learning_rate': 0.05}",0.6720362640243076,0.6720362640243075,0.005292732099317989,"[0.6619631664949294, 0.6829122748437508, 0.6678004973851795, 0.6611695393399232, 0.6863358420577549]"
hgb,B_C_A,"{'max_leaf_nodes': 7, 'learning_rate': 0.05}",0.6739455225044646,0.6739455225044645,0.006123977910713626,"[0.6634619836844671, 0.6844296289949897, 0.674006246501028, 0.6576324403024709, 0.6901973130393669]"
hgb,D_B_C_A,"{'max_leaf_nodes': 3, 'learning_rate': 0.05}",0.65979293387789,0.6597929338778898,0.0017913402678846376,"[0.6619342245527127, 0.6580847704488463, 0.6657589519057936, 0.6560423849138018, 0.6571443375682947]"
hgb,D_B_C_A,"{'max_leaf_nodes': 7, 'learning_rate': 0.05}",0.6510721146678344,0.6510721146678344,0.002097117796950441,"[0.6529769949228675, 0.6510225301287136, 0.6533209569604032, 0.6430682489760375, 0.6549718423511505]"
hgb,M_C_A,"{'max_leaf_nodes': 3, 'learning_rate': 0.05}",0.6767846011196252,0.6767846011196254,0.0024456600102920026,"[0.6788418414352927, 0.6777665914954881, 0.668240253369242, 0.6759129714979746, 0.683161347800129]"
hgb,M_C_A,"{'max_leaf_nodes': 7, 'learning_rate': 0.05}",0.6773417056629722,0.6773417056629724,0.002090664968400859,"[0.6801391960239532, 0.6796284070378735, 0.6699087597250633, 0.6756563942986485, 0.6813757712293231]"
hgb,D_M_C_A,"{'max_leaf_nodes': 3, 'learning_rate': 0.05}",0.662542252756987,0.6625422527569871,0.0037496208042651353,"[0.6705686019008075, 0.6489734847795237, 0.6643444273617893, 0.6677602721039202, 0.6610644776388948]"
hgb,D_M_C_A,"{'max_leaf_nodes': 7, 'learning_rate': 0.05}",0.650369538146649,0.650369538146649,0.005212258809438941,"[0.6568367926270836, 0.630271888447932, 0.6592699637321225, 0.6546329502118884, 0.6508360957142184]"
hgb,B_M_C_A,"{'max_leaf_nodes': 3, 'learning_rate': 0.05}",0.6688763161043015,0.6688763161043016,0.004666044119997584,"[0.6615437206651262, 0.6814466172803425, 0.6647162398029856, 0.6581942018831273, 0.6784808008899267]"
hgb,B_M_C_A,"{'max_leaf_nodes': 7, 'learning_rate': 0.05}",0.6706107166233735,0.6706107166233736,0.004925177480826467,"[0.6650688105277455, 0.6855297689003261, 0.6716334334040552, 0.6560104634481448, 0.6748111068365961]"
hgb,D_B_M_C_A,"{'max_leaf_nodes': 3, 'learning_rate': 0.05}",0.6595863415720067,0.6595863415720067,0.002010244601708745,"[0.661525626927187, 0.6573325613895193, 0.6665421705663902, 0.6553870114086423, 0.6571443375682947]"
hgb,D_B_M_C_A,"{'max_leaf_nodes': 7, 'learning_rate': 0.05}",0.6485929332417237,0.6485929332417237,0.0016904435722521279,"[0.6507614414687982, 0.6483715951071625, 0.6523028732047771, 0.6424001941153206, 0.64912856231256]"
hgb,P_C_A,"{'max_leaf_nodes': 3, 'learning_rate': 0.05}",0.6744181263671215,0.6744181263671215,0.003090495961583647,"[0.6717045956362486, 0.6817845455092275, 0.6661563781759839, 0.6709963000378738, 0.6814488124762734]"
hgb,P_C_A,"{'max_leaf_nodes': 7, 'learning_rate': 0.05}",0.6772208420755802,0.6772208420755803,0.004025998909591166,"[0.6705511888809869, 0.6809354793507199, 0.6665266564227025, 0.6786429165073778, 0.6894479692161145]"
hgb,D_P_C_A,"{'max_leaf_nodes': 3, 'learning_rate': 0.05}",0.6580743173501666,0.6580743173501667,0.0021473162910410743,"[0.6644237972760773, 0.65146721461912, 0.6587792828692423, 0.6598067402026254, 0.6558945517837683]"
hgb,D_P_C_A,"{'max_leaf_nodes': 7, 'learning_rate': 0.05}",0.6433859098903928,0.6433859098903927,0.00412608758548713,"[0.6432904871032721, 0.6290857479541535, 0.6502178362784446, 0.6526772107420131, 0.64165826737408]"
hgb,B_P_C_A,"{'max_leaf_nodes': 3, 'learning_rate': 0.05}",0.66398572162648,0.6639857216264801,0.006141193834213988,"[0.6567511516146138, 0.6838802811415577, 0.6582737950434526, 0.6493450246351993, 0.6716783556975771]"
hgb,B_P_C_A,"{'max_leaf_nodes': 7, 'learning_rate': 0.05}",0.6650488738936267,0.6650488738936265,0.008352454538936792,"[0.6568567655288402, 0.6899980707005525, 0.6535273877983155, 0.6457091340180539, 0.6791530114223706]"
hgb,D_B_P_C_A,"{'max_leaf_nodes': 3, 'learning_rate': 0.05}",0.652782348940653,0.6527823489406531,0.001977112144173396,"[0.6557689459715849, 0.6564767248624568, 0.6554503736471584, 0.646560103541788, 0.6496555966802775]"
hgb,D_B_P_C_A,"{'max_leaf_nodes': 7, 'learning_rate': 0.05}",0.6411137925061332,0.6411137925061332,0.002458550926212,"[0.639729980327729, 0.6480670784332719, 0.6455770628673925, 0.6356629251692807, 0.636531915732992]"
hgb,M_P_C_A,"{'max_leaf_nodes': 3, 'learning_rate': 0.05}",0.6688804972166953,0.6688804972166953,0.002092928695416758,"[0.6667495361176058, 0.6757495829820835, 0.665760440971794, 0.6645474133224382, 0.671595512689555]"
hgb,M_P_C_A,"{'max_leaf_nodes': 7, 'learning_rate': 0.05}",0.6701207360129359,0.6701207360129359,0.003128894138873608,"[0.6646043525713262, 0.6727226156368359, 0.6663241129615183, 0.6656767690683002, 0.6812758298266988]"
hgb,D_M_P_C_A,"{'max_leaf_nodes': 3, 'learning_rate': 0.05}",0.6577919455952268,0.6577919455952268,0.001979522288570133,"[0.6634214545725294, 0.6515289556316729, 0.65848686204214, 0.6596279039460233, 0.6558945517837683]"
hgb,D_M_P_C_A,"{'max_leaf_nodes': 7, 'learning_rate': 0.05}",0.6379512231708448,0.6379512231708448,0.003915096035708597,"[0.6402692771824682, 0.6248105130469273, 0.6443113801906015, 0.6464314468738604, 0.6339334985603666]"
hgb,B_M_P_C_A,"{'max_leaf_nodes': 3, 'learning_rate': 0.05}",0.6607254978708135,0.6607254978708136,0.00551487495195977,"[0.6543259206940613, 0.6798088575486122, 0.6551923469543065, 0.6485779541012944, 0.6657224100557932]"
hgb,B_M_P_C_A,"{'max_leaf_nodes': 7, 'learning_rate': 0.05}",0.6603418018426453,0.6603418018426452,0.009170707095732627,"[0.6536127157234249, 0.6892093197472782, 0.654718771753002, 0.6342596028424298, 0.6699085991470912]"
hgb,D_B_M_P_C_A,"{'max_leaf_nodes': 3, 'learning_rate': 0.05}",0.6527537544627183,0.6527537544627183,0.0020762846711219717,"[0.6554997303846258, 0.6570156984360462, 0.6554503736471584, 0.6461473731654838, 0.6496555966802775]"
hgb,D_B_M_P_C_A,"{'max_leaf_nodes': 7, 'learning_rate': 0.05}",0.6383627512480679,0.6383627512480679,0.0033605176356750386,"[0.6370591469250041, 0.6482385448909664, 0.643623338870317, 0.6327278170659789, 0.6301649084880732]"
hgb,K,"{'max_leaf_nodes': 3, 'learning_rate': 0.05}",0.6727218216307507,0.6727218216307507,0.0031148023298992423,"[0.6837737236709925, 0.6656215665558312, 0.6739385741545362, 0.6683148428393497, 0.671960400933044]"
hgb,K,"{'max_leaf_nodes': 7, 'learning_rate': 0.05}",0.6778948863093187,0.6778948863093187,0.004882877297756643,"[0.6956202563583698, 0.667421949550101, 0.6800841193104356, 0.6718299188601816, 0.6745181874675054]"
hgb,D_K,"{'max_leaf_nodes': 3, 'learning_rate': 0.05}",0.6591940631999831,0.6591940631999831,0.0044669884847928065,"[0.6694296885929314, 0.6475814665530311, 0.6695205546753948, 0.6572467437025684, 0.6521918624759894]"
hgb,D_K,"{'max_leaf_nodes': 7, 'learning_rate': 0.05}",0.6540098819509813,0.6540098819509813,0.007009767389238162,"[0.6638658222266002, 0.6319080091039992, 0.6725154824990113, 0.6550666612557231, 0.6466934346695729]"
hgb,B_K,"{'max_leaf_nodes': 3, 'learning_rate': 0.05}",0.6651121317352485,0.6651121317352485,0.001835738069656301,"[0.6692609848860126, 0.6682250533749441, 0.6614726843712294, 0.6600846645150049, 0.6665172715290517]"
hgb,B_K,"{'max_leaf_nodes': 7, 'learning_rate': 0.05}",0.6718260194569544,0.6718260194569545,0.0025050600986343988,"[0.6795065088767493, 0.6717845938500596, 0.6680054586728218, 0.6651930130404135, 0.6746405228447281]"
hgb,D_B_K,"{'max_leaf_nodes': 3, 'learning_rate': 0.05}",0.6568275407159284,0.6568275407159285,0.0032373383886374605,"[0.6618721794463754, 0.6539694982902435, 0.6666547061104752, 0.6527248651660655, 0.6489164545664825]"
hgb,D_B_K,"{'max_leaf_nodes': 7, 'learning_rate': 0.05}",0.6524765366393972,0.6524765366393972,0.0036209260552402,"[0.6546586735493053, 0.6473634468951853, 0.6653252363528154, 0.6504371465291052, 0.6445981798705748]"
hgb,M_K,"{'max_leaf_nodes': 3, 'learning_rate': 0.05}",0.6737182905304431,0.6737182905304431,0.0033815261262411904,"[0.6855765011244521, 0.6663982670810009, 0.6745465202927179, 0.6679198535694607, 0.6741503105845834]"
hgb,M_K,"{'max_leaf_nodes': 7, 'learning_rate': 0.05}",0.6801471554121881,0.6801471554121882,0.004981613441417822,"[0.6971900058717809, 0.6687068455110652, 0.682405390497835, 0.671801199415653, 0.6806323357646062]"
hgb,D_M_K,"{'max_leaf_nodes': 3, 'learning_rate': 0.05}",0.659155352966919,0.659155352966919,0.0044449266454190525,"[0.6692361374276107, 0.6475814665530311, 0.6695205546753948, 0.6572467437025684, 0.6521918624759894]"
hgb,D_M_K,"{'max_leaf_nodes': 7, 'learning_rate': 0.05}",0.6527632824703552,0.6527632824703551,0.0069781054489285515,"[0.6623734536138502, 0.6304486970407956, 0.6710953664103597, 0.6539295460326616, 0.6459693492541089]"
hgb,B_M_K,"{'max_leaf_nodes': 3, 'learning_rate': 0.05}",0.6655336458357443,0.6655336458357445,0.0020240527600383132,"[0.6699809297831085, 0.6687741315125993, 0.6619890256253286, 0.6595563360117775, 0.6673678062459077]"
hgb,B_M_K,"{'max_leaf_nodes': 7, 'learning_rate': 0.05}",0.6728272886407451,0.6728272886407451,0.002937680444779735,"[0.6803774478769887, 0.6741027279315212, 0.6689118528932917, 0.6637926103148882, 0.6769518041870355]"
hgb,D_B_M_K,"{'max_leaf_nodes': 3, 'learning_rate': 0.05}",0.6567950934435192,0.6567950934435193,0.00321278388811778,"[0.6618721794463754, 0.6539694982902435, 0.6664924697484294, 0.6527248651660655, 0.6489164545664825]"
hgb,D_B_M_K,"{'max_leaf_nodes': 7, 'learning_rate': 0.05}",0.6521749448220446,0.6521749448220445,0.003225837856737235,"[0.6535402572286826, 0.649440044019724, 0.6639195372685516, 0.6488610797586755, 0.6451138058345893]"
hgb,P_K,"{'max_leaf_nodes': 3, 'learning_rate': 0.05}",0.6636280943279107,0.6636280943279107,0.0028399206611696153,"[0.6708864959776915, 0.6658532811960006, 0.6668908538894898, 0.6548272834239308, 0.6596825571524408]"
hgb,P_K,"{'max_leaf_nodes': 7, 'learning_rate': 0.05}",0.6684789863394991,0.6684789863394991,0.0028777941722239082,"[0.6763306319371942, 0.6696763270854094, 0.6718818368875693, 0.6596599510760895, 0.664846184711233]"
hgb,D_P_K,"{'max_leaf_nodes': 3, 'learning_rate': 0.05}",0.6546349633506201,0.65463496335062,0.003810758769151875,"[0.6613661698523574, 0.6490150085403178, 0.6657251534235651, 0.6513727903785109, 0.6456956945583485]"
hgb,D_P_K,"{'max_leaf_nodes': 7, 'learning_rate': 0.05}",0.6396158791923879,0.639615879192388,0.005578612753274611,"[0.6409481215537347, 0.6290060635423655, 0.6597530300461704, 0.6388554206738482, 0.6295167601458213]"
hgb,B_P_K,"{'max_leaf_nodes': 3, 'learning_rate': 0.05}",0.6571878700671222,0.6571878700671222,0.003078784459064632,"[0.6601189173017193, 0.6661595818905247, 0.6585451927189061, 0.6482406740903379, 0.652874984334123]"
hgb,B_P_K,"{'max_leaf_nodes': 7, 'learning_rate': 0.05}",0.6607819193468913,0.6607819193468912,0.0059770440927284715,"[0.6650088939941113, 0.6809197724321513, 0.6537128378098016, 0.6453680523025928, 0.6589000401957993]"
hgb,D_B_P_K,"{'max_leaf_nodes': 3, 'learning_rate': 0.05}",0.6504970944173661,0.6504970944173663,0.0034762736364433154,"[0.6534903568455279, 0.6496708544436243, 0.6621510711625205, 0.6441874658672465, 0.6429857237679121]"
hgb,D_B_P_K,"{'max_leaf_nodes': 7, 'learning_rate': 0.05}",0.6381764214529781,0.6381764214529781,0.00529367422647338,"[0.6320077915513904, 0.6454506534433193, 0.654865858872376, 0.6333177290958198, 0.6252400743019854]"
hgb,M_P_K,"{'max_leaf_nodes': 3, 'learning_rate': 0.05}",0.6635609346628022,0.6635609346628021,0.002989316040677152,"[0.6708909315392467, 0.6658532811960006, 0.6676449739138807, 0.6545717820080461, 0.6588437046568365]"
hgb,M_P_K,"{'max_leaf_nodes': 7, 'learning_rate': 0.05}",0.6637599774667524,0.6637599774667524,0.003639819011020011,"[0.6653519317175258, 0.661790926041564, 0.6759288648317762, 0.6533391962316784, 0.6623889685112181]"
hgb,D_M_P_K,"{'max_leaf_nodes': 3, 'learning_rate': 0.05}",0.6547142121998399,0.6547142121998399,0.0038464116994067674,"[0.6617624140984577, 0.6490150085403178, 0.6657251534235651, 0.6513727903785109, 0.6456956945583485]"
hgb,D_M_P_K,"{'max_leaf_nodes': 7, 'learning_rate': 0.05}",0.6384235896513966,0.6384235896513966,0.005809713992536029,"[0.6389488972040576, 0.6254631561321652, 0.6592636909607023, 0.6385324312780508, 0.6299097726820072]"
hgb,B_M_P_K,"{'max_leaf_nodes': 3, 'learning_rate': 0.05}",0.6569770422723052,0.6569770422723054,0.003023132503265316,"[0.6593804139636947, 0.6661595818905247, 0.6575364354810139, 0.6478528132374811, 0.6539559667888118]"
hgb,B_M_P_K,"{'max_leaf_nodes': 7, 'learning_rate': 0.05}",0.6572333943486328,0.6572333943486329,0.004886255855109823,"[0.6586554663185687, 0.6728637948422778, 0.6566242343170052, 0.6420974095484427, 0.6559260667168704]"
hgb,D_B_M_P_K,"{'max_leaf_nodes': 3, 'learning_rate': 0.05}",0.6505430926192725,0.6505430926192726,0.0034864647674648836,"[0.6537203478550593, 0.6496708544436243, 0.6621510711625205, 0.6441874658672465, 0.6429857237679121]"
hgb,D_B_M_P_K,"{'max_leaf_nodes': 7, 'learning_rate': 0.05}",0.6371890870204687,0.6371890870204687,0.0051227676290163835,"[0.6314974310315427, 0.6442347846002887, 0.6534308125255627, 0.6318710744545986, 0.6249113324903508]"
hgb,C_K,"{'max_leaf_nodes': 3, 'learning_rate': 0.05}",0.6733090557258896,0.6733090557258896,0.003058752163981528,"[0.6831659982298023, 0.665781962459385, 0.6756605368456143, 0.6680687390999587, 0.6738680419946877]"
hgb,C_K,"{'max_leaf_nodes': 7, 'learning_rate': 0.05}",0.680599212574262,0.6805992125742623,0.004036883468439048,"[0.6942526631860141, 0.6714752518652792, 0.6828567750808553, 0.6734549156851999, 0.6809564570539623]"
hgb,D_C_K,"{'max_leaf_nodes': 3, 'learning_rate': 0.05}",0.6587692004883696,0.6587692004883695,0.004095017920292845,"[0.6692397251928096, 0.6473676516588661, 0.666181115197033, 0.6586766736378372, 0.6523808367553016]"
hgb,D_C_K,"{'max_leaf_nodes': 7, 'learning_rate': 0.05}",0.65202255362238,0.65202255362238,0.0058842508085355395,"[0.6602258577623895, 0.6302328729624621, 0.6640272870365825, 0.654400723227385, 0.6512260271230809]"
hgb,B_C_K,"{'max_leaf_nodes': 3, 'learning_rate': 0.05}",0.6657371974381698,0.66573719743817,0.0016854232871974138,"[0.6684304217159488, 0.6687598986000177, 0.6626318313423402, 0.6607324552929233, 0.6681313802396195]"
hgb,B_C_K,"{'max_leaf_nodes': 7, 'learning_rate': 0.05}",0.6745926710935617,0.6745926710935615,0.0020969985042887163,"[0.6755400603381677, 0.6728644628697816, 0.678460626955748, 0.6673773518255822, 0.6787208534785283]"
hgb,D_B_C_K,"{'max_leaf_nodes': 3, 'learning_rate': 0.05}",0.6568127379857643,0.6568127379857642,0.002849116805734235,"[0.6619391975319969, 0.6542600534162333, 0.6649574711381726, 0.653152404031577, 0.6497545638108414]"
hgb,D_B_C_K,"{'max_leaf_nodes': 7, 'learning_rate': 0.05}",0.6506168103339054,0.6506168103339054,0.0017563969840394887,"[0.6527924106610449, 0.6461741932692902, 0.6561905750487363, 0.6495526646352118, 0.6483742080552439]"
hgb,M_C_K,"{'max_leaf_nodes': 3, 'learning_rate': 0.05}",0.6743142673240284,0.6743142673240283,0.0032833341027827334,"[0.6850152487791633, 0.6664765916233251, 0.6760867081484042, 0.6684062079342944, 0.6755865801349547]"
hgb,M_C_K,"{'max_leaf_nodes': 7, 'learning_rate': 0.05}",0.6808872703124068,0.6808872703124068,0.005360068194773213,"[0.6983057580072783, 0.6703526989557818, 0.685378008298537, 0.6690612296999682, 0.681338656600469]"
hgb,D_M_C_K,"{'max_leaf_nodes': 3, 'learning_rate': 0.05}",0.6587692004883696,0.6587692004883695,0.004095017920292845,"[0.6692397251928096, 0.6473676516588661, 0.666181115197033, 0.6586766736378372, 0.6523808367553016]"
hgb,D_M_C_K,"{'max_leaf_nodes': 7, 'learning_rate': 0.05}",0.6505974612285366,0.6505974612285366,0.006066088822774497,"[0.6579071527594512, 0.6280929862406658, 0.6637498413031719, 0.6523239571644074, 0.6509133686749867]"
hgb,B_M_C_K,"{'max_leaf_nodes': 3, 'learning_rate': 0.05}",0.666096352632087,0.6660963526320869,0.0019513465036676266,"[0.6697396000494701, 0.6693511227475125, 0.6629126531205976, 0.6600407259522786, 0.6684376612905761]"
hgb,B_M_C_K,"{'max_leaf_nodes': 7, 'learning_rate': 0.05}",0.675322266706301,0.6753222667063008,0.0029355915810186655,"[0.6772681043517405, 0.6749802750095392, 0.6803821700987023, 0.6642236257792332, 0.6797571582922896]"
hgb,D_B_M_C_K,"{'max_leaf_nodes': 3, 'learning_rate': 0.05}",0.6568127379857643,0.6568127379857642,0.002849116805734235,"[0.6619391975319969, 0.6542600534162333, 0.6649574711381726, 0.653152404031577, 0.6497545638108414]"
hgb,D_B_M_C_K,"{'max_leaf_nodes': 7, 'learning_rate': 0.05}",0.6507182642106256,0.6507182642106256,0.0023361901664479003,"[0.6529889511169176, 0.6473875964355479, 0.6587456396602839, 0.6457862449965052, 0.6486828888438736]"
hgb,P_C_K,"{'max_leaf_nodes': 3, 'learning_rate': 0.05}",0.6641574645590496,0.6641574645590496,0.0027491633670543194,"[0.6708864959776915, 0.6656937530522078, 0.6675795085990008, 0.6548852030867881, 0.6617423620795596]"
hgb,P_C_K,"{'max_leaf_nodes': 7, 'learning_rate': 0.05}",0.6685428965480564,0.6685428965480564,0.003016290125260535,"[0.6757696672030408, 0.669195865228816, 0.6738462162174129, 0.6592787448952833, 0.6646239891957291]"
hgb,D_P_C_K,"{'max_leaf_nodes': 3, 'learning_rate': 0.05}",0.6539043217095118,0.6539043217095118,0.0033718205052403823,"[0.6614452912913354, 0.6491087750299878, 0.6621832663625622, 0.6514096464766223, 0.6453746293870513]"
hgb,D_P_C_K,"{'max_leaf_nodes': 7, 'learning_rate': 0.05}",0.6370776595795395,0.6370776595795397,0.004561522725910191,"[0.6334549521488396, 0.6243843233951221, 0.6520810117170208, 0.6405573760115028, 0.6349106346252131]"
hgb,B_P_C_K,"{'max_leaf_nodes': 3, 'learning_rate': 0.05}",0.6578219010742697,0.6578219010742699,0.002966938995893042,"[0.6601189173017193, 0.6665953362434649, 0.6588660980369034, 0.6486555262229206, 0.6548736275663403]"
hgb,B_P_C_K,"{'max_leaf_nodes': 7, 'learning_rate': 0.05}",0.6634055578111305,0.6634055578111304,0.004756912393868072,"[0.6639515568645923, 0.6791348200328042, 0.662242755183116, 0.6491668442069312, 0.6625318127682083]"
hgb,D_B_P_C_K,"{'max_leaf_nodes': 3, 'learning_rate': 0.05}",0.6500245513547209,0.6500245513547209,0.0032180478002855747,"[0.6540417641033165, 0.6494817066009593, 0.6599757781228872, 0.6441874658672465, 0.6424360420791954]"
hgb,D_B_P_C_K,"{'max_leaf_nodes': 7, 'learning_rate': 0.05}",0.6359320996280466,0.6359320996280466,0.0040467862077567356,"[0.6314037590200315, 0.6426758646289669, 0.6481549720040867, 0.6307022377062206, 0.6267236647809274]"
hgb,M_P_C_K,"{'max_leaf_nodes': 3, 'learning_rate': 0.05}",0.6640515266159325,0.6640515266159325,0.002807492287221124,"[0.6708909315392467, 0.6656937530522078, 0.6670873194806738, 0.6542539828172611, 0.6623316461902728]"
hgb,M_P_C_K,"{'max_leaf_nodes': 7, 'learning_rate': 0.05}",0.6651304114926204,0.6651304114926203,0.0034862697668673137,"[0.6649951252551345, 0.6630177361529633, 0.676114362688249, 0.6544460135488588, 0.6670788198178965]"
hgb,D_M_P_C_K,"{'max_leaf_nodes': 3, 'learning_rate': 0.05}",0.6539043217095118,0.6539043217095118,0.0033718205052403823,"[0.6614452912913354, 0.6491087750299878, 0.6621832663625622, 0.6514096464766223, 0.6453746293870513]"
hgb,D_M_P_C_K,"{'max_leaf_nodes': 7, 'learning_rate': 0.05}",0.6355806648810444,0.6355806648810445,0.005268819387614979,"[0.6321567569693324, 0.6233725038119198, 0.6547167763579596, 0.6371540679175506, 0.6305032193484597]"
hgb,B_M_P_C_K,"{'max_leaf_nodes': 3, 'learning_rate': 0.05}",0.6574421722928857,0.6574421722928859,0.002980927254153866,"[0.6593804139636947, 0.6665953362434649, 0.6578894650140116, 0.6482515291915222, 0.6550941170517361]"
hgb,B_M_P_C_K,"{'max_leaf_nodes': 7, 'learning_rate': 0.05}",0.6599083066682806,0.6599083066682807,0.005160945291446789,"[0.6608748897297808, 0.6749044529252941, 0.6628886094883154, 0.6427365632501072, 0.6581370179479057]"
hgb,D_B_M_P_C_K,"{'max_leaf_nodes': 3, 'learning_rate': 0.05}",0.6499682819296076,0.6499682819296075,0.003200933421232712,"[0.6537604169777494, 0.6494817066009593, 0.6599757781228872, 0.6441874658672465, 0.6424360420791954]"
hgb,D_B_M_P_C_K,"{'max_leaf_nodes': 7, 'learning_rate': 0.05}",0.6349730664853964,0.6349730664853963,0.0047501275016136124,"[0.6290274306883464, 0.6406060967534735, 0.6509639802285229, 0.6288040342347087, 0.6254637905219306]"
hgb,A_K,"{'max_leaf_nodes': 3, 'learning_rate': 0.05}",0.6676616362156436,0.6676616362156437,0.0024878661894016945,"[0.6756939313024479, 0.6621439694068195, 0.6643605327838397, 0.6650866591185972, 0.6710230884665139]"
hgb,A_K,"{'max_leaf_nodes': 7, 'learning_rate': 0.05}",0.6721989255467,0.6721989255466999,0.003414356701926184,"[0.6846074408261956, 0.6642777214902751, 0.6682272389501819, 0.6724571945332452, 0.6714250319336023]"
hgb,D_A_K,"{'max_leaf_nodes': 3, 'learning_rate': 0.05}",0.6573602919651582,0.6573602919651582,0.0037922927548082485,"[0.665105454880077, 0.6452721820627648, 0.6658842855750164, 0.6550241116957176, 0.6555154256122153]"
hgb,D_A_K,"{'max_leaf_nodes': 7, 'learning_rate': 0.05}",0.6520577069665916,0.6520577069665917,0.0054711806845596945,"[0.6568068285668077, 0.6323265825719343, 0.6656597321806752, 0.6521005184915677, 0.6533948730219734]"
hgb,B_A_K,"{'max_leaf_nodes': 3, 'learning_rate': 0.05}",0.6600298718797587,0.6600298718797587,0.002467048622563907,"[0.6619594437384343, 0.6635058614654525, 0.6517313191751104, 0.6574223478530395, 0.6655303871667569]"
hgb,B_A_K,"{'max_leaf_nodes': 7, 'learning_rate': 0.05}",0.6658519254238628,0.6658519254238628,0.0034501071586952228,"[0.6673260403193302, 0.6665857946923158, 0.6529974679981223, 0.6685826307498627, 0.6737676933596832]"
hgb,D_B_A_K,"{'max_leaf_nodes': 3, 'learning_rate': 0.05}",0.6542190283995388,0.6542190283995388,0.001975384156432332,"[0.6585281978116011, 0.6499897366889731, 0.6594089240073348, 0.650964976932714, 0.6522033065570714]"
hgb,D_B_A_K,"{'max_leaf_nodes': 7, 'learning_rate': 0.05}",0.6496914925417515,0.6496914925417515,0.0021150447793747136,"[0.6504707704121729, 0.64479603813178, 0.6571725568895896, 0.646730772114689, 0.6492873251605263]"
hgb,M_A_K,"{'max_leaf_nodes': 3, 'learning_rate': 0.05}",0.6677709315413494,0.6677709315413495,0.0026376626834062698,"[0.6753746343907436, 0.6625097827505886, 0.6630386521674226, 0.665197542389861, 0.6727340460081311]"
hgb,M_A_K,"{'max_leaf_nodes': 7, 'learning_rate': 0.05}",0.6730545275160292,0.6730545275160293,0.0031920769164225744,"[0.6857211565006154, 0.6685777888612271, 0.6695453489322982, 0.6705846408874574, 0.6708437023985482]"
hgb,D_M_A_K,"{'max_leaf_nodes': 3, 'learning_rate': 0.05}",0.6569475278655645,0.6569475278655645,0.003844650649694918,"[0.665105454880077, 0.6442236975510583, 0.6648014348196899, 0.6550916264647823, 0.6555154256122153]"
hgb,D_M_A_K,"{'max_leaf_nodes': 7, 'learning_rate': 0.05}",0.6479361571413184,0.6479361571413184,0.005760418705646166,"[0.6549645908206653, 0.6280691691846753, 0.6626387149616557, 0.6479124289431739, 0.6460958817964216]"
hgb,B_M_A_K,"{'max_leaf_nodes': 3, 'learning_rate': 0.05}",0.6604966110434094,0.6604966110434093,0.002589570565553793,"[0.6632697656740995, 0.6646701974770022, 0.6520176769559575, 0.6570234757280122, 0.6655019393819753]"
hgb,B_M_A_K,"{'max_leaf_nodes': 7, 'learning_rate': 0.05}",0.6656636710590614,0.6656636710590615,0.0035064941626792834,"[0.6676225645740755, 0.6698085296878407, 0.6535398927647504, 0.6632062097701247, 0.6741411584985165]"
hgb,D_B_M_A_K,"{'max_leaf_nodes': 3, 'learning_rate': 0.05}",0.6541706551984906,0.6541706551984906,0.0019728139885700764,"[0.6585281978116011, 0.6498681753811582, 0.6592886193099086, 0.650964976932714, 0.6522033065570714]"
hgb,D_B_M_A_K,"{'max_leaf_nodes': 7, 'learning_rate': 0.05}",0.6469673531200899,0.6469673531200899,0.0027098975433773034,"[0.6464113319583383, 0.6450105240355285, 0.6573780932826883, 0.6417612862475082, 0.6442755300763862]"
hgb,P_A_K,"{'max_leaf_nodes': 3, 'learning_rate': 0.05}",0.6601888050012099,0.6601888050012098,0.002045023394652368,"[0.6667974431779294, 0.6596940387594084, 0.6613012217987125, 0.6540880487324747, 0.659063272537524]"
hgb,P_A_K,"{'max_leaf_nodes': 7, 'learning_rate': 0.05}",0.6642723375796227,0.6642723375796227,0.002002131075103421,"[0.6691865502735521, 0.6684147239007512, 0.6638842841244359, 0.6591833133646504, 0.6606928162347234]"
hgb,D_P_A_K,"{'max_leaf_nodes': 3, 'learning_rate': 0.05}",0.6527054654046301,0.6527054654046301,0.003014149517779484,"[0.6589573101795084, 0.6464690195709015, 0.6608904167593275, 0.6498516500399036, 0.6473589304735097]"
hgb,D_P_A_K,"{'max_leaf_nodes': 7, 'learning_rate': 0.05}",0.6381238607240276,0.6381238607240277,0.004405500354168014,"[0.6339168828673346, 0.6275869387306725, 0.6531499090966397, 0.6420828685375503, 0.6338827043879417]"
hgb,B_P_A_K,"{'max_leaf_nodes': 3, 'learning_rate': 0.05}",0.6547088081253956,0.6547088081253956,0.002289879386620057,"[0.6556339773303906, 0.6624812948608634, 0.6525941772260287, 0.6484623259934937, 0.6543722652162013]"
hgb,B_P_A_K,"{'max_leaf_nodes': 7, 'learning_rate': 0.05}",0.6564276287013148,0.6564276287013149,0.005388013823045383,"[0.6581764690690155, 0.6760302917004329, 0.6452737494524878, 0.6484231128777782, 0.6542345204068598]"
hgb,D_B_P_A_K,"{'max_leaf_nodes': 3, 'learning_rate': 0.05}",0.6491899613507398,0.6491899613507398,0.0026606189387584234,"[0.6521682591686766, 0.6470980156243162, 0.6580831864497713, 0.6434570089943815, 0.6451433365165534]"
hgb,D_B_P_A_K,"{'max_leaf_nodes': 7, 'learning_rate': 0.05}",0.6377652927085573,0.6377652927085572,0.0037558481374631394,"[0.6336695115466864, 0.6451568943021025, 0.6484021210230619, 0.6313065311668581, 0.6302914055040774]"
hgb,M_P_A_K,"{'max_leaf_nodes': 3, 'learning_rate': 0.05}",0.6588393761698403,0.6588393761698403,0.0019256609174021627,"[0.6650186770799653, 0.6597003701136716, 0.6591719730083734, 0.6531594481371407, 0.6571464125100509]"
hgb,M_P_A_K,"{'max_leaf_nodes': 7, 'learning_rate': 0.05}",0.6601423958320397,0.6601423958320398,0.0025932463132295213,"[0.658768802333486, 0.666240186784634, 0.6652244716486602, 0.6519590364233718, 0.658519481970047]"
hgb,D_M_P_A_K,"{'max_leaf_nodes': 3, 'learning_rate': 0.05}",0.6530597779792937,0.6530597779792936,0.0029020964802982763,"[0.6589573101795084, 0.6479952541269788, 0.661135745076568, 0.6498516500399036, 0.6473589304735097]"
hgb,D_M_P_A_K,"{'max_leaf_nodes': 7, 'learning_rate': 0.05}",0.6344975802563864,0.6344975802563866,0.0047978769200457275,"[0.6344378042367259, 0.6212216548246168, 0.650921813289455, 0.6351457725798522, 0.6307608563512825]"
hgb,B_M_P_A_K,"{'max_leaf_nodes': 3, 'learning_rate': 0.05}",0.6540462484201798,0.6540462484201799,0.0024042108424169265,"[0.6549872330426894, 0.6623827355592162, 0.6522320632075098, 0.6476612549449959, 0.6529679553464879]"
hgb,B_M_P_A_K,"{'max_leaf_nodes': 7, 'learning_rate': 0.05}",0.6527486511061158,0.6527486511061158,0.005260139624135732,"[0.6530717747897281, 0.6721396241851331, 0.6479471926772576, 0.6406544586463844, 0.6499302052320755]"
hgb,D_B_M_P_A_K,"{'max_leaf_nodes': 3, 'learning_rate': 0.05}",0.649278236013215,0.6492782360132148,0.002644683847240906,"[0.6521682591686766, 0.6475393889366917, 0.6580831864497713, 0.6434570089943815, 0.6451433365165534]"
hgb,D_B_M_P_A_K,"{'max_leaf_nodes': 7, 'learning_rate': 0.05}",0.6354339109371958,0.6354339109371958,0.003510736568332441,"[0.6298188908222118, 0.6412889320934252, 0.6463135373865789, 0.6303772730903895, 0.6293709212933738]"
hgb,C_A_K,"{'max_leaf_nodes': 3, 'learning_rate': 0.05}",0.6681951216630972,0.6681951216630972,0.0024214927119988482,"[0.6749292494093188, 0.6629695949349671, 0.6652431855013684, 0.6647417205094286, 0.6730918579604034]"
hgb,C_A_K,"{'max_leaf_nodes': 7, 'learning_rate': 0.05}",0.674084136848156,0.6740841368481559,0.003161670546221192,"[0.6856129700974765, 0.6664781495765753, 0.6729108765782917, 0.6712948610591059, 0.6741238269293308]"
hgb,D_C_A_K,"{'max_leaf_nodes': 3, 'learning_rate': 0.05}",0.6562823753967995,0.6562823753967993,0.0034239015399810144,"[0.6651454983439511, 0.6445706198488708, 0.660501635441641, 0.6556112672672412, 0.655582856082293]"
hgb,D_C_A_K,"{'max_leaf_nodes': 7, 'learning_rate': 0.05}",0.6476239436495127,0.6476239436495127,0.005069180697806916,"[0.6510705624635036, 0.6274269026547912, 0.6537499158663721, 0.6532235782953527, 0.6526487589675439]"
hgb,B_C_A_K,"{'max_leaf_nodes': 3, 'learning_rate': 0.05}",0.6607331593915815,0.6607331593915816,0.002564174025360337,"[0.6615842177660877, 0.6640697301509806, 0.6528180310596359, 0.6575945904176553, 0.6675992275635485]"
hgb,B_C_A_K,"{'max_leaf_nodes': 7, 'learning_rate': 0.05}",0.668945517872269,0.6689455178722689,0.0019576951675810933,"[0.6649271092222507, 0.6671420257760615, 0.6677938733607645, 0.6684567550810866, 0.6764078259211812]"
hgb,D_B_C_A_K,"{'max_leaf_nodes': 3, 'learning_rate': 0.05}",0.6536557502605187,0.6536557502605186,0.001452840250423833,"[0.6579033415133011, 0.6504638199984187, 0.6561869306948032, 0.6511057399891016, 0.6526189191069689]"
hgb,D_B_C_A_K,"{'max_leaf_nodes': 7, 'learning_rate': 0.05}",0.6461760924564014,0.6461760924564015,0.0013068354314070957,"[0.6466270586555763, 0.6412501289415724, 0.6489481935851501, 0.6475535716581055, 0.6465015094416029]"
hgb,M_C_A_K,"{'max_leaf_nodes': 3, 'learning_rate': 0.05}",0.6682244627606048,0.6682244627606048,0.002531777777400434,"[0.6749712473382388, 0.6636597283770044, 0.6646080019856946, 0.664056255235363, 0.673827080866723]"
hgb,M_C_A_K,"{'max_leaf_nodes': 7, 'learning_rate': 0.05}",0.6736180141024175,0.6736180141024176,0.003647757198349232,"[0.6877136561159801, 0.6684783059640285, 0.6725020776031222, 0.6675718881437709, 0.6718241426851864]"
hgb,D_M_C_A_K,"{'max_leaf_nodes': 3, 'learning_rate': 0.05}",0.6563349765716525,0.6563349765716524,0.003381458543017057,"[0.6651535787217799, 0.6448255453453073, 0.660501635441641, 0.6556112672672412, 0.655582856082293]"
hgb,D_M_C_A_K,"{'max_leaf_nodes': 7, 'learning_rate': 0.05}",0.6453412278359647,0.6453412278359647,0.004449727930685916,"[0.6500520133922896, 0.6276161100763233, 0.6507678540444722, 0.6482998084667109, 0.6499703532000273]"
hgb,B_M_C_A_K,"{'max_leaf_nodes': 3, 'learning_rate': 0.05}",0.6610694927540269,0.6610694927540269,0.002621720499365241,"[0.6630940893885112, 0.6644226948562891, 0.6532508078011322, 0.6569040926360062, 0.667675779088196]"
hgb,B_M_C_A_K,"{'max_leaf_nodes': 7, 'learning_rate': 0.05}",0.6668990696255161,0.6668990696255163,0.001754135809835405,"[0.6653081194294448, 0.6703762210185658, 0.6639745346992715, 0.6630693187254131, 0.671767154254886]"
hgb,D_B_M_C_A_K,"{'max_leaf_nodes': 3, 'learning_rate': 0.05}",0.6536348886259452,0.6536348886259452,0.0014895855673022677,"[0.6579033415133011, 0.6502345357107113, 0.6563119068096435, 0.6511057399891016, 0.6526189191069689]"
hgb,D_B_M_C_A_K,"{'max_leaf_nodes': 7, 'learning_rate': 0.05}",0.6448913231466763,0.6448913231466763,0.0009971724803676135,"[0.6442099916500122, 0.6436482550003507, 0.6487315907614755, 0.6431288092420201, 0.644737969079523]"
hgb,P_C_A_K,"{'max_leaf_nodes': 3, 'learning_rate': 0.05}",0.6606831093358085,0.6606831093358086,0.0019715596860818037,"[0.6667974431779294, 0.659452580215921, 0.6617320738548208, 0.6545432038257963, 0.6608902456045755]"
hgb,P_C_A_K,"{'max_leaf_nodes': 7, 'learning_rate': 0.05}",0.6638613106735937,0.6638613106735936,0.0014859809449464403,"[0.6663598413759588, 0.667194128382504, 0.6641801390983539, 0.6588115743500368, 0.6627608701611144]"
hgb,D_P_C_A_K,"{'max_leaf_nodes': 3, 'learning_rate': 0.05}",0.652059442455016,0.652059442455016,0.0025053263958946356,"[0.6588266706318437, 0.6467663899223245, 0.6572521176308688, 0.6498516500399036, 0.6476003840501395]"
hgb,D_P_C_A_K,"{'max_leaf_nodes': 7, 'learning_rate': 0.05}",0.6351283038573683,0.6351283038573683,0.004104371945197738,"[0.6322236400166577, 0.622616901138265, 0.6469940119982165, 0.6404282212931635, 0.6333787448405386]"
hgb,B_P_C_A_K,"{'max_leaf_nodes': 3, 'learning_rate': 0.05}",0.655070932781892,0.655070932781892,0.0021594446288818146,"[0.6556339773303906, 0.6624581018354293, 0.6528324756059517, 0.6492949548230345, 0.6551351543146542]"
hgb,B_P_C_A_K,"{'max_leaf_nodes': 7, 'learning_rate': 0.05}",0.6572615048367968,0.6572615048367968,0.004670457995219383,"[0.6534275243351815, 0.675088413076442, 0.6528404991453881, 0.6480932295462346, 0.656857858080738]"
hgb,D_B_P_C_A_K,"{'max_leaf_nodes': 3, 'learning_rate': 0.05}",0.6484347835549594,0.6484347835549594,0.0021479591652885013,"[0.6520085637647678, 0.6468928224839404, 0.6548071212410373, 0.6434570089943815, 0.6450084012906702]"
hgb,D_B_P_C_A_K,"{'max_leaf_nodes': 7, 'learning_rate': 0.05}",0.635951011491861,0.635951011491861,0.0027921737521010796,"[0.6309940516631257, 0.6413499046077967, 0.6432113644111054, 0.6352486663102646, 0.6289510704670124]"
hgb,M_P_C_A_K,"{'max_leaf_nodes': 3, 'learning_rate': 0.05}",0.6592907747915923,0.6592907747915924,0.0018174686576661935,"[0.6650186770799653, 0.6595200733491567, 0.6593871757919911, 0.6535372484359256, 0.658990699300923]"
hgb,M_P_C_A_K,"{'max_leaf_nodes': 7, 'learning_rate': 0.05}",0.6596759551054004,0.6596759551054004,0.0028171928475655126,"[0.6584966998005461, 0.6612860143069249, 0.6686522400142167, 0.6511040630942042, 0.6588407583111107]"
hgb,D_M_P_C_A_K,"{'max_leaf_nodes': 3, 'learning_rate': 0.05}",0.6523007655188949,0.6523007655188947,0.0023940971824283914,"[0.658859254833333, 0.6479404210402291, 0.6572521176308688, 0.6498516500399036, 0.6476003840501395]"
hgb,D_M_P_C_A_K,"{'max_leaf_nodes': 7, 'learning_rate': 0.05}",0.6317969039258379,0.631796903925838,0.0043833481682089654,"[0.6281304793233332, 0.6195692485604927, 0.6458871939293203, 0.635950990221221, 0.6294466075948223]"
hgb,B_M_P_C_A_K,"{'max_leaf_nodes': 3, 'learning_rate': 0.05}",0.6545432248636271,0.654543224863627,0.002209586438324523,"[0.6549872330426894, 0.6622568430174621, 0.6526306526933718, 0.6487013124447064, 0.6541400831199056]"
hgb,B_M_P_C_A_K,"{'max_leaf_nodes': 7, 'learning_rate': 0.05}",0.6539114224181793,0.6539114224181795,0.004738838874423887,"[0.651413938892923, 0.6698058238319724, 0.6536905757569078, 0.6401327937291277, 0.6545139798799663]"
hgb,D_B_M_P_C_A_K,"{'max_leaf_nodes': 3, 'learning_rate': 0.05}",0.6486056909544574,0.6486056909544574,0.0021239518913013433,"[0.6520085637647678, 0.6477473594814303, 0.6548071212410373, 0.6434570089943815, 0.6450084012906702]"
hgb,D_B_M_P_C_A_K,"{'max_leaf_nodes': 7, 'learning_rate': 0.05}",0.6343421651540304,0.6343421651540304,0.0021625330667367666,"[0.6303246526472984, 0.6369479214824312, 0.6409969983320416, 0.6342275051584668, 0.6292137481499142]"
