algorithm,has_history,domain,model,subset,collection_items,log_loss,full_model,benchmark,delta_loss_vs_full,upper95_vs_full_joint,delta_loss_vs_benchmark,upper95_vs_benchmark_joint,joint_family_contrasts,simultaneous_noninferior_full_margin_01,simultaneous_superior_benchmark,exploratory_dual_criterion_pass,status,evaluation_subgroup,evaluation_n,model_variants_passing_same_subset,learner_families_passing_same_subset
hgb,False,extended_K,hgb::NONE,NONE,0,0.6919851207085788,hgb::D_B_M_P_C_A_K,prevalence,-0.06360040353177743,-0.030351977032194638,0.0,0.03324842649958279,255,True,False,False,post-evaluation hypothesis-generating; independent future validation required,disjoint,879,0,0
hgb,False,extended_K,hgb::M,M,1,0.6837557611809335,hgb::D_B_M_P_C_A_K,prevalence,-0.07182976305942267,-0.03858133655983988,-0.008229359527645235,0.025019066971937554,255,True,False,False,post-evaluation hypothesis-generating; independent future validation required,disjoint,879,0,0
hgb,False,extended_K,hgb::B,B,1,0.6890689608595347,hgb::D_B_M_P_C_A_K,prevalence,-0.06651656338082129,-0.0332681368812385,-0.0029161598490439937,0.030332266650538797,255,True,False,False,post-evaluation hypothesis-generating; independent future validation required,disjoint,879,0,0
hgb,False,extended_K,hgb::C,C,1,0.690411656150741,hgb::D_B_M_P_C_A_K,prevalence,-0.06517386808961488,-0.03192544159003209,-0.001573464557837633,0.031674961941745156,255,True,False,False,post-evaluation hypothesis-generating; independent future validation required,disjoint,879,0,0
hgb,False,extended_K,hgb::A,A,1,0.709693044904907,hgb::D_B_M_P_C_A_K,prevalence,-0.04589247933544898,-0.012644052835866192,0.017707924196328183,0.05095635069591097,255,True,False,False,post-evaluation hypothesis-generating; independent future validation required,disjoint,879,0,0
hgb,False,extended_K,hgb::M_C,M_C,2,0.6829427038768414,hgb::D_B_M_P_C_A_K,prevalence,-0.07264282036351467,-0.039394393863931884,-0.009042416831737341,0.024206009667845446,255,True,False,False,post-evaluation hypothesis-generating; independent future validation required,disjoint,879,0,0
hgb,False,extended_K,hgb::B_M,B_M,2,0.6848387348081888,hgb::D_B_M_P_C_A_K,prevalence,-0.07074678943216714,-0.03749836293258435,-0.007146385900389773,0.026102040599193015,255,True,False,False,post-evaluation hypothesis-generating; independent future validation required,disjoint,879,0,0
hgb,False,extended_K,hgb::B_C,B_C,2,0.6877498159559098,hgb::D_B_M_P_C_A_K,prevalence,-0.06783570828444623,-0.034587281784863436,-0.004235304752668846,0.029013121746913943,255,True,False,False,post-evaluation hypothesis-generating; independent future validation required,disjoint,879,0,0
hgb,False,extended_K,hgb::B_A,B_A,2,0.7026867220270306,hgb::D_B_M_P_C_A_K,prevalence,-0.052898802213325394,-0.019650375713742604,0.01070160131845198,0.04395002781803477,255,True,False,False,post-evaluation hypothesis-generating; independent future validation required,disjoint,879,0,0
hgb,False,extended_K,hgb::C_A,C_A,2,0.7030033455974942,hgb::D_B_M_P_C_A_K,prevalence,-0.0525821786428618,-0.01933375214327901,0.01101822488891553,0.04426665138849832,255,True,False,False,post-evaluation hypothesis-generating; independent future validation required,disjoint,879,0,0
hgb,False,extended_K,hgb::M_A,M_A,2,0.7425837882737707,hgb::D_B_M_P_C_A_K,prevalence,-0.013001735966585187,0.020246690532997602,0.050598667565192254,0.08384709406477504,255,False,False,False,post-evaluation hypothesis-generating; independent future validation required,disjoint,879,0,0
hgb,False,extended_K,hgb::B_M_C,B_M_C,3,0.682531775630935,hgb::D_B_M_P_C_A_K,prevalence,-0.07305374860942108,-0.039805322109838295,-0.00945334507764368,0.02379508142193911,255,True,False,False,post-evaluation hypothesis-generating; independent future validation required,disjoint,879,0,0
hgb,False,extended_K,hgb::B_C_A,B_C_A,3,0.6970807397223029,hgb::D_B_M_P_C_A_K,prevalence,-0.058504784518053125,-0.025256358018470336,0.005095619013724249,0.038344045513307036,255,True,False,False,post-evaluation hypothesis-generating; independent future validation required,disjoint,879,0,0
hgb,False,extended_K,hgb::M_C_A,M_C_A,3,0.7165610527664816,hgb::D_B_M_P_C_A_K,prevalence,-0.039024471473874396,-0.005776044974291607,0.02457593205790297,0.05782435855748576,255,True,False,False,post-evaluation hypothesis-generating; independent future validation required,disjoint,879,0,0
hgb,False,extended_K,hgb::B_M_A,B_M_A,3,0.720224264640833,hgb::D_B_M_P_C_A_K,prevalence,-0.035361259599522896,-0.0021128330999401063,0.0282391439322544,0.06148757043183719,255,True,False,False,post-evaluation hypothesis-generating; independent future validation required,disjoint,879,0,0
hgb,False,extended_K,hgb::B_M_C_A,B_M_C_A,4,0.7045196490420552,hgb::D_B_M_P_C_A_K,prevalence,-0.05106587519830072,-0.01781744869871793,0.012534528333476623,0.045782954833059414,255,True,False,False,post-evaluation hypothesis-generating; independent future validation required,disjoint,879,0,0
hgb,False,extended_K,hgb::D,D,4,0.7434261099690316,hgb::D_B_M_P_C_A_K,prevalence,-0.01215941427132432,0.021089012228258472,0.05144098926045295,0.08468941576003575,255,False,False,False,post-evaluation hypothesis-generating; independent future validation required,disjoint,879,0,0
hgb,False,extended_K,hgb::D_C,D_C,5,0.7342188554734144,hgb::D_B_M_P_C_A_K,prevalence,-0.02136666876694164,0.011881757732641149,0.042233734764835704,0.07548216126441849,255,False,False,False,post-evaluation hypothesis-generating; independent future validation required,disjoint,879,0,0
hgb,False,extended_K,hgb::D_M,D_M,5,0.7349738008864034,hgb::D_B_M_P_C_A_K,prevalence,-0.02061172335395257,0.012636703145630219,0.04298868017782493,0.07623710667740771,255,False,False,False,post-evaluation hypothesis-generating; independent future validation required,disjoint,879,0,0
hgb,False,extended_K,hgb::D_B,D_B,5,0.7386318319827264,hgb::D_B_M_P_C_A_K,prevalence,-0.016953692257629667,0.016294734241953122,0.046646711274147656,0.07989513777373045,255,False,False,False,post-evaluation hypothesis-generating; independent future validation required,disjoint,879,0,0
hgb,False,extended_K,hgb::D_A,D_A,5,0.7684961935201677,hgb::D_B_M_P_C_A_K,prevalence,0.01291066927981178,0.04615909577939457,0.07651107281158925,0.10975949931117204,255,False,False,False,post-evaluation hypothesis-generating; independent future validation required,disjoint,879,0,0
hgb,False,extended_K,hgb::D_M_C,D_M_C,6,0.7311113060854748,hgb::D_B_M_P_C_A_K,prevalence,-0.024474218154881256,0.008774208344701533,0.03912618537689611,0.0723746118764789,255,True,False,False,post-evaluation hypothesis-generating; independent future validation required,disjoint,879,0,0
hgb,False,extended_K,hgb::D_B_C,D_B_C,6,0.7352957965100098,hgb::D_B_M_P_C_A_K,prevalence,-0.02028972773034646,0.012958698769236329,0.043310675801431,0.07655910230101379,255,False,False,False,post-evaluation hypothesis-generating; independent future validation required,disjoint,879,0,0
hgb,False,extended_K,hgb::D_B_M,D_B_M,6,0.7353722260643416,hgb::D_B_M_P_C_A_K,prevalence,-0.020213298176014395,0.013035128323568394,0.04338710535576299,0.07663553185534577,255,False,False,False,post-evaluation hypothesis-generating; independent future validation required,disjoint,879,0,0
hgb,False,extended_K,hgb::D_B_A,D_B_A,6,0.755047211925204,hgb::D_B_M_P_C_A_K,prevalence,-0.0005383123151519467,0.032710114184430844,0.06306209121662543,0.09631051771620822,255,False,False,False,post-evaluation hypothesis-generating; independent future validation required,disjoint,879,0,0
hgb,False,extended_K,hgb::D_C_A,D_C_A,6,0.756127085255407,hgb::D_B_M_P_C_A_K,prevalence,0.0005415610150508771,0.03378998751463367,0.06414196454682825,0.09739039104641103,255,False,False,False,post-evaluation hypothesis-generating; independent future validation required,disjoint,879,0,0
hgb,False,extended_K,hgb::D_M_A,D_M_A,6,0.7874102248785989,hgb::D_B_M_P_C_A_K,prevalence,0.031824700638242956,0.06507312713782575,0.0954251041700205,0.1286735306696033,255,False,False,False,post-evaluation hypothesis-generating; independent future validation required,disjoint,879,0,0
hgb,False,extended_K,hgb::D_B_M_C,D_B_M_C,7,0.7325187247860235,hgb::D_B_M_P_C_A_K,prevalence,-0.023066799454332376,0.010181627045250413,0.040533604077445,0.07378203057702779,255,False,False,False,post-evaluation hypothesis-generating; independent future validation required,disjoint,879,0,0
hgb,False,extended_K,hgb::D_B_C_A,D_B_C_A,7,0.749186946190591,hgb::D_B_M_P_C_A_K,prevalence,-0.006398578049765074,0.026849848449817713,0.05720182548201232,0.0904502519815951,255,False,False,False,post-evaluation hypothesis-generating; independent future validation required,disjoint,879,0,0
hgb,False,extended_K,hgb::D_B_M_A,D_B_M_A,7,0.7751560120199568,hgb::D_B_M_P_C_A_K,prevalence,0.019570487779600645,0.052818914279183435,0.08317089131137802,0.1164193178109608,255,False,False,False,post-evaluation hypothesis-generating; independent future validation required,disjoint,879,0,0
hgb,False,extended_K,hgb::D_M_C_A,D_M_C_A,7,0.7811318259609172,hgb::D_B_M_P_C_A_K,prevalence,0.025546301720561267,0.05879472822014406,0.08914670525233863,0.12239513175192142,255,False,False,False,post-evaluation hypothesis-generating; independent future validation required,disjoint,879,0,0
hgb,False,extended_K,hgb::D_B_M_C_A,D_B_M_C_A,8,0.7740791399480531,hgb::D_B_M_P_C_A_K,prevalence,0.01849361570769699,0.05174204220727978,0.08209401923947433,0.11534244573905712,255,False,False,False,post-evaluation hypothesis-generating; independent future validation required,disjoint,879,0,0
hgb,False,extended_K,hgb::K,K,11,0.6771221338460267,hgb::D_B_M_P_C_A_K,prevalence,-0.07846339039432931,-0.045214963894746524,-0.014862986862551815,0.018385439637030973,255,True,False,False,post-evaluation hypothesis-generating; independent future validation required,disjoint,879,0,0
hgb,False,extended_K,hgb::P,P,11,0.7102269756639851,hgb::D_B_M_P_C_A_K,prevalence,-0.04535854857637094,-0.012110122076788153,0.01824185495540644,0.051490281454989226,255,True,False,False,post-evaluation hypothesis-generating; independent future validation required,disjoint,879,0,0
hgb,False,extended_K,hgb::M_K,M_K,12,0.6746191961192738,hgb::D_B_M_P_C_A_K,prevalence,-0.08096632812108225,-0.047717901621499456,-0.01736592458930491,0.01588250191027788,255,True,False,False,post-evaluation hypothesis-generating; independent future validation required,disjoint,879,0,0
hgb,False,extended_K,hgb::C_K,C_K,12,0.6754030314789233,hgb::D_B_M_P_C_A_K,prevalence,-0.08018249276143281,-0.046934066261850024,-0.01658208922965538,0.01666633726992741,255,True,False,False,post-evaluation hypothesis-generating; independent future validation required,disjoint,879,0,0
hgb,False,extended_K,hgb::B_K,B_K,12,0.6767149643072754,hgb::D_B_M_P_C_A_K,prevalence,-0.07887055993308058,-0.04562213343349779,-0.015270156401303095,0.017978270098279694,255,True,False,False,post-evaluation hypothesis-generating; independent future validation required,disjoint,879,0,0
hgb,False,extended_K,hgb::A_K,A_K,12,0.6913631292807734,hgb::D_B_M_P_C_A_K,prevalence,-0.0642223949595828,-0.030973968460000015,-0.0006219914278054118,0.03262643507177738,255,True,False,False,post-evaluation hypothesis-generating; independent future validation required,disjoint,879,0,0
hgb,False,extended_K,hgb::M_P,M_P,12,0.6959283941547691,hgb::D_B_M_P_C_A_K,prevalence,-0.05965713008558683,-0.026408703586004043,0.003943273446190491,0.03719169994577328,255,True,False,False,post-evaluation hypothesis-generating; independent future validation required,disjoint,879,0,0
hgb,False,extended_K,hgb::P_C,P_C,12,0.7079925180288837,hgb::D_B_M_P_C_A_K,prevalence,-0.047593006211472354,-0.014344579711889564,0.01600739732030504,0.04925582381988783,255,True,False,False,post-evaluation hypothesis-generating; independent future validation required,disjoint,879,0,0
hgb,False,extended_K,hgb::B_P,B_P,12,0.7082874044167169,hgb::D_B_M_P_C_A_K,prevalence,-0.04729811982363906,-0.01404969332405627,0.01630228370813846,0.04955071020772125,255,True,False,False,post-evaluation hypothesis-generating; independent future validation required,disjoint,879,0,0
hgb,False,extended_K,hgb::P_A,P_A,12,0.7179119350722141,hgb::D_B_M_P_C_A_K,prevalence,-0.03767358916814189,-0.0044251626685591,0.02592681436363553,0.05917524086321832,255,True,False,False,post-evaluation hypothesis-generating; independent future validation required,disjoint,879,0,0
hgb,False,extended_K,hgb::M_C_K,M_C_K,13,0.6737557369270718,hgb::D_B_M_P_C_A_K,prevalence,-0.08182978731328439,-0.048581360813701596,-0.018229383781506906,0.015019042718075883,255,True,False,False,post-evaluation hypothesis-generating; independent future validation required,disjoint,879,0,0
hgb,False,extended_K,hgb::B_C_K,B_C_K,13,0.6753817248174255,hgb::D_B_M_P_C_A_K,prevalence,-0.08020379942293047,-0.046955372923347685,-0.01660339589115308,0.01664503060842971,255,True,False,False,post-evaluation hypothesis-generating; independent future validation required,disjoint,879,1,1
hgb,False,extended_K,hgb::B_M_K,B_M_K,13,0.6771321874971674,hgb::D_B_M_P_C_A_K,prevalence,-0.07845333674318873,-0.04520491024360594,-0.014852933211411309,0.01839549328817148,255,True,False,False,post-evaluation hypothesis-generating; independent future validation required,disjoint,879,0,0
hgb,False,extended_K,hgb::B_A_K,B_A_K,13,0.68693837576714,hgb::D_B_M_P_C_A_K,prevalence,-0.06864714847321604,-0.03539872197363325,-0.00504674494143865,0.02820168155814414,255,True,False,False,post-evaluation hypothesis-generating; independent future validation required,disjoint,879,0,0
hgb,False,extended_K,hgb::C_A_K,C_A_K,13,0.6887304938720795,hgb::D_B_M_P_C_A_K,prevalence,-0.06685503036827653,-0.03360660386869374,-0.003254626836499101,0.029993799663083687,255,True,False,False,post-evaluation hypothesis-generating; independent future validation required,disjoint,879,0,0
hgb,False,extended_K,hgb::M_A_K,M_A_K,13,0.6903343472847466,hgb::D_B_M_P_C_A_K,prevalence,-0.06525117695560947,-0.032002750456026685,-0.0016507734238320332,0.031597653075750756,255,True,False,False,post-evaluation hypothesis-generating; independent future validation required,disjoint,879,0,0
hgb,False,extended_K,hgb::M_P_C,M_P_C,13,0.6945746596315718,hgb::D_B_M_P_C_A_K,prevalence,-0.06101086460878426,-0.027762438109201468,0.0025895389229931578,0.035837965422575946,255,True,False,False,post-evaluation hypothesis-generating; independent future validation required,disjoint,879,0,0
hgb,False,extended_K,hgb::B_M_P,B_M_P,13,0.7052324550179799,hgb::D_B_M_P_C_A_K,prevalence,-0.05035306922237603,-0.017104642722793238,0.01324733430940129,0.04649576080898408,255,True,False,False,post-evaluation hypothesis-generating; independent future validation required,disjoint,879,0,0
hgb,False,extended_K,hgb::B_P_C,B_P_C,13,0.7069863717990496,hgb::D_B_M_P_C_A_K,prevalence,-0.048599152441306574,-0.015350725941723785,0.015001251090470838,0.04824967759005363,255,True,False,False,post-evaluation hypothesis-generating; independent future validation required,disjoint,879,0,0
hgb,False,extended_K,hgb::B_P_A,B_P_A,13,0.7095372634747447,hgb::D_B_M_P_C_A_K,prevalence,-0.04604826076561128,-0.012799834266028494,0.01755214276616592,0.050800569265748705,255,True,False,False,post-evaluation hypothesis-generating; independent future validation required,disjoint,879,0,0
hgb,False,extended_K,hgb::P_C_A,P_C_A,13,0.7142412267349895,hgb::D_B_M_P_C_A_K,prevalence,-0.04134429750536659,-0.008095871005783802,0.02225610602641075,0.055504532525993536,255,True,False,False,post-evaluation hypothesis-generating; independent future validation required,disjoint,879,0,0
hgb,False,extended_K,hgb::M_P_A,M_P_A,13,0.7167632148575387,hgb::D_B_M_P_C_A_K,prevalence,-0.03882230938281736,-0.005573882883234571,0.024778094148960005,0.058026520648542794,255,True,False,False,post-evaluation hypothesis-generating; independent future validation required,disjoint,879,0,0
hgb,False,extended_K,hgb::B_M_C_K,B_M_C_K,14,0.6760934962699171,hgb::D_B_M_P_C_A_K,prevalence,-0.07949202797043894,-0.046243601470856155,-0.015891624438661458,0.01735680206092133,255,True,False,False,post-evaluation hypothesis-generating; independent future validation required,disjoint,879,0,0
hgb,False,extended_K,hgb::B_C_A_K,B_C_A_K,14,0.684789591355472,hgb::D_B_M_P_C_A_K,prevalence,-0.07079593288488399,-0.0375475063853012,-0.0071955293531066715,0.026052897146476118,255,True,False,False,post-evaluation hypothesis-generating; independent future validation required,disjoint,879,0,0
hgb,False,extended_K,hgb::B_M_A_K,B_M_A_K,14,0.6861724404853664,hgb::D_B_M_P_C_A_K,prevalence,-0.0694130837549896,-0.03616465725540681,-0.0058126802232121985,0.02743574627637059,255,True,False,False,post-evaluation hypothesis-generating; independent future validation required,disjoint,879,0,0
hgb,False,extended_K,hgb::M_C_A_K,M_C_A_K,14,0.6913854189556317,hgb::D_B_M_P_C_A_K,prevalence,-0.06420010528472443,-0.030951678785141643,-0.0005997017529470064,0.032648724746635785,255,True,False,False,post-evaluation hypothesis-generating; independent future validation required,disjoint,879,0,0
hgb,False,extended_K,hgb::B_M_P_C,B_M_P_C,14,0.7044953693518191,hgb::D_B_M_P_C_A_K,prevalence,-0.051090154888536916,-0.017841728388954127,0.012510248643240449,0.04575867514282324,255,True,False,False,post-evaluation hypothesis-generating; independent future validation required,disjoint,879,0,0
hgb,False,extended_K,hgb::B_P_C_A,B_P_C_A,14,0.7081661301544436,hgb::D_B_M_P_C_A_K,prevalence,-0.04741939408591232,-0.014170967586329533,0.016181009445865018,0.04942943594544781,255,True,False,False,post-evaluation hypothesis-generating; independent future validation required,disjoint,879,0,0
hgb,False,extended_K,hgb::M_P_C_A,M_P_C_A,14,0.7104122343758799,hgb::D_B_M_P_C_A_K,prevalence,-0.045173289864476246,-0.011924863364893457,0.018427113667301112,0.0516755401668839,255,True,False,False,post-evaluation hypothesis-generating; independent future validation required,disjoint,879,0,0
hgb,False,extended_K,hgb::B_M_P_A,B_M_P_A,14,0.7206960054593672,hgb::D_B_M_P_C_A_K,prevalence,-0.034889518780988796,-0.0016410922814060064,0.028710884750788562,0.06195931125037135,255,True,False,False,post-evaluation hypothesis-generating; independent future validation required,disjoint,879,0,0
hgb,False,extended_K,hgb::B_M_C_A_K,B_M_C_A_K,15,0.6847496790096086,hgb::D_B_M_P_C_A_K,prevalence,-0.0708358452307475,-0.03758741873116471,-0.007235441698970147,0.02601298480061264,255,True,False,False,post-evaluation hypothesis-generating; independent future validation required,disjoint,879,0,0
hgb,False,extended_K,hgb::B_M_P_C_A,B_M_P_C_A,15,0.7173832402587208,hgb::D_B_M_P_C_A_K,prevalence,-0.03820228398163518,-0.00495385748205239,0.02539811955014214,0.058646546049724926,255,True,False,False,post-evaluation hypothesis-generating; independent future validation required,disjoint,879,0,0
hgb,False,extended_K,hgb::D_K,D_K,15,0.7237011244047229,hgb::D_B_M_P_C_A_K,prevalence,-0.03188439983563306,0.0013640266639497328,0.031716003696144336,0.06496443019572712,255,True,False,False,post-evaluation hypothesis-generating; independent future validation required,disjoint,879,0,0
hgb,False,extended_K,hgb::D_P,D_P,15,0.7560527886452653,hgb::D_B_M_P_C_A_K,prevalence,0.00046726440490931376,0.033715690904492106,0.06406766793668675,0.09731609443626954,255,False,False,False,post-evaluation hypothesis-generating; independent future validation required,disjoint,879,0,0
hgb,False,extended_K,hgb::D_C_K,D_C_K,16,0.7190428014391019,hgb::D_B_M_P_C_A_K,prevalence,-0.03654272280125398,-0.00329429630167119,0.02705768073052336,0.060306107230106154,255,True,False,False,post-evaluation hypothesis-generating; independent future validation required,disjoint,879,0,0
hgb,False,extended_K,hgb::D_B_K,D_B_K,16,0.7192125030071762,hgb::D_B_M_P_C_A_K,prevalence,-0.03637302123317979,-0.003124594733597004,0.02722738229859758,0.06047580879818037,255,True,False,False,post-evaluation hypothesis-generating; independent future validation required,disjoint,879,0,0
hgb,False,extended_K,hgb::D_M_K,D_M_K,16,0.7207055347775009,hgb::D_B_M_P_C_A_K,prevalence,-0.03487998946285518,-0.0016315629632723885,0.02872041406892217,0.06196884056850496,255,True,False,False,post-evaluation hypothesis-generating; independent future validation required,disjoint,879,0,0
hgb,False,extended_K,hgb::D_A_K,D_A_K,16,0.7419337598785164,hgb::D_B_M_P_C_A_K,prevalence,-0.013651764361839675,0.019596662137743116,0.049948639169937706,0.0831970656695205,255,False,False,False,post-evaluation hypothesis-generating; independent future validation required,disjoint,879,0,0
hgb,False,extended_K,hgb::D_M_P,D_M_P,16,0.74775882974077,hgb::D_B_M_P_C_A_K,prevalence,-0.007826694499586078,0.025421731999996713,0.05577370903219123,0.08902213553177402,255,False,False,False,post-evaluation hypothesis-generating; independent future validation required,disjoint,879,0,0
hgb,False,extended_K,hgb::D_B_P,D_B_P,16,0.7498399676951959,hgb::D_B_M_P_C_A_K,prevalence,-0.005745556545160084,0.027502869954422707,0.057854846986617275,0.09110327348620006,255,False,False,False,post-evaluation hypothesis-generating; independent future validation required,disjoint,879,0,0
hgb,False,extended_K,hgb::D_P_C,D_P_C,16,0.7520750228593962,hgb::D_B_M_P_C_A_K,prevalence,-0.003510501380959825,0.029737925118622964,0.06008990215081749,0.09333832865040029,255,False,False,False,post-evaluation hypothesis-generating; independent future validation required,disjoint,879,0,0
hgb,False,extended_K,hgb::D_P_A,D_P_A,16,0.7710902427564552,hgb::D_B_M_P_C_A_K,prevalence,0.015504718516099112,0.0487531450156819,0.07910512204787648,0.11235354854745927,255,False,False,False,post-evaluation hypothesis-generating; independent future validation required,disjoint,879,0,0
hgb,False,extended_K,hgb::D_B_C_K,D_B_C_K,17,0.7163544291324533,hgb::D_B_M_P_C_A_K,prevalence,-0.03923109510790279,-0.005982668608320002,0.024369308423874633,0.057617734923457425,255,True,False,False,post-evaluation hypothesis-generating; independent future validation required,disjoint,879,0,0
hgb,False,extended_K,hgb::D_M_C_K,D_M_C_K,17,0.7180916781228242,hgb::D_B_M_P_C_A_K,prevalence,-0.03749384611753191,-0.004245419617949123,0.026106557414245453,0.05935498391382824,255,True,False,False,post-evaluation hypothesis-generating; independent future validation required,disjoint,879,0,0
hgb,False,extended_K,hgb::D_B_M_K,D_B_M_K,17,0.7186167445452749,hgb::D_B_M_P_C_A_K,prevalence,-0.03696877969508115,-0.003720353195498363,0.02663162383669617,0.05988005033627896,255,True,False,False,post-evaluation hypothesis-generating; independent future validation required,disjoint,879,0,0
hgb,False,extended_K,hgb::D_B_A_K,D_B_A_K,17,0.7351761530966725,hgb::D_B_M_P_C_A_K,prevalence,-0.020409371143683425,0.012839055355899364,0.04319103238809395,0.07643945888767674,255,False,False,False,post-evaluation hypothesis-generating; independent future validation required,disjoint,879,0,0
hgb,False,extended_K,hgb::D_C_A_K,D_C_A_K,17,0.7398891384694267,hgb::D_B_M_P_C_A_K,prevalence,-0.015696385770929272,0.017552040728653517,0.0479040177608481,0.08115244426043089,255,False,False,False,post-evaluation hypothesis-generating; independent future validation required,disjoint,879,0,0
hgb,False,extended_K,hgb::D_M_P_C,D_M_P_C,17,0.7409254579035447,hgb::D_B_M_P_C_A_K,prevalence,-0.014660066336811328,0.01858836016277146,0.048940337194966044,0.08218876369454883,255,False,False,False,post-evaluation hypothesis-generating; independent future validation required,disjoint,879,0,0
hgb,False,extended_K,hgb::D_B_P_C,D_B_P_C,17,0.7454334521128022,hgb::D_B_M_P_C_A_K,prevalence,-0.010152072127553811,0.023096354372028977,0.05344833140422356,0.08669675790380635,255,False,False,False,post-evaluation hypothesis-generating; independent future validation required,disjoint,879,0,0
hgb,False,extended_K,hgb::D_B_M_P,D_B_M_P,17,0.7454348233698972,hgb::D_B_M_P_C_A_K,prevalence,-0.01015070087045878,0.02309772562912401,0.0534497026613186,0.08669812916090139,255,False,False,False,post-evaluation hypothesis-generating; independent future validation required,disjoint,879,0,0
hgb,False,extended_K,hgb::D_B_P_A,D_B_P_A,17,0.7589459496830404,hgb::D_B_M_P_C_A_K,prevalence,0.003360425442684476,0.03660885194226726,0.06696082897446189,0.10020925547404468,255,False,False,False,post-evaluation hypothesis-generating; independent future validation required,disjoint,879,0,0
hgb,False,extended_K,hgb::D_M_A_K,D_M_A_K,17,0.7621983240736492,hgb::D_B_M_P_C_A_K,prevalence,0.006612799833293291,0.03986122633287608,0.0702132033650706,0.10346162986465339,255,False,False,False,post-evaluation hypothesis-generating; independent future validation required,disjoint,879,0,0
hgb,False,extended_K,hgb::D_P_C_A,D_P_C_A,17,0.7660981513174662,hgb::D_B_M_P_C_A_K,prevalence,0.01051262707711018,0.043761053576692965,0.07411303060888756,0.10736145710847035,255,False,False,False,post-evaluation hypothesis-generating; independent future validation required,disjoint,879,0,0
hgb,False,extended_K,hgb::D_M_P_A,D_M_P_A,17,0.7750694734960916,hgb::D_B_M_P_C_A_K,prevalence,0.019483949255735645,0.05273237575531843,0.08308435278751297,0.11633277928709576,255,False,False,False,post-evaluation hypothesis-generating; independent future validation required,disjoint,879,0,0
hgb,False,extended_K,hgb::D_B_M_C_K,D_B_M_C_K,18,0.7161875632327362,hgb::D_B_M_P_C_A_K,prevalence,-0.039397961007619754,-0.006149534508036965,0.02420244252415763,0.05745086902374042,255,True,False,False,post-evaluation hypothesis-generating; independent future validation required,disjoint,879,0,0
hgb,False,extended_K,hgb::D_B_C_A_K,D_B_C_A_K,18,0.7316623810976781,hgb::D_B_M_P_C_A_K,prevalence,-0.023923143142678023,0.009325283356904766,0.039677260389099384,0.07292568688868217,255,True,False,False,post-evaluation hypothesis-generating; independent future validation required,disjoint,879,0,0
hgb,False,extended_K,hgb::D_B_M_P_C,D_B_M_P_C,18,0.7412394732257841,hgb::D_B_M_P_C_A_K,prevalence,-0.014346051014572014,0.018902375485010774,0.04925435251720532,0.08250277901678811,255,False,False,False,post-evaluation hypothesis-generating; independent future validation required,disjoint,879,0,0
hgb,False,extended_K,hgb::D_B_M_A_K,D_B_M_A_K,18,0.7517780600734418,hgb::D_B_M_P_C_A_K,prevalence,-0.0038074641669140967,0.029440962332668692,0.05979293936486324,0.09304136586444603,255,False,False,False,post-evaluation hypothesis-generating; independent future validation required,disjoint,879,0,0
hgb,False,extended_K,hgb::D_B_P_C_A,D_B_P_C_A,18,0.7568211093652178,hgb::D_B_M_P_C_A_K,prevalence,0.0012355851248618231,0.034484011624444616,0.0648359886566392,0.09808441515622199,255,False,False,False,post-evaluation hypothesis-generating; independent future validation required,disjoint,879,0,0
hgb,False,extended_K,hgb::D_M_C_A_K,D_M_C_A_K,18,0.7595728469627129,hgb::D_B_M_P_C_A_K,prevalence,0.003987322722356878,0.03723574922193967,0.06758772625413424,0.10083615275371703,255,False,False,False,post-evaluation hypothesis-generating; independent future validation required,disjoint,879,0,0
hgb,False,extended_K,hgb::D_B_M_P_A,D_B_M_P_A,18,0.7667485715111485,hgb::D_B_M_P_C_A_K,prevalence,0.011163047270792505,0.0444114737703753,0.07476345080256985,0.10801187730215264,255,False,False,False,post-evaluation hypothesis-generating; independent future validation required,disjoint,879,0,0
hgb,False,extended_K,hgb::D_M_P_C_A,D_M_P_C_A,18,0.776093148051301,hgb::D_B_M_P_C_A_K,prevalence,0.020507623810944984,0.05375605031052777,0.08410802734272241,0.1173564538423052,255,False,False,False,post-evaluation hypothesis-generating; independent future validation required,disjoint,879,0,0
hgb,False,extended_K,hgb::D_B_M_C_A_K,D_B_M_C_A_K,19,0.7512459953274901,hgb::D_B_M_P_C_A_K,prevalence,-0.004339528912865824,0.028908897586716966,0.05926087461891156,0.09250930111849434,255,False,False,False,post-evaluation hypothesis-generating; independent future validation required,disjoint,879,0,0
hgb,False,extended_K,hgb::D_B_M_P_C_A,D_B_M_P_C_A,19,0.7650699239597439,hgb::D_B_M_P_C_A_K,prevalence,0.00948439971938795,0.04273282621897074,0.07308480325116534,0.10633322975074813,255,False,False,False,post-evaluation hypothesis-generating; independent future validation required,disjoint,879,0,0
hgb,False,extended_K,hgb::P_K,P_K,22,0.7048683787652757,hgb::D_B_M_P_C_A_K,prevalence,-0.05071714547508039,-0.0174687189754976,0.012883258056696992,0.04613168455627978,255,True,False,False,post-evaluation hypothesis-generating; independent future validation required,disjoint,879,0,0
hgb,False,extended_K,hgb::M_P_K,M_P_K,23,0.6969624699280391,hgb::D_B_M_P_C_A_K,prevalence,-0.05862305431231673,-0.02537462781273394,0.004977349219460639,0.038225775719043426,255,True,False,False,post-evaluation hypothesis-generating; independent future validation required,disjoint,879,0,0
hgb,False,extended_K,hgb::B_P_K,B_P_K,23,0.6984563538457711,hgb::D_B_M_P_C_A_K,prevalence,-0.057129170394584865,-0.023880743895002075,0.0064712331371925445,0.03971965963677533,255,True,False,False,post-evaluation hypothesis-generating; independent future validation required,disjoint,879,0,0
hgb,False,extended_K,hgb::P_C_K,P_C_K,23,0.7047978267547296,hgb::D_B_M_P_C_A_K,prevalence,-0.050787697485626435,-0.017539270986043645,0.012812706046150943,0.046061132545733734,255,True,False,False,post-evaluation hypothesis-generating; independent future validation required,disjoint,879,0,0
hgb,False,extended_K,hgb::P_A_K,P_A_K,23,0.7064516883592059,hgb::D_B_M_P_C_A_K,prevalence,-0.04913383588115018,-0.015885409381567392,0.014466567650627178,0.047714994150209966,255,True,False,False,post-evaluation hypothesis-generating; independent future validation required,disjoint,879,0,0
hgb,False,extended_K,hgb::B_M_P_K,B_M_P_K,24,0.6934744243762659,hgb::D_B_M_P_C_A_K,prevalence,-0.06211109986409003,-0.028862673364507242,0.0014893036676874045,0.03473773016727019,255,True,False,False,post-evaluation hypothesis-generating; independent future validation required,disjoint,879,0,0
hgb,False,extended_K,hgb::M_P_C_K,M_P_C_K,24,0.696453935542219,hgb::D_B_M_P_C_A_K,prevalence,-0.059131588698137116,-0.025883162198554327,0.004468814833640322,0.037717241333223114,255,True,False,False,post-evaluation hypothesis-generating; independent future validation required,disjoint,879,0,0
hgb,False,extended_K,hgb::B_P_A_K,B_P_A_K,24,0.6974772207961891,hgb::D_B_M_P_C_A_K,prevalence,-0.0581083034441668,-0.02485987694458401,0.005492100087610537,0.038740526587193326,255,True,False,False,post-evaluation hypothesis-generating; independent future validation required,disjoint,879,0,0
hgb,False,extended_K,hgb::B_P_C_K,B_P_C_K,24,0.6984563538457711,hgb::D_B_M_P_C_A_K,prevalence,-0.057129170394584865,-0.023880743895002075,0.0064712331371925445,0.03971965963677533,255,True,False,False,post-evaluation hypothesis-generating; independent future validation required,disjoint,879,0,0
hgb,False,extended_K,hgb::M_P_A_K,M_P_A_K,24,0.7053513743544875,hgb::D_B_M_P_C_A_K,prevalence,-0.050234149885868676,-0.016985723386285886,0.013366253645908686,0.04661468014549147,255,True,False,False,post-evaluation hypothesis-generating; independent future validation required,disjoint,879,0,0
hgb,False,extended_K,hgb::P_C_A_K,P_C_A_K,24,0.7062936818874954,hgb::D_B_M_P_C_A_K,prevalence,-0.049291842352860576,-0.016043415853277787,0.014308561178916787,0.04755698767849958,255,True,False,False,post-evaluation hypothesis-generating; independent future validation required,disjoint,879,0,0
hgb,False,extended_K,hgb::B_M_P_C_K,B_M_P_C_K,25,0.6934744243762659,hgb::D_B_M_P_C_A_K,prevalence,-0.06211109986409003,-0.028862673364507242,0.0014893036676874045,0.03473773016727019,255,True,False,False,post-evaluation hypothesis-generating; independent future validation required,disjoint,879,0,0
hgb,False,extended_K,hgb::B_P_C_A_K,B_P_C_A_K,25,0.6974772207961891,hgb::D_B_M_P_C_A_K,prevalence,-0.0581083034441668,-0.02485987694458401,0.005492100087610537,0.038740526587193326,255,True,False,False,post-evaluation hypothesis-generating; independent future validation required,disjoint,879,0,0
hgb,False,extended_K,hgb::M_P_C_A_K,M_P_C_A_K,25,0.7053513743544875,hgb::D_B_M_P_C_A_K,prevalence,-0.050234149885868676,-0.016985723386285886,0.013366253645908686,0.04661468014549147,255,True,False,False,post-evaluation hypothesis-generating; independent future validation required,disjoint,879,0,0
hgb,False,extended_K,hgb::B_M_P_A_K,B_M_P_A_K,25,0.7269540571673523,hgb::D_B_M_P_C_A_K,prevalence,-0.028631467073003663,0.0046169594265791265,0.03496893645877373,0.06821736295835652,255,True,False,False,post-evaluation hypothesis-generating; independent future validation required,disjoint,879,0,0
hgb,False,extended_K,hgb::B_M_P_C_A_K,B_M_P_C_A_K,26,0.7260929646026459,hgb::D_B_M_P_C_A_K,prevalence,-0.029492559637710046,0.0037558668618727434,0.03410784389406727,0.06735627039365005,255,True,False,False,post-evaluation hypothesis-generating; independent future validation required,disjoint,879,0,0
hgb,False,extended_K,hgb::D_P_K,D_P_K,26,0.7474893021873658,hgb::D_B_M_P_C_A_K,prevalence,-0.008096222052990147,0.025152204446592642,0.055504181478787266,0.08875260797837006,255,False,False,False,post-evaluation hypothesis-generating; independent future validation required,disjoint,879,0,0
hgb,False,extended_K,hgb::D_B_P_K,D_B_P_K,27,0.7386851424694907,hgb::D_B_M_P_C_A_K,prevalence,-0.016900381770865197,0.016348044728717592,0.04670002176091221,0.07994844826049499,255,False,False,False,post-evaluation hypothesis-generating; independent future validation required,disjoint,879,0,0
hgb,False,extended_K,hgb::D_M_P_K,D_M_P_K,27,0.7433844519574248,hgb::D_B_M_P_C_A_K,prevalence,-0.012201072282931179,0.02104735421665161,0.051399331248846145,0.08464775774842893,255,False,False,False,post-evaluation hypothesis-generating; independent future validation required,disjoint,879,0,0
hgb,False,extended_K,hgb::D_P_C_K,D_P_C_K,27,0.7438827452025459,hgb::D_B_M_P_C_A_K,prevalence,-0.011702779037810099,0.02154564746177269,0.05189762449396723,0.08514605099355002,255,False,False,False,post-evaluation hypothesis-generating; independent future validation required,disjoint,879,0,0
hgb,False,extended_K,hgb::D_P_A_K,D_P_A_K,27,0.7545706361150152,hgb::D_B_M_P_C_A_K,prevalence,-0.0010148881253408495,0.03223353837424194,0.06258551540643659,0.09583394190601938,255,False,False,False,post-evaluation hypothesis-generating; independent future validation required,disjoint,879,0,0
hgb,False,extended_K,hgb::D_B_P_C_K,D_B_P_C_K,28,0.736495602327927,hgb::D_B_M_P_C_A_K,prevalence,-0.019089921912429017,0.014158504587153772,0.04451048161934838,0.07775890811893117,255,False,False,False,post-evaluation hypothesis-generating; independent future validation required,disjoint,879,0,0
hgb,False,extended_K,hgb::D_B_M_P_K,D_B_M_P_K,28,0.7386437854467431,hgb::D_B_M_P_C_A_K,prevalence,-0.01694173879361288,0.016306687705969908,0.04665866473816444,0.07990709123774722,255,False,False,False,post-evaluation hypothesis-generating; independent future validation required,disjoint,879,0,0
hgb,False,extended_K,hgb::D_M_P_C_K,D_M_P_C_K,28,0.7404890310534429,hgb::D_B_M_P_C_A_K,prevalence,-0.015096493186913121,0.01815193331266967,0.04850391034486429,0.08175233684444708,255,False,False,False,post-evaluation hypothesis-generating; independent future validation required,disjoint,879,0,0
hgb,False,extended_K,hgb::D_B_P_A_K,D_B_P_A_K,28,0.7449745892542117,hgb::D_B_M_P_C_A_K,prevalence,-0.010610934986144419,0.02263749151343837,0.05298946854563299,0.08623789504521578,255,False,False,False,post-evaluation hypothesis-generating; independent future validation required,disjoint,879,0,0
hgb,False,extended_K,hgb::D_P_C_A_K,D_P_C_A_K,28,0.7541539553940648,hgb::D_B_M_P_C_A_K,prevalence,-0.0014315688462911535,0.03181685765329163,0.062168834685486236,0.09541726118506902,255,False,False,False,post-evaluation hypothesis-generating; independent future validation required,disjoint,879,0,0
hgb,False,extended_K,hgb::D_M_P_A_K,D_M_P_A_K,28,0.7692976644126719,hgb::D_B_M_P_C_A_K,prevalence,0.013712140172316,0.04696056667189879,0.07731254370409336,0.11056097020367615,255,False,False,False,post-evaluation hypothesis-generating; independent future validation required,disjoint,879,0,0
hgb,False,extended_K,hgb::D_B_M_P_C_K,D_B_M_P_C_K,29,0.7338659384947138,hgb::D_B_M_P_C_A_K,prevalence,-0.021719585745642134,0.011528840753940655,0.04188081778613523,0.07512924428571802,255,False,False,False,post-evaluation hypothesis-generating; independent future validation required,disjoint,879,0,0
hgb,False,extended_K,hgb::D_B_P_C_A_K,D_B_P_C_A_K,29,0.7427488095764828,hgb::D_B_M_P_C_A_K,prevalence,-0.012836714663873176,0.02041171183570961,0.0507636888679042,0.08401211536748698,255,False,False,False,post-evaluation hypothesis-generating; independent future validation required,disjoint,879,0,0
hgb,False,extended_K,hgb::D_B_M_P_A_K,D_B_M_P_A_K,29,0.7538531050306703,hgb::D_B_M_P_C_A_K,prevalence,-0.0017324192096855662,0.03151600728989722,0.0618679843220918,0.09511641082167459,255,False,False,False,post-evaluation hypothesis-generating; independent future validation required,disjoint,879,0,0
hgb,False,extended_K,hgb::D_M_P_C_A_K,D_M_P_C_A_K,29,0.7670935009092671,hgb::D_B_M_P_C_A_K,prevalence,0.011507976668910978,0.04475640316849377,0.07510838020068832,0.1083568067002711,255,False,False,False,post-evaluation hypothesis-generating; independent future validation required,disjoint,879,0,0
hgb,False,extended_K,hgb::D_B_M_P_C_A_K,D_B_M_P_C_A_K,30,0.7555855242403561,hgb::D_B_M_P_C_A_K,prevalence,0.0,0.0,0.06360040353177743,0.09684883003136022,255,True,False,False,post-evaluation hypothesis-generating; independent future validation required,disjoint,879,0,0
ridge,False,extended_K,ridge::NONE,NONE,0,0.6919851207085788,ridge::D_B_M_P_C_A_K,prevalence,-0.05897412008880454,-0.02695804619028582,0.0,0.03201607389851872,255,True,False,False,post-evaluation hypothesis-generating; independent future validation required,disjoint,879,0,0
ridge,False,extended_K,ridge::B,B,1,0.6849243747157531,ridge::D_B_M_P_C_A_K,prevalence,-0.06603486608163042,-0.034018792183111705,-0.007060745992825894,0.024955327905692822,255,True,False,False,post-evaluation hypothesis-generating; independent future validation required,disjoint,879,0,0
ridge,False,extended_K,ridge::M,M,1,0.6858071081348964,ridge::D_B_M_P_C_A_K,prevalence,-0.06515213266248661,-0.03313605876396789,-0.006178012573682005,0.025838061324836712,255,True,False,False,post-evaluation hypothesis-generating; independent future validation required,disjoint,879,0,0
ridge,False,extended_K,ridge::C,C,1,0.6911290282823433,ridge::D_B_M_P_C_A_K,prevalence,-0.05983021251503976,-0.027814138616521045,-0.0008560924262352269,0.03115998147228349,255,True,False,False,post-evaluation hypothesis-generating; independent future validation required,disjoint,879,0,0
ridge,False,extended_K,ridge::A,A,1,0.7090287375237886,ridge::D_B_M_P_C_A_K,prevalence,-0.04193050327359452,-0.009914429375075806,0.017043616815209967,0.04905969071372868,255,True,False,False,post-evaluation hypothesis-generating; independent future validation required,disjoint,879,0,0
ridge,False,extended_K,ridge::B_M,B_M,2,0.6806102886982,ridge::D_B_M_P_C_A_K,prevalence,-0.07034895209918317,-0.03833287820066445,-0.011374832010378744,0.020641241888139972,255,True,False,False,post-evaluation hypothesis-generating; independent future validation required,disjoint,879,0,0
ridge,False,extended_K,ridge::B_C,B_C,2,0.6833804036166297,ridge::D_B_M_P_C_A_K,prevalence,-0.06757883718075343,-0.03556276328223471,-0.008604717091948861,0.023411356806569854,255,True,False,False,post-evaluation hypothesis-generating; independent future validation required,disjoint,879,0,0
ridge,False,extended_K,ridge::M_C,M_C,2,0.6849537265518277,ridge::D_B_M_P_C_A_K,prevalence,-0.06600551424555537,-0.03398944034703665,-0.007031394156750766,0.024984679741767952,255,True,False,False,post-evaluation hypothesis-generating; independent future validation required,disjoint,879,0,0
ridge,False,extended_K,ridge::M_A,M_A,2,0.7013093326114458,ridge::D_B_M_P_C_A_K,prevalence,-0.04964990818593737,-0.017633834287418652,0.009324211902867209,0.04134028580138593,255,True,False,False,post-evaluation hypothesis-generating; independent future validation required,disjoint,879,0,0
ridge,False,extended_K,ridge::B_A,B_A,2,0.7019928071036946,ridge::D_B_M_P_C_A_K,prevalence,-0.04896643369368852,-0.016950359795169803,0.010007686395116034,0.04202376029363475,255,True,False,False,post-evaluation hypothesis-generating; independent future validation required,disjoint,879,0,0
ridge,False,extended_K,ridge::C_A,C_A,2,0.7079853986869922,ridge::D_B_M_P_C_A_K,prevalence,-0.04297384211039102,-0.010957768211872304,0.01600027797841355,0.04801635187693226,255,True,False,False,post-evaluation hypothesis-generating; independent future validation required,disjoint,879,0,0
ridge,False,extended_K,ridge::B_M_C,B_M_C,3,0.6792627695494188,ridge::D_B_M_P_C_A_K,prevalence,-0.07169647124796436,-0.03968039734944564,-0.012722351159159867,0.01929372273935885,255,True,False,False,post-evaluation hypothesis-generating; independent future validation required,disjoint,879,0,0
ridge,False,extended_K,ridge::M_C_A,M_C_A,3,0.6965778029248886,ridge::D_B_M_P_C_A_K,prevalence,-0.054381437872494526,-0.02236536397397581,0.004592682216310009,0.03660875611482872,255,True,False,False,post-evaluation hypothesis-generating; independent future validation required,disjoint,879,0,0
ridge,False,extended_K,ridge::B_M_A,B_M_A,3,0.6973720908334191,ridge::D_B_M_P_C_A_K,prevalence,-0.05358714996396393,-0.021571076065445213,0.005386970124840566,0.03740304402335928,255,True,False,False,post-evaluation hypothesis-generating; independent future validation required,disjoint,879,0,0
ridge,False,extended_K,ridge::B_C_A,B_C_A,3,0.7008367293557343,ridge::D_B_M_P_C_A_K,prevalence,-0.05012251144164887,-0.018106437543130155,0.008851608647155687,0.040867682545674404,255,True,False,False,post-evaluation hypothesis-generating; independent future validation required,disjoint,879,0,0
ridge,False,extended_K,ridge::B_M_C_A,B_M_C_A,4,0.6963669753331386,ridge::D_B_M_P_C_A_K,prevalence,-0.05459226546424457,-0.02257619156572585,0.004381854624560009,0.03639792852307873,255,True,False,False,post-evaluation hypothesis-generating; independent future validation required,disjoint,879,0,0
ridge,False,extended_K,ridge::D,D,4,0.7432131199540394,ridge::D_B_M_P_C_A_K,prevalence,-0.007746120843343838,0.02426995305517488,0.051227999245460766,0.08324407314397948,255,False,False,False,post-evaluation hypothesis-generating; independent future validation required,disjoint,879,0,0
ridge,False,extended_K,ridge::D_B,D_B,5,0.7327917518170181,ridge::D_B_M_P_C_A_K,prevalence,-0.018167488980365062,0.013848584918153654,0.04080663110843949,0.0728227050069582,255,False,False,False,post-evaluation hypothesis-generating; independent future validation required,disjoint,879,0,0
ridge,False,extended_K,ridge::D_M,D_M,5,0.7386208811556466,ridge::D_B_M_P_C_A_K,prevalence,-0.012338359641736693,0.019677714256782025,0.04663576044706783,0.07865183434558655,255,False,False,False,post-evaluation hypothesis-generating; independent future validation required,disjoint,879,0,0
ridge,False,extended_K,ridge::D_C,D_C,5,0.742258351710359,ridge::D_B_M_P_C_A_K,prevalence,-0.008700889087024162,0.023315184811494555,0.050273231001780404,0.08228930490029912,255,False,False,False,post-evaluation hypothesis-generating; independent future validation required,disjoint,879,0,0
ridge,False,extended_K,ridge::D_A,D_A,5,0.7687066337862022,ridge::D_B_M_P_C_A_K,prevalence,0.01774739298881898,0.049763466887337696,0.07672151307762351,0.10873758697614222,255,False,False,False,post-evaluation hypothesis-generating; independent future validation required,disjoint,879,0,0
ridge,False,extended_K,ridge::D_B_M,D_B_M,6,0.7315507886194369,ridge::D_B_M_P_C_A_K,prevalence,-0.01940845217794628,0.012607621720572438,0.03956566791085822,0.07158174180937693,255,False,False,False,post-evaluation hypothesis-generating; independent future validation required,disjoint,879,0,0
ridge,False,extended_K,ridge::D_B_C,D_B_C,6,0.731635590028666,ridge::D_B_M_P_C_A_K,prevalence,-0.019323650768717223,0.012692423129801494,0.03965046932008729,0.07166654321860601,255,False,False,False,post-evaluation hypothesis-generating; independent future validation required,disjoint,879,0,0
ridge,False,extended_K,ridge::D_M_C,D_M_C,6,0.7380330142062217,ridge::D_B_M_P_C_A_K,prevalence,-0.012926226591161433,0.019089847307357286,0.046047893497643044,0.07806396739616175,255,False,False,False,post-evaluation hypothesis-generating; independent future validation required,disjoint,879,0,0
ridge,False,extended_K,ridge::D_B_A,D_B_A,6,0.7574532794089385,ridge::D_B_M_P_C_A_K,prevalence,0.006494038611555242,0.03851011251007396,0.06546815870035981,0.09748423259887853,255,False,False,False,post-evaluation hypothesis-generating; independent future validation required,disjoint,879,0,0
ridge,False,extended_K,ridge::D_M_A,D_M_A,6,0.7637248041297591,ridge::D_B_M_P_C_A_K,prevalence,0.012765563332375897,0.044781637230894615,0.0717396834211805,0.10375575731969922,255,False,False,False,post-evaluation hypothesis-generating; independent future validation required,disjoint,879,0,0
ridge,False,extended_K,ridge::D_C_A,D_C_A,6,0.7680091845032724,ridge::D_B_M_P_C_A_K,prevalence,0.017049943705889196,0.049066017604407916,0.07602406379469379,0.1080401376932125,255,False,False,False,post-evaluation hypothesis-generating; independent future validation required,disjoint,879,0,0
ridge,False,extended_K,ridge::D_B_M_C,D_B_M_C,7,0.7310122066926834,ridge::D_B_M_P_C_A_K,prevalence,-0.01994703410469982,0.012069039793818896,0.03902708598410474,0.07104315988262346,255,False,False,False,post-evaluation hypothesis-generating; independent future validation required,disjoint,879,0,0
ridge,False,extended_K,ridge::D_B_M_A,D_B_M_A,7,0.7558534250096063,ridge::D_B_M_P_C_A_K,prevalence,0.004894184212223179,0.036910258110741896,0.06386830430102773,0.09588437819954646,255,False,False,False,post-evaluation hypothesis-generating; independent future validation required,disjoint,879,0,0
ridge,False,extended_K,ridge::D_B_C_A,D_B_C_A,7,0.7569619080769587,ridge::D_B_M_P_C_A_K,prevalence,0.0060026672795755074,0.03801874117809422,0.06497678736838006,0.09699286126689877,255,False,False,False,post-evaluation hypothesis-generating; independent future validation required,disjoint,879,0,0
ridge,False,extended_K,ridge::D_M_C_A,D_M_C_A,7,0.7635648115789707,ridge::D_B_M_P_C_A_K,prevalence,0.012605570781587534,0.04462164468010625,0.07157969087039201,0.10359576476891072,255,False,False,False,post-evaluation hypothesis-generating; independent future validation required,disjoint,879,0,0
ridge,False,extended_K,ridge::D_B_M_C_A,D_B_M_C_A,8,0.7557085125014077,ridge::D_B_M_P_C_A_K,prevalence,0.0047492717040245585,0.03676534560254328,0.06372339179282911,0.09573946569134784,255,False,False,False,post-evaluation hypothesis-generating; independent future validation required,disjoint,879,0,0
ridge,False,extended_K,ridge::K,K,11,0.6726456802590969,ridge::D_B_M_P_C_A_K,prevalence,-0.07831356053828628,-0.046297486639767564,-0.019339440449481715,0.012676633449037002,255,True,False,False,post-evaluation hypothesis-generating; independent future validation required,disjoint,879,0,0
ridge,False,extended_K,ridge::P,P,11,0.6924323017534592,ridge::D_B_M_P_C_A_K,prevalence,-0.05852693904392409,-0.02651086514540537,0.0004471810448804241,0.03246325494339914,255,True,False,False,post-evaluation hypothesis-generating; independent future validation required,disjoint,879,0,0
ridge,False,extended_K,ridge::B_K,B_K,12,0.6672355274549842,ridge::D_B_M_P_C_A_K,prevalence,-0.08372371334239906,-0.05170763944388034,-0.02474959325359453,0.007266480644924186,255,True,False,False,post-evaluation hypothesis-generating; independent future validation required,disjoint,879,0,0
ridge,False,extended_K,ridge::C_K,C_K,12,0.6712878841633053,ridge::D_B_M_P_C_A_K,prevalence,-0.07967135663407783,-0.047655282735559114,-0.02069723654527332,0.011318837353245396,255,True,False,False,post-evaluation hypothesis-generating; independent future validation required,disjoint,879,0,0
ridge,False,extended_K,ridge::M_K,M_K,12,0.6740551254727445,ridge::D_B_M_P_C_A_K,prevalence,-0.07690411532463877,-0.04488804142612005,-0.01792999523583419,0.014086078662684527,255,True,False,False,post-evaluation hypothesis-generating; independent future validation required,disjoint,879,0,0
ridge,False,extended_K,ridge::B_P,B_P,12,0.6886121915910545,ridge::D_B_M_P_C_A_K,prevalence,-0.06234704920632884,-0.03033097530781012,-0.003372929117524299,0.028643144780994417,255,True,False,False,post-evaluation hypothesis-generating; independent future validation required,disjoint,879,0,0
ridge,False,extended_K,ridge::A_K,A_K,12,0.6899937589807384,ridge::D_B_M_P_C_A_K,prevalence,-0.06096548181664479,-0.02894940791812607,-0.0019913617278402803,0.030024712170678435,255,True,False,False,post-evaluation hypothesis-generating; independent future validation required,disjoint,879,0,0
ridge,False,extended_K,ridge::M_P,M_P,12,0.6901531759680566,ridge::D_B_M_P_C_A_K,prevalence,-0.06080606482932666,-0.028789990930807946,-0.0018319447405220927,0.030184129157996623,255,True,False,False,post-evaluation hypothesis-generating; independent future validation required,disjoint,879,0,0
ridge,False,extended_K,ridge::P_C,P_C,12,0.6922419190172627,ridge::D_B_M_P_C_A_K,prevalence,-0.058717321780120436,-0.02670124788160172,0.0002567983086841508,0.03227287220720287,255,True,False,False,post-evaluation hypothesis-generating; independent future validation required,disjoint,879,0,0
ridge,False,extended_K,ridge::P_A,P_A,12,0.704597330488102,ridge::D_B_M_P_C_A_K,prevalence,-0.04636191030928133,-0.014345836410762612,0.012612209779523174,0.04462828367804189,255,True,False,False,post-evaluation hypothesis-generating; independent future validation required,disjoint,879,0,0
ridge,False,extended_K,ridge::B_C_K,B_C_K,13,0.6657892073729653,ridge::D_B_M_P_C_A_K,prevalence,-0.08517003342441785,-0.05315395952589914,-0.026195913335613323,0.005820160562905394,255,True,False,False,post-evaluation hypothesis-generating; independent future validation required,disjoint,879,1,1
ridge,False,extended_K,ridge::B_M_K,B_M_K,13,0.6708757836742086,ridge::D_B_M_P_C_A_K,prevalence,-0.08008345712317441,-0.048067383224655695,-0.021109337034369843,0.010906736864148874,255,True,False,False,post-evaluation hypothesis-generating; independent future validation required,disjoint,879,0,0
ridge,False,extended_K,ridge::M_C_K,M_C_K,13,0.6729683485024963,ridge::D_B_M_P_C_A_K,prevalence,-0.07799089229488691,-0.045974818396368196,-0.019016772206082402,0.012999301692436314,255,True,False,False,post-evaluation hypothesis-generating; independent future validation required,disjoint,879,0,0
ridge,False,extended_K,ridge::B_M_P,B_M_P,13,0.6840027898623124,ridge::D_B_M_P_C_A_K,prevalence,-0.06695645093507081,-0.034940377036552096,-0.007982330846266183,0.024033743052252532,255,True,False,False,post-evaluation hypothesis-generating; independent future validation required,disjoint,879,0,0
ridge,False,extended_K,ridge::B_A_K,B_A_K,13,0.6844879629634261,ridge::D_B_M_P_C_A_K,prevalence,-0.06647127783395705,-0.034455203935438335,-0.007497157745152532,0.024518916153366186,255,True,False,False,post-evaluation hypothesis-generating; independent future validation required,disjoint,879,0,0
ridge,False,extended_K,ridge::B_P_C,B_P_C,13,0.6869381373775042,ridge::D_B_M_P_C_A_K,prevalence,-0.06402110341987907,-0.032005029521360355,-0.005046983331074471,0.026969090567444245,255,True,False,False,post-evaluation hypothesis-generating; independent future validation required,disjoint,879,0,0
ridge,False,extended_K,ridge::C_A_K,C_A_K,13,0.6888241709143063,ridge::D_B_M_P_C_A_K,prevalence,-0.062135069883076856,-0.03011899598455814,-0.00316094979427228,0.028855124104246437,255,True,False,False,post-evaluation hypothesis-generating; independent future validation required,disjoint,879,0,0
ridge,False,extended_K,ridge::M_P_C,M_P_C,13,0.6899753706324591,ridge::D_B_M_P_C_A_K,prevalence,-0.06098387016492406,-0.028967796266405346,-0.0020097500761195085,0.03000632382239921,255,True,False,False,post-evaluation hypothesis-generating; independent future validation required,disjoint,879,0,0
ridge,False,extended_K,ridge::M_A_K,M_A_K,13,0.6908770335128247,ridge::D_B_M_P_C_A_K,prevalence,-0.06008220728455847,-0.028066133386039756,-0.0011080871957538786,0.030907986702764838,255,True,False,False,post-evaluation hypothesis-generating; independent future validation required,disjoint,879,0,0
ridge,False,extended_K,ridge::M_P_A,M_P_A,13,0.6982981103597674,ridge::D_B_M_P_C_A_K,prevalence,-0.05266113043761573,-0.020645056539097012,0.006312989651188835,0.038329063549707554,255,True,False,False,post-evaluation hypothesis-generating; independent future validation required,disjoint,879,0,0
ridge,False,extended_K,ridge::P_C_A,P_C_A,13,0.7037488634582502,ridge::D_B_M_P_C_A_K,prevalence,-0.047210377339133074,-0.015194303440614357,0.011763742749671478,0.043779816648190195,255,True,False,False,post-evaluation hypothesis-generating; independent future validation required,disjoint,879,0,0
ridge,False,extended_K,ridge::B_P_A,B_P_A,13,0.7044632492908885,ridge::D_B_M_P_C_A_K,prevalence,-0.0464959915064946,-0.01447991760797588,0.012478128582309976,0.04449420248082869,255,True,False,False,post-evaluation hypothesis-generating; independent future validation required,disjoint,879,0,0
ridge,False,extended_K,ridge::B_M_C_K,B_M_C_K,14,0.6696925173118135,ridge::D_B_M_P_C_A_K,prevalence,-0.08126672348556961,-0.049250649587050895,-0.022292603396765184,0.009723470501753533,255,True,False,False,post-evaluation hypothesis-generating; independent future validation required,disjoint,879,0,0
ridge,False,extended_K,ridge::B_M_P_C,B_M_P_C,14,0.6824917183823107,ridge::D_B_M_P_C_A_K,prevalence,-0.06846752241507266,-0.03645144851655394,-0.009493402326268155,0.02252267157225056,255,True,False,False,post-evaluation hypothesis-generating; independent future validation required,disjoint,879,0,0
ridge,False,extended_K,ridge::B_C_A_K,B_C_A_K,14,0.6832324598300266,ridge::D_B_M_P_C_A_K,prevalence,-0.06772678096735663,-0.03571070706883791,-0.008752660878552027,0.02326341301996669,255,True,False,False,post-evaluation hypothesis-generating; independent future validation required,disjoint,879,0,0
ridge,False,extended_K,ridge::B_M_A_K,B_M_A_K,14,0.6876743498851919,ridge::D_B_M_P_C_A_K,prevalence,-0.0632848909121913,-0.03126881701367259,-0.004310770823386807,0.027705303075131908,255,True,False,False,post-evaluation hypothesis-generating; independent future validation required,disjoint,879,0,0
ridge,False,extended_K,ridge::M_C_A_K,M_C_A_K,14,0.6901022276779214,ridge::D_B_M_P_C_A_K,prevalence,-0.06085701311946177,-0.02884093922094305,-0.0018828930306571986,0.030133180867861518,255,True,False,False,post-evaluation hypothesis-generating; independent future validation required,disjoint,879,0,0
ridge,False,extended_K,ridge::M_P_C_A,M_P_C_A,14,0.697440768430168,ridge::D_B_M_P_C_A_K,prevalence,-0.05351847236721503,-0.02150239846869631,0.005455647721589524,0.03747172162010824,255,True,False,False,post-evaluation hypothesis-generating; independent future validation required,disjoint,879,0,0
ridge,False,extended_K,ridge::B_M_P_A,B_M_P_A,14,0.6994989700913523,ridge::D_B_M_P_C_A_K,prevalence,-0.05146027070603078,-0.01944419680751206,0.007513849382773753,0.03952992328129247,255,True,False,False,post-evaluation hypothesis-generating; independent future validation required,disjoint,879,0,0
ridge,False,extended_K,ridge::B_P_C_A,B_P_C_A,14,0.7031102250669433,ridge::D_B_M_P_C_A_K,prevalence,-0.04784901573043978,-0.015832941831921063,0.011125104358364708,0.043141178256883427,255,True,False,False,post-evaluation hypothesis-generating; independent future validation required,disjoint,879,0,0
ridge,False,extended_K,ridge::B_M_C_A_K,B_M_C_A_K,15,0.6868113590147749,ridge::D_B_M_P_C_A_K,prevalence,-0.06414788178260825,-0.03213180788408953,-0.005173761693803724,0.02684231220471499,255,True,False,False,post-evaluation hypothesis-generating; independent future validation required,disjoint,879,0,0
ridge,False,extended_K,ridge::B_M_P_C_A,B_M_P_C_A,15,0.6983791473495269,ridge::D_B_M_P_C_A_K,prevalence,-0.05258009344785633,-0.020564019549337613,0.006394026640948201,0.03841010053946692,255,True,False,False,post-evaluation hypothesis-generating; independent future validation required,disjoint,879,0,0
ridge,False,extended_K,ridge::D_K,D_K,15,0.725204722110449,ridge::D_B_M_P_C_A_K,prevalence,-0.0257545186869343,0.006261555211584415,0.03321960140187025,0.06523567530038896,255,True,False,False,post-evaluation hypothesis-generating; independent future validation required,disjoint,879,0,0
ridge,False,extended_K,ridge::D_P,D_P,15,0.7485874945508104,ridge::D_B_M_P_C_A_K,prevalence,-0.0023717462465726786,0.029644327651946037,0.056602373842231844,0.08861844774075056,255,False,False,False,post-evaluation hypothesis-generating; independent future validation required,disjoint,879,0,0
ridge,False,extended_K,ridge::D_B_K,D_B_K,16,0.7165270317361837,ridge::D_B_M_P_C_A_K,prevalence,-0.03443220906119949,-0.0024161351626807714,0.02454191102760505,0.05655798492612377,255,True,False,False,post-evaluation hypothesis-generating; independent future validation required,disjoint,879,0,0
ridge,False,extended_K,ridge::D_C_K,D_C_K,16,0.7237828718783677,ridge::D_B_M_P_C_A_K,prevalence,-0.027176368919015603,0.004839704979503114,0.03179775116978896,0.06381382506830768,255,True,False,False,post-evaluation hypothesis-generating; independent future validation required,disjoint,879,0,0
ridge,False,extended_K,ridge::D_M_K,D_M_K,16,0.7285044983312814,ridge::D_B_M_P_C_A_K,prevalence,-0.022454742466101785,0.009561331432416931,0.03651937762270273,0.06853545152122145,255,True,False,False,post-evaluation hypothesis-generating; independent future validation required,disjoint,879,0,0
ridge,False,extended_K,ridge::D_B_P,D_B_P,16,0.7405018321972558,ridge::D_B_M_P_C_A_K,prevalence,-0.010457408600127515,0.021558665298391202,0.04851671148867703,0.08053278538719574,255,False,False,False,post-evaluation hypothesis-generating; independent future validation required,disjoint,879,0,0
ridge,False,extended_K,ridge::D_M_P,D_M_P,16,0.7425744406636318,ridge::D_B_M_P_C_A_K,prevalence,-0.008384800133751456,0.02363127376476726,0.05058931995505311,0.08260539385357182,255,False,False,False,post-evaluation hypothesis-generating; independent future validation required,disjoint,879,0,0
ridge,False,extended_K,ridge::D_P_C,D_P_C,16,0.7477252398396661,ridge::D_B_M_P_C_A_K,prevalence,-0.003234000957717132,0.028782072940801585,0.055740119131087375,0.08775619302960609,255,False,False,False,post-evaluation hypothesis-generating; independent future validation required,disjoint,879,0,0
ridge,False,extended_K,ridge::D_A_K,D_A_K,16,0.7507484226309695,ridge::D_B_M_P_C_A_K,prevalence,-0.00021081816641358976,0.031805255732105124,0.058763301922390994,0.09077937582090971,255,False,False,False,post-evaluation hypothesis-generating; independent future validation required,disjoint,879,0,0
ridge,False,extended_K,ridge::D_P_A,D_P_A,16,0.7720652237522679,ridge::D_B_M_P_C_A_K,prevalence,0.02110598295488479,0.05312205685340351,0.08008010304368934,0.11209617694220805,255,False,False,False,post-evaluation hypothesis-generating; independent future validation required,disjoint,879,0,0
ridge,False,extended_K,ridge::D_B_C_K,D_B_C_K,17,0.7152353912300684,ridge::D_B_M_P_C_A_K,prevalence,-0.0357238495673148,-0.0037077756687960844,0.023250270521489744,0.05526634442000846,255,True,False,False,post-evaluation hypothesis-generating; independent future validation required,disjoint,879,0,0
ridge,False,extended_K,ridge::D_B_M_K,D_B_M_K,17,0.7221071376364849,ridge::D_B_M_P_C_A_K,prevalence,-0.02885210316089816,0.003163970737620557,0.030122016927906378,0.062138090826425095,255,True,False,False,post-evaluation hypothesis-generating; independent future validation required,disjoint,879,0,0
ridge,False,extended_K,ridge::D_M_C_K,D_M_C_K,17,0.7279305245527506,ridge::D_B_M_P_C_A_K,prevalence,-0.023028716244632628,0.008987357653886089,0.03594540384417195,0.06796147774269067,255,True,False,False,post-evaluation hypothesis-generating; independent future validation required,disjoint,879,0,0
ridge,False,extended_K,ridge::D_B_M_P,D_B_M_P,17,0.7375247615926638,ridge::D_B_M_P_C_A_K,prevalence,-0.013434479204719374,0.018581594693799344,0.04553964088408516,0.07755571478260387,255,False,False,False,post-evaluation hypothesis-generating; independent future validation required,disjoint,879,0,0
ridge,False,extended_K,ridge::D_B_P_C,D_B_P_C,17,0.7391173037665102,ridge::D_B_M_P_C_A_K,prevalence,-0.01184193703087293,0.020174136867645787,0.047132183057931695,0.07914825695645042,255,False,False,False,post-evaluation hypothesis-generating; independent future validation required,disjoint,879,0,0
ridge,False,extended_K,ridge::D_B_A_K,D_B_A_K,17,0.7407319064019358,ridge::D_B_M_P_C_A_K,prevalence,-0.010227334395447306,0.021788739503071412,0.04874678569335725,0.08076285959187596,255,False,False,False,post-evaluation hypothesis-generating; independent future validation required,disjoint,879,0,0
ridge,False,extended_K,ridge::D_M_P_C,D_M_P_C,17,0.742012623436002,ridge::D_B_M_P_C_A_K,prevalence,-0.008946617361381002,0.023069456537137715,0.05002750272742356,0.08204357662594228,255,False,False,False,post-evaluation hypothesis-generating; independent future validation required,disjoint,879,0,0
ridge,False,extended_K,ridge::D_C_A_K,D_C_A_K,17,0.7497738977517046,ridge::D_B_M_P_C_A_K,prevalence,-0.0011853430456785932,0.030830730852840122,0.057788777043125905,0.08980485094164462,255,False,False,False,post-evaluation hypothesis-generating; independent future validation required,disjoint,879,0,0
ridge,False,extended_K,ridge::D_M_A_K,D_M_A_K,17,0.7536388761511145,ridge::D_B_M_P_C_A_K,prevalence,0.0026796353537313247,0.03469570925225004,0.061653755442535804,0.09366982934105453,255,False,False,False,post-evaluation hypothesis-generating; independent future validation required,disjoint,879,0,0
ridge,False,extended_K,ridge::D_B_P_A,D_B_P_A,17,0.762521443159472,ridge::D_B_M_P_C_A_K,prevalence,0.01156220236208872,0.04357827626060744,0.07053632245089336,0.10255239634941207,255,False,False,False,post-evaluation hypothesis-generating; independent future validation required,disjoint,879,0,0
ridge,False,extended_K,ridge::D_M_P_A,D_M_P_A,17,0.7661455338453222,ridge::D_B_M_P_C_A_K,prevalence,0.0151862930479391,0.04720236694645782,0.07416041313674378,0.1061764870352625,255,False,False,False,post-evaluation hypothesis-generating; independent future validation required,disjoint,879,0,0
ridge,False,extended_K,ridge::D_P_C_A,D_P_C_A,17,0.7719971182740666,ridge::D_B_M_P_C_A_K,prevalence,0.02103787747668349,0.053053951375202205,0.08001199756548812,0.11202807146400684,255,False,False,False,post-evaluation hypothesis-generating; independent future validation required,disjoint,879,0,0
ridge,False,extended_K,ridge::D_B_M_C_K,D_B_M_C_K,18,0.7212681319862104,ridge::D_B_M_P_C_A_K,prevalence,-0.029691108811172737,0.0023249650873459794,0.029283011277631787,0.0612990851761505,255,True,False,False,post-evaluation hypothesis-generating; independent future validation required,disjoint,879,0,0
ridge,False,extended_K,ridge::D_B_M_P_C,D_B_M_P_C,18,0.7364985403289916,ridge::D_B_M_P_C_A_K,prevalence,-0.014460700468391543,0.017555373430127176,0.044513419620413004,0.07652949351893172,255,False,False,False,post-evaluation hypothesis-generating; independent future validation required,disjoint,879,0,0
ridge,False,extended_K,ridge::D_B_C_A_K,D_B_C_A_K,18,0.7403321174886642,ridge::D_B_M_P_C_A_K,prevalence,-0.01062712330871892,0.021388950589799796,0.048346996780085555,0.08036307067860426,255,False,False,False,post-evaluation hypothesis-generating; independent future validation required,disjoint,879,0,0
ridge,False,extended_K,ridge::D_B_M_A_K,D_B_M_A_K,18,0.7460907254178625,ridge::D_B_M_P_C_A_K,prevalence,-0.004868515379520727,0.02714755851899799,0.05410560470928379,0.08612167860780251,255,False,False,False,post-evaluation hypothesis-generating; independent future validation required,disjoint,879,0,0
ridge,False,extended_K,ridge::D_M_C_A_K,D_M_C_A_K,18,0.7538324404720057,ridge::D_B_M_P_C_A_K,prevalence,0.0028731996746226415,0.03488927357314136,0.061847319763427125,0.09386339366194585,255,False,False,False,post-evaluation hypothesis-generating; independent future validation required,disjoint,879,0,0
ridge,False,extended_K,ridge::D_B_M_P_A,D_B_M_P_A,18,0.7588786629016528,ridge::D_B_M_P_C_A_K,prevalence,0.007919422104269668,0.03993549600278838,0.0668935421930742,0.0989096160915929,255,False,False,False,post-evaluation hypothesis-generating; independent future validation required,disjoint,879,0,0
ridge,False,extended_K,ridge::D_B_P_C_A,D_B_P_C_A,18,0.7616516491158439,ridge::D_B_M_P_C_A_K,prevalence,0.010692408318460698,0.04270848221697941,0.06966652840726523,0.10168260230578394,255,False,False,False,post-evaluation hypothesis-generating; independent future validation required,disjoint,879,0,0
ridge,False,extended_K,ridge::D_M_P_C_A,D_M_P_C_A,18,0.7661285263474468,ridge::D_B_M_P_C_A_K,prevalence,0.015169285550063633,0.04718535944858235,0.07414340563886822,0.10615947953738694,255,False,False,False,post-evaluation hypothesis-generating; independent future validation required,disjoint,879,0,0
ridge,False,extended_K,ridge::D_B_M_C_A_K,D_B_M_C_A_K,19,0.7460856179087824,ridge::D_B_M_P_C_A_K,prevalence,-0.004873622888600807,0.02714245100991791,0.054100497200203726,0.08611657109872245,255,False,False,False,post-evaluation hypothesis-generating; independent future validation required,disjoint,879,0,0
ridge,False,extended_K,ridge::D_B_M_P_C_A,D_B_M_P_C_A,19,0.7587796877424146,ridge::D_B_M_P_C_A_K,prevalence,0.007820446945031262,0.03983652084354998,0.06679456703383578,0.0988106409323545,255,False,False,False,post-evaluation hypothesis-generating; independent future validation required,disjoint,879,0,0
ridge,False,extended_K,ridge::P_K,P_K,22,0.6774283726177127,ridge::D_B_M_P_C_A_K,prevalence,-0.07353086817967044,-0.04151479428115173,-0.01455674809086601,0.017459325807652706,255,True,False,False,post-evaluation hypothesis-generating; independent future validation required,disjoint,879,0,0
ridge,False,extended_K,ridge::B_P_K,B_P_K,23,0.6735482251563822,ridge::D_B_M_P_C_A_K,prevalence,-0.07741101564100085,-0.04539494174248213,-0.01843689555219634,0.013579178346322378,255,True,False,False,post-evaluation hypothesis-generating; independent future validation required,disjoint,879,0,0
ridge,False,extended_K,ridge::P_C_K,P_C_K,23,0.6757921368960114,ridge::D_B_M_P_C_A_K,prevalence,-0.07516710390137199,-0.04315103000285327,-0.016192983812567407,0.01582309008595131,255,True,False,False,post-evaluation hypothesis-generating; independent future validation required,disjoint,879,0,0
ridge,False,extended_K,ridge::M_P_K,M_P_K,23,0.6781622055301503,ridge::D_B_M_P_C_A_K,prevalence,-0.07279703526723294,-0.04078096136871422,-0.01382291517842838,0.018193158720090336,255,True,False,False,post-evaluation hypothesis-generating; independent future validation required,disjoint,879,0,0
ridge,False,extended_K,ridge::P_A_K,P_A_K,23,0.6932093311130978,ridge::D_B_M_P_C_A_K,prevalence,-0.05774990968428529,-0.025733835785766573,0.0012242104045192593,0.03324028430303798,255,True,False,False,post-evaluation hypothesis-generating; independent future validation required,disjoint,879,0,0
ridge,False,extended_K,ridge::B_P_C_K,B_P_C_K,24,0.6718433913178982,ridge::D_B_M_P_C_A_K,prevalence,-0.07911584947948504,-0.04709977558096632,-0.02014172939068051,0.011874344507838207,255,True,False,False,post-evaluation hypothesis-generating; independent future validation required,disjoint,879,0,0
ridge,False,extended_K,ridge::B_M_P_K,B_M_P_K,24,0.6763880962431165,ridge::D_B_M_P_C_A_K,prevalence,-0.07457114455426674,-0.04255507065574802,-0.01559702446546223,0.016419049433056485,255,True,False,False,post-evaluation hypothesis-generating; independent future validation required,disjoint,879,0,0
ridge,False,extended_K,ridge::M_P_C_K,M_P_C_K,24,0.676835239071917,ridge::D_B_M_P_C_A_K,prevalence,-0.07412400172546613,-0.04210792782694741,-0.015149881636661639,0.01686619226185708,255,True,False,False,post-evaluation hypothesis-generating; independent future validation required,disjoint,879,0,0
ridge,False,extended_K,ridge::B_P_A_K,B_P_A_K,24,0.6888094367674855,ridge::D_B_M_P_C_A_K,prevalence,-0.06214980402989774,-0.030133730131379023,-0.003175683941093145,0.02884038995742557,255,True,False,False,post-evaluation hypothesis-generating; independent future validation required,disjoint,879,0,0
ridge,False,extended_K,ridge::P_C_A_K,P_C_A_K,24,0.6919005048947204,ridge::D_B_M_P_C_A_K,prevalence,-0.05905873590266266,-0.027042662004143944,-8.461581385813036e-05,0.03193145808466059,255,True,False,False,post-evaluation hypothesis-generating; independent future validation required,disjoint,879,0,0
ridge,False,extended_K,ridge::M_P_A_K,M_P_A_K,24,0.693585463656141,ridge::D_B_M_P_C_A_K,prevalence,-0.05737377714124205,-0.02535770324272333,0.0016003429475624552,0.033616416846081174,255,True,False,False,post-evaluation hypothesis-generating; independent future validation required,disjoint,879,0,0
ridge,False,extended_K,ridge::B_M_P_C_K,B_M_P_C_K,25,0.6749475165082719,ridge::D_B_M_P_C_A_K,prevalence,-0.07601172428911128,-0.04399565039059256,-0.017037604200306682,0.014978469698212035,255,True,False,False,post-evaluation hypothesis-generating; independent future validation required,disjoint,879,0,0
ridge,False,extended_K,ridge::B_P_C_A_K,B_P_C_A_K,25,0.6873816199201883,ridge::D_B_M_P_C_A_K,prevalence,-0.06357762087719505,-0.03156154697867634,-0.004603500788390492,0.027412573110128225,255,True,False,False,post-evaluation hypothesis-generating; independent future validation required,disjoint,879,0,0
ridge,False,extended_K,ridge::B_M_P_A_K,B_M_P_A_K,25,0.6913527981909983,ridge::D_B_M_P_C_A_K,prevalence,-0.05960644260638484,-0.027590368707866124,-0.0006323225175803315,0.031383751380938386,255,True,False,False,post-evaluation hypothesis-generating; independent future validation required,disjoint,879,0,0
ridge,False,extended_K,ridge::M_P_C_A_K,M_P_C_A_K,25,0.6926448147363056,ridge::D_B_M_P_C_A_K,prevalence,-0.05831442606107746,-0.02629835216255874,0.0006596940277269937,0.03267576792624571,255,True,False,False,post-evaluation hypothesis-generating; independent future validation required,disjoint,879,0,0
ridge,False,extended_K,ridge::B_M_P_C_A_K,B_M_P_C_A_K,26,0.6903081562263854,ridge::D_B_M_P_C_A_K,prevalence,-0.06065108457099772,-0.028635010672479005,-0.0016769644821931886,0.03033910941632553,255,True,False,False,post-evaluation hypothesis-generating; independent future validation required,disjoint,879,0,0
ridge,False,extended_K,ridge::D_P_K,D_P_K,26,0.7335408102528712,ridge::D_B_M_P_C_A_K,prevalence,-0.017418430544511997,0.01459764335400672,0.04155568954429254,0.07357176344281126,255,False,False,False,post-evaluation hypothesis-generating; independent future validation required,disjoint,879,0,0
ridge,False,extended_K,ridge::D_B_P_K,D_B_P_K,27,0.7265903634357389,ridge::D_B_M_P_C_A_K,prevalence,-0.024368877361644115,0.007647196536874602,0.03460524272716038,0.0666213166256791,255,True,False,False,post-evaluation hypothesis-generating; independent future validation required,disjoint,879,0,0
ridge,False,extended_K,ridge::D_P_C_K,D_P_C_K,27,0.7320216938203086,ridge::D_B_M_P_C_A_K,prevalence,-0.01893754697707463,0.013078526921444088,0.0400365731117299,0.07205264701024862,255,False,False,False,post-evaluation hypothesis-generating; independent future validation required,disjoint,879,0,0
ridge,False,extended_K,ridge::D_M_P_K,D_M_P_K,27,0.7348808289929324,ridge::D_B_M_P_C_A_K,prevalence,-0.016078411804450958,0.01593766209406776,0.04289570828435357,0.07491178218287228,255,False,False,False,post-evaluation hypothesis-generating; independent future validation required,disjoint,879,0,0
ridge,False,extended_K,ridge::D_P_A_K,D_P_A_K,27,0.7568127115551958,ridge::D_B_M_P_C_A_K,prevalence,0.0058534707578126715,0.03786954465633139,0.06482759084661713,0.09684366474513584,255,False,False,False,post-evaluation hypothesis-generating; independent future validation required,disjoint,879,0,0
ridge,False,extended_K,ridge::D_B_P_C_K,D_B_P_C_K,28,0.724967065525716,ridge::D_B_M_P_C_A_K,prevalence,-0.02599217527166712,0.006023898626851598,0.0329819448171374,0.06499801871565611,255,True,False,False,post-evaluation hypothesis-generating; independent future validation required,disjoint,879,0,0
ridge,False,extended_K,ridge::D_B_M_P_K,D_B_M_P_K,28,0.7296853359751047,ridge::D_B_M_P_C_A_K,prevalence,-0.02127390482227861,0.010742169076240107,0.037700215266525956,0.06971628916504467,255,False,False,False,post-evaluation hypothesis-generating; independent future validation required,disjoint,879,0,0
ridge,False,extended_K,ridge::D_M_P_C_K,D_M_P_C_K,28,0.733786881851757,ridge::D_B_M_P_C_A_K,prevalence,-0.01717235894562616,0.014843714952892557,0.04180176114317837,0.07381783504169709,255,False,False,False,post-evaluation hypothesis-generating; independent future validation required,disjoint,879,0,0
ridge,False,extended_K,ridge::D_B_P_A_K,D_B_P_A_K,28,0.7480461393688025,ridge::D_B_M_P_C_A_K,prevalence,-0.002913101428580841,0.029102972469937875,0.056061018660223685,0.08807709255874241,255,False,False,False,post-evaluation hypothesis-generating; independent future validation required,disjoint,879,0,0
ridge,False,extended_K,ridge::D_P_C_A_K,D_P_C_A_K,28,0.7558646370559099,ridge::D_B_M_P_C_A_K,prevalence,0.004905396258526874,0.03692147015704559,0.06387951634733138,0.09589559024585009,255,False,False,False,post-evaluation hypothesis-generating; independent future validation required,disjoint,879,0,0
ridge,False,extended_K,ridge::D_M_P_A_K,D_M_P_A_K,28,0.7577861593713223,ridge::D_B_M_P_C_A_K,prevalence,0.006826918573939155,0.03884299247245787,0.06580103866274369,0.09781711256126241,255,False,False,False,post-evaluation hypothesis-generating; independent future validation required,disjoint,879,0,0
ridge,False,extended_K,ridge::D_B_M_P_C_K,D_B_M_P_C_K,29,0.728692409534081,ridge::D_B_M_P_C_A_K,prevalence,-0.022266831263302155,0.009749242635216562,0.036707288825502324,0.06872336272402105,255,True,False,False,post-evaluation hypothesis-generating; independent future validation required,disjoint,879,0,0
ridge,False,extended_K,ridge::D_B_P_C_A_K,D_B_P_C_A_K,29,0.7473835015659239,ridge::D_B_M_P_C_A_K,prevalence,-0.003575739231459322,0.028440334667059395,0.055398380857345185,0.0874144547558639,255,False,False,False,post-evaluation hypothesis-generating; independent future validation required,disjoint,879,0,0
ridge,False,extended_K,ridge::D_B_M_P_A_K,D_B_M_P_A_K,29,0.7511620866978805,ridge::D_B_M_P_C_A_K,prevalence,0.00020284590049743514,0.03221891979901615,0.05917696598930199,0.09119303988782071,255,False,False,False,post-evaluation hypothesis-generating; independent future validation required,disjoint,879,0,0
ridge,False,extended_K,ridge::D_M_P_C_A_K,D_M_P_C_A_K,29,0.7575263014654385,ridge::D_B_M_P_C_A_K,prevalence,0.00656706066805534,0.03858313456657406,0.06554118075685986,0.09755725465537857,255,False,False,False,post-evaluation hypothesis-generating; independent future validation required,disjoint,879,0,0
ridge,False,extended_K,ridge::D_B_M_P_C_A_K,D_B_M_P_C_A_K,30,0.7509592407973831,ridge::D_B_M_P_C_A_K,prevalence,0.0,0.0,0.05897412008880454,0.09099019398732325,255,True,False,False,post-evaluation hypothesis-generating; independent future validation required,disjoint,879,0,0
ridge_fixed,False,extended_K,ridge_fixed::NONE,NONE,0,0.6919851207085788,ridge_fixed::D_B_M_P_C_A_K,prevalence,-0.02311233258200726,0.001799628139671692,0.0,0.024911960721678953,255,True,False,False,post-evaluation hypothesis-generating; independent future validation required,disjoint,879,0,0
ridge_fixed,False,extended_K,ridge_fixed::M,M,1,0.684543868802342,ridge_fixed::D_B_M_P_C_A_K,prevalence,-0.030553584488243992,-0.005641623766565039,-0.007441251906236688,0.017470708815442264,255,True,False,False,post-evaluation hypothesis-generating; independent future validation required,disjoint,879,0,0
ridge_fixed,False,extended_K,ridge_fixed::B,B,1,0.6849243747157531,ridge_fixed::D_B_M_P_C_A_K,prevalence,-0.030173078574833045,-0.005261117853154092,-0.007060745992825894,0.01785121472885306,255,True,False,False,post-evaluation hypothesis-generating; independent future validation required,disjoint,879,0,0
ridge_fixed,False,extended_K,ridge_fixed::C,C,1,0.6905207914744504,ridge_fixed::D_B_M_P_C_A_K,prevalence,-0.024576661816135426,0.0003352989055435268,-0.001464329234128094,0.023447631487550857,255,True,False,False,post-evaluation hypothesis-generating; independent future validation required,disjoint,879,0,0
ridge_fixed,False,extended_K,ridge_fixed::A,A,1,0.7090287375237886,ridge_fixed::D_B_M_P_C_A_K,prevalence,-0.006068715766797267,0.018843244954881686,0.017043616815209967,0.041955577536888916,255,False,False,False,post-evaluation hypothesis-generating; independent future validation required,disjoint,879,0,0
ridge_fixed,False,extended_K,ridge_fixed::B_M,B_M,2,0.6806102886982,ridge_fixed::D_B_M_P_C_A_K,prevalence,-0.03448716459238587,-0.009575203870706917,-0.011374832010378744,0.013537128711300209,255,True,False,False,post-evaluation hypothesis-generating; independent future validation required,disjoint,879,0,0
ridge_fixed,False,extended_K,ridge_fixed::M_C,M_C,2,0.6832500725182369,ridge_fixed::D_B_M_P_C_A_K,prevalence,-0.0318473807723489,-0.006935420050669949,-0.008735048190341625,0.01617691253133733,255,True,False,False,post-evaluation hypothesis-generating; independent future validation required,disjoint,879,0,0
ridge_fixed,False,extended_K,ridge_fixed::B_C,B_C,2,0.6833804036166297,ridge_fixed::D_B_M_P_C_A_K,prevalence,-0.03171704967395621,-0.006805088952277254,-0.008604717091948861,0.016307243629730094,255,True,False,False,post-evaluation hypothesis-generating; independent future validation required,disjoint,879,0,0
ridge_fixed,False,extended_K,ridge_fixed::M_A,M_A,2,0.7013093326114458,ridge_fixed::D_B_M_P_C_A_K,prevalence,-0.013788120679140103,0.01112384004253885,0.009324211902867209,0.03423617262454616,255,False,False,False,post-evaluation hypothesis-generating; independent future validation required,disjoint,879,0,0
ridge_fixed,False,extended_K,ridge_fixed::B_A,B_A,2,0.7019928071036946,ridge_fixed::D_B_M_P_C_A_K,prevalence,-0.01310464618689122,0.011807314534787733,0.010007686395116034,0.03491964711679499,255,False,False,False,post-evaluation hypothesis-generating; independent future validation required,disjoint,879,0,0
ridge_fixed,False,extended_K,ridge_fixed::C_A,C_A,2,0.7079853986869922,ridge_fixed::D_B_M_P_C_A_K,prevalence,-0.007112054603593722,0.01779990611808523,0.01600027797841355,0.0409122387000925,255,False,False,False,post-evaluation hypothesis-generating; independent future validation required,disjoint,879,0,0
ridge_fixed,False,extended_K,ridge_fixed::B_M_C,B_M_C,3,0.6792627695494188,ridge_fixed::D_B_M_P_C_A_K,prevalence,-0.03583468374116713,-0.010922723019488174,-0.012722351159159867,0.012189609562519086,255,True,False,False,post-evaluation hypothesis-generating; independent future validation required,disjoint,879,0,0
ridge_fixed,False,extended_K,ridge_fixed::B_M_A,B_M_A,3,0.6973720908334191,ridge_fixed::D_B_M_P_C_A_K,prevalence,-0.01772536245716671,0.007186598264512244,0.005386970124840566,0.03029893084651952,255,True,False,False,post-evaluation hypothesis-generating; independent future validation required,disjoint,879,0,0
ridge_fixed,False,extended_K,ridge_fixed::M_C_A,M_C_A,3,0.7003435119592153,ridge_fixed::D_B_M_P_C_A_K,prevalence,-0.014753941331370613,0.01015801939030834,0.00835839125063665,0.03327035197231561,255,False,False,False,post-evaluation hypothesis-generating; independent future validation required,disjoint,879,0,0
ridge_fixed,False,extended_K,ridge_fixed::B_C_A,B_C_A,3,0.7008367293557343,ridge_fixed::D_B_M_P_C_A_K,prevalence,-0.014260723934851583,0.01065123678682737,0.008851608647155687,0.03376356936883464,255,False,False,False,post-evaluation hypothesis-generating; independent future validation required,disjoint,879,0,0
ridge_fixed,False,extended_K,ridge_fixed::B_M_C_A,B_M_C_A,4,0.6963669753331386,ridge_fixed::D_B_M_P_C_A_K,prevalence,-0.018730477957447263,0.00618148276423169,0.004381854624560009,0.029293815346238962,255,True,False,False,post-evaluation hypothesis-generating; independent future validation required,disjoint,879,0,0
ridge_fixed,False,extended_K,ridge_fixed::D,D,4,0.7119273866846728,ridge_fixed::D_B_M_P_C_A_K,prevalence,-0.003170066605913127,0.021741894115765825,0.01994226597609413,0.044854226697773086,255,False,False,False,post-evaluation hypothesis-generating; independent future validation required,disjoint,879,0,0
ridge_fixed,False,extended_K,ridge_fixed::D_B,D_B,5,0.7029477199140016,ridge_fixed::D_B_M_P_C_A_K,prevalence,-0.012149733376584183,0.01276222734509477,0.010962599205423081,0.035874559927102034,255,False,False,False,post-evaluation hypothesis-generating; independent future validation required,disjoint,879,0,0
ridge_fixed,False,extended_K,ridge_fixed::D_M,D_M,5,0.7059155134023358,ridge_fixed::D_B_M_P_C_A_K,prevalence,-0.009181939888249974,0.01573002083342898,0.013930392693757296,0.03884235341543625,255,False,False,False,post-evaluation hypothesis-generating; independent future validation required,disjoint,879,0,0
ridge_fixed,False,extended_K,ridge_fixed::D_C,D_C,5,0.7107016496671561,ridge_fixed::D_B_M_P_C_A_K,prevalence,-0.00439580362342987,0.020516157098249083,0.018716528958577384,0.04362848968025634,255,False,False,False,post-evaluation hypothesis-generating; independent future validation required,disjoint,879,0,0
ridge_fixed,False,extended_K,ridge_fixed::D_A,D_A,5,0.7325053755079098,ridge_fixed::D_B_M_P_C_A_K,prevalence,0.017407922217323846,0.042319882939002795,0.04052025479933111,0.06543221552101006,255,False,False,False,post-evaluation hypothesis-generating; independent future validation required,disjoint,879,0,0
ridge_fixed,False,extended_K,ridge_fixed::D_B_M,D_B_M,6,0.7004096595571694,ridge_fixed::D_B_M_P_C_A_K,prevalence,-0.014687793733416426,0.010224166988262527,0.008424538848590866,0.03333649957026982,255,False,False,False,post-evaluation hypothesis-generating; independent future validation required,disjoint,879,0,0
ridge_fixed,False,extended_K,ridge_fixed::D_B_C,D_B_C,6,0.701862325845152,ridge_fixed::D_B_M_P_C_A_K,prevalence,-0.013235127445433988,0.011676833276244965,0.009877205136573286,0.03478916585825224,255,False,False,False,post-evaluation hypothesis-generating; independent future validation required,disjoint,879,0,0
ridge_fixed,False,extended_K,ridge_fixed::D_M_C,D_M_C,6,0.7051993939946922,ridge_fixed::D_B_M_P_C_A_K,prevalence,-0.00989805929589356,0.015013901425785393,0.013214273286113689,0.03812623400779264,255,False,False,False,post-evaluation hypothesis-generating; independent future validation required,disjoint,879,0,0
ridge_fixed,False,extended_K,ridge_fixed::D_B_A,D_B_A,6,0.7231889789679439,ridge_fixed::D_B_M_P_C_A_K,prevalence,0.008091525677357981,0.033003486399036934,0.031203858259365235,0.05611581898104419,255,False,False,False,post-evaluation hypothesis-generating; independent future validation required,disjoint,879,0,0
ridge_fixed,False,extended_K,ridge_fixed::D_M_A,D_M_A,6,0.7262511870907479,ridge_fixed::D_B_M_P_C_A_K,prevalence,0.011153733800161998,0.036065694521840955,0.034266066382169294,0.059178027103848244,255,False,False,False,post-evaluation hypothesis-generating; independent future validation required,disjoint,879,0,0
ridge_fixed,False,extended_K,ridge_fixed::D_C_A,D_C_A,6,0.7318184220958166,ridge_fixed::D_B_M_P_C_A_K,prevalence,0.016720968805230656,0.04163292952690961,0.03983330138723795,0.0647452621089169,255,False,False,False,post-evaluation hypothesis-generating; independent future validation required,disjoint,879,0,0
ridge_fixed,False,extended_K,ridge_fixed::D_B_M_C,D_B_M_C,7,0.6998501503177941,ridge_fixed::D_B_M_P_C_A_K,prevalence,-0.01524730297279172,0.009664657748887234,0.007865029609215543,0.0327769903308945,255,True,False,False,post-evaluation hypothesis-generating; independent future validation required,disjoint,879,0,0
ridge_fixed,False,extended_K,ridge_fixed::D_B_M_A,D_B_M_A,7,0.7204576011319856,ridge_fixed::D_B_M_P_C_A_K,prevalence,0.005360147841399753,0.030272108563078708,0.028472480423407005,0.05338444114508596,255,False,False,False,post-evaluation hypothesis-generating; independent future validation required,disjoint,879,0,0
ridge_fixed,False,extended_K,ridge_fixed::D_B_C_A,D_B_C_A,7,0.7224587824459886,ridge_fixed::D_B_M_P_C_A_K,prevalence,0.007361329155402668,0.03227328987708162,0.03047366173740992,0.055385622459088873,255,False,False,False,post-evaluation hypothesis-generating; independent future validation required,disjoint,879,0,0
ridge_fixed,False,extended_K,ridge_fixed::D_M_C_A,D_M_C_A,7,0.7257904761223262,ridge_fixed::D_B_M_P_C_A_K,prevalence,0.010693022831740312,0.03560498355341926,0.0338053554137476,0.05871731613542655,255,False,False,False,post-evaluation hypothesis-generating; independent future validation required,disjoint,879,0,0
ridge_fixed,False,extended_K,ridge_fixed::D_B_M_C_A,D_B_M_C_A,8,0.7200148934771019,ridge_fixed::D_B_M_P_C_A_K,prevalence,0.004917440186516058,0.02982940090819501,0.028029772768523285,0.05294173349020224,255,False,False,False,post-evaluation hypothesis-generating; independent future validation required,disjoint,879,0,0
ridge_fixed,False,extended_K,ridge_fixed::K,K,11,0.6727187278318393,ridge_fixed::D_B_M_P_C_A_K,prevalence,-0.042378725458746554,-0.0174667647370676,-0.01926639287673926,0.005645567844939692,255,True,False,False,post-evaluation hypothesis-generating; independent future validation required,disjoint,879,0,0
ridge_fixed,False,extended_K,ridge_fixed::P,P,11,0.6935926103454817,ridge_fixed::D_B_M_P_C_A_K,prevalence,-0.021504842945104095,0.0034071177765748577,0.001607489636903162,0.026519450358582115,255,True,False,False,post-evaluation hypothesis-generating; independent future validation required,disjoint,879,0,0
ridge_fixed,False,extended_K,ridge_fixed::B_K,B_K,12,0.6672355274549842,ridge_fixed::D_B_M_P_C_A_K,prevalence,-0.047861925835601796,-0.022949965113922843,-0.02474959325359453,0.00016236746808442198,255,True,False,False,post-evaluation hypothesis-generating; independent future validation required,disjoint,879,0,0
ridge_fixed,False,extended_K,ridge_fixed::C_K,C_K,12,0.6712878841633053,ridge_fixed::D_B_M_P_C_A_K,prevalence,-0.04380956912728048,-0.018897608405601524,-0.02069723654527332,0.004214724176405633,255,True,False,False,post-evaluation hypothesis-generating; independent future validation required,disjoint,879,0,0
ridge_fixed,False,extended_K,ridge_fixed::M_K,M_K,12,0.6740551254727445,ridge_fixed::D_B_M_P_C_A_K,prevalence,-0.04104232781784138,-0.01613036709616243,-0.01792999523583419,0.006981965485844763,255,True,False,False,post-evaluation hypothesis-generating; independent future validation required,disjoint,879,0,0
ridge_fixed,False,extended_K,ridge_fixed::M_P,M_P,12,0.6862292544059745,ridge_fixed::D_B_M_P_C_A_K,prevalence,-0.028868198884611406,-0.003956238162932453,-0.00575586630260417,0.019156094419074784,255,True,False,False,post-evaluation hypothesis-generating; independent future validation required,disjoint,879,0,0
ridge_fixed,False,extended_K,ridge_fixed::B_P,B_P,12,0.6886121915910545,ridge_fixed::D_B_M_P_C_A_K,prevalence,-0.02648526169953157,-0.001573300977852618,-0.003372929117524299,0.021539031604154654,255,True,False,False,post-evaluation hypothesis-generating; independent future validation required,disjoint,879,0,0
ridge_fixed,False,extended_K,ridge_fixed::A_K,A_K,12,0.6899937589807384,ridge_fixed::D_B_M_P_C_A_K,prevalence,-0.025103694309847543,-0.0001917335881685897,-0.0019913617278402803,0.02292059899383867,255,True,False,False,post-evaluation hypothesis-generating; independent future validation required,disjoint,879,0,0
ridge_fixed,False,extended_K,ridge_fixed::P_C,P_C,12,0.6920611663173336,ridge_fixed::D_B_M_P_C_A_K,prevalence,-0.023036286973252367,0.001875673748426586,7.60456087548974e-05,0.02498800633043385,255,True,False,False,post-evaluation hypothesis-generating; independent future validation required,disjoint,879,0,0
ridge_fixed,False,extended_K,ridge_fixed::P_A,P_A,12,0.7099032209948125,ridge_fixed::D_B_M_P_C_A_K,prevalence,-0.005194232295773435,0.019717728425905516,0.017918100286233807,0.042830061007912756,255,False,False,False,post-evaluation hypothesis-generating; independent future validation required,disjoint,879,0,0
ridge_fixed,False,extended_K,ridge_fixed::B_C_K,B_C_K,13,0.6657892073729653,ridge_fixed::D_B_M_P_C_A_K,prevalence,-0.049308245917620556,-0.024396285195941603,-0.026195913335613323,-0.00128395261393437,255,True,True,True,post-evaluation hypothesis-generating; independent future validation required,disjoint,879,1,1
ridge_fixed,False,extended_K,ridge_fixed::B_M_K,B_M_K,13,0.6708757836742086,ridge_fixed::D_B_M_P_C_A_K,prevalence,-0.044221669616377156,-0.019309708894698203,-0.021109337034369843,0.0038026236873091104,255,True,False,False,post-evaluation hypothesis-generating; independent future validation required,disjoint,879,0,0
ridge_fixed,False,extended_K,ridge_fixed::M_C_K,M_C_K,13,0.6729683485024963,ridge_fixed::D_B_M_P_C_A_K,prevalence,-0.042129104788089684,-0.01721714406641073,-0.019016772206082402,0.005895188515596551,255,True,False,False,post-evaluation hypothesis-generating; independent future validation required,disjoint,879,0,0
ridge_fixed,False,extended_K,ridge_fixed::B_M_P,B_M_P,13,0.6840027898623124,ridge_fixed::D_B_M_P_C_A_K,prevalence,-0.031094663428273453,-0.0061827027065945,-0.007982330846266183,0.01692962987541277,255,True,False,False,post-evaluation hypothesis-generating; independent future validation required,disjoint,879,0,0
ridge_fixed,False,extended_K,ridge_fixed::B_A_K,B_A_K,13,0.6844879629634261,ridge_fixed::D_B_M_P_C_A_K,prevalence,-0.030609490327159785,-0.005697529605480832,-0.007497157745152532,0.017414802976526422,255,True,False,False,post-evaluation hypothesis-generating; independent future validation required,disjoint,879,0,0
ridge_fixed,False,extended_K,ridge_fixed::M_P_C,M_P_C,13,0.6848196371174683,ridge_fixed::D_B_M_P_C_A_K,prevalence,-0.030277816173117533,-0.00536585545143858,-0.007165483591110284,0.01774647713056867,255,True,False,False,post-evaluation hypothesis-generating; independent future validation required,disjoint,879,0,0
ridge_fixed,False,extended_K,ridge_fixed::B_P_C,B_P_C,13,0.6869381373775042,ridge_fixed::D_B_M_P_C_A_K,prevalence,-0.02815931591308174,-0.0032473551914027864,-0.005046983331074471,0.01986497739060448,255,True,False,False,post-evaluation hypothesis-generating; independent future validation required,disjoint,879,0,0
ridge_fixed,False,extended_K,ridge_fixed::C_A_K,C_A_K,13,0.6888241709143063,ridge_fixed::D_B_M_P_C_A_K,prevalence,-0.02627328237627954,-0.0013613216546005877,-0.00316094979427228,0.021751010927406673,255,True,False,False,post-evaluation hypothesis-generating; independent future validation required,disjoint,879,0,0
ridge_fixed,False,extended_K,ridge_fixed::M_A_K,M_A_K,13,0.6908770335128247,ridge_fixed::D_B_M_P_C_A_K,prevalence,-0.02422041977776116,0.0006915409439177921,-0.0011080871957538786,0.023803873525925074,255,True,False,False,post-evaluation hypothesis-generating; independent future validation required,disjoint,879,0,0
ridge_fixed,False,extended_K,ridge_fixed::M_P_A,M_P_A,13,0.7022815285303663,ridge_fixed::D_B_M_P_C_A_K,prevalence,-0.012815924760219637,0.012096035961459316,0.010296407821787618,0.03520836854346657,255,False,False,False,post-evaluation hypothesis-generating; independent future validation required,disjoint,879,0,0
ridge_fixed,False,extended_K,ridge_fixed::B_P_A,B_P_A,13,0.7044632492908885,ridge_fixed::D_B_M_P_C_A_K,prevalence,-0.010634203999697308,0.014277756721981645,0.012478128582309976,0.03739008930398893,255,False,False,False,post-evaluation hypothesis-generating; independent future validation required,disjoint,879,0,0
ridge_fixed,False,extended_K,ridge_fixed::P_C_A,P_C_A,13,0.7087617477032137,ridge_fixed::D_B_M_P_C_A_K,prevalence,-0.006335705587372292,0.018576255134306663,0.016776626994634967,0.041688587716313924,255,False,False,False,post-evaluation hypothesis-generating; independent future validation required,disjoint,879,0,0
ridge_fixed,False,extended_K,ridge_fixed::B_M_C_K,B_M_C_K,14,0.6696925173118135,ridge_fixed::D_B_M_P_C_A_K,prevalence,-0.04540493597877235,-0.020492975257093395,-0.022292603396765184,0.0026193573249137687,255,True,False,False,post-evaluation hypothesis-generating; independent future validation required,disjoint,879,0,0
ridge_fixed,False,extended_K,ridge_fixed::B_M_P_C,B_M_P_C,14,0.6824917183823107,ridge_fixed::D_B_M_P_C_A_K,prevalence,-0.03260573490827542,-0.007693774186596464,-0.009493402326268155,0.015418558395410798,255,True,False,False,post-evaluation hypothesis-generating; independent future validation required,disjoint,879,0,0
ridge_fixed,False,extended_K,ridge_fixed::B_C_A_K,B_C_A_K,14,0.6832324598300266,ridge_fixed::D_B_M_P_C_A_K,prevalence,-0.03186499346055932,-0.006953032738880368,-0.008752660878552027,0.016159299843126924,255,True,False,False,post-evaluation hypothesis-generating; independent future validation required,disjoint,879,0,0
ridge_fixed,False,extended_K,ridge_fixed::B_M_A_K,B_M_A_K,14,0.6876743498851919,ridge_fixed::D_B_M_P_C_A_K,prevalence,-0.027423103405394108,-0.002511142683715155,-0.004310770823386807,0.020601189898292148,255,True,False,False,post-evaluation hypothesis-generating; independent future validation required,disjoint,879,0,0
ridge_fixed,False,extended_K,ridge_fixed::M_C_A_K,M_C_A_K,14,0.6901022276779214,ridge_fixed::D_B_M_P_C_A_K,prevalence,-0.02499522561266446,-8.326489098550716e-05,-0.0018828930306571986,0.023029067691021754,255,True,False,False,post-evaluation hypothesis-generating; independent future validation required,disjoint,879,0,0
ridge_fixed,False,extended_K,ridge_fixed::B_M_P_A,B_M_P_A,14,0.6994989700913523,ridge_fixed::D_B_M_P_C_A_K,prevalence,-0.015598483199233506,0.009313477522445447,0.007513849382773753,0.03242581010445271,255,True,False,False,post-evaluation hypothesis-generating; independent future validation required,disjoint,879,0,0
ridge_fixed,False,extended_K,ridge_fixed::M_P_C_A,M_P_C_A,14,0.7012433666725506,ridge_fixed::D_B_M_P_C_A_K,prevalence,-0.013854086618035345,0.011057874103643608,0.00925824596397192,0.03417020668565087,255,False,False,False,post-evaluation hypothesis-generating; independent future validation required,disjoint,879,0,0
ridge_fixed,False,extended_K,ridge_fixed::B_P_C_A,B_P_C_A,14,0.7031102250669433,ridge_fixed::D_B_M_P_C_A_K,prevalence,-0.011987228223642545,0.012924732498036409,0.011125104358364708,0.03603706508004366,255,False,False,False,post-evaluation hypothesis-generating; independent future validation required,disjoint,879,0,0
ridge_fixed,False,extended_K,ridge_fixed::B_M_C_A_K,B_M_C_A_K,15,0.6868113590147749,ridge_fixed::D_B_M_P_C_A_K,prevalence,-0.028286094275811004,-0.0033741335541320507,-0.005173761693803724,0.019738199027875228,255,True,False,False,post-evaluation hypothesis-generating; independent future validation required,disjoint,879,0,0
ridge_fixed,False,extended_K,ridge_fixed::D_K,D_K,15,0.694779553240334,ridge_fixed::D_B_M_P_C_A_K,prevalence,-0.02031790005025178,0.004594060671427175,0.002794432531755492,0.027706393253434446,255,True,False,False,post-evaluation hypothesis-generating; independent future validation required,disjoint,879,0,0
ridge_fixed,False,extended_K,ridge_fixed::B_M_P_C_A,B_M_P_C_A,15,0.6983791473495269,ridge_fixed::D_B_M_P_C_A_K,prevalence,-0.01671830594105909,0.008193654780619862,0.006394026640948201,0.03130598736262716,255,True,False,False,post-evaluation hypothesis-generating; independent future validation required,disjoint,879,0,0
ridge_fixed,False,extended_K,ridge_fixed::D_P,D_P,15,0.7159178175597093,ridge_fixed::D_B_M_P_C_A_K,prevalence,0.0008203642691234291,0.025732324990802382,0.02393269685113069,0.04884465757280965,255,False,False,False,post-evaluation hypothesis-generating; independent future validation required,disjoint,879,0,0
ridge_fixed,False,extended_K,ridge_fixed::D_B_K,D_B_K,16,0.6874315204590685,ridge_fixed::D_B_M_P_C_A_K,prevalence,-0.027665932831517314,-0.002753972109838361,-0.0045536002495100815,0.020358360472168872,255,True,False,False,post-evaluation hypothesis-generating; independent future validation required,disjoint,879,0,0
ridge_fixed,False,extended_K,ridge_fixed::D_C_K,D_C_K,16,0.6936326492225576,ridge_fixed::D_B_M_P_C_A_K,prevalence,-0.02146480406802825,0.003447156653650703,0.0016475285139790135,0.026559489235657967,255,True,False,False,post-evaluation hypothesis-generating; independent future validation required,disjoint,879,0,0
ridge_fixed,False,extended_K,ridge_fixed::D_M_K,D_M_K,16,0.6968951984344331,ridge_fixed::D_B_M_P_C_A_K,prevalence,-0.018202254856152657,0.006709705865526296,0.004910077725854593,0.029822038447533547,255,True,False,False,post-evaluation hypothesis-generating; independent future validation required,disjoint,879,0,0
ridge_fixed,False,extended_K,ridge_fixed::D_B_P,D_B_P,16,0.7088620566015525,ridge_fixed::D_B_M_P_C_A_K,prevalence,-0.006235396689033545,0.018676564032645407,0.01687693589297372,0.04178889661465267,255,False,False,False,post-evaluation hypothesis-generating; independent future validation required,disjoint,879,0,0
ridge_fixed,False,extended_K,ridge_fixed::D_M_P,D_M_P,16,0.7092881842263968,ridge_fixed::D_B_M_P_C_A_K,prevalence,-0.0058092690641890965,0.019102691657489856,0.017303063517818164,0.04221502423949712,255,False,False,False,post-evaluation hypothesis-generating; independent future validation required,disjoint,879,0,0
ridge_fixed,False,extended_K,ridge_fixed::D_P_C,D_P_C,16,0.7148030468612524,ridge_fixed::D_B_M_P_C_A_K,prevalence,-0.00029440642933355833,0.024617554292345394,0.022817926152673702,0.04772988687435266,255,False,False,False,post-evaluation hypothesis-generating; independent future validation required,disjoint,879,0,0
ridge_fixed,False,extended_K,ridge_fixed::D_A_K,D_A_K,16,0.7154300641558136,ridge_fixed::D_B_M_P_C_A_K,prevalence,0.00033261086522772736,0.02524457158690668,0.023444943447235005,0.04835690416891396,255,False,False,False,post-evaluation hypothesis-generating; independent future validation required,disjoint,879,0,0
ridge_fixed,False,extended_K,ridge_fixed::D_P_A,D_P_A,16,0.735454362262762,ridge_fixed::D_B_M_P_C_A_K,prevalence,0.020356908972176103,0.04526886969385506,0.04346924155418332,0.06838120227586228,255,False,False,False,post-evaluation hypothesis-generating; independent future validation required,disjoint,879,0,0
ridge_fixed,False,extended_K,ridge_fixed::D_B_C_K,D_B_C_K,17,0.6861961118609132,ridge_fixed::D_B_M_P_C_A_K,prevalence,-0.028901341429672656,-0.0039893807079937026,-0.0057890088476654205,0.019122951874013534,255,True,False,False,post-evaluation hypothesis-generating; independent future validation required,disjoint,879,0,0
ridge_fixed,False,extended_K,ridge_fixed::D_B_M_K,D_B_M_K,17,0.6918826858220029,ridge_fixed::D_B_M_P_C_A_K,prevalence,-0.02321476746858296,0.0016971932530959917,-0.00010243488657571053,0.024809525835103242,255,True,False,False,post-evaluation hypothesis-generating; independent future validation required,disjoint,879,0,0
ridge_fixed,False,extended_K,ridge_fixed::D_M_C_K,D_M_C_K,17,0.6960472857307007,ridge_fixed::D_B_M_P_C_A_K,prevalence,-0.019050167559885187,0.0058617931617937664,0.00406216502212207,0.028974125743801024,255,True,False,False,post-evaluation hypothesis-generating; independent future validation required,disjoint,879,0,0
ridge_fixed,False,extended_K,ridge_fixed::D_B_M_P,D_B_M_P,17,0.7052111230843516,ridge_fixed::D_B_M_P_C_A_K,prevalence,-0.009886330206234209,0.015025630515444744,0.013226002375773054,0.03813796309745201,255,False,False,False,post-evaluation hypothesis-generating; independent future validation required,disjoint,879,0,0
ridge_fixed,False,extended_K,ridge_fixed::D_B_A_K,D_B_A_K,17,0.7074210389078779,ridge_fixed::D_B_M_P_C_A_K,prevalence,-0.007676414382708058,0.017235546338970894,0.015435918199299216,0.04034787892097817,255,False,False,False,post-evaluation hypothesis-generating; independent future validation required,disjoint,879,0,0
ridge_fixed,False,extended_K,ridge_fixed::D_B_P_C,D_B_P_C,17,0.7079379742795354,ridge_fixed::D_B_M_P_C_A_K,prevalence,-0.007159479011050505,0.01775248171062845,0.01595285357095676,0.040864814292635714,255,False,False,False,post-evaluation hypothesis-generating; independent future validation required,disjoint,879,0,0
ridge_fixed,False,extended_K,ridge_fixed::D_M_P_C,D_M_P_C,17,0.7085617567987605,ridge_fixed::D_B_M_P_C_A_K,prevalence,-0.00653569649182543,0.01837626422985352,0.01657663609018184,0.04148859681186079,255,False,False,False,post-evaluation hypothesis-generating; independent future validation required,disjoint,879,0,0
ridge_fixed,False,extended_K,ridge_fixed::D_C_A_K,D_C_A_K,17,0.7145992560068851,ridge_fixed::D_B_M_P_C_A_K,prevalence,-0.0004981972837009592,0.024413763437977992,0.022614135298306307,0.04752609601998526,255,False,False,False,post-evaluation hypothesis-generating; independent future validation required,disjoint,879,0,0
ridge_fixed,False,extended_K,ridge_fixed::D_M_A_K,D_M_A_K,17,0.7169814005624261,ridge_fixed::D_B_M_P_C_A_K,prevalence,0.0018839472718401218,0.026795907993519073,0.02499627985384735,0.0499082405755263,255,False,False,False,post-evaluation hypothesis-generating; independent future validation required,disjoint,879,0,0
ridge_fixed,False,extended_K,ridge_fixed::D_B_P_A,D_B_P_A,17,0.7271531764457089,ridge_fixed::D_B_M_P_C_A_K,prevalence,0.012055723155122924,0.036967683876801875,0.03516805573713017,0.06008001645880913,255,False,False,False,post-evaluation hypothesis-generating; independent future validation required,disjoint,879,0,0
ridge_fixed,False,extended_K,ridge_fixed::D_M_P_A,D_M_P_A,17,0.728387363323264,ridge_fixed::D_B_M_P_C_A_K,prevalence,0.013289910032678156,0.03820187075435711,0.03640224261468546,0.061314203336364406,255,False,False,False,post-evaluation hypothesis-generating; independent future validation required,disjoint,879,0,0
ridge_fixed,False,extended_K,ridge_fixed::D_P_C_A,D_P_C_A,17,0.7344555655290921,ridge_fixed::D_B_M_P_C_A_K,prevalence,0.01935811223850616,0.04427007296018511,0.04247044482051342,0.06738240554219237,255,False,False,False,post-evaluation hypothesis-generating; independent future validation required,disjoint,879,0,0
ridge_fixed,False,extended_K,ridge_fixed::D_B_M_C_K,D_B_M_C_K,18,0.6909958467405551,ridge_fixed::D_B_M_P_C_A_K,prevalence,-0.024101606550030633,0.0008103541716483198,-0.0009892739680233756,0.023922686753655577,255,True,False,False,post-evaluation hypothesis-generating; independent future validation required,disjoint,879,0,0
ridge_fixed,False,extended_K,ridge_fixed::D_B_M_P_C,D_B_M_P_C,18,0.7042988343197993,ridge_fixed::D_B_M_P_C_A_K,prevalence,-0.010798618970786591,0.014113341750892362,0.012313713611220677,0.03722567433289963,255,False,False,False,post-evaluation hypothesis-generating; independent future validation required,disjoint,879,0,0
ridge_fixed,False,extended_K,ridge_fixed::D_B_C_A_K,D_B_C_A_K,18,0.7065729524485624,ridge_fixed::D_B_M_P_C_A_K,prevalence,-0.008524500842023462,0.01638745987965549,0.01458783173998381,0.03949979246166276,255,False,False,False,post-evaluation hypothesis-generating; independent future validation required,disjoint,879,0,0
ridge_fixed,False,extended_K,ridge_fixed::D_B_M_A_K,D_B_M_A_K,18,0.7115567609494513,ridge_fixed::D_B_M_P_C_A_K,prevalence,-0.0035406923411346086,0.021371268380544345,0.019571640240872663,0.04448360096255162,255,False,False,False,post-evaluation hypothesis-generating; independent future validation required,disjoint,879,0,0
ridge_fixed,False,extended_K,ridge_fixed::D_M_C_A_K,D_M_C_A_K,18,0.7166027245292519,ridge_fixed::D_B_M_P_C_A_K,prevalence,0.0015052712386659987,0.026417231960344952,0.024617603820673243,0.049529564542352196,255,False,False,False,post-evaluation hypothesis-generating; independent future validation required,disjoint,879,0,0
ridge_fixed,False,extended_K,ridge_fixed::D_B_M_P_A,D_B_M_P_A,18,0.723087413106514,ridge_fixed::D_B_M_P_C_A_K,prevalence,0.007989959815928071,0.03290192053760702,0.03110229239793532,0.05601425311961428,255,False,False,False,post-evaluation hypothesis-generating; independent future validation required,disjoint,879,0,0
ridge_fixed,False,extended_K,ridge_fixed::D_B_P_C_A,D_B_P_C_A,18,0.7261555107362433,ridge_fixed::D_B_M_P_C_A_K,prevalence,0.011058057445657353,0.035970018167336304,0.03417039002766461,0.059082350749343565,255,False,False,False,post-evaluation hypothesis-generating; independent future validation required,disjoint,879,0,0
ridge_fixed,False,extended_K,ridge_fixed::D_M_P_C_A,D_M_P_C_A,18,0.7278092013303412,ridge_fixed::D_B_M_P_C_A_K,prevalence,0.012711748039755303,0.037623708761434255,0.035824080621762566,0.060736041343441516,255,False,False,False,post-evaluation hypothesis-generating; independent future validation required,disjoint,879,0,0
ridge_fixed,False,extended_K,ridge_fixed::D_B_M_C_A_K,D_B_M_C_A_K,19,0.7111521982123749,ridge_fixed::D_B_M_P_C_A_K,prevalence,-0.003945255078211113,0.02096670564346784,0.019167077503796155,0.04407903822547511,255,False,False,False,post-evaluation hypothesis-generating; independent future validation required,disjoint,879,0,0
ridge_fixed,False,extended_K,ridge_fixed::D_B_M_P_C_A,D_B_M_P_C_A,19,0.7224746868001658,ridge_fixed::D_B_M_P_C_A_K,prevalence,0.007377233509579902,0.03228919423125885,0.03048956609158716,0.055401526813266114,255,False,False,False,post-evaluation hypothesis-generating; independent future validation required,disjoint,879,0,0
ridge_fixed,False,extended_K,ridge_fixed::P_K,P_K,22,0.6774283726177127,ridge_fixed::D_B_M_P_C_A_K,prevalence,-0.03766908067287329,-0.01275711995119434,-0.01455674809086601,0.010355212630812943,255,True,False,False,post-evaluation hypothesis-generating; independent future validation required,disjoint,879,0,0
ridge_fixed,False,extended_K,ridge_fixed::B_P_K,B_P_K,23,0.6735482251563822,ridge_fixed::D_B_M_P_C_A_K,prevalence,-0.04154922813420359,-0.01663726741252464,-0.01843689555219634,0.006475065169482614,255,True,False,False,post-evaluation hypothesis-generating; independent future validation required,disjoint,879,0,0
ridge_fixed,False,extended_K,ridge_fixed::P_C_K,P_C_K,23,0.6757921368960114,ridge_fixed::D_B_M_P_C_A_K,prevalence,-0.03930531639457467,-0.014393355672895718,-0.016192983812567407,0.008718976909111546,255,True,False,False,post-evaluation hypothesis-generating; independent future validation required,disjoint,879,0,0
ridge_fixed,False,extended_K,ridge_fixed::M_P_K,M_P_K,23,0.6781622055301503,ridge_fixed::D_B_M_P_C_A_K,prevalence,-0.036935247760435636,-0.012023287038756682,-0.01382291517842838,0.011089045543250573,255,True,False,False,post-evaluation hypothesis-generating; independent future validation required,disjoint,879,0,0
ridge_fixed,False,extended_K,ridge_fixed::P_A_K,P_A_K,23,0.6932093311130978,ridge_fixed::D_B_M_P_C_A_K,prevalence,-0.021888122177488024,0.0030238385441909293,0.0012242104045192593,0.02613617112619821,255,True,False,False,post-evaluation hypothesis-generating; independent future validation required,disjoint,879,0,0
ridge_fixed,False,extended_K,ridge_fixed::B_P_C_K,B_P_C_K,24,0.6718433913178982,ridge_fixed::D_B_M_P_C_A_K,prevalence,-0.04325406197268783,-0.018342101251008876,-0.02014172939068051,0.004770231330998444,255,True,False,False,post-evaluation hypothesis-generating; independent future validation required,disjoint,879,0,0
ridge_fixed,False,extended_K,ridge_fixed::B_M_P_K,B_M_P_K,24,0.6763880962431165,ridge_fixed::D_B_M_P_C_A_K,prevalence,-0.038709357047469514,-0.013797396325790561,-0.01559702446546223,0.009314936256216723,255,True,False,False,post-evaluation hypothesis-generating; independent future validation required,disjoint,879,0,0
ridge_fixed,False,extended_K,ridge_fixed::M_P_C_K,M_P_C_K,24,0.676835239071917,ridge_fixed::D_B_M_P_C_A_K,prevalence,-0.03826221421866888,-0.013350253496989924,-0.015149881636661639,0.009762079085017314,255,True,False,False,post-evaluation hypothesis-generating; independent future validation required,disjoint,879,0,0
ridge_fixed,False,extended_K,ridge_fixed::B_P_A_K,B_P_A_K,24,0.6888094367674855,ridge_fixed::D_B_M_P_C_A_K,prevalence,-0.026288016523100415,-0.0013760558014214615,-0.003175683941093145,0.021736276780585807,255,True,False,False,post-evaluation hypothesis-generating; independent future validation required,disjoint,879,0,0
ridge_fixed,False,extended_K,ridge_fixed::P_C_A_K,P_C_A_K,24,0.6919005048947204,ridge_fixed::D_B_M_P_C_A_K,prevalence,-0.023196948395865395,0.0017150123258135586,-8.461581385813036e-05,0.024827344907820823,255,True,False,False,post-evaluation hypothesis-generating; independent future validation required,disjoint,879,0,0
ridge_fixed,False,extended_K,ridge_fixed::M_P_A_K,M_P_A_K,24,0.693585463656141,ridge_fixed::D_B_M_P_C_A_K,prevalence,-0.0215119896344448,0.003399971087234152,0.0016003429475624552,0.02651230366924141,255,True,False,False,post-evaluation hypothesis-generating; independent future validation required,disjoint,879,0,0
ridge_fixed,False,extended_K,ridge_fixed::B_M_P_C_K,B_M_P_C_K,25,0.6749475165082719,ridge_fixed::D_B_M_P_C_A_K,prevalence,-0.040149936782313926,-0.015237976060634973,-0.017037604200306682,0.00787435652137227,255,True,False,False,post-evaluation hypothesis-generating; independent future validation required,disjoint,879,0,0
ridge_fixed,False,extended_K,ridge_fixed::B_P_C_A_K,B_P_C_A_K,25,0.6873816199201883,ridge_fixed::D_B_M_P_C_A_K,prevalence,-0.027715833370397756,-0.0028038726487188033,-0.004603500788390492,0.02030845993328846,255,True,False,False,post-evaluation hypothesis-generating; independent future validation required,disjoint,879,0,0
ridge_fixed,False,extended_K,ridge_fixed::B_M_P_A_K,B_M_P_A_K,25,0.6913527981909983,ridge_fixed::D_B_M_P_C_A_K,prevalence,-0.023744655099587585,0.0011673056220913684,-0.0006323225175803315,0.024279638204098623,255,True,False,False,post-evaluation hypothesis-generating; independent future validation required,disjoint,879,0,0
ridge_fixed,False,extended_K,ridge_fixed::M_P_C_A_K,M_P_C_A_K,25,0.6926448147363056,ridge_fixed::D_B_M_P_C_A_K,prevalence,-0.022452638554280265,0.0024593221673986886,0.0006596940277269937,0.025571654749405946,255,True,False,False,post-evaluation hypothesis-generating; independent future validation required,disjoint,879,0,0
ridge_fixed,False,extended_K,ridge_fixed::B_M_P_C_A_K,B_M_P_C_A_K,26,0.6903081562263854,ridge_fixed::D_B_M_P_C_A_K,prevalence,-0.024789297064200445,0.0001226636574785077,-0.0016769644821931886,0.023234996239485765,255,True,False,False,post-evaluation hypothesis-generating; independent future validation required,disjoint,879,0,0
ridge_fixed,False,extended_K,ridge_fixed::D_P_K,D_P_K,26,0.7015519103959306,ridge_fixed::D_B_M_P_C_A_K,prevalence,-0.013545542894655383,0.01136641782702357,0.009566789687351853,0.034478750409030805,255,False,False,False,post-evaluation hypothesis-generating; independent future validation required,disjoint,879,0,0
ridge_fixed,False,extended_K,ridge_fixed::D_B_P_K,D_B_P_K,27,0.6957733087946908,ridge_fixed::D_B_M_P_C_A_K,prevalence,-0.019324144495895194,0.005587816225783759,0.0037881880861120763,0.02870014880779103,255,True,False,False,post-evaluation hypothesis-generating; independent future validation required,disjoint,879,0,0
ridge_fixed,False,extended_K,ridge_fixed::D_P_C_K,D_P_C_K,27,0.7001537397034435,ridge_fixed::D_B_M_P_C_A_K,prevalence,-0.01494371358714228,0.009968247134536673,0.008168618994864986,0.03308057971654394,255,True,False,False,post-evaluation hypothesis-generating; independent future validation required,disjoint,879,0,0
ridge_fixed,False,extended_K,ridge_fixed::D_M_P_K,D_M_P_K,27,0.7020535399273994,ridge_fixed::D_B_M_P_C_A_K,prevalence,-0.01304391336318645,0.011868047358492503,0.01006841921882081,0.03498037994049977,255,False,False,False,post-evaluation hypothesis-generating; independent future validation required,disjoint,879,0,0
ridge_fixed,False,extended_K,ridge_fixed::D_P_A_K,D_P_A_K,27,0.7201359542292627,ridge_fixed::D_B_M_P_C_A_K,prevalence,0.005038500938676771,0.029950461660355726,0.02815083352068402,0.05306279424236297,255,False,False,False,post-evaluation hypothesis-generating; independent future validation required,disjoint,879,0,0
ridge_fixed,False,extended_K,ridge_fixed::D_B_P_C_K,D_B_P_C_K,28,0.6942675265105013,ridge_fixed::D_B_M_P_C_A_K,prevalence,-0.020829926780084662,0.004082033941594291,0.0022824058019225773,0.02719436652360153,255,True,False,False,post-evaluation hypothesis-generating; independent future validation required,disjoint,879,0,0
ridge_fixed,False,extended_K,ridge_fixed::D_B_M_P_K,D_B_M_P_K,28,0.6982161809486317,ridge_fixed::D_B_M_P_C_A_K,prevalence,-0.016881272341954176,0.008030688379724777,0.006231060240053061,0.031143020961732014,255,True,False,False,post-evaluation hypothesis-generating; independent future validation required,disjoint,879,0,0
ridge_fixed,False,extended_K,ridge_fixed::D_M_P_C_K,D_M_P_C_K,28,0.7010198356820742,ridge_fixed::D_B_M_P_C_A_K,prevalence,-0.014077617608511802,0.01083434311316715,0.009034714973495445,0.0339466756951744,255,False,False,False,post-evaluation hypothesis-generating; independent future validation required,disjoint,879,0,0
ridge_fixed,False,extended_K,ridge_fixed::D_B_P_A_K,D_B_P_A_K,28,0.7133878798509244,ridge_fixed::D_B_M_P_C_A_K,prevalence,-0.0017095734396615453,0.023202387282017407,0.021402759142345715,0.04631471986402467,255,False,False,False,post-evaluation hypothesis-generating; independent future validation required,disjoint,879,0,0
ridge_fixed,False,extended_K,ridge_fixed::D_P_C_A_K,D_P_C_A_K,28,0.7190746721788425,ridge_fixed::D_B_M_P_C_A_K,prevalence,0.003977218888256577,0.02888917960993553,0.027089551470263797,0.05200151219194275,255,False,False,False,post-evaluation hypothesis-generating; independent future validation required,disjoint,879,0,0
ridge_fixed,False,extended_K,ridge_fixed::D_M_P_A_K,D_M_P_A_K,28,0.7203030035120037,ridge_fixed::D_B_M_P_C_A_K,prevalence,0.005205550221417783,0.030117510943096736,0.028317882803425034,0.05322984352510399,255,False,False,False,post-evaluation hypothesis-generating; independent future validation required,disjoint,879,0,0
ridge_fixed,False,extended_K,ridge_fixed::D_B_M_P_C_K,D_B_M_P_C_K,29,0.6972573582094279,ridge_fixed::D_B_M_P_C_A_K,prevalence,-0.017840095081157983,0.00707186564052097,0.005272237500849267,0.03018419822252822,255,True,False,False,post-evaluation hypothesis-generating; independent future validation required,disjoint,879,0,0
ridge_fixed,False,extended_K,ridge_fixed::D_B_P_C_A_K,D_B_P_C_A_K,29,0.7122391940618172,ridge_fixed::D_B_M_P_C_A_K,prevalence,-0.002858259228768665,0.022053701492910287,0.020254073353238613,0.045166034074917566,255,False,False,False,post-evaluation hypothesis-generating; independent future validation required,disjoint,879,0,0
ridge_fixed,False,extended_K,ridge_fixed::D_B_M_P_A_K,D_B_M_P_A_K,29,0.7156409103063415,ridge_fixed::D_B_M_P_C_A_K,prevalence,0.0005434570157554934,0.025455417737434448,0.02365578959776275,0.0485677503194417,255,False,False,False,post-evaluation hypothesis-generating; independent future validation required,disjoint,879,0,0
ridge_fixed,False,extended_K,ridge_fixed::D_M_P_C_A_K,D_M_P_C_A_K,29,0.719813079220028,ridge_fixed::D_B_M_P_C_A_K,prevalence,0.004715625929442071,0.029627586651121023,0.027827958511449303,0.052739919233128256,255,False,False,False,post-evaluation hypothesis-generating; independent future validation required,disjoint,879,0,0
ridge_fixed,False,extended_K,ridge_fixed::D_B_M_P_C_A_K,D_B_M_P_C_A_K,30,0.7150974532905859,ridge_fixed::D_B_M_P_C_A_K,prevalence,0.0,0.0,0.02311233258200726,0.04802429330368621,255,True,False,False,post-evaluation hypothesis-generating; independent future validation required,disjoint,879,0,0
hgb,True,extended_K,hgb::H,H,0,0.6792772451151128,hgb::H_D_B_M_P_C_A_K,P0,-0.029184866931174214,0.001998525344901917,-1.9210920135864235e-05,0.031164181355940266,255,True,False,False,post-evaluation hypothesis-generating; independent future validation required,disjoint,879,0,0
hgb,True,extended_K,hgb::H_B,H_B,1,0.6731212166859277,hgb::H_D_B_M_P_C_A_K,P0,-0.035340895360359253,-0.004157503084283122,-0.006175239349320847,0.025008152926755282,255,True,False,False,post-evaluation hypothesis-generating; independent future validation required,disjoint,879,0,0
hgb,True,extended_K,hgb::H_C,H_C,1,0.6790488777723386,hgb::H_D_B_M_P_C_A_K,P0,-0.029413234273948437,0.0017701580021276947,-0.0002475782629100876,0.030935814013166044,255,True,False,False,post-evaluation hypothesis-generating; independent future validation required,disjoint,879,0,0
hgb,True,extended_K,hgb::H_M,H_M,1,0.6883656630576024,hgb::H_D_B_M_P_C_A_K,P0,-0.02009644898868456,0.01108694328739157,0.009069207022353832,0.04025259929842996,255,False,False,False,post-evaluation hypothesis-generating; independent future validation required,disjoint,879,0,0
hgb,True,extended_K,hgb::H_A,H_A,1,0.6990533322342392,hgb::H_D_B_M_P_C_A_K,P0,-0.00940877981204778,0.02177461246402835,0.01975687619899069,0.05094026847506682,255,False,False,False,post-evaluation hypothesis-generating; independent future validation required,disjoint,879,0,0
hgb,True,extended_K,hgb::H_B_C,H_B_C,2,0.6725986635786608,hgb::H_D_B_M_P_C_A_K,P0,-0.03586344846762609,-0.004680056191549958,-0.006697792456587756,0.024485599819488377,255,True,False,False,post-evaluation hypothesis-generating; independent future validation required,disjoint,879,0,0
hgb,True,extended_K,hgb::H_M_C,H_M_C,2,0.6798092328254411,hgb::H_D_B_M_P_C_A_K,P0,-0.028652879220845837,0.002530513055230294,0.000512776790192548,0.03169616906626868,255,True,False,False,post-evaluation hypothesis-generating; independent future validation required,disjoint,879,0,0
hgb,True,extended_K,hgb::H_B_M,H_B_M,2,0.6798419464894816,hgb::H_D_B_M_P_C_A_K,P0,-0.028620165556805393,0.0025632267192707385,0.0005454904542329923,0.031728882730309126,255,True,False,False,post-evaluation hypothesis-generating; independent future validation required,disjoint,879,0,0
hgb,True,extended_K,hgb::H_B_A,H_B_A,2,0.6877188581479327,hgb::H_D_B_M_P_C_A_K,P0,-0.0207432538983544,0.01044013837772173,0.008422402112683953,0.039605794388760086,255,False,False,False,post-evaluation hypothesis-generating; independent future validation required,disjoint,879,0,0
hgb,True,extended_K,hgb::H_C_A,H_C_A,2,0.6959233073668868,hgb::H_D_B_M_P_C_A_K,P0,-0.012538804679400113,0.01864458759667602,0.016626851331638333,0.047810243607714464,255,False,False,False,post-evaluation hypothesis-generating; independent future validation required,disjoint,879,0,0
hgb,True,extended_K,hgb::H_M_A,H_M_A,2,0.7693039873330003,hgb::H_D_B_M_P_C_A_K,P0,0.060841875286713316,0.09202526756278945,0.0900075312977519,0.12119092357382802,255,False,False,False,post-evaluation hypothesis-generating; independent future validation required,disjoint,879,0,0
hgb,True,extended_K,hgb::H_B_M_C,H_B_M_C,3,0.6755788150497329,hgb::H_D_B_M_P_C_A_K,P0,-0.03288329699655406,-0.0016999047204779294,-0.0037176409855156816,0.02746575129056045,255,True,False,False,post-evaluation hypothesis-generating; independent future validation required,disjoint,879,0,0
hgb,True,extended_K,hgb::H_B_C_A,H_B_C_A,3,0.6840794187494443,hgb::H_D_B_M_P_C_A_K,P0,-0.02438269329684264,0.00680069897923349,0.004782962714195714,0.03596635499027184,255,True,False,False,post-evaluation hypothesis-generating; independent future validation required,disjoint,879,0,0
hgb,True,extended_K,hgb::H_B_M_A,H_B_M_A,3,0.7580059926808222,hgb::H_D_B_M_P_C_A_K,P0,0.04954388063453546,0.08072727291061159,0.07870953664557372,0.10989292892164984,255,False,False,False,post-evaluation hypothesis-generating; independent future validation required,disjoint,879,0,0
hgb,True,extended_K,hgb::H_M_C_A,H_M_C_A,3,0.7622316131359796,hgb::H_D_B_M_P_C_A_K,P0,0.053769501089692695,0.08495289336576883,0.08293515710073102,0.11411854937680715,255,False,False,False,post-evaluation hypothesis-generating; independent future validation required,disjoint,879,0,0
hgb,True,extended_K,hgb::H_B_M_C_A,H_B_M_C_A,4,0.6983650894523538,hgb::H_D_B_M_P_C_A_K,P0,-0.010097022593933346,0.021086369682142787,0.01906863341710501,0.05025202569318114,255,False,False,False,post-evaluation hypothesis-generating; independent future validation required,disjoint,879,0,0
hgb,True,extended_K,hgb::H_D,H_D,4,0.7088619972558207,hgb::H_D_B_M_P_C_A_K,P0,0.00039988520953372175,0.03158327748560985,0.029565541220572072,0.0607489334966482,255,False,False,False,post-evaluation hypothesis-generating; independent future validation required,disjoint,879,0,0
hgb,True,extended_K,hgb::H_D_M,H_D_M,5,0.703073984481481,hgb::H_D_B_M_P_C_A_K,P0,-0.005388127564806028,0.025795264711270104,0.023777528446232335,0.054960920722308466,255,False,False,False,post-evaluation hypothesis-generating; independent future validation required,disjoint,879,0,0
hgb,True,extended_K,hgb::H_D_B,H_D_B,5,0.7037424680338646,hgb::H_D_B_M_P_C_A_K,P0,-0.00471964401242225,0.026463748263653882,0.024446011998616138,0.05562940427469227,255,False,False,False,post-evaluation hypothesis-generating; independent future validation required,disjoint,879,0,0
hgb,True,extended_K,hgb::H_D_C,H_D_C,5,0.7044493357211397,hgb::H_D_B_M_P_C_A_K,P0,-0.00401277632514742,0.027170615950928713,0.025152879685890955,0.05633627196196708,255,False,False,False,post-evaluation hypothesis-generating; independent future validation required,disjoint,879,0,0
hgb,True,extended_K,hgb::H_D_A,H_D_A,5,0.7365088032709228,hgb::H_D_B_M_P_C_A_K,P0,0.028046691224635777,0.059230083500711905,0.057212347235674116,0.08839573951175025,255,False,False,False,post-evaluation hypothesis-generating; independent future validation required,disjoint,879,0,0
hgb,True,extended_K,hgb::H_D_M_C,H_D_M_C,6,0.6969145043031298,hgb::H_D_B_M_P_C_A_K,P0,-0.011547607743157202,0.019635784532918928,0.017618048267881166,0.0488014405439573,255,False,False,False,post-evaluation hypothesis-generating; independent future validation required,disjoint,879,0,0
hgb,True,extended_K,hgb::H_D_B_M,H_D_B_M,6,0.7010954064027559,hgb::H_D_B_M_P_C_A_K,P0,-0.007366705643531232,0.0238166866325449,0.021798950367507168,0.0529823426435833,255,False,False,False,post-evaluation hypothesis-generating; independent future validation required,disjoint,879,0,0
hgb,True,extended_K,hgb::H_D_B_C,H_D_B_C,6,0.7012741701067305,hgb::H_D_B_M_P_C_A_K,P0,-0.0071879419395564975,0.023995450336519633,0.021977714071481885,0.05316110634755802,255,False,False,False,post-evaluation hypothesis-generating; independent future validation required,disjoint,879,0,0
hgb,True,extended_K,hgb::H_D_B_A,H_D_B_A,6,0.7204291999713093,hgb::H_D_B_M_P_C_A_K,P0,0.011967087925022383,0.04315048020109852,0.041132743936060735,0.07231613621213687,255,False,False,False,post-evaluation hypothesis-generating; independent future validation required,disjoint,879,0,0
hgb,True,extended_K,hgb::H_D_C_A,H_D_C_A,6,0.7281210597017307,hgb::H_D_B_M_P_C_A_K,P0,0.019658947655443577,0.05084233993151971,0.04882460366648196,0.08000799594255809,255,False,False,False,post-evaluation hypothesis-generating; independent future validation required,disjoint,879,0,0
hgb,True,extended_K,hgb::H_D_M_A,H_D_M_A,6,0.7544394738286085,hgb::H_D_B_M_P_C_A_K,P0,0.04597736178232168,0.07716075405839781,0.07514301779336005,0.10632641006943619,255,False,False,False,post-evaluation hypothesis-generating; independent future validation required,disjoint,879,0,0
hgb,True,extended_K,hgb::H_D_B_M_C,H_D_B_M_C,7,0.6947482882943488,hgb::H_D_B_M_P_C_A_K,P0,-0.013713823751938229,0.017469568524137905,0.015451832259100153,0.04663522453517628,255,False,False,False,post-evaluation hypothesis-generating; independent future validation required,disjoint,879,0,0
hgb,True,extended_K,hgb::H_D_B_C_A,H_D_B_C_A,7,0.7206907570324165,hgb::H_D_B_M_P_C_A_K,P0,0.012228644986129461,0.04341203726220559,0.04139430099716779,0.07257769327324393,255,False,False,False,post-evaluation hypothesis-generating; independent future validation required,disjoint,879,0,0
hgb,True,extended_K,hgb::H_D_B_M_A,H_D_B_M_A,7,0.7432356689781028,hgb::H_D_B_M_P_C_A_K,P0,0.03477355693181587,0.065956949207892,0.06393921294285419,0.09512260521893032,255,False,False,False,post-evaluation hypothesis-generating; independent future validation required,disjoint,879,0,0
hgb,True,extended_K,hgb::H_D_M_C_A,H_D_M_C_A,7,0.7499065751823221,hgb::H_D_B_M_P_C_A_K,P0,0.0414444631360351,0.07262785541211123,0.07061011914707344,0.10179351142314957,255,False,False,False,post-evaluation hypothesis-generating; independent future validation required,disjoint,879,0,0
hgb,True,extended_K,hgb::H_D_B_M_C_A,H_D_B_M_C_A,8,0.737820619516944,hgb::H_D_B_M_P_C_A_K,P0,0.029358507470657044,0.06054189974673317,0.05852416348169535,0.08970755575777148,255,False,False,False,post-evaluation hypothesis-generating; independent future validation required,disjoint,879,0,0
hgb,True,extended_K,hgb::H_K,H_K,11,0.6619887963958836,hgb::H_D_B_M_P_C_A_K,P0,-0.04647331565040329,-0.015289923374327156,-0.017307659639364956,0.013875732636711175,255,True,False,False,post-evaluation hypothesis-generating; independent future validation required,disjoint,879,0,0
hgb,True,extended_K,hgb::H_P,H_P,11,0.6934843928640025,hgb::H_D_B_M_P_C_A_K,P0,-0.014977719182284632,0.0162056730937915,0.014187936828753748,0.04537132910482988,255,False,False,False,post-evaluation hypothesis-generating; independent future validation required,disjoint,879,0,0
hgb,True,extended_K,hgb::H_B_K,H_B_K,12,0.6610171353068078,hgb::H_D_B_M_P_C_A_K,P0,-0.047444976739479075,-0.016261584463402944,-0.01827932072844071,0.012904071547635423,255,True,False,False,post-evaluation hypothesis-generating; independent future validation required,disjoint,879,1,1
hgb,True,extended_K,hgb::H_C_K,H_C_K,12,0.6619922384608233,hgb::H_D_B_M_P_C_A_K,P0,-0.046469873585463665,-0.015286481309387534,-0.01730421757442531,0.013879174701650822,255,True,False,False,post-evaluation hypothesis-generating; independent future validation required,disjoint,879,0,0
hgb,True,extended_K,hgb::H_M_K,H_M_K,12,0.6648975477506401,hgb::H_D_B_M_P_C_A_K,P0,-0.04356456429564678,-0.012381172019570647,-0.014398908284608427,0.016784483991467702,255,True,False,False,post-evaluation hypothesis-generating; independent future validation required,disjoint,879,0,0
hgb,True,extended_K,hgb::H_A_K,H_A_K,12,0.6733785579961064,hgb::H_D_B_M_P_C_A_K,P0,-0.03508355405018067,-0.0039001617741045366,-0.00591789803914226,0.02526549423693387,255,True,False,False,post-evaluation hypothesis-generating; independent future validation required,disjoint,879,0,0
hgb,True,extended_K,hgb::H_B_P,H_B_P,12,0.6892481883560552,hgb::H_D_B_M_P_C_A_K,P0,-0.019213923690231727,0.011969468585844405,0.00995173232080666,0.04113512459688279,255,False,False,False,post-evaluation hypothesis-generating; independent future validation required,disjoint,879,0,0
hgb,True,extended_K,hgb::H_P_C,H_P_C,12,0.6928651447083951,hgb::H_D_B_M_P_C_A_K,P0,-0.015596967337891775,0.015586424938184356,0.013568688673146583,0.044752080949222714,255,False,False,False,post-evaluation hypothesis-generating; independent future validation required,disjoint,879,0,0
hgb,True,extended_K,hgb::H_M_P,H_M_P,12,0.7005873391503608,hgb::H_D_B_M_P_C_A_K,P0,-0.007874772895926198,0.023308619380149935,0.021290883115112187,0.05247427539118832,255,False,False,False,post-evaluation hypothesis-generating; independent future validation required,disjoint,879,0,0
hgb,True,extended_K,hgb::H_P_A,H_P_A,12,0.7021020527632982,hgb::H_D_B_M_P_C_A_K,P0,-0.006360059282988852,0.02482333299308728,0.022805596728049517,0.053988989004125645,255,False,False,False,post-evaluation hypothesis-generating; independent future validation required,disjoint,879,0,0
hgb,True,extended_K,hgb::H_B_C_K,H_B_C_K,13,0.6606525541636646,hgb::H_D_B_M_P_C_A_K,P0,-0.04780955788262249,-0.01662616560654636,-0.018643901871584077,0.012539490404492055,255,True,False,False,post-evaluation hypothesis-generating; independent future validation required,disjoint,879,1,1
hgb,True,extended_K,hgb::H_B_M_K,H_B_M_K,13,0.663756905227546,hgb::H_D_B_M_P_C_A_K,P0,-0.044705206818740954,-0.013521814542664823,-0.01553955080770259,0.01564384146837354,255,True,False,False,post-evaluation hypothesis-generating; independent future validation required,disjoint,879,0,0
hgb,True,extended_K,hgb::H_M_C_K,H_M_C_K,13,0.6649133560736586,hgb::H_D_B_M_P_C_A_K,P0,-0.04354875597262852,-0.01236536369655239,-0.014383099961590104,0.01680029231448603,255,True,False,False,post-evaluation hypothesis-generating; independent future validation required,disjoint,879,0,0
hgb,True,extended_K,hgb::H_B_A_K,H_B_A_K,13,0.6711784798815202,hgb::H_D_B_M_P_C_A_K,P0,-0.037283632164766815,-0.006100239888690684,-0.00811797615372844,0.023065416122347693,255,True,False,False,post-evaluation hypothesis-generating; independent future validation required,disjoint,879,0,0
hgb,True,extended_K,hgb::H_M_A_K,H_M_A_K,13,0.6736959148385346,hgb::H_D_B_M_P_C_A_K,P0,-0.03476619720775235,-0.0035828049316762173,-0.005600541196713965,0.025582851079362166,255,True,False,False,post-evaluation hypothesis-generating; independent future validation required,disjoint,879,0,0
hgb,True,extended_K,hgb::H_B_P_C,H_B_P_C,13,0.6889881532416415,hgb::H_D_B_M_P_C_A_K,P0,-0.019473958804645357,0.011709433471430775,0.009691697206392954,0.04087508948246908,255,False,False,False,post-evaluation hypothesis-generating; independent future validation required,disjoint,879,0,0
hgb,True,extended_K,hgb::H_B_M_P,H_B_M_P,13,0.6929843002370992,hgb::H_D_B_M_P_C_A_K,P0,-0.0154778118091878,0.01570558046688833,0.013687844201850591,0.04487123647792672,255,False,False,False,post-evaluation hypothesis-generating; independent future validation required,disjoint,879,0,0
hgb,True,extended_K,hgb::H_B_P_A,H_B_P_A,13,0.6939237451449164,hgb::H_D_B_M_P_C_A_K,P0,-0.014538366901370612,0.016645025374705517,0.014627289109667796,0.04581068138574393,255,False,False,False,post-evaluation hypothesis-generating; independent future validation required,disjoint,879,0,0
hgb,True,extended_K,hgb::H_M_P_C,H_M_P_C,13,0.6940468856936705,hgb::H_D_B_M_P_C_A_K,P0,-0.014415226352616595,0.016768165923459536,0.014750429658421847,0.04593382193449798,255,False,False,False,post-evaluation hypothesis-generating; independent future validation required,disjoint,879,0,0
hgb,True,extended_K,hgb::H_C_A_K,H_C_A_K,13,0.6974389009339952,hgb::H_D_B_M_P_C_A_K,P0,-0.011023211112291731,0.020160181163784402,0.018142444898746647,0.04932583717482278,255,False,False,False,post-evaluation hypothesis-generating; independent future validation required,disjoint,879,0,0
hgb,True,extended_K,hgb::H_P_C_A,H_P_C_A,13,0.7010962085874679,hgb::H_D_B_M_P_C_A_K,P0,-0.00736590345881907,0.023817488817257062,0.021799752552219408,0.05298314482829554,255,False,False,False,post-evaluation hypothesis-generating; independent future validation required,disjoint,879,0,0
hgb,True,extended_K,hgb::H_M_P_A,H_M_P_A,13,0.7428650070132045,hgb::H_D_B_M_P_C_A_K,P0,0.034402894966917445,0.06558628724299358,0.06356855097795583,0.09475194325403197,255,False,False,False,post-evaluation hypothesis-generating; independent future validation required,disjoint,879,0,0
hgb,True,extended_K,hgb::H_B_M_C_K,H_B_M_C_K,14,0.6638967722731324,hgb::H_D_B_M_P_C_A_K,P0,-0.0445653397731545,-0.01338194749707837,-0.015399683762116126,0.015783708513960007,255,True,False,False,post-evaluation hypothesis-generating; independent future validation required,disjoint,879,0,0
hgb,True,extended_K,hgb::H_B_C_A_K,H_B_C_A_K,14,0.6711024467943488,hgb::H_D_B_M_P_C_A_K,P0,-0.03735966525193823,-0.006176272975862096,-0.008194009240899832,0.0229893830351763,255,True,False,False,post-evaluation hypothesis-generating; independent future validation required,disjoint,879,0,0
hgb,True,extended_K,hgb::H_B_M_A_K,H_B_M_A_K,14,0.6732677723283432,hgb::H_D_B_M_P_C_A_K,P0,-0.03519433971794371,-0.004010947441867578,-0.006028683706905357,0.025154708569170774,255,True,False,False,post-evaluation hypothesis-generating; independent future validation required,disjoint,879,0,0
hgb,True,extended_K,hgb::H_B_M_P_C,H_B_M_P_C,14,0.6864677355098429,hgb::H_D_B_M_P_C_A_K,P0,-0.02199437653644401,0.009189015739632121,0.007171279474594342,0.03835467175067048,255,True,False,False,post-evaluation hypothesis-generating; independent future validation required,disjoint,879,0,0
hgb,True,extended_K,hgb::H_B_P_C_A,H_B_P_C_A,14,0.6937801640960332,hgb::H_D_B_M_P_C_A_K,P0,-0.014681947950253852,0.01650144432582228,0.014483708060784417,0.04566710033686055,255,False,False,False,post-evaluation hypothesis-generating; independent future validation required,disjoint,879,0,0
hgb,True,extended_K,hgb::H_M_C_A_K,H_M_C_A_K,14,0.7243891730621963,hgb::H_D_B_M_P_C_A_K,P0,0.01592706101590948,0.04711045329198561,0.045092717026947796,0.07627610930302392,255,False,False,False,post-evaluation hypothesis-generating; independent future validation required,disjoint,879,0,0
hgb,True,extended_K,hgb::H_B_M_P_A,H_B_M_P_A,14,0.7276396226207799,hgb::H_D_B_M_P_C_A_K,P0,0.019177510574492847,0.050360902850568975,0.04834316658553116,0.07952655886160728,255,False,False,False,post-evaluation hypothesis-generating; independent future validation required,disjoint,879,0,0
hgb,True,extended_K,hgb::H_M_P_C_A,H_M_P_C_A,14,0.7360603200352237,hgb::H_D_B_M_P_C_A_K,P0,0.027598207988936814,0.058781600265012945,0.056763863999975246,0.08794725627605138,255,False,False,False,post-evaluation hypothesis-generating; independent future validation required,disjoint,879,0,0
hgb,True,extended_K,hgb::H_B_M_C_A_K,H_B_M_C_A_K,15,0.6731720140705718,hgb::H_D_B_M_P_C_A_K,P0,-0.03529009797571534,-0.00410670569963921,-0.006124441964676952,0.02505895031139918,255,True,False,False,post-evaluation hypothesis-generating; independent future validation required,disjoint,879,0,0
hgb,True,extended_K,hgb::H_D_K,H_D_K,15,0.6845506374600198,hgb::H_D_B_M_P_C_A_K,P0,-0.02391147458626727,0.007271917689808862,0.005254181424771091,0.03643757370084722,255,True,False,False,post-evaluation hypothesis-generating; independent future validation required,disjoint,879,0,0
hgb,True,extended_K,hgb::H_D_P,H_D_P,15,0.7145263522768887,hgb::H_D_B_M_P_C_A_K,P0,0.006064240230601654,0.037247632506677786,0.03522989624164002,0.06641328851771615,255,False,False,False,post-evaluation hypothesis-generating; independent future validation required,disjoint,879,0,0
hgb,True,extended_K,hgb::H_B_M_P_C_A,H_B_M_P_C_A,15,0.7245575711243091,hgb::H_D_B_M_P_C_A_K,P0,0.016095459078022123,0.047278851354098254,0.045261115089060465,0.0764445073651366,255,False,False,False,post-evaluation hypothesis-generating; independent future validation required,disjoint,879,0,0
hgb,True,extended_K,hgb::H_D_B_K,H_D_B_K,16,0.6846082327533004,hgb::H_D_B_M_P_C_A_K,P0,-0.0238538792929864,0.007329512983089731,0.0053117767180519615,0.036495168994128094,255,True,False,False,post-evaluation hypothesis-generating; independent future validation required,disjoint,879,0,0
hgb,True,extended_K,hgb::H_D_M_K,H_D_M_K,16,0.6846283682520575,hgb::H_D_B_M_P_C_A_K,P0,-0.02383374379422937,0.007349648481846761,0.005331912216809009,0.03651530449288514,255,True,False,False,post-evaluation hypothesis-generating; independent future validation required,disjoint,879,0,0
hgb,True,extended_K,hgb::H_D_C_K,H_D_C_K,16,0.6856112795573496,hgb::H_D_B_M_P_C_A_K,P0,-0.022850832488937427,0.008332559787138705,0.0063148235221009655,0.037498215798177095,255,True,False,False,post-evaluation hypothesis-generating; independent future validation required,disjoint,879,0,0
hgb,True,extended_K,hgb::H_D_A_K,H_D_A_K,16,0.7062934596651717,hgb::H_D_B_M_P_C_A_K,P0,-0.002168652381115398,0.029014739894960735,0.02699700362992298,0.05818039590599911,255,False,False,False,post-evaluation hypothesis-generating; independent future validation required,disjoint,879,0,0
hgb,True,extended_K,hgb::H_D_M_P,H_D_M_P,16,0.7063344100304773,hgb::H_D_B_M_P_C_A_K,P0,-0.002127702015809709,0.02905569026026642,0.027037953995228643,0.05822134627130478,255,False,False,False,post-evaluation hypothesis-generating; independent future validation required,disjoint,879,0,0
hgb,True,extended_K,hgb::H_D_P_C,H_D_P_C,16,0.7111867535294911,hgb::H_D_B_M_P_C_A_K,P0,0.0027246414832042105,0.033908033759280344,0.031890297494242596,0.06307368977031873,255,False,False,False,post-evaluation hypothesis-generating; independent future validation required,disjoint,879,0,0
hgb,True,extended_K,hgb::H_D_B_P,H_D_B_P,16,0.7121516875326105,hgb::H_D_B_M_P_C_A_K,P0,0.0036895754863234542,0.034872967762399586,0.03285523149736179,0.06403862377343791,255,False,False,False,post-evaluation hypothesis-generating; independent future validation required,disjoint,879,0,0
hgb,True,extended_K,hgb::H_D_P_A,H_D_P_A,16,0.7338772371165972,hgb::H_D_B_M_P_C_A_K,P0,0.025415125070310254,0.056598517346386386,0.05458078108134866,0.08576417335742478,255,False,False,False,post-evaluation hypothesis-generating; independent future validation required,disjoint,879,0,0
hgb,True,extended_K,hgb::H_D_B_C_K,H_D_B_C_K,17,0.6825934918151978,hgb::H_D_B_M_P_C_A_K,P0,-0.025868620231089098,0.005314772044987034,0.0032970357799492708,0.0344804280560254,255,True,False,False,post-evaluation hypothesis-generating; independent future validation required,disjoint,879,0,0
hgb,True,extended_K,hgb::H_D_M_C_K,H_D_M_C_K,17,0.6837143075713845,hgb::H_D_B_M_P_C_A_K,P0,-0.024747804474902404,0.006435587801173728,0.004417851536135975,0.03560124381221211,255,True,False,False,post-evaluation hypothesis-generating; independent future validation required,disjoint,879,0,0
hgb,True,extended_K,hgb::H_D_B_M_K,H_D_B_M_K,17,0.6849198927450956,hgb::H_D_B_M_P_C_A_K,P0,-0.023542219301191346,0.007641172974884786,0.005623436709847028,0.03680682898592316,255,True,False,False,post-evaluation hypothesis-generating; independent future validation required,disjoint,879,0,0
hgb,True,extended_K,hgb::H_D_B_A_K,H_D_B_A_K,17,0.7009735802388101,hgb::H_D_B_M_P_C_A_K,P0,-0.007488531807477017,0.023694860468599116,0.021677124203561375,0.05286051647963751,255,False,False,False,post-evaluation hypothesis-generating; independent future validation required,disjoint,879,0,0
hgb,True,extended_K,hgb::H_D_C_A_K,H_D_C_A_K,17,0.7041590026638966,hgb::H_D_B_M_P_C_A_K,P0,-0.004303109382390386,0.026880282893685745,0.024862546628648025,0.05604593890472416,255,False,False,False,post-evaluation hypothesis-generating; independent future validation required,disjoint,879,0,0
hgb,True,extended_K,hgb::H_D_B_M_P,H_D_B_M_P,17,0.7043690419960694,hgb::H_D_B_M_P_C_A_K,P0,-0.004093070050217406,0.027090322225858728,0.02507258596082096,0.05625597823689709,255,False,False,False,post-evaluation hypothesis-generating; independent future validation required,disjoint,879,0,0
hgb,True,extended_K,hgb::H_D_M_P_C,H_D_M_P_C,17,0.7067225560612629,hgb::H_D_B_M_P_C_A_K,P0,-0.0017395559850241146,0.029443836291052017,0.027426100026014248,0.05860949230209038,255,False,False,False,post-evaluation hypothesis-generating; independent future validation required,disjoint,879,0,0
hgb,True,extended_K,hgb::H_D_B_P_C,H_D_B_P_C,17,0.7075283811396775,hgb::H_D_B_M_P_C_A_K,P0,-0.000933730906609386,0.030249661369466746,0.028231925104428977,0.05941531738050511,255,False,False,False,post-evaluation hypothesis-generating; independent future validation required,disjoint,879,0,0
hgb,True,extended_K,hgb::H_D_B_P_A,H_D_B_P_A,17,0.7183153787386686,hgb::H_D_B_M_P_C_A_K,P0,0.009853266692381735,0.041036658968457866,0.03901892270342008,0.07020231497949621,255,False,False,False,post-evaluation hypothesis-generating; independent future validation required,disjoint,879,0,0
hgb,True,extended_K,hgb::H_D_M_A_K,H_D_M_A_K,17,0.7311752478933827,hgb::H_D_B_M_P_C_A_K,P0,0.022713135847095733,0.05389652812317186,0.05187879185813415,0.08306218413421028,255,False,False,False,post-evaluation hypothesis-generating; independent future validation required,disjoint,879,0,0
hgb,True,extended_K,hgb::H_D_P_C_A,H_D_P_C_A,17,0.7312588721566529,hgb::H_D_B_M_P_C_A_K,P0,0.022796760110365837,0.053980152386441965,0.05196241612140418,0.08314580839748031,255,False,False,False,post-evaluation hypothesis-generating; independent future validation required,disjoint,879,0,0
hgb,True,extended_K,hgb::H_D_M_P_A,H_D_M_P_A,17,0.7431916364842923,hgb::H_D_B_M_P_C_A_K,P0,0.03472952443800546,0.06591291671408159,0.0638951804490438,0.09507857272511994,255,False,False,False,post-evaluation hypothesis-generating; independent future validation required,disjoint,879,0,0
hgb,True,extended_K,hgb::H_D_B_M_C_K,H_D_B_M_C_K,18,0.6843269538767872,hgb::H_D_B_M_P_C_A_K,P0,-0.024135158169499713,0.007048234106576418,0.005030497841538675,0.036213890117614805,255,True,False,False,post-evaluation hypothesis-generating; independent future validation required,disjoint,879,0,0
hgb,True,extended_K,hgb::H_D_B_C_A_K,H_D_B_C_A_K,18,0.6968562939594023,hgb::H_D_B_M_P_C_A_K,P0,-0.011605818086884812,0.01957757418919132,0.017559837924153558,0.04874323020022969,255,False,False,False,post-evaluation hypothesis-generating; independent future validation required,disjoint,879,0,0
hgb,True,extended_K,hgb::H_D_B_M_P_C,H_D_B_M_P_C,18,0.7019897340258646,hgb::H_D_B_M_P_C_A_K,P0,-0.006472378020422376,0.024711014255653755,0.022693277990615997,0.05387667026669213,255,False,False,False,post-evaluation hypothesis-generating; independent future validation required,disjoint,879,0,0
hgb,True,extended_K,hgb::H_D_B_P_C_A,H_D_B_P_C_A,18,0.7143492058304313,hgb::H_D_B_M_P_C_A_K,P0,0.005887093784144241,0.03707048606022037,0.03505274979518264,0.06623614207125877,255,False,False,False,post-evaluation hypothesis-generating; independent future validation required,disjoint,879,0,0
hgb,True,extended_K,hgb::H_D_B_M_A_K,H_D_B_M_A_K,18,0.7158815320543142,hgb::H_D_B_M_P_C_A_K,P0,0.007419420008027109,0.03860281228410324,0.036585076019065514,0.06776846829514165,255,False,False,False,post-evaluation hypothesis-generating; independent future validation required,disjoint,879,0,0
hgb,True,extended_K,hgb::H_D_B_M_P_A,H_D_B_M_P_A,18,0.7247962496659895,hgb::H_D_B_M_P_C_A_K,P0,0.016334137619702604,0.04751752989577873,0.04549979363074092,0.07668318590681705,255,False,False,False,post-evaluation hypothesis-generating; independent future validation required,disjoint,879,0,0
hgb,True,extended_K,hgb::H_D_M_C_A_K,H_D_M_C_A_K,18,0.7329265079008285,hgb::H_D_B_M_P_C_A_K,P0,0.024464395854541382,0.05564778813061751,0.053630051865579884,0.08481344414165601,255,False,False,False,post-evaluation hypothesis-generating; independent future validation required,disjoint,879,0,0
hgb,True,extended_K,hgb::H_D_M_P_C_A,H_D_M_P_C_A,18,0.7407944188908344,hgb::H_D_B_M_P_C_A_K,P0,0.03233230684454738,0.06351569912062352,0.06149796285558571,0.09268135513166184,255,False,False,False,post-evaluation hypothesis-generating; independent future validation required,disjoint,879,0,0
hgb,True,extended_K,hgb::H_D_B_M_C_A_K,H_D_B_M_C_A_K,19,0.7187149930074098,hgb::H_D_B_M_P_C_A_K,P0,0.010252880961122706,0.04143627323719884,0.03941853697216108,0.07060192924823722,255,False,False,False,post-evaluation hypothesis-generating; independent future validation required,disjoint,879,0,0
hgb,True,extended_K,hgb::H_D_B_M_P_C_A,H_D_B_M_P_C_A,19,0.7252348461339164,hgb::H_D_B_M_P_C_A_K,P0,0.016772734087629356,0.047956126363705484,0.0459383900986677,0.07712178237474383,255,False,False,False,post-evaluation hypothesis-generating; independent future validation required,disjoint,879,0,0
hgb,True,extended_K,hgb::H_P_K,H_P_K,22,0.6760316893056297,hgb::H_D_B_M_P_C_A_K,P0,-0.03243042274065733,-0.001247030464581196,-0.0032647667296189626,0.02791862554645717,255,True,False,False,post-evaluation hypothesis-generating; independent future validation required,disjoint,879,0,0
hgb,True,extended_K,hgb::H_B_P_K,H_B_P_K,23,0.6739455088000654,hgb::H_D_B_M_P_C_A_K,P0,-0.03451660324622158,-0.0033332109701454463,-0.005350947235183198,0.025832445040892934,255,True,False,False,post-evaluation hypothesis-generating; independent future validation required,disjoint,879,0,0
hgb,True,extended_K,hgb::H_P_C_K,H_P_C_K,23,0.6760316893056297,hgb::H_D_B_M_P_C_A_K,P0,-0.03243042274065733,-0.001247030464581196,-0.0032647667296189626,0.02791862554645717,255,True,False,False,post-evaluation hypothesis-generating; independent future validation required,disjoint,879,0,0
hgb,True,extended_K,hgb::H_M_P_K,H_M_P_K,23,0.6774241113406981,hgb::H_D_B_M_P_C_A_K,P0,-0.03103800070558884,0.000145391570487291,-0.0018723446945504516,0.02931104758152568,255,True,False,False,post-evaluation hypothesis-generating; independent future validation required,disjoint,879,0,0
hgb,True,extended_K,hgb::H_P_A_K,H_P_A_K,23,0.6800327321767753,hgb::H_D_B_M_P_C_A_K,P0,-0.028429379869511665,0.0027540124065644662,0.0007362761415266926,0.031919668417602826,255,True,False,False,post-evaluation hypothesis-generating; independent future validation required,disjoint,879,0,0
hgb,True,extended_K,hgb::H_B_P_C_K,H_B_P_C_K,24,0.6739455088000654,hgb::H_D_B_M_P_C_A_K,P0,-0.03451660324622158,-0.0033332109701454463,-0.005350947235183198,0.025832445040892934,255,True,False,False,post-evaluation hypothesis-generating; independent future validation required,disjoint,879,0,0
hgb,True,extended_K,hgb::H_B_M_P_K,H_B_M_P_K,24,0.6743892398333982,hgb::H_D_B_M_P_C_A_K,P0,-0.03407287221288881,-0.0028894799368126764,-0.004907216201850423,0.026276176074225707,255,True,False,False,post-evaluation hypothesis-generating; independent future validation required,disjoint,879,0,0
hgb,True,extended_K,hgb::H_B_P_A_K,H_B_P_A_K,24,0.6756602592874406,hgb::H_D_B_M_P_C_A_K,P0,-0.0328018527588465,-0.0016184604827703675,-0.0036361967478081396,0.027547195528267992,255,True,False,False,post-evaluation hypothesis-generating; independent future validation required,disjoint,879,0,0
hgb,True,extended_K,hgb::H_P_C_A_K,H_P_C_A_K,24,0.6800327321767753,hgb::H_D_B_M_P_C_A_K,P0,-0.028429379869511665,0.0027540124065644662,0.0007362761415266926,0.031919668417602826,255,True,False,False,post-evaluation hypothesis-generating; independent future validation required,disjoint,879,0,0
hgb,True,extended_K,hgb::H_M_P_C_K,H_M_P_C_K,24,0.6918209183834452,hgb::H_D_B_M_P_C_A_K,P0,-0.016641193662841804,0.014542198613234327,0.012524462348196591,0.04370785462427272,255,False,False,False,post-evaluation hypothesis-generating; independent future validation required,disjoint,879,0,0
hgb,True,extended_K,hgb::H_M_P_A_K,H_M_P_A_K,24,0.7192906987930566,hgb::H_D_B_M_P_C_A_K,P0,0.010828586746769633,0.042011979022845765,0.03999424275780807,0.0711776350338842,255,False,False,False,post-evaluation hypothesis-generating; independent future validation required,disjoint,879,0,0
hgb,True,extended_K,hgb::H_B_M_P_C_K,H_B_M_P_C_K,25,0.6743892398333982,hgb::H_D_B_M_P_C_A_K,P0,-0.03407287221288881,-0.0028894799368126764,-0.004907216201850423,0.026276176074225707,255,True,False,False,post-evaluation hypothesis-generating; independent future validation required,disjoint,879,0,0
hgb,True,extended_K,hgb::H_B_P_C_A_K,H_B_P_C_A_K,25,0.6756602592874406,hgb::H_D_B_M_P_C_A_K,P0,-0.0328018527588465,-0.0016184604827703675,-0.0036361967478081396,0.027547195528267992,255,True,False,False,post-evaluation hypothesis-generating; independent future validation required,disjoint,879,0,0
hgb,True,extended_K,hgb::H_B_M_P_A_K,H_B_M_P_A_K,25,0.6792133502251052,hgb::H_D_B_M_P_C_A_K,P0,-0.029248761821181794,0.0019346304548943372,-8.310581014341325e-05,0.031100286465932717,255,True,False,False,post-evaluation hypothesis-generating; independent future validation required,disjoint,879,0,0
hgb,True,extended_K,hgb::H_M_P_C_A_K,H_M_P_C_A_K,25,0.7152196870268502,hgb::H_D_B_M_P_C_A_K,P0,0.006757574980563265,0.037940967256639396,0.03592323099160159,0.06710662326767772,255,False,False,False,post-evaluation hypothesis-generating; independent future validation required,disjoint,879,0,0
hgb,True,extended_K,hgb::H_D_P_K,H_D_P_K,26,0.6907370227192206,hgb::H_D_B_M_P_C_A_K,P0,-0.017725089327066477,0.013458302949009654,0.011440566683971896,0.04262395896004803,255,False,False,False,post-evaluation hypothesis-generating; independent future validation required,disjoint,879,0,0
hgb,True,extended_K,hgb::H_B_M_P_C_A_K,H_B_M_P_C_A_K,26,0.7078539723979774,hgb::H_D_B_M_P_C_A_K,P0,-0.0006081396483095674,0.030575252627766565,0.028557516362728776,0.05974090863880491,255,False,False,False,post-evaluation hypothesis-generating; independent future validation required,disjoint,879,0,0
hgb,True,extended_K,hgb::H_D_M_P_K,H_D_M_P_K,27,0.6899968268559388,hgb::H_D_B_M_P_C_A_K,P0,-0.018465285190348155,0.012718107085727976,0.010700370820690192,0.04188376309676632,255,False,False,False,post-evaluation hypothesis-generating; independent future validation required,disjoint,879,0,0
hgb,True,extended_K,hgb::H_D_P_C_K,H_D_P_C_K,27,0.6909847837375599,hgb::H_D_B_M_P_C_A_K,P0,-0.017477328308727214,0.013706063967348917,0.011688327702311133,0.04287171997838726,255,False,False,False,post-evaluation hypothesis-generating; independent future validation required,disjoint,879,0,0
hgb,True,extended_K,hgb::H_D_B_P_K,H_D_B_P_K,27,0.6921862902347931,hgb::H_D_B_M_P_C_A_K,P0,-0.016275821811493965,0.014907570464582166,0.012889834199544443,0.04407322647562058,255,False,False,False,post-evaluation hypothesis-generating; independent future validation required,disjoint,879,0,0
hgb,True,extended_K,hgb::H_D_P_A_K,H_D_P_A_K,27,0.705454666963786,hgb::H_D_B_M_P_C_A_K,P0,-0.0030074450825010525,0.02817594719357508,0.026158210928537377,0.05734160320461351,255,False,False,False,post-evaluation hypothesis-generating; independent future validation required,disjoint,879,0,0
hgb,True,extended_K,hgb::H_D_B_M_P_K,H_D_B_M_P_K,28,0.6907815414463224,hgb::H_D_B_M_P_C_A_K,P0,-0.017680570599964567,0.013502821676111564,0.011485085411073806,0.04266847768714994,255,False,False,False,post-evaluation hypothesis-generating; independent future validation required,disjoint,879,0,0
hgb,True,extended_K,hgb::H_D_B_P_C_K,H_D_B_P_C_K,28,0.6912666928972911,hgb::H_D_B_M_P_C_A_K,P0,-0.01719541914899578,0.01398797312708035,0.011970236862042597,0.04315362913811873,255,False,False,False,post-evaluation hypothesis-generating; independent future validation required,disjoint,879,0,0
hgb,True,extended_K,hgb::H_D_M_P_C_K,H_D_M_P_C_K,28,0.6929604905551218,hgb::H_D_B_M_P_C_A_K,P0,-0.015501621491165232,0.015681770784910898,0.013664034519873131,0.04484742679594926,255,False,False,False,post-evaluation hypothesis-generating; independent future validation required,disjoint,879,0,0
hgb,True,extended_K,hgb::H_D_B_P_A_K,H_D_B_P_A_K,28,0.7016360620627916,hgb::H_D_B_M_P_C_A_K,P0,-0.0068260499834953995,0.02435734229258073,0.022339606027542945,0.053522998303619077,255,False,False,False,post-evaluation hypothesis-generating; independent future validation required,disjoint,879,0,0
hgb,True,extended_K,hgb::H_D_P_C_A_K,H_D_P_C_A_K,28,0.7033316781474576,hgb::H_D_B_M_P_C_A_K,P0,-0.005130433898829511,0.02605295837724662,0.024035222112208834,0.055218614388284966,255,False,False,False,post-evaluation hypothesis-generating; independent future validation required,disjoint,879,0,0
hgb,True,extended_K,hgb::H_D_M_P_A_K,H_D_M_P_A_K,28,0.7193915183134958,hgb::H_D_B_M_P_C_A_K,P0,0.010929406267208728,0.04211279854328486,0.040095062278247065,0.07127845455432319,255,False,False,False,post-evaluation hypothesis-generating; independent future validation required,disjoint,879,0,0
hgb,True,extended_K,hgb::H_D_B_M_P_C_K,H_D_B_M_P_C_K,29,0.6933980054764458,hgb::H_D_B_M_P_C_A_K,P0,-0.01506410656984124,0.016119285706234894,0.014101549441197127,0.04528494171727326,255,False,False,False,post-evaluation hypothesis-generating; independent future validation required,disjoint,879,0,0
hgb,True,extended_K,hgb::H_D_B_P_C_A_K,H_D_B_P_C_A_K,29,0.7008435737132872,hgb::H_D_B_M_P_C_A_K,P0,-0.007618538332999848,0.023564853943076284,0.02154711767803853,0.05273050995411466,255,False,False,False,post-evaluation hypothesis-generating; independent future validation required,disjoint,879,0,0
hgb,True,extended_K,hgb::H_D_B_M_P_A_K,H_D_B_M_P_A_K,29,0.7127968911690334,hgb::H_D_B_M_P_C_A_K,P0,0.004334779122746469,0.0355181713988226,0.03350043513378489,0.06468382740986102,255,False,False,False,post-evaluation hypothesis-generating; independent future validation required,disjoint,879,0,0
hgb,True,extended_K,hgb::H_D_M_P_C_A_K,H_D_M_P_C_A_K,29,0.7200180786641663,hgb::H_D_B_M_P_C_A_K,P0,0.011555966617879408,0.04273935889395554,0.040721622628917736,0.07190501490499387,255,False,False,False,post-evaluation hypothesis-generating; independent future validation required,disjoint,879,0,0
hgb,True,extended_K,hgb::H_D_B_M_P_C_A_K,H_D_B_M_P_C_A_K,30,0.7084621120462871,hgb::H_D_B_M_P_C_A_K,P0,0.0,0.0,0.02916565601103835,0.06034904828711448,255,True,False,False,post-evaluation hypothesis-generating; independent future validation required,disjoint,879,0,0
ridge,True,extended_K,ridge::H,H,0,0.6793135238751269,ridge::H_D_B_M_P_C_A_K,P0,-0.06258480382842922,-0.032017501596534985,1.7067839878302022e-05,0.03058437007177254,255,True,False,False,post-evaluation hypothesis-generating; independent future validation required,disjoint,879,0,0
ridge,True,extended_K,ridge::H_B,H_B,1,0.6754812548589502,ridge::H_D_B_M_P_C_A_K,P0,-0.06641707284460566,-0.03584977061271142,-0.0038152011762983057,0.02675210105559593,255,True,False,False,post-evaluation hypothesis-generating; independent future validation required,disjoint,879,0,0
ridge,True,extended_K,ridge::H_M,H_M,1,0.6764835079335659,ridge::H_D_B_M_P_C_A_K,P0,-0.06541481976999008,-0.03484751753809585,-0.0028129481016826306,0.027754354130211607,255,True,False,False,post-evaluation hypothesis-generating; independent future validation required,disjoint,879,0,0
ridge,True,extended_K,ridge::H_C,H_C,1,0.6783103991720737,ridge::H_D_B_M_P_C_A_K,P0,-0.06358792853148225,-0.03302062629958801,-0.000986056863174865,0.029581245368719374,255,True,False,False,post-evaluation hypothesis-generating; independent future validation required,disjoint,879,0,0
ridge,True,extended_K,ridge::H_A,H_A,1,0.6968743907996156,ridge::H_D_B_M_P_C_A_K,P0,-0.04502393690394062,-0.01445663467204638,0.017577934764367,0.048145236996261234,255,True,False,False,post-evaluation hypothesis-generating; independent future validation required,disjoint,879,0,0
ridge,True,extended_K,ridge::H_B_C,H_B_C,2,0.6743961215056873,ridge::H_D_B_M_P_C_A_K,P0,-0.06750220619786892,-0.03693490396597469,-0.0049003345295614755,0.02566696770233276,255,True,False,False,post-evaluation hypothesis-generating; independent future validation required,disjoint,879,0,0
ridge,True,extended_K,ridge::H_B_M,H_B_M,2,0.6749116084884701,ridge::H_D_B_M_P_C_A_K,P0,-0.06698671921508588,-0.03641941698319164,-0.004384847546778382,0.026182454685115854,255,True,False,False,post-evaluation hypothesis-generating; independent future validation required,disjoint,879,0,0
ridge,True,extended_K,ridge::H_M_C,H_M_C,2,0.6752660574327857,ridge::H_D_B_M_P_C_A_K,P0,-0.06663227027077023,-0.036064968038875996,-0.004030398602462846,0.02653690362943139,255,True,False,False,post-evaluation hypothesis-generating; independent future validation required,disjoint,879,0,0
ridge,True,extended_K,ridge::H_B_A,H_B_A,2,0.6924867325232882,ridge::H_D_B_M_P_C_A_K,P0,-0.04941159518026788,-0.018844292948373642,0.013190276488039665,0.0437575787199339,255,True,False,False,post-evaluation hypothesis-generating; independent future validation required,disjoint,879,0,0
ridge,True,extended_K,ridge::H_M_A,H_M_A,2,0.6935346681970105,ridge::H_D_B_M_P_C_A_K,P0,-0.048363659506545566,-0.017796357274651328,0.014238212161761844,0.044805514393656085,255,True,False,False,post-evaluation hypothesis-generating; independent future validation required,disjoint,879,0,0
ridge,True,extended_K,ridge::H_C_A,H_C_A,2,0.6958388959630647,ridge::H_D_B_M_P_C_A_K,P0,-0.046059431740491326,-0.015492129508597088,0.016542439927816014,0.047109742159710255,255,True,False,False,post-evaluation hypothesis-generating; independent future validation required,disjoint,879,0,0
ridge,True,extended_K,ridge::H_B_M_C,H_B_M_C,3,0.6735989203466741,ridge::H_D_B_M_P_C_A_K,P0,-0.06829940735688181,-0.03773210512498757,-0.00569753568857435,0.024869766543319887,255,True,False,False,post-evaluation hypothesis-generating; independent future validation required,disjoint,879,0,0
ridge,True,extended_K,ridge::H_B_M_A,H_B_M_A,3,0.6913890344762514,ridge::H_D_B_M_P_C_A_K,P0,-0.050509293227304526,-0.01994199099541029,0.0120925784410029,0.04265988067289714,255,True,False,False,post-evaluation hypothesis-generating; independent future validation required,disjoint,879,0,0
ridge,True,extended_K,ridge::H_B_C_A,H_B_C_A,3,0.6914998737473178,ridge::H_D_B_M_P_C_A_K,P0,-0.05039845395623832,-0.019831151724344083,0.012203417712069146,0.042770719943963385,255,True,False,False,post-evaluation hypothesis-generating; independent future validation required,disjoint,879,0,0
ridge,True,extended_K,ridge::H_M_C_A,H_M_C_A,3,0.6924204558031238,ridge::H_D_B_M_P_C_A_K,P0,-0.04947787190043225,-0.018910569668538012,0.01312399976787527,0.043691301999769505,255,True,False,False,post-evaluation hypothesis-generating; independent future validation required,disjoint,879,0,0
ridge,True,extended_K,ridge::H_B_M_C_A,H_B_M_C_A,4,0.6903287822742069,ridge::H_D_B_M_P_C_A_K,P0,-0.05156954542934923,-0.021002243197454994,0.011032326238958196,0.04159962847085243,255,True,False,False,post-evaluation hypothesis-generating; independent future validation required,disjoint,879,0,0
ridge,True,extended_K,ridge::H_D,H_D,4,0.7291761239224367,ridge::H_D_B_M_P_C_A_K,P0,-0.012722203781119247,0.01784509845077499,0.049879667887188166,0.0804469701190824,255,False,False,False,post-evaluation hypothesis-generating; independent future validation required,disjoint,879,0,0
ridge,True,extended_K,ridge::H_D_B,H_D_B,5,0.7226237294922304,ridge::H_D_B_M_P_C_A_K,P0,-0.01927459821132572,0.011292704020568516,0.0433272734569817,0.07389457568887595,255,False,False,False,post-evaluation hypothesis-generating; independent future validation required,disjoint,879,0,0
ridge,True,extended_K,ridge::H_D_C,H_D_C,5,0.7283010484204694,ridge::H_D_B_M_P_C_A_K,P0,-0.013597279283086575,0.016970022948807662,0.04900459238522086,0.0795718946171151,255,False,False,False,post-evaluation hypothesis-generating; independent future validation required,disjoint,879,0,0
ridge,True,extended_K,ridge::H_D_M,H_D_M,5,0.7341765877977594,ridge::H_D_B_M_P_C_A_K,P0,-0.007721739905796735,0.022845562326097503,0.054880131762510685,0.08544743399440492,255,False,False,False,post-evaluation hypothesis-generating; independent future validation required,disjoint,879,0,0
ridge,True,extended_K,ridge::H_D_A,H_D_A,5,0.7520812846412158,ridge::H_D_B_M_P_C_A_K,P0,0.01018295693765977,0.04075025916955401,0.07278482860596723,0.10335213083786146,255,False,False,False,post-evaluation hypothesis-generating; independent future validation required,disjoint,879,0,0
ridge,True,extended_K,ridge::H_D_B_C,H_D_B_C,6,0.7223287777328733,ridge::H_D_B_M_P_C_A_K,P0,-0.01956954997068274,0.010997752261211496,0.0430323216976247,0.07359962392951894,255,False,False,False,post-evaluation hypothesis-generating; independent future validation required,disjoint,879,0,0
ridge,True,extended_K,ridge::H_D_B_M,H_D_B_M,6,0.7296416281992213,ridge::H_D_B_M_P_C_A_K,P0,-0.012256699504334669,0.01831060272755957,0.050345172163972836,0.08091247439586707,255,False,False,False,post-evaluation hypothesis-generating; independent future validation required,disjoint,879,0,0
ridge,True,extended_K,ridge::H_D_M_C,H_D_M_C,6,0.7333220336784927,ridge::H_D_B_M_P_C_A_K,P0,-0.008576294025063538,0.021991008206830698,0.05402557764324394,0.08459287987513818,255,False,False,False,post-evaluation hypothesis-generating; independent future validation required,disjoint,879,0,0
ridge,True,extended_K,ridge::H_D_B_A,H_D_B_A,6,0.7453577182068911,ridge::H_D_B_M_P_C_A_K,P0,0.003459390503335221,0.03402669273522946,0.06606126217164264,0.09662856440353687,255,False,False,False,post-evaluation hypothesis-generating; independent future validation required,disjoint,879,0,0
ridge,True,extended_K,ridge::H_D_C_A,H_D_C_A,6,0.7512943006333562,ridge::H_D_B_M_P_C_A_K,P0,0.00939597292980005,0.03996327516169429,0.07199784459810743,0.10256514683000167,255,False,False,False,post-evaluation hypothesis-generating; independent future validation required,disjoint,879,0,0
ridge,True,extended_K,ridge::H_D_M_A,H_D_M_A,6,0.7564192128800772,ridge::H_D_B_M_P_C_A_K,P0,0.014520885176520955,0.04508818740841519,0.07712275684482846,0.10769005907672269,255,False,False,False,post-evaluation hypothesis-generating; independent future validation required,disjoint,879,0,0
ridge,True,extended_K,ridge::H_D_B_M_C,H_D_B_M_C,7,0.7288478333617856,ridge::H_D_B_M_P_C_A_K,P0,-0.013050494341770554,0.017516807890123685,0.04955137732653686,0.0801186795584311,255,False,False,False,post-evaluation hypothesis-generating; independent future validation required,disjoint,879,0,0
ridge,True,extended_K,ridge::H_D_B_C_A,H_D_B_C_A,7,0.7446048033718897,ridge::H_D_B_M_P_C_A_K,P0,0.0027064756683336387,0.033273777900227876,0.06530834733664102,0.09587564956853525,255,False,False,False,post-evaluation hypothesis-generating; independent future validation required,disjoint,879,0,0
ridge,True,extended_K,ridge::H_D_B_M_A,H_D_B_M_A,7,0.751337934008204,ridge::H_D_B_M_P_C_A_K,P0,0.00943960630464801,0.04000690853654225,0.07204147797295551,0.10260878020484976,255,False,False,False,post-evaluation hypothesis-generating; independent future validation required,disjoint,879,0,0
ridge,True,extended_K,ridge::H_D_M_C_A,H_D_M_C_A,7,0.7556818835969875,ridge::H_D_B_M_P_C_A_K,P0,0.013783555893431483,0.04435085812532572,0.07638542756173906,0.1069527297936333,255,False,False,False,post-evaluation hypothesis-generating; independent future validation required,disjoint,879,0,0
ridge,True,extended_K,ridge::H_D_B_M_C_A,H_D_B_M_C_A,8,0.750618208121312,ridge::H_D_B_M_P_C_A_K,P0,0.008719880417755831,0.03928718264965007,0.07132175208606324,0.10188905431795747,255,False,False,False,post-evaluation hypothesis-generating; independent future validation required,disjoint,879,0,0
ridge,True,extended_K,ridge::H_K,H_K,11,0.658543836685173,ridge::H_D_B_M_P_C_A_K,P0,-0.08335449101838309,-0.05278718878648885,-0.020752619350075587,0.009814682881818651,255,True,False,False,post-evaluation hypothesis-generating; independent future validation required,disjoint,879,0,0
ridge,True,extended_K,ridge::H_P,H_P,11,0.6809848589965184,ridge::H_D_B_M_P_C_A_K,P0,-0.060913468707037635,-0.030346166475143398,0.0016884029612698158,0.03225570519316405,255,True,False,False,post-evaluation hypothesis-generating; independent future validation required,disjoint,879,0,0
ridge,True,extended_K,ridge::H_B_K,H_B_K,12,0.6560005522953006,ridge::H_D_B_M_P_C_A_K,P0,-0.08589777540825541,-0.055330473176361174,-0.0232959037399479,0.007271398491946336,255,True,False,False,post-evaluation hypothesis-generating; independent future validation required,disjoint,879,1,1
ridge,True,extended_K,ridge::H_C_K,H_C_K,12,0.6583774585771268,ridge::H_D_B_M_P_C_A_K,P0,-0.08352086912642921,-0.052953566894534974,-0.02091899745812181,0.009648304773772428,255,True,False,False,post-evaluation hypothesis-generating; independent future validation required,disjoint,879,0,0
ridge,True,extended_K,ridge::H_M_K,H_M_K,12,0.6641758072467449,ridge::H_D_B_M_P_C_A_K,P0,-0.0777225204568111,-0.04715521822491687,-0.015120648788503669,0.015446653443390568,255,True,False,False,post-evaluation hypothesis-generating; independent future validation required,disjoint,879,0,0
ridge,True,extended_K,ridge::H_A_K,H_A_K,12,0.676391252134669,ridge::H_D_B_M_P_C_A_K,P0,-0.06550707556888703,-0.034939773336992795,-0.0029052039005796042,0.02766209833131463,255,True,False,False,post-evaluation hypothesis-generating; independent future validation required,disjoint,879,0,0
ridge,True,extended_K,ridge::H_M_P,H_M_P,12,0.677603348396983,ridge::H_D_B_M_P_C_A_K,P0,-0.06429497930657291,-0.03372767707467867,-0.0016931076382654738,0.028874194593628763,255,True,False,False,post-evaluation hypothesis-generating; independent future validation required,disjoint,879,0,0
ridge,True,extended_K,ridge::H_B_P,H_B_P,12,0.6780815765078287,ridge::H_D_B_M_P_C_A_K,P0,-0.06381675119572726,-0.03324944896383302,-0.0012148795274198538,0.029352422704474385,255,True,False,False,post-evaluation hypothesis-generating; independent future validation required,disjoint,879,0,0
ridge,True,extended_K,ridge::H_P_C,H_P_C,12,0.6798709713667724,ridge::H_D_B_M_P_C_A_K,P0,-0.06202735633678358,-0.03146005410488934,0.000574515331523863,0.0311418175634181,255,True,False,False,post-evaluation hypothesis-generating; independent future validation required,disjoint,879,0,0
ridge,True,extended_K,ridge::H_P_A,H_P_A,12,0.6977800763686035,ridge::H_D_B_M_P_C_A_K,P0,-0.04411825133495255,-0.013550949103058312,0.018483620333354874,0.04905092256524911,255,True,False,False,post-evaluation hypothesis-generating; independent future validation required,disjoint,879,0,0
ridge,True,extended_K,ridge::H_B_C_K,H_B_C_K,13,0.6557311664656951,ridge::H_D_B_M_P_C_A_K,P0,-0.08616716123786107,-0.05559985900596683,-0.023565289569553574,0.007002012662340663,255,True,False,False,post-evaluation hypothesis-generating; independent future validation required,disjoint,879,1,1
ridge,True,extended_K,ridge::H_B_M_K,H_B_M_K,13,0.6632713536948405,ridge::H_D_B_M_P_C_A_K,P0,-0.07862697400871545,-0.04805967177682121,-0.016025102340408024,0.014542199891486213,255,True,False,False,post-evaluation hypothesis-generating; independent future validation required,disjoint,879,0,0
ridge,True,extended_K,ridge::H_M_C_K,H_M_C_K,13,0.6633704063575231,ridge::H_D_B_M_P_C_A_K,P0,-0.07852792134603291,-0.047960619114138674,-0.015926049677725568,0.01464125255416867,255,True,False,False,post-evaluation hypothesis-generating; independent future validation required,disjoint,879,0,0
ridge,True,extended_K,ridge::H_B_A_K,H_B_A_K,13,0.6733491129856898,ridge::H_D_B_M_P_C_A_K,P0,-0.06854921471786632,-0.03798191248597208,-0.005947343049558855,0.024619959182335383,255,True,False,False,post-evaluation hypothesis-generating; independent future validation required,disjoint,879,0,0
ridge,True,extended_K,ridge::H_C_A_K,H_C_A_K,13,0.6759414455398834,ridge::H_D_B_M_P_C_A_K,P0,-0.06595688216367261,-0.035389579931778374,-0.003355010495365196,0.027212291736529042,255,True,False,False,post-evaluation hypothesis-generating; independent future validation required,disjoint,879,0,0
ridge,True,extended_K,ridge::H_M_P_C,H_M_P_C,13,0.6765740518762589,ridge::H_D_B_M_P_C_A_K,P0,-0.06532427582729723,-0.034756973595402994,-0.0027224041589897596,0.027844898072904477,255,True,False,False,post-evaluation hypothesis-generating; independent future validation required,disjoint,879,0,0
ridge,True,extended_K,ridge::H_B_M_P,H_B_M_P,13,0.6768636976334249,ridge::H_D_B_M_P_C_A_K,P0,-0.06503463007013113,-0.034467327838236896,-0.0024327584018236617,0.028134543830070576,255,True,False,False,post-evaluation hypothesis-generating; independent future validation required,disjoint,879,0,0
ridge,True,extended_K,ridge::H_B_P_C,H_B_P_C,13,0.6771569074950814,ridge::H_D_B_M_P_C_A_K,P0,-0.06474142020847458,-0.03417411797658034,-0.0021395485401671395,0.0284277536917271,255,True,False,False,post-evaluation hypothesis-generating; independent future validation required,disjoint,879,0,0
ridge,True,extended_K,ridge::H_M_A_K,H_M_A_K,13,0.681056096574649,ridge::H_D_B_M_P_C_A_K,P0,-0.060842231128906965,-0.030274928897012728,0.0017596405394004733,0.03232694277129471,255,True,False,False,post-evaluation hypothesis-generating; independent future validation required,disjoint,879,0,0
ridge,True,extended_K,ridge::H_B_P_A,H_B_P_A,13,0.6942841233986218,ridge::H_D_B_M_P_C_A_K,P0,-0.04761420430493432,-0.017046902073040084,0.014987667363373166,0.045554969595267406,255,True,False,False,post-evaluation hypothesis-generating; independent future validation required,disjoint,879,0,0
ridge,True,extended_K,ridge::H_M_P_A,H_M_P_A,13,0.6943087297995848,ridge::H_D_B_M_P_C_A_K,P0,-0.047589597903971166,-0.01702229567207693,0.015012273764336278,0.04557957599623051,255,True,False,False,post-evaluation hypothesis-generating; independent future validation required,disjoint,879,0,0
ridge,True,extended_K,ridge::H_P_C_A,H_P_C_A,13,0.6967793886820188,ridge::H_D_B_M_P_C_A_K,P0,-0.04511893902153726,-0.014551636789643024,0.01748293264677017,0.0480502348786644,255,True,False,False,post-evaluation hypothesis-generating; independent future validation required,disjoint,879,0,0
ridge,True,extended_K,ridge::H_B_M_C_K,H_B_M_C_K,14,0.6623062625570297,ridge::H_D_B_M_P_C_A_K,P0,-0.07959206514652638,-0.04902476291463214,-0.016990193478218826,0.013577108753675411,255,True,False,False,post-evaluation hypothesis-generating; independent future validation required,disjoint,879,0,0
ridge,True,extended_K,ridge::H_B_C_A_K,H_B_C_A_K,14,0.6728319903082202,ridge::H_D_B_M_P_C_A_K,P0,-0.06906633739533594,-0.0384990351634417,-0.006464465727028457,0.02410283650486578,255,True,False,False,post-evaluation hypothesis-generating; independent future validation required,disjoint,879,0,0
ridge,True,extended_K,ridge::H_B_M_P_C,H_B_M_P_C,14,0.6758685591235124,ridge::H_D_B_M_P_C_A_K,P0,-0.0660297685800438,-0.035462466348149556,-0.003427896911736281,0.027139405320157958,255,True,False,False,post-evaluation hypothesis-generating; independent future validation required,disjoint,879,0,0
ridge,True,extended_K,ridge::H_B_M_A_K,H_B_M_A_K,14,0.6795963105972392,ridge::H_D_B_M_P_C_A_K,P0,-0.06230201710631676,-0.031734714874422525,0.0002998545619906813,0.03086715679388492,255,True,False,False,post-evaluation hypothesis-generating; independent future validation required,disjoint,879,0,0
ridge,True,extended_K,ridge::H_M_C_A_K,H_M_C_A_K,14,0.6806221811294764,ridge::H_D_B_M_P_C_A_K,P0,-0.061276146574079815,-0.030708844342185578,0.0013257250942276344,0.03189302732612187,255,True,False,False,post-evaluation hypothesis-generating; independent future validation required,disjoint,879,0,0
ridge,True,extended_K,ridge::H_B_M_P_A,H_B_M_P_A,14,0.69276638419544,ridge::H_D_B_M_P_C_A_K,P0,-0.04913194350811625,-0.01856464127622201,0.013469928160191274,0.044037230392085513,255,True,False,False,post-evaluation hypothesis-generating; independent future validation required,disjoint,879,0,0
ridge,True,extended_K,ridge::H_M_P_C_A,H_M_P_C_A,14,0.6931873802377709,ridge::H_D_B_M_P_C_A_K,P0,-0.04871094746578523,-0.01814364523389099,0.01389092420252225,0.044458226434416485,255,True,False,False,post-evaluation hypothesis-generating; independent future validation required,disjoint,879,0,0
ridge,True,extended_K,ridge::H_B_P_C_A,H_B_P_C_A,14,0.6932656589054442,ridge::H_D_B_M_P_C_A_K,P0,-0.04863266879811187,-0.018065366566217635,0.013969202870195568,0.044536505102089806,255,True,False,False,post-evaluation hypothesis-generating; independent future validation required,disjoint,879,0,0
ridge,True,extended_K,ridge::H_B_M_C_A_K,H_B_M_C_A_K,15,0.6790977869905314,ridge::H_D_B_M_P_C_A_K,P0,-0.0628005407130247,-0.03223323848113046,-0.00019866904471727023,0.030368633187176967,255,True,False,False,post-evaluation hypothesis-generating; independent future validation required,disjoint,879,0,0
ridge,True,extended_K,ridge::H_B_M_P_C_A,H_B_M_P_C_A,15,0.6916424318764404,ridge::H_D_B_M_P_C_A_K,P0,-0.05025589582711574,-0.0196885935952215,0.012345975841191709,0.042913278073085946,255,True,False,False,post-evaluation hypothesis-generating; independent future validation required,disjoint,879,0,0
ridge,True,extended_K,ridge::H_D_K,H_D_K,15,0.7109472968772172,ridge::H_D_B_M_P_C_A_K,P0,-0.030951030826338835,-0.00038372859444459756,0.03165084084196859,0.06221814307386283,255,True,False,False,post-evaluation hypothesis-generating; independent future validation required,disjoint,879,0,0
ridge,True,extended_K,ridge::H_D_P,H_D_P,15,0.7328004447767162,ridge::H_D_B_M_P_C_A_K,P0,-0.009097882926839898,0.02146941930505434,0.05350398874146755,0.08407129097336179,255,False,False,False,post-evaluation hypothesis-generating; independent future validation required,disjoint,879,0,0
ridge,True,extended_K,ridge::H_D_B_K,H_D_B_K,16,0.7059121412156539,ridge::H_D_B_M_P_C_A_K,P0,-0.03598618648790214,-0.005418884256007901,0.026615685180405312,0.057182987412299546,255,True,False,False,post-evaluation hypothesis-generating; independent future validation required,disjoint,879,0,0
ridge,True,extended_K,ridge::H_D_C_K,H_D_C_K,16,0.7104530848008578,ridge::H_D_B_M_P_C_A_K,P0,-0.03144524290269835,-0.0008779406708041143,0.031156628765609096,0.06172393099750333,255,True,False,False,post-evaluation hypothesis-generating; independent future validation required,disjoint,879,0,0
ridge,True,extended_K,ridge::H_D_M_K,H_D_M_K,16,0.72183332755716,ridge::H_D_B_M_P_C_A_K,P0,-0.020065000146395985,0.010502302085498252,0.04253687152191153,0.07310417375380576,255,False,False,False,post-evaluation hypothesis-generating; independent future validation required,disjoint,879,0,0
ridge,True,extended_K,ridge::H_D_B_P,H_D_B_P,16,0.7281331121439282,ridge::H_D_B_M_P_C_A_K,P0,-0.013765215559627815,0.016802086672266424,0.048836656108679606,0.07940395834057384,255,False,False,False,post-evaluation hypothesis-generating; independent future validation required,disjoint,879,0,0
ridge,True,extended_K,ridge::H_D_P_C,H_D_P_C,16,0.7322869363665869,ridge::H_D_B_M_P_C_A_K,P0,-0.009611391336969088,0.02095591089492515,0.05299048033133834,0.08355778256323257,255,False,False,False,post-evaluation hypothesis-generating; independent future validation required,disjoint,879,0,0
ridge,True,extended_K,ridge::H_D_A_K,H_D_A_K,16,0.733945848005697,ridge::H_D_B_M_P_C_A_K,P0,-0.007952479697859068,0.02261482253403517,0.054649391970448394,0.08521669420234262,255,False,False,False,post-evaluation hypothesis-generating; independent future validation required,disjoint,879,0,0
ridge,True,extended_K,ridge::H_D_M_P,H_D_M_P,16,0.7359769738367472,ridge::H_D_B_M_P_C_A_K,P0,-0.005921353866808934,0.024645948365085303,0.05668051780149846,0.0872478200333927,255,False,False,False,post-evaluation hypothesis-generating; independent future validation required,disjoint,879,0,0
ridge,True,extended_K,ridge::H_D_P_A,H_D_P_A,16,0.7549908289951228,ridge::H_D_B_M_P_C_A_K,P0,0.01309250129156678,0.04365980352346102,0.07569437295987418,0.1062616751917684,255,False,False,False,post-evaluation hypothesis-generating; independent future validation required,disjoint,879,0,0
ridge,True,extended_K,ridge::H_D_B_C_K,H_D_B_C_K,17,0.7055082439787598,ridge::H_D_B_M_P_C_A_K,P0,-0.03639008372479619,-0.0058227814929019545,0.026211787943511207,0.056779090175405444,255,True,False,False,post-evaluation hypothesis-generating; independent future validation required,disjoint,879,0,0
ridge,True,extended_K,ridge::H_D_B_M_K,H_D_B_M_K,17,0.7178144745740934,ridge::H_D_B_M_P_C_A_K,P0,-0.024083853129462717,0.00648344910243152,0.03851801853884475,0.06908532077073898,255,True,False,False,post-evaluation hypothesis-generating; independent future validation required,disjoint,879,0,0
ridge,True,extended_K,ridge::H_D_M_C_K,H_D_M_C_K,17,0.7215474211399072,ridge::H_D_B_M_P_C_A_K,P0,-0.020350906563648942,0.010216395668245296,0.042250965104658485,0.07281826733655272,255,False,False,False,post-evaluation hypothesis-generating; independent future validation required,disjoint,879,0,0
ridge,True,extended_K,ridge::H_D_B_P_C,H_D_B_P_C,17,0.7273551303215527,ridge::H_D_B_M_P_C_A_K,P0,-0.014543197382003324,0.016024104849890912,0.04805867428630412,0.07862597651819836,255,False,False,False,post-evaluation hypothesis-generating; independent future validation required,disjoint,879,0,0
ridge,True,extended_K,ridge::H_D_B_A_K,H_D_B_A_K,17,0.7287027611651765,ridge::H_D_B_M_P_C_A_K,P0,-0.013195566538379491,0.017371735693514745,0.04940630512992791,0.07997360736182216,255,False,False,False,post-evaluation hypothesis-generating; independent future validation required,disjoint,879,0,0
ridge,True,extended_K,ridge::H_D_B_M_P,H_D_B_M_P,17,0.7322297772475366,ridge::H_D_B_M_P_C_A_K,P0,-0.009668550456019468,0.020898751775874767,0.05293332121228795,0.08350062344418219,255,False,False,False,post-evaluation hypothesis-generating; independent future validation required,disjoint,879,0,0
ridge,True,extended_K,ridge::H_D_C_A_K,H_D_C_A_K,17,0.7339297687564331,ridge::H_D_B_M_P_C_A_K,P0,-0.007968558947122936,0.0225987432847713,0.05463331272118454,0.08520061495307878,255,False,False,False,post-evaluation hypothesis-generating; independent future validation required,disjoint,879,0,0
ridge,True,extended_K,ridge::H_D_M_P_C,H_D_M_P_C,17,0.7352977305447248,ridge::H_D_B_M_P_C_A_K,P0,-0.006600597158831301,0.023966705073062936,0.05600127450947608,0.08656857674137032,255,False,False,False,post-evaluation hypothesis-generating; independent future validation required,disjoint,879,0,0
ridge,True,extended_K,ridge::H_D_M_A_K,H_D_M_A_K,17,0.7445608121333195,ridge::H_D_B_M_P_C_A_K,P0,0.002662484429763511,0.03322978666165775,0.06526435609807091,0.09583165832996515,255,False,False,False,post-evaluation hypothesis-generating; independent future validation required,disjoint,879,0,0
ridge,True,extended_K,ridge::H_D_B_P_A,H_D_B_P_A,17,0.7488520403320662,ridge::H_D_B_M_P_C_A_K,P0,0.0069537126285101275,0.037521014860404364,0.06955558429681757,0.10012288652871182,255,False,False,False,post-evaluation hypothesis-generating; independent future validation required,disjoint,879,0,0
ridge,True,extended_K,ridge::H_D_P_C_A,H_D_P_C_A,17,0.7540576403558216,ridge::H_D_B_M_P_C_A_K,P0,0.012159312652265587,0.042726614884159825,0.07476118432057308,0.10532848655246732,255,False,False,False,post-evaluation hypothesis-generating; independent future validation required,disjoint,879,0,0
ridge,True,extended_K,ridge::H_D_M_P_A,H_D_M_P_A,17,0.7574285464522916,ridge::H_D_B_M_P_C_A_K,P0,0.015530218748735482,0.04609752098062972,0.07813209041704293,0.10869939264893716,255,False,False,False,post-evaluation hypothesis-generating; independent future validation required,disjoint,879,0,0
ridge,True,extended_K,ridge::H_D_B_M_C_K,H_D_B_M_C_K,18,0.7177874976545964,ridge::H_D_B_M_P_C_A_K,P0,-0.02411083004895976,0.006456472182934478,0.038491041619347716,0.06905834385124196,255,True,False,False,post-evaluation hypothesis-generating; independent future validation required,disjoint,879,0,0
ridge,True,extended_K,ridge::H_D_B_C_A_K,H_D_B_C_A_K,18,0.7281725134813904,ridge::H_D_B_M_P_C_A_K,P0,-0.0137258142221657,0.01684148800972854,0.048876057446141805,0.07944335967803604,255,False,False,False,post-evaluation hypothesis-generating; independent future validation required,disjoint,879,0,0
ridge,True,extended_K,ridge::H_D_B_M_P_C,H_D_B_M_P_C,18,0.7315147900902933,ridge::H_D_B_M_P_C_A_K,P0,-0.01038353761326287,0.020183764618631368,0.05221833405504463,0.08278563628693886,255,False,False,False,post-evaluation hypothesis-generating; independent future validation required,disjoint,879,0,0
ridge,True,extended_K,ridge::H_D_B_M_A_K,H_D_B_M_A_K,18,0.7402099686886393,ridge::H_D_B_M_P_C_A_K,P0,-0.0016883590149168982,0.02887894321697734,0.06091351265339055,0.09148081488528478,255,False,False,False,post-evaluation hypothesis-generating; independent future validation required,disjoint,879,0,0
ridge,True,extended_K,ridge::H_D_M_C_A_K,H_D_M_C_A_K,18,0.7440158117983449,ridge::H_D_B_M_P_C_A_K,P0,0.0021174840947888094,0.03268478632668305,0.06471935576309629,0.09528665799499053,255,False,False,False,post-evaluation hypothesis-generating; independent future validation required,disjoint,879,0,0
ridge,True,extended_K,ridge::H_D_B_P_C_A,H_D_B_P_C_A,18,0.7480393960670031,ridge::H_D_B_M_P_C_A_K,P0,0.006141068363446989,0.036708370595341225,0.06874294003175443,0.09931024226364868,255,False,False,False,post-evaluation hypothesis-generating; independent future validation required,disjoint,879,0,0
ridge,True,extended_K,ridge::H_D_B_M_P_A,H_D_B_M_P_A,18,0.7527443892114142,ridge::H_D_B_M_P_C_A_K,P0,0.010846061507858168,0.04141336373975241,0.0734479331761656,0.10401523540805985,255,False,False,False,post-evaluation hypothesis-generating; independent future validation required,disjoint,879,0,0
ridge,True,extended_K,ridge::H_D_M_P_C_A,H_D_M_P_C_A,18,0.7566963725042405,ridge::H_D_B_M_P_C_A_K,P0,0.014798044800684366,0.04536534703257861,0.07739991646899182,0.10796721870088605,255,False,False,False,post-evaluation hypothesis-generating; independent future validation required,disjoint,879,0,0
ridge,True,extended_K,ridge::H_D_B_M_C_A_K,H_D_B_M_C_A_K,19,0.7393557922854678,ridge::H_D_B_M_P_C_A_K,P0,-0.0025425354180881625,0.028024766813806074,0.060059336250219295,0.09062663848211353,255,False,False,False,post-evaluation hypothesis-generating; independent future validation required,disjoint,879,0,0
ridge,True,extended_K,ridge::H_D_B_M_P_C_A,H_D_B_M_P_C_A,19,0.7521019175277547,ridge::H_D_B_M_P_C_A_K,P0,0.010203589824198642,0.04077089205609288,0.07280546149250607,0.1033727637244003,255,False,False,False,post-evaluation hypothesis-generating; independent future validation required,disjoint,879,0,0
ridge,True,extended_K,ridge::H_P_K,H_P_K,22,0.6621911895043681,ridge::H_D_B_M_P_C_A_K,P0,-0.07970713819918783,-0.04913983596729359,-0.01710526653088044,0.013462035701013796,255,True,False,False,post-evaluation hypothesis-generating; independent future validation required,disjoint,879,0,0
ridge,True,extended_K,ridge::H_B_P_K,H_B_P_K,23,0.660614515858611,ridge::H_D_B_M_P_C_A_K,P0,-0.08128381184494503,-0.05071650961305079,-0.018681940176637563,0.011885362055256674,255,True,False,False,post-evaluation hypothesis-generating; independent future validation required,disjoint,879,0,0
ridge,True,extended_K,ridge::H_P_C_K,H_P_C_K,23,0.6618903552414875,ridge::H_D_B_M_P_C_A_K,P0,-0.08000797246206846,-0.049440670230174226,-0.01740610079376099,0.013161201438133246,255,True,False,False,post-evaluation hypothesis-generating; independent future validation required,disjoint,879,0,0
ridge,True,extended_K,ridge::H_M_P_K,H_M_P_K,23,0.6665488667697612,ridge::H_D_B_M_P_C_A_K,P0,-0.07534946093379481,-0.044782158701900575,-0.012747589265487398,0.017819712966406838,255,True,False,False,post-evaluation hypothesis-generating; independent future validation required,disjoint,879,0,0
ridge,True,extended_K,ridge::H_P_A_K,H_P_A_K,23,0.678808928943504,ridge::H_D_B_M_P_C_A_K,P0,-0.06308939876005211,-0.03252209652815787,-0.00048752709174465237,0.030079775140149586,255,True,False,False,post-evaluation hypothesis-generating; independent future validation required,disjoint,879,0,0
ridge,True,extended_K,ridge::H_B_P_C_K,H_B_P_C_K,24,0.660220587106237,ridge::H_D_B_M_P_C_A_K,P0,-0.08167774059731917,-0.05111043836542493,-0.019075868929011728,0.01149143330288251,255,True,False,False,post-evaluation hypothesis-generating; independent future validation required,disjoint,879,0,0
ridge,True,extended_K,ridge::H_M_P_C_K,H_M_P_C_K,24,0.6661568126356364,ridge::H_D_B_M_P_C_A_K,P0,-0.0757415150679196,-0.04517421283602536,-0.013139643399612148,0.01742765883228209,255,True,False,False,post-evaluation hypothesis-generating; independent future validation required,disjoint,879,0,0
ridge,True,extended_K,ridge::H_B_M_P_K,H_B_M_P_K,24,0.6664165888106985,ridge::H_D_B_M_P_C_A_K,P0,-0.07548173889285754,-0.04491443666096331,-0.012879867224550067,0.01768743500734417,255,True,False,False,post-evaluation hypothesis-generating; independent future validation required,disjoint,879,0,0
ridge,True,extended_K,ridge::H_B_P_A_K,H_B_P_A_K,24,0.6763883173257507,ridge::H_D_B_M_P_C_A_K,P0,-0.06551001037780553,-0.03494270814591129,-0.0029081387094980595,0.02765916352239618,255,True,False,False,post-evaluation hypothesis-generating; independent future validation required,disjoint,879,0,0
ridge,True,extended_K,ridge::H_P_C_A_K,H_P_C_A_K,24,0.6782976010948404,ridge::H_D_B_M_P_C_A_K,P0,-0.06360072660871562,-0.03303342437682138,-0.0009988549404081888,0.02956844729148605,255,True,False,False,post-evaluation hypothesis-generating; independent future validation required,disjoint,879,0,0
ridge,True,extended_K,ridge::H_M_P_A_K,H_M_P_A_K,24,0.6828402191477142,ridge::H_D_B_M_P_C_A_K,P0,-0.05905810855584196,-0.028490806323947723,0.0035437631124654793,0.03411106534435972,255,True,False,False,post-evaluation hypothesis-generating; independent future validation required,disjoint,879,0,0
ridge,True,extended_K,ridge::H_B_M_P_C_K,H_B_M_P_C_K,25,0.6659285647103877,ridge::H_D_B_M_P_C_A_K,P0,-0.07596976299316834,-0.0454024607612741,-0.013367891324860853,0.017199410907033384,255,True,False,False,post-evaluation hypothesis-generating; independent future validation required,disjoint,879,0,0
ridge,True,extended_K,ridge::H_B_P_C_A_K,H_B_P_C_A_K,25,0.6758421187417782,ridge::H_D_B_M_P_C_A_K,P0,-0.06605620896177779,-0.03548890672988355,-0.0034543372934703934,0.027112964938423845,255,True,False,False,post-evaluation hypothesis-generating; independent future validation required,disjoint,879,0,0
ridge,True,extended_K,ridge::H_B_M_P_A_K,H_B_M_P_A_K,25,0.6819459036221756,ridge::H_D_B_M_P_C_A_K,P0,-0.05995242408138059,-0.02938512184948635,0.0026494475869269078,0.03321674981882115,255,True,False,False,post-evaluation hypothesis-generating; independent future validation required,disjoint,879,0,0
ridge,True,extended_K,ridge::H_M_P_C_A_K,H_M_P_C_A_K,25,0.6823449025939629,ridge::H_D_B_M_P_C_A_K,P0,-0.059553425109593154,-0.028986122877698917,0.0030484465587142817,0.03361574879060852,255,True,False,False,post-evaluation hypothesis-generating; independent future validation required,disjoint,879,0,0
ridge,True,extended_K,ridge::H_B_M_P_C_A_K,H_B_M_P_C_A_K,26,0.6813804239947353,ridge::H_D_B_M_P_C_A_K,P0,-0.060517903708820736,-0.0299506014769265,0.002083967959486682,0.03265127019138092,255,True,False,False,post-evaluation hypothesis-generating; independent future validation required,disjoint,879,0,0
ridge,True,extended_K,ridge::H_D_P_K,H_D_P_K,26,0.7166543363137454,ridge::H_D_B_M_P_C_A_K,P0,-0.02524399138981069,0.0053233108420835465,0.037357880278496736,0.06792518251039098,255,True,False,False,post-evaluation hypothesis-generating; independent future validation required,disjoint,879,0,0
ridge,True,extended_K,ridge::H_D_B_P_K,H_D_B_P_K,27,0.7126209477287986,ridge::H_D_B_M_P_C_A_K,P0,-0.029277379974757618,0.00128992225713662,0.03332449169354987,0.06389179392544411,255,True,False,False,post-evaluation hypothesis-generating; independent future validation required,disjoint,879,0,0
ridge,True,extended_K,ridge::H_D_P_C_K,H_D_P_C_K,27,0.7161971780855763,ridge::H_D_B_M_P_C_A_K,P0,-0.025701149617979896,0.0048661526139143416,0.036900722050327565,0.0674680242822218,255,True,False,False,post-evaluation hypothesis-generating; independent future validation required,disjoint,879,0,0
ridge,True,extended_K,ridge::H_D_M_P_K,H_D_M_P_K,27,0.7251135792717598,ridge::H_D_B_M_P_C_A_K,P0,-0.01678474843179624,0.013782553800097998,0.04581712323651125,0.07638442546840549,255,False,False,False,post-evaluation hypothesis-generating; independent future validation required,disjoint,879,0,0
ridge,True,extended_K,ridge::H_D_P_A_K,H_D_P_A_K,27,0.7382981590951737,ridge::H_D_B_M_P_C_A_K,P0,-0.0036001686083823032,0.026967133623511934,0.05900170305992515,0.08956900529181938,255,False,False,False,post-evaluation hypothesis-generating; independent future validation required,disjoint,879,0,0
ridge,True,extended_K,ridge::H_D_B_P_C_K,H_D_B_P_C_K,28,0.7122466761522609,ridge::H_D_B_M_P_C_A_K,P0,-0.029651651551295205,0.0009156506805990325,0.03295022011701226,0.06351752234890651,255,True,False,False,post-evaluation hypothesis-generating; independent future validation required,disjoint,879,0,0
ridge,True,extended_K,ridge::H_D_B_M_P_K,H_D_B_M_P_K,28,0.7217153237043197,ridge::H_D_B_M_P_C_A_K,P0,-0.020183003999236296,0.010384298232657942,0.04241886766907118,0.07298616990096542,255,False,False,False,post-evaluation hypothesis-generating; independent future validation required,disjoint,879,0,0
ridge,True,extended_K,ridge::H_D_M_P_C_K,H_D_M_P_C_K,28,0.7247429261258858,ridge::H_D_B_M_P_C_A_K,P0,-0.017155401577670197,0.01341190065422404,0.04544647009063725,0.07601377232253148,255,False,False,False,post-evaluation hypothesis-generating; independent future validation required,disjoint,879,0,0
ridge,True,extended_K,ridge::H_D_B_P_A_K,H_D_B_P_A_K,28,0.7332826347501185,ridge::H_D_B_M_P_C_A_K,P0,-0.008615692953437547,0.021951609278456692,0.05398617871486988,0.08455348094676413,255,False,False,False,post-evaluation hypothesis-generating; independent future validation required,disjoint,879,0,0
ridge,True,extended_K,ridge::H_D_P_C_A_K,H_D_P_C_A_K,28,0.7379022983683757,ridge::H_D_B_M_P_C_A_K,P0,-0.003996029335180323,0.026571272896713915,0.05860584233312712,0.08917314456502136,255,False,False,False,post-evaluation hypothesis-generating; independent future validation required,disjoint,879,0,0
ridge,True,extended_K,ridge::H_D_M_P_A_K,H_D_M_P_A_K,28,0.7462270979139608,ridge::H_D_B_M_P_C_A_K,P0,0.004328770210404783,0.03489607244229902,0.06693064187871224,0.09749794411060647,255,False,False,False,post-evaluation hypothesis-generating; independent future validation required,disjoint,879,0,0
ridge,True,extended_K,ridge::H_D_B_M_P_C_K,H_D_B_M_P_C_K,29,0.7213779382735694,ridge::H_D_B_M_P_C_A_K,P0,-0.020520389429986678,0.01004691280190756,0.042081482238320804,0.07264878447021504,255,False,False,False,post-evaluation hypothesis-generating; independent future validation required,disjoint,879,0,0
ridge,True,extended_K,ridge::H_D_B_P_C_A_K,H_D_B_P_C_A_K,29,0.7327839046300461,ridge::H_D_B_M_P_C_A_K,P0,-0.009114423073509906,0.02145287915838433,0.053487448594797544,0.08405475082669178,255,False,False,False,post-evaluation hypothesis-generating; independent future validation required,disjoint,879,0,0
ridge,True,extended_K,ridge::H_D_B_M_P_A_K,H_D_B_M_P_A_K,29,0.7419362684059182,ridge::H_D_B_M_P_C_A_K,P0,3.794070236208657e-05,0.030605242934256323,0.06263981237066954,0.09320711460256378,255,False,False,False,post-evaluation hypothesis-generating; independent future validation required,disjoint,879,0,0
ridge,True,extended_K,ridge::H_D_M_P_C_A_K,H_D_M_P_C_A_K,29,0.7461544893586088,ridge::H_D_B_M_P_C_A_K,P0,0.004256161655052845,0.034823463886947084,0.0668580333233603,0.09742533555525454,255,False,False,False,post-evaluation hypothesis-generating; independent future validation required,disjoint,879,0,0
ridge,True,extended_K,ridge::H_D_B_M_P_C_A_K,H_D_B_M_P_C_A_K,30,0.741898327703556,ridge::H_D_B_M_P_C_A_K,P0,0.0,0.0,0.06260187166830745,0.09316917390020168,255,True,False,False,post-evaluation hypothesis-generating; independent future validation required,disjoint,879,0,0
ridge_fixed,True,extended_K,ridge_fixed::H,H,0,0.6790989215358645,ridge_fixed::H_D_B_M_P_C_A_K,P0,-0.026216819290183494,-0.003965069067251942,-0.00019753449938398804,0.022054215723547564,255,True,False,False,post-evaluation hypothesis-generating; independent future validation required,disjoint,879,0,0
ridge_fixed,True,extended_K,ridge_fixed::H_B,H_B,1,0.6752396954287482,ridge_fixed::H_D_B_M_P_C_A_K,P0,-0.030076045397300084,-0.007824295174368532,-0.0040567606065005065,0.018194989616431047,255,True,False,False,post-evaluation hypothesis-generating; independent future validation required,disjoint,879,0,0
ridge_fixed,True,extended_K,ridge_fixed::H_M,H_M,1,0.6762259394463728,ridge_fixed::H_D_B_M_P_C_A_K,P0,-0.029089801379675425,-0.006838051156743873,-0.003070516588875911,0.01918123363405564,255,True,False,False,post-evaluation hypothesis-generating; independent future validation required,disjoint,879,0,0
ridge_fixed,True,extended_K,ridge_fixed::H_C,H_C,1,0.6783103991720737,ridge_fixed::H_D_B_M_P_C_A_K,P0,-0.02700534165397441,-0.004753591431042859,-0.000986056863174865,0.02126569335975669,255,True,False,False,post-evaluation hypothesis-generating; independent future validation required,disjoint,879,0,0
ridge_fixed,True,extended_K,ridge_fixed::H_A,H_A,1,0.6968743907996156,ridge_fixed::H_D_B_M_P_C_A_K,P0,-0.008441350026432657,0.013810400196498896,0.017577934764367,0.03982968498729855,255,False,False,False,post-evaluation hypothesis-generating; independent future validation required,disjoint,879,0,0
ridge_fixed,True,extended_K,ridge_fixed::H_B_C,H_B_C,2,0.6743961215056873,ridge_fixed::H_D_B_M_P_C_A_K,P0,-0.03091961932036097,-0.008667869097429417,-0.0049003345295614755,0.01735141569337008,255,True,False,False,post-evaluation hypothesis-generating; independent future validation required,disjoint,879,0,0
ridge_fixed,True,extended_K,ridge_fixed::H_B_M,H_B_M,2,0.6745400119757041,ridge_fixed::H_D_B_M_P_C_A_K,P0,-0.03077572885034403,-0.008523978627412478,-0.004756444059544517,0.017495306163387035,255,True,False,False,post-evaluation hypothesis-generating; independent future validation required,disjoint,879,0,0
ridge_fixed,True,extended_K,ridge_fixed::H_M_C,H_M_C,2,0.6752660574327857,ridge_fixed::H_D_B_M_P_C_A_K,P0,-0.030049683393262364,-0.007797933170330812,-0.004030398602462846,0.018221351620468708,255,True,False,False,post-evaluation hypothesis-generating; independent future validation required,disjoint,879,0,0
ridge_fixed,True,extended_K,ridge_fixed::H_B_A,H_B_A,2,0.6924867325232882,ridge_fixed::H_D_B_M_P_C_A_K,P0,-0.012829008302759912,0.00942274192017164,0.013190276488039665,0.035442026710971214,255,True,False,False,post-evaluation hypothesis-generating; independent future validation required,disjoint,879,0,0
ridge_fixed,True,extended_K,ridge_fixed::H_M_A,H_M_A,2,0.6935346681970105,ridge_fixed::H_D_B_M_P_C_A_K,P0,-0.011781072629037633,0.01047067759389392,0.014238212161761844,0.036489962384693396,255,False,False,False,post-evaluation hypothesis-generating; independent future validation required,disjoint,879,0,0
ridge_fixed,True,extended_K,ridge_fixed::H_C_A,H_C_A,2,0.6958388959630647,ridge_fixed::H_D_B_M_P_C_A_K,P0,-0.009476844862983443,0.012774905359948109,0.016542439927816014,0.038794190150747566,255,False,False,False,post-evaluation hypothesis-generating; independent future validation required,disjoint,879,0,0
ridge_fixed,True,extended_K,ridge_fixed::H_B_M_C,H_B_M_C,3,0.6735989203466741,ridge_fixed::H_D_B_M_P_C_A_K,P0,-0.03171682047937389,-0.009465070256442335,-0.00569753568857435,0.016554214534357202,255,True,False,False,post-evaluation hypothesis-generating; independent future validation required,disjoint,879,0,0
ridge_fixed,True,extended_K,ridge_fixed::H_B_M_A,H_B_M_A,3,0.6913890344762514,ridge_fixed::H_D_B_M_P_C_A_K,P0,-0.013926706349796675,0.008325043873134878,0.0120925784410029,0.034344328663934456,255,True,False,False,post-evaluation hypothesis-generating; independent future validation required,disjoint,879,0,0
ridge_fixed,True,extended_K,ridge_fixed::H_B_C_A,H_B_C_A,3,0.6914998737473178,ridge_fixed::H_D_B_M_P_C_A_K,P0,-0.013815867078730384,0.008435883144201168,0.012203417712069146,0.0344551679350007,255,True,False,False,post-evaluation hypothesis-generating; independent future validation required,disjoint,879,0,0
ridge_fixed,True,extended_K,ridge_fixed::H_M_C_A,H_M_C_A,3,0.6924204558031238,ridge_fixed::H_D_B_M_P_C_A_K,P0,-0.012895285022924302,0.00935646520000725,0.01312399976787527,0.035375749990806823,255,True,False,False,post-evaluation hypothesis-generating; independent future validation required,disjoint,879,0,0
ridge_fixed,True,extended_K,ridge_fixed::H_B_M_C_A,H_B_M_C_A,4,0.6903287822742069,ridge_fixed::H_D_B_M_P_C_A_K,P0,-0.014986958551841336,0.007264791671090216,0.011032326238958196,0.033284076461889744,255,True,False,False,post-evaluation hypothesis-generating; independent future validation required,disjoint,879,0,0
ridge_fixed,True,extended_K,ridge_fixed::H_D,H_D,4,0.6973658175143385,ridge_fixed::H_D_B_M_P_C_A_K,P0,-0.007949923311709677,0.014301826911221876,0.018069361479089857,0.040321111702021406,255,False,False,False,post-evaluation hypothesis-generating; independent future validation required,disjoint,879,0,0
ridge_fixed,True,extended_K,ridge_fixed::H_D_B,H_D_B,5,0.692089610922199,ridge_fixed::H_D_B_M_P_C_A_K,P0,-0.013226129903849158,0.009025620319082394,0.012793154886950374,0.035044905109881924,255,True,False,False,post-evaluation hypothesis-generating; independent future validation required,disjoint,879,0,0
ridge_fixed,True,extended_K,ridge_fixed::H_D_C,H_D_C,5,0.6966992416140232,ridge_fixed::H_D_B_M_P_C_A_K,P0,-0.008616499212025014,0.013635251010906539,0.01740278557877452,0.03965453580170607,255,False,False,False,post-evaluation hypothesis-generating; independent future validation required,disjoint,879,0,0
ridge_fixed,True,extended_K,ridge_fixed::H_D_M,H_D_M,5,0.6988314912984493,ridge_fixed::H_D_B_M_P_C_A_K,P0,-0.006484249527598819,0.015767500695332733,0.019535035263200735,0.04178678548613229,255,False,False,False,post-evaluation hypothesis-generating; independent future validation required,disjoint,879,0,0
ridge_fixed,True,extended_K,ridge_fixed::H_D_A,H_D_A,5,0.7166620712892292,ridge_fixed::H_D_B_M_P_C_A_K,P0,0.011346330463180891,0.03359808068611245,0.03736561525398045,0.059617365476912,255,False,False,False,post-evaluation hypothesis-generating; independent future validation required,disjoint,879,0,0
ridge_fixed,True,extended_K,ridge_fixed::H_D_B_C,H_D_B_C,6,0.6914752244362408,ridge_fixed::H_D_B_M_P_C_A_K,P0,-0.01384051638980746,0.008411233833124093,0.0121787684009921,0.034430518623923656,255,True,False,False,post-evaluation hypothesis-generating; independent future validation required,disjoint,879,0,0
ridge_fixed,True,extended_K,ridge_fixed::H_D_B_M,H_D_B_M,6,0.6953587277221819,ridge_fixed::H_D_B_M_P_C_A_K,P0,-0.009957013103866303,0.012294737119065249,0.01606227168693324,0.03831402190986479,255,False,False,False,post-evaluation hypothesis-generating; independent future validation required,disjoint,879,0,0
ridge_fixed,True,extended_K,ridge_fixed::H_D_M_C,H_D_M_C,6,0.6982165878491062,ridge_fixed::H_D_B_M_P_C_A_K,P0,-0.0070991529769418565,0.015152597245989696,0.01892013181385768,0.04117188203678923,255,False,False,False,post-evaluation hypothesis-generating; independent future validation required,disjoint,879,0,0
ridge_fixed,True,extended_K,ridge_fixed::H_D_B_A,H_D_B_A,6,0.7107805668374764,ridge_fixed::H_D_B_M_P_C_A_K,P0,0.005464826011428172,0.027716576234359726,0.031484110802227724,0.05373586102515927,255,False,False,False,post-evaluation hypothesis-generating; independent future validation required,disjoint,879,0,0
ridge_fixed,True,extended_K,ridge_fixed::H_D_C_A,H_D_C_A,6,0.7161017656103998,ridge_fixed::H_D_B_M_P_C_A_K,P0,0.0107860247843516,0.03303777500728315,0.03680530957515118,0.059057059798082734,255,False,False,False,post-evaluation hypothesis-generating; independent future validation required,disjoint,879,0,0
ridge_fixed,True,extended_K,ridge_fixed::H_D_M_A,H_D_M_A,6,0.7176953221350523,ridge_fixed::H_D_B_M_P_C_A_K,P0,0.012379581309004174,0.034631331531935726,0.03839886609980372,0.060650616322735273,255,False,False,False,post-evaluation hypothesis-generating; independent future validation required,disjoint,879,0,0
ridge_fixed,True,extended_K,ridge_fixed::H_D_B_M_C,H_D_B_M_C,7,0.6949948594651771,ridge_fixed::H_D_B_M_P_C_A_K,P0,-0.010320881360871004,0.011930868862060549,0.015698403429928533,0.037950153652860086,255,False,False,False,post-evaluation hypothesis-generating; independent future validation required,disjoint,879,0,0
ridge_fixed,True,extended_K,ridge_fixed::H_D_B_C_A,H_D_B_C_A,7,0.7103376609883031,ridge_fixed::H_D_B_M_P_C_A_K,P0,0.0050219201622549265,0.02727367038518648,0.031041204953054458,0.053292955175986007,255,False,False,False,post-evaluation hypothesis-generating; independent future validation required,disjoint,879,0,0
ridge_fixed,True,extended_K,ridge_fixed::H_D_B_M_A,H_D_B_M_A,7,0.71373973123249,ridge_fixed::H_D_B_M_P_C_A_K,P0,0.008423990406441846,0.0306757406293734,0.03444327519724135,0.056695025420172906,255,False,False,False,post-evaluation hypothesis-generating; independent future validation required,disjoint,879,0,0
ridge_fixed,True,extended_K,ridge_fixed::H_D_M_C_A,H_D_M_C_A,7,0.7170348381766087,ridge_fixed::H_D_B_M_P_C_A_K,P0,0.011719097350560639,0.03397084757349219,0.037738382141360216,0.059990132364291765,255,False,False,False,post-evaluation hypothesis-generating; independent future validation required,disjoint,879,0,0
ridge_fixed,True,extended_K,ridge_fixed::H_D_B_M_C_A,H_D_B_M_C_A,8,0.713282208245918,ridge_fixed::H_D_B_M_P_C_A_K,P0,0.007966467419869809,0.03021821764280136,0.03398575221066929,0.056237502433600844,255,False,False,False,post-evaluation hypothesis-generating; independent future validation required,disjoint,879,0,0
ridge_fixed,True,extended_K,ridge_fixed::H_K,H_K,11,0.658594697555926,ridge_fixed::H_D_B_M_P_C_A_K,P0,-0.04672104327012225,-0.024469293047190695,-0.020701758479322787,0.0015499917436087654,255,True,False,False,post-evaluation hypothesis-generating; independent future validation required,disjoint,879,0,0
ridge_fixed,True,extended_K,ridge_fixed::H_P,H_P,11,0.6807256281491476,ridge_fixed::H_D_B_M_P_C_A_K,P0,-0.024590112676900613,-0.0023383624539690603,0.001429172113898925,0.023680922336830477,255,True,False,False,post-evaluation hypothesis-generating; independent future validation required,disjoint,879,0,0
ridge_fixed,True,extended_K,ridge_fixed::H_B_K,H_B_K,12,0.6560005522953006,ridge_fixed::H_D_B_M_P_C_A_K,P0,-0.04931518853074748,-0.027063438307815924,-0.0232959037399479,-0.001044153517016349,255,True,True,True,post-evaluation hypothesis-generating; independent future validation required,disjoint,879,1,1
ridge_fixed,True,extended_K,ridge_fixed::H_C_K,H_C_K,12,0.6583774585771268,ridge_fixed::H_D_B_M_P_C_A_K,P0,-0.046938282248921256,-0.024686532025989704,-0.02091899745812181,0.0013327527648097429,255,True,False,False,post-evaluation hypothesis-generating; independent future validation required,disjoint,879,0,0
ridge_fixed,True,extended_K,ridge_fixed::H_M_K,H_M_K,12,0.6637315323635529,ridge_fixed::H_D_B_M_P_C_A_K,P0,-0.041584208462495297,-0.019332458239563744,-0.015564923671695749,0.006686826551235803,255,True,False,False,post-evaluation hypothesis-generating; independent future validation required,disjoint,879,0,0
ridge_fixed,True,extended_K,ridge_fixed::H_A_K,H_A_K,12,0.676391252134669,ridge_fixed::H_D_B_M_P_C_A_K,P0,-0.02892448869137918,-0.006672738468447629,-0.0029052039005796042,0.01934654632235195,255,True,False,False,post-evaluation hypothesis-generating; independent future validation required,disjoint,879,0,0
ridge_fixed,True,extended_K,ridge_fixed::H_M_P,H_M_P,12,0.677603348396983,ridge_fixed::H_D_B_M_P_C_A_K,P0,-0.027712392429065036,-0.0054606422061334835,-0.0016931076382654738,0.020558642584666078,255,True,False,False,post-evaluation hypothesis-generating; independent future validation required,disjoint,879,0,0
ridge_fixed,True,extended_K,ridge_fixed::H_B_P,H_B_P,12,0.6780815765078287,ridge_fixed::H_D_B_M_P_C_A_K,P0,-0.027234164318219407,-0.004982414095287855,-0.0012148795274198538,0.0210368706955117,255,True,False,False,post-evaluation hypothesis-generating; independent future validation required,disjoint,879,0,0
ridge_fixed,True,extended_K,ridge_fixed::H_P_C,H_P_C,12,0.6798709713667724,ridge_fixed::H_D_B_M_P_C_A_K,P0,-0.025444769459275676,-0.003193019236344123,0.000574515331523863,0.022826265554455414,255,True,False,False,post-evaluation hypothesis-generating; independent future validation required,disjoint,879,0,0
ridge_fixed,True,extended_K,ridge_fixed::H_P_A,H_P_A,12,0.6977800763686035,ridge_fixed::H_D_B_M_P_C_A_K,P0,-0.00753566445744465,0.014716085765486903,0.018483620333354874,0.04073537055628643,255,False,False,False,post-evaluation hypothesis-generating; independent future validation required,disjoint,879,0,0
ridge_fixed,True,extended_K,ridge_fixed::H_B_C_K,H_B_C_K,13,0.6557311664656951,ridge_fixed::H_D_B_M_P_C_A_K,P0,-0.049584574360353136,-0.027332824137421583,-0.023565289569553574,-0.0013135393466220217,255,True,True,True,post-evaluation hypothesis-generating; independent future validation required,disjoint,879,1,1
ridge_fixed,True,extended_K,ridge_fixed::H_B_M_K,H_B_M_K,13,0.6627080500360694,ridge_fixed::H_D_B_M_P_C_A_K,P0,-0.04260769078997878,-0.020355940567047228,-0.016588405999179247,0.005663344223752306,255,True,False,False,post-evaluation hypothesis-generating; independent future validation required,disjoint,879,0,0
ridge_fixed,True,extended_K,ridge_fixed::H_M_C_K,H_M_C_K,13,0.6633704063575231,ridge_fixed::H_D_B_M_P_C_A_K,P0,-0.041945334468525046,-0.019693584245593494,-0.015926049677725568,0.006325700545205985,255,True,False,False,post-evaluation hypothesis-generating; independent future validation required,disjoint,879,0,0
ridge_fixed,True,extended_K,ridge_fixed::H_B_A_K,H_B_A_K,13,0.6733491129856898,ridge_fixed::H_D_B_M_P_C_A_K,P0,-0.03196662784035837,-0.009714877617426818,-0.005947343049558855,0.016304407173372698,255,True,False,False,post-evaluation hypothesis-generating; independent future validation required,disjoint,879,0,0
ridge_fixed,True,extended_K,ridge_fixed::H_C_A_K,H_C_A_K,13,0.6759414455398834,ridge_fixed::H_D_B_M_P_C_A_K,P0,-0.02937429528616474,-0.007122545063233187,-0.003355010495365196,0.018896739727566357,255,True,False,False,post-evaluation hypothesis-generating; independent future validation required,disjoint,879,0,0
ridge_fixed,True,extended_K,ridge_fixed::H_M_P_C,H_M_P_C,13,0.6765740518762589,ridge_fixed::H_D_B_M_P_C_A_K,P0,-0.028741688949789325,-0.0064899387268577725,-0.0027224041589897596,0.019529346063941792,255,True,False,False,post-evaluation hypothesis-generating; independent future validation required,disjoint,879,0,0
ridge_fixed,True,extended_K,ridge_fixed::H_B_M_P,H_B_M_P,13,0.6768636976334249,ridge_fixed::H_D_B_M_P_C_A_K,P0,-0.028452043192623195,-0.0062002929696916426,-0.0024327584018236617,0.01981899182110789,255,True,False,False,post-evaluation hypothesis-generating; independent future validation required,disjoint,879,0,0
ridge_fixed,True,extended_K,ridge_fixed::H_B_P_C,H_B_P_C,13,0.6771569074950814,ridge_fixed::H_D_B_M_P_C_A_K,P0,-0.02815883333096668,-0.0059070831080351265,-0.0021395485401671395,0.020112201682764414,255,True,False,False,post-evaluation hypothesis-generating; independent future validation required,disjoint,879,0,0
ridge_fixed,True,extended_K,ridge_fixed::H_M_A_K,H_M_A_K,13,0.681056096574649,ridge_fixed::H_D_B_M_P_C_A_K,P0,-0.02425964425139907,-0.002007894028467516,0.0017596405394004733,0.024011390762332024,255,True,False,False,post-evaluation hypothesis-generating; independent future validation required,disjoint,879,0,0
ridge_fixed,True,extended_K,ridge_fixed::H_B_P_A,H_B_P_A,13,0.6942841233986218,ridge_fixed::H_D_B_M_P_C_A_K,P0,-0.011031617427426386,0.011220132795505166,0.014987667363373166,0.03723941758630472,255,False,False,False,post-evaluation hypothesis-generating; independent future validation required,disjoint,879,0,0
ridge_fixed,True,extended_K,ridge_fixed::H_M_P_A,H_M_P_A,13,0.6943087297995848,ridge_fixed::H_D_B_M_P_C_A_K,P0,-0.011007011026463237,0.011244739196468316,0.015012273764336278,0.03726402398726783,255,False,False,False,post-evaluation hypothesis-generating; independent future validation required,disjoint,879,0,0
ridge_fixed,True,extended_K,ridge_fixed::H_P_C_A,H_P_C_A,13,0.6967793886820188,ridge_fixed::H_D_B_M_P_C_A_K,P0,-0.008536352144029351,0.013715398078902201,0.01748293264677017,0.03973468286970172,255,False,False,False,post-evaluation hypothesis-generating; independent future validation required,disjoint,879,0,0
ridge_fixed,True,extended_K,ridge_fixed::H_B_M_C_K,H_B_M_C_K,14,0.6623062625570297,ridge_fixed::H_D_B_M_P_C_A_K,P0,-0.04300947826901835,-0.0207577280460868,-0.016990193478218826,0.005261556744712726,255,True,False,False,post-evaluation hypothesis-generating; independent future validation required,disjoint,879,0,0
ridge_fixed,True,extended_K,ridge_fixed::H_B_C_A_K,H_B_C_A_K,14,0.6728319903082202,ridge_fixed::H_D_B_M_P_C_A_K,P0,-0.032483750517828,-0.010232000294896449,-0.006464465727028457,0.015787284495903095,255,True,False,False,post-evaluation hypothesis-generating; independent future validation required,disjoint,879,0,0
ridge_fixed,True,extended_K,ridge_fixed::H_B_M_P_C,H_B_M_P_C,14,0.6758685591235124,ridge_fixed::H_D_B_M_P_C_A_K,P0,-0.02944718170253586,-0.007195431479604306,-0.003427896911736281,0.018823853311195272,255,True,False,False,post-evaluation hypothesis-generating; independent future validation required,disjoint,879,0,0
ridge_fixed,True,extended_K,ridge_fixed::H_B_M_A_K,H_B_M_A_K,14,0.6795963105972392,ridge_fixed::H_D_B_M_P_C_A_K,P0,-0.025719430228808862,-0.00346768000587731,0.0002998545619906813,0.022551604784922234,255,True,False,False,post-evaluation hypothesis-generating; independent future validation required,disjoint,879,0,0
ridge_fixed,True,extended_K,ridge_fixed::H_M_C_A_K,H_M_C_A_K,14,0.6806221811294764,ridge_fixed::H_D_B_M_P_C_A_K,P0,-0.024693559696571877,-0.0024418094736403245,0.0013257250942276344,0.02357747531715919,255,True,False,False,post-evaluation hypothesis-generating; independent future validation required,disjoint,879,0,0
ridge_fixed,True,extended_K,ridge_fixed::H_B_M_P_A,H_B_M_P_A,14,0.69276638419544,ridge_fixed::H_D_B_M_P_C_A_K,P0,-0.012549356630608273,0.009702393592323279,0.013469928160191274,0.035721678383122825,255,True,False,False,post-evaluation hypothesis-generating; independent future validation required,disjoint,879,0,0
ridge_fixed,True,extended_K,ridge_fixed::H_M_P_C_A,H_M_P_C_A,14,0.6931873802377709,ridge_fixed::H_D_B_M_P_C_A_K,P0,-0.012128360588277305,0.010123389634654248,0.01389092420252225,0.036142674425453804,255,False,False,False,post-evaluation hypothesis-generating; independent future validation required,disjoint,879,0,0
ridge_fixed,True,extended_K,ridge_fixed::H_B_P_C_A,H_B_P_C_A,14,0.6932656589054442,ridge_fixed::H_D_B_M_P_C_A_K,P0,-0.012050081920603964,0.010201668302327589,0.013969202870195568,0.03622095309312712,255,False,False,False,post-evaluation hypothesis-generating; independent future validation required,disjoint,879,0,0
ridge_fixed,True,extended_K,ridge_fixed::H_B_M_C_A_K,H_B_M_C_A_K,15,0.6790977869905314,ridge_fixed::H_D_B_M_P_C_A_K,P0,-0.026217953835516825,-0.003966203612585272,-0.00019866904471727023,0.022053081178214282,255,True,False,False,post-evaluation hypothesis-generating; independent future validation required,disjoint,879,0,0
ridge_fixed,True,extended_K,ridge_fixed::H_D_K,H_D_K,15,0.6799956065699427,ridge_fixed::H_D_B_M_P_C_A_K,P0,-0.025320134256105534,-0.0030683840331739813,0.0006991505346940447,0.022950900757625597,255,True,False,False,post-evaluation hypothesis-generating; independent future validation required,disjoint,879,0,0
ridge_fixed,True,extended_K,ridge_fixed::H_B_M_P_C_A,H_B_M_P_C_A,15,0.6916424318764404,ridge_fixed::H_D_B_M_P_C_A_K,P0,-0.013673308949607823,0.008578441273323729,0.012345975841191709,0.03459772606412326,255,True,False,False,post-evaluation hypothesis-generating; independent future validation required,disjoint,879,0,0
ridge_fixed,True,extended_K,ridge_fixed::H_D_P,H_D_P,15,0.7004089037492602,ridge_fixed::H_D_B_M_P_C_A_K,P0,-0.0049068370767878225,0.01734491314614373,0.021112447714011728,0.04336419793694328,255,False,False,False,post-evaluation hypothesis-generating; independent future validation required,disjoint,879,0,0
ridge_fixed,True,extended_K,ridge_fixed::H_D_B_K,H_D_B_K,16,0.6758150409127425,ridge_fixed::H_D_B_M_P_C_A_K,P0,-0.029500699913305742,-0.007248949690374189,-0.0034814151225061774,0.018770335100425375,255,True,False,False,post-evaluation hypothesis-generating; independent future validation required,disjoint,879,0,0
ridge_fixed,True,extended_K,ridge_fixed::H_D_C_K,H_D_C_K,16,0.6797197973479735,ridge_fixed::H_D_B_M_P_C_A_K,P0,-0.025595943478074607,-0.0033441932551430548,0.00042334131272491783,0.022675091535656472,255,True,False,False,post-evaluation hypothesis-generating; independent future validation required,disjoint,879,0,0
ridge_fixed,True,extended_K,ridge_fixed::H_D_M_K,H_D_M_K,16,0.6876651337265154,ridge_fixed::H_D_B_M_P_C_A_K,P0,-0.017650607099532832,0.00460114312339872,0.00836867769126669,0.030620427914198244,255,True,False,False,post-evaluation hypothesis-generating; independent future validation required,disjoint,879,0,0
ridge_fixed,True,extended_K,ridge_fixed::H_D_B_P,H_D_B_P,16,0.6963753312058983,ridge_fixed::H_D_B_M_P_C_A_K,P0,-0.008940409620149773,0.013311340602781779,0.017078875170649748,0.0393306253935813,255,False,False,False,post-evaluation hypothesis-generating; independent future validation required,disjoint,879,0,0
ridge_fixed,True,extended_K,ridge_fixed::H_D_A_K,H_D_A_K,16,0.6996069525249435,ridge_fixed::H_D_B_M_P_C_A_K,P0,-0.005708788301104676,0.016542961921826877,0.020310496489694893,0.04256224671262644,255,False,False,False,post-evaluation hypothesis-generating; independent future validation required,disjoint,879,0,0
ridge_fixed,True,extended_K,ridge_fixed::H_D_P_C,H_D_P_C,16,0.6998963284235687,ridge_fixed::H_D_B_M_P_C_A_K,P0,-0.005419412402479438,0.016832337820452115,0.020599872388320114,0.042851622611251666,255,False,False,False,post-evaluation hypothesis-generating; independent future validation required,disjoint,879,0,0
ridge_fixed,True,extended_K,ridge_fixed::H_D_M_P,H_D_M_P,16,0.7006360694485754,ridge_fixed::H_D_B_M_P_C_A_K,P0,-0.004679671377472826,0.017572078845458725,0.021339613413326717,0.04359136363625827,255,False,False,False,post-evaluation hypothesis-generating; independent future validation required,disjoint,879,0,0
ridge_fixed,True,extended_K,ridge_fixed::H_D_P_A,H_D_P_A,16,0.7187553493073106,ridge_fixed::H_D_B_M_P_C_A_K,P0,0.013439608481262326,0.035691358704193876,0.03945889327206183,0.06171064349499339,255,False,False,False,post-evaluation hypothesis-generating; independent future validation required,disjoint,879,0,0
ridge_fixed,True,extended_K,ridge_fixed::H_D_B_C_K,H_D_B_C_K,17,0.6757607256615656,ridge_fixed::H_D_B_M_P_C_A_K,P0,-0.029555015164482435,-0.007303264941550883,-0.00353573037368291,0.018716019849248644,255,True,False,False,post-evaluation hypothesis-generating; independent future validation required,disjoint,879,0,0
ridge_fixed,True,extended_K,ridge_fixed::H_D_B_M_K,H_D_B_M_K,17,0.6850068624387817,ridge_fixed::H_D_B_M_P_C_A_K,P0,-0.020308878387266513,0.0019428718356650394,0.005710406403533047,0.027962156626464597,255,True,False,False,post-evaluation hypothesis-generating; independent future validation required,disjoint,879,0,0
ridge_fixed,True,extended_K,ridge_fixed::H_D_M_C_K,H_D_M_C_K,17,0.6873185367780148,ridge_fixed::H_D_B_M_P_C_A_K,P0,-0.01799720404803349,0.004254546174898063,0.008022080742766067,0.03027383096569762,255,True,False,False,post-evaluation hypothesis-generating; independent future validation required,disjoint,879,0,0
ridge_fixed,True,extended_K,ridge_fixed::H_D_B_A_K,H_D_B_A_K,17,0.6950792915700906,ridge_fixed::H_D_B_M_P_C_A_K,P0,-0.010236449255957557,0.012015300966973995,0.015782835534842016,0.03803458575777357,255,False,False,False,post-evaluation hypothesis-generating; independent future validation required,disjoint,879,0,0
ridge_fixed,True,extended_K,ridge_fixed::H_D_B_P_C,H_D_B_P_C,17,0.6957693970397306,ridge_fixed::H_D_B_M_P_C_A_K,P0,-0.009546343786317489,0.012705406436614063,0.01647294100448205,0.03872469122741361,255,False,False,False,post-evaluation hypothesis-generating; independent future validation required,disjoint,879,0,0
ridge_fixed,True,extended_K,ridge_fixed::H_D_B_M_P,H_D_B_M_P,17,0.6982693350295461,ridge_fixed::H_D_B_M_P_C_A_K,P0,-0.00704640579650206,0.015205344426429492,0.018972878994297455,0.04122462921722901,255,False,False,False,post-evaluation hypothesis-generating; independent future validation required,disjoint,879,0,0
ridge_fixed,True,extended_K,ridge_fixed::H_D_C_A_K,H_D_C_A_K,17,0.6994119420764388,ridge_fixed::H_D_B_M_P_C_A_K,P0,-0.0059037987496093226,0.016347951473322228,0.02011548604119022,0.04236723626412177,255,False,False,False,post-evaluation hypothesis-generating; independent future validation required,disjoint,879,0,0
ridge_fixed,True,extended_K,ridge_fixed::H_D_M_P_C,H_D_M_P_C,17,0.6998937734806734,ridge_fixed::H_D_B_M_P_C_A_K,P0,-0.0054219673453747294,0.016829782877556824,0.020597317445424812,0.04284906766835636,255,False,False,False,post-evaluation hypothesis-generating; independent future validation required,disjoint,879,0,0
ridge_fixed,True,extended_K,ridge_fixed::H_D_M_A_K,H_D_M_A_K,17,0.706837643004753,ridge_fixed::H_D_B_M_P_C_A_K,P0,0.0015219021787049613,0.023773652401636515,0.027541186969504507,0.04979293719243606,255,False,False,False,post-evaluation hypothesis-generating; independent future validation required,disjoint,879,0,0
ridge_fixed,True,extended_K,ridge_fixed::H_D_B_P_A,H_D_B_P_A,17,0.7139313684262303,ridge_fixed::H_D_B_M_P_C_A_K,P0,0.008615627600182111,0.030867377823113662,0.03463491239098162,0.056886662613913175,255,False,False,False,post-evaluation hypothesis-generating; independent future validation required,disjoint,879,0,0
ridge_fixed,True,extended_K,ridge_fixed::H_D_P_C_A,H_D_P_C_A,17,0.718217686962777,ridge_fixed::H_D_B_M_P_C_A_K,P0,0.012901946136728706,0.03515369635966026,0.03892123092752825,0.0611729811504598,255,False,False,False,post-evaluation hypothesis-generating; independent future validation required,disjoint,879,0,0
ridge_fixed,True,extended_K,ridge_fixed::H_D_M_P_A,H_D_M_P_A,17,0.7187877755725532,ridge_fixed::H_D_B_M_P_C_A_K,P0,0.0134720347465052,0.035723784969436755,0.03949131953730472,0.061743069760236274,255,False,False,False,post-evaluation hypothesis-generating; independent future validation required,disjoint,879,0,0
ridge_fixed,True,extended_K,ridge_fixed::H_D_B_M_C_K,H_D_B_M_C_K,18,0.6847513785879029,ridge_fixed::H_D_B_M_P_C_A_K,P0,-0.020564362238145093,0.0016873879847864592,0.005454922552654454,0.027706672775586007,255,True,False,False,post-evaluation hypothesis-generating; independent future validation required,disjoint,879,0,0
ridge_fixed,True,extended_K,ridge_fixed::H_D_B_C_A_K,H_D_B_C_A_K,18,0.6945657079539362,ridge_fixed::H_D_B_M_P_C_A_K,P0,-0.010750032872112007,0.011501717350819545,0.015269251918687539,0.03752100214161909,255,False,False,False,post-evaluation hypothesis-generating; independent future validation required,disjoint,879,0,0
ridge_fixed,True,extended_K,ridge_fixed::H_D_B_M_P_C,H_D_B_M_P_C,18,0.6976469712252803,ridge_fixed::H_D_B_M_P_C_A_K,P0,-0.007668769600767789,0.014582980622163764,0.018350515190031752,0.0406022654129633,255,False,False,False,post-evaluation hypothesis-generating; independent future validation required,disjoint,879,0,0
ridge_fixed,True,extended_K,ridge_fixed::H_D_B_M_A_K,H_D_B_M_A_K,18,0.7036065971739234,ridge_fixed::H_D_B_M_P_C_A_K,P0,-0.0017091436521247847,0.020542606570806768,0.024310141138674746,0.046561891361606295,255,False,False,False,post-evaluation hypothesis-generating; independent future validation required,disjoint,879,0,0
ridge_fixed,True,extended_K,ridge_fixed::H_D_M_C_A_K,H_D_M_C_A_K,18,0.7063882299994897,ridge_fixed::H_D_B_M_P_C_A_K,P0,0.0010724891734415483,0.0233242393963731,0.027091773964241086,0.04934352418717264,255,False,False,False,post-evaluation hypothesis-generating; independent future validation required,disjoint,879,0,0
ridge_fixed,True,extended_K,ridge_fixed::H_D_B_P_C_A,H_D_B_P_C_A,18,0.7132048238322543,ridge_fixed::H_D_B_M_P_C_A_K,P0,0.00788908300620594,0.030140833229137493,0.03390836779700547,0.05616011801993702,255,False,False,False,post-evaluation hypothesis-generating; independent future validation required,disjoint,879,0,0
ridge_fixed,True,extended_K,ridge_fixed::H_D_B_M_P_A,H_D_B_M_P_A,18,0.7151936006339459,ridge_fixed::H_D_B_M_P_C_A_K,P0,0.009877859807897613,0.03212961003082916,0.03589714459869711,0.05814889482162866,255,False,False,False,post-evaluation hypothesis-generating; independent future validation required,disjoint,879,0,0
ridge_fixed,True,extended_K,ridge_fixed::H_D_M_P_C_A,H_D_M_P_C_A,18,0.7181500014750564,ridge_fixed::H_D_B_M_P_C_A_K,P0,0.012834260649008078,0.03508601087193963,0.038853545439807624,0.06110529566273917,255,False,False,False,post-evaluation hypothesis-generating; independent future validation required,disjoint,879,0,0
ridge_fixed,True,extended_K,ridge_fixed::H_D_B_M_C_A_K,H_D_B_M_C_A_K,19,0.7032388738403487,ridge_fixed::H_D_B_M_P_C_A_K,P0,-0.002076866985699441,0.02017488323723211,0.023942417805100116,0.04619416802803167,255,False,False,False,post-evaluation hypothesis-generating; independent future validation required,disjoint,879,0,0
ridge_fixed,True,extended_K,ridge_fixed::H_D_B_M_P_C_A,H_D_B_M_P_C_A,19,0.7146293973721175,ridge_fixed::H_D_B_M_P_C_A_K,P0,0.009313656546069263,0.03156540676900081,0.035332941336868796,0.05758469155980035,255,False,False,False,post-evaluation hypothesis-generating; independent future validation required,disjoint,879,0,0
ridge_fixed,True,extended_K,ridge_fixed::H_P_K,H_P_K,22,0.6621911895043681,ridge_fixed::H_D_B_M_P_C_A_K,P0,-0.04312455132167994,-0.020872801098748384,-0.01710526653088044,0.005146483692051111,255,True,False,False,post-evaluation hypothesis-generating; independent future validation required,disjoint,879,0,0
ridge_fixed,True,extended_K,ridge_fixed::H_B_P_K,H_B_P_K,23,0.660614515858611,ridge_fixed::H_D_B_M_P_C_A_K,P0,-0.04470122496743709,-0.02244947474450554,-0.018681940176637563,0.003569810046293989,255,True,False,False,post-evaluation hypothesis-generating; independent future validation required,disjoint,879,0,0
ridge_fixed,True,extended_K,ridge_fixed::H_P_C_K,H_P_C_K,23,0.6618903552414875,ridge_fixed::H_D_B_M_P_C_A_K,P0,-0.04342538558456054,-0.02117363536162899,-0.01740610079376099,0.004845649429170561,255,True,False,False,post-evaluation hypothesis-generating; independent future validation required,disjoint,879,0,0
ridge_fixed,True,extended_K,ridge_fixed::H_M_P_K,H_M_P_K,23,0.6665488667697612,ridge_fixed::H_D_B_M_P_C_A_K,P0,-0.03876687405628692,-0.016515123833355367,-0.012747589265487398,0.009504160957444155,255,True,False,False,post-evaluation hypothesis-generating; independent future validation required,disjoint,879,0,0
ridge_fixed,True,extended_K,ridge_fixed::H_P_A_K,H_P_A_K,23,0.678808928943504,ridge_fixed::H_D_B_M_P_C_A_K,P0,-0.026506811882544175,-0.004255061659612622,-0.00048752709174465237,0.0217642231311869,255,True,False,False,post-evaluation hypothesis-generating; independent future validation required,disjoint,879,0,0
ridge_fixed,True,extended_K,ridge_fixed::H_B_P_C_K,H_B_P_C_K,24,0.660220587106237,ridge_fixed::H_D_B_M_P_C_A_K,P0,-0.045095153719811286,-0.022843403496879734,-0.019075868929011728,0.0031758812939198244,255,True,False,False,post-evaluation hypothesis-generating; independent future validation required,disjoint,879,0,0
ridge_fixed,True,extended_K,ridge_fixed::H_M_P_C_K,H_M_P_C_K,24,0.6661568126356364,ridge_fixed::H_D_B_M_P_C_A_K,P0,-0.03915892819041171,-0.016907177967480157,-0.013139643399612148,0.009112106823319404,255,True,False,False,post-evaluation hypothesis-generating; independent future validation required,disjoint,879,0,0
ridge_fixed,True,extended_K,ridge_fixed::H_B_M_P_K,H_B_M_P_K,24,0.6664165888106985,ridge_fixed::H_D_B_M_P_C_A_K,P0,-0.03889915201534965,-0.0166474017924181,-0.012879867224550067,0.009371882998381485,255,True,False,False,post-evaluation hypothesis-generating; independent future validation required,disjoint,879,0,0
ridge_fixed,True,extended_K,ridge_fixed::H_B_P_A_K,H_B_P_A_K,24,0.6763883173257507,ridge_fixed::H_D_B_M_P_C_A_K,P0,-0.028927423500297585,-0.006675673277366033,-0.0029081387094980595,0.019343611513433494,255,True,False,False,post-evaluation hypothesis-generating; independent future validation required,disjoint,879,0,0
ridge_fixed,True,extended_K,ridge_fixed::H_P_C_A_K,H_P_C_A_K,24,0.6782976010948404,ridge_fixed::H_D_B_M_P_C_A_K,P0,-0.02701813973120771,-0.004766389508276157,-0.0009988549404081888,0.021252895282523363,255,True,False,False,post-evaluation hypothesis-generating; independent future validation required,disjoint,879,0,0
ridge_fixed,True,extended_K,ridge_fixed::H_M_P_A_K,H_M_P_A_K,24,0.6828402191477142,ridge_fixed::H_D_B_M_P_C_A_K,P0,-0.022475521678334085,-0.00022377145540253274,0.0035437631124654793,0.025795513335397032,255,True,False,False,post-evaluation hypothesis-generating; independent future validation required,disjoint,879,0,0
ridge_fixed,True,extended_K,ridge_fixed::H_B_M_P_C_K,H_B_M_P_C_K,25,0.6659285647103877,ridge_fixed::H_D_B_M_P_C_A_K,P0,-0.03938717611566036,-0.017135425892728807,-0.013367891324860853,0.008883858898070699,255,True,False,False,post-evaluation hypothesis-generating; independent future validation required,disjoint,879,0,0
ridge_fixed,True,extended_K,ridge_fixed::H_B_P_C_A_K,H_B_P_C_A_K,25,0.6758421187417782,ridge_fixed::H_D_B_M_P_C_A_K,P0,-0.029473622084269926,-0.007221871861338373,-0.0034543372934703934,0.01879741292946116,255,True,False,False,post-evaluation hypothesis-generating; independent future validation required,disjoint,879,0,0
ridge_fixed,True,extended_K,ridge_fixed::H_B_M_P_A_K,H_B_M_P_A_K,25,0.6819459036221756,ridge_fixed::H_D_B_M_P_C_A_K,P0,-0.023369837203872625,-0.0011180869809410722,0.0026494475869269078,0.02490119780985846,255,True,False,False,post-evaluation hypothesis-generating; independent future validation required,disjoint,879,0,0
ridge_fixed,True,extended_K,ridge_fixed::H_M_P_C_A_K,H_M_P_C_A_K,25,0.6823449025939629,ridge_fixed::H_D_B_M_P_C_A_K,P0,-0.022970838232085268,-0.0007190880091537157,0.0030484465587142817,0.025300196781645835,255,True,False,False,post-evaluation hypothesis-generating; independent future validation required,disjoint,879,0,0
ridge_fixed,True,extended_K,ridge_fixed::H_B_M_P_C_A_K,H_B_M_P_C_A_K,26,0.6813804239947353,ridge_fixed::H_D_B_M_P_C_A_K,P0,-0.023935316831312874,-0.001683566608381322,0.002083967959486682,0.024335718182418233,255,True,False,False,post-evaluation hypothesis-generating; independent future validation required,disjoint,879,0,0
ridge_fixed,True,extended_K,ridge_fixed::H_D_P_K,H_D_P_K,26,0.6850400095379932,ridge_fixed::H_D_B_M_P_C_A_K,P0,-0.020275731288055054,0.0019760189348764987,0.005743553502744513,0.027995303725676067,255,True,False,False,post-evaluation hypothesis-generating; independent future validation required,disjoint,879,0,0
ridge_fixed,True,extended_K,ridge_fixed::H_D_B_P_K,H_D_B_P_K,27,0.6817152341079805,ridge_fixed::H_D_B_M_P_C_A_K,P0,-0.023600506718067807,-0.0013487564951362545,0.00241877807273174,0.024670528295663293,255,True,False,False,post-evaluation hypothesis-generating; independent future validation required,disjoint,879,0,0
ridge_fixed,True,extended_K,ridge_fixed::H_D_P_C_K,H_D_P_C_K,27,0.6846262282965709,ridge_fixed::H_D_B_M_P_C_A_K,P0,-0.02068951252947718,0.0015622376934543714,0.005329772261322355,0.02758152248425391,255,True,False,False,post-evaluation hypothesis-generating; independent future validation required,disjoint,879,0,0
ridge_fixed,True,extended_K,ridge_fixed::H_D_M_P_K,H_D_M_P_K,27,0.6909232513548199,ridge_fixed::H_D_B_M_P_C_A_K,P0,-0.014392489471228133,0.00785926075170342,0.011626795319571413,0.03387854554250297,255,True,False,False,post-evaluation hypothesis-generating; independent future validation required,disjoint,879,0,0
ridge_fixed,True,extended_K,ridge_fixed::H_D_P_A_K,H_D_P_A_K,27,0.7030051429371147,ridge_fixed::H_D_B_M_P_C_A_K,P0,-0.002310597888933389,0.019941152333998163,0.023708686901866147,0.0459604371247977,255,False,False,False,post-evaluation hypothesis-generating; independent future validation required,disjoint,879,0,0
ridge_fixed,True,extended_K,ridge_fixed::H_D_B_P_C_K,H_D_B_P_C_K,28,0.6815284735720357,ridge_fixed::H_D_B_M_P_C_A_K,P0,-0.0237872672540125,-0.001535517031080947,0.002232017536787001,0.024483767759718552,255,True,False,False,post-evaluation hypothesis-generating; independent future validation required,disjoint,879,0,0
ridge_fixed,True,extended_K,ridge_fixed::H_D_B_M_P_K,H_D_B_M_P_K,28,0.6889083123124854,ridge_fixed::H_D_B_M_P_C_A_K,P0,-0.016407428513562725,0.005844321709368827,0.009611856277236814,0.03186360650016837,255,True,False,False,post-evaluation hypothesis-generating; independent future validation required,disjoint,879,0,0
ridge_fixed,True,extended_K,ridge_fixed::H_D_M_P_C_K,H_D_M_P_C_K,28,0.6905095759478876,ridge_fixed::H_D_B_M_P_C_A_K,P0,-0.014806164878160498,0.007445585344771055,0.011213119912639046,0.0334648701355706,255,True,False,False,post-evaluation hypothesis-generating; independent future validation required,disjoint,879,0,0
ridge_fixed,True,extended_K,ridge_fixed::H_D_B_P_A_K,H_D_B_P_A_K,28,0.6989078991258464,ridge_fixed::H_D_B_M_P_C_A_K,P0,-0.006407841700201865,0.015843908522729686,0.019611443090597674,0.04186319331352922,255,False,False,False,post-evaluation hypothesis-generating; independent future validation required,disjoint,879,0,0
ridge_fixed,True,extended_K,ridge_fixed::H_D_P_C_A_K,H_D_P_C_A_K,28,0.7026699262404069,ridge_fixed::H_D_B_M_P_C_A_K,P0,-0.0026458145856412666,0.019605935637290284,0.02337347020515828,0.045625220428089835,255,False,False,False,post-evaluation hypothesis-generating; independent future validation required,disjoint,879,0,0
ridge_fixed,True,extended_K,ridge_fixed::H_D_M_P_A_K,H_D_M_P_A_K,28,0.7087118112234615,ridge_fixed::H_D_B_M_P_C_A_K,P0,0.0033960703974134036,0.025647820620344958,0.029415355188212977,0.051667105411144526,255,False,False,False,post-evaluation hypothesis-generating; independent future validation required,disjoint,879,0,0
ridge_fixed,True,extended_K,ridge_fixed::H_D_B_M_P_C_K,H_D_B_M_P_C_K,29,0.6883012389467311,ridge_fixed::H_D_B_M_P_C_A_K,P0,-0.01701450187931703,0.005237248343614522,0.0090047829114825,0.03125653313441405,255,True,False,False,post-evaluation hypothesis-generating; independent future validation required,disjoint,879,0,0
ridge_fixed,True,extended_K,ridge_fixed::H_D_B_P_C_A_K,H_D_B_P_C_A_K,29,0.6986091975255824,ridge_fixed::H_D_B_M_P_C_A_K,P0,-0.006706543300465723,0.015545206922465828,0.019312741490333806,0.04156449171326536,255,False,False,False,post-evaluation hypothesis-generating; independent future validation required,disjoint,879,0,0
ridge_fixed,True,extended_K,ridge_fixed::H_D_B_M_P_A_K,H_D_B_M_P_A_K,29,0.7057614372715079,ridge_fixed::H_D_B_M_P_C_A_K,P0,0.0004456964454596033,0.022697446668391155,0.026464981236259167,0.04871673145919072,255,False,False,False,post-evaluation hypothesis-generating; independent future validation required,disjoint,879,0,0
ridge_fixed,True,extended_K,ridge_fixed::H_D_M_P_C_A_K,H_D_M_P_C_A_K,29,0.7082379671392514,ridge_fixed::H_D_B_M_P_C_A_K,P0,0.002922226313203292,0.025173976536134846,0.02894151110400283,0.051193261326934386,255,False,False,False,post-evaluation hypothesis-generating; independent future validation required,disjoint,879,0,0
ridge_fixed,True,extended_K,ridge_fixed::H_D_B_M_P_C_A_K,H_D_B_M_P_C_A_K,30,0.7053157408260481,ridge_fixed::H_D_B_M_P_C_A_K,P0,0.0,0.0,0.026019284790799502,0.048271035013731055,255,True,False,False,post-evaluation hypothesis-generating; independent future validation required,disjoint,879,0,0
hgb,False,original_noK,hgb::NONE,NONE,0,0.6919851207085788,hgb::D_B_M_P_C_A,prevalence,-0.07308480325116534,-0.04033907030263527,0.0,0.032745732948530074,127,True,False,False,post-evaluation hypothesis-generating; independent future validation required,disjoint,879,0,0
hgb,False,original_noK,hgb::M,M,1,0.6837557611809335,hgb::D_B_M_P_C_A,prevalence,-0.0813141627788105,-0.048568429830280424,-0.008229359527645235,0.02451637342088484,127,True,False,False,post-evaluation hypothesis-generating; independent future validation required,disjoint,879,0,0
hgb,False,original_noK,hgb::B,B,1,0.6890689608595347,hgb::D_B_M_P_C_A,prevalence,-0.07600096310020929,-0.043255230151679216,-0.0029161598490439937,0.02982957309948608,127,True,False,False,post-evaluation hypothesis-generating; independent future validation required,disjoint,879,0,0
hgb,False,original_noK,hgb::C,C,1,0.690411656150741,hgb::D_B_M_P_C_A,prevalence,-0.07465826780900302,-0.041912534860472944,-0.001573464557837633,0.03117226839069244,127,True,False,False,post-evaluation hypothesis-generating; independent future validation required,disjoint,879,0,0
hgb,False,original_noK,hgb::A,A,1,0.709693044904907,hgb::D_B_M_P_C_A,prevalence,-0.055376879054836924,-0.02263114610630685,0.017707924196328183,0.050453657144858256,127,True,False,False,post-evaluation hypothesis-generating; independent future validation required,disjoint,879,0,0
hgb,False,original_noK,hgb::M_C,M_C,2,0.6829427038768414,hgb::D_B_M_P_C_A,prevalence,-0.08212722008290267,-0.0493814871343726,-0.009042416831737341,0.02370331611679273,127,True,False,False,post-evaluation hypothesis-generating; independent future validation required,disjoint,879,0,0
hgb,False,original_noK,hgb::B_M,B_M,2,0.6848387348081888,hgb::D_B_M_P_C_A,prevalence,-0.08023118915155501,-0.04748545620302494,-0.007146385900389773,0.0255993470481403,127,True,False,False,post-evaluation hypothesis-generating; independent future validation required,disjoint,879,0,0
hgb,False,original_noK,hgb::B_C,B_C,2,0.6877498159559098,hgb::D_B_M_P_C_A,prevalence,-0.07732010800383415,-0.04457437505530408,-0.004235304752668846,0.028510428195861227,127,True,False,False,post-evaluation hypothesis-generating; independent future validation required,disjoint,879,0,0
hgb,False,original_noK,hgb::B_A,B_A,2,0.7026867220270306,hgb::D_B_M_P_C_A,prevalence,-0.06238320193271342,-0.029637468984183346,0.01070160131845198,0.04344733426698205,127,True,False,False,post-evaluation hypothesis-generating; independent future validation required,disjoint,879,0,0
hgb,False,original_noK,hgb::C_A,C_A,2,0.7030033455974942,hgb::D_B_M_P_C_A,prevalence,-0.062066578362249755,-0.02932084541371968,0.01101822488891553,0.043763957837445605,127,True,False,False,post-evaluation hypothesis-generating; independent future validation required,disjoint,879,0,0
hgb,False,original_noK,hgb::M_A,M_A,2,0.7425837882737707,hgb::D_B_M_P_C_A,prevalence,-0.02248613568597314,0.010259597262556933,0.050598667565192254,0.08334440051372233,127,False,False,False,post-evaluation hypothesis-generating; independent future validation required,disjoint,879,0,0
hgb,False,original_noK,hgb::B_M_C,B_M_C,3,0.682531775630935,hgb::D_B_M_P_C_A,prevalence,-0.08253814832880901,-0.04979241538027894,-0.00945334507764368,0.023292387870886395,127,True,False,False,post-evaluation hypothesis-generating; independent future validation required,disjoint,879,0,0
hgb,False,original_noK,hgb::B_C_A,B_C_A,3,0.6970807397223029,hgb::D_B_M_P_C_A,prevalence,-0.06798918423744099,-0.03524345128891092,0.005095619013724249,0.03784135196225432,127,True,False,False,post-evaluation hypothesis-generating; independent future validation required,disjoint,879,0,0
hgb,False,original_noK,hgb::M_C_A,M_C_A,3,0.7165610527664816,hgb::D_B_M_P_C_A,prevalence,-0.048508871193262464,-0.01576313824473239,0.02457593205790297,0.05732166500643304,127,True,False,False,post-evaluation hypothesis-generating; independent future validation required,disjoint,879,0,0
hgb,False,original_noK,hgb::B_M_A,B_M_A,3,0.720224264640833,hgb::D_B_M_P_C_A,prevalence,-0.044845659318910845,-0.012099926370380772,0.0282391439322544,0.060984876880784473,127,True,False,False,post-evaluation hypothesis-generating; independent future validation required,disjoint,879,0,0
hgb,False,original_noK,hgb::B_M_C_A,B_M_C_A,4,0.7045196490420552,hgb::D_B_M_P_C_A,prevalence,-0.060550274917688704,-0.02780454196915863,0.012534528333476623,0.0452802612820067,127,True,False,False,post-evaluation hypothesis-generating; independent future validation required,disjoint,879,0,0
hgb,False,original_noK,hgb::D,D,4,0.7434261099690316,hgb::D_B_M_P_C_A,prevalence,-0.02164381399071226,0.011101918957817813,0.05144098926045295,0.08418672220898302,127,False,False,False,post-evaluation hypothesis-generating; independent future validation required,disjoint,879,0,0
hgb,False,original_noK,hgb::D_C,D_C,5,0.7342188554734144,hgb::D_B_M_P_C_A,prevalence,-0.030851068486329618,0.0018946644622004558,0.042233734764835704,0.07497946771336578,127,True,False,False,post-evaluation hypothesis-generating; independent future validation required,disjoint,879,0,0
hgb,False,original_noK,hgb::D_M,D_M,5,0.7349738008864034,hgb::D_B_M_P_C_A,prevalence,-0.030096123073340482,0.0026496098751895916,0.04298868017782493,0.07573441312635501,127,True,False,False,post-evaluation hypothesis-generating; independent future validation required,disjoint,879,0,0
hgb,False,original_noK,hgb::D_B,D_B,5,0.7386318319827264,hgb::D_B_M_P_C_A,prevalence,-0.026438091977017564,0.006307640971512509,0.046646711274147656,0.07939244422267773,127,True,False,False,post-evaluation hypothesis-generating; independent future validation required,disjoint,879,0,0
hgb,False,original_noK,hgb::D_A,D_A,5,0.7684961935201677,hgb::D_B_M_P_C_A,prevalence,0.003426269560423834,0.03617200250895391,0.07651107281158925,0.10925680576011933,127,False,False,False,post-evaluation hypothesis-generating; independent future validation required,disjoint,879,0,0
hgb,False,original_noK,hgb::D_M_C,D_M_C,6,0.7311113060854748,hgb::D_B_M_P_C_A,prevalence,-0.033958617874269126,-0.0012128849257390523,0.03912618537689611,0.07187191832542619,127,True,False,False,post-evaluation hypothesis-generating; independent future validation required,disjoint,879,0,0
hgb,False,original_noK,hgb::D_B_C,D_B_C,6,0.7352957965100098,hgb::D_B_M_P_C_A,prevalence,-0.02977412744973436,0.0029716054987957152,0.043310675801431,0.07605640874996107,127,True,False,False,post-evaluation hypothesis-generating; independent future validation required,disjoint,879,0,0
hgb,False,original_noK,hgb::D_B_M,D_B_M,6,0.7353722260643416,hgb::D_B_M_P_C_A,prevalence,-0.02969769789540233,0.003048035053127743,0.04338710535576299,0.07613283830429307,127,True,False,False,post-evaluation hypothesis-generating; independent future validation required,disjoint,879,0,0
hgb,False,original_noK,hgb::D_B_A,D_B_A,6,0.755047211925204,hgb::D_B_M_P_C_A,prevalence,-0.010022712034539895,0.02272302091399018,0.06306209121662543,0.0958078241651555,127,False,False,False,post-evaluation hypothesis-generating; independent future validation required,disjoint,879,0,0
hgb,False,original_noK,hgb::D_C_A,D_C_A,6,0.756127085255407,hgb::D_B_M_P_C_A,prevalence,-0.008942838704337085,0.02380289424419299,0.06414196454682825,0.09688769749535832,127,False,False,False,post-evaluation hypothesis-generating; independent future validation required,disjoint,879,0,0
hgb,False,original_noK,hgb::D_M_A,D_M_A,6,0.7874102248785989,hgb::D_B_M_P_C_A,prevalence,0.02234030091885496,0.05508603386738503,0.0954251041700205,0.12817083711855057,127,False,False,False,post-evaluation hypothesis-generating; independent future validation required,disjoint,879,0,0
hgb,False,original_noK,hgb::D_B_M_C,D_B_M_C,7,0.7325187247860235,hgb::D_B_M_P_C_A,prevalence,-0.03255119917372035,0.000194533774809727,0.040533604077445,0.07327933702597508,127,True,False,False,post-evaluation hypothesis-generating; independent future validation required,disjoint,879,0,0
hgb,False,original_noK,hgb::D_B_C_A,D_B_C_A,7,0.749186946190591,hgb::D_B_M_P_C_A,prevalence,-0.015882977769153015,0.01686275517937706,0.05720182548201232,0.08994755843054239,127,False,False,False,post-evaluation hypothesis-generating; independent future validation required,disjoint,879,0,0
hgb,False,original_noK,hgb::D_B_M_A,D_B_M_A,7,0.7751560120199568,hgb::D_B_M_P_C_A,prevalence,0.010086088060212694,0.04283182100874277,0.08317089131137802,0.11591662425990809,127,False,False,False,post-evaluation hypothesis-generating; independent future validation required,disjoint,879,0,0
hgb,False,original_noK,hgb::D_M_C_A,D_M_C_A,7,0.7811318259609172,hgb::D_B_M_P_C_A,prevalence,0.01606190200117333,0.0488076349497034,0.08914670525233863,0.1218924382008687,127,False,False,False,post-evaluation hypothesis-generating; independent future validation required,disjoint,879,0,0
hgb,False,original_noK,hgb::D_B_M_C_A,D_B_M_C_A,8,0.7740791399480531,hgb::D_B_M_P_C_A,prevalence,0.00900921598830904,0.04175494893683911,0.08209401923947433,0.11483975218800441,127,False,False,False,post-evaluation hypothesis-generating; independent future validation required,disjoint,879,0,0
hgb,False,original_noK,hgb::P,P,11,0.7102269756639851,hgb::D_B_M_P_C_A,prevalence,-0.05484294829575887,-0.022097215347228798,0.01824185495540644,0.05098758790393651,127,True,False,False,post-evaluation hypothesis-generating; independent future validation required,disjoint,879,0,0
hgb,False,original_noK,hgb::M_P,M_P,12,0.6959283941547691,hgb::D_B_M_P_C_A,prevalence,-0.06914152980497483,-0.036395796856444756,0.003943273446190491,0.036689006394720565,127,True,False,False,post-evaluation hypothesis-generating; independent future validation required,disjoint,879,0,0
hgb,False,original_noK,hgb::P_C,P_C,12,0.7079925180288837,hgb::D_B_M_P_C_A,prevalence,-0.05707740593086028,-0.02433167298233021,0.01600739732030504,0.04875313026883511,127,True,False,False,post-evaluation hypothesis-generating; independent future validation required,disjoint,879,0,0
hgb,False,original_noK,hgb::B_P,B_P,12,0.7082874044167169,hgb::D_B_M_P_C_A,prevalence,-0.056782519543027,-0.02403678659449693,0.01630228370813846,0.04904801665666853,127,True,False,False,post-evaluation hypothesis-generating; independent future validation required,disjoint,879,0,0
hgb,False,original_noK,hgb::P_A,P_A,12,0.7179119350722141,hgb::D_B_M_P_C_A,prevalence,-0.04715798888752985,-0.01441225593899978,0.02592681436363553,0.058672547312165604,127,True,False,False,post-evaluation hypothesis-generating; independent future validation required,disjoint,879,0,0
hgb,False,original_noK,hgb::M_P_C,M_P_C,13,0.6945746596315718,hgb::D_B_M_P_C_A,prevalence,-0.07049526432817216,-0.037749531379642084,0.0025895389229931578,0.03533527187152323,127,True,False,False,post-evaluation hypothesis-generating; independent future validation required,disjoint,879,0,0
hgb,False,original_noK,hgb::B_M_P,B_M_P,13,0.7052324550179799,hgb::D_B_M_P_C_A,prevalence,-0.059837468941763956,-0.027091735993233883,0.01324733430940129,0.04599306725793136,127,True,False,False,post-evaluation hypothesis-generating; independent future validation required,disjoint,879,0,0
hgb,False,original_noK,hgb::B_P_C,B_P_C,13,0.7069863717990496,hgb::D_B_M_P_C_A,prevalence,-0.05808355216069444,-0.025337819212164367,0.015001251090470838,0.04774698403900091,127,True,False,False,post-evaluation hypothesis-generating; independent future validation required,disjoint,879,0,0
hgb,False,original_noK,hgb::B_P_A,B_P_A,13,0.7095372634747447,hgb::D_B_M_P_C_A,prevalence,-0.05553266048499924,-0.022786927536469166,0.01755214276616592,0.05029787571469599,127,True,False,False,post-evaluation hypothesis-generating; independent future validation required,disjoint,879,0,0
hgb,False,original_noK,hgb::P_C_A,P_C_A,13,0.7142412267349895,hgb::D_B_M_P_C_A,prevalence,-0.0508286972247546,-0.01808296427622453,0.02225610602641075,0.05500183897494082,127,True,False,False,post-evaluation hypothesis-generating; independent future validation required,disjoint,879,0,0
hgb,False,original_noK,hgb::M_P_A,M_P_A,13,0.7167632148575387,hgb::D_B_M_P_C_A,prevalence,-0.04830670910220531,-0.015560976153675236,0.024778094148960005,0.05752382709749008,127,True,False,False,post-evaluation hypothesis-generating; independent future validation required,disjoint,879,0,0
hgb,False,original_noK,hgb::B_M_P_C,B_M_P_C,14,0.7044953693518191,hgb::D_B_M_P_C_A,prevalence,-0.060574554607924824,-0.02782882165939475,0.012510248643240449,0.04525598159177052,127,True,False,False,post-evaluation hypothesis-generating; independent future validation required,disjoint,879,0,0
hgb,False,original_noK,hgb::B_P_C_A,B_P_C_A,14,0.7081661301544436,hgb::D_B_M_P_C_A,prevalence,-0.056903793805300217,-0.024158060856770143,0.016181009445865018,0.048926742394395095,127,True,False,False,post-evaluation hypothesis-generating; independent future validation required,disjoint,879,0,0
hgb,False,original_noK,hgb::M_P_C_A,M_P_C_A,14,0.7104122343758799,hgb::D_B_M_P_C_A,prevalence,-0.054657689583864195,-0.021911956635334122,0.018427113667301112,0.051172846615831186,127,True,False,False,post-evaluation hypothesis-generating; independent future validation required,disjoint,879,0,0
hgb,False,original_noK,hgb::B_M_P_A,B_M_P_A,14,0.7206960054593672,hgb::D_B_M_P_C_A,prevalence,-0.044373918500376704,-0.01162818555184663,0.028710884750788562,0.061456617699318636,127,True,False,False,post-evaluation hypothesis-generating; independent future validation required,disjoint,879,0,0
hgb,False,original_noK,hgb::B_M_P_C_A,B_M_P_C_A,15,0.7173832402587208,hgb::D_B_M_P_C_A,prevalence,-0.04768668370102313,-0.014940950752493055,0.02539811955014214,0.05814385249867221,127,True,False,False,post-evaluation hypothesis-generating; independent future validation required,disjoint,879,0,0
hgb,False,original_noK,hgb::D_P,D_P,15,0.7560527886452653,hgb::D_B_M_P_C_A,prevalence,-0.009017135314478628,0.023728597634051447,0.06406766793668675,0.09681340088521682,127,False,False,False,post-evaluation hypothesis-generating; independent future validation required,disjoint,879,0,0
hgb,False,original_noK,hgb::D_M_P,D_M_P,16,0.74775882974077,hgb::D_B_M_P_C_A,prevalence,-0.017311094218974036,0.015434638729556038,0.05577370903219123,0.0885194419807213,127,False,False,False,post-evaluation hypothesis-generating; independent future validation required,disjoint,879,0,0
hgb,False,original_noK,hgb::D_B_P,D_B_P,16,0.7498399676951959,hgb::D_B_M_P_C_A,prevalence,-0.015229956264548036,0.017515776683982038,0.057854846986617275,0.09060057993514735,127,False,False,False,post-evaluation hypothesis-generating; independent future validation required,disjoint,879,0,0
hgb,False,original_noK,hgb::D_P_C,D_P_C,16,0.7520750228593962,hgb::D_B_M_P_C_A,prevalence,-0.012994901100347784,0.01975083184818229,0.06008990215081749,0.09283563509934756,127,False,False,False,post-evaluation hypothesis-generating; independent future validation required,disjoint,879,0,0
hgb,False,original_noK,hgb::D_P_A,D_P_A,16,0.7710902427564552,hgb::D_B_M_P_C_A,prevalence,0.006020318796711181,0.03876605174524125,0.07910512204787648,0.11185085499640655,127,False,False,False,post-evaluation hypothesis-generating; independent future validation required,disjoint,879,0,0
hgb,False,original_noK,hgb::D_M_P_C,D_M_P_C,17,0.7409254579035447,hgb::D_B_M_P_C_A,prevalence,-0.024144466056199257,0.008601266892330817,0.048940337194966044,0.08168607014349612,127,True,False,False,post-evaluation hypothesis-generating; independent future validation required,disjoint,879,0,0
hgb,False,original_noK,hgb::D_B_P_C,D_B_P_C,17,0.7454334521128022,hgb::D_B_M_P_C_A,prevalence,-0.019636471846941794,0.01310926110158828,0.05344833140422356,0.08619406435275363,127,False,False,False,post-evaluation hypothesis-generating; independent future validation required,disjoint,879,0,0
hgb,False,original_noK,hgb::D_B_M_P,D_B_M_P,17,0.7454348233698972,hgb::D_B_M_P_C_A,prevalence,-0.019635100589846733,0.01311063235868334,0.0534497026613186,0.08619543560984867,127,False,False,False,post-evaluation hypothesis-generating; independent future validation required,disjoint,879,0,0
hgb,False,original_noK,hgb::D_B_P_A,D_B_P_A,17,0.7589459496830404,hgb::D_B_M_P_C_A,prevalence,-0.006123974276703464,0.02662175867182661,0.06696082897446189,0.09970656192299196,127,False,False,False,post-evaluation hypothesis-generating; independent future validation required,disjoint,879,0,0
hgb,False,original_noK,hgb::D_P_C_A,D_P_C_A,17,0.7660981513174662,hgb::D_B_M_P_C_A,prevalence,0.0010282273577222405,0.033773960306252314,0.07411303060888756,0.10685876355741764,127,False,False,False,post-evaluation hypothesis-generating; independent future validation required,disjoint,879,0,0
hgb,False,original_noK,hgb::D_M_P_A,D_M_P_A,17,0.7750694734960916,hgb::D_B_M_P_C_A,prevalence,0.009999549536347654,0.04274528248487773,0.08308435278751297,0.11583008573604305,127,False,False,False,post-evaluation hypothesis-generating; independent future validation required,disjoint,879,0,0
hgb,False,original_noK,hgb::D_B_M_P_C,D_B_M_P_C,18,0.7412394732257841,hgb::D_B_M_P_C_A,prevalence,-0.023830450733959965,0.008915282214570108,0.04925435251720532,0.0820000854657354,127,True,False,False,post-evaluation hypothesis-generating; independent future validation required,disjoint,879,0,0
hgb,False,original_noK,hgb::D_B_P_C_A,D_B_P_C_A,18,0.7568211093652178,hgb::D_B_M_P_C_A,prevalence,-0.008248814594526132,0.024496918354003944,0.0648359886566392,0.09758172160516927,127,False,False,False,post-evaluation hypothesis-generating; independent future validation required,disjoint,879,0,0
hgb,False,original_noK,hgb::D_B_M_P_A,D_B_M_P_A,18,0.7667485715111485,hgb::D_B_M_P_C_A,prevalence,0.0016786475514045445,0.03442438049993462,0.07476345080256985,0.10750918375109993,127,False,False,False,post-evaluation hypothesis-generating; independent future validation required,disjoint,879,0,0
hgb,False,original_noK,hgb::D_M_P_C_A,D_M_P_C_A,18,0.776093148051301,hgb::D_B_M_P_C_A,prevalence,0.011023224091557052,0.043768957040087125,0.08410802734272241,0.11685376029125248,127,False,False,False,post-evaluation hypothesis-generating; independent future validation required,disjoint,879,0,0
hgb,False,original_noK,hgb::D_B_M_P_C_A,D_B_M_P_C_A,19,0.7650699239597439,hgb::D_B_M_P_C_A,prevalence,0.0,0.0,0.07308480325116534,0.10583053619969542,127,True,False,False,post-evaluation hypothesis-generating; independent future validation required,disjoint,879,0,0
ridge,False,original_noK,ridge::NONE,NONE,0,0.6919851207085788,ridge::D_B_M_P_C_A,prevalence,-0.06679456703383578,-0.03724685155950144,0.0,0.029547715474334334,127,True,False,False,post-evaluation hypothesis-generating; independent future validation required,disjoint,879,0,0
ridge,False,original_noK,ridge::B,B,1,0.6849243747157531,ridge::D_B_M_P_C_A,prevalence,-0.07385531302666162,-0.044307597552327285,-0.007060745992825894,0.02248696948150844,127,True,False,False,post-evaluation hypothesis-generating; independent future validation required,disjoint,879,0,0
ridge,False,original_noK,ridge::M,M,1,0.6858071081348964,ridge::D_B_M_P_C_A,prevalence,-0.0729725796075178,-0.04342486413318346,-0.006178012573682005,0.02336970290065233,127,True,False,False,post-evaluation hypothesis-generating; independent future validation required,disjoint,879,0,0
ridge,False,original_noK,ridge::C,C,1,0.6911290282823433,ridge::D_B_M_P_C_A,prevalence,-0.06765065946007107,-0.03810294398573673,-0.0008560924262352269,0.028691623048099107,127,True,False,False,post-evaluation hypothesis-generating; independent future validation required,disjoint,879,0,0
ridge,False,original_noK,ridge::A,A,1,0.7090287375237886,ridge::D_B_M_P_C_A,prevalence,-0.049750950218625724,-0.02020323474429139,0.017043616815209967,0.046591332289544304,127,True,False,False,post-evaluation hypothesis-generating; independent future validation required,disjoint,879,0,0
ridge,False,original_noK,ridge::B_M,B_M,2,0.6806102886982,ridge::D_B_M_P_C_A,prevalence,-0.07816939904421437,-0.04862168356988003,-0.011374832010378744,0.01817288346395559,127,True,False,False,post-evaluation hypothesis-generating; independent future validation required,disjoint,879,0,0
ridge,False,original_noK,ridge::B_C,B_C,2,0.6833804036166297,ridge::D_B_M_P_C_A,prevalence,-0.07539928412578475,-0.04585156865145042,-0.008604717091948861,0.020942998382385475,127,True,False,False,post-evaluation hypothesis-generating; independent future validation required,disjoint,879,0,0
ridge,False,original_noK,ridge::M_C,M_C,2,0.6849537265518277,ridge::D_B_M_P_C_A,prevalence,-0.07382596119058657,-0.04427824571625223,-0.007031394156750766,0.02251632131758357,127,True,False,False,post-evaluation hypothesis-generating; independent future validation required,disjoint,879,0,0
ridge,False,original_noK,ridge::M_A,M_A,2,0.7013093326114458,ridge::D_B_M_P_C_A,prevalence,-0.05747035513096862,-0.027922639656634284,0.009324211902867209,0.03887192737720154,127,True,False,False,post-evaluation hypothesis-generating; independent future validation required,disjoint,879,0,0
ridge,False,original_noK,ridge::B_A,B_A,2,0.7019928071036946,ridge::D_B_M_P_C_A,prevalence,-0.056786880638719735,-0.0272391651643854,0.010007686395116034,0.03955540186945037,127,True,False,False,post-evaluation hypothesis-generating; independent future validation required,disjoint,879,0,0
ridge,False,original_noK,ridge::C_A,C_A,2,0.7079853986869922,ridge::D_B_M_P_C_A,prevalence,-0.05079428905542225,-0.021246573581087915,0.01600027797841355,0.04554799345274788,127,True,False,False,post-evaluation hypothesis-generating; independent future validation required,disjoint,879,0,0
ridge,False,original_noK,ridge::B_M_C,B_M_C,3,0.6792627695494188,ridge::D_B_M_P_C_A,prevalence,-0.0795169181929957,-0.04996920271866136,-0.012722351159159867,0.016825364315174465,127,True,False,False,post-evaluation hypothesis-generating; independent future validation required,disjoint,879,0,0
ridge,False,original_noK,ridge::M_C_A,M_C_A,3,0.6965778029248886,ridge::D_B_M_P_C_A,prevalence,-0.06220188481752576,-0.03265416934319143,0.004592682216310009,0.03414039769064434,127,True,False,False,post-evaluation hypothesis-generating; independent future validation required,disjoint,879,0,0
ridge,False,original_noK,ridge::B_M_A,B_M_A,3,0.6973720908334191,ridge::D_B_M_P_C_A,prevalence,-0.06140759690899525,-0.03185988143466091,0.005386970124840566,0.0349346855991749,127,True,False,False,post-evaluation hypothesis-generating; independent future validation required,disjoint,879,0,0
ridge,False,original_noK,ridge::B_C_A,B_C_A,3,0.7008367293557343,ridge::D_B_M_P_C_A,prevalence,-0.057942958386680156,-0.02839524291234582,0.008851608647155687,0.038399324121490025,127,True,False,False,post-evaluation hypothesis-generating; independent future validation required,disjoint,879,0,0
ridge,False,original_noK,ridge::B_M_C_A,B_M_C_A,4,0.6963669753331386,ridge::D_B_M_P_C_A,prevalence,-0.06241271240927576,-0.03286499693494142,0.004381854624560009,0.03392957009889434,127,True,False,False,post-evaluation hypothesis-generating; independent future validation required,disjoint,879,0,0
ridge,False,original_noK,ridge::D,D,4,0.7432131199540394,ridge::D_B_M_P_C_A,prevalence,-0.015566567788375093,0.013981147685959242,0.051227999245460766,0.0807757147197951,127,False,False,False,post-evaluation hypothesis-generating; independent future validation required,disjoint,879,0,0
ridge,False,original_noK,ridge::D_B,D_B,5,0.7327917518170181,ridge::D_B_M_P_C_A,prevalence,-0.0259879359253963,0.003559779548938033,0.04080663110843949,0.07035434658277383,127,True,False,False,post-evaluation hypothesis-generating; independent future validation required,disjoint,879,0,0
ridge,False,original_noK,ridge::D_M,D_M,5,0.7386208811556466,ridge::D_B_M_P_C_A,prevalence,-0.020158806586767962,0.009388908887566372,0.04663576044706783,0.07618347592140216,127,True,False,False,post-evaluation hypothesis-generating; independent future validation required,disjoint,879,0,0
ridge,False,original_noK,ridge::D_C,D_C,5,0.742258351710359,ridge::D_B_M_P_C_A,prevalence,-0.01652133603205544,0.013026379442278895,0.050273231001780404,0.07982094647611473,127,False,False,False,post-evaluation hypothesis-generating; independent future validation required,disjoint,879,0,0
ridge,False,original_noK,ridge::D_A,D_A,5,0.7687066337862022,ridge::D_B_M_P_C_A,prevalence,0.009926946043787703,0.03947466151812204,0.07672151307762351,0.10626922855195785,127,False,False,False,post-evaluation hypothesis-generating; independent future validation required,disjoint,879,0,0
ridge,False,original_noK,ridge::D_B_M,D_B_M,6,0.7315507886194369,ridge::D_B_M_P_C_A,prevalence,-0.027228899122977535,0.002318816351356799,0.03956566791085822,0.06911338338519256,127,True,False,False,post-evaluation hypothesis-generating; independent future validation required,disjoint,879,0,0
ridge,False,original_noK,ridge::D_B_C,D_B_C,6,0.731635590028666,ridge::D_B_M_P_C_A,prevalence,-0.02714409771374849,0.0024036177605858446,0.03965046932008729,0.06919818479442162,127,True,False,False,post-evaluation hypothesis-generating; independent future validation required,disjoint,879,0,0
ridge,False,original_noK,ridge::D_M_C,D_M_C,6,0.7380330142062217,ridge::D_B_M_P_C_A,prevalence,-0.020746673536192688,0.008801041938141647,0.046047893497643044,0.07559560897197738,127,True,False,False,post-evaluation hypothesis-generating; independent future validation required,disjoint,879,0,0
ridge,False,original_noK,ridge::D_B_A,D_B_A,6,0.7574532794089385,ridge::D_B_M_P_C_A,prevalence,-0.0013264083334760183,0.028221307140858316,0.06546815870035981,0.09501587417469415,127,False,False,False,post-evaluation hypothesis-generating; independent future validation required,disjoint,879,0,0
ridge,False,original_noK,ridge::D_M_A,D_M_A,6,0.7637248041297591,ridge::D_B_M_P_C_A,prevalence,0.004945116387344647,0.03449283186167898,0.0717396834211805,0.10128739889551484,127,False,False,False,post-evaluation hypothesis-generating; independent future validation required,disjoint,879,0,0
ridge,False,original_noK,ridge::D_C_A,D_C_A,6,0.7680091845032724,ridge::D_B_M_P_C_A,prevalence,0.009229496760857986,0.03877721223519232,0.07602406379469379,0.10557177926902812,127,False,False,False,post-evaluation hypothesis-generating; independent future validation required,disjoint,879,0,0
ridge,False,original_noK,ridge::D_B_M_C,D_B_M_C,7,0.7310122066926834,ridge::D_B_M_P_C_A,prevalence,-0.02776748104973111,0.0017802344246032227,0.03902708598410474,0.06857480145843907,127,True,False,False,post-evaluation hypothesis-generating; independent future validation required,disjoint,879,0,0
ridge,False,original_noK,ridge::D_B_M_A,D_B_M_A,7,0.7558534250096063,ridge::D_B_M_P_C_A,prevalence,-0.0029262627328080705,0.026621452741526264,0.06386830430102773,0.09341601977536207,127,False,False,False,post-evaluation hypothesis-generating; independent future validation required,disjoint,879,0,0
ridge,False,original_noK,ridge::D_B_C_A,D_B_C_A,7,0.7569619080769587,ridge::D_B_M_P_C_A,prevalence,-0.00181777966545576,0.027729935808878576,0.06497678736838006,0.0945245028427144,127,False,False,False,post-evaluation hypothesis-generating; independent future validation required,disjoint,879,0,0
ridge,False,original_noK,ridge::D_M_C_A,D_M_C_A,7,0.7635648115789707,ridge::D_B_M_P_C_A,prevalence,0.0047851238365562805,0.034332839310890616,0.07157969087039201,0.10112740634472635,127,False,False,False,post-evaluation hypothesis-generating; independent future validation required,disjoint,879,0,0
ridge,False,original_noK,ridge::D_B_M_C_A,D_B_M_C_A,8,0.7557085125014077,ridge::D_B_M_P_C_A,prevalence,-0.003071175241006694,0.02647654023332764,0.06372339179282911,0.09327110726716345,127,False,False,False,post-evaluation hypothesis-generating; independent future validation required,disjoint,879,0,0
ridge,False,original_noK,ridge::P,P,11,0.6924323017534592,ridge::D_B_M_P_C_A,prevalence,-0.06634738598895536,-0.03679967051462102,0.0004471810448804241,0.029994896519214758,127,True,False,False,post-evaluation hypothesis-generating; independent future validation required,disjoint,879,0,0
ridge,False,original_noK,ridge::B_P,B_P,12,0.6886121915910545,ridge::D_B_M_P_C_A,prevalence,-0.07016749615136009,-0.04061978067702575,-0.003372929117524299,0.026174786356810035,127,True,False,False,post-evaluation hypothesis-generating; independent future validation required,disjoint,879,0,0
ridge,False,original_noK,ridge::M_P,M_P,12,0.6901531759680566,ridge::D_B_M_P_C_A,prevalence,-0.06862651177435798,-0.039078796300023644,-0.0018319447405220927,0.02771577073381224,127,True,False,False,post-evaluation hypothesis-generating; independent future validation required,disjoint,879,0,0
ridge,False,original_noK,ridge::P_C,P_C,12,0.6922419190172627,ridge::D_B_M_P_C_A,prevalence,-0.06653776872515162,-0.03699005325081728,0.0002567983086841508,0.029804513783018485,127,True,False,False,post-evaluation hypothesis-generating; independent future validation required,disjoint,879,0,0
ridge,False,original_noK,ridge::P_A,P_A,12,0.704597330488102,ridge::D_B_M_P_C_A,prevalence,-0.05418235725431259,-0.024634641779978258,0.012612209779523174,0.042159925253857505,127,True,False,False,post-evaluation hypothesis-generating; independent future validation required,disjoint,879,0,0
ridge,False,original_noK,ridge::B_M_P,B_M_P,13,0.6840027898623124,ridge::D_B_M_P_C_A,prevalence,-0.07477689788010203,-0.04522918240576769,-0.007982330846266183,0.021565384628068153,127,True,False,False,post-evaluation hypothesis-generating; independent future validation required,disjoint,879,0,0
ridge,False,original_noK,ridge::B_P_C,B_P_C,13,0.6869381373775042,ridge::D_B_M_P_C_A,prevalence,-0.07184155036491029,-0.04229383489057595,-0.005046983331074471,0.024500732143259863,127,True,False,False,post-evaluation hypothesis-generating; independent future validation required,disjoint,879,0,0
ridge,False,original_noK,ridge::M_P_C,M_P_C,13,0.6899753706324591,ridge::D_B_M_P_C_A,prevalence,-0.06880431710995535,-0.039256601635621016,-0.0020097500761195085,0.027537965398214827,127,True,False,False,post-evaluation hypothesis-generating; independent future validation required,disjoint,879,0,0
ridge,False,original_noK,ridge::M_P_A,M_P_A,13,0.6982981103597674,ridge::D_B_M_P_C_A,prevalence,-0.06048157738264691,-0.030933861908312574,0.006312989651188835,0.03586070512552317,127,True,False,False,post-evaluation hypothesis-generating; independent future validation required,disjoint,879,0,0
ridge,False,original_noK,ridge::P_C_A,P_C_A,13,0.7037488634582502,ridge::D_B_M_P_C_A,prevalence,-0.05503082428416436,-0.025483108809830023,0.011763742749671478,0.04131145822400581,127,True,False,False,post-evaluation hypothesis-generating; independent future validation required,disjoint,879,0,0
ridge,False,original_noK,ridge::B_P_A,B_P_A,13,0.7044632492908885,ridge::D_B_M_P_C_A,prevalence,-0.054316438451525825,-0.02476872297719149,0.012478128582309976,0.04202584405664431,127,True,False,False,post-evaluation hypothesis-generating; independent future validation required,disjoint,879,0,0
ridge,False,original_noK,ridge::B_M_P_C,B_M_P_C,14,0.6824917183823107,ridge::D_B_M_P_C_A,prevalence,-0.07628796936010393,-0.04674025388576959,-0.009493402326268155,0.02005431314806618,127,True,False,False,post-evaluation hypothesis-generating; independent future validation required,disjoint,879,0,0
ridge,False,original_noK,ridge::M_P_C_A,M_P_C_A,14,0.697440768430168,ridge::D_B_M_P_C_A,prevalence,-0.0613389193122462,-0.03179120383791187,0.005455647721589524,0.035003363195923856,127,True,False,False,post-evaluation hypothesis-generating; independent future validation required,disjoint,879,0,0
ridge,False,original_noK,ridge::B_M_P_A,B_M_P_A,14,0.6994989700913523,ridge::D_B_M_P_C_A,prevalence,-0.05928071765106206,-0.029733002176727728,0.007513849382773753,0.037061564857108084,127,True,False,False,post-evaluation hypothesis-generating; independent future validation required,disjoint,879,0,0
ridge,False,original_noK,ridge::B_P_C_A,B_P_C_A,14,0.7031102250669433,ridge::D_B_M_P_C_A,prevalence,-0.05566946267547111,-0.026121747201136778,0.011125104358364708,0.04067281983269904,127,True,False,False,post-evaluation hypothesis-generating; independent future validation required,disjoint,879,0,0
ridge,False,original_noK,ridge::B_M_P_C_A,B_M_P_C_A,15,0.6983791473495269,ridge::D_B_M_P_C_A,prevalence,-0.060400540392887614,-0.03085282491855328,0.006394026640948201,0.03594174211528253,127,True,False,False,post-evaluation hypothesis-generating; independent future validation required,disjoint,879,0,0
ridge,False,original_noK,ridge::D_P,D_P,15,0.7485874945508104,ridge::D_B_M_P_C_A,prevalence,-0.010192193191603948,0.019355522282730388,0.056602373842231844,0.08615008931656618,127,False,False,False,post-evaluation hypothesis-generating; independent future validation required,disjoint,879,0,0
ridge,False,original_noK,ridge::D_B_P,D_B_P,16,0.7405018321972558,ridge::D_B_M_P_C_A,prevalence,-0.01827785554515878,0.011269859929175556,0.04851671148867703,0.07806442696301137,127,False,False,False,post-evaluation hypothesis-generating; independent future validation required,disjoint,879,0,0
ridge,False,original_noK,ridge::D_M_P,D_M_P,16,0.7425744406636318,ridge::D_B_M_P_C_A,prevalence,-0.016205247078782726,0.013342468395551609,0.05058931995505311,0.08013703542938744,127,False,False,False,post-evaluation hypothesis-generating; independent future validation required,disjoint,879,0,0
ridge,False,original_noK,ridge::D_P_C,D_P_C,16,0.7477252398396661,ridge::D_B_M_P_C_A,prevalence,-0.011054447902748383,0.018493267571585953,0.055740119131087375,0.0852878346054217,127,False,False,False,post-evaluation hypothesis-generating; independent future validation required,disjoint,879,0,0
ridge,False,original_noK,ridge::D_P_A,D_P_A,16,0.7720652237522679,ridge::D_B_M_P_C_A,prevalence,0.013285536009853549,0.04283325148418789,0.08008010304368934,0.10962781851802368,127,False,False,False,post-evaluation hypothesis-generating; independent future validation required,disjoint,879,0,0
ridge,False,original_noK,ridge::D_B_M_P,D_B_M_P,17,0.7375247615926638,ridge::D_B_M_P_C_A,prevalence,-0.021254926149750646,0.008292789324583688,0.04553964088408516,0.0750873563584195,127,True,False,False,post-evaluation hypothesis-generating; independent future validation required,disjoint,879,0,0
ridge,False,original_noK,ridge::D_B_P_C,D_B_P_C,17,0.7391173037665102,ridge::D_B_M_P_C_A,prevalence,-0.019662383975904196,0.009885331498430138,0.047132183057931695,0.07667989853226603,127,True,False,False,post-evaluation hypothesis-generating; independent future validation required,disjoint,879,0,0
ridge,False,original_noK,ridge::D_M_P_C,D_M_P_C,17,0.742012623436002,ridge::D_B_M_P_C_A,prevalence,-0.01676706430641226,0.012780651167922076,0.05002750272742356,0.07957521820175789,127,False,False,False,post-evaluation hypothesis-generating; independent future validation required,disjoint,879,0,0
ridge,False,original_noK,ridge::D_B_P_A,D_B_P_A,17,0.762521443159472,ridge::D_B_M_P_C_A,prevalence,0.0037417554170574765,0.03328947089139181,0.07053632245089336,0.1000840379252277,127,False,False,False,post-evaluation hypothesis-generating; independent future validation required,disjoint,879,0,0
ridge,False,original_noK,ridge::D_M_P_A,D_M_P_A,17,0.7661455338453222,ridge::D_B_M_P_C_A,prevalence,0.007365846102907825,0.03691356157724216,0.07416041313674378,0.10370812861107812,127,False,False,False,post-evaluation hypothesis-generating; independent future validation required,disjoint,879,0,0
ridge,False,original_noK,ridge::D_P_C_A,D_P_C_A,17,0.7719971182740666,ridge::D_B_M_P_C_A,prevalence,0.013217430531652271,0.042765146005986604,0.08001199756548812,0.10955971303982245,127,False,False,False,post-evaluation hypothesis-generating; independent future validation required,disjoint,879,0,0
ridge,False,original_noK,ridge::D_B_M_P_C,D_B_M_P_C,18,0.7364985403289916,ridge::D_B_M_P_C_A,prevalence,-0.022281147413422776,0.007266568060911558,0.044513419620413004,0.07406113509474734,127,True,False,False,post-evaluation hypothesis-generating; independent future validation required,disjoint,879,0,0
ridge,False,original_noK,ridge::D_B_M_P_A,D_B_M_P_A,18,0.7588786629016528,ridge::D_B_M_P_C_A,prevalence,9.897515923840272e-05,0.029646690633572736,0.0668935421930742,0.09644125766740853,127,False,False,False,post-evaluation hypothesis-generating; independent future validation required,disjoint,879,0,0
ridge,False,original_noK,ridge::D_B_P_C_A,D_B_P_C_A,18,0.7616516491158439,ridge::D_B_M_P_C_A,prevalence,0.0028719613734294433,0.03241967684776378,0.06966652840726523,0.09921424388159956,127,False,False,False,post-evaluation hypothesis-generating; independent future validation required,disjoint,879,0,0
ridge,False,original_noK,ridge::D_M_P_C_A,D_M_P_C_A,18,0.7661285263474468,ridge::D_B_M_P_C_A,prevalence,0.007348838605032358,0.03689655407936669,0.07414340563886822,0.10369112111320256,127,False,False,False,post-evaluation hypothesis-generating; independent future validation required,disjoint,879,0,0
ridge,False,original_noK,ridge::D_B_M_P_C_A,D_B_M_P_C_A,19,0.7587796877424146,ridge::D_B_M_P_C_A,prevalence,0.0,0.0,0.06679456703383578,0.09634228250817012,127,True,False,False,post-evaluation hypothesis-generating; independent future validation required,disjoint,879,0,0
ridge_fixed,False,original_noK,ridge_fixed::NONE,NONE,0,0.6919851207085788,ridge_fixed::D_B_M_P_C_A,prevalence,-0.03048956609158716,-0.00823896362967675,0.0,0.02225060246191041,127,True,False,False,post-evaluation hypothesis-generating; independent future validation required,disjoint,879,0,0
ridge_fixed,False,original_noK,ridge_fixed::M,M,1,0.684543868802342,ridge_fixed::D_B_M_P_C_A,prevalence,-0.03793081799782392,-0.01568021553591351,-0.007441251906236688,0.014809350555673721,127,True,False,False,post-evaluation hypothesis-generating; independent future validation required,disjoint,879,0,0
ridge_fixed,False,original_noK,ridge_fixed::B,B,1,0.6849243747157531,ridge_fixed::D_B_M_P_C_A,prevalence,-0.03755031208441305,-0.015299709622502638,-0.007060745992825894,0.015189856469084516,127,True,False,False,post-evaluation hypothesis-generating; independent future validation required,disjoint,879,0,0
ridge_fixed,False,original_noK,ridge_fixed::C,C,1,0.6905207914744504,ridge_fixed::D_B_M_P_C_A,prevalence,-0.031953895325715305,-0.009703292863804894,-0.001464329234128094,0.020786273227782315,127,True,False,False,post-evaluation hypothesis-generating; independent future validation required,disjoint,879,0,0
ridge_fixed,False,original_noK,ridge_fixed::A,A,1,0.7090287375237886,ridge_fixed::D_B_M_P_C_A,prevalence,-0.013445949276377165,0.008804653185533246,0.017043616815209967,0.039294219277120374,127,True,False,False,post-evaluation hypothesis-generating; independent future validation required,disjoint,879,0,0
ridge_fixed,False,original_noK,ridge_fixed::B_M,B_M,2,0.6806102886982,ridge_fixed::D_B_M_P_C_A,prevalence,-0.04186439810196573,-0.01961379564005532,-0.011374832010378744,0.010875770451531666,127,True,False,False,post-evaluation hypothesis-generating; independent future validation required,disjoint,879,0,0
ridge_fixed,False,original_noK,ridge_fixed::M_C,M_C,2,0.6832500725182369,ridge_fixed::D_B_M_P_C_A,prevalence,-0.039224614281928784,-0.016974011820018373,-0.008735048190341625,0.013515554271568786,127,True,False,False,post-evaluation hypothesis-generating; independent future validation required,disjoint,879,0,0
ridge_fixed,False,original_noK,ridge_fixed::B_C,B_C,2,0.6833804036166297,ridge_fixed::D_B_M_P_C_A,prevalence,-0.03909428318353602,-0.01684368072162561,-0.008604717091948861,0.01364588536996155,127,True,False,False,post-evaluation hypothesis-generating; independent future validation required,disjoint,879,0,0
ridge_fixed,False,original_noK,ridge_fixed::M_A,M_A,2,0.7013093326114458,ridge_fixed::D_B_M_P_C_A,prevalence,-0.021165354188720006,0.0010852482731904048,0.009324211902867209,0.03157481436477762,127,True,False,False,post-evaluation hypothesis-generating; independent future validation required,disjoint,879,0,0
ridge_fixed,False,original_noK,ridge_fixed::B_A,B_A,2,0.7019928071036946,ridge_fixed::D_B_M_P_C_A,prevalence,-0.0204818796964711,0.0017687227654393095,0.010007686395116034,0.032258288857026446,127,True,False,False,post-evaluation hypothesis-generating; independent future validation required,disjoint,879,0,0
ridge_fixed,False,original_noK,ridge_fixed::C_A,C_A,2,0.7079853986869922,ridge_fixed::D_B_M_P_C_A,prevalence,-0.014489288113173621,0.0077613143487367895,0.01600027797841355,0.03825088044032396,127,True,False,False,post-evaluation hypothesis-generating; independent future validation required,disjoint,879,0,0
ridge_fixed,False,original_noK,ridge_fixed::B_M_C,B_M_C,3,0.6792627695494188,ridge_fixed::D_B_M_P_C_A,prevalence,-0.04321191725074703,-0.02096131478883662,-0.012722351159159867,0.009528251302750543,127,True,False,False,post-evaluation hypothesis-generating; independent future validation required,disjoint,879,0,0
ridge_fixed,False,original_noK,ridge_fixed::B_M_A,B_M_A,3,0.6973720908334191,ridge_fixed::D_B_M_P_C_A,prevalence,-0.0251025959667466,-0.002851993504836191,0.005386970124840566,0.027637572586750977,127,True,False,False,post-evaluation hypothesis-generating; independent future validation required,disjoint,879,0,0
ridge_fixed,False,original_noK,ridge_fixed::M_C_A,M_C_A,3,0.7003435119592153,ridge_fixed::D_B_M_P_C_A,prevalence,-0.022131174840950497,0.00011942762095991377,0.00835839125063665,0.03060899371254706,127,True,False,False,post-evaluation hypothesis-generating; independent future validation required,disjoint,879,0,0
ridge_fixed,False,original_noK,ridge_fixed::B_C_A,B_C_A,3,0.7008367293557343,ridge_fixed::D_B_M_P_C_A,prevalence,-0.021637957444431467,0.0006126450174789438,0.008851608647155687,0.031102211109066098,127,True,False,False,post-evaluation hypothesis-generating; independent future validation required,disjoint,879,0,0
ridge_fixed,False,original_noK,ridge_fixed::B_M_C_A,B_M_C_A,4,0.6963669753331386,ridge_fixed::D_B_M_P_C_A,prevalence,-0.02610771146702713,-0.0038571090051167205,0.004381854624560009,0.02663245708647042,127,True,False,False,post-evaluation hypothesis-generating; independent future validation required,disjoint,879,0,0
ridge_fixed,False,original_noK,ridge_fixed::D,D,4,0.7119273866846728,ridge_fixed::D_B_M_P_C_A,prevalence,-0.01054730011549302,0.01170330234641739,0.01994226597609413,0.042192868438004544,127,False,False,False,post-evaluation hypothesis-generating; independent future validation required,disjoint,879,0,0
ridge_fixed,False,original_noK,ridge_fixed::D_B,D_B,5,0.7029477199140016,ridge_fixed::D_B_M_P_C_A,prevalence,-0.019526966886164083,0.0027236355757463276,0.010962599205423081,0.03321320166733349,127,True,False,False,post-evaluation hypothesis-generating; independent future validation required,disjoint,879,0,0
ridge_fixed,False,original_noK,ridge_fixed::D_M,D_M,5,0.7059155134023358,ridge_fixed::D_B_M_P_C_A,prevalence,-0.016559173397829866,0.005691429064080544,0.013930392693757296,0.03618099515566771,127,True,False,False,post-evaluation hypothesis-generating; independent future validation required,disjoint,879,0,0
ridge_fixed,False,original_noK,ridge_fixed::D_C,D_C,5,0.7107016496671561,ridge_fixed::D_B_M_P_C_A,prevalence,-0.011773037133009777,0.010477565328900634,0.018716528958577384,0.040967131420487794,127,False,False,False,post-evaluation hypothesis-generating; independent future validation required,disjoint,879,0,0
ridge_fixed,False,original_noK,ridge_fixed::D_A,D_A,5,0.7325053755079098,ridge_fixed::D_B_M_P_C_A,prevalence,0.010030688707743927,0.032281291169654336,0.04052025479933111,0.06277085726124151,127,False,False,False,post-evaluation hypothesis-generating; independent future validation required,disjoint,879,0,0
ridge_fixed,False,original_noK,ridge_fixed::D_B_M,D_B_M,6,0.7004096595571694,ridge_fixed::D_B_M_P_C_A,prevalence,-0.02206502724299628,0.0001855752189141302,0.008424538848590866,0.030675141310501277,127,True,False,False,post-evaluation hypothesis-generating; independent future validation required,disjoint,879,0,0
ridge_fixed,False,original_noK,ridge_fixed::D_B_C,D_B_C,6,0.701862325845152,ridge_fixed::D_B_M_P_C_A,prevalence,-0.020612360955013894,0.0016382415068965164,0.009877205136573286,0.032127807598483694,127,True,False,False,post-evaluation hypothesis-generating; independent future validation required,disjoint,879,0,0
ridge_fixed,False,original_noK,ridge_fixed::D_M_C,D_M_C,6,0.7051993939946922,ridge_fixed::D_B_M_P_C_A,prevalence,-0.017275292805473463,0.004975309656436947,0.013214273286113689,0.0354648757480241,127,True,False,False,post-evaluation hypothesis-generating; independent future validation required,disjoint,879,0,0
ridge_fixed,False,original_noK,ridge_fixed::D_B_A,D_B_A,6,0.7231889789679439,ridge_fixed::D_B_M_P_C_A,prevalence,0.0007142921677780805,0.022964894629688492,0.031203858259365235,0.053454460721275646,127,False,False,False,post-evaluation hypothesis-generating; independent future validation required,disjoint,879,0,0
ridge_fixed,False,original_noK,ridge_fixed::D_M_A,D_M_A,6,0.7262511870907479,ridge_fixed::D_B_M_P_C_A,prevalence,0.00377650029058209,0.026027102752492502,0.034266066382169294,0.0565166688440797,127,False,False,False,post-evaluation hypothesis-generating; independent future validation required,disjoint,879,0,0
ridge_fixed,False,original_noK,ridge_fixed::D_C_A,D_C_A,6,0.7318184220958166,ridge_fixed::D_B_M_P_C_A,prevalence,0.009343735295650765,0.031594337757561174,0.03983330138723795,0.06208390384914836,127,False,False,False,post-evaluation hypothesis-generating; independent future validation required,disjoint,879,0,0
ridge_fixed,False,original_noK,ridge_fixed::D_B_M_C,D_B_M_C,7,0.6998501503177941,ridge_fixed::D_B_M_P_C_A,prevalence,-0.02262453648237164,-0.0003739340204612293,0.007865029609215543,0.030115632071125956,127,True,False,False,post-evaluation hypothesis-generating; independent future validation required,disjoint,879,0,0
ridge_fixed,False,original_noK,ridge_fixed::D_B_M_A,D_B_M_A,7,0.7204576011319856,ridge_fixed::D_B_M_P_C_A,prevalence,-0.0020170856681801476,0.020233516793730262,0.028472480423407005,0.05072308288531742,127,False,False,False,post-evaluation hypothesis-generating; independent future validation required,disjoint,879,0,0
ridge_fixed,False,original_noK,ridge_fixed::D_B_C_A,D_B_C_A,7,0.7224587824459886,ridge_fixed::D_B_M_P_C_A,prevalence,-1.5904354177221397e-05,0.022234698107733188,0.03047366173740992,0.05272426419932033,127,False,False,False,post-evaluation hypothesis-generating; independent future validation required,disjoint,879,0,0
ridge_fixed,False,original_noK,ridge_fixed::D_M_C_A,D_M_C_A,7,0.7257904761223262,ridge_fixed::D_B_M_P_C_A,prevalence,0.0033157893221604138,0.025566391784070823,0.0338053554137476,0.05605595787565801,127,False,False,False,post-evaluation hypothesis-generating; independent future validation required,disjoint,879,0,0
ridge_fixed,False,original_noK,ridge_fixed::D_B_M_C_A,D_B_M_C_A,8,0.7200148934771019,ridge_fixed::D_B_M_P_C_A,prevalence,-0.002459793323063843,0.019790809138846566,0.028029772768523285,0.050280375230433695,127,False,False,False,post-evaluation hypothesis-generating; independent future validation required,disjoint,879,0,0
ridge_fixed,False,original_noK,ridge_fixed::P,P,11,0.6935926103454817,ridge_fixed::D_B_M_P_C_A,prevalence,-0.02888207645468398,-0.0066314739927735705,0.001607489636903162,0.023858092098813573,127,True,False,False,post-evaluation hypothesis-generating; independent future validation required,disjoint,879,0,0
ridge_fixed,False,original_noK,ridge_fixed::M_P,M_P,12,0.6862292544059745,ridge_fixed::D_B_M_P_C_A,prevalence,-0.03624543239419135,-0.013994829932280937,-0.00575586630260417,0.01649473615930624,127,True,False,False,post-evaluation hypothesis-generating; independent future validation required,disjoint,879,0,0
ridge_fixed,False,original_noK,ridge_fixed::B_P,B_P,12,0.6886121915910545,ridge_fixed::D_B_M_P_C_A,prevalence,-0.033862495209111415,-0.011611892747201005,-0.003372929117524299,0.01887767334438611,127,True,False,False,post-evaluation hypothesis-generating; independent future validation required,disjoint,879,0,0
ridge_fixed,False,original_noK,ridge_fixed::P_C,P_C,12,0.6920611663173336,ridge_fixed::D_B_M_P_C_A,prevalence,-0.03041352048283226,-0.00816291802092185,7.60456087548974e-05,0.022326648070665308,127,True,False,False,post-evaluation hypothesis-generating; independent future validation required,disjoint,879,0,0
ridge_fixed,False,original_noK,ridge_fixed::P_A,P_A,12,0.7099032209948125,ridge_fixed::D_B_M_P_C_A,prevalence,-0.012571465805353347,0.009679136656557064,0.017918100286233807,0.040168702748144214,127,True,False,False,post-evaluation hypothesis-generating; independent future validation required,disjoint,879,0,0
ridge_fixed,False,original_noK,ridge_fixed::B_M_P,B_M_P,13,0.6840027898623124,ridge_fixed::D_B_M_P_C_A,prevalence,-0.03847189693785338,-0.016221294475942966,-0.007982330846266183,0.014268271615644227,127,True,False,False,post-evaluation hypothesis-generating; independent future validation required,disjoint,879,0,0
ridge_fixed,False,original_noK,ridge_fixed::M_P_C,M_P_C,13,0.6848196371174683,ridge_fixed::D_B_M_P_C_A,prevalence,-0.03765504968269745,-0.01540444722078704,-0.007165483591110284,0.015085118870800126,127,True,False,False,post-evaluation hypothesis-generating; independent future validation required,disjoint,879,0,0
ridge_fixed,False,original_noK,ridge_fixed::B_P_C,B_P_C,13,0.6869381373775042,ridge_fixed::D_B_M_P_C_A,prevalence,-0.0355365494226616,-0.01328594696075119,-0.005046983331074471,0.01720361913083594,127,True,False,False,post-evaluation hypothesis-generating; independent future validation required,disjoint,879,0,0
ridge_fixed,False,original_noK,ridge_fixed::M_P_A,M_P_A,13,0.7022815285303663,ridge_fixed::D_B_M_P_C_A,prevalence,-0.020193158269799578,0.0020574441921108327,0.010296407821787618,0.032547010283698025,127,True,False,False,post-evaluation hypothesis-generating; independent future validation required,disjoint,879,0,0
ridge_fixed,False,original_noK,ridge_fixed::B_P_A,B_P_A,13,0.7044632492908885,ridge_fixed::D_B_M_P_C_A,prevalence,-0.018011437509277185,0.004239164952633226,0.012478128582309976,0.03472873104422039,127,True,False,False,post-evaluation hypothesis-generating; independent future validation required,disjoint,879,0,0
ridge_fixed,False,original_noK,ridge_fixed::P_C_A,P_C_A,13,0.7087617477032137,ridge_fixed::D_B_M_P_C_A,prevalence,-0.01371293909695215,0.00853766336495826,0.016776626994634967,0.03902722945654538,127,True,False,False,post-evaluation hypothesis-generating; independent future validation required,disjoint,879,0,0
ridge_fixed,False,original_noK,ridge_fixed::B_M_P_C,B_M_P_C,14,0.6824917183823107,ridge_fixed::D_B_M_P_C_A,prevalence,-0.0399829684178553,-0.01773236595594489,-0.009493402326268155,0.012757200135642256,127,True,False,False,post-evaluation hypothesis-generating; independent future validation required,disjoint,879,0,0
ridge_fixed,False,original_noK,ridge_fixed::B_M_P_A,B_M_P_A,14,0.6994989700913523,ridge_fixed::D_B_M_P_C_A,prevalence,-0.02297571670881342,-0.0007251142469030109,0.007513849382773753,0.029764451844684164,127,True,False,False,post-evaluation hypothesis-generating; independent future validation required,disjoint,879,0,0
ridge_fixed,False,original_noK,ridge_fixed::M_P_C_A,M_P_C_A,14,0.7012433666725506,ridge_fixed::D_B_M_P_C_A,prevalence,-0.021231320127615225,0.0010192823342951851,0.00925824596397192,0.03150884842588233,127,True,False,False,post-evaluation hypothesis-generating; independent future validation required,disjoint,879,0,0
ridge_fixed,False,original_noK,ridge_fixed::B_P_C_A,B_P_C_A,14,0.7031102250669433,ridge_fixed::D_B_M_P_C_A,prevalence,-0.01936446173322245,0.0028861407286879595,0.011125104358364708,0.03337570682027512,127,True,False,False,post-evaluation hypothesis-generating; independent future validation required,disjoint,879,0,0
ridge_fixed,False,original_noK,ridge_fixed::B_M_P_C_A,B_M_P_C_A,15,0.6983791473495269,ridge_fixed::D_B_M_P_C_A,prevalence,-0.024095539450638977,-0.0018449369887285662,0.006394026640948201,0.028644629102858612,127,True,False,False,post-evaluation hypothesis-generating; independent future validation required,disjoint,879,0,0
ridge_fixed,False,original_noK,ridge_fixed::D_P,D_P,15,0.7159178175597093,ridge_fixed::D_B_M_P_C_A,prevalence,-0.00655686924045648,0.01569373322145393,0.02393269685113069,0.046183299313041104,127,False,False,False,post-evaluation hypothesis-generating; independent future validation required,disjoint,879,0,0
ridge_fixed,False,original_noK,ridge_fixed::D_B_P,D_B_P,16,0.7088620566015525,ridge_fixed::D_B_M_P_C_A,prevalence,-0.013612630198613456,0.008637972263296954,0.01687693589297372,0.039127538354884125,127,True,False,False,post-evaluation hypothesis-generating; independent future validation required,disjoint,879,0,0
ridge_fixed,False,original_noK,ridge_fixed::D_M_P,D_M_P,16,0.7092881842263968,ridge_fixed::D_B_M_P_C_A,prevalence,-0.013186502573769,0.00906409988814141,0.017303063517818164,0.03955366597972858,127,True,False,False,post-evaluation hypothesis-generating; independent future validation required,disjoint,879,0,0
ridge_fixed,False,original_noK,ridge_fixed::D_P_C,D_P_C,16,0.7148030468612524,ridge_fixed::D_B_M_P_C_A,prevalence,-0.007671639938913463,0.014578962522996949,0.022817926152673702,0.045068528614584116,127,False,False,False,post-evaluation hypothesis-generating; independent future validation required,disjoint,879,0,0
ridge_fixed,False,original_noK,ridge_fixed::D_P_A,D_P_A,16,0.735454362262762,ridge_fixed::D_B_M_P_C_A,prevalence,0.012979675462596166,0.03523027792450657,0.04346924155418332,0.06571984401609374,127,False,False,False,post-evaluation hypothesis-generating; independent future validation required,disjoint,879,0,0
ridge_fixed,False,original_noK,ridge_fixed::D_B_M_P,D_B_M_P,17,0.7052111230843516,ridge_fixed::D_B_M_P_C_A,prevalence,-0.01726356371581412,0.004987038746096292,0.013226002375773054,0.035476604837683466,127,True,False,False,post-evaluation hypothesis-generating; independent future validation required,disjoint,879,0,0
ridge_fixed,False,original_noK,ridge_fixed::D_B_P_C,D_B_P_C,17,0.7079379742795354,ridge_fixed::D_B_M_P_C_A,prevalence,-0.014536712520630404,0.007713889941280007,0.01595285357095676,0.03820345603286717,127,True,False,False,post-evaluation hypothesis-generating; independent future validation required,disjoint,879,0,0
ridge_fixed,False,original_noK,ridge_fixed::D_M_P_C,D_M_P_C,17,0.7085617567987605,ridge_fixed::D_B_M_P_C_A,prevalence,-0.013912930001405316,0.008337672460505095,0.01657663609018184,0.03882723855209225,127,True,False,False,post-evaluation hypothesis-generating; independent future validation required,disjoint,879,0,0
ridge_fixed,False,original_noK,ridge_fixed::D_B_P_A,D_B_P_A,17,0.7271531764457089,ridge_fixed::D_B_M_P_C_A,prevalence,0.004678489645543007,0.026929092107453416,0.03516805573713017,0.05741865819904059,127,False,False,False,post-evaluation hypothesis-generating; independent future validation required,disjoint,879,0,0
ridge_fixed,False,original_noK,ridge_fixed::D_M_P_A,D_M_P_A,17,0.728387363323264,ridge_fixed::D_B_M_P_C_A,prevalence,0.005912676523098276,0.028163278985008686,0.03640224261468546,0.058652845076595864,127,False,False,False,post-evaluation hypothesis-generating; independent future validation required,disjoint,879,0,0
ridge_fixed,False,original_noK,ridge_fixed::D_P_C_A,D_P_C_A,17,0.7344555655290921,ridge_fixed::D_B_M_P_C_A,prevalence,0.01198087872892627,0.03423148119083668,0.04247044482051342,0.06472104728242382,127,False,False,False,post-evaluation hypothesis-generating; independent future validation required,disjoint,879,0,0
ridge_fixed,False,original_noK,ridge_fixed::D_B_M_P_C,D_B_M_P_C,18,0.7042988343197993,ridge_fixed::D_B_M_P_C_A,prevalence,-0.01817585248036649,0.004074749981543922,0.012313713611220677,0.03456431607313109,127,True,False,False,post-evaluation hypothesis-generating; independent future validation required,disjoint,879,0,0
ridge_fixed,False,original_noK,ridge_fixed::D_B_M_P_A,D_B_M_P_A,18,0.723087413106514,ridge_fixed::D_B_M_P_C_A,prevalence,0.0006127263063481831,0.022863328768258594,0.03110229239793532,0.053352894859845734,127,False,False,False,post-evaluation hypothesis-generating; independent future validation required,disjoint,879,0,0
ridge_fixed,False,original_noK,ridge_fixed::D_B_P_C_A,D_B_P_C_A,18,0.7261555107362433,ridge_fixed::D_B_M_P_C_A,prevalence,0.0036808239360774527,0.025931426397987862,0.03417039002766461,0.05642099248957502,127,False,False,False,post-evaluation hypothesis-generating; independent future validation required,disjoint,879,0,0
ridge_fixed,False,original_noK,ridge_fixed::D_M_P_C_A,D_M_P_C_A,18,0.7278092013303412,ridge_fixed::D_B_M_P_C_A,prevalence,0.005334514530175413,0.027585116992085823,0.035824080621762566,0.05807468308367297,127,False,False,False,post-evaluation hypothesis-generating; independent future validation required,disjoint,879,0,0
ridge_fixed,False,original_noK,ridge_fixed::D_B_M_P_C_A,D_B_M_P_C_A,19,0.7224746868001658,ridge_fixed::D_B_M_P_C_A,prevalence,0.0,0.0,0.03048956609158716,0.05274016855349757,127,True,False,False,post-evaluation hypothesis-generating; independent future validation required,disjoint,879,0,0
hgb,True,original_noK,hgb::H,H,0,0.6792772451151128,hgb::H_D_B_M_P_C_A,P0,-0.04595760101880365,-0.015695089934072384,-1.9210920135864235e-05,0.030243300164595397,127,True,False,False,post-evaluation hypothesis-generating; independent future validation required,disjoint,879,0,0
hgb,True,original_noK,hgb::H_B,H_B,1,0.6731212166859277,hgb::H_D_B_M_P_C_A,P0,-0.052113629447988634,-0.02185111836325737,-0.006175239349320847,0.024087271735410413,127,True,False,False,post-evaluation hypothesis-generating; independent future validation required,disjoint,879,0,0
hgb,True,original_noK,hgb::H_C,H_C,1,0.6790488777723386,hgb::H_D_B_M_P_C_A,P0,-0.04618596836157784,-0.015923457276846575,-0.0002475782629100876,0.030014932821821175,127,True,False,False,post-evaluation hypothesis-generating; independent future validation required,disjoint,879,0,0
hgb,True,original_noK,hgb::H_M,H_M,1,0.6883656630576024,hgb::H_D_B_M_P_C_A,P0,-0.03686918307631388,-0.006606671991582616,0.009069207022353832,0.03933171810708509,127,True,False,False,post-evaluation hypothesis-generating; independent future validation required,disjoint,879,0,0
hgb,True,original_noK,hgb::H_A,H_A,1,0.6990533322342392,hgb::H_D_B_M_P_C_A,P0,-0.026181513899677166,0.0040809971850540964,0.01975687619899069,0.050019387283721954,127,True,False,False,post-evaluation hypothesis-generating; independent future validation required,disjoint,879,0,0
hgb,True,original_noK,hgb::H_B_C,H_B_C,2,0.6725986635786608,hgb::H_D_B_M_P_C_A,P0,-0.05263618255525553,-0.02237367147052427,-0.006697792456587756,0.023564718628143508,127,True,False,False,post-evaluation hypothesis-generating; independent future validation required,disjoint,879,0,0
hgb,True,original_noK,hgb::H_M_C,H_M_C,2,0.6798092328254411,hgb::H_D_B_M_P_C_A,P0,-0.04542561330847527,-0.015163102223744007,0.000512776790192548,0.03077528787492381,127,True,False,False,post-evaluation hypothesis-generating; independent future validation required,disjoint,879,0,0
hgb,True,original_noK,hgb::H_B_M,H_B_M,2,0.6798419464894816,hgb::H_D_B_M_P_C_A,P0,-0.0453928996444348,-0.015130388559703535,0.0005454904542329923,0.030808001538964253,127,True,False,False,post-evaluation hypothesis-generating; independent future validation required,disjoint,879,0,0
hgb,True,original_noK,hgb::H_B_A,H_B_A,2,0.6877188581479327,hgb::H_D_B_M_P_C_A,P0,-0.03751598798598381,-0.007253476901252547,0.008422402112683953,0.03868491319741522,127,True,False,False,post-evaluation hypothesis-generating; independent future validation required,disjoint,879,0,0
hgb,True,original_noK,hgb::H_C_A,H_C_A,2,0.6959233073668868,hgb::H_D_B_M_P_C_A,P0,-0.029311538767029487,0.0009509723177017759,0.016626851331638333,0.046889362416369595,127,True,False,False,post-evaluation hypothesis-generating; independent future validation required,disjoint,879,0,0
hgb,True,original_noK,hgb::H_M_A,H_M_A,2,0.7693039873330003,hgb::H_D_B_M_P_C_A,P0,0.044069141199083964,0.07433165228381522,0.0900075312977519,0.12027004238248315,127,False,False,False,post-evaluation hypothesis-generating; independent future validation required,disjoint,879,0,0
hgb,True,original_noK,hgb::H_B_M_C,H_B_M_C,3,0.6755788150497329,hgb::H_D_B_M_P_C_A,P0,-0.04965603108418345,-0.019393519999452186,-0.0037176409855156816,0.026544870099215582,127,True,False,False,post-evaluation hypothesis-generating; independent future validation required,disjoint,879,0,0
hgb,True,original_noK,hgb::H_B_C_A,H_B_C_A,3,0.6840794187494443,hgb::H_D_B_M_P_C_A,P0,-0.041155427384472074,-0.010892916299740811,0.004782962714195714,0.035045473798926974,127,True,False,False,post-evaluation hypothesis-generating; independent future validation required,disjoint,879,0,0
hgb,True,original_noK,hgb::H_B_M_A,H_B_M_A,3,0.7580059926808222,hgb::H_D_B_M_P_C_A,P0,0.03277114654690597,0.06303365763163724,0.07870953664557372,0.10897204773030497,127,False,False,False,post-evaluation hypothesis-generating; independent future validation required,disjoint,879,0,0
hgb,True,original_noK,hgb::H_M_C_A,H_M_C_A,3,0.7622316131359796,hgb::H_D_B_M_P_C_A,P0,0.03699676700206328,0.06725927808679455,0.08293515710073102,0.11319766818546229,127,False,False,False,post-evaluation hypothesis-generating; independent future validation required,disjoint,879,0,0
hgb,True,original_noK,hgb::H_B_M_C_A,H_B_M_C_A,4,0.6983650894523538,hgb::H_D_B_M_P_C_A,P0,-0.026869756681562697,0.003392754403168566,0.01906863341710501,0.049331144501836274,127,True,False,False,post-evaluation hypothesis-generating; independent future validation required,disjoint,879,0,0
hgb,True,original_noK,hgb::H_D,H_D,4,0.7088619972558207,hgb::H_D_B_M_P_C_A,P0,-0.016372848878095664,0.013889662206635598,0.029565541220572072,0.05982805230530333,127,False,False,False,post-evaluation hypothesis-generating; independent future validation required,disjoint,879,0,0
hgb,True,original_noK,hgb::H_D_M,H_D_M,5,0.703073984481481,hgb::H_D_B_M_P_C_A,P0,-0.022160861652435398,0.008101649432295865,0.023777528446232335,0.0540400395309636,127,True,False,False,post-evaluation hypothesis-generating; independent future validation required,disjoint,879,0,0
hgb,True,original_noK,hgb::H_D_B,H_D_B,5,0.7037424680338646,hgb::H_D_B_M_P_C_A,P0,-0.021492378100051595,0.008770132984679668,0.024446011998616138,0.0547085230833474,127,True,False,False,post-evaluation hypothesis-generating; independent future validation required,disjoint,879,0,0
hgb,True,original_noK,hgb::H_D_C,H_D_C,5,0.7044493357211397,hgb::H_D_B_M_P_C_A,P0,-0.020785510412776823,0.00947700067195444,0.025152879685890955,0.055415390770622214,127,True,False,False,post-evaluation hypothesis-generating; independent future validation required,disjoint,879,0,0
hgb,True,original_noK,hgb::H_D_A,H_D_A,5,0.7365088032709228,hgb::H_D_B_M_P_C_A,P0,0.011273957137006435,0.0415364682217377,0.057212347235674116,0.08747485832040539,127,False,False,False,post-evaluation hypothesis-generating; independent future validation required,disjoint,879,0,0
hgb,True,original_noK,hgb::H_D_M_C,H_D_M_C,6,0.6969145043031298,hgb::H_D_B_M_P_C_A,P0,-0.02832034183078656,0.0019421692539447026,0.017618048267881166,0.04788055935261243,127,True,False,False,post-evaluation hypothesis-generating; independent future validation required,disjoint,879,0,0
hgb,True,original_noK,hgb::H_D_B_M,H_D_B_M,6,0.7010954064027559,hgb::H_D_B_M_P_C_A,P0,-0.02413943973116056,0.006123071353570701,0.021798950367507168,0.05206146145223843,127,True,False,False,post-evaluation hypothesis-generating; independent future validation required,disjoint,879,0,0
hgb,True,original_noK,hgb::H_D_B_C,H_D_B_C,6,0.7012741701067305,hgb::H_D_B_M_P_C_A,P0,-0.02396067602718589,0.006301835057545373,0.021977714071481885,0.05224022515621315,127,True,False,False,post-evaluation hypothesis-generating; independent future validation required,disjoint,879,0,0
hgb,True,original_noK,hgb::H_D_B_A,H_D_B_A,6,0.7204291999713093,hgb::H_D_B_M_P_C_A,P0,-0.004805646162606992,0.02545686492212427,0.041132743936060735,0.071395255020792,127,False,False,False,post-evaluation hypothesis-generating; independent future validation required,disjoint,879,0,0
hgb,True,original_noK,hgb::H_D_C_A,H_D_C_A,6,0.7281210597017307,hgb::H_D_B_M_P_C_A,P0,0.002886213567814206,0.033148724652545467,0.04882460366648196,0.07908711475121322,127,False,False,False,post-evaluation hypothesis-generating; independent future validation required,disjoint,879,0,0
hgb,True,original_noK,hgb::H_D_M_A,H_D_M_A,6,0.7544394738286085,hgb::H_D_B_M_P_C_A,P0,0.029204627694692266,0.05946713877942353,0.07514301779336005,0.10540552887809132,127,False,False,False,post-evaluation hypothesis-generating; independent future validation required,disjoint,879,0,0
hgb,True,original_noK,hgb::H_D_B_M_C,H_D_B_M_C,7,0.6947482882943488,hgb::H_D_B_M_P_C_A,P0,-0.030486557839567663,-0.0002240467548364003,0.015451832259100153,0.04571434334383141,127,True,False,False,post-evaluation hypothesis-generating; independent future validation required,disjoint,879,0,0
hgb,True,original_noK,hgb::H_D_B_C_A,H_D_B_C_A,7,0.7206907570324165,hgb::H_D_B_M_P_C_A,P0,-0.004544089101499907,0.025718421983231356,0.04139430099716779,0.07165681208189906,127,False,False,False,post-evaluation hypothesis-generating; independent future validation required,disjoint,879,0,0
hgb,True,original_noK,hgb::H_D_B_M_A,H_D_B_M_A,7,0.7432356689781028,hgb::H_D_B_M_P_C_A,P0,0.01800082284418651,0.04826333392891777,0.06393921294285419,0.09420172402758545,127,False,False,False,post-evaluation hypothesis-generating; independent future validation required,disjoint,879,0,0
hgb,True,original_noK,hgb::H_D_M_C_A,H_D_M_C_A,7,0.7499065751823221,hgb::H_D_B_M_P_C_A,P0,0.024671729048405717,0.05493424013313698,0.07061011914707344,0.1008726302318047,127,False,False,False,post-evaluation hypothesis-generating; independent future validation required,disjoint,879,0,0
hgb,True,original_noK,hgb::H_D_B_M_C_A,H_D_B_M_C_A,8,0.737820619516944,hgb::H_D_B_M_P_C_A,P0,0.01258577338302762,0.04284828446775888,0.05852416348169535,0.08878667456642661,127,False,False,False,post-evaluation hypothesis-generating; independent future validation required,disjoint,879,0,0
hgb,True,original_noK,hgb::H_P,H_P,11,0.6934843928640025,hgb::H_D_B_M_P_C_A,P0,-0.031750453269913985,-0.0014879421851827224,0.014187936828753748,0.044450447913485014,127,True,False,False,post-evaluation hypothesis-generating; independent future validation required,disjoint,879,0,0
hgb,True,original_noK,hgb::H_B_P,H_B_P,12,0.6892481883560552,hgb::H_D_B_M_P_C_A,P0,-0.03598665777786112,-0.0057241466931298585,0.00995173232080666,0.04021424340553792,127,True,False,False,post-evaluation hypothesis-generating; independent future validation required,disjoint,879,0,0
hgb,True,original_noK,hgb::H_P_C,H_P_C,12,0.6928651447083951,hgb::H_D_B_M_P_C_A,P0,-0.03236970142552117,-0.002107190340789905,0.013568688673146583,0.043831199757877845,127,True,False,False,post-evaluation hypothesis-generating; independent future validation required,disjoint,879,0,0
hgb,True,original_noK,hgb::H_M_P,H_M_P,12,0.7005873391503608,hgb::H_D_B_M_P_C_A,P0,-0.024647506983555577,0.005615004101175686,0.021290883115112187,0.05155339419984345,127,True,False,False,post-evaluation hypothesis-generating; independent future validation required,disjoint,879,0,0
hgb,True,original_noK,hgb::H_P_A,H_P_A,12,0.7021020527632982,hgb::H_D_B_M_P_C_A,P0,-0.02313279337061817,0.007129717714113092,0.022805596728049517,0.053068107812780776,127,True,False,False,post-evaluation hypothesis-generating; independent future validation required,disjoint,879,0,0
hgb,True,original_noK,hgb::H_B_P_C,H_B_P_C,13,0.6889881532416415,hgb::H_D_B_M_P_C_A,P0,-0.03624669289227474,-0.005984181807543475,0.009691697206392954,0.03995420829112421,127,True,False,False,post-evaluation hypothesis-generating; independent future validation required,disjoint,879,0,0
hgb,True,original_noK,hgb::H_B_M_P,H_B_M_P,13,0.6929843002370992,hgb::H_D_B_M_P_C_A,P0,-0.03225054589681712,-0.0019880348120858565,0.013687844201850591,0.04395035528658185,127,True,False,False,post-evaluation hypothesis-generating; independent future validation required,disjoint,879,0,0
hgb,True,original_noK,hgb::H_B_P_A,H_B_P_A,13,0.6939237451449164,hgb::H_D_B_M_P_C_A,P0,-0.031311100989,-0.0010485899042687388,0.014627289109667796,0.04488980019439906,127,True,False,False,post-evaluation hypothesis-generating; independent future validation required,disjoint,879,0,0
hgb,True,original_noK,hgb::H_M_P_C,H_M_P_C,13,0.6940468856936705,hgb::H_D_B_M_P_C_A,P0,-0.031187960440245983,-0.0009254493555147202,0.014750429658421847,0.04501294074315311,127,True,False,False,post-evaluation hypothesis-generating; independent future validation required,disjoint,879,0,0
hgb,True,original_noK,hgb::H_P_C_A,H_P_C_A,13,0.7010962085874679,hgb::H_D_B_M_P_C_A,P0,-0.024138637546448433,0.00612387353828283,0.021799752552219408,0.05206226363695067,127,True,False,False,post-evaluation hypothesis-generating; independent future validation required,disjoint,879,0,0
hgb,True,original_noK,hgb::H_M_P_A,H_M_P_A,13,0.7428650070132045,hgb::H_D_B_M_P_C_A,P0,0.017630160879288117,0.047892671964019376,0.06356855097795583,0.0938310620626871,127,False,False,False,post-evaluation hypothesis-generating; independent future validation required,disjoint,879,0,0
hgb,True,original_noK,hgb::H_B_M_P_C,H_B_M_P_C,14,0.6864677355098429,hgb::H_D_B_M_P_C_A,P0,-0.03876711062407343,-0.00850459953934217,0.007171279474594342,0.03743379055932561,127,True,False,False,post-evaluation hypothesis-generating; independent future validation required,disjoint,879,0,0
hgb,True,original_noK,hgb::H_B_P_C_A,H_B_P_C_A,14,0.6937801640960332,hgb::H_D_B_M_P_C_A,P0,-0.03145468203788323,-0.0011921709531519664,0.014483708060784417,0.04474621914551568,127,True,False,False,post-evaluation hypothesis-generating; independent future validation required,disjoint,879,0,0
hgb,True,original_noK,hgb::H_B_M_P_A,H_B_M_P_A,14,0.7276396226207799,hgb::H_D_B_M_P_C_A,P0,0.002404776486863458,0.03266728757159472,0.04834316658553116,0.07860567767026241,127,False,False,False,post-evaluation hypothesis-generating; independent future validation required,disjoint,879,0,0
hgb,True,original_noK,hgb::H_M_P_C_A,H_M_P_C_A,14,0.7360603200352237,hgb::H_D_B_M_P_C_A,P0,0.010825473901307432,0.041087984986038696,0.056763863999975246,0.08702637508470651,127,False,False,False,post-evaluation hypothesis-generating; independent future validation required,disjoint,879,0,0
hgb,True,original_noK,hgb::H_D_P,H_D_P,15,0.7145263522768887,hgb::H_D_B_M_P_C_A,P0,-0.010708493857027702,0.01955401722770356,0.03522989624164002,0.06549240732637128,127,False,False,False,post-evaluation hypothesis-generating; independent future validation required,disjoint,879,0,0
hgb,True,original_noK,hgb::H_B_M_P_C_A,H_B_M_P_C_A,15,0.7245575711243091,hgb::H_D_B_M_P_C_A,P0,-0.000677275009607246,0.029585236075124016,0.045261115089060465,0.07552362617379173,127,False,False,False,post-evaluation hypothesis-generating; independent future validation required,disjoint,879,0,0
hgb,True,original_noK,hgb::H_D_M_P,H_D_M_P,16,0.7063344100304773,hgb::H_D_B_M_P_C_A,P0,-0.01890043610343907,0.011362074981292193,0.027037953995228643,0.05730046507995991,127,False,False,False,post-evaluation hypothesis-generating; independent future validation required,disjoint,879,0,0
hgb,True,original_noK,hgb::H_D_P_C,H_D_P_C,16,0.7111867535294911,hgb::H_D_B_M_P_C_A,P0,-0.01404809260442519,0.016214418480306074,0.031890297494242596,0.06215280857897386,127,False,False,False,post-evaluation hypothesis-generating; independent future validation required,disjoint,879,0,0
hgb,True,original_noK,hgb::H_D_B_P,H_D_B_P,16,0.7121516875326105,hgb::H_D_B_M_P_C_A,P0,-0.013083158601305909,0.017179352483425354,0.03285523149736179,0.06311774258209304,127,False,False,False,post-evaluation hypothesis-generating; independent future validation required,disjoint,879,0,0
hgb,True,original_noK,hgb::H_D_P_A,H_D_P_A,16,0.7338772371165972,hgb::H_D_B_M_P_C_A,P0,0.008642390982680893,0.03890490206741216,0.05458078108134866,0.08484329216607991,127,False,False,False,post-evaluation hypothesis-generating; independent future validation required,disjoint,879,0,0
hgb,True,original_noK,hgb::H_D_B_M_P,H_D_B_M_P,17,0.7043690419960694,hgb::H_D_B_M_P_C_A,P0,-0.020865804137846805,0.009396706946884457,0.02507258596082096,0.05533509704555222,127,True,False,False,post-evaluation hypothesis-generating; independent future validation required,disjoint,879,0,0
hgb,True,original_noK,hgb::H_D_M_P_C,H_D_M_P_C,17,0.7067225560612629,hgb::H_D_B_M_P_C_A,P0,-0.018512290072653488,0.011750221012077774,0.027426100026014248,0.05768861111074551,127,False,False,False,post-evaluation hypothesis-generating; independent future validation required,disjoint,879,0,0
hgb,True,original_noK,hgb::H_D_B_P_C,H_D_B_P_C,17,0.7075283811396775,hgb::H_D_B_M_P_C_A,P0,-0.01770646499423876,0.012556046090492504,0.028231925104428977,0.05849443618916024,127,False,False,False,post-evaluation hypothesis-generating; independent future validation required,disjoint,879,0,0
hgb,True,original_noK,hgb::H_D_B_P_A,H_D_B_P_A,17,0.7183153787386686,hgb::H_D_B_M_P_C_A,P0,-0.00691946739524764,0.023343043689483624,0.03901892270342008,0.06928143378815134,127,False,False,False,post-evaluation hypothesis-generating; independent future validation required,disjoint,879,0,0
hgb,True,original_noK,hgb::H_D_P_C_A,H_D_P_C_A,17,0.7312588721566529,hgb::H_D_B_M_P_C_A,P0,0.006024026022736469,0.03628653710746773,0.05196241612140418,0.08222492720613545,127,False,False,False,post-evaluation hypothesis-generating; independent future validation required,disjoint,879,0,0
hgb,True,original_noK,hgb::H_D_M_P_A,H_D_M_P_A,17,0.7431916364842923,hgb::H_D_B_M_P_C_A,P0,0.01795679035037607,0.04821930143510733,0.0638951804490438,0.09415769153377507,127,False,False,False,post-evaluation hypothesis-generating; independent future validation required,disjoint,879,0,0
hgb,True,original_noK,hgb::H_D_B_M_P_C,H_D_B_M_P_C,18,0.7019897340258646,hgb::H_D_B_M_P_C_A,P0,-0.023245112108051733,0.00701739897667953,0.022693277990615997,0.05295578907534726,127,True,False,False,post-evaluation hypothesis-generating; independent future validation required,disjoint,879,0,0
hgb,True,original_noK,hgb::H_D_B_P_C_A,H_D_B_P_C_A,18,0.7143492058304313,hgb::H_D_B_M_P_C_A,P0,-0.010885640303485135,0.019376870781246128,0.03505274979518264,0.0653152608799139,127,False,False,False,post-evaluation hypothesis-generating; independent future validation required,disjoint,879,0,0
hgb,True,original_noK,hgb::H_D_B_M_P_A,H_D_B_M_P_A,18,0.7247962496659895,hgb::H_D_B_M_P_C_A,P0,-0.0004385964679267651,0.029823914616804496,0.04549979363074092,0.07576230471547218,127,False,False,False,post-evaluation hypothesis-generating; independent future validation required,disjoint,879,0,0
hgb,True,original_noK,hgb::H_D_M_P_C_A,H_D_M_P_C_A,18,0.7407944188908344,hgb::H_D_B_M_P_C_A,P0,0.015559572756918027,0.04582208384164929,0.06149796285558571,0.09176047394031697,127,False,False,False,post-evaluation hypothesis-generating; independent future validation required,disjoint,879,0,0
hgb,True,original_noK,hgb::H_D_B_M_P_C_A,H_D_B_M_P_C_A,19,0.7252348461339164,hgb::H_D_B_M_P_C_A,P0,0.0,0.0,0.0459383900986677,0.07620090118339896,127,True,False,False,post-evaluation hypothesis-generating; independent future validation required,disjoint,879,0,0
ridge,True,original_noK,ridge::H,H,0,0.6793135238751269,ridge::H_D_B_M_P_C_A,P0,-0.07278839365262776,-0.04458107230908455,1.7067839878302022e-05,0.02822438918342152,127,True,False,False,post-evaluation hypothesis-generating; independent future validation required,disjoint,879,0,0
ridge,True,original_noK,ridge::H_B,H_B,1,0.6754812548589502,ridge::H_D_B_M_P_C_A,P0,-0.07662066266880437,-0.04841334132526115,-0.0038152011762983057,0.024392120167244912,127,True,False,False,post-evaluation hypothesis-generating; independent future validation required,disjoint,879,0,0
ridge,True,original_noK,ridge::H_M,H_M,1,0.6764835079335659,ridge::H_D_B_M_P_C_A,P0,-0.07561840959418871,-0.047411088250645494,-0.0028129481016826306,0.02539437324186059,127,True,False,False,post-evaluation hypothesis-generating; independent future validation required,disjoint,879,0,0
ridge,True,original_noK,ridge::H_C,H_C,1,0.6783103991720737,ridge::H_D_B_M_P_C_A,P0,-0.07379151835568094,-0.04558419701213773,-0.000986056863174865,0.027221264480368355,127,True,False,False,post-evaluation hypothesis-generating; independent future validation required,disjoint,879,0,0
ridge,True,original_noK,ridge::H_A,H_A,1,0.6968743907996156,ridge::H_D_B_M_P_C_A,P0,-0.0552275267281392,-0.027020205384595982,0.017577934764367,0.04578525610791022,127,True,False,False,post-evaluation hypothesis-generating; independent future validation required,disjoint,879,0,0
ridge,True,original_noK,ridge::H_B_C,H_B_C,2,0.6743961215056873,ridge::H_D_B_M_P_C_A,P0,-0.07770579602206758,-0.04949847467852436,-0.0049003345295614755,0.023306986813981745,127,True,False,False,post-evaluation hypothesis-generating; independent future validation required,disjoint,879,0,0
ridge,True,original_noK,ridge::H_B_M,H_B_M,2,0.6749116084884701,ridge::H_D_B_M_P_C_A,P0,-0.07719030903928441,-0.04898298769574119,-0.004384847546778382,0.02382247379676484,127,True,False,False,post-evaluation hypothesis-generating; independent future validation required,disjoint,879,0,0
ridge,True,original_noK,ridge::H_M_C,H_M_C,2,0.6752660574327857,ridge::H_D_B_M_P_C_A,P0,-0.0768358600949689,-0.048628538751425684,-0.004030398602462846,0.024176922741080374,127,True,False,False,post-evaluation hypothesis-generating; independent future validation required,disjoint,879,0,0
ridge,True,original_noK,ridge::H_B_A,H_B_A,2,0.6924867325232882,ridge::H_D_B_M_P_C_A,P0,-0.059615185004466456,-0.03140786366092324,0.013190276488039665,0.04139759783158288,127,True,False,False,post-evaluation hypothesis-generating; independent future validation required,disjoint,879,0,0
ridge,True,original_noK,ridge::H_M_A,H_M_A,2,0.6935346681970105,ridge::H_D_B_M_P_C_A,P0,-0.058567249330744225,-0.030359927987201007,0.014238212161761844,0.04244553350530506,127,True,False,False,post-evaluation hypothesis-generating; independent future validation required,disjoint,879,0,0
ridge,True,original_noK,ridge::H_C_A,H_C_A,2,0.6958388959630647,ridge::H_D_B_M_P_C_A,P0,-0.05626302156469,-0.02805570022114678,0.016542439927816014,0.04474976127135923,127,True,False,False,post-evaluation hypothesis-generating; independent future validation required,disjoint,879,0,0
ridge,True,original_noK,ridge::H_B_M_C,H_B_M_C,3,0.6735989203466741,ridge::H_D_B_M_P_C_A,P0,-0.07850299718108047,-0.05029567583753726,-0.00569753568857435,0.022509785654968868,127,True,False,False,post-evaluation hypothesis-generating; independent future validation required,disjoint,879,0,0
ridge,True,original_noK,ridge::H_B_M_A,H_B_M_A,3,0.6913890344762514,ridge::H_D_B_M_P_C_A,P0,-0.06071288305150324,-0.032505561707960026,0.0120925784410029,0.04029989978454612,127,True,False,False,post-evaluation hypothesis-generating; independent future validation required,disjoint,879,0,0
ridge,True,original_noK,ridge::H_B_C_A,H_B_C_A,3,0.6914998737473178,ridge::H_D_B_M_P_C_A,P0,-0.06060204378043694,-0.032394722436893716,0.012203417712069146,0.04041073905561236,127,True,False,False,post-evaluation hypothesis-generating; independent future validation required,disjoint,879,0,0
ridge,True,original_noK,ridge::H_M_C_A,H_M_C_A,3,0.6924204558031238,ridge::H_D_B_M_P_C_A,P0,-0.05968146172463088,-0.03147414038108766,0.01312399976787527,0.04133132111141849,127,True,False,False,post-evaluation hypothesis-generating; independent future validation required,disjoint,879,0,0
ridge,True,original_noK,ridge::H_B_M_C_A,H_B_M_C_A,4,0.6903287822742069,ridge::H_D_B_M_P_C_A,P0,-0.06177313525354786,-0.03356581391000464,0.011032326238958196,0.03923964758250141,127,True,False,False,post-evaluation hypothesis-generating; independent future validation required,disjoint,879,0,0
ridge,True,original_noK,ridge::H_D,H_D,4,0.7291761239224367,ridge::H_D_B_M_P_C_A,P0,-0.02292579360531792,0.005281527738225298,0.049879667887188166,0.07808698923073139,127,True,False,False,post-evaluation hypothesis-generating; independent future validation required,disjoint,879,0,0
ridge,True,original_noK,ridge::H_D_B,H_D_B,5,0.7226237294922304,ridge::H_D_B_M_P_C_A,P0,-0.029478188035524353,-0.0012708666919811346,0.0433272734569817,0.07153459480052492,127,True,False,False,post-evaluation hypothesis-generating; independent future validation required,disjoint,879,0,0
ridge,True,original_noK,ridge::H_D_C,H_D_C,5,0.7283010484204694,ridge::H_D_B_M_P_C_A,P0,-0.02380086910728519,0.004406452236258029,0.04900459238522086,0.07721191372876408,127,True,False,False,post-evaluation hypothesis-generating; independent future validation required,disjoint,879,0,0
ridge,True,original_noK,ridge::H_D_M,H_D_M,5,0.7341765877977594,ridge::H_D_B_M_P_C_A,P0,-0.017925329729995367,0.010281991613547852,0.054880131762510685,0.08308745310605391,127,False,False,False,post-evaluation hypothesis-generating; independent future validation required,disjoint,879,0,0
ridge,True,original_noK,ridge::H_D_A,H_D_A,5,0.7520812846412158,ridge::H_D_B_M_P_C_A,P0,-2.0632886538885484e-05,0.02818668845700433,0.07278482860596723,0.10099214994951045,127,False,False,False,post-evaluation hypothesis-generating; independent future validation required,disjoint,879,0,0
ridge,True,original_noK,ridge::H_D_B_C,H_D_B_C,6,0.7223287777328733,ridge::H_D_B_M_P_C_A,P0,-0.029773139794881352,-0.0015658184513381336,0.0430323216976247,0.07123964304116792,127,True,False,False,post-evaluation hypothesis-generating; independent future validation required,disjoint,879,0,0
ridge,True,original_noK,ridge::H_D_B_M,H_D_B_M,6,0.7296416281992213,ridge::H_D_B_M_P_C_A,P0,-0.02246028932853329,0.00574703201500993,0.050345172163972836,0.07855249350751606,127,True,False,False,post-evaluation hypothesis-generating; independent future validation required,disjoint,879,0,0
ridge,True,original_noK,ridge::H_D_M_C,H_D_M_C,6,0.7333220336784927,ridge::H_D_B_M_P_C_A,P0,-0.0187798838492622,0.00942743749428102,0.05402557764324394,0.08223289898678716,127,True,False,False,post-evaluation hypothesis-generating; independent future validation required,disjoint,879,0,0
ridge,True,original_noK,ridge::H_D_B_A,H_D_B_A,6,0.7453577182068911,ridge::H_D_B_M_P_C_A,P0,-0.006744199320863428,0.02146312202267979,0.06606126217164264,0.09426858351518586,127,False,False,False,post-evaluation hypothesis-generating; independent future validation required,disjoint,879,0,0
ridge,True,original_noK,ridge::H_D_C_A,H_D_C_A,6,0.7512943006333562,ridge::H_D_B_M_P_C_A,P0,-0.0008076168943985945,0.027399704449144625,0.07199784459810743,0.10020516594165065,127,False,False,False,post-evaluation hypothesis-generating; independent future validation required,disjoint,879,0,0
ridge,True,original_noK,ridge::H_D_M_A,H_D_M_A,6,0.7564192128800772,ridge::H_D_B_M_P_C_A,P0,0.004317295352322302,0.032524616695865524,0.07712275684482846,0.10533007818837167,127,False,False,False,post-evaluation hypothesis-generating; independent future validation required,disjoint,879,0,0
ridge,True,original_noK,ridge::H_D_B_M_C,H_D_B_M_C,7,0.7288478333617856,ridge::H_D_B_M_P_C_A,P0,-0.02325408416596919,0.004953237177574028,0.04955137732653686,0.07775869867008008,127,True,False,False,post-evaluation hypothesis-generating; independent future validation required,disjoint,879,0,0
ridge,True,original_noK,ridge::H_D_B_C_A,H_D_B_C_A,7,0.7446048033718897,ridge::H_D_B_M_P_C_A,P0,-0.007497114155865004,0.020710207187678215,0.06530834733664102,0.09351566868018424,127,False,False,False,post-evaluation hypothesis-generating; independent future validation required,disjoint,879,0,0
ridge,True,original_noK,ridge::H_D_B_M_A,H_D_B_M_A,7,0.751337934008204,ridge::H_D_B_M_P_C_A,P0,-0.0007639835195506416,0.027443337823992577,0.07204147797295551,0.10024879931649873,127,False,False,False,post-evaluation hypothesis-generating; independent future validation required,disjoint,879,0,0
ridge,True,original_noK,ridge::H_D_M_C_A,H_D_M_C_A,7,0.7556818835969875,ridge::H_D_B_M_P_C_A,P0,0.003579966069232836,0.031787287412776054,0.07638542756173906,0.10459274890528228,127,False,False,False,post-evaluation hypothesis-generating; independent future validation required,disjoint,879,0,0
ridge,True,original_noK,ridge::H_D_B_M_C_A,H_D_B_M_C_A,8,0.750618208121312,ridge::H_D_B_M_P_C_A,P0,-0.001483709406442822,0.026723611937100395,0.07132175208606324,0.09952907342960646,127,False,False,False,post-evaluation hypothesis-generating; independent future validation required,disjoint,879,0,0
ridge,True,original_noK,ridge::H_P,H_P,11,0.6809848589965184,ridge::H_D_B_M_P_C_A,P0,-0.07111705853123625,-0.04290973718769303,0.0016884029612698158,0.029895724304813034,127,True,False,False,post-evaluation hypothesis-generating; independent future validation required,disjoint,879,0,0
ridge,True,original_noK,ridge::H_M_P,H_M_P,12,0.677603348396983,ridge::H_D_B_M_P_C_A,P0,-0.07449856913077156,-0.046291247787228346,-0.0016931076382654738,0.026514213705277744,127,True,False,False,post-evaluation hypothesis-generating; independent future validation required,disjoint,879,0,0
ridge,True,original_noK,ridge::H_B_P,H_B_P,12,0.6780815765078287,ridge::H_D_B_M_P_C_A,P0,-0.07402034101992587,-0.045813019676382655,-0.0012148795274198538,0.026992441816123366,127,True,False,False,post-evaluation hypothesis-generating; independent future validation required,disjoint,879,0,0
ridge,True,original_noK,ridge::H_P_C,H_P_C,12,0.6798709713667724,ridge::H_D_B_M_P_C_A,P0,-0.07223094616098226,-0.044023624817439044,0.000574515331523863,0.02878183667506708,127,True,False,False,post-evaluation hypothesis-generating; independent future validation required,disjoint,879,0,0
ridge,True,original_noK,ridge::H_P_A,H_P_A,12,0.6977800763686035,ridge::H_D_B_M_P_C_A,P0,-0.054321841159151174,-0.026114519815607955,0.018483620333354874,0.04669094167689809,127,True,False,False,post-evaluation hypothesis-generating; independent future validation required,disjoint,879,0,0
ridge,True,original_noK,ridge::H_M_P_C,H_M_P_C,13,0.6765740518762589,ridge::H_D_B_M_P_C_A,P0,-0.07552786565149584,-0.04732054430795263,-0.0027224041589897596,0.02548491718455346,127,True,False,False,post-evaluation hypothesis-generating; independent future validation required,disjoint,879,0,0
ridge,True,original_noK,ridge::H_B_M_P,H_B_M_P,13,0.6768636976334249,ridge::H_D_B_M_P_C_A,P0,-0.07523821989432979,-0.04703089855078657,-0.0024327584018236617,0.025774562941719557,127,True,False,False,post-evaluation hypothesis-generating; independent future validation required,disjoint,879,0,0
ridge,True,original_noK,ridge::H_B_P_C,H_B_P_C,13,0.6771569074950814,ridge::H_D_B_M_P_C_A,P0,-0.0749450100326732,-0.04673768868912999,-0.0021395485401671395,0.02606777280337608,127,True,False,False,post-evaluation hypothesis-generating; independent future validation required,disjoint,879,0,0
ridge,True,original_noK,ridge::H_B_P_A,H_B_P_A,13,0.6942841233986218,ridge::H_D_B_M_P_C_A,P0,-0.05781779412913293,-0.029610472785589714,0.014987667363373166,0.04319498870691638,127,True,False,False,post-evaluation hypothesis-generating; independent future validation required,disjoint,879,0,0
ridge,True,original_noK,ridge::H_M_P_A,H_M_P_A,13,0.6943087297995848,ridge::H_D_B_M_P_C_A,P0,-0.05779318772816984,-0.02958586638462662,0.015012273764336278,0.0432195951078795,127,True,False,False,post-evaluation hypothesis-generating; independent future validation required,disjoint,879,0,0
ridge,True,original_noK,ridge::H_P_C_A,H_P_C_A,13,0.6967793886820188,ridge::H_D_B_M_P_C_A,P0,-0.05532252884573588,-0.02711520750219266,0.01748293264677017,0.04569025399031339,127,True,False,False,post-evaluation hypothesis-generating; independent future validation required,disjoint,879,0,0
ridge,True,original_noK,ridge::H_B_M_P_C,H_B_M_P_C,14,0.6758685591235124,ridge::H_D_B_M_P_C_A,P0,-0.07623335840424238,-0.04802603706069916,-0.003427896911736281,0.02477942443180694,127,True,False,False,post-evaluation hypothesis-generating; independent future validation required,disjoint,879,0,0
ridge,True,original_noK,ridge::H_B_M_P_A,H_B_M_P_A,14,0.69276638419544,ridge::H_D_B_M_P_C_A,P0,-0.05933553333231483,-0.031128211988771613,0.013469928160191274,0.04167724950373449,127,True,False,False,post-evaluation hypothesis-generating; independent future validation required,disjoint,879,0,0
ridge,True,original_noK,ridge::H_M_P_C_A,H_M_P_C_A,14,0.6931873802377709,ridge::H_D_B_M_P_C_A,P0,-0.058914537289983845,-0.030707215946440627,0.01389092420252225,0.04209824554606547,127,True,False,False,post-evaluation hypothesis-generating; independent future validation required,disjoint,879,0,0
ridge,True,original_noK,ridge::H_B_P_C_A,H_B_P_C_A,14,0.6932656589054442,ridge::H_D_B_M_P_C_A,P0,-0.05883625862231051,-0.030628937278767292,0.013969202870195568,0.042176524213738784,127,True,False,False,post-evaluation hypothesis-generating; independent future validation required,disjoint,879,0,0
ridge,True,original_noK,ridge::H_B_M_P_C_A,H_B_M_P_C_A,15,0.6916424318764404,ridge::H_D_B_M_P_C_A,P0,-0.06045948565131438,-0.032252164307771156,0.012345975841191709,0.040553297184734924,127,True,False,False,post-evaluation hypothesis-generating; independent future validation required,disjoint,879,0,0
ridge,True,original_noK,ridge::H_D_P,H_D_P,15,0.7328004447767162,ridge::H_D_B_M_P_C_A,P0,-0.019301472751038547,0.008905848592504671,0.05350398874146755,0.08171131008501077,127,True,False,False,post-evaluation hypothesis-generating; independent future validation required,disjoint,879,0,0
ridge,True,original_noK,ridge::H_D_B_P,H_D_B_P,16,0.7281331121439282,ridge::H_D_B_M_P_C_A,P0,-0.023968805383826463,0.004238515959716756,0.048836656108679606,0.07704397745222283,127,True,False,False,post-evaluation hypothesis-generating; independent future validation required,disjoint,879,0,0
ridge,True,original_noK,ridge::H_D_P_C,H_D_P_C,16,0.7322869363665869,ridge::H_D_B_M_P_C_A,P0,-0.019814981161167748,0.00839234018237547,0.05299048033133834,0.08119780167488155,127,True,False,False,post-evaluation hypothesis-generating; independent future validation required,disjoint,879,0,0
ridge,True,original_noK,ridge::H_D_M_P,H_D_M_P,16,0.7359769738367472,ridge::H_D_B_M_P_C_A,P0,-0.01612494369100756,0.01208237765253566,0.05668051780149846,0.08488783914504168,127,False,False,False,post-evaluation hypothesis-generating; independent future validation required,disjoint,879,0,0
ridge,True,original_noK,ridge::H_D_P_A,H_D_P_A,16,0.7549908289951228,ridge::H_D_B_M_P_C_A,P0,0.0028889114673681018,0.03109623281091132,0.07569437295987418,0.10390169430341739,127,False,False,False,post-evaluation hypothesis-generating; independent future validation required,disjoint,879,0,0
ridge,True,original_noK,ridge::H_D_B_P_C,H_D_B_P_C,17,0.7273551303215527,ridge::H_D_B_M_P_C_A,P0,-0.024746787206201947,0.0034605341373412715,0.04805867428630412,0.07626599562984734,127,True,False,False,post-evaluation hypothesis-generating; independent future validation required,disjoint,879,0,0
ridge,True,original_noK,ridge::H_D_B_M_P,H_D_B_M_P,17,0.7322297772475366,ridge::H_D_B_M_P_C_A,P0,-0.019872140280218106,0.008335181063325113,0.05293332121228795,0.08114064255583117,127,True,False,False,post-evaluation hypothesis-generating; independent future validation required,disjoint,879,0,0
ridge,True,original_noK,ridge::H_D_M_P_C,H_D_M_P_C,17,0.7352977305447248,ridge::H_D_B_M_P_C_A,P0,-0.01680418698302995,0.011403134360513267,0.05600127450947608,0.0842085958530193,127,False,False,False,post-evaluation hypothesis-generating; independent future validation required,disjoint,879,0,0
ridge,True,original_noK,ridge::H_D_B_P_A,H_D_B_P_A,17,0.7488520403320662,ridge::H_D_B_M_P_C_A,P0,-0.0032498771956885205,0.0249574441478547,0.06955558429681757,0.09776290564036079,127,False,False,False,post-evaluation hypothesis-generating; independent future validation required,disjoint,879,0,0
ridge,True,original_noK,ridge::H_D_P_C_A,H_D_P_C_A,17,0.7540576403558216,ridge::H_D_B_M_P_C_A,P0,0.0019557228280669544,0.030163044171610174,0.07476118432057308,0.10296850566411629,127,False,False,False,post-evaluation hypothesis-generating; independent future validation required,disjoint,879,0,0
ridge,True,original_noK,ridge::H_D_M_P_A,H_D_M_P_A,17,0.7574285464522916,ridge::H_D_B_M_P_C_A,P0,0.005326628924536827,0.033533950268080044,0.07813209041704293,0.10633941176058614,127,False,False,False,post-evaluation hypothesis-generating; independent future validation required,disjoint,879,0,0
ridge,True,original_noK,ridge::H_D_B_M_P_C,H_D_B_M_P_C,18,0.7315147900902933,ridge::H_D_B_M_P_C_A,P0,-0.020587127437461467,0.007620193906081752,0.05221833405504463,0.08042565539858784,127,True,False,False,post-evaluation hypothesis-generating; independent future validation required,disjoint,879,0,0
ridge,True,original_noK,ridge::H_D_B_P_C_A,H_D_B_P_C_A,18,0.7480393960670031,ridge::H_D_B_M_P_C_A,P0,-0.004062521460751659,0.02414479988279156,0.06874294003175443,0.09695026137529765,127,False,False,False,post-evaluation hypothesis-generating; independent future validation required,disjoint,879,0,0
ridge,True,original_noK,ridge::H_D_B_M_P_A,H_D_B_M_P_A,18,0.7527443892114142,ridge::H_D_B_M_P_C_A,P0,0.000642471683659511,0.028849793027202728,0.0734479331761656,0.10165525451970882,127,False,False,False,post-evaluation hypothesis-generating; independent future validation required,disjoint,879,0,0
ridge,True,original_noK,ridge::H_D_M_P_C_A,H_D_M_P_C_A,18,0.7566963725042405,ridge::H_D_B_M_P_C_A,P0,0.004594454976485713,0.03280177632002893,0.07739991646899182,0.10560723781253503,127,False,False,False,post-evaluation hypothesis-generating; independent future validation required,disjoint,879,0,0
ridge,True,original_noK,ridge::H_D_B_M_P_C_A,H_D_B_M_P_C_A,19,0.7521019175277547,ridge::H_D_B_M_P_C_A,P0,0.0,0.0,0.07280546149250607,0.10101278283604928,127,True,False,False,post-evaluation hypothesis-generating; independent future validation required,disjoint,879,0,0
ridge_fixed,True,original_noK,ridge_fixed::H,H,0,0.6790989215358645,ridge_fixed::H_D_B_M_P_C_A,P0,-0.03553047583625283,-0.015951378643085188,-0.00019753449938398804,0.019381562693783654,127,True,False,False,post-evaluation hypothesis-generating; independent future validation required,disjoint,879,0,0
ridge_fixed,True,original_noK,ridge_fixed::H_B,H_B,1,0.6752396954287482,ridge_fixed::H_D_B_M_P_C_A,P0,-0.0393897019433693,-0.019810604750201657,-0.0040567606065005065,0.015522336586667136,127,True,False,False,post-evaluation hypothesis-generating; independent future validation required,disjoint,879,0,0
ridge_fixed,True,original_noK,ridge_fixed::H_M,H_M,1,0.6762259394463728,ridge_fixed::H_D_B_M_P_C_A,P0,-0.03840345792574472,-0.018824360732577077,-0.003070516588875911,0.01650858060429173,127,True,False,False,post-evaluation hypothesis-generating; independent future validation required,disjoint,879,0,0
ridge_fixed,True,original_noK,ridge_fixed::H_C,H_C,1,0.6783103991720737,ridge_fixed::H_D_B_M_P_C_A,P0,-0.03631899820004369,-0.016739901006876046,-0.000986056863174865,0.018593040329992778,127,True,False,False,post-evaluation hypothesis-generating; independent future validation required,disjoint,879,0,0
ridge_fixed,True,original_noK,ridge_fixed::H_A,H_A,1,0.6968743907996156,ridge_fixed::H_D_B_M_P_C_A,P0,-0.01775500657250191,0.001824090620665731,0.017577934764367,0.03715703195753464,127,True,False,False,post-evaluation hypothesis-generating; independent future validation required,disjoint,879,0,0
ridge_fixed,True,original_noK,ridge_fixed::H_B_C,H_B_C,2,0.6743961215056873,ridge_fixed::H_D_B_M_P_C_A,P0,-0.0402332758664303,-0.02065417867326266,-0.0049003345295614755,0.014678762663606166,127,True,False,False,post-evaluation hypothesis-generating; independent future validation required,disjoint,879,0,0
ridge_fixed,True,original_noK,ridge_fixed::H_B_M,H_B_M,2,0.6745400119757041,ridge_fixed::H_D_B_M_P_C_A,P0,-0.04008938539641333,-0.02051028820324569,-0.004756444059544517,0.014822653133623125,127,True,False,False,post-evaluation hypothesis-generating; independent future validation required,disjoint,879,0,0
ridge_fixed,True,original_noK,ridge_fixed::H_M_C,H_M_C,2,0.6752660574327857,ridge_fixed::H_D_B_M_P_C_A,P0,-0.03936333993933167,-0.01978424274616403,-0.004030398602462846,0.015548698590704796,127,True,False,False,post-evaluation hypothesis-generating; independent future validation required,disjoint,879,0,0
ridge_fixed,True,original_noK,ridge_fixed::H_B_A,H_B_A,2,0.6924867325232882,ridge_fixed::H_D_B_M_P_C_A,P0,-0.02214266484882918,-0.002563567655661538,0.013190276488039665,0.0327693736812073,127,True,False,False,post-evaluation hypothesis-generating; independent future validation required,disjoint,879,0,0
ridge_fixed,True,original_noK,ridge_fixed::H_M_A,H_M_A,2,0.6935346681970105,ridge_fixed::H_D_B_M_P_C_A,P0,-0.021094729175106897,-0.0015156319819392555,0.014238212161761844,0.033817309354929485,127,True,False,False,post-evaluation hypothesis-generating; independent future validation required,disjoint,879,0,0
ridge_fixed,True,original_noK,ridge_fixed::H_C_A,H_C_A,2,0.6958388959630647,ridge_fixed::H_D_B_M_P_C_A,P0,-0.01879050140905272,0.0007885957841149219,0.016542439927816014,0.036121537120983656,127,True,False,False,post-evaluation hypothesis-generating; independent future validation required,disjoint,879,0,0
ridge_fixed,True,original_noK,ridge_fixed::H_B_M_C,H_B_M_C,3,0.6735989203466741,ridge_fixed::H_D_B_M_P_C_A,P0,-0.041030477025443095,-0.021451379832275453,-0.00569753568857435,0.013881561504593291,127,True,False,False,post-evaluation hypothesis-generating; independent future validation required,disjoint,879,0,0
ridge_fixed,True,original_noK,ridge_fixed::H_B_M_A,H_B_M_A,3,0.6913890344762514,ridge_fixed::H_D_B_M_P_C_A,P0,-0.023240362895865948,-0.003661265702698306,0.0120925784410029,0.031671675634170546,127,True,False,False,post-evaluation hypothesis-generating; independent future validation required,disjoint,879,0,0
ridge_fixed,True,original_noK,ridge_fixed::H_B_C_A,H_B_C_A,3,0.6914998737473178,ridge_fixed::H_D_B_M_P_C_A,P0,-0.02312952362479965,-0.003550426431632007,0.012203417712069146,0.031782514905236786,127,True,False,False,post-evaluation hypothesis-generating; independent future validation required,disjoint,879,0,0
ridge_fixed,True,original_noK,ridge_fixed::H_M_C_A,H_M_C_A,3,0.6924204558031238,ridge_fixed::H_D_B_M_P_C_A,P0,-0.022208941568993574,-0.002629844375825932,0.01312399976787527,0.03270309696104291,127,True,False,False,post-evaluation hypothesis-generating; independent future validation required,disjoint,879,0,0
ridge_fixed,True,original_noK,ridge_fixed::H_B_M_C_A,H_B_M_C_A,4,0.6903287822742069,ridge_fixed::H_D_B_M_P_C_A,P0,-0.024300615097910577,-0.004721517904742935,0.011032326238958196,0.030611423432125837,127,True,False,False,post-evaluation hypothesis-generating; independent future validation required,disjoint,879,0,0
ridge_fixed,True,original_noK,ridge_fixed::H_D,H_D,4,0.6973658175143385,ridge_fixed::H_D_B_M_P_C_A,P0,-0.017263579857778915,0.0023155173353887268,0.018069361479089857,0.037648458672257495,127,True,False,False,post-evaluation hypothesis-generating; independent future validation required,disjoint,879,0,0
ridge_fixed,True,original_noK,ridge_fixed::H_D_B,H_D_B,5,0.692089610922199,ridge_fixed::H_D_B_M_P_C_A,P0,-0.022539786449918404,-0.002960689256750762,0.012793154886950374,0.032372252080118014,127,True,False,False,post-evaluation hypothesis-generating; independent future validation required,disjoint,879,0,0
ridge_fixed,True,original_noK,ridge_fixed::H_D_C,H_D_C,5,0.6966992416140232,ridge_fixed::H_D_B_M_P_C_A,P0,-0.017930155758094236,0.0016489414350734054,0.01740278557877452,0.03698188277194216,127,True,False,False,post-evaluation hypothesis-generating; independent future validation required,disjoint,879,0,0
ridge_fixed,True,original_noK,ridge_fixed::H_D_M,H_D_M,5,0.6988314912984493,ridge_fixed::H_D_B_M_P_C_A,P0,-0.01579790607366805,0.0037811911194995905,0.019535035263200735,0.039114132456368376,127,True,False,False,post-evaluation hypothesis-generating; independent future validation required,disjoint,879,0,0
ridge_fixed,True,original_noK,ridge_fixed::H_D_A,H_D_A,5,0.7166620712892292,ridge_fixed::H_D_B_M_P_C_A,P0,0.002032673917111638,0.02161177111027928,0.03736561525398045,0.05694471244714809,127,False,False,False,post-evaluation hypothesis-generating; independent future validation required,disjoint,879,0,0
ridge_fixed,True,original_noK,ridge_fixed::H_D_B_C,H_D_B_C,6,0.6914752244362408,ridge_fixed::H_D_B_M_P_C_A,P0,-0.0231541729358767,-0.003575075742709058,0.0121787684009921,0.031757865594159745,127,True,False,False,post-evaluation hypothesis-generating; independent future validation required,disjoint,879,0,0
ridge_fixed,True,original_noK,ridge_fixed::H_D_B_M,H_D_B_M,6,0.6953587277221819,ridge_fixed::H_D_B_M_P_C_A,P0,-0.019270669649935526,0.00030842754323211555,0.01606227168693324,0.03564136888010088,127,True,False,False,post-evaluation hypothesis-generating; independent future validation required,disjoint,879,0,0
ridge_fixed,True,original_noK,ridge_fixed::H_D_M_C,H_D_M_C,6,0.6982165878491062,ridge_fixed::H_D_B_M_P_C_A,P0,-0.016412809523011152,0.0031662876701564896,0.01892013181385768,0.03849922900702532,127,True,False,False,post-evaluation hypothesis-generating; independent future validation required,disjoint,879,0,0
ridge_fixed,True,original_noK,ridge_fixed::H_D_B_A,H_D_B_A,6,0.7107805668374764,ridge_fixed::H_D_B_M_P_C_A,P0,-0.00384883053464107,0.015730266658526573,0.031484110802227724,0.05106320799539536,127,False,False,False,post-evaluation hypothesis-generating; independent future validation required,disjoint,879,0,0
ridge_fixed,True,original_noK,ridge_fixed::H_D_C_A,H_D_C_A,6,0.7161017656103998,ridge_fixed::H_D_B_M_P_C_A,P0,0.0014723682382823658,0.021051465431450006,0.03680530957515118,0.05638440676831882,127,False,False,False,post-evaluation hypothesis-generating; independent future validation required,disjoint,879,0,0
ridge_fixed,True,original_noK,ridge_fixed::H_D_M_A,H_D_M_A,6,0.7176953221350523,ridge_fixed::H_D_B_M_P_C_A,P0,0.0030659247629349316,0.022645021956102573,0.03839886609980372,0.05797796329297136,127,False,False,False,post-evaluation hypothesis-generating; independent future validation required,disjoint,879,0,0
ridge_fixed,True,original_noK,ridge_fixed::H_D_B_M_C,H_D_B_M_C,7,0.6949948594651771,ridge_fixed::H_D_B_M_P_C_A,P0,-0.019634537906940263,-5.544071377262122e-05,0.015698403429928533,0.035277500623096175,127,True,False,False,post-evaluation hypothesis-generating; independent future validation required,disjoint,879,0,0
ridge_fixed,True,original_noK,ridge_fixed::H_D_B_C_A,H_D_B_C_A,7,0.7103376609883031,ridge_fixed::H_D_B_M_P_C_A,P0,-0.004291736383814328,0.015287360809353313,0.031041204953054458,0.050620302146222096,127,False,False,False,post-evaluation hypothesis-generating; independent future validation required,disjoint,879,0,0
ridge_fixed,True,original_noK,ridge_fixed::H_D_B_M_A,H_D_B_M_A,7,0.71373973123249,ridge_fixed::H_D_B_M_P_C_A,P0,-0.000889666139627404,0.018689431053540238,0.03444327519724135,0.054022372390408996,127,False,False,False,post-evaluation hypothesis-generating; independent future validation required,disjoint,879,0,0
ridge_fixed,True,original_noK,ridge_fixed::H_D_M_C_A,H_D_M_C_A,7,0.7170348381766087,ridge_fixed::H_D_B_M_P_C_A,P0,0.002405440804491398,0.02198453799765904,0.037738382141360216,0.057317479334527854,127,False,False,False,post-evaluation hypothesis-generating; independent future validation required,disjoint,879,0,0
ridge_fixed,True,original_noK,ridge_fixed::H_D_B_M_C_A,H_D_B_M_C_A,8,0.713282208245918,ridge_fixed::H_D_B_M_P_C_A,P0,-0.0013471891261994367,0.018231908066968207,0.03398575221066929,0.053564849403836934,127,False,False,False,post-evaluation hypothesis-generating; independent future validation required,disjoint,879,0,0
ridge_fixed,True,original_noK,ridge_fixed::H_P,H_P,11,0.6807256281491476,ridge_fixed::H_D_B_M_P_C_A,P0,-0.03390376922296985,-0.01432467202980221,0.001429172113898925,0.021008269307066566,127,True,False,False,post-evaluation hypothesis-generating; independent future validation required,disjoint,879,0,0
ridge_fixed,True,original_noK,ridge_fixed::H_M_P,H_M_P,12,0.677603348396983,ridge_fixed::H_D_B_M_P_C_A,P0,-0.037026048975134215,-0.017446951781966574,-0.0016931076382654738,0.017885989554902167,127,True,False,False,post-evaluation hypothesis-generating; independent future validation required,disjoint,879,0,0
ridge_fixed,True,original_noK,ridge_fixed::H_B_P,H_B_P,12,0.6780815765078287,ridge_fixed::H_D_B_M_P_C_A,P0,-0.03654782086428867,-0.01696872367112103,-0.0012148795274198538,0.01836421766574779,127,True,False,False,post-evaluation hypothesis-generating; independent future validation required,disjoint,879,0,0
ridge_fixed,True,original_noK,ridge_fixed::H_P_C,H_P_C,12,0.6798709713667724,ridge_fixed::H_D_B_M_P_C_A,P0,-0.0347584260053449,-0.015179328812177258,0.000574515331523863,0.020153612524691503,127,True,False,False,post-evaluation hypothesis-generating; independent future validation required,disjoint,879,0,0
ridge_fixed,True,original_noK,ridge_fixed::H_P_A,H_P_A,12,0.6977800763686035,ridge_fixed::H_D_B_M_P_C_A,P0,-0.01684932100351389,0.0027297761896537508,0.018483620333354874,0.038062717526522516,127,True,False,False,post-evaluation hypothesis-generating; independent future validation required,disjoint,879,0,0
ridge_fixed,True,original_noK,ridge_fixed::H_M_P_C,H_M_P_C,13,0.6765740518762589,ridge_fixed::H_D_B_M_P_C_A,P0,-0.038055345495858525,-0.018476248302690883,-0.0027224041589897596,0.01685669303417788,127,True,False,False,post-evaluation hypothesis-generating; independent future validation required,disjoint,879,0,0
ridge_fixed,True,original_noK,ridge_fixed::H_B_M_P,H_B_M_P,13,0.6768636976334249,ridge_fixed::H_D_B_M_P_C_A,P0,-0.03776569973869245,-0.018186602545524806,-0.0024327584018236617,0.01714633879134398,127,True,False,False,post-evaluation hypothesis-generating; independent future validation required,disjoint,879,0,0
ridge_fixed,True,original_noK,ridge_fixed::H_B_P_C,H_B_P_C,13,0.6771569074950814,ridge_fixed::H_D_B_M_P_C_A,P0,-0.03747248987703593,-0.017893392683868286,-0.0021395485401671395,0.017439548653000504,127,True,False,False,post-evaluation hypothesis-generating; independent future validation required,disjoint,879,0,0
ridge_fixed,True,original_noK,ridge_fixed::H_B_P_A,H_B_P_A,13,0.6942841233986218,ridge_fixed::H_D_B_M_P_C_A,P0,-0.020345273973495618,-0.0007661767803279762,0.014987667363373166,0.034566764556540806,127,True,False,False,post-evaluation hypothesis-generating; independent future validation required,disjoint,879,0,0
ridge_fixed,True,original_noK,ridge_fixed::H_M_P_A,H_M_P_A,13,0.6943087297995848,ridge_fixed::H_D_B_M_P_C_A,P0,-0.020320667572532498,-0.0007415703793648559,0.015012273764336278,0.03459137095750392,127,True,False,False,post-evaluation hypothesis-generating; independent future validation required,disjoint,879,0,0
ridge_fixed,True,original_noK,ridge_fixed::H_P_C_A,H_P_C_A,13,0.6967793886820188,ridge_fixed::H_D_B_M_P_C_A,P0,-0.017850008690098604,0.001729088503069038,0.01748293264677017,0.03706202983993781,127,True,False,False,post-evaluation hypothesis-generating; independent future validation required,disjoint,879,0,0
ridge_fixed,True,original_noK,ridge_fixed::H_B_M_P_C,H_B_M_P_C,14,0.6758685591235124,ridge_fixed::H_D_B_M_P_C_A,P0,-0.03876083824860507,-0.01918174105543743,-0.003427896911736281,0.016151200281431362,127,True,False,False,post-evaluation hypothesis-generating; independent future validation required,disjoint,879,0,0
ridge_fixed,True,original_noK,ridge_fixed::H_B_M_P_A,H_B_M_P_A,14,0.69276638419544,ridge_fixed::H_D_B_M_P_C_A,P0,-0.021863013176677534,-0.0022839159835098925,0.013469928160191274,0.033049025353358914,127,True,False,False,post-evaluation hypothesis-generating; independent future validation required,disjoint,879,0,0
ridge_fixed,True,original_noK,ridge_fixed::H_M_P_C_A,H_M_P_C_A,14,0.6931873802377709,ridge_fixed::H_D_B_M_P_C_A,P0,-0.021442017134346555,-0.0018629199411789137,0.01389092420252225,0.03347002139568989,127,True,False,False,post-evaluation hypothesis-generating; independent future validation required,disjoint,879,0,0
ridge_fixed,True,original_noK,ridge_fixed::H_B_P_C_A,H_B_P_C_A,14,0.6932656589054442,ridge_fixed::H_D_B_M_P_C_A,P0,-0.02136373846667322,-0.0017846412735055793,0.013969202870195568,0.03354830006336321,127,True,False,False,post-evaluation hypothesis-generating; independent future validation required,disjoint,879,0,0
ridge_fixed,True,original_noK,ridge_fixed::H_B_M_P_C_A,H_B_M_P_C_A,15,0.6916424318764404,ridge_fixed::H_D_B_M_P_C_A,P0,-0.02298696549567707,-0.0034078683025094286,0.012345975841191709,0.03192507303435935,127,True,False,False,post-evaluation hypothesis-generating; independent future validation required,disjoint,879,0,0
ridge_fixed,True,original_noK,ridge_fixed::H_D_P,H_D_P,15,0.7004089037492602,ridge_fixed::H_D_B_M_P_C_A,P0,-0.014220493622857065,0.0053586035703105765,0.021112447714011728,0.04069154490717937,127,True,False,False,post-evaluation hypothesis-generating; independent future validation required,disjoint,879,0,0
ridge_fixed,True,original_noK,ridge_fixed::H_D_B_P,H_D_B_P,16,0.6963753312058983,ridge_fixed::H_D_B_M_P_C_A,P0,-0.018254066166219017,0.0013250310269486247,0.017078875170649748,0.03665797236381739,127,True,False,False,post-evaluation hypothesis-generating; independent future validation required,disjoint,879,0,0
ridge_fixed,True,original_noK,ridge_fixed::H_D_P_C,H_D_P_C,16,0.6998963284235687,ridge_fixed::H_D_B_M_P_C_A,P0,-0.0147330689485487,0.004846028244618942,0.020599872388320114,0.040178969581487756,127,True,False,False,post-evaluation hypothesis-generating; independent future validation required,disjoint,879,0,0
ridge_fixed,True,original_noK,ridge_fixed::H_D_M_P,H_D_M_P,16,0.7006360694485754,ridge_fixed::H_D_B_M_P_C_A,P0,-0.013993327923542085,0.005585769269625557,0.021339613413326717,0.04091871060649436,127,True,False,False,post-evaluation hypothesis-generating; independent future validation required,disjoint,879,0,0
ridge_fixed,True,original_noK,ridge_fixed::H_D_P_A,H_D_P_A,16,0.7187553493073106,ridge_fixed::H_D_B_M_P_C_A,P0,0.0041259519351930654,0.023705049128360706,0.03945889327206183,0.05903799046522948,127,False,False,False,post-evaluation hypothesis-generating; independent future validation required,disjoint,879,0,0
ridge_fixed,True,original_noK,ridge_fixed::H_D_B_P_C,H_D_B_P_C,17,0.6957693970397306,ridge_fixed::H_D_B_M_P_C_A,P0,-0.018860000332386773,0.0007190968607808691,0.01647294100448205,0.0360520381976497,127,True,False,False,post-evaluation hypothesis-generating; independent future validation required,disjoint,879,0,0
ridge_fixed,True,original_noK,ridge_fixed::H_D_B_M_P,H_D_B_M_P,17,0.6982693350295461,ridge_fixed::H_D_B_M_P_C_A,P0,-0.016360062342571303,0.003219034850596339,0.018972878994297455,0.0385519761874651,127,True,False,False,post-evaluation hypothesis-generating; independent future validation required,disjoint,879,0,0
ridge_fixed,True,original_noK,ridge_fixed::H_D_M_P_C,H_D_M_P_C,17,0.6998937734806734,ridge_fixed::H_D_B_M_P_C_A,P0,-0.014735623891443984,0.004843473301723657,0.020597317445424812,0.04017641463859245,127,True,False,False,post-evaluation hypothesis-generating; independent future validation required,disjoint,879,0,0
ridge_fixed,True,original_noK,ridge_fixed::H_D_B_P_A,H_D_B_P_A,17,0.7139313684262303,ridge_fixed::H_D_B_M_P_C_A,P0,-0.0006980289458871263,0.018881068247280516,0.03463491239098162,0.054214009584149264,127,False,False,False,post-evaluation hypothesis-generating; independent future validation required,disjoint,879,0,0
ridge_fixed,True,original_noK,ridge_fixed::H_D_P_C_A,H_D_P_C_A,17,0.718217686962777,ridge_fixed::H_D_B_M_P_C_A,P0,0.0035882895906594464,0.023167386783827088,0.03892123092752825,0.05850032812069589,127,False,False,False,post-evaluation hypothesis-generating; independent future validation required,disjoint,879,0,0
ridge_fixed,True,original_noK,ridge_fixed::H_D_M_P_A,H_D_M_P_A,17,0.7187877755725532,ridge_fixed::H_D_B_M_P_C_A,P0,0.004158378200435947,0.023737475393603588,0.03949131953730472,0.059070416730472364,127,False,False,False,post-evaluation hypothesis-generating; independent future validation required,disjoint,879,0,0
ridge_fixed,True,original_noK,ridge_fixed::H_D_B_M_P_C,H_D_B_M_P_C,18,0.6976469712252803,ridge_fixed::H_D_B_M_P_C_A,P0,-0.016982426146837027,0.0025966710463306147,0.018350515190031752,0.03792961238319939,127,True,False,False,post-evaluation hypothesis-generating; independent future validation required,disjoint,879,0,0
ridge_fixed,True,original_noK,ridge_fixed::H_D_B_P_C_A,H_D_B_P_C_A,18,0.7132048238322543,ridge_fixed::H_D_B_M_P_C_A,P0,-0.001424573539863309,0.018154523653304333,0.03390836779700547,0.05348746499017311,127,False,False,False,post-evaluation hypothesis-generating; independent future validation required,disjoint,879,0,0
ridge_fixed,True,original_noK,ridge_fixed::H_D_B_M_P_A,H_D_B_M_P_A,18,0.7151936006339459,ridge_fixed::H_D_B_M_P_C_A,P0,0.0005642032618283498,0.02014330045499599,0.03589714459869711,0.05547624179186475,127,False,False,False,post-evaluation hypothesis-generating; independent future validation required,disjoint,879,0,0
ridge_fixed,True,original_noK,ridge_fixed::H_D_M_P_C_A,H_D_M_P_C_A,18,0.7181500014750564,ridge_fixed::H_D_B_M_P_C_A,P0,0.0035206041029388195,0.023099701296106463,0.038853545439807624,0.05843264263297526,127,False,False,False,post-evaluation hypothesis-generating; independent future validation required,disjoint,879,0,0
ridge_fixed,True,original_noK,ridge_fixed::H_D_B_M_P_C_A,H_D_B_M_P_C_A,19,0.7146293973721175,ridge_fixed::H_D_B_M_P_C_A,P0,0.0,0.0,0.035332941336868796,0.05491203853003644,127,True,False,False,post-evaluation hypothesis-generating; independent future validation required,disjoint,879,0,0
