replicate,dev_boot_n,eval_boot_n,P0,ridge::H_D_B_A,ridge::H_D_B_M_P_C_A_K,ridge::H_D,ridge::H_D_B_M_P_C_A,ridge::D_A_K,ridge::D_B_M_P_C_A_K,ridge::D_B,ridge::D_B_M_P_C_A,hgb::H_D_M_P_A,hgb::H_D_B_M_P_C_A_K,hgb::D_M_P_A_K,hgb::D_B_M_P_C_A_K
0,1570,1499,0.6553038999001906,0.7315443178438512,0.7133433081865174,0.7191296590582701,0.7283899481433735,0.7360750962888079,0.7243782149586848,0.7237738749420242,0.737269029175503,0.685950565226252,0.6558155628688672,0.7009716940608807,0.6854287440922331
1,1533,1563,0.6587225923330491,0.7148039502915594,0.7217589665360452,0.7035782354277126,0.7285709166880162,0.7251726497608958,0.731547835420739,0.7092438068794698,0.7375348482434286,0.7011252937300362,0.6816111438973913,0.7114082399037754,0.7029458142948144
2,1547,1522,0.6647772799590682,0.7155063969821316,0.7030319148207965,0.7043325545952365,0.7163947626935487,0.7185450657286723,0.7116935782011038,0.7109092342254769,0.7243002367168704,0.7104308874034557,0.684868522480967,0.7282032023131052,0.7191352996188103
3,1587,1499,0.6613749242460217,0.6930729873327809,0.6973159583205838,0.6804283733805501,0.7085712297916041,0.6975873606482584,0.7061013008036118,0.6855624547811999,0.71675154169284,0.7273992723019054,0.6928741210387435,0.7231350300105122,0.7129059395169266
4,1529,1551,0.6570633127009594,0.6963014516586645,0.6777533825645837,0.6929946052360523,0.6870096740535874,0.7043420569239152,0.6872638624618779,0.7020957651623493,0.6963265322839818,0.684883524488422,0.6547182608372948,0.7059962002853086,0.6898054644716461
5,1552,1531,0.6531158082118604,0.7053869134218862,0.6899591377474986,0.6879335153920383,0.7062119170301173,0.7125136590393636,0.7042539803318386,0.6962721112954806,0.7166333232204891,0.6895463254227833,0.6589260351478817,0.7118432106557666,0.6850969562751963
6,1551,1562,0.6731504733197289,0.7156903219746523,0.7079277596266751,0.6996807072692173,0.7192567214955395,0.7177978580570418,0.7173934987587521,0.7046338622078,0.7286640722309523,0.7237299975303799,0.7012196683100735,0.7361173114075745,0.72947115845352
7,1593,1512,0.6580138538317054,0.6930317783009817,0.696584770471719,0.6807054028398447,0.7069901543072151,0.7041578693196117,0.7090496295563109,0.6887135433085778,0.7170979544210181,0.6760572755474294,0.6523096529831368,0.6805568493682602,0.6756691525251869
8,1571,1519,0.6585437695185411,0.7166212182851867,0.7169425453320132,0.705076844985497,0.7249322515065167,0.7247360626370635,0.7248413674780483,0.7107062837463424,0.7314388244318528,0.7069811225441409,0.688354117227022,0.7264972601592675,0.7207661594183676
9,1553,1525,0.6562064514070752,0.7224422102029068,0.7069661074035137,0.700881254572974,0.7175461146895548,0.722197022875567,0.7176986708539427,0.7073785036068768,0.725067905599226,0.7040859744586337,0.6756127975846912,0.7240952625637513,0.7168320206301928
10,1518,1515,0.660493428988316,0.6943151527844516,0.6777037968276739,0.6836218272675613,0.6878655585225385,0.7062996550735139,0.6980345638677262,0.7012871827168083,0.7066800649449001,0.676637940576156,0.6538332768348107,0.6754999965099979,0.6756250079227117
11,1534,1523,0.6654013167282072,0.7395504289906089,0.7286217258400185,0.700961416397339,0.7409673514067252,0.7444196410495931,0.7363128482710021,0.7037445223912268,0.74929101341463,0.7610310544652171,0.7193850756048635,0.7616707043531132,0.7426651644888538
12,1605,1491,0.6568255607283834,0.7230457171185707,0.718236093395632,0.7071347792034516,0.7315799779892059,0.7279544141299568,0.728920252777726,0.7083300451794731,0.7410934027198083,0.7012545939447229,0.678345884828601,0.7168359583115967,0.7046668041072063
13,1538,1554,0.6583341625120853,0.7156906796716287,0.703129990763475,0.6916366748684378,0.7176701957700667,0.7166194811253158,0.7140120769085389,0.6950647075227386,0.7267445055811851,0.6782487754209058,0.6629388938214232,0.7087755021670932,0.6959007306872351
14,1569,1520,0.6588770381736545,0.7147967317162119,0.7070816172671947,0.6829861654953013,0.7173637189487263,0.7175982764576516,0.7159183786348164,0.6922745484885579,0.7265854180013533,0.6958533078942573,0.6797856452159949,0.7294569987310963,0.718822015732249
15,1570,1527,0.6613206222869039,0.7247581106325056,0.7087357621118496,0.7188896180186446,0.7322296427781407,0.7221818813715413,0.7239916092247969,0.7307376432656436,0.7470902504647158,0.7089630295830369,0.6746410436557592,0.7267012005091923,0.714644707186108
16,1602,1462,0.6694408955334901,0.7589052247761511,0.7471365991637698,0.7483257945220904,0.7704453349386383,0.7395653703912786,0.7435290428000517,0.7407979719539821,0.7660688796512843,0.7270157080244574,0.7018436481616351,0.7451452611149321,0.7497802060773779
17,1536,1536,0.6629305914975042,0.7177640845168268,0.7131824358554836,0.7116129236739468,0.7292798857071426,0.7137550135072303,0.7193752307949787,0.7144275082447784,0.7328996671347753,0.7104708657676984,0.6900530126324892,0.7266275195723854,0.7260774132402941
18,1597,1506,0.6574070547617892,0.6922554324013219,0.6767046174923983,0.6821648675732476,0.6893851835124819,0.697079806124361,0.6877434621664059,0.6839659069488745,0.6985993377921772,0.6855683390982407,0.6579553996757936,0.701289512805464,0.68781098425114
19,1574,1545,0.6706846094405565,0.7455686155883077,0.7417756416130827,0.7321916668039455,0.7605584249171066,0.7315574496960354,0.7382951062124731,0.7175244470535173,0.757012622677262,0.7286058355411715,0.6873604880733429,0.7255209325961093,0.7181108466854982
20,1515,1556,0.6754448241705419,0.7147940097464213,0.7049624393542084,0.7056376214284836,0.7260096356585379,0.6975457338473964,0.70801726337344,0.7039410874614308,0.727708492680885,0.7322051034166617,0.7144485726357124,0.7556249736164723,0.7524177600120758
21,1511,1550,0.6835532130739032,0.7448279091367329,0.73639693462604,0.74391037655956,0.7497082303462002,0.7350327747362565,0.7320989941217342,0.7333965142100544,0.7438346206266121,0.7255620237773817,0.6951230039895129,0.714684025795274,0.7002215738814781
22,1556,1514,0.6563299917658468,0.7126891662015382,0.7055070117748715,0.6937250917389101,0.7183795069080634,0.7216974213277684,0.7184278681305886,0.7037830637801679,0.7308447525249159,0.7043211971645911,0.6788700646941332,0.7154956244100477,0.7131128433015524
23,1548,1554,0.6587110337395867,0.700259752025758,0.6810845222762936,0.7030784320458768,0.7002497494367446,0.6950389874823126,0.6882738273065822,0.7020204939744541,0.7051115827777742,0.7124126840761028,0.6797775554647146,0.7216418889131441,0.705732379538053
24,1558,1538,0.6592961616944987,0.7123919577467013,0.7081201076370165,0.691443406257326,0.7231912100065645,0.710753088011337,0.7179150129060633,0.6887954089137905,0.7322119465188847,0.7043411029790306,0.6908357583591473,0.7157257049109242,0.7122118144097255
25,1548,1532,0.6664124556458796,0.7161707417617338,0.6966354996422136,0.7089486761025863,0.7141796994442792,0.7096812107514114,0.6978512242827566,0.7048200996914097,0.7132139347173444,0.7090488577987546,0.6815978255813634,0.7177522051221145,0.7027497357488938
26,1536,1549,0.6648191833775112,0.711218426198287,0.7004616919586646,0.7038552954093401,0.7121896464672165,0.7061234223553925,0.6998635743084675,0.6937115530721428,0.710188664213197,0.6983636388717261,0.667478036858972,0.7108026359151067,0.6966181580637197
27,1559,1514,0.6666246948717851,0.7544172125212933,0.7419349865834266,0.736855147293598,0.763506035536516,0.7433688732649412,0.7453565831702508,0.7383496110548412,0.7660688403250294,0.723538737787089,0.6945525942969747,0.7242628258663496,0.716504467809053
28,1542,1556,0.6607230196245116,0.710585394624152,0.6928239233508798,0.6984513391510087,0.7075450043348639,0.7098561163548109,0.703964640642444,0.7077287369459454,0.7192685273834765,0.6884799553038589,0.6692106733223081,0.7084239687510627,0.7101213059695336
29,1561,1501,0.6680715275349618,0.7358414994357084,0.7219378329518592,0.7114956650622709,0.7360596468076542,0.7298673173678267,0.7251801370631963,0.7146067136322828,0.7370604380823064,0.7264887985960329,0.7085431642316429,0.7412618163832202,0.7410138277295283
30,1556,1538,0.6692284755961764,0.7349512655523246,0.7289452236907549,0.708488826848197,0.746269940706977,0.7201260872239,0.7268364331833006,0.705267268421902,0.7420837199538111,0.7145803306644039,0.7020415697073811,0.740482725400032,0.722870842752353
31,1559,1529,0.665767777966998,0.7310575941693752,0.7294028523367334,0.7094346726019204,0.746508737023697,0.7212857793322389,0.726814170904018,0.7029851498508595,0.7435578313146525,0.7123159339232823,0.6804530083718303,0.7240198606412025,0.7037288833149552
32,1573,1523,0.6607599693073002,0.7106158428472535,0.7008376923750949,0.7015113465229739,0.7123016526878565,0.7042172966780783,0.7017135253156426,0.6960732137768334,0.7112303503476353,0.7061657456886449,0.6943004084606903,0.7252627012411201,0.7229358553123403
33,1569,1542,0.6579162758908438,0.7212589736374165,0.7056369489564042,0.7073549737250854,0.7228328602921295,0.7240393456190479,0.7199096280662542,0.7095209398451902,0.736358783768576,0.6893451834869289,0.6549538507762374,0.7160736757316813,0.7045588530547483
34,1573,1483,0.658873895293461,0.6993567472812453,0.6884010964894942,0.6949879815066269,0.6999908951348978,0.7075441655783246,0.7034059669329498,0.7019196675143415,0.7139880930159495,0.6757898718638246,0.6675388548024592,0.7015622862929964,0.6917690838279961
35,1598,1513,0.6655960920880923,0.7121086675194125,0.7102109229375244,0.6995402697179733,0.7276727825392656,0.7018661162777977,0.7163360700996849,0.6952432851311938,0.7326285292708863,0.7097282061582807,0.6768730272064712,0.7088023756653018,0.7042483715632418
36,1563,1541,0.6697274794382636,0.7437331391525454,0.7454559210364243,0.7325281829434664,0.7553849590808209,0.7365084662540372,0.7387698106445331,0.7176943772210009,0.7460980691408299,0.7134258020292608,0.6713960839429268,0.7187098548124841,0.7056556013726307
37,1556,1563,0.6594955863783737,0.7410248258772187,0.7253719540929068,0.7182189136825089,0.7421431306678821,0.7385678497703635,0.7411896214628303,0.7291020271067877,0.7563579284862479,0.7159750576957365,0.7052856590366233,0.7450748749664161,0.740644373326184
38,1598,1510,0.6647956160068337,0.7205500446813138,0.7126130402619009,0.7040291010575762,0.7267927564528975,0.7195483908161523,0.7224279020912666,0.7078801458395814,0.7345780221560698,0.6966643601672389,0.6875499757970357,0.7240654960477383,0.7225310218177287
39,1532,1544,0.6562358650657599,0.7157324393418184,0.7011507926890597,0.7136905086561696,0.7141188870267059,0.714414746943364,0.7019213799845941,0.7024786502641649,0.7149100039859146,0.6755929320203907,0.6482362370076313,0.6964372434540722,0.6825044826725036
40,1595,1514,0.6557293502296181,0.7041119327166466,0.6916476187978683,0.6940390308320327,0.7067189269824469,0.6999169934476387,0.7027154578778547,0.7050890036316247,0.7159457182508321,0.7161445734865722,0.6764705566732314,0.7129769037214104,0.7120154497070169
41,1573,1539,0.6648517562518679,0.7318002117177239,0.7215433749049885,0.721789332975201,0.7392788890278668,0.7235419045199646,0.7293799008737574,0.7242404137140108,0.7459883087158045,0.7180966712283543,0.6901063467623852,0.713774281702831,0.7102022852558157
42,1602,1509,0.6540520425595736,0.6845634434309597,0.6909679188080377,0.6813719622198753,0.7010672768521687,0.6968044878427663,0.7075184898806031,0.697430387195163,0.7177091035806274,0.7000406048646356,0.6672138252916834,0.7188420636768688,0.7016463866847632
43,1548,1548,0.6603628422680013,0.7138158111978251,0.7047997889258891,0.7005498831645532,0.7180348460306136,0.7134076187075283,0.7078730969847605,0.7019844314705515,0.7183150232395823,0.7036998340611639,0.6784156563562845,0.7178941799351113,0.706368673259471
44,1582,1517,0.6565967686118744,0.6872018232080814,0.674069962435409,0.6859720426015281,0.6948092003577371,0.6807804016643111,0.6792401698016194,0.6849066693092237,0.6975009716633362,0.6825233296366165,0.6516133848853116,0.7034826457123772,0.6942412302286859
45,1607,1475,0.6583953445519766,0.6822366525014537,0.668866088100942,0.6750916585980993,0.6817667172656783,0.693320836239428,0.6864325581188027,0.6871855007924331,0.6998235048260851,0.6806930890179524,0.6536087720289335,0.6939106814338123,0.6906253107006686
46,1594,1471,0.6483665389018345,0.6921977944462819,0.6940825158201175,0.6830958739249305,0.7021592074719364,0.7091768636621804,0.7145337199448122,0.7044399719058116,0.7245267252479557,0.6950316401019441,0.6765733642641361,0.7295818296490983,0.6985508951477327
47,1573,1496,0.6733575690031749,0.7822902397817422,0.765671161906263,0.7448282727266162,0.7818952312209294,0.777680902580026,0.7735208857604908,0.7389868278823184,0.7866451521745379,0.7489835074235942,0.7095819268008253,0.7468613179363217,0.7408450073829529
48,1598,1503,0.6638119045487016,0.7495426442381501,0.7424867632910079,0.7196863771450507,0.7593885559466631,0.7414111460510137,0.7473067471887813,0.7196191903443316,0.7640763853519278,0.726867457238565,0.6958156809060319,0.7195354652321527,0.7358404182875764
49,1583,1504,0.6606974199510722,0.712618396441961,0.702654551528113,0.7099861017292768,0.7188313608886673,0.70577918696355,0.7124433777569892,0.7131501960431308,0.7275447338415199,0.6930032640715655,0.6603751700275122,0.7043278138867463,0.6978182338166956
50,1584,1517,0.6651687986410044,0.7286820043427258,0.7256545932098484,0.7229479577266567,0.7416162969654981,0.7295636052621797,0.7352887683853716,0.730782838867699,0.74926887976276,0.727538792874458,0.6942193272857216,0.7403288608261634,0.726026408601602
51,1539,1562,0.658057883612991,0.7132988973248194,0.6983342080170768,0.6777541982191414,0.7082211772862457,0.7224073923855695,0.7093600048118283,0.6812723635879169,0.7191577140161921,0.673582772723614,0.6545656397272649,0.6822160770447276,0.6749264109682553
52,1568,1480,0.6664996692651448,0.7012242925182689,0.6864131043533763,0.7047601260802865,0.7021076480818761,0.7024569883226212,0.6994976722859655,0.7086289583564536,0.712397176988051,0.7039362643998424,0.6815277346274454,0.7235743643692638,0.712507612742085
53,1586,1471,0.6685052352858125,0.6784270129368434,0.677280103398646,0.6841789224387227,0.6822529226280178,0.6878113034581196,0.6823370347749961,0.6818551952454609,0.6851074133862624,0.6903396189608051,0.6700912742310847,0.7067042685400262,0.6881702504575318
54,1592,1509,0.6598392995388107,0.7102805119287832,0.712738711877077,0.7103397770273029,0.7227579798460982,0.7229454073986931,0.7279315722525106,0.7202803688223085,0.7374437540088602,0.7080215794420173,0.6901602259934448,0.7303206483799384,0.7241220462259726
55,1598,1500,0.6653633909687743,0.752907823498711,0.7443163594228902,0.7380591006813577,0.763744245583992,0.7521595837415908,0.7534529522554091,0.7346969870667017,0.7709334391108096,0.7424320213916188,0.704576589422744,0.7445326185605915,0.7384731965618084
56,1574,1533,0.6545443775232653,0.6961006849521117,0.6863278224703835,0.6907334114402903,0.7006695123494405,0.7018314841222848,0.6988755506684154,0.694157279222224,0.7121773234180844,0.6989891500837595,0.6841898849862775,0.711165633657595,0.6988647499638478
57,1579,1499,0.6555314421073306,0.7278036883088103,0.733648048926187,0.7211938964803347,0.7425446804815116,0.7322415598400225,0.7401698978362823,0.7232060384544458,0.7480809037238695,0.7058412880256206,0.6842638833858703,0.7410869022005483,0.7448773840782471
58,1591,1539,0.6573453698170729,0.6997452840517718,0.706304127324448,0.6911386004815555,0.7188099537285726,0.71051253896718,0.7238854020060974,0.7095531919740122,0.7362763261619658,0.6799296650445781,0.676058422269975,0.7359361722543377,0.7195704494935335
59,1562,1544,0.6612776289371278,0.7120329043110172,0.7045187407052195,0.7017006342842691,0.7232152737189766,0.7129177910388413,0.716553520712377,0.7125921806874208,0.7329446461243476,0.7093066304646612,0.6864672033989434,0.731357986071236,0.7227861126491287
60,1573,1505,0.6621560246996278,0.7165469108437027,0.7042622139448697,0.7124129670468201,0.7194149027626787,0.714904719192953,0.7114377253269365,0.7123604230687826,0.724353232849892,0.695573572828508,0.6826286807092066,0.7260402833726624,0.7141010262173055
61,1570,1509,0.6628671936267418,0.708269627485824,0.6882599748671044,0.6977866309703017,0.7051497319952172,0.699276891759237,0.6944363524016401,0.7060296769220893,0.7109391196512457,0.6994601262187963,0.6903276690345523,0.7055446529314785,0.7115157725212993
62,1557,1521,0.6541894380916378,0.7003373520754893,0.7055916864198034,0.6968416051874217,0.7158924663730448,0.6973786826527001,0.7069730749667408,0.6962276027776202,0.7159021942397179,0.6993625799727183,0.6833346925382905,0.7124550604794904,0.7096447805805133
63,1582,1508,0.665790739647331,0.7068875545575352,0.700715277038205,0.7024933176690458,0.7200906897844364,0.7048043554145255,0.7081604104371624,0.6991727693404359,0.7262143950247621,0.7389371975498306,0.6931783753716632,0.7277480844877993,0.7213928004145528
64,1584,1537,0.6658730660290024,0.7336349209301013,0.7315556590021965,0.7091491926979484,0.7408988462841214,0.7384347284777147,0.736216954566796,0.7046987006043182,0.7438731724230734,0.7274478879078207,0.7022963542887004,0.7433757915717677,0.7377776700935432
65,1543,1543,0.6630553794247411,0.7252515427573197,0.7087253896526133,0.719470432340567,0.7261676458038325,0.7186939933008214,0.7149257957598865,0.7171053871932137,0.7306250762797905,0.7104380529173638,0.6856467552844259,0.7410274570643016,0.7123609844596328
66,1596,1493,0.6597945373621709,0.7273160999734225,0.714028153935646,0.7201616327014656,0.730128369780041,0.7222235396196355,0.7206173582050723,0.7213995520898993,0.7356809280454044,0.6966073737556434,0.6817049007236654,0.721252734756252,0.7130468558872779
67,1498,1567,0.6592523812068254,0.7112012928342291,0.694289680052726,0.6907247512000331,0.7075764003013113,0.7087859848168682,0.7042224475198211,0.7010186971244273,0.7161172372118524,0.7027668449309823,0.6888749036408963,0.7205195628610686,0.7179326869147088
68,1560,1529,0.6666801744047156,0.7065121782072077,0.6939175392280232,0.6964918402069602,0.708162377508727,0.7049830483309684,0.7004968378333083,0.6960594349927116,0.714301333800491,0.6844411945731598,0.6656294406884196,0.6946617600980982,0.6815994037221629
69,1557,1515,0.669226402986274,0.7025401666553353,0.7106714508478712,0.6909915065982892,0.7197809222172303,0.7040154875935244,0.7200943801386256,0.6947747673735858,0.7284890320620472,0.7033018846331678,0.6769448619301732,0.7156498950901468,0.7140856700110544
70,1626,1472,0.6617029846161471,0.6873677664661091,0.6712910500427565,0.676450299699605,0.6879606167076424,0.6785214496499807,0.6740835832352444,0.6793708427843622,0.6892534076860725,0.6903303404242267,0.6555599984091983,0.697339661654292,0.6832355257705632
71,1547,1512,0.6598999636442152,0.6853593747733708,0.6626219215750202,0.6770203200201634,0.6858086552849461,0.6761674971644925,0.6701335830524742,0.6794559426290454,0.6910244307285536,0.6979527273837464,0.6604864144512268,0.701500808451821,0.6893790074906487
72,1562,1559,0.6604721992615917,0.7179335719421261,0.7029979171614779,0.711659473263681,0.7229187837498815,0.711240220068004,0.706126799943969,0.7014286598610611,0.723301021408609,0.7141963028434414,0.6863448963254533,0.7312888926055077,0.715424042413238
73,1548,1520,0.6673685818091403,0.723271474614685,0.7205585029375616,0.7206309408109537,0.7435675900067459,0.7055475059415366,0.7215866540871025,0.7102551989690751,0.7418616197231784,0.722766896949363,0.6893220046164273,0.733453731336044,0.7236752493047158
74,1539,1546,0.6629200603437355,0.720725587425294,0.7215100046553792,0.7068556974487085,0.7343090351346884,0.7167672179801471,0.7206157014166731,0.7043396748100351,0.731585098054143,0.7225725923960191,0.6918708600930776,0.743117086408547,0.7180093548420075
75,1554,1512,0.6633888445609389,0.7382054374545424,0.735082291145773,0.7169898207034074,0.7481945687049233,0.7346228546320079,0.7381044408009567,0.7098193428516969,0.7474793569206035,0.7012573082069038,0.6765189108616453,0.7165971617057223,0.7066431603630724
76,1580,1511,0.6619500578824897,0.7106549075966984,0.6974809388957653,0.6996917182410669,0.7136851440916364,0.703163374520403,0.7052451792327368,0.7063916783658158,0.7194892122061715,0.6975937725260036,0.667467329930869,0.7213186743658947,0.7154716516551716
77,1578,1538,0.6623711738599385,0.7102920093918924,0.7148746675684875,0.7012973912905902,0.7292905276975671,0.7080616319374776,0.7265608850259635,0.7078446444482165,0.7406013633558868,0.6918581547791032,0.6687659075720983,0.6943850713721423,0.6913898127439627
78,1558,1467,0.670062441065731,0.7292143357569296,0.7353107100411155,0.7081158814140992,0.7476133815418284,0.7168308072682971,0.7396642307087665,0.7066223716241984,0.749836982797837,0.7161570383780652,0.6904990953208948,0.7376007937362462,0.7163995187457305
79,1581,1483,0.6564540149152573,0.705146540161897,0.6910053394299095,0.6995954629935162,0.7039045590535212,0.7018977867140958,0.6982224950140817,0.6972985116146705,0.7060965170687985,0.691018613602457,0.6593740525273075,0.6950761313877346,0.6897596239339042
80,1591,1489,0.6647418606599499,0.7265182604881131,0.7110830947009167,0.7139493030044446,0.7258491307213376,0.7281205827090107,0.7261574813866848,0.7202853955674258,0.7403431978796012,0.6847944710036388,0.6664066635904465,0.7319840700503928,0.7216504672339108
81,1559,1526,0.6699023930277597,0.747880695084891,0.7411297521285728,0.7252697801395768,0.7582196251539455,0.7332318407236952,0.7442734521560797,0.7299905542852673,0.761075880804351,0.7250010151579265,0.6944371929648657,0.7297550003614761,0.7137227766821653
82,1573,1503,0.6583851041018522,0.7311891407081961,0.7346030811408223,0.7159601750287224,0.7478921961894408,0.7424508843732701,0.7526307468093594,0.7306837544382393,0.7647459535565334,0.7042119153598048,0.6877729869403012,0.7439500070665068,0.7329711361715895
83,1549,1497,0.6624454659476314,0.7461525712629266,0.7384042195666524,0.7404995900403095,0.7504725903985442,0.7301950619061989,0.734678018571421,0.7304012330975751,0.7418173919135536,0.7068856941741839,0.6852479858440856,0.7389646543315399,0.7349620999279036
84,1553,1568,0.6563242514398364,0.7312490713044022,0.7354693409816241,0.7193862901707793,0.7469011829822322,0.7290713944907339,0.7355656715080784,0.717115963898409,0.7470933553921686,0.7356067205298187,0.7040810117107558,0.7454768161034088,0.7251236684098742
85,1600,1533,0.6610506283616382,0.7376012613970485,0.7348492672877274,0.7260373610116873,0.7456711848825511,0.7368543559132783,0.7444109213586975,0.7299340407937421,0.7541630507962302,0.7117197426707416,0.6993651086369527,0.7442127210551052,0.7402338426733344
86,1592,1509,0.6669321649521598,0.7200924168075823,0.7246469814076408,0.7126147129426273,0.7393410025595692,0.7119526130530222,0.7242061830801075,0.7026269775303315,0.7353478835000038,0.7135814494161458,0.6850835828357523,0.7223520573465376,0.7208812481622726
87,1527,1558,0.6687476041275328,0.7524401168175895,0.7339791078360094,0.7345152575670283,0.7539370177913497,0.7411016083778456,0.7407492209627993,0.7332865761600152,0.7609926931894335,0.7185865993247008,0.6904909514151825,0.7277767731702756,0.7232904887819167
88,1539,1501,0.6745256536874831,0.7177098061886377,0.7103149419134415,0.7062785001440129,0.7267934457564771,0.7013502563806422,0.7075979477200892,0.6888534493708525,0.7220917398912958,0.7234826579387073,0.6908227652154632,0.7173184326064767,0.7111877370823179
89,1570,1512,0.6553710951496651,0.7062601446340445,0.6971037009477988,0.6965367400236537,0.7153158100871754,0.70627866391663,0.709653278747287,0.7043122016948947,0.7267595645045778,0.6951012856045183,0.6554059256752138,0.700952224423608,0.6928511165933556
90,1539,1547,0.6542444570258257,0.7052040462313778,0.6943695445324642,0.6865018453019951,0.7088042833553261,0.7147637865352925,0.7087847195683304,0.6961306996921691,0.7227668588843931,0.701955492967511,0.660085265783771,0.7188784737403238,0.7027623578748041
91,1555,1543,0.6637948499621786,0.72575019266113,0.7082901947381445,0.7021549457410722,0.7252926605596264,0.7277783409088282,0.7234402387746911,0.7129806039195923,0.7408901053422007,0.7080410950467587,0.6836388713813449,0.7100243577747161,0.7032357720620124
92,1586,1485,0.6599814331523924,0.7165085677072301,0.7050488094521454,0.7124747248641368,0.7216205512531808,0.7128893667833169,0.7058381912967284,0.7076364677733824,0.7199121639759,0.693629041280215,0.677558534587397,0.7225071733512247,0.7099835046033486
93,1585,1474,0.6618832911326051,0.6993458736746421,0.7090322233830914,0.7040175259270047,0.7155371981899812,0.7007914817856433,0.7162757475850874,0.6995973203209233,0.7221795912710225,0.7046710996678892,0.676560136594456,0.7255403583619262,0.711612359269691
94,1563,1533,0.664375283643448,0.7294012015596728,0.732341473471826,0.7027289727600322,0.7423996342495891,0.7353580159066985,0.7354616462724386,0.701910224677485,0.7450871272138132,0.7247799977206241,0.6984593628778499,0.7392958622340089,0.7190403260469459
95,1601,1477,0.6697124441093902,0.7311657400464155,0.7365742126582557,0.707122932346469,0.7500879040567989,0.7290587818455703,0.7440435506956227,0.7120089973949952,0.7559744021466377,0.6914610512816024,0.6898369844482024,0.7298701009500453,0.7127068715265672
96,1565,1518,0.6587047559606458,0.7325333560865352,0.7430778413907496,0.704994637821668,0.7510264909263782,0.7374468223012849,0.7502609864798199,0.716485782148667,0.760641325611168,0.7466364869914416,0.7173281442533822,0.7618245713281289,0.7501245552079212
97,1548,1548,0.6590443879411473,0.6988253257304005,0.6939930938233675,0.693704426371013,0.7095859967285301,0.6963142876913758,0.703687236320337,0.7041297757401012,0.7193458474646113,0.6916588699452315,0.70014400906738,0.7123154176732315,0.7290059191240954
98,1607,1468,0.6563934240307664,0.6970162562179456,0.6859441279881325,0.6839419315348102,0.6995672187582307,0.7030034214740598,0.6957100775113111,0.6854513026395169,0.7084109282709375,0.6861097675494373,0.6521650772449556,0.6872439147051141,0.6667099712722352
99,1598,1496,0.6572695921196176,0.7427449068874342,0.7399827137077656,0.7129615013282639,0.7530082797840041,0.7486073505771226,0.7485945606926849,0.7209715445126336,0.7611992780972378,0.7135738420312443,0.6907463301466961,0.7259767859877853,0.7129772015922227
100,1590,1483,0.6557915085950475,0.7183720521735382,0.7128022344539429,0.7039268983825541,0.7251306123037752,0.7167420272499496,0.7211685482716456,0.7156498423397074,0.7329489725560049,0.6923564685949984,0.6774243286160004,0.721117856570058,0.7194335367793697
101,1557,1542,0.6664186047863255,0.7107663735185297,0.7041638616791138,0.7092639535322832,0.713773548365587,0.7112234758071403,0.7071446635206693,0.7075071237312768,0.7145548157626462,0.7003777696441302,0.679251349873388,0.7096257036435893,0.7096367721202517
102,1592,1501,0.6430208563723642,0.7079879705533316,0.7019303822643358,0.6815293639293255,0.7113333288596454,0.7134389285564768,0.7184741752715407,0.6958369037862508,0.7260545848576054,0.6793607757677605,0.6671887484397155,0.714343522652059,0.7107327290705404
103,1568,1482,0.652473307372894,0.6765329635429165,0.6726380873948479,0.6843519052520247,0.6866205506845374,0.6854220428414177,0.687767217305261,0.6931056348875841,0.7008452224507151,0.6900836773362982,0.6633563884207934,0.7336442778631674,0.7041426660512149
104,1609,1504,0.6576508555888764,0.7115375369239592,0.7069962613291169,0.7075328479427274,0.7226083960258475,0.7127841382977127,0.7238221596918142,0.7208695337856897,0.7383496536335996,0.7040109326059485,0.6770652650243864,0.7213520885235396,0.7091188210524757
105,1592,1465,0.662415582506693,0.7069941736652032,0.705120414160108,0.6903974155709599,0.7113570513095753,0.709671953203623,0.7114129356986963,0.702123395846202,0.7195310622019209,0.675917382322907,0.6790741592146552,0.7165473938421231,0.706867021261305
106,1586,1534,0.6655352877298648,0.7016980222993077,0.6956172848654161,0.6959344255338658,0.7044835988437237,0.7076274860782084,0.7067853236477828,0.6949948089961332,0.7139491530842526,0.6951116515215617,0.6826026108260371,0.71969879656533,0.7172066124649448
107,1595,1499,0.6664367089678728,0.7229409957152693,0.7191092555546955,0.7128151695672297,0.7350208717372637,0.7192403176226202,0.7233358593555504,0.7099060414481954,0.7370472422420652,0.7401721172323668,0.7051677662101236,0.741101683515373,0.7261854370453511
108,1548,1501,0.6550682284141534,0.6752462493538262,0.6609653165369853,0.6692408399968647,0.6735990402728727,0.6818801454393786,0.6827902162668392,0.688989808184777,0.6940562115982836,0.6882380436934811,0.6788403272044174,0.7160036505326223,0.7117832547863238
109,1525,1555,0.6698237471105862,0.718262286751065,0.7250315425770618,0.7093044271662452,0.7341812681234736,0.7150635498210545,0.7209611613865496,0.7071010070589852,0.7295641711346993,0.7304454665690981,0.7049770062976932,0.7397457801650767,0.7416717398134787
110,1555,1513,0.6557632580290456,0.7273619895951283,0.7211447555191776,0.7175311330712025,0.7382008258943299,0.7295302098791223,0.7349241985764526,0.7254396002189246,0.7487795769502257,0.6840377542840229,0.6614874789501667,0.7001900085348144,0.7006364754569259
111,1546,1501,0.6557161085102333,0.6937276107418326,0.6795429301153636,0.6861502269131388,0.6932638597104478,0.6990624450190938,0.6944198804590458,0.6982614264016309,0.7093103500626449,0.6698751515921251,0.6633397695585576,0.6819910974732555,0.6854440566993247
112,1547,1509,0.6628245377521195,0.7327812396854049,0.7204629378202642,0.7105822029103653,0.7341374266685711,0.7416833293297809,0.7395928793542885,0.7251121672340766,0.7520363491881057,0.7089498468269025,0.690129452158492,0.7163829544502595,0.7217300327123986
113,1594,1506,0.6539705462604833,0.7133438131782557,0.705484649179431,0.7068783291646037,0.7150310611600849,0.7224948329829964,0.7174904715620383,0.7073952939510123,0.7265327809632983,0.6963563204482631,0.6653291496406459,0.708004571489189,0.681854879781866
114,1540,1508,0.6551246658686861,0.7111281465090069,0.7071124159117341,0.6900547888993004,0.7174856685828434,0.7218647801916108,0.7238227629872935,0.7020741900347865,0.7343848517931431,0.7202438488352789,0.7026353379169583,0.7260247975597339,0.7356379690629726
115,1577,1501,0.6685714904032382,0.7361319020294056,0.7225406452555901,0.7314667900309297,0.7438459795534363,0.7145860008623339,0.7244499383485422,0.7313783565076759,0.7433839990158648,0.6890663555562372,0.6805478762657352,0.7043126613707446,0.702595288096468
116,1551,1553,0.6626146433412419,0.7205585705280753,0.7182463809547799,0.7023771217743616,0.7317438824443909,0.7182306575099157,0.7285106179409248,0.7070620375930045,0.7407699969932796,0.713668876366677,0.6922177836381566,0.7436135404137368,0.7293750499156353
117,1568,1515,0.6617488391181441,0.7168821998529372,0.7079930881760138,0.7112376721130795,0.7250511313661013,0.7248019462769444,0.7248812860008469,0.7217237174811911,0.7427077566399685,0.6959464828421951,0.6835848640441456,0.712278253906911,0.7066212398054265
118,1571,1526,0.6618193153059403,0.754044988792295,0.740265392165455,0.7117034804590634,0.7631763905483518,0.7424017879540372,0.7495164950413943,0.7136655952349494,0.7710465621324485,0.7089780015249805,0.6921317146723945,0.7240589561252911,0.7187174323246207
119,1597,1500,0.6559557672563774,0.7082790393573819,0.7127136430432002,0.7100561056678163,0.7230944581608942,0.7106024770329862,0.7099878638660878,0.7074457937295383,0.7177917362329902,0.6897269762400204,0.6713762131552973,0.7203951119297098,0.7015049011386972
120,1549,1538,0.6685913593086279,0.7097961234707881,0.7055617187195024,0.6928648422209581,0.7134856424111219,0.7106194115664002,0.7122311207498737,0.6954546718661945,0.7179192367282545,0.7006824200500654,0.6729606059258673,0.7187723315726677,0.7039902044352523
121,1602,1491,0.6606372467388535,0.7251978397098074,0.7140333251585108,0.7142350026222914,0.730320918839064,0.7257845568779024,0.724452689732113,0.7158355996235082,0.741753728228507,0.7267777737768849,0.7010439763528934,0.7404521767473345,0.7248915467631065
122,1569,1524,0.6553359223101919,0.7269646977023045,0.6989006297805124,0.6975365648455478,0.7239080856801452,0.7113158822120675,0.7019383027452883,0.7005837766292679,0.7272054177509475,0.7092986147220759,0.6804174993259006,0.7156761490914905,0.6965710259954542
123,1555,1532,0.6645892681236506,0.7302278165755126,0.7248125392163808,0.7199687725789858,0.7441144654081059,0.726043060092982,0.7370646084240515,0.7254796774004585,0.7557858678832068,0.7232990053919081,0.6810236952530836,0.7224299652371512,0.7132719003032402
124,1559,1521,0.6679258574770397,0.717620347582323,0.7167511590346345,0.7052810009512165,0.7304733538760949,0.716905998141957,0.7248934598700162,0.7069107600832171,0.7373490866745767,0.7062129059529689,0.6988242183305793,0.7182075383516409,0.7179359802788728
125,1633,1462,0.6611008480422228,0.766272145821395,0.7417542581197326,0.725830143843178,0.7613979607511551,0.7504054292619567,0.7415812292674668,0.7168787391422103,0.760644013693547,0.715542527016176,0.6782692061244002,0.7207944489380872,0.714340554165087
126,1566,1510,0.6685723717700891,0.7517520290043426,0.7212543782645723,0.7407264130073069,0.749131206716627,0.7280871291902697,0.727116718604982,0.7343929529246841,0.7540224115631203,0.7115197622340019,0.6935878541067985,0.7397824674243795,0.719507694749064
127,1591,1513,0.66483780064677,0.7411554241466287,0.7274873927622595,0.7266634987503977,0.7477411912899208,0.7293835586885792,0.7354974414456988,0.7305735183120189,0.7533409056600023,0.7240389891417942,0.6894345482097781,0.7256707236305535,0.7269040248709966
128,1571,1531,0.6547588241546876,0.7023492999563073,0.6961848316637111,0.6964512718642953,0.7063280382407574,0.7115345021846537,0.7103305431191984,0.7065411673303473,0.7199775815341841,0.6690016578159947,0.6543138545547095,0.7049816556380706,0.6903830819743676
129,1588,1513,0.6617038002158586,0.7044691090685078,0.6903496886504105,0.6995151836104231,0.7048751286634029,0.6983193522690357,0.6966504618368358,0.7054232805868934,0.7115736257878734,0.701881301651818,0.6697947525055713,0.7100415325251445,0.6939621154846126
130,1546,1585,0.6624202082930228,0.7304223414804638,0.7296618588247519,0.703692791156527,0.7474934929991499,0.7220696223115683,0.7408337437336135,0.7134330244559638,0.756983013079265,0.7205846396772201,0.6842380818390938,0.727220105812089,0.723618735215022
131,1580,1520,0.6478940545444387,0.718368677263933,0.711271199515484,0.7075625217691384,0.7255133016354286,0.7337072576352102,0.7355588126679095,0.7252563747812831,0.7468488959372361,0.7011787812706695,0.6682746013401182,0.7267577981343157,0.7116299513788935
132,1571,1511,0.6580933005273945,0.7284773108189849,0.7220031665379185,0.7131726833430112,0.7337089541313576,0.734026703431151,0.7326171140802771,0.7117627186235718,0.7415109723790088,0.7143722057720133,0.7078886228226468,0.749178604136651,0.7274864726643252
133,1570,1493,0.6625602191438558,0.7078712269416522,0.7090753603931298,0.7006587515387677,0.7144900782881183,0.7211497200079896,0.7190771362188482,0.7066079967728846,0.7243996600395927,0.7005749439933847,0.6781638311786323,0.7156773976273437,0.705998109668536
134,1591,1500,0.6645932910103175,0.7434336371680872,0.7348314037991759,0.7366371138911436,0.7522844912301773,0.7381922716969452,0.7399546724168337,0.7363426247991459,0.7556126550224923,0.7404353215919712,0.6927666448464742,0.7472040072591054,0.7347022040245623
135,1579,1481,0.6670825124143215,0.7145421459985051,0.700883062310831,0.6974114426302083,0.721353467096979,0.6991444542510292,0.7049524604807853,0.6945331352944769,0.7253900046916276,0.7059069660560733,0.6817443859620523,0.6925044028561187,0.6896084521341762
136,1571,1524,0.6666668247375543,0.7160292698085295,0.7139009656127955,0.6973955684933487,0.7248099422447623,0.7031556263037738,0.7134243276596743,0.6972020735048614,0.7215076238871626,0.6997532322624139,0.6745836421600895,0.7110684016282159,0.7001847883230624
137,1540,1531,0.6515046698994867,0.7311191813865893,0.7292450541131692,0.7184535912194078,0.7404475715227116,0.7422708929748507,0.7411895640187584,0.7258880677120033,0.7536987620726511,0.6959678083653164,0.6718124883999115,0.7208057709403192,0.7068241608101037
138,1579,1449,0.6562140241927797,0.7050274049484283,0.7153811819909771,0.6948750032283535,0.7239950661129677,0.7135849701052039,0.7234257096549895,0.702041437274316,0.7298544239755511,0.7237435286028436,0.700802793136496,0.721075586648069,0.7241901154949212
139,1549,1532,0.6605878911128238,0.7240168713252124,0.7087661349717946,0.7128855442905642,0.7277641647193085,0.7219220961237621,0.7170981217198436,0.7126046906638085,0.735931541483857,0.7065016833749256,0.6701698530087756,0.720577578575043,0.6987958139191505
140,1544,1503,0.6587946518226468,0.7071331815015576,0.7139306236381856,0.7032834809570163,0.7285038197341221,0.7084093563090399,0.7240206206842148,0.7065612541136752,0.7377473097821562,0.7076145907145033,0.6873807147159606,0.7210128442979187,0.7071519856719871
141,1583,1479,0.6673495964441528,0.7283693659697975,0.7223037408954207,0.7044509339052183,0.7322600965493792,0.7312713569939795,0.7276753801872072,0.7005534479440741,0.7376413432619245,0.7213314485845306,0.7112696427463827,0.7338020815746418,0.7348105882264396
142,1556,1523,0.6613896222138028,0.7320761142901417,0.7207469430524518,0.7058371416477358,0.7328670948542961,0.7279475104801054,0.7221020602461994,0.7037062926833593,0.7334825667058396,0.7048998945508803,0.6798356526904571,0.7058974983690296,0.6983634913057974
143,1591,1488,0.6635552707424455,0.6888067356581702,0.6766658463751136,0.6779908148132611,0.6927482511709193,0.6943609953164757,0.6933852265526645,0.6866140434847434,0.7092004435605973,0.7015310551969994,0.6780162623029578,0.7050326088035264,0.7040754790510513
144,1595,1522,0.6606468222242405,0.7137638142140218,0.6996372821028849,0.7055508851818534,0.7093912114864276,0.707293048280104,0.7037228053736334,0.7048023039500418,0.7122912681814538,0.7022493206168403,0.6749454472077872,0.6885162077436491,0.6818681568181014
145,1549,1515,0.6652070579487738,0.729920198557062,0.7181141303529085,0.7103314645058868,0.7312422217319581,0.7336828045432199,0.7343465605030105,0.7177753678810481,0.7473434882382811,0.7167045593579358,0.6812951961483609,0.7241030189807452,0.7170093993600144
146,1567,1549,0.6661561248824786,0.7374086447148283,0.7243103463768097,0.7315994484532488,0.7419949417632691,0.7213262623157731,0.723178462320431,0.7244681541486131,0.7415042874671456,0.6851548132121398,0.6711076322023125,0.704667849427186,0.7018759507246215
147,1530,1519,0.6566077450521306,0.725498101309782,0.7328985617706122,0.7110945652447963,0.7444711355832584,0.7290805936079958,0.7474336722193489,0.719440874172129,0.7589729862821061,0.6996963057528196,0.6820689902553422,0.7260867762001406,0.7060740533791969
148,1547,1555,0.65454419282161,0.7038437386836709,0.6938662374564185,0.6862560426903397,0.7093623269338935,0.7058090269804098,0.7030207268043738,0.6927187338281998,0.7180079325890243,0.680444211927749,0.6641501931031233,0.7115306955415279,0.7058608801692636
149,1575,1520,0.6597590907844549,0.6967336959997517,0.701699819639363,0.6849940903565994,0.706831319979459,0.7007849159728232,0.7076998492367303,0.687287674236382,0.7113067776217048,0.6984913662399517,0.6860256893556189,0.7083575809873403,0.7059583925090587
150,1594,1498,0.6589937951093069,0.6815377304035393,0.6641440051043048,0.6762305293095436,0.6818209527937739,0.6856185526417642,0.6810028182330138,0.687750127498127,0.6986864950487096,0.6834814627301922,0.6769566516179183,0.7037201363214667,0.6976624139364528
151,1536,1528,0.6654885210278713,0.7354759702065192,0.7062803876675279,0.7190056937314969,0.7321221807875763,0.7202379651169365,0.7171237082180776,0.7227366967055843,0.7416444246057887,0.691400897472456,0.668069127830523,0.70227062422388,0.6924282534675286
152,1527,1535,0.6514115598469268,0.6962988850741375,0.7083069605564386,0.6963411131790033,0.7187617014130906,0.7101792587315093,0.7232224271046519,0.7034144031929261,0.7320779520771601,0.7103343756053526,0.6915094356425402,0.7368285869159731,0.7249901655579302
153,1572,1516,0.6661939805946467,0.7538759640641353,0.7416728172989576,0.7385671938687163,0.7619543699694782,0.7377232908393723,0.7345186744767889,0.7274537896616939,0.7526237284129894,0.7260234910638422,0.6870815953313593,0.7261841518638295,0.7090404845785676
154,1555,1522,0.6721645781306158,0.7254209013903641,0.7049440343521644,0.7145446375943293,0.7180391391977935,0.712481282500844,0.7026264454115474,0.7049809085582963,0.7152254371858704,0.6949225102985445,0.6868133360565195,0.7129093006789002,0.7030553355139727
155,1591,1492,0.6681546669187111,0.7100965414666253,0.7013152076549674,0.6985008293232505,0.7151350586108416,0.7002287296786077,0.7069015619605107,0.7028908062041385,0.7195390843316058,0.7076423684029182,0.6894129781671635,0.705018978697061,0.6967608987181421
156,1614,1501,0.660172566483206,0.7049127644626908,0.6893869893026778,0.6864266669871328,0.7052161589764727,0.7011681650121815,0.6991536199038653,0.6950295623967826,0.7136731898832922,0.6848206690486944,0.6748121961618868,0.6908847921943184,0.691814648860986
157,1568,1540,0.6596591249374242,0.7227714497158275,0.7189992516924787,0.6981290500995807,0.7306108472335276,0.7327329722723044,0.7350400845079788,0.7079730059079766,0.7450215096857197,0.7232223007911847,0.688781225148683,0.7247364343326242,0.7111562641920018
158,1560,1500,0.6648334253922357,0.7086940172948547,0.7013073962768323,0.6870438607390121,0.7201728282358223,0.6985777475622595,0.7074726584528149,0.690756621843346,0.7225142379254031,0.7158573939386272,0.6825729965796833,0.711200944068556,0.7026811937719611
159,1517,1540,0.6518250666707986,0.7157566542171111,0.7027884390168511,0.6945755042994645,0.7264358375565793,0.7133102514304914,0.7202749027641699,0.7089619433893005,0.743733598380781,0.7379199192198602,0.7177386063740459,0.7698852101913305,0.7559060588820886
160,1618,1511,0.6608866808155017,0.7014777837058739,0.6801297928560545,0.6966343245669538,0.6991445348111187,0.6906530111474337,0.6878271085904877,0.6996123913089403,0.7046941260521014,0.6805075524081152,0.651494263339325,0.6770665894004726,0.6748984872462828
161,1562,1537,0.6568415536941699,0.6752743594278313,0.6732161881143329,0.6717170630710997,0.6813180636046351,0.687154967637527,0.6840565664469569,0.6738296678727039,0.6919028034307527,0.666970207360832,0.6564129041089791,0.6816055187411991,0.6782995085273227
162,1583,1478,0.6766880335222235,0.745022592965345,0.7443976614939423,0.7174946659390847,0.7571577241098617,0.729364576285656,0.7412713873076251,0.7067636047428849,0.754754942596429,0.7280471012501267,0.7140638792276129,0.7399611923055578,0.7336977958026961
163,1584,1502,0.6643438428115653,0.6993137279277709,0.6916942772592277,0.6831588846090535,0.7028158097075089,0.6997514713511952,0.6998372252981532,0.6873556413651911,0.7086751826433763,0.7105855178120382,0.690454615536224,0.7292123654434373,0.7243772350998412
164,1559,1514,0.6650753616781475,0.7676443376024649,0.7479585439133937,0.7236239328524824,0.7653727734694211,0.7626495719448839,0.7563332402477821,0.7318233052750637,0.7719017722486239,0.711007746987465,0.6819875037020846,0.7273170131259548,0.7273501232445437
165,1575,1540,0.6627561027588296,0.7223681736758781,0.7133891304213353,0.705653609059118,0.7266476361182981,0.7123683132034484,0.7230167764663067,0.7149438274462749,0.7364630823940249,0.7074091364331877,0.6826396097578564,0.729973619797074,0.7172882081471244
166,1552,1565,0.6586484780160919,0.6939706481144766,0.6874708018980388,0.6874341399474323,0.7027556159432572,0.6918447801515821,0.6958993546609178,0.6884105278343058,0.7102745149042528,0.7044897342665326,0.6877902798526344,0.7024982325881839,0.7007683192727088
167,1602,1525,0.6591666568910546,0.7091489601896616,0.6933995937674036,0.7072146876138593,0.7062074889377884,0.719296962501517,0.7073315571940426,0.7118287062898312,0.7193357272970057,0.6781360731435404,0.6632691775610803,0.7271436648518926,0.7227429535322379
168,1589,1515,0.6605361193022481,0.695469525505767,0.6835566564108058,0.696919715364406,0.7003820261600988,0.6961507144822048,0.6928702330147787,0.6961774593645114,0.7090188984556437,0.7051899095417624,0.6822085087065839,0.7124618072004623,0.7001775445804306
169,1593,1500,0.6591271206850141,0.6997479807133234,0.6890697598909031,0.6946525625135604,0.7065785555596257,0.6932122245063099,0.6928318036623541,0.6949091435203549,0.7102237127434602,0.7149657833189519,0.680079025246609,0.7087679029233687,0.7012037667479599
170,1550,1504,0.6558156191981213,0.69478774707364,0.6877593422176351,0.6871006583547148,0.6945646653759388,0.7044434796692745,0.693879691048284,0.6918321245204772,0.698587897707024,0.6882399718277125,0.6896554513563039,0.7001535610162313,0.6988310761793194
171,1598,1483,0.6615061644868212,0.7659806959897417,0.7586336341941072,0.7427411141957792,0.7718703556181771,0.7496717996776439,0.7545229212207885,0.7315208123580289,0.7672452742748094,0.7198892102535991,0.6963761362488488,0.7362841839044124,0.7257350036249125
172,1560,1531,0.6581106795488783,0.694969960245492,0.6810169164420175,0.6910875570155613,0.6919429818468719,0.6957156508514417,0.6882749287599407,0.6967271611153326,0.6976587121447909,0.6823287626029246,0.6583374392005868,0.6974839512643575,0.6976626244937735
173,1572,1512,0.6743009430929406,0.747214824519406,0.7230066000104912,0.7420681924210611,0.742517182686273,0.7179354633847128,0.7117858175345139,0.7209631109718749,0.7286813180292592,0.7011964426302499,0.6933176286706704,0.7292570953898981,0.7140260242812165
174,1554,1543,0.6676800494186123,0.7110379740015104,0.6955932505545206,0.7014434432084619,0.7117054596501879,0.7113565036269274,0.7085453882435171,0.7088066642368002,0.7255071205799799,0.7015995860483528,0.6616969474011876,0.7040128535089663,0.7020287025138781
175,1588,1505,0.6685641021157476,0.7705196580610596,0.7518674076794706,0.7545847984514704,0.7759129041146999,0.7497775100206322,0.7519080683233599,0.7495893716729431,0.7758674014998526,0.7310087113802118,0.6777969367852872,0.7121188381718407,0.7064740721606163
176,1553,1511,0.6588267277290489,0.6940049332102096,0.6818898742057621,0.6918804180958177,0.6928314761683931,0.7014372498471256,0.6955380136843139,0.7007956827154316,0.7043428481236036,0.6775741504897688,0.6581345861124733,0.7109369968602941,0.7038086907398339
177,1542,1509,0.6650439484239294,0.7374305798132154,0.7204103355577787,0.7053440268901956,0.7344677246122903,0.7392124015164909,0.7324702382381765,0.7104005027622318,0.7451968588168278,0.7292332163304648,0.699090308251225,0.7292669656837877,0.7208101570017593
178,1591,1497,0.6473780332167247,0.7183203340229651,0.7128397643666599,0.7035803447115082,0.7204325460132444,0.7334394998469371,0.7257728550754462,0.7124494926819329,0.7326575451778113,0.7103366259860759,0.6952725425918639,0.7386027787709304,0.7287297203063271
179,1614,1484,0.660235040014423,0.7364042524166785,0.7197324990015533,0.7236715321800095,0.7421426139931887,0.7296607662441531,0.7253843522061096,0.7183655553583256,0.7461345002362558,0.7461792959878654,0.7047523985119997,0.7667831788279007,0.7549227825336898
180,1554,1564,0.6706630986663025,0.7322533987929838,0.7135479155447686,0.7019319945336608,0.7307552643868125,0.7174803388505497,0.7118511179397842,0.6951955358766763,0.7255238103764536,0.7160495170902559,0.6838362702927048,0.7104436359285998,0.7073642286907591
181,1574,1512,0.6693044171646558,0.7215237113066982,0.7224881938281932,0.7111818187163318,0.7376581116885802,0.7119984074110812,0.7282641261416682,0.7146238993212712,0.743364018998338,0.7099270314089245,0.6981934540613871,0.7198191418256864,0.7150594316378115
182,1600,1526,0.6603594895454366,0.7606809155729032,0.7587181911405239,0.725403928497347,0.7720414574535753,0.7533382057719495,0.7635584017827862,0.732733114967707,0.7749234280291123,0.7677912544647532,0.7391213840154164,0.7886751799898121,0.7719165191259191
183,1574,1525,0.6656662218414487,0.7146849639654759,0.7065705592273107,0.7125711164117444,0.7174570529329374,0.7191005530883117,0.714881456161187,0.713053642934759,0.7244092436705591,0.6946885848556156,0.6762683336419804,0.7217192880417201,0.7058162950338612
184,1564,1505,0.662866483914996,0.7031029337784188,0.689588376036218,0.6999100418593216,0.7057474490065884,0.6898289362706477,0.6908588292096709,0.70262639394509,0.7041427217330103,0.6874413700038743,0.6653662823557925,0.7035537364793253,0.6976164198351308
185,1550,1529,0.6689285135062301,0.739703432706679,0.7203204753246479,0.7276089300708307,0.7347394634388416,0.7399936297252895,0.7276192293763191,0.7253362718428784,0.7407820457528091,0.711350153627808,0.687862678327076,0.7367709928570992,0.7064031213348658
186,1590,1488,0.659810798470679,0.7186545198599277,0.7003258347181677,0.7033310192458713,0.7157716155463478,0.7243966980131987,0.7215410592746179,0.7178813675487333,0.7340421033852947,0.7367820298597748,0.7282157627840962,0.7752715808090026,0.7721343179306106
187,1531,1519,0.6641410073367734,0.7237263852694453,0.7263680248303469,0.7217901886036476,0.7327885627967788,0.7329821488199324,0.734351806085927,0.7282324002889806,0.7411928534557071,0.7173266325007115,0.6998580771866231,0.734993759968338,0.7280649087123293
188,1555,1520,0.667482820602416,0.7567592387740303,0.7498298358924875,0.7402406725977095,0.7645376117533025,0.7454267973029755,0.7496681741953475,0.7305366648557851,0.7632856403780642,0.7357052306819644,0.7244445634969301,0.7582593657700787,0.7553314552886491
189,1591,1527,0.6581331398309224,0.7013140362942557,0.686688461807179,0.7036939748276413,0.7011466812782953,0.710213513226977,0.703770903764645,0.7139522319374313,0.7182427294322983,0.6914709098808347,0.6812658985741381,0.7268141732800154,0.7176885296215506
190,1550,1527,0.6606841562502151,0.7095604929287977,0.7049362203069386,0.7019471910826046,0.7199775025470537,0.7137571656610001,0.7197579848794735,0.7105699245993022,0.7344772700705592,0.6962373601839853,0.6766708363272524,0.7141149086648928,0.7035920536424313
191,1564,1541,0.6630042711932964,0.7222727937126927,0.7228401884272523,0.7134765880498931,0.7280006911844291,0.7278655674059853,0.7330150222352095,0.7178706223742007,0.7360433460112009,0.7002662164509977,0.6897019068075771,0.7238591270300845,0.7207624530869758
192,1591,1518,0.6536028220534424,0.7250199747869587,0.7078613775665168,0.7017263372486163,0.7288434636097831,0.7205119790911069,0.7195263904816581,0.7099556248745398,0.7385446210798506,0.7064900113189108,0.6839489151085236,0.7167354373499435,0.7086752501267738
193,1532,1514,0.6675175993531535,0.724048644891327,0.7171530707944492,0.716549558806869,0.7299234754538351,0.7292438745559796,0.7244722806894368,0.7164272097741319,0.7368963451694224,0.7233514077123215,0.6796052963109711,0.7138855571944178,0.7037264583360736
194,1525,1544,0.656348297427116,0.716526419820953,0.7035860802170302,0.6972666166219902,0.7160562966680594,0.7183631383403891,0.7125543242117758,0.7047016149140426,0.7230815303936657,0.6933311522713237,0.6638115383831423,0.6970298259728748,0.695849361613762
195,1519,1529,0.6527045584902879,0.698872369373107,0.7161876521453235,0.6922493679620987,0.720346464999382,0.7104365594512463,0.7253873985269809,0.6930900435928237,0.7269313381744987,0.6779730998059247,0.661859903489239,0.7032290089914633,0.6962626887968327
196,1571,1511,0.6622884013086952,0.7704292625692439,0.7610847038806144,0.7269951440999335,0.779628759728207,0.7579522388198324,0.7592667092390657,0.7113525230471355,0.7763706537611607,0.7543385702904677,0.6936563822191635,0.724659931163178,0.7044128460816295
197,1589,1522,0.6648966459325159,0.7271993919681438,0.7279659699193991,0.7145466424611973,0.7378299680742484,0.734131217373964,0.7381630675481841,0.713790580343354,0.745961533841478,0.7208404281860241,0.6919369953371648,0.7313116044843666,0.718038753292144
198,1568,1524,0.6645235070717092,0.7337138570952458,0.721082604274114,0.7168968001629554,0.7377018886471531,0.723386653584234,0.727666573630149,0.7169448786977342,0.7411159018722476,0.7249884043523838,0.7101524811424489,0.7514323602472434,0.7455681916787138
199,1581,1499,0.6626607133683731,0.7062742595304542,0.7056953498592258,0.7012655795210363,0.7194096353581126,0.7093929907788493,0.7164691420624114,0.7094247705340355,0.7291936778481445,0.7046713428933628,0.6836186844465579,0.7214366884590087,0.7157826660295243
200,1588,1522,0.6619584488885988,0.7234071580928549,0.7149557477913847,0.7122844865109959,0.7242956230023786,0.7207077984741428,0.7124179036041762,0.7065773955165463,0.72096746635108,0.7005924784220439,0.6608850333842846,0.6984988373225866,0.6780529550752422
201,1569,1503,0.6637092873619819,0.7195988614247337,0.7184342339567185,0.6996845079254337,0.7287023737560823,0.7275254938814213,0.7343002997666531,0.7122852388392461,0.7443220226965234,0.719021342258594,0.6979429033993622,0.735269939193212,0.7267574087126284
202,1512,1570,0.659913750830196,0.741535211140531,0.7407280239843134,0.7234669100926066,0.751204947312513,0.7459375949075197,0.7442295017879327,0.722729502175794,0.7518369924151419,0.7318755018285235,0.7051664856174326,0.741337499245379,0.737072401229692
203,1565,1540,0.6537661437932594,0.7176578154583816,0.6937480281225735,0.6813771058589013,0.7233770590287258,0.7062488144424576,0.7103162114106204,0.6921276764692502,0.7386269126081193,0.6979514304518182,0.6603794838656345,0.6973422477466317,0.6890007737599756
204,1617,1490,0.6638127526755577,0.7438622773394259,0.7366498465431545,0.7332705800399048,0.75091836413443,0.7535745204929293,0.739846525361791,0.7260194030971586,0.754169230226306,0.7245956896018946,0.7046474029399816,0.7495855668136342,0.7436550693446455
205,1555,1519,0.6500288425983979,0.6785585964692696,0.6799267581433307,0.6652106895510883,0.6892840907119818,0.6948455482347689,0.6981107475761689,0.6750564075676575,0.7073709410174625,0.7370086004446075,0.7073904474832307,0.7569562706964937,0.7497763874683995
206,1594,1527,0.6549502915997788,0.7200025345583346,0.7066486091120994,0.6988395675648256,0.7219286915807119,0.7295780809476692,0.7231331393372432,0.7114228845815969,0.736611824494199,0.6792823701351114,0.673432647611056,0.7237644096811362,0.7100832243977067
207,1525,1555,0.6620880902065966,0.7195840790525133,0.7155194849508735,0.6945204999310123,0.7246922689540866,0.7197146482811433,0.7239794749736417,0.700999298644233,0.7319968430367737,0.7062864785451719,0.687789455253216,0.7102686268740575,0.7164730597467877
208,1582,1524,0.6689567968711596,0.75669346943469,0.743668156083148,0.7313090807746907,0.760294201617939,0.7515432548641976,0.7505519338051281,0.7308298971488183,0.7640926893754789,0.7317620906045277,0.6997538719987042,0.7311931296580809,0.7197126352364963
209,1567,1495,0.6577284249790698,0.6972218396226506,0.6901270709070849,0.6798326506629591,0.7005147230848886,0.6885386458253673,0.6924729668351802,0.6824733244319803,0.7009195432698647,0.6708483918808615,0.6646624859381226,0.715287116165862,0.697180609925334
210,1569,1511,0.6595028278231954,0.7000471024909802,0.6943081182586164,0.7030663136875176,0.7072316224212337,0.7041432880978261,0.7009958666116696,0.7085936637516372,0.7125515974959524,0.6860492026592445,0.6734389012526838,0.7240790673178676,0.7187639629875993
211,1594,1526,0.662598187930265,0.7195977526356572,0.7125765684106111,0.7170966955865453,0.721931655383927,0.7232445761684746,0.7220523793824873,0.7223635927756952,0.7312269448203312,0.711854427960376,0.6973561361940006,0.7452586989357513,0.7378538574467028
212,1559,1479,0.6531846059642872,0.6876631396579393,0.6766192001308851,0.6837890266100304,0.6920953329499892,0.6914072778429295,0.6851904583484637,0.6877127514379774,0.6988634815874615,0.6931810952030273,0.6673166751074042,0.7127913202739038,0.7003251154941128
213,1568,1533,0.6641377768138601,0.7174472547257948,0.717924373032423,0.6966793635616402,0.7352768031530849,0.7118952983887951,0.7314878697664595,0.7007924764672813,0.7453273462591564,0.7346719306521351,0.7075852758986616,0.7440290750544502,0.7381553611055606
214,1560,1510,0.6665981734729505,0.7130733706658116,0.6980026399649135,0.6996778354577011,0.7137617938741614,0.7051692638398233,0.70148804839751,0.6988163351182444,0.7165530873529439,0.7137968743923878,0.6789453100283402,0.7148196697402524,0.7033772107834869
215,1549,1529,0.6566575165752034,0.6987382038898129,0.7027673641320298,0.6844026391518672,0.7152094323776181,0.7108258126275153,0.7151533674053155,0.6915790618183509,0.7269702834452118,0.7510935585687057,0.7063573933127266,0.7557093446770249,0.7442710546911638
216,1589,1523,0.6631037229969249,0.7358877468584247,0.7293113798364075,0.736608267186298,0.7417730917358422,0.7447921665300046,0.7434079161248585,0.7409406657218096,0.7555147750511139,0.7152404727330282,0.697099824204698,0.7401596727972403,0.7367366032865466
217,1564,1527,0.6626335297123188,0.7430293956508831,0.7256325650127327,0.7286562907077111,0.7418685816887273,0.7358546937684637,0.735563386125973,0.7364518573702266,0.7502815891023855,0.7193853499726068,0.6937889808984888,0.7317726305788047,0.7258608347635683
218,1568,1548,0.6690262293096462,0.7466702912716465,0.7347813089386149,0.7268089067477859,0.7515008456214697,0.7359485120279591,0.7381830652556359,0.7245044822245948,0.7550498412454216,0.7104166152509253,0.6760219604440513,0.7229200969338171,0.7124474155648721
219,1567,1518,0.6626566327367821,0.7091806966297255,0.7170083484794351,0.695870030503042,0.725393629306842,0.7176671327161359,0.7268650604462146,0.701619185693172,0.7339774071436377,0.7252039199719326,0.695223942373339,0.7313386651343882,0.7199122782202383
220,1556,1547,0.6602936500738135,0.7324952311615547,0.7242985987732276,0.6959377386066393,0.7364828119113046,0.7392662365926616,0.7357862665381352,0.7017140315028424,0.7473880995039552,0.7127565710830457,0.6959862139911345,0.7292016057581625,0.7078019063625303
221,1573,1479,0.6615445364264139,0.6839370167049917,0.6648537318859536,0.6744911417002767,0.6808486898295762,0.68360269550656,0.6767250800457171,0.6880553887515738,0.6918337098117973,0.677693275565718,0.6563951683400265,0.7021115006200908,0.6857385174005906
222,1531,1546,0.6587187446512384,0.7188346993770767,0.7129564020472665,0.692326796595788,0.7265337635254557,0.720888516929425,0.7212695474772731,0.6947710375025233,0.7329418673306431,0.7062226587081195,0.687117465377274,0.7222346151911245,0.709849299669933
223,1537,1554,0.662779795255018,0.7116126002305574,0.6961943047398609,0.6963787634259558,0.7132970796728841,0.7105993206421335,0.7060682233332045,0.7043811947612801,0.7233063648764285,0.690899275179635,0.685685696623859,0.7274145926113122,0.7108667261610853
224,1586,1567,0.6604081075800304,0.7320282652242722,0.720361443999802,0.7016012146081189,0.735061942746132,0.7221262718801271,0.720665971778913,0.6924959427829893,0.7321861456836599,0.70400392860518,0.7023068858636625,0.7207029194518938,0.7265204181877826
225,1533,1577,0.6576598742331375,0.7328414359239103,0.7479374263795439,0.7185746216399904,0.761901612006595,0.7227227624560244,0.7462546691560391,0.7162565486117679,0.7589281485938512,0.725685976130755,0.7039326346969342,0.7317543987672028,0.7311017461530152
226,1565,1506,0.6561834528247409,0.7027509285727885,0.7081607314890248,0.6974048509150568,0.7139647039057668,0.7148660506239992,0.7210908343131357,0.7046494131858723,0.7268444909824984,0.6766196955674728,0.6625046129409072,0.7185351639178287,0.7092756573652941
227,1531,1546,0.6651318227896315,0.7160631100081635,0.7136057185014097,0.7044756217512332,0.7295128097417913,0.7054800923665534,0.7216158597481123,0.7098957227071603,0.7374084583273365,0.7200008360410655,0.6831849566041187,0.7163831494731782,0.7104194502880281
228,1560,1555,0.660556360231589,0.7399346310692229,0.7467802379796713,0.7121313963550997,0.7601118728115882,0.7446362248047054,0.7668152685414158,0.7282438761304981,0.7804928834986509,0.743516333529849,0.6972145302207419,0.7435478985299752,0.7420437414578185
229,1566,1523,0.6609998689978068,0.7213305031476652,0.7165089692841774,0.7102105235297407,0.7296479470752812,0.7266685987088662,0.7303817831158262,0.7215456687397606,0.7438615862642783,0.6870627750964867,0.6759902030491118,0.715560169370687,0.6992149487250494
230,1548,1510,0.6703163169932594,0.7629600782955518,0.748732729936328,0.7345408280938234,0.7636263651675474,0.7641703871006451,0.7610024356433749,0.7381299105612456,0.7752240548653083,0.7039366033051631,0.693017578783032,0.7458095059920961,0.7447227297729153
231,1604,1514,0.6639447952487786,0.6950769451176713,0.6833885453439744,0.6914662276331208,0.7013423763013777,0.6801237944486299,0.6861765681138883,0.6881931042896406,0.7027476215532888,0.6953670290458575,0.6765679972932807,0.723915373696794,0.712082121349183
232,1565,1510,0.6550615921428867,0.683876144463365,0.6855917749109427,0.685486552289575,0.6967972564330125,0.694894596278447,0.697389754159138,0.6888971421400347,0.7072333640290386,0.7084492220325992,0.6767760241060056,0.727155810343893,0.7056936490472889
233,1536,1519,0.6480000054827267,0.7011036602916784,0.6830060350255546,0.6857700165206727,0.6947817336191703,0.716751317419378,0.6989665491845893,0.7022058591593077,0.7103638715350745,0.6651725724734333,0.6524676776897037,0.701364805113502,0.6892959857498282
234,1542,1550,0.6659663039931399,0.7371984869309484,0.7254563389357235,0.719154511731803,0.7413765966655818,0.7320603300485377,0.7322610117958136,0.7229168207286104,0.7469279292690022,0.7316050830117053,0.6930053551843576,0.7245934629426938,0.7206030006356196
235,1580,1527,0.6513415675754511,0.7013816363294257,0.6986116954169505,0.693578045668383,0.7079773598870788,0.7074107737501693,0.7118301684529202,0.6990613639418376,0.7204814111420119,0.6727516536342296,0.6565203058560802,0.7241053747539972,0.7141426485169825
236,1560,1530,0.661314143795884,0.7398024664979854,0.7329766490202761,0.7174555909213916,0.7399588832706104,0.7470140239530073,0.7423154326991158,0.7245406392652846,0.7485724883977172,0.7257389553165946,0.7063112430544755,0.7468167030746076,0.7343956100047904
237,1486,1576,0.6657815288326963,0.7435615224507303,0.7280986325329432,0.7202350288052835,0.7506136882588516,0.7364233181886924,0.7359670725753389,0.7212521959143947,0.7567147117241894,0.7267447423312029,0.6906711573663734,0.7258331683012617,0.7238908138127619
238,1533,1519,0.653814069611307,0.6962379289237308,0.681053481804672,0.6947599943573413,0.7007319921941842,0.6919591926002716,0.6871439553708656,0.7005991971388938,0.7065209699616004,0.7058092513929963,0.6696298978100447,0.7165199463627794,0.700105684873062
239,1595,1513,0.6626533772422442,0.7597622563541996,0.7411576297840631,0.7150298639423573,0.7567948115463052,0.7484409183009613,0.7412153404492314,0.7137690966949958,0.7564429402472609,0.7512029008787823,0.7013934533735733,0.7270377010328329,0.71378306153819
240,1572,1505,0.6686000100035313,0.727719533589307,0.7149339581781682,0.7170485889512062,0.7286191038659376,0.7137971282091654,0.709832923035461,0.7117448380464579,0.7233863027359755,0.7278272138810113,0.7064611556917981,0.7269243852083135,0.7210659435265684
241,1564,1498,0.6710738730293612,0.7614212965547915,0.7654225442452075,0.7392288219187574,0.7775985511635336,0.7426223638397764,0.7488158880802951,0.7192230681756532,0.759400500887971,0.7189663741627084,0.6886961218938392,0.7216103549078555,0.713056035891149
242,1504,1534,0.6628101917325934,0.7111187796795562,0.6980777521638512,0.7025333362634818,0.71049408361393,0.7076310862062688,0.6964578362927893,0.6977405990483491,0.7089306757084957,0.6788937617585089,0.6568503151080515,0.7027826566333834,0.6910085791820211
243,1547,1522,0.6589254111598697,0.6867786831464535,0.6755734806979409,0.6843390623931915,0.6873480415251851,0.6821832897619439,0.6832520584843628,0.6855010287155302,0.6936292356738539,0.6950922367811081,0.6763486169356303,0.706972291579023,0.6977107242870254
244,1530,1546,0.6632922428289348,0.7077495077717756,0.6955217618250135,0.6973131373244145,0.707952793178386,0.7083995467906866,0.6998525840839739,0.7001941592036013,0.7126149902227683,0.7048326767181959,0.6866694273551577,0.7341320451801342,0.7196724264408823
245,1541,1555,0.6640279845395608,0.7353681066002516,0.7278526446130772,0.713952896581961,0.7482009891132977,0.7259185205437315,0.7345299360870206,0.7090734777840797,0.7528973875253073,0.7155547475240674,0.6960744915117117,0.7452854635510425,0.7328981299779904
246,1558,1514,0.6544472287931224,0.7605922766395243,0.7602731439801054,0.7395539428063793,0.7710907737270755,0.7631847366011059,0.7647588119695887,0.7390665464379057,0.7750048677704988,0.7114792276308273,0.6863783874819069,0.7347339976561423,0.7251963194850845
247,1547,1529,0.6584426126502224,0.7251579715097506,0.7065249540423141,0.7048313275809038,0.7230671624284264,0.7190354249158593,0.7152624640535901,0.7148742199239984,0.7311045654886869,0.6861825716854746,0.6587619790892199,0.708585030965136,0.7013458682438375
248,1538,1532,0.6572323670910392,0.6952508967373964,0.6905161085618915,0.6894293886197539,0.7051007329694408,0.7010453646359761,0.7030330380835408,0.6976348777400404,0.7172492247060734,0.7090596586153047,0.6913881083296651,0.7310013439087829,0.7194264885191262
249,1530,1503,0.6761265150816489,0.7963311238073615,0.7850464690964496,0.7487975570225477,0.8058277530587108,0.7878234201911205,0.7939498836386975,0.744996526836409,0.811032041419155,0.7598210034652596,0.7229510926706908,0.7755155777366506,0.7614209278919906
250,1555,1530,0.664098114809427,0.7323267034914369,0.7228711798109839,0.7037196809558992,0.7335817379916586,0.7338678878065604,0.7284515765958035,0.7094746424082266,0.7379348198788844,0.6996601541483489,0.6913030738135126,0.7158775356334438,0.7150179776175198
251,1539,1518,0.6579084678920588,0.7112306260878115,0.6971835817999111,0.7019597625317061,0.7099892113648958,0.7208063158332614,0.7107038890605308,0.7150323003103342,0.7229922707114229,0.6991410656511149,0.6833421024932687,0.7155525864599834,0.7195129667159779
252,1550,1517,0.667979220734808,0.7274519363382796,0.7235545421581783,0.7161505533760242,0.7308129897402028,0.7387771052771782,0.7329458603000639,0.7205104343871985,0.7396080490698982,0.7104659936281718,0.6962683989531759,0.7413862018771515,0.7311463081066076
253,1578,1509,0.6554422353847004,0.7019588984545151,0.6801456228414362,0.6925201977465919,0.7007534798323121,0.7002330930514131,0.6894905326479424,0.6951510687914687,0.7088723905151305,0.6926080074286823,0.6557599464648857,0.6963693997004385,0.6799538679471469
254,1499,1516,0.6714633464055791,0.7333749524373092,0.7345150231488751,0.7153478268549015,0.7488674920227001,0.7339390960089979,0.7462101215056824,0.7202210989946676,0.7611898620888095,0.7446173286713589,0.7043126601512304,0.7475488922705414,0.7303835447788837
255,1531,1512,0.6582163971056151,0.7255819429160236,0.7170082381252381,0.6980401249819049,0.7322921261000133,0.7287121316105806,0.7243157285579384,0.6999039063454217,0.7359543541657868,0.7242006219436526,0.7031598998968936,0.7431437795888624,0.7303023498976565
256,1530,1542,0.6660765042803604,0.7034604517166825,0.6915010336620242,0.704831387637938,0.7021188648412431,0.7033992761400583,0.6931640584392195,0.6999187578419037,0.7032306495091408,0.671624898420219,0.6503099110550831,0.6846549679514183,0.6772440832581502
257,1559,1549,0.6645893074242204,0.7022003046806303,0.6942786993888229,0.6987009781622896,0.7101510889091709,0.6938763534831889,0.7021183401516241,0.7060358667646489,0.7181467689016289,0.6904582784897414,0.6703779600792648,0.7181156073692367,0.6968358899053669
258,1573,1484,0.6573445723720547,0.7068839505984443,0.7029380331081191,0.6962200669609088,0.7162382181976378,0.7028040988214515,0.710392533481839,0.6991901095517006,0.7217230091948175,0.6888341186947086,0.6662355540067969,0.7236564792381606,0.7127115575393492
259,1599,1508,0.6655968258802387,0.7478587884905148,0.7452725204385393,0.7227391863500209,0.7547637585007121,0.7488653713658091,0.752823263524227,0.7292659342829513,0.7623012253683795,0.73763239829036,0.7120077368937796,0.7472895120672429,0.7579535512719914
260,1550,1540,0.6614708663727735,0.7061899238338043,0.7033268596695488,0.6981358002253139,0.7199803454506434,0.7096974071779346,0.7149939725240333,0.6997052933225582,0.729816660342226,0.6992247493824635,0.661518796419779,0.7010359145494529,0.7001294030865107
261,1533,1535,0.6572590275143292,0.7255284732838392,0.7124556355895585,0.715004440702856,0.7251309591267884,0.7299680743830718,0.7251363836812097,0.7169469039356716,0.7346867708928285,0.6984388608308195,0.6756363778776688,0.7166834914031015,0.7098637197359956
262,1580,1529,0.6627804595621517,0.7359097867590115,0.728351434356652,0.7122570411544173,0.744510856692976,0.724576536566974,0.7253508952292225,0.7103403366774739,0.7409782343678485,0.701443742309106,0.6813421587271121,0.7207731802339776,0.7186026115936298
263,1536,1549,0.6556897756549117,0.6942506321123932,0.6924385561556456,0.6906949132442238,0.7034717365114522,0.7018541716851129,0.7050801855492425,0.7017321793893538,0.7149888195376697,0.6981299252854251,0.6870477368505391,0.7174577652993132,0.7091347737283402
264,1585,1542,0.6601974897972361,0.7055860819043878,0.6938477002818438,0.6956302802800797,0.705559313357914,0.7080850058560357,0.7064876315997223,0.7062881974768817,0.7166262465706633,0.6889798504817453,0.6643092060673783,0.6952726814514494,0.6918178417401691
265,1577,1530,0.6680552390562675,0.7418751280730125,0.7298589304315077,0.7214703276516233,0.7446882859521539,0.7389504862489336,0.7351164517815746,0.7240411854033352,0.749154140142767,0.7182001636658977,0.7040502214817443,0.7480474855394952,0.7337396459356709
266,1576,1501,0.654485611379996,0.6889726951859807,0.6915784801988564,0.6807914961046247,0.7055092582164035,0.6978510609444949,0.7063993326551853,0.6906877649746314,0.7204777634986241,0.6854785578055431,0.6644549184360006,0.7152326871474299,0.6998612764395508
267,1550,1517,0.6527469859234487,0.6927811418968757,0.6776813529860635,0.6811057273787291,0.6957986832325249,0.7008778529899581,0.7013452375095152,0.6932080749592608,0.7169018997381101,0.727966357382152,0.6957162444912178,0.7425221383057973,0.72909629199605
268,1564,1536,0.6519819741597783,0.706509768035167,0.6933560363792622,0.6866703052004878,0.7122565116704426,0.7086481575142581,0.7069469753381052,0.6945930745433735,0.7236489382450345,0.7069243255837976,0.6684044699311702,0.7160592423656342,0.707386354234646
269,1557,1530,0.6544023687876778,0.7394302457367699,0.7308227209521795,0.7127563101135029,0.7481562650981565,0.7291170092847593,0.7294263197403165,0.7160647727159052,0.7458761349680595,0.7052111620878407,0.6758713868213716,0.7205727637003447,0.7129707525035859
270,1578,1547,0.664704522417574,0.7474630459358541,0.7439522155212964,0.7168917403904238,0.7546893287501738,0.7467211643504136,0.7481936863517866,0.7143593317209177,0.7569865255104578,0.7428083996716346,0.7086694908285401,0.7512399525990039,0.7420002165582947
271,1568,1502,0.666696267991788,0.7354303147804314,0.7150370907322771,0.7215180778953154,0.7309191304332929,0.7234366767554956,0.7145581890367319,0.7147300705769501,0.7272118998481436,0.7287331233605957,0.687768256607116,0.7168016525307817,0.7159231239711406
272,1558,1480,0.671592340912057,0.7149357251973596,0.7048948019657104,0.7058801634939776,0.7241060460003304,0.7119029029650285,0.7142166977182366,0.707688225910251,0.7342520633729943,0.7272534913681415,0.7141886544193757,0.7491062866194894,0.7336481237312862
273,1563,1518,0.6649439252268321,0.7399550224096637,0.733442286408652,0.7232682529304958,0.7461773885667254,0.7323906271463013,0.7423263031235027,0.7291178991306226,0.7527372293980045,0.7202015628582643,0.6801922806640506,0.7291467054612143,0.7228640251581437
274,1571,1533,0.6606455128925479,0.7079696225904617,0.697818492143949,0.6952447916255574,0.7154291126370085,0.6979881985484376,0.7031802857931023,0.6984109622334926,0.7183095907768422,0.7063661878152457,0.6610593019302259,0.7215835937893591,0.7119384657057175
275,1569,1511,0.6727566793896491,0.744503822329514,0.7377820148428362,0.7234957251996257,0.7606588068194747,0.7177668397090007,0.7316202506696067,0.715166871125686,0.7533365841360338,0.7096534482976428,0.6737966509934051,0.7043654371165332,0.6951454111320936
276,1567,1524,0.6643774634490673,0.7049862424580289,0.6918030526348062,0.698212828137212,0.7079994435785857,0.7070458672175185,0.704171660408125,0.6985130218921995,0.7204031318624528,0.6985480902261825,0.6687745820030517,0.7178350699022923,0.7049863736991732
277,1571,1516,0.6661962169355111,0.7224053093620114,0.7125001988996086,0.7249925921827032,0.7271710002339741,0.7213532069986562,0.719158614250547,0.7221689062141047,0.7332435957633634,0.7166539378039819,0.7033182272887745,0.7226667531837633,0.7226446402181965
278,1582,1494,0.6589003077518182,0.737225102078136,0.7114637607836221,0.7089309720175349,0.7339054197525153,0.73184492302411,0.7198745683016156,0.7140290014231866,0.7426536610039244,0.7248192742412618,0.6719668481364347,0.7197927273840142,0.7180814855191768
279,1561,1532,0.6716123696609285,0.7240231635193617,0.7088812637841214,0.7237569097612403,0.7257460111529097,0.7123860627502774,0.7090265496828932,0.714433623113263,0.7224792932870037,0.684282214023117,0.6687324443907288,0.6896209067202623,0.6922148911080086
280,1566,1507,0.6749677392842636,0.7055776173811573,0.7053932351137766,0.7079844736105828,0.7278895321735187,0.6991937102719219,0.7105220255328473,0.697605016577703,0.7315584927280648,0.7175124724643,0.6743038724709427,0.7204205341057092,0.7078558772987862
281,1572,1478,0.6713995747824393,0.7099073714320783,0.6961377853452904,0.7018907049745717,0.7075283369514217,0.7044193024540141,0.7021137972017497,0.6981237642272248,0.7120225639153512,0.6946233110727422,0.6688108966732168,0.7072958077024307,0.6970553759157224
282,1599,1494,0.6658716002765063,0.7225820344497538,0.7137843495501487,0.707625864510937,0.7242390256219747,0.7144485718557849,0.7111664165830586,0.6978253157939618,0.7185516614913253,0.6838778286215009,0.6592417267742802,0.7087838838305238,0.7014581380813821
283,1567,1510,0.6633154963664222,0.7401603135929687,0.7366033496341512,0.7230534474162228,0.7540756973514585,0.732047893489513,0.7406997869206389,0.7213406059438884,0.7582326947968778,0.7050278555289036,0.697597832853742,0.7352747517650199,0.7266015617432536
284,1564,1517,0.665037905252476,0.7326108966778815,0.728953666453506,0.7173659792240803,0.7383366426760507,0.7421295625532537,0.7437160886689812,0.727613335548617,0.7527821410286719,0.7537697804519912,0.7245013010035658,0.7632711508505838,0.7545809309750394
285,1595,1470,0.6520161041814984,0.705749887859075,0.6844884499351186,0.6834087299900871,0.695539169393853,0.7156575749393945,0.7043816129195308,0.7020336727604188,0.7140469268375597,0.6726243381566968,0.6543564673363097,0.6840801999524765,0.6802334472794324
286,1589,1495,0.6726470000673186,0.7262174578586802,0.7278450732262866,0.7174640863933429,0.7412438089731758,0.7242376188999939,0.7445341468064778,0.7242569771502504,0.7547235597946875,0.7383744745293334,0.7121757720789066,0.7496854243309509,0.743975051480305
287,1590,1466,0.6534728122048032,0.7212936782456411,0.7141865237849558,0.7151964376837658,0.7313074906720424,0.7199807703167649,0.7205400482138449,0.7152941728768321,0.7346777174736961,0.7008045015879909,0.6683351920918956,0.7270628876943175,0.7143086235702798
288,1543,1514,0.663686340427234,0.7172873737976356,0.709143573351586,0.6990274191842298,0.7174965921085353,0.7282915199125275,0.7250524938757121,0.7142526563485728,0.7344794304116714,0.714483795199892,0.6955776507907564,0.7260315788829556,0.7121944924710989
289,1597,1489,0.6586667992149132,0.738130701675922,0.7250483675670913,0.711920600592064,0.741204399750609,0.7367924292140218,0.7318386236259075,0.7136146978749286,0.7473978923535946,0.700565456191251,0.6805614593492975,0.7162999955077972,0.7170169476936806
290,1588,1497,0.6493710352130438,0.6848276325122081,0.6658768965206499,0.674553308684376,0.6810814665726872,0.6886342943573613,0.6789752569192019,0.6885575780893268,0.6933284815779392,0.6776269290258048,0.6545588284808508,0.7199939934120965,0.7086758183336394
291,1575,1534,0.6582037507759121,0.737747489983822,0.7217476898016014,0.7206538844258417,0.7368184233080515,0.7353365837696009,0.7367739868987293,0.7309355938843782,0.7505661584631151,0.6984428392526119,0.6817069588224952,0.7233520502290288,0.7265366492135729
292,1559,1528,0.655230105925052,0.6838329951739952,0.6695950337607436,0.6817014937481836,0.6838109782572075,0.6861857122303953,0.6789226025538055,0.6839923038226029,0.6929672177614209,0.6772681075815975,0.6617733712370283,0.7131089578982641,0.6961469883613736
293,1554,1552,0.6643433887334322,0.7153879928311965,0.700555985184998,0.6911199238640221,0.7190461587978827,0.7174518499111808,0.7092019708221404,0.6976257937534708,0.7275437557933945,0.7067316849348708,0.6779583296658124,0.7095664862017229,0.7056620345411365
294,1583,1524,0.6643899452555421,0.7270479275357558,0.7077558003150677,0.7135324183831163,0.7268770993732796,0.7101729421474275,0.7130558141570524,0.7122271577331015,0.7289658608458672,0.6871784394501324,0.6724384803815643,0.7138550615026014,0.71008457341266
295,1524,1542,0.6626429005640344,0.7813551744494152,0.7632515073355198,0.7352986424660617,0.7786210387993129,0.7704206297198809,0.7651315980946871,0.7355854667681501,0.7790858946736076,0.7355079966560321,0.7062329016045176,0.7354836733182998,0.7333218920960269
296,1545,1528,0.6576709088167568,0.7432484204586081,0.7219567704700952,0.7240627263836963,0.742424411861278,0.7335071385974637,0.719849419068249,0.7179814287400731,0.7388258494782957,0.7189616895402426,0.6737250104699247,0.7207267514076,0.7069088141364168
297,1591,1484,0.663428049767125,0.7162333790334912,0.7013748776495699,0.7154604576693526,0.7174302014228573,0.7048158672892931,0.6984219100315844,0.7073898466013858,0.7124130301173157,0.6701626411917884,0.6581611442738299,0.6992780941353792,0.6882793370929766
298,1551,1523,0.6606339743002883,0.7250860957956449,0.7113668279594574,0.6947169398170037,0.7300328201549976,0.7212681480138617,0.7183286107224212,0.6983195996210153,0.7363297282596991,0.7306586256012209,0.6981588454465926,0.732368634832396,0.718760633908937
299,1529,1545,0.6677889433770737,0.7165188950532348,0.6982182312240455,0.7041158881043805,0.7204470971916759,0.706178969268139,0.7017838545150326,0.6959605790469691,0.7225410695460036,0.6947830091735508,0.6618254029552514,0.702520444744604,0.6945195423986243
300,1574,1506,0.6600037742001071,0.7199110456419849,0.7000034864928626,0.7052321162470173,0.7172042780828906,0.7188380169813561,0.7054705914216763,0.7029971512306695,0.7204171500662526,0.7079137739272959,0.6609578375765923,0.7064874853438423,0.6922148843542123
301,1550,1536,0.6517082023483054,0.7015233549314054,0.7023387829416089,0.703607623247365,0.7164742704011614,0.709840801718404,0.7169885848334255,0.7114982336513519,0.7295509996817042,0.6920457478253056,0.677735418181137,0.7317603644663957,0.713052694564133
302,1526,1552,0.6638989912281764,0.7116215391794763,0.7031674251707845,0.6909303771924873,0.7143698348914221,0.7151534738264415,0.7042886233407486,0.6914450393549821,0.7145936960773381,0.6919484835337459,0.6771522627563711,0.689847683563413,0.6881765249178221
303,1622,1474,0.6620510680111166,0.7095064250539561,0.7089734324653469,0.7076557334183871,0.7209137263168663,0.7183810621211072,0.7273040003036395,0.7130449616906966,0.7375952090737681,0.6841968933134627,0.6654647285797191,0.7174220335022286,0.6983317564454894
304,1576,1522,0.6584755767960709,0.6889149506961728,0.679878968449408,0.6868546919997097,0.6958627790996349,0.6871508098602209,0.6872528566059087,0.6887105902703353,0.701950603255477,0.6883036843192301,0.662086659929954,0.6919635643574621,0.6780703473775889
305,1591,1488,0.6605477642320282,0.7382999763460623,0.7207852914668145,0.7172365095301778,0.7323936834374055,0.7401076765077185,0.7258892613890519,0.7242482563158209,0.736290336585478,0.7082955665026754,0.6906595692411482,0.7224473873061937,0.7093140503640598
306,1572,1502,0.6627735717412759,0.7196245344608608,0.7225533434918117,0.7027792607451113,0.7344073317615437,0.7223196527548796,0.7351167999094724,0.708534644301916,0.7467235243040635,0.7312097426790818,0.7163640147303552,0.742187931994166,0.7249821718179033
307,1565,1504,0.6662205265761454,0.7052360893598199,0.6873672603542481,0.6943585192807158,0.7040267707954417,0.694559401775699,0.6958812588172993,0.7014772389879579,0.7109964057636324,0.6845226541108888,0.6831636279623674,0.7271608891480054,0.7169276821450418
308,1603,1494,0.6579178296233541,0.7218059496402135,0.7121031103441746,0.6967588022431561,0.7324628683575888,0.7207304499617674,0.7318201866719769,0.711167633154881,0.7519768882245221,0.7285777008500742,0.6859156836392999,0.7394586647507853,0.728256320397853
309,1566,1514,0.6550871444761267,0.7157324807609381,0.6996750127396598,0.6950020089207807,0.7129364548084938,0.7158675158334716,0.7101245599800555,0.7070317093282859,0.7205502421465179,0.6829095813216917,0.6604605118549964,0.689884710781928,0.6824545767466993
310,1560,1490,0.6588066641233318,0.6916074867056947,0.6956671233442558,0.6759632652301713,0.7050597527480806,0.7026221824439975,0.7090016436829623,0.6836100592262031,0.7177055675873152,0.6841039092766057,0.6643749360227297,0.7151110899163396,0.6980569580998552
311,1560,1535,0.6607038762114521,0.7250340736850512,0.7253037968630783,0.7066239142123999,0.7386798619741523,0.7241825990174622,0.7312664379418587,0.7107016072835962,0.7437616670946918,0.7006604840726899,0.6784209902407333,0.7258300210856214,0.7094649508369144
312,1546,1546,0.6650939433233511,0.7590224232465602,0.7494404539356003,0.7337912940526851,0.7634249176433653,0.7483304857832547,0.7472964449751847,0.730117438996758,0.7611528652612161,0.7299586476780863,0.6937956753983135,0.7367075929731478,0.7175636573673501
313,1568,1540,0.6558880249651892,0.7085572981298256,0.6913881269720484,0.6937838882014447,0.7086401621118987,0.7188727517647271,0.7212960802393883,0.7159663680922296,0.7364514337350848,0.7194395431678346,0.7099049582227375,0.7562671245101082,0.7445976314250644
314,1540,1541,0.6650639028224642,0.7553542420451211,0.7564712648672991,0.7195114045389803,0.7655317070591027,0.758191671938045,0.7619951834649252,0.7216737948460666,0.768986132379495,0.7111482083743433,0.6874532207130858,0.7303980718650258,0.7160119297676685
315,1548,1493,0.6602797299516024,0.6950013190703005,0.6980918977653853,0.6940924802996029,0.7082345937126462,0.7099689442868514,0.7123752621180576,0.7028381092852874,0.7200839559782368,0.7109285060891894,0.6724684891023665,0.7247864252376695,0.7079654909762437
316,1577,1486,0.6439423453408989,0.6989556543872428,0.6951952402568086,0.6979929155796801,0.7109110788664006,0.7153188738044504,0.7199509513795305,0.7221008671204582,0.7355652271601675,0.6877724592301442,0.6632102541978192,0.7187224863893269,0.7168617410842311
317,1569,1525,0.6547910427944954,0.7142673483273235,0.7110193492578544,0.6932011445975006,0.7197558509071055,0.7222347455739518,0.7185851249013163,0.7031039629204291,0.7265897405891171,0.6925009911899421,0.6876535528114804,0.7245836288906047,0.7196309948005936
318,1558,1518,0.6637505744061077,0.7208981576990409,0.7285866620639917,0.7006241563065027,0.7337707560795431,0.7219269249571353,0.7398793212683821,0.7031949853611396,0.7403050402380399,0.6932078561918722,0.6848977506381088,0.7224977476910917,0.7131978921388338
319,1518,1546,0.6629103103487135,0.7168299526609598,0.7129060439455466,0.7067595796704328,0.7270827091159666,0.7142188814335632,0.7235556199904299,0.7115510552482166,0.7366670874513914,0.7129631759077038,0.6905988182716033,0.717011951002518,0.7140937610795299
320,1603,1476,0.6706092526272257,0.7133044528193557,0.6962257517725368,0.704592957492697,0.7204767919901023,0.6969658521722487,0.7007039826392812,0.7021193137176093,0.7218237253295873,0.7089140164130487,0.6934273481618484,0.7362345733207555,0.7149556965753302
321,1572,1503,0.6606569100152546,0.7038162544126548,0.7031645713834251,0.6885660170898372,0.7148115420948568,0.7044204859055186,0.7165577531921417,0.697897844186436,0.7253641952591114,0.7005530473226212,0.6831380393132381,0.7250917916397369,0.721046612751342
322,1561,1495,0.6624217274305185,0.7048602459570728,0.6932904637558173,0.69786082924906,0.7087389002977609,0.6995306888235837,0.700740124871574,0.6979913433375116,0.7150673777672719,0.6969903923204883,0.6861719017257063,0.7476530012745929,0.7385250958901279
323,1562,1539,0.6580294232206179,0.7078091176249522,0.6943161330281971,0.6909476621022993,0.7173931267470992,0.6968111615018432,0.7032560337813248,0.6937966724123762,0.726576945520263,0.7086616010603486,0.6717863115794239,0.7135965662675741,0.7053250075818213
324,1552,1508,0.6592134472634271,0.7291613522692569,0.7126282864645735,0.7072234985627667,0.7366132966778677,0.7284771680689753,0.7267666405305595,0.7134946691868972,0.7509554090804496,0.7171502070824747,0.6923479528192463,0.7265227863719372,0.7088381416292223
325,1535,1534,0.6673173785633775,0.7350731201591113,0.7290307659801312,0.7135580326269899,0.7397294038723683,0.7333009617152163,0.7439883262143968,0.7181696982011253,0.7536767751329511,0.6960037761632453,0.685526560155742,0.7273267361503112,0.7231469988102016
326,1579,1495,0.6695138607295208,0.7320583435283801,0.7137316287093717,0.7133275756442223,0.7329038953390585,0.7152585381829608,0.7203459413770639,0.7139605175293314,0.7389951362884195,0.7443361546371416,0.7093818524396234,0.7268060575051487,0.7091676698534457
327,1563,1530,0.6590883832814242,0.7150253892761758,0.7041883573052263,0.7077684156263976,0.7210664860747233,0.7132667343137744,0.7124407533427614,0.7111442588596698,0.7295650675408195,0.714476434691552,0.6875780182359853,0.7129440166433775,0.7091296401986217
328,1605,1545,0.6607372202421999,0.7045411597174877,0.6951827315760898,0.696351888926988,0.7082670648466506,0.7028578413051484,0.7034168380228143,0.7005427146664763,0.7164596635360658,0.6914646965719152,0.6819534973667555,0.7052482693117103,0.7098509570814581
329,1583,1542,0.6591896083815451,0.7237287568560374,0.7251931980867566,0.7121294996850611,0.7364585638434559,0.7285644022971752,0.7277087947173353,0.7119776305405653,0.7367519640190809,0.7164053826420024,0.7035747475832654,0.7526941404449737,0.7426741048580441
330,1558,1539,0.6681386187803241,0.7276475531538178,0.6974931277060167,0.7193215963113186,0.719441377070555,0.7120671185967152,0.6966996469685622,0.7109748073601939,0.7157099218011395,0.709720225101533,0.6747784785846161,0.716765499696018,0.7047263413775997
331,1533,1545,0.6540236320233702,0.7015533339037316,0.7036137042299675,0.6981494887244332,0.7152377020953004,0.6988781176293111,0.7106910691345225,0.7065881190416362,0.7204888221137818,0.7001229472392034,0.6802761846371922,0.746309535754717,0.7303120867048986
332,1538,1506,0.6608832096694682,0.6941388966708084,0.6908322602859054,0.6887806212368448,0.7024950745520772,0.6899985781442561,0.6963474360085089,0.6877836970791307,0.7062930122446287,0.68659786865512,0.6576372863022617,0.7000346571459528,0.6881407091966184
333,1554,1530,0.6657170891926777,0.7659921129024921,0.750931491312705,0.735765248369965,0.7602382275358496,0.7772166943199852,0.7609752561818324,0.7313205592626667,0.769999889308673,0.7179863490026219,0.6991189404399506,0.7211896515408744,0.7130130478829807
334,1632,1478,0.660689663204489,0.6995385541403442,0.6853715489988584,0.6934729464967616,0.7010875021790562,0.6962532704442612,0.6924197693093029,0.6986866768785467,0.708305211436673,0.6874069607385601,0.673850162093243,0.703272655849205,0.6963408797234438
335,1556,1512,0.6658565492455865,0.7100196428903993,0.704281882840594,0.7147926563077155,0.7137333057861419,0.7048499420384318,0.7063015502870952,0.714408159634374,0.714201356626415,0.6928660651976086,0.6695497789696463,0.7068164876787771,0.7031813528284141
336,1572,1481,0.6670421073647818,0.7813122644100942,0.7679204099277974,0.7462187347933357,0.7843742944546398,0.7584219546574081,0.7616287774907737,0.7350747795309577,0.7777899327234906,0.7350094256884908,0.6971026816216979,0.7536648275801462,0.7230133286937329
337,1552,1487,0.6687924122195053,0.7312238540689752,0.720598081297602,0.7244028711323292,0.7355254484889464,0.7189228116934153,0.7211492822572488,0.7128412877354307,0.7348504942943378,0.7123230929396449,0.6809208849460741,0.725548533623501,0.7106392661669096
338,1570,1502,0.664445820312955,0.752377186169344,0.7437651536700326,0.7316867391792246,0.7530919509794652,0.7495692665982764,0.7447091566186156,0.7273695956483448,0.7533711406020096,0.7275742222146039,0.7013940793502548,0.7442671095549925,0.7351703670567976
339,1574,1519,0.6628304688578307,0.7089338167976801,0.7076110711928578,0.6934231449372712,0.7170236536312594,0.7104809797154539,0.7124494097747439,0.6889323416853292,0.7214561374420488,0.6992777747418908,0.6779341560779003,0.7235377305970989,0.7114022605869165
340,1591,1518,0.6529574871259892,0.6730349301633667,0.6836522501857962,0.6635530116775742,0.700099682973332,0.6781695750039893,0.7035995475819983,0.6763699919181033,0.7197840883537269,0.6812183966821241,0.6562464633195649,0.699327262382087,0.6783865356406329
341,1574,1502,0.6648116689777023,0.7090823496159956,0.7003052317255926,0.698476252112232,0.7095344659709788,0.7126144469387673,0.708643831781612,0.6996086494559884,0.7174463441505257,0.7077970726641639,0.6817975865162409,0.7149694604972274,0.7020498612184989
342,1596,1466,0.6556639493792941,0.682709113093587,0.6840700743780728,0.68069115785494,0.6955778535475134,0.6907472219784979,0.7018961012340535,0.6871735230974396,0.7123236253838955,0.6797700580818715,0.6721886173481936,0.7051673820386977,0.7051777307829382
343,1527,1557,0.6561947733925899,0.7365289170135186,0.7306608643798004,0.7088936305417075,0.7495949010740888,0.7401756018903607,0.7508677252478332,0.7274199425545695,0.771098194254433,0.7116776180749707,0.7062888598914218,0.7491075855161232,0.7274038933645048
344,1550,1490,0.6615132436328337,0.7424118313500514,0.7312430762466888,0.7158275458151894,0.7439421709912973,0.7334319227841505,0.7363377272758113,0.7231180934653253,0.747880235211979,0.7650844659411437,0.7238838741945667,0.7482436371281186,0.7445280930605046
345,1560,1535,0.6658315761102548,0.7392471069497191,0.7190367666074138,0.7148356935392317,0.7328981690760183,0.7374127295531431,0.7329937831497921,0.717842085486979,0.7465909853864486,0.6918392350004254,0.673535705009117,0.6986992604931667,0.6957673130939382
346,1562,1521,0.6604289777931978,0.7214179995051063,0.7167893124946692,0.7108226199039611,0.7263432590667152,0.7208218591652346,0.7208226403731162,0.7044886519618143,0.7290569474467465,0.7210521617844103,0.6960446856232342,0.7269422139311572,0.7245812895099865
347,1533,1524,0.6612212811734165,0.7170458473481583,0.7081786323520838,0.7129032530856242,0.7285241147825505,0.7180454239599441,0.7178102096708506,0.7154348647842709,0.7373435714656276,0.6944362876267332,0.6825837854721911,0.7283195727923081,0.7195433558116933
348,1572,1523,0.661473046526054,0.7089648952709792,0.6969272695144467,0.696595596013199,0.7111523384705473,0.7028693696124073,0.7027211384020953,0.6993439383254099,0.7159466545811097,0.7037554253065609,0.6790265280221224,0.7010536867290177,0.7112961025252139
349,1575,1527,0.6789614194956016,0.7896187947486208,0.7957454302377679,0.7553969392067779,0.7976359245162227,0.7852773877456595,0.7874194681284847,0.7393301340473426,0.7904193238706777,0.7476243882570633,0.7327182390476003,0.7749177627189856,0.7593934576690753
350,1551,1507,0.6632833245325477,0.7148586280309044,0.7011623349079983,0.7037269932914219,0.7153294673189554,0.7125367575124086,0.7010781309249257,0.6955129028174987,0.7162556098392364,0.7006428954575941,0.6684412096785814,0.6948914388797841,0.6922974293611842
351,1563,1547,0.6585284002088108,0.7100755091884436,0.7203169921832595,0.6969442009525125,0.729068135418648,0.7242135576336486,0.736754790031419,0.7048272990511019,0.7442518712445902,0.7088454762720969,0.677975340618192,0.7190158547163552,0.7082219760299319
352,1530,1516,0.6720715511396745,0.7313387788802655,0.7411184604462998,0.7039119997530823,0.7495462447575376,0.7329296758632049,0.751107516593471,0.7093318601141166,0.7598110058453867,0.7477762900677327,0.7099336274036578,0.7378125839126556,0.734477784486218
353,1564,1560,0.6636224788194639,0.7403148333700931,0.7403072501243084,0.7269519831451544,0.7584894469264394,0.7324893741923212,0.7390321549232161,0.7238403389080298,0.7542935653656817,0.7197018498860371,0.7051695971613164,0.7402229343921503,0.7343224144321145
354,1562,1525,0.661249125193926,0.7131411361894775,0.7221141536186264,0.7026232940378913,0.7346829590377343,0.710633424222709,0.7263925919007499,0.709928042990559,0.7378249809329004,0.7122200915431026,0.7026672864736784,0.7472323530913082,0.7319504439797337
355,1551,1518,0.6594226398537515,0.6964058079844266,0.686492458976046,0.6862757652165711,0.6975194471534664,0.7047166079050956,0.704517576342085,0.7032221014423166,0.7160018309520838,0.691010528432332,0.6811884294975681,0.7057348498727993,0.6975273064343371
356,1544,1517,0.665876627765653,0.7544375201923308,0.740293827609383,0.7412177131409361,0.7484900519813021,0.7455659306857284,0.736507446476295,0.7317673087152575,0.7427732627488562,0.7276432294171652,0.7191086754371387,0.7415837780369706,0.7319278956723382
357,1549,1519,0.6585942025399805,0.6888364351174715,0.6872851613930401,0.6783732071462065,0.6979468297525915,0.6931217450988681,0.6949836083680534,0.684782583431102,0.7030703025574545,0.6885255772706417,0.6734253733173634,0.7154059532639477,0.7042123031937987
358,1521,1502,0.6641987139157155,0.7085270429590026,0.7098051939307817,0.6970319783572316,0.7165623739484047,0.7158773902021686,0.7268503709406182,0.7107545016124781,0.7312533527413765,0.7086571021886933,0.6906074442838296,0.7399869288774374,0.7324704288721865
359,1589,1513,0.6519556606378599,0.710004468066937,0.7212850483188109,0.6954202527338953,0.7309346834800031,0.7174912409233319,0.736201336939702,0.7026067038981048,0.743569719698494,0.710679958833498,0.6845463396119064,0.731469218791926,0.7181761750954045
360,1576,1545,0.6612556186460012,0.7463892742111653,0.7467668193599544,0.728888129350754,0.7649299714709712,0.7418269514636379,0.7438608524125311,0.7203543529302815,0.760237787539129,0.7164272175022655,0.6714031910953466,0.7083486388477521,0.6917438827490879
361,1547,1538,0.656880569389156,0.6912128778025145,0.6691302360723672,0.6873823609909725,0.6902450278430721,0.6877184609942574,0.6772713153251736,0.6907400576797141,0.6977687712449511,0.6847543797176414,0.6693374572531502,0.7153433891610441,0.7113049246257253
362,1582,1500,0.6492875694593102,0.7270168984357133,0.7219955608610839,0.7020694675100049,0.730387737054252,0.7348756246837059,0.7345898726184601,0.710211630201764,0.7433447156607338,0.6944481315583265,0.6751214589984083,0.707669253208289,0.7023042720139981
363,1525,1537,0.6629914245256011,0.7023866263445125,0.699966100313697,0.686730766202816,0.7091862207216402,0.704575290285304,0.7089638038784994,0.6929588591314012,0.7169841720600318,0.6867618877085383,0.6485786420658918,0.686268717657923,0.6777881586992213
364,1574,1501,0.6589882126747401,0.739266473401835,0.7449455373744382,0.7092012254336026,0.7573140333895773,0.7456326812645373,0.7545441888471254,0.7184490510545628,0.7673876732032823,0.7301335543423236,0.717257606256815,0.7552294675705611,0.7370787335319015
365,1566,1519,0.65787173419055,0.7116989722228361,0.6964362854312205,0.7001485586542964,0.7158817639744716,0.7032573367965689,0.7053622169943307,0.7057064314293603,0.7234709012891191,0.6954338557884345,0.6534475467634498,0.7088118997729593,0.7011299866392835
366,1566,1547,0.6551750169689046,0.6918831383030019,0.682001457361604,0.6957306265297021,0.6952629035018666,0.7040277340332516,0.6986830302919278,0.7032683794870945,0.7107982145523329,0.6800272071404407,0.6532887069639498,0.719089376687023,0.696024899921819
367,1572,1524,0.6551251723394319,0.7273747462025192,0.7128240108828775,0.7176836246580135,0.7257715057233679,0.7367919244620542,0.7267432588839295,0.7173445787834962,0.7393188454558147,0.7040195980664539,0.6675893042952696,0.7050830636270775,0.7003226775470079
368,1547,1520,0.6687786389971021,0.734047728047665,0.7175104131649139,0.7167601809910477,0.7385093083260502,0.7185593427237579,0.7172004968296257,0.7071648178395428,0.7365717924015589,0.7092012637571584,0.6857944115904266,0.7229215606559953,0.7240260953459324
369,1577,1509,0.664123918898468,0.6989090631072995,0.682070303110844,0.695730702139985,0.7010233593346605,0.6929196239222993,0.6954455221219255,0.7051786719304538,0.7131523895269063,0.7027877864594125,0.6803948995630207,0.7175392771601707,0.7035670655066657
370,1539,1512,0.6510078586651843,0.7088314178324243,0.7075565923878954,0.6910357395604494,0.7176521868672197,0.7090710975684967,0.717499921392584,0.7055896671085491,0.7265485893680143,0.7013916510536529,0.7016010925508954,0.729184898354569,0.7294607394092911
371,1573,1489,0.665641946503061,0.7485749501016083,0.7303695417752425,0.730562600726066,0.7470727425133848,0.7459006542193629,0.7357276043737624,0.7293357242236661,0.7524811357961441,0.7253063547773321,0.7103235427157607,0.7383268192699468,0.7410432307049423
372,1548,1504,0.668473843902618,0.736595605396296,0.7263384125332757,0.7249001709493251,0.741140752650418,0.7295847632973451,0.7266365588528017,0.7192955948260366,0.7400204941995684,0.7146112409639918,0.6743542750401869,0.7222728119710156,0.7084331990373234
373,1584,1509,0.6556015412362511,0.7288861744024145,0.7223072816113388,0.715909438112572,0.7340738756671601,0.7340202600031753,0.7374948679443911,0.7224345573753612,0.7477016566852842,0.7132268432705848,0.6738886619068204,0.7140183768176978,0.7128660975946118
374,1554,1531,0.6559398186542106,0.708079038526258,0.6928773844849466,0.693218695266008,0.7187442207715647,0.693577883157229,0.7027326056121435,0.704282888026163,0.7280195773265309,0.7125305838526459,0.6809600566177157,0.7029518551959669,0.694951008106269
375,1565,1518,0.6629878665600062,0.7278498908739479,0.7141831513615412,0.7112444743921393,0.7306427851541214,0.7163002696959366,0.715681773602328,0.7107325728632623,0.7298779399162657,0.7048328440661893,0.6666143814615206,0.6983310341621755,0.7069754938934458
376,1580,1524,0.6590998098896921,0.7270627847379577,0.7199027298368632,0.7049039412259728,0.7329831973545555,0.7263072643518147,0.7276232714396795,0.7120993953471636,0.7410311166045034,0.6909493516849194,0.6762422922256021,0.7169935886004879,0.7111951729195537
377,1561,1494,0.6646012110782279,0.6994745943788471,0.6885353903348639,0.6941490335291488,0.7066113696730861,0.6853209564084471,0.6922902640567491,0.6963237229924071,0.7102034094887709,0.681800697576501,0.6734591077531236,0.6864767955596496,0.6863866480770016
378,1539,1541,0.659174131172367,0.7067424882207592,0.706438415130977,0.698190752477847,0.7193806025532681,0.7122020433982817,0.7221802739574631,0.712374069075272,0.7348472392452594,0.6730258675028361,0.6670334434544962,0.70813152199369,0.7031472726814094
379,1554,1555,0.6714707330640801,0.7321352741244442,0.7192347547383222,0.717721501432778,0.7357962217215513,0.7197328413394968,0.7139689331121991,0.7073468142049,0.7304027110491509,0.7234240258057236,0.702612754313289,0.736379234536934,0.7173365373909993
380,1570,1532,0.6587020221005049,0.7067392788399298,0.7040635700342224,0.6846242594620993,0.7179902050449356,0.7092621043301224,0.716735248469317,0.6920611336508685,0.7295599090317296,0.7203228973010194,0.681186260633614,0.7216965773093013,0.7075043443057405
381,1576,1493,0.6605416617215752,0.7136816322944827,0.7051996674735316,0.6984852684007578,0.7160728957002861,0.7082094742979373,0.7116540432841616,0.7032928962367014,0.7216865961374511,0.6819206540517001,0.6640487319350658,0.6885206488366362,0.68554062033586
382,1545,1522,0.6584247050064609,0.6832324937066362,0.6629958463841377,0.6786247508465164,0.679779255088428,0.6883544482153107,0.6764521335249709,0.6894670989828962,0.693483660558811,0.6900049918989923,0.6639834131400614,0.6870551962014037,0.690685904635585
383,1524,1557,0.680818261428658,0.7543302696574244,0.7660229487483792,0.7391642102451785,0.7807270769829415,0.750271555828155,0.7621535695296785,0.7333711298329275,0.7782109013673137,0.7463759343508054,0.7263725454816057,0.7594419720610553,0.7520753610744992
384,1566,1520,0.661894602856569,0.6819599568627824,0.6821154635537663,0.6759166203428145,0.6907027118573448,0.6926708173594631,0.6946660063290255,0.6818921405231176,0.7018880032389894,0.6702872332496242,0.6584053019861732,0.7068240606678498,0.6993658742941635
385,1564,1512,0.6622864698880986,0.7143599583474768,0.6924084991649165,0.7095403684733823,0.7120632338900588,0.7117862929325313,0.7036826428175305,0.7090702315406063,0.7212018979105329,0.6847324061052251,0.673268543579368,0.7204268301794987,0.7049767125252557
386,1554,1534,0.6449705562696312,0.668362341677205,0.6596543318171223,0.6622409662278848,0.6731532530407899,0.6669857916330881,0.6660040072640946,0.6658566290170639,0.6795360594462991,0.6600909245727181,0.6417177489776453,0.6729687152635786,0.6703702319326911
387,1564,1520,0.6610819420319032,0.7192175715847596,0.6978963569438171,0.7097727461078356,0.7154968813196366,0.710338621764422,0.7068838147831271,0.7183229946862318,0.724534306529535,0.6986832749287185,0.6622915739992089,0.7018708315510402,0.6955606862058891
388,1561,1527,0.6520423874603355,0.7050603834254401,0.6901076411788238,0.6957552543679253,0.7046569345472968,0.7161188261230125,0.7103468057553225,0.7075034662281998,0.7250673740165741,0.6808584161474205,0.6713178439868469,0.7058140846304586,0.7060419007586474
389,1602,1507,0.6599560530745414,0.7382207110287049,0.7301889404490018,0.7024183724493156,0.7504613924976723,0.7364412083820279,0.7462514810982206,0.7133006994009343,0.7664462761252828,0.7182358501323749,0.6884200578625237,0.7209171271847171,0.7227170953523628
390,1581,1538,0.6769471538797206,0.7069724475296696,0.6965683405819114,0.6943407765753867,0.7146735872092174,0.6924719973293867,0.6932581574668638,0.6919524516436175,0.7114703079936107,0.7458936391164848,0.7132150799119173,0.7309752359590278,0.7110598620884061
391,1552,1531,0.6553993778456958,0.7399614949429953,0.7336518371331218,0.7191493903395378,0.7528488214710009,0.7384581476557547,0.743344856554815,0.7299715512414557,0.7627925240714912,0.7033980903892232,0.6736820500171584,0.7093583813280644,0.6946281866448234
392,1568,1500,0.6671257865343623,0.7549622976465217,0.7484654119094784,0.7144731513049492,0.7619833962427227,0.7579263194235635,0.7592583286834148,0.7214970753083271,0.7723361298156456,0.7156944851355501,0.6903732115961247,0.7300674643431145,0.7198513713915439
393,1547,1547,0.6507746301025089,0.6751175420759966,0.6847576175239868,0.6820180693168393,0.6949416519575494,0.6909275411253898,0.704180829861595,0.6969047459723033,0.7141346418610683,0.6860328777295833,0.6711045999358332,0.6963085231680692,0.6917294831771783
394,1574,1537,0.6575875812012631,0.7359008330106168,0.7328221858653969,0.7095551522968333,0.7396300970131857,0.7341622666107323,0.7340089153358834,0.7060633482077676,0.7395814789885089,0.7166678102385932,0.6885181234020755,0.7358163879963274,0.7236104338247479
395,1584,1545,0.6541139403749795,0.7092633217452459,0.6933505384389309,0.6987958181174783,0.7085047312195938,0.7192389094169994,0.7076931049254235,0.7086192478981992,0.7217277691091459,0.6842926073043467,0.6645899260224308,0.7023981975897695,0.6941152371150321
396,1549,1499,0.6701597808267428,0.7106933249370162,0.7093430169932752,0.6917733551515568,0.7301498053161022,0.7030138543142586,0.7185182065707354,0.703719377546683,0.7385605046849916,0.7092115161790953,0.7057015002097466,0.711294987543614,0.7214876571256134
397,1576,1493,0.657745676174353,0.7059728152622737,0.7020734522706449,0.6909613208315616,0.7135177954103756,0.7126558598131192,0.7130632998241232,0.6975665657989798,0.7249890827136061,0.7116579526464446,0.6874543898646341,0.7356740505913593,0.7240578098407264
398,1588,1508,0.6529044927933855,0.7326738984909461,0.7476588838860693,0.7211855516581119,0.7615428595730755,0.7298182469174543,0.754737636375157,0.7235789715425253,0.7675357526397389,0.7292832146217006,0.6965656002968684,0.7603631809227126,0.7355981762576326
399,1555,1535,0.6611959845678087,0.7497183413130795,0.7478668942894151,0.7298827621203502,0.760338759833041,0.7416374746946768,0.7478267030565524,0.7245288176192581,0.7604130304598284,0.7014924765022241,0.6858924326584548,0.7391080596569954,0.7310583441150035
400,1558,1545,0.6630054346476902,0.6951135095865493,0.6834810479100567,0.6886482441656661,0.7015478358758066,0.6909608444462922,0.6953503264181383,0.6928710827847454,0.7130657730136561,0.6766831891013666,0.6562667544909174,0.6864243773243097,0.6818547483974791
401,1531,1529,0.6615819077877138,0.6898907068667324,0.6913933656312871,0.6778921198821765,0.6991279140820668,0.6966214180904272,0.7062145096106345,0.6913488218711499,0.7128828302304493,0.6837193453860394,0.6763767178592418,0.6934221897062716,0.6895193357074192
402,1572,1471,0.6741037387220651,0.7549970990520729,0.74311616685031,0.7229899028475321,0.7573863091115909,0.7555474219208067,0.751769974532916,0.7257618265352096,0.7654133439847075,0.7528556412433045,0.7299298622392709,0.7597769263401216,0.7510573958035666
403,1562,1511,0.6589155966428363,0.710944039024328,0.7069039938191015,0.6995165613535651,0.7172365369859272,0.7225415141753667,0.7176438438169461,0.7027552313116903,0.7270938195754006,0.6867817054762883,0.6590851420923239,0.6958590640753375,0.6900775943671105
404,1536,1546,0.6610670690593872,0.6954379408910374,0.6757443276479272,0.6877979121707493,0.6907577363186331,0.6935982885781125,0.686047929543845,0.6964794855845619,0.7005410736982639,0.6867832749338986,0.6514909967542634,0.6977362606863492,0.6880484363328216
405,1544,1530,0.6619462146806937,0.7327069266398436,0.733193681038195,0.7177218297358967,0.7526953636556176,0.7231257598767965,0.7342803255768802,0.7113525269723019,0.7511199598669612,0.734499215545556,0.6924701100622587,0.7316089967630578,0.7251533861802459
406,1516,1535,0.6527801912143193,0.6828269290432659,0.6891488127977169,0.6757211045743412,0.695700823347879,0.6905841900686167,0.6954646598515873,0.6833210846110397,0.7012523938149517,0.6871586792778592,0.6784866580863443,0.7052983980813214,0.6985609569197271
407,1568,1555,0.6673362131388747,0.7540916640401932,0.7367681691981126,0.7199261045068881,0.7505213761696548,0.7485374509157283,0.7447379777882367,0.7240766301105664,0.7592819422717723,0.734479723497602,0.7124225073244761,0.7412718523994233,0.7421538966563167
408,1554,1509,0.6603151309159472,0.7241582055645334,0.7115098232135832,0.7087466164045136,0.7208896615058747,0.7191639928181881,0.7047923022626623,0.7025462356151189,0.7139398772392721,0.6872029413813123,0.6613624579800019,0.7136515198656075,0.7117758847681606
409,1520,1573,0.6611670845194476,0.731688137091601,0.7343547824361508,0.7231135010914134,0.7395334460672113,0.7371812788803742,0.7427677790134796,0.7292869530977896,0.7471104526174764,0.7097155040154992,0.7048880778255018,0.743350195629852,0.7393078639481772
410,1584,1502,0.6628015513278991,0.7578309600889458,0.7455143837347774,0.7494232007706599,0.7658018742286685,0.7566523635667688,0.7583002848099827,0.7456267000714234,0.7773970254255514,0.7233975337816756,0.6853517433450922,0.7481736801152825,0.7267064742378928
411,1568,1543,0.6648417853214131,0.7421859330469672,0.7593314448483912,0.721530232110575,0.7727020609390501,0.7358167783571667,0.76851021881056,0.7243180363640396,0.7799687829614494,0.7242195157725508,0.7004528212319597,0.7420372145156569,0.7301707761958733
412,1577,1495,0.6627577396693054,0.727769889279043,0.7203768423292415,0.6952803267495855,0.7291394070490844,0.7282612205491497,0.7241067839273273,0.7009969747500914,0.7334076111003358,0.7042054864079339,0.6877024875574421,0.718232933082783,0.7117945050672192
413,1551,1502,0.6654395550669857,0.7238043472296765,0.7190483965807165,0.7086874280992684,0.7358741194499904,0.7231829561283075,0.7334194352171928,0.7185425290300101,0.750764444449182,0.6939265657253243,0.6841611116601647,0.7128560274815183,0.7176667085656564
414,1581,1492,0.6693397046366796,0.7310478015693627,0.7371019534971248,0.718362614491229,0.7463807843479169,0.7336399950550552,0.7469021058043941,0.7202952002809895,0.7538958094510501,0.7232825449636721,0.6922080149226842,0.7393877482043943,0.7345247575535199
415,1552,1513,0.666261881159498,0.7194675326512453,0.7087237752639589,0.7159499665712701,0.7230716928800996,0.7167232939634258,0.7143254307216386,0.7151126750732001,0.7285613665553891,0.7055589380215601,0.6853251541497524,0.7348022566243606,0.7192647781976059
416,1571,1502,0.6570266541447699,0.7029074510011907,0.6899120018329004,0.690684451647615,0.7040762140485005,0.7005658301712803,0.698954986072357,0.6989916242142538,0.7131459123882267,0.70206877963198,0.6719432005797967,0.7187940786536174,0.7086841620845831
417,1571,1521,0.6690569877248412,0.7452800532859801,0.7331079725915641,0.7219825306910148,0.757864795461364,0.7235178493633811,0.7272218139471694,0.7132663913702276,0.7512399291204409,0.7322175398058582,0.7024563416370903,0.7267584997528385,0.7298669770028795
418,1542,1512,0.6704125679612608,0.7484899209876796,0.7453336337934289,0.7339731487780825,0.7594282794555604,0.7426275814585247,0.7504785336956271,0.7298933103501327,0.7615987255492609,0.7233715624324684,0.6908529322362527,0.7438479328743359,0.7341347919049174
419,1586,1462,0.6590837973932329,0.7026747794666398,0.7029230188122527,0.6991321469612345,0.714692324704561,0.7061277633701393,0.7159096672648142,0.710978350035904,0.7279749653339538,0.7275076332257789,0.7035326177618219,0.7461679470841085,0.7384714522325402
420,1577,1548,0.659193811884446,0.7169247417665209,0.6991158844551533,0.6985753311912923,0.7139497470079404,0.7134959502748325,0.7105048278185451,0.7029263994499364,0.7240292521283339,0.7133803700768631,0.68132043228688,0.7199483543744339,0.7075655715177319
421,1563,1546,0.6580113586677073,0.7274461480607737,0.7202866184050651,0.6930550286024523,0.7302948745258586,0.7332989596999155,0.729028423734381,0.6947888768716721,0.7378728445629686,0.7127336466537922,0.684935070787288,0.7169962544454167,0.7104767828970646
422,1561,1487,0.6575706023570866,0.7037428943287451,0.7059982150078308,0.6919055353202976,0.7199721181562276,0.7096474861097448,0.7236240929751415,0.7067915249218011,0.7356835497533067,0.7035488658547768,0.6859667870072202,0.7303639850813816,0.7318741266657735
423,1569,1539,0.6706932655896665,0.7240101610719167,0.7253623286385386,0.7144132745858585,0.7415148663308692,0.7147171744006781,0.727008560483927,0.7127196288543788,0.741766153567332,0.7227081926568419,0.7055447525670947,0.7319169177231999,0.7392547571432322
424,1558,1489,0.6632111331712164,0.717234606623663,0.7004286203764845,0.6926090300922874,0.7129179550714949,0.7155425912193659,0.7033193619821769,0.6902633650378405,0.7142151115466581,0.6901010843672568,0.6846747003152788,0.7087516137853794,0.6999937641539105
425,1587,1503,0.6652005964495142,0.7253971848967531,0.723649402196633,0.7119002647498638,0.7404214987353748,0.71707676613127,0.7311094018966626,0.7201263515377931,0.7464434485693061,0.6948874881994782,0.6756804538101152,0.7065278668872228,0.6891942603699458
426,1578,1547,0.6672623694372926,0.7125976501783472,0.7136104762625423,0.7092102990489058,0.7203743333680586,0.7206306169304861,0.7254223882545596,0.7059965870659507,0.728200415668254,0.6957293032683173,0.6999883831277051,0.7261593382828082,0.7310574409157339
427,1586,1509,0.6600759955606454,0.7052852863537684,0.7101492556707745,0.7019878336455849,0.7242318387072322,0.7034596963515342,0.708111240815335,0.7021213261384994,0.7218198462705177,0.7111222598419074,0.6690414212834821,0.7024723167610935,0.6936319961383567
428,1568,1502,0.6584341471063275,0.6801175545704383,0.6709430044017033,0.6722046904258777,0.6860228280157473,0.6860825103920638,0.6809675106165384,0.6836453594721379,0.6957289573244385,0.6922595168273339,0.6783355804708788,0.7150541129378996,0.709802949279458
429,1594,1524,0.6720365120749917,0.7411639614560139,0.730279093506727,0.7440785574271879,0.7433627450950332,0.7328258223641202,0.7242039715004343,0.7357126605991832,0.7374917781794185,0.7186276218191987,0.6936318189982409,0.7249664609693013,0.7159081130674566
430,1557,1552,0.6561146086076306,0.6940883511360186,0.6866521002939727,0.6757120800231389,0.7110243271996863,0.6919127539930905,0.7107609268199241,0.6900503784452314,0.7357561017627804,0.7278877234098806,0.7027416174561525,0.7392423853705057,0.7330510206745723
431,1547,1555,0.6620545520830292,0.7726055947445654,0.7653615339919533,0.7344876499601599,0.7791123998957356,0.7720739360934384,0.7706293215901865,0.7286500739987888,0.7845695664816104,0.7566240721732874,0.7320681267677979,0.7595628203262744,0.7578686010915487
432,1557,1515,0.6627403177496237,0.7012006357354587,0.7058647746932226,0.6788484502832022,0.7142286940147576,0.7036731129914061,0.7130704406751491,0.6839494592854554,0.7216446384956429,0.7252132199038327,0.6887311513754728,0.7005062893020001,0.7111278736997849
433,1584,1539,0.6689668950261916,0.7107991889291159,0.7072975007148817,0.7038318822018251,0.717520122309999,0.7113165249756896,0.7050492996496126,0.6950174978087389,0.7146242887947167,0.7038227692384129,0.6788500239756836,0.7166780963088779,0.7027569351371626
434,1560,1510,0.6584053021395335,0.7033871063788367,0.7034653695637145,0.6891717624511534,0.7146664365825036,0.7223095845944463,0.7295341120719279,0.7133587573213049,0.740247516374044,0.6765118178365566,0.6669952358911838,0.7163257585489914,0.7058602012789138
435,1566,1548,0.6675045257613974,0.7247867730851744,0.7225713561158217,0.7132969348578353,0.7351396094749567,0.7175494126863123,0.7203596366603712,0.7039184981203103,0.7326366667834759,0.7175602458579765,0.6820441543529111,0.7258710790356685,0.717929116951481
436,1571,1514,0.656380118944923,0.7097583607354845,0.7137721199928849,0.6989406571732087,0.7237895850422223,0.7196530126592005,0.7207672557622785,0.7033084982892563,0.7297774447574144,0.7136896142919341,0.6885239663492589,0.7189699723210847,0.7070105947948723
437,1555,1511,0.6528998122215971,0.7219083060208881,0.716890174065479,0.6902521840145136,0.7341083675503782,0.7158370596675477,0.7311590911166933,0.7073428846186672,0.7464220145349257,0.7167114013555125,0.70583182708813,0.7350829855720028,0.7244767342553833
438,1547,1520,0.6664035486171119,0.7314395614085231,0.7281245586228601,0.7204099848501908,0.7424250557079265,0.7328899033135113,0.7369718412479526,0.7246179508476617,0.7513525313511129,0.7140909457160556,0.687841585797066,0.7448450840501628,0.7330374263157226
439,1578,1486,0.6657897714283537,0.7191714168306154,0.7293021438888891,0.697995762624223,0.7434055736041885,0.7206004114362327,0.7437959498075956,0.7048563281667855,0.7575559423258611,0.7302266251280913,0.6889318858307908,0.7417576139954049,0.7312575833096412
440,1541,1526,0.6647692102680703,0.7318273694741383,0.7153749856038186,0.7165109571512318,0.7377213768667893,0.7239143287700514,0.7264501924735118,0.7233912349848278,0.7482058604690489,0.7080888493372226,0.6788015138838241,0.7339365160070415,0.7232042547984724
441,1600,1490,0.6658962626800639,0.6866617288155766,0.6847266533968003,0.6861901393884159,0.7012720894402877,0.681635151806909,0.6933369480828759,0.68686335232942,0.7101296543030617,0.6743317847618518,0.6513241563706109,0.6900993655333479,0.6721429106967124
442,1565,1532,0.6539973541128307,0.7076164210330816,0.7115317760463998,0.699356028201265,0.723092554939686,0.7138140969925872,0.7283830440501982,0.7164738122585045,0.7382452233922066,0.7168615500078317,0.6962713361821203,0.7336401121378093,0.7348425957401439
443,1582,1502,0.6447189943472825,0.6852163141200983,0.6798957065927541,0.6842741185520906,0.6917321357393577,0.7068448335125185,0.704687419553466,0.6936488123289247,0.7138555247544968,0.707312840423053,0.6817249437059851,0.7286457787712783,0.7109848687025278
444,1528,1535,0.6582846743938658,0.7067863681789522,0.7010352583236805,0.7016119305848287,0.7097671718559214,0.7088541097006551,0.7066485796560854,0.7055096873065073,0.7144990211352092,0.6881801212060804,0.6741874607637864,0.7160364704612644,0.710792873284363
445,1533,1590,0.6631222579882623,0.717204285018889,0.707168469603835,0.7118509719226181,0.7205951512683961,0.7080375795860296,0.7038248374930095,0.7089430706431962,0.716547789682156,0.6893459346972688,0.6640979596322075,0.6910987308980403,0.691862368792806
446,1563,1524,0.6525921803523629,0.7154249867841083,0.7088585026304243,0.7061137429705616,0.7225883967879587,0.7277860782463662,0.728656181160022,0.7179415055854861,0.7416170416455017,0.6862425989579745,0.6696865350280945,0.7117327093350687,0.7070874380237762
447,1567,1506,0.6451652796066785,0.6774800988534804,0.6783341662675051,0.6665703940533098,0.6842110391657168,0.6938699295597394,0.695342522805499,0.6818268817640725,0.6990766707044148,0.6750091400121553,0.6628379104494317,0.6790836000852185,0.6714711545512717
448,1560,1516,0.6572384917596993,0.7061093661519003,0.6934215810766862,0.6987324590798831,0.7064555902279066,0.7107013363992887,0.7092598572402186,0.7076131872281057,0.7205295542974927,0.6998506509825057,0.6749359110420136,0.7183071092400604,0.7173572127192122
449,1564,1527,0.6690274057320061,0.7366612083651464,0.7186933117711506,0.7246309635425334,0.7377183044263642,0.7194030773331843,0.7225325935360454,0.7230752936430718,0.7391935177811438,0.7196302382768381,0.6925093153482087,0.7203430133407559,0.7113781267263486
450,1529,1512,0.6638046939514217,0.7308223703724251,0.7294837000357507,0.6955479041745749,0.736076580488825,0.738465640172169,0.7389040556053763,0.6971413332695501,0.7451013236960347,0.7040844078131925,0.6843881060694241,0.7248164290343304,0.715908119615239
451,1591,1486,0.6569971133519371,0.69541510044215,0.6936185194479997,0.6891293551475809,0.7034826283056327,0.6979156435959768,0.7045550303093373,0.6991426362680898,0.7135348007905437,0.6711199416933966,0.6564160375794937,0.7005753163352145,0.6947123891631568
452,1540,1557,0.668657466679689,0.7305329222914078,0.7156089342238023,0.7211997080949542,0.7285582739809046,0.7201349570016228,0.7141997639530581,0.7127605699259317,0.7259921611476262,0.7145581091441207,0.6798707105955663,0.716355499787994,0.6959373873359525
453,1593,1508,0.6575146163505637,0.718182041498812,0.7257522353210417,0.6981316658586314,0.7361900305616211,0.7334162551489688,0.738549340374643,0.7010579860328039,0.7476542651357511,0.7273288338092571,0.6974943742547988,0.7409559762980693,0.7178074957670488
454,1521,1535,0.6603472789627408,0.7043394221957047,0.7011868739871377,0.6873546247572369,0.7127538387565626,0.7050847627311764,0.7057621114216671,0.6885356037824032,0.7165311639171847,0.701825712759362,0.6660800110035833,0.7002189776123516,0.7062141015221446
455,1554,1547,0.6727991675813179,0.7360848092830153,0.7255087616188357,0.7310078520028738,0.7372389368653277,0.7207577611796513,0.7130613679096693,0.7062695128654645,0.7221937058345289,0.7092739954123346,0.6838976173263352,0.7192754205000783,0.7122144486484063
456,1579,1499,0.6536121111112487,0.7065266385611491,0.6994108290075663,0.6902255660525932,0.7111206437430633,0.7116857830678099,0.7173658655151417,0.703847897042608,0.7271345075501959,0.6866419582406131,0.6654433330508315,0.6978079241004481,0.6913255462706782
457,1574,1514,0.6665504124865379,0.7378312422294463,0.72796355509808,0.7294944550027074,0.7511849244485057,0.7255082463134284,0.7336168203893813,0.7332245638480628,0.7554621350696694,0.7031554401855774,0.6816426667816547,0.7061201425463376,0.7217876995449681
458,1582,1465,0.6528262024835967,0.715872066137924,0.6999879739071017,0.6964891950432287,0.7086805926680153,0.7254788882887874,0.7124503232529922,0.7066088065657982,0.7208611326144219,0.6976426635538086,0.6644133519873033,0.6979629766198988,0.6979374139996509
459,1557,1529,0.6677681059418429,0.7457803220646398,0.7381938918515109,0.7289827960561911,0.751500850769831,0.741680353512366,0.7388979597134051,0.7255268149950691,0.7514003091125531,0.7222114879029589,0.7091098982246621,0.7441631168339775,0.7472808660125334
460,1525,1567,0.6588193566910628,0.7144188099211455,0.6870151549354699,0.7064972177788901,0.706489236134771,0.7046018203736161,0.6913850886753049,0.7083058315953662,0.7084008537149132,0.6977773858208709,0.6648119560644065,0.7022011929274652,0.6886303562326705
461,1590,1480,0.6648529518522373,0.7068322913551994,0.6970475721947232,0.6921376889388839,0.7127138237163351,0.7039148696841635,0.7069318217282273,0.6990444394052693,0.7216378881154442,0.7044270596570708,0.6824776451121756,0.7276900935584376,0.7156568312472558
462,1552,1463,0.6661144692523161,0.714939110877975,0.7066513501733545,0.69917217670053,0.7210316862584516,0.7131614743026853,0.7166116612096389,0.703303068418818,0.7296329839589867,0.6943687362186785,0.6810699678838558,0.7050534735166696,0.6957161699834712
463,1555,1529,0.6524586841969704,0.6811621448125971,0.6712590977855034,0.6755389317873166,0.6838577443302124,0.6948989565631146,0.6912349973777238,0.6927583733352604,0.703264111137304,0.6820020061191834,0.6561331745888936,0.6945464381010293,0.6882100856792117
464,1544,1540,0.6648071138288432,0.7276404603457706,0.7239070149406761,0.7241701696519376,0.7359364881437461,0.7315142966373905,0.7284795374880895,0.7237137391269173,0.7374311984772831,0.698397118639931,0.6586250326254094,0.713288411273318,0.68646591876759
465,1595,1510,0.6648956899353566,0.7148280823728971,0.7088666341377452,0.7031932873834756,0.7130082004504406,0.7322001995068657,0.7236014086723201,0.7075494475042978,0.7280791399397976,0.6975172668373123,0.6832288068507897,0.7190836606064892,0.7148843329053737
466,1556,1499,0.6647327686184914,0.7537658292111269,0.7354483103459413,0.7234661608575357,0.7530622213163798,0.734863958887229,0.7303954326126073,0.7169805993724393,0.7473035603646714,0.7243191292879924,0.663027568345533,0.6918306885704267,0.6892440816892732
467,1576,1540,0.6581553833717596,0.7194113348355005,0.7093050728523466,0.7135229538965959,0.7197129023832765,0.7300935008451905,0.7196632186362534,0.7176378572658118,0.7280914315550698,0.6974550739252787,0.679547993660436,0.71354287954853,0.704964838289754
468,1548,1507,0.6700439165114145,0.7130529100790615,0.7096701116747911,0.7083880735261453,0.7166131269194808,0.7111187180711134,0.7143388054910162,0.705296060180944,0.7182723135927062,0.7021826074455748,0.6835948686273925,0.711014688251591,0.7020596520218643
469,1548,1543,0.662062927873533,0.7452481968335817,0.7469770121120342,0.7272697076860096,0.7527816654860513,0.756786482278066,0.7579884441875606,0.7380805702213119,0.7625884367333972,0.701053994378232,0.6903521970906447,0.7246935495106556,0.722401407421386
470,1524,1538,0.6641815919999255,0.7296921388627107,0.7183947003060633,0.7130681208405328,0.7366545916966855,0.7231509962513764,0.716675916089776,0.7034359029164317,0.7338825847719748,0.7277040948721664,0.6949069853647888,0.7044628165350706,0.6955118012306675
471,1569,1504,0.6552784726490277,0.7196400124568209,0.7246787955635567,0.7062798685744275,0.734140420275408,0.728088980127585,0.7422300903722437,0.7185602419780633,0.7507645342422168,0.7186074075019528,0.6991910117154938,0.7449077817696212,0.7371767421076592
472,1557,1501,0.6580824757955727,0.7027205920948336,0.7069950665092909,0.6825042437603251,0.7124919412013665,0.7031560002377774,0.7204238737817326,0.6896007597213153,0.7222393255074121,0.7242366028759993,0.6824886992591509,0.7228547683681069,0.714525830280459
473,1595,1500,0.6638303826846078,0.7040934623691831,0.7006301885730369,0.6953732059492636,0.7200224555018438,0.6948210774185328,0.7060885876343695,0.6926268418506552,0.724918580988151,0.7102404165583146,0.6768161372209665,0.7026154858785276,0.6971751550530407
474,1524,1528,0.6549473303470766,0.7387150807519892,0.7243101055960901,0.7221298421883048,0.7394833917000737,0.7433349228404605,0.7306176872930066,0.7219121390164775,0.7464544749154908,0.7212611302777275,0.6839768874879842,0.7210148125186249,0.7057610247296399
475,1516,1535,0.6623078331832665,0.7224124042240448,0.7037353918257727,0.7117260333517017,0.720959077814249,0.7245060945482089,0.7146550979354462,0.7148710219434649,0.7310471175283609,0.6930359965388411,0.6687238703619702,0.7274854824986244,0.7094462160999372
476,1577,1524,0.6686241404141501,0.7603925445788505,0.7511549918711853,0.7473976696085902,0.7626330974024896,0.758615990009713,0.7446113493397776,0.7356886123190907,0.7568340066131001,0.722241404258573,0.7106688118932574,0.7325774288796113,0.7251143263549
477,1590,1515,0.6497206276716188,0.6859601963856278,0.6693001136273343,0.6704712150680486,0.6838970193007154,0.6935058144127264,0.6856234889876667,0.6870578621516041,0.7009141051683517,0.6903141895092202,0.667838402686011,0.7090090918443198,0.7040174870393238
478,1617,1476,0.6568607642060064,0.7018376717608834,0.6906934341764357,0.6889277109677576,0.7071663781857788,0.7029297641872259,0.7014151765984461,0.6992176659798679,0.7186748868734075,0.7003861674041056,0.6785649373170807,0.7055360234002322,0.695678982289063
479,1556,1559,0.6554368525124832,0.6929479358473629,0.698338352653441,0.682269094800917,0.7092978983854707,0.7032708711503742,0.7124030355962765,0.6950770045218088,0.7221201130681798,0.6851912550483387,0.6624102672256592,0.7004650289264169,0.6943951974904381
480,1562,1568,0.6561217676855663,0.6982143735996342,0.6941011191926127,0.6879451348640668,0.7029494284562036,0.7018471295299227,0.7042780811951131,0.69571519041083,0.7122643217355792,0.7014739124900508,0.6871538352858872,0.7379437392001724,0.7195156654896989
481,1583,1513,0.673879979368684,0.7383458017582581,0.7369927702013832,0.7180877567528199,0.7540496807723289,0.7222020610812634,0.7311536931896652,0.7075821218853182,0.7454874227027124,0.7176124720737915,0.6926314888883081,0.7234435630290569,0.7079725468271768
482,1567,1510,0.6710674364502085,0.7182848665087737,0.7120379062601944,0.7009663458279498,0.7273733603632728,0.7117889819844244,0.7205492390094403,0.6979769498495582,0.7338490341045493,0.7171858464888199,0.6805696241750642,0.7350142093742585,0.720247755788153
483,1572,1533,0.662086628208846,0.749067900693757,0.7319632951195808,0.7245310321944238,0.7517190902513744,0.7356350610495301,0.7362099525588114,0.7197426160650262,0.7537501710990997,0.7268619249739477,0.6975456520950589,0.7481886229139887,0.7420046472522305
484,1534,1549,0.6705183734068159,0.7403098524227038,0.7439496395115731,0.7243008608818331,0.7619328454642119,0.7305693917206058,0.7441594140789304,0.7257513176055196,0.761496854930909,0.7204892408681938,0.6819879429862357,0.7139433810528463,0.7048881435766425
485,1573,1498,0.6502557650369819,0.7009544322311487,0.685447959020346,0.6938697038763643,0.7013153092838973,0.7016019617893736,0.6968735973217806,0.6994781637353653,0.7116634016475241,0.6837412511990888,0.6502352115492088,0.6936230452060689,0.6876312458068291
486,1585,1527,0.6687438012746895,0.7205054865286386,0.7005516457788964,0.6965702491654897,0.7157224689694843,0.7123654147371227,0.6999255544068024,0.6923098450542858,0.7134995567176108,0.7285091517313135,0.6903869694958368,0.7144038046182531,0.7052574254635382
487,1597,1517,0.6618381394905825,0.7336137157072949,0.7340735253130367,0.7133195078309776,0.74497245604158,0.7312280547614963,0.7360786124041304,0.7118062815653132,0.7460512107049222,0.7078216274025632,0.6929943406762957,0.7349489689604237,0.7246993243010679
488,1546,1526,0.6636852832699333,0.7371856714930276,0.7359029835955291,0.7229236144365063,0.7483939812251008,0.7417672188041692,0.7492102916558326,0.7282425921933444,0.7617095113639842,0.7146724074354757,0.6898543340605592,0.7228483418687068,0.7231535900540738
489,1565,1554,0.6729220011590472,0.7747706268158221,0.7577446540096001,0.743231633135158,0.7751871174832559,0.7526562299292215,0.7560453847579286,0.7354019836830987,0.7737160629290797,0.7595080090072949,0.7272477691335766,0.7602070193981452,0.7492618054701589
490,1535,1533,0.6436404479089467,0.6770379961203696,0.6747734041850024,0.6574386772263092,0.688299867682405,0.690594192571122,0.6947776895840475,0.6684184634197722,0.7074674700591481,0.6767625002793156,0.6540398812288004,0.6877680896578414,0.6751884337942592
491,1578,1529,0.655987305802982,0.7406890663128456,0.7443648098038406,0.7197218885489726,0.755774753415372,0.7399677531421109,0.7498338829016292,0.7207295807420911,0.7617687573031792,0.6976745972576869,0.674078957271451,0.7158115562373354,0.7137300120737567
492,1564,1530,0.6685206160055562,0.7413717586463513,0.728372544263646,0.7139958411594512,0.7509025906061603,0.7312178195414998,0.7347300217743669,0.7101001153128556,0.7547347747378064,0.7304018760843425,0.6921787783609017,0.7332517568432801,0.7259119030484907
493,1549,1517,0.6614073412572719,0.733144515215281,0.7279633674681748,0.7095615408409416,0.741927486589689,0.7321783914108537,0.7345973028179462,0.7107261074894888,0.7506295294754022,0.6978725800645581,0.6867853485618866,0.7175856457655907,0.7113993542784649
494,1545,1543,0.6718339828372211,0.725414552184026,0.714197672001627,0.7115441541614856,0.7222790597755562,0.718696962343051,0.7083981744536378,0.6972697649854518,0.7161604096741832,0.7129509334837161,0.6949752553927391,0.7255033962591038,0.7145019047114588
495,1553,1515,0.667990804303075,0.7168334315510195,0.7167352280695435,0.7054152689363948,0.7323979367244584,0.7064314289335782,0.7110783561245163,0.6972515804018232,0.7259115132061579,0.7190611383711925,0.6912698673023159,0.7449631681961565,0.7232943702354829
496,1526,1598,0.6648113047722309,0.7239918311758653,0.7094122923869627,0.7044066766721294,0.7297871945288534,0.7122322614151139,0.715010510285229,0.6992591589458537,0.7336337509270595,0.7152696219315274,0.6787404209457315,0.7185020172891355,0.7042229201279006
497,1612,1488,0.6521029964476894,0.6980343183045793,0.6925272253817915,0.6905129718957936,0.7050890852689496,0.7105861419342737,0.704842783481884,0.694324202763608,0.7146962958191257,0.678757347630856,0.6633547644532972,0.7041177431800345,0.695798677365621
498,1544,1543,0.6619773568839334,0.7073791407195659,0.6902868229401312,0.705090030171415,0.7044470652444758,0.7056761299522596,0.6945861393355104,0.7013386338065741,0.7077629965159268,0.6826845786306355,0.6567046437799989,0.6873378219661623,0.6828860598140615
499,1512,1557,0.6493725799273425,0.7156776486661032,0.7299946551344626,0.6780391723642835,0.7375507467580472,0.7209712913384075,0.739477909669333,0.6813880919844427,0.7462589876647308,0.7222037226922464,0.6917242141253386,0.744127785158317,0.7293423541426042
