algorithm,history_available,domain,model,subset,items,log_loss,empirical_best_model,empirical_best_log_loss,empirical_regret,upper95_regret_to_best_fitted_family,status
ridge,False,whole,ridge::NONE,NONE,0,0.6856435498450262,ridge::B_C_K,0.6522373150689735,0.033406234776052646,0.06077164567817395,"post-evaluation descriptive audit; fixed-model simultaneous pairwise bound, not universal optimality"
ridge,False,whole,ridge::D,D,4,0.7106611301987347,ridge::B_C_K,0.6522373150689735,0.058423815129761136,0.08578922603188244,"post-evaluation descriptive audit; fixed-model simultaneous pairwise bound, not universal optimality"
ridge,False,whole,ridge::B,B,1,0.6774397940265432,ridge::B_C_K,0.6522373150689735,0.025202478957569663,0.052567889859690964,"post-evaluation descriptive audit; fixed-model simultaneous pairwise bound, not universal optimality"
ridge,False,whole,ridge::D_B,D_B,5,0.7009803562324238,ridge::B_C_K,0.6522373150689735,0.048743041163450296,0.0761084520655716,"post-evaluation descriptive audit; fixed-model simultaneous pairwise bound, not universal optimality"
ridge,False,whole,ridge::M,M,1,0.6808909327175349,ridge::B_C_K,0.6522373150689735,0.028653617648561336,0.05601902855068264,"post-evaluation descriptive audit; fixed-model simultaneous pairwise bound, not universal optimality"
ridge,False,whole,ridge::D_M,D_M,5,0.7073804956534833,ridge::B_C_K,0.6522373150689735,0.05514318058450973,0.08250859148663103,"post-evaluation descriptive audit; fixed-model simultaneous pairwise bound, not universal optimality"
ridge,False,whole,ridge::B_M,B_M,2,0.6742810892764776,ridge::B_C_K,0.6522373150689735,0.02204377420750403,0.04940918510962533,"post-evaluation descriptive audit; fixed-model simultaneous pairwise bound, not universal optimality"
ridge,False,whole,ridge::D_B_M,D_B_M,6,0.7001204632134116,ridge::B_C_K,0.6522373150689735,0.04788314814443806,0.07524855904655936,"post-evaluation descriptive audit; fixed-model simultaneous pairwise bound, not universal optimality"
ridge,False,whole,ridge::P,P,11,0.6860368493654575,ridge::B_C_K,0.6522373150689735,0.03379953429648397,0.06116494519860527,"post-evaluation descriptive audit; fixed-model simultaneous pairwise bound, not universal optimality"
ridge,False,whole,ridge::D_P,D_P,15,0.7143852356982648,ridge::B_C_K,0.6522373150689735,0.06214792062929131,0.08951333153141261,"post-evaluation descriptive audit; fixed-model simultaneous pairwise bound, not universal optimality"
ridge,False,whole,ridge::B_P,B_P,12,0.6807002634376353,ridge::B_C_K,0.6522373150689735,0.02846294836866181,0.05582835927078311,"post-evaluation descriptive audit; fixed-model simultaneous pairwise bound, not universal optimality"
ridge,False,whole,ridge::D_B_P,D_B_P,16,0.7063264572501597,ridge::B_C_K,0.6522373150689735,0.05408914218118621,0.08145455308330751,"post-evaluation descriptive audit; fixed-model simultaneous pairwise bound, not universal optimality"
ridge,False,whole,ridge::M_P,M_P,12,0.6842669716030476,ridge::B_C_K,0.6522373150689735,0.03202965653407408,0.05939506743619538,"post-evaluation descriptive audit; fixed-model simultaneous pairwise bound, not universal optimality"
ridge,False,whole,ridge::D_M_P,D_M_P,16,0.7102324100256732,ridge::B_C_K,0.6522373150689735,0.05799509495669963,0.08536050585882093,"post-evaluation descriptive audit; fixed-model simultaneous pairwise bound, not universal optimality"
ridge,False,whole,ridge::B_M_P,B_M_P,13,0.6773648492273462,ridge::B_C_K,0.6522373150689735,0.025127534158372655,0.052492945060493956,"post-evaluation descriptive audit; fixed-model simultaneous pairwise bound, not universal optimality"
ridge,False,whole,ridge::D_B_M_P,D_B_M_P,17,0.7043353101017588,ridge::B_C_K,0.6522373150689735,0.05209799503278523,0.07946340593490653,"post-evaluation descriptive audit; fixed-model simultaneous pairwise bound, not universal optimality"
ridge,False,whole,ridge::C,C,1,0.6851159987084766,ridge::B_C_K,0.6522373150689735,0.03287868363950308,0.06024409454162438,"post-evaluation descriptive audit; fixed-model simultaneous pairwise bound, not universal optimality"
ridge,False,whole,ridge::D_C,D_C,5,0.7109166927950401,ridge::B_C_K,0.6522373150689735,0.05867937772606657,0.08604478862818787,"post-evaluation descriptive audit; fixed-model simultaneous pairwise bound, not universal optimality"
ridge,False,whole,ridge::B_C,B_C,2,0.6766124314072413,ridge::B_C_K,0.6522373150689735,0.02437511633826772,0.05174052724038902,"post-evaluation descriptive audit; fixed-model simultaneous pairwise bound, not universal optimality"
ridge,False,whole,ridge::D_B_C,D_B_C,6,0.7010745337738946,ridge::B_C_K,0.6522373150689735,0.04883721870492108,0.07620262960704238,"post-evaluation descriptive audit; fixed-model simultaneous pairwise bound, not universal optimality"
ridge,False,whole,ridge::M_C,M_C,2,0.6803620611067568,ridge::B_C_K,0.6522373150689735,0.028124746037783255,0.055490156939904556,"post-evaluation descriptive audit; fixed-model simultaneous pairwise bound, not universal optimality"
ridge,False,whole,ridge::D_M_C,D_M_C,6,0.7079222439118908,ridge::B_C_K,0.6522373150689735,0.055684928842917314,0.08305033974503861,"post-evaluation descriptive audit; fixed-model simultaneous pairwise bound, not universal optimality"
ridge,False,whole,ridge::B_M_C,B_M_C,3,0.6735780902944489,ridge::B_C_K,0.6522373150689735,0.021340775225475395,0.048706186127596696,"post-evaluation descriptive audit; fixed-model simultaneous pairwise bound, not universal optimality"
ridge,False,whole,ridge::D_B_M_C,D_B_M_C,7,0.7007123406488628,ridge::B_C_K,0.6522373150689735,0.04847502557988925,0.07584043648201055,"post-evaluation descriptive audit; fixed-model simultaneous pairwise bound, not universal optimality"
ridge,False,whole,ridge::P_C,P_C,12,0.6859047845007693,ridge::B_C_K,0.6522373150689735,0.03366746943179577,0.06103288033391707,"post-evaluation descriptive audit; fixed-model simultaneous pairwise bound, not universal optimality"
ridge,False,whole,ridge::D_P_C,D_P_C,16,0.7148489961818976,ridge::B_C_K,0.6522373150689735,0.06261168111292403,0.08997709201504533,"post-evaluation descriptive audit; fixed-model simultaneous pairwise bound, not universal optimality"
ridge,False,whole,ridge::B_P_C,B_P_C,13,0.679768246477904,ridge::B_C_K,0.6522373150689735,0.02753093140893048,0.05489634231105178,"post-evaluation descriptive audit; fixed-model simultaneous pairwise bound, not universal optimality"
ridge,False,whole,ridge::D_B_P_C,D_B_P_C,17,0.7063566693858319,ridge::B_C_K,0.6522373150689735,0.054119354316858326,0.08148476521897963,"post-evaluation descriptive audit; fixed-model simultaneous pairwise bound, not universal optimality"
ridge,False,whole,ridge::M_P_C,M_P_C,13,0.6841454318288799,ridge::B_C_K,0.6522373150689735,0.031908116759906346,0.05927352766202765,"post-evaluation descriptive audit; fixed-model simultaneous pairwise bound, not universal optimality"
ridge,False,whole,ridge::D_M_P_C,D_M_P_C,17,0.7108118022230705,ridge::B_C_K,0.6522373150689735,0.058574487154096966,0.08593989805621827,"post-evaluation descriptive audit; fixed-model simultaneous pairwise bound, not universal optimality"
ridge,False,whole,ridge::B_M_P_C,B_M_P_C,14,0.6765303696163211,ridge::B_C_K,0.6522373150689735,0.024293054547347537,0.05165846544946884,"post-evaluation descriptive audit; fixed-model simultaneous pairwise bound, not universal optimality"
ridge,False,whole,ridge::D_B_M_P_C,D_B_M_P_C,18,0.7045775851734852,ridge::B_C_K,0.6522373150689735,0.0523402701045117,0.079705681006633,"post-evaluation descriptive audit; fixed-model simultaneous pairwise bound, not universal optimality"
ridge,False,whole,ridge::A,A,1,0.696769093708427,ridge::B_C_K,0.6522373150689735,0.044531778639453456,0.07189718954157476,"post-evaluation descriptive audit; fixed-model simultaneous pairwise bound, not universal optimality"
ridge,False,whole,ridge::D_A,D_A,5,0.7307561196494883,ridge::B_C_K,0.6522373150689735,0.07851880458051474,0.10588421548263605,"post-evaluation descriptive audit; fixed-model simultaneous pairwise bound, not universal optimality"
ridge,False,whole,ridge::B_A,B_A,2,0.6896428576408072,ridge::B_C_K,0.6522373150689735,0.037405542571833705,0.064770953473955,"post-evaluation descriptive audit; fixed-model simultaneous pairwise bound, not universal optimality"
ridge,False,whole,ridge::D_B_A,D_B_A,6,0.7210273412851432,ridge::B_C_K,0.6522373150689735,0.0687900262161697,0.096155437118291,"post-evaluation descriptive audit; fixed-model simultaneous pairwise bound, not universal optimality"
ridge,False,whole,ridge::M_A,M_A,2,0.69109684171073,ridge::B_C_K,0.6522373150689735,0.038859526641756514,0.06622493754387782,"post-evaluation descriptive audit; fixed-model simultaneous pairwise bound, not universal optimality"
ridge,False,whole,ridge::D_M_A,D_M_A,6,0.7272826575982991,ridge::B_C_K,0.6522373150689735,0.0750453425293256,0.1024107534314469,"post-evaluation descriptive audit; fixed-model simultaneous pairwise bound, not universal optimality"
ridge,False,whole,ridge::B_M_A,B_M_A,3,0.686380656051933,ridge::B_C_K,0.6522373150689735,0.03414334098295946,0.06150875188508076,"post-evaluation descriptive audit; fixed-model simultaneous pairwise bound, not universal optimality"
ridge,False,whole,ridge::D_B_M_A,D_B_M_A,7,0.7198832056380396,ridge::B_C_K,0.6522373150689735,0.06764589056906611,0.09501130147118741,"post-evaluation descriptive audit; fixed-model simultaneous pairwise bound, not universal optimality"
ridge,False,whole,ridge::P_A,P_A,12,0.6934465378622334,ridge::B_C_K,0.6522373150689735,0.04120922279325989,0.06857463369538119,"post-evaluation descriptive audit; fixed-model simultaneous pairwise bound, not universal optimality"
ridge,False,whole,ridge::D_P_A,D_P_A,16,0.7327988594506699,ridge::B_C_K,0.6522373150689735,0.08056154438169638,0.10792695528381768,"post-evaluation descriptive audit; fixed-model simultaneous pairwise bound, not universal optimality"
ridge,False,whole,ridge::B_P_A,B_P_A,13,0.6917583334379679,ridge::B_C_K,0.6522373150689735,0.039521018368994354,0.06688642927111565,"post-evaluation descriptive audit; fixed-model simultaneous pairwise bound, not universal optimality"
ridge,False,whole,ridge::D_B_P_A,D_B_P_A,17,0.7240623632467084,ridge::B_C_K,0.6522373150689735,0.07182504817773483,0.09919045907985613,"post-evaluation descriptive audit; fixed-model simultaneous pairwise bound, not universal optimality"
ridge,False,whole,ridge::M_P_A,M_P_A,13,0.688777932946441,ridge::B_C_K,0.6522373150689735,0.03654061787746743,0.06390602877958873,"post-evaluation descriptive audit; fixed-model simultaneous pairwise bound, not universal optimality"
ridge,False,whole,ridge::D_M_P_A,D_M_P_A,17,0.728743339690371,ridge::B_C_K,0.6522373150689735,0.07650602462139744,0.10387143552351874,"post-evaluation descriptive audit; fixed-model simultaneous pairwise bound, not universal optimality"
ridge,False,whole,ridge::B_M_P_A,B_M_P_A,14,0.6882812315062061,ridge::B_C_K,0.6522373150689735,0.03604391643723259,0.0634093273393539,"post-evaluation descriptive audit; fixed-model simultaneous pairwise bound, not universal optimality"
ridge,False,whole,ridge::D_B_M_P_A,D_B_M_P_A,18,0.7216424733854929,ridge::B_C_K,0.6522373150689735,0.06940515831651939,0.09677056921864069,"post-evaluation descriptive audit; fixed-model simultaneous pairwise bound, not universal optimality"
ridge,False,whole,ridge::C_A,C_A,2,0.696653583409564,ridge::B_C_K,0.6522373150689735,0.044416268340590426,0.07178167924271173,"post-evaluation descriptive audit; fixed-model simultaneous pairwise bound, not universal optimality"
ridge,False,whole,ridge::D_C_A,D_C_A,6,0.7315670994168146,ridge::B_C_K,0.6522373150689735,0.0793297843478411,0.1066951952499624,"post-evaluation descriptive audit; fixed-model simultaneous pairwise bound, not universal optimality"
ridge,False,whole,ridge::B_C_A,B_C_A,3,0.6894130940732988,ridge::B_C_K,0.6522373150689735,0.03717577900432523,0.06454118990644653,"post-evaluation descriptive audit; fixed-model simultaneous pairwise bound, not universal optimality"
ridge,False,whole,ridge::D_B_C_A,D_B_C_A,7,0.7219390738758663,ridge::B_C_K,0.6522373150689735,0.06970175880689278,0.09706716970901408,"post-evaluation descriptive audit; fixed-model simultaneous pairwise bound, not universal optimality"
ridge,False,whole,ridge::M_C_A,M_C_A,3,0.6876174024081868,ridge::B_C_K,0.6522373150689735,0.03538008733921327,0.06274549824133457,"post-evaluation descriptive audit; fixed-model simultaneous pairwise bound, not universal optimality"
ridge,False,whole,ridge::D_M_C_A,D_M_C_A,7,0.7284608200483129,ridge::B_C_K,0.6522373150689735,0.07622350497933938,0.10358891588146069,"post-evaluation descriptive audit; fixed-model simultaneous pairwise bound, not universal optimality"
ridge,False,whole,ridge::B_M_C_A,B_M_C_A,4,0.6862360408312773,ridge::B_C_K,0.6522373150689735,0.03399872576230378,0.061364136664425084,"post-evaluation descriptive audit; fixed-model simultaneous pairwise bound, not universal optimality"
ridge,False,whole,ridge::D_B_M_C_A,D_B_M_C_A,8,0.7210542982703992,ridge::B_C_K,0.6522373150689735,0.06881698320142571,0.09618239410354701,"post-evaluation descriptive audit; fixed-model simultaneous pairwise bound, not universal optimality"
ridge,False,whole,ridge::P_C_A,P_C_A,13,0.6930699715077304,ridge::B_C_K,0.6522373150689735,0.04083265643875689,0.06819806734087819,"post-evaluation descriptive audit; fixed-model simultaneous pairwise bound, not universal optimality"
ridge,False,whole,ridge::D_P_C_A,D_P_C_A,17,0.7341824291632191,ridge::B_C_K,0.6522373150689735,0.08194511409424554,0.10931052499636684,"post-evaluation descriptive audit; fixed-model simultaneous pairwise bound, not universal optimality"
ridge,False,whole,ridge::B_P_C_A,B_P_C_A,14,0.6913619415022131,ridge::B_C_K,0.6522373150689735,0.03912462643323955,0.06649003733536085,"post-evaluation descriptive audit; fixed-model simultaneous pairwise bound, not universal optimality"
ridge,False,whole,ridge::D_B_P_C_A,D_B_P_C_A,18,0.7247149336832018,ridge::B_C_K,0.6522373150689735,0.0724776186142283,0.0998430295163496,"post-evaluation descriptive audit; fixed-model simultaneous pairwise bound, not universal optimality"
ridge,False,whole,ridge::M_P_C_A,M_P_C_A,14,0.6883834278230189,ridge::B_C_K,0.6522373150689735,0.036146112754045334,0.06351152365616664,"post-evaluation descriptive audit; fixed-model simultaneous pairwise bound, not universal optimality"
ridge,False,whole,ridge::D_M_P_C_A,D_M_P_C_A,18,0.7300197943395161,ridge::B_C_K,0.6522373150689735,0.0777824792705426,0.1051478901726639,"post-evaluation descriptive audit; fixed-model simultaneous pairwise bound, not universal optimality"
ridge,False,whole,ridge::B_M_P_C_A,B_M_P_C_A,15,0.6880212884406028,ridge::B_C_K,0.6522373150689735,0.03578397337162931,0.06314938427375061,"post-evaluation descriptive audit; fixed-model simultaneous pairwise bound, not universal optimality"
ridge,False,whole,ridge::D_B_M_P_C_A,D_B_M_P_C_A,19,0.7228282840722547,ridge::B_C_K,0.6522373150689735,0.07059096900328121,0.09795637990540251,"post-evaluation descriptive audit; fixed-model simultaneous pairwise bound, not universal optimality"
ridge,False,whole,ridge::K,K,11,0.6580379082878127,ridge::B_C_K,0.6522373150689735,0.0058005932188391895,0.03316600412096049,"post-evaluation descriptive audit; fixed-model simultaneous pairwise bound, not universal optimality"
ridge,False,whole,ridge::D_K,D_K,15,0.6893716825384351,ridge::B_C_K,0.6522373150689735,0.03713436746946153,0.06449977837158283,"post-evaluation descriptive audit; fixed-model simultaneous pairwise bound, not universal optimality"
ridge,False,whole,ridge::B_K,B_K,12,0.6528338910005476,ridge::B_C_K,0.6522373150689735,0.0005965759315740282,0.027961986833695326,"post-evaluation descriptive audit; fixed-model simultaneous pairwise bound, not universal optimality"
ridge,False,whole,ridge::D_B_K,D_B_K,16,0.6818852017549664,ridge::B_C_K,0.6522373150689735,0.02964788668599283,0.05701329758811413,"post-evaluation descriptive audit; fixed-model simultaneous pairwise bound, not universal optimality"
ridge,False,whole,ridge::M_K,M_K,12,0.6592878584997262,ridge::B_C_K,0.6522373150689735,0.0070505434307526205,0.03441595433287392,"post-evaluation descriptive audit; fixed-model simultaneous pairwise bound, not universal optimality"
ridge,False,whole,ridge::D_M_K,D_M_K,16,0.6916734597952442,ridge::B_C_K,0.6522373150689735,0.03943614472627066,0.06680155562839196,"post-evaluation descriptive audit; fixed-model simultaneous pairwise bound, not universal optimality"
ridge,False,whole,ridge::B_M_K,B_M_K,13,0.6552804678335652,ridge::B_C_K,0.6522373150689735,0.003043152764591661,0.03040856366671296,"post-evaluation descriptive audit; fixed-model simultaneous pairwise bound, not universal optimality"
ridge,False,whole,ridge::D_B_M_K,D_B_M_K,17,0.6855186018604134,ridge::B_C_K,0.6522373150689735,0.033281286791439824,0.060646697693561125,"post-evaluation descriptive audit; fixed-model simultaneous pairwise bound, not universal optimality"
ridge,False,whole,ridge::P_K,P_K,22,0.6619705263595662,ridge::B_C_K,0.6522373150689735,0.00973321129059268,0.03709862219271398,"post-evaluation descriptive audit; fixed-model simultaneous pairwise bound, not universal optimality"
ridge,False,whole,ridge::D_P_K,D_P_K,26,0.6948938547550041,ridge::B_C_K,0.6522373150689735,0.04265653968603056,0.07002195058815186,"post-evaluation descriptive audit; fixed-model simultaneous pairwise bound, not universal optimality"
ridge,False,whole,ridge::B_P_K,B_P_K,23,0.6576856629831348,ridge::B_C_K,0.6522373150689735,0.005448347914161267,0.03281375881628257,"post-evaluation descriptive audit; fixed-model simultaneous pairwise bound, not universal optimality"
ridge,False,whole,ridge::D_B_P_K,D_B_P_K,27,0.6883341263298586,ridge::B_C_K,0.6522373150689735,0.03609681126088504,0.06346222216300634,"post-evaluation descriptive audit; fixed-model simultaneous pairwise bound, not universal optimality"
ridge,False,whole,ridge::M_P_K,M_P_K,23,0.662474728348162,ridge::B_C_K,0.6522373150689735,0.010237413279188479,0.03760282418130978,"post-evaluation descriptive audit; fixed-model simultaneous pairwise bound, not universal optimality"
ridge,False,whole,ridge::D_M_P_K,D_M_P_K,27,0.6958403015172924,ridge::B_C_K,0.6522373150689735,0.04360298644831884,0.07096839735044014,"post-evaluation descriptive audit; fixed-model simultaneous pairwise bound, not universal optimality"
ridge,False,whole,ridge::B_M_P_K,B_M_P_K,24,0.6595625005959945,ridge::B_C_K,0.6522373150689735,0.007325185527020994,0.034690596429142295,"post-evaluation descriptive audit; fixed-model simultaneous pairwise bound, not universal optimality"
ridge,False,whole,ridge::D_B_M_P_K,D_B_M_P_K,28,0.6902932676106535,ridge::B_C_K,0.6522373150689735,0.03805595254167993,0.06542136344380123,"post-evaluation descriptive audit; fixed-model simultaneous pairwise bound, not universal optimality"
ridge,False,whole,ridge::C_K,C_K,12,0.6577914542596763,ridge::B_C_K,0.6522373150689735,0.0055541391907028,0.0329195500928241,"post-evaluation descriptive audit; fixed-model simultaneous pairwise bound, not universal optimality"
ridge,False,whole,ridge::D_C_K,D_C_K,16,0.6894405313296972,ridge::B_C_K,0.6522373150689735,0.03720321626072365,0.06456862716284495,"post-evaluation descriptive audit; fixed-model simultaneous pairwise bound, not universal optimality"
ridge,False,whole,ridge::B_C_K,B_C_K,13,0.6522373150689735,ridge::B_C_K,0.6522373150689735,0.0,0.027365410902121298,"post-evaluation descriptive audit; fixed-model simultaneous pairwise bound, not universal optimality"
ridge,False,whole,ridge::D_B_C_K,D_B_C_K,17,0.6818986393286826,ridge::B_C_K,0.6522373150689735,0.02966132425970902,0.05702673516183032,"post-evaluation descriptive audit; fixed-model simultaneous pairwise bound, not universal optimality"
ridge,False,whole,ridge::M_C_K,M_C_K,13,0.6589655330464336,ridge::B_C_K,0.6522373150689735,0.006728217977460038,0.03409362887958134,"post-evaluation descriptive audit; fixed-model simultaneous pairwise bound, not universal optimality"
ridge,False,whole,ridge::D_M_C_K,D_M_C_K,17,0.6923235624623444,ridge::B_C_K,0.6522373150689735,0.040086247393370855,0.06745165829549216,"post-evaluation descriptive audit; fixed-model simultaneous pairwise bound, not universal optimality"
ridge,False,whole,ridge::B_M_C_K,B_M_C_K,14,0.6548792499896143,ridge::B_C_K,0.6522373150689735,0.0026419349206407983,0.030007345822762096,"post-evaluation descriptive audit; fixed-model simultaneous pairwise bound, not universal optimality"
ridge,False,whole,ridge::D_B_M_C_K,D_B_M_C_K,18,0.6858969485095996,ridge::B_C_K,0.6522373150689735,0.03365963344062606,0.06102504434274736,"post-evaluation descriptive audit; fixed-model simultaneous pairwise bound, not universal optimality"
ridge,False,whole,ridge::P_C_K,P_C_K,23,0.6612553582464028,ridge::B_C_K,0.6522373150689735,0.009018043177429269,0.03638345407955057,"post-evaluation descriptive audit; fixed-model simultaneous pairwise bound, not universal optimality"
ridge,False,whole,ridge::D_P_C_K,D_P_C_K,27,0.6948789717579048,ridge::B_C_K,0.6522373150689735,0.04264165668893127,0.07000706759105257,"post-evaluation descriptive audit; fixed-model simultaneous pairwise bound, not universal optimality"
ridge,False,whole,ridge::B_P_C_K,B_P_C_K,24,0.6568999430523018,ridge::B_C_K,0.6522373150689735,0.004662627983328282,0.03202803888544958,"post-evaluation descriptive audit; fixed-model simultaneous pairwise bound, not universal optimality"
ridge,False,whole,ridge::D_B_P_C_K,D_B_P_C_K,28,0.6881898025410765,ridge::B_C_K,0.6522373150689735,0.035952487472103,0.0633178983742243,"post-evaluation descriptive audit; fixed-model simultaneous pairwise bound, not universal optimality"
ridge,False,whole,ridge::M_P_C_K,M_P_C_K,24,0.6619796488159483,ridge::B_C_K,0.6522373150689735,0.009742333746974752,0.03710774464909605,"post-evaluation descriptive audit; fixed-model simultaneous pairwise bound, not universal optimality"
ridge,False,whole,ridge::D_M_P_C_K,D_M_P_C_K,28,0.6960545801447956,ridge::B_C_K,0.6522373150689735,0.043817265075822065,0.07118267597794337,"post-evaluation descriptive audit; fixed-model simultaneous pairwise bound, not universal optimality"
ridge,False,whole,ridge::B_M_P_C_K,B_M_P_C_K,25,0.6589681841620904,ridge::B_C_K,0.6522373150689735,0.00673086909311682,0.03409627999523812,"post-evaluation descriptive audit; fixed-model simultaneous pairwise bound, not universal optimality"
ridge,False,whole,ridge::D_B_M_P_C_K,D_B_M_P_C_K,29,0.6906410876249349,ridge::B_C_K,0.6522373150689735,0.03840377255596139,0.06576918345808269,"post-evaluation descriptive audit; fixed-model simultaneous pairwise bound, not universal optimality"
ridge,False,whole,ridge::A_K,A_K,12,0.6711736090830905,ridge::B_C_K,0.6522373150689735,0.018936294014117006,0.04630170491623831,"post-evaluation descriptive audit; fixed-model simultaneous pairwise bound, not universal optimality"
ridge,False,whole,ridge::D_A_K,D_A_K,16,0.710038427631828,ridge::B_C_K,0.6522373150689735,0.05780111256285447,0.08516652346497577,"post-evaluation descriptive audit; fixed-model simultaneous pairwise bound, not universal optimality"
ridge,False,whole,ridge::B_A_K,B_A_K,13,0.6663729487920441,ridge::B_C_K,0.6522373150689735,0.014135633723070584,0.041501044625191885,"post-evaluation descriptive audit; fixed-model simultaneous pairwise bound, not universal optimality"
ridge,False,whole,ridge::D_B_A_K,D_B_A_K,17,0.7018587040038071,ridge::B_C_K,0.6522373150689735,0.04962138893483359,0.07698679983695489,"post-evaluation descriptive audit; fixed-model simultaneous pairwise bound, not universal optimality"
ridge,False,whole,ridge::M_A_K,M_A_K,13,0.6717640402690707,ridge::B_C_K,0.6522373150689735,0.019526725200097128,0.04689213610221843,"post-evaluation descriptive audit; fixed-model simultaneous pairwise bound, not universal optimality"
ridge,False,whole,ridge::D_M_A_K,D_M_A_K,17,0.711999403519249,ridge::B_C_K,0.6522373150689735,0.05976208845027542,0.08712749935239672,"post-evaluation descriptive audit; fixed-model simultaneous pairwise bound, not universal optimality"
ridge,False,whole,ridge::B_M_A_K,B_M_A_K,14,0.6684455708595942,ridge::B_C_K,0.6522373150689735,0.016208255790620685,0.043573666692741986,"post-evaluation descriptive audit; fixed-model simultaneous pairwise bound, not universal optimality"
ridge,False,whole,ridge::D_B_M_A_K,D_B_M_A_K,18,0.7052913847663701,ridge::B_C_K,0.6522373150689735,0.053054069697396566,0.08041948059951787,"post-evaluation descriptive audit; fixed-model simultaneous pairwise bound, not universal optimality"
ridge,False,whole,ridge::P_A_K,P_A_K,23,0.6734403296927781,ridge::B_C_K,0.6522373150689735,0.021203014623804584,0.048568425525925885,"post-evaluation descriptive audit; fixed-model simultaneous pairwise bound, not universal optimality"
ridge,False,whole,ridge::D_P_A_K,D_P_A_K,27,0.7135054749112825,ridge::B_C_K,0.6522373150689735,0.061268159842308934,0.08863357074443023,"post-evaluation descriptive audit; fixed-model simultaneous pairwise bound, not universal optimality"
ridge,False,whole,ridge::B_P_A_K,B_P_A_K,24,0.6694519731390193,ridge::B_C_K,0.6522373150689735,0.01721465807004574,0.04458006897216704,"post-evaluation descriptive audit; fixed-model simultaneous pairwise bound, not universal optimality"
ridge,False,whole,ridge::D_B_P_A_K,D_B_P_A_K,28,0.7058808738345649,ridge::B_C_K,0.6522373150689735,0.05364355876559135,0.08100896966771265,"post-evaluation descriptive audit; fixed-model simultaneous pairwise bound, not universal optimality"
ridge,False,whole,ridge::M_P_A_K,M_P_A_K,24,0.6736895523672844,ridge::B_C_K,0.6522373150689735,0.021452237298310917,0.04881764820043222,"post-evaluation descriptive audit; fixed-model simultaneous pairwise bound, not universal optimality"
ridge,False,whole,ridge::D_M_P_A_K,D_M_P_A_K,28,0.7141489181873732,ridge::B_C_K,0.6522373150689735,0.061911603118399716,0.08927701402052102,"post-evaluation descriptive audit; fixed-model simultaneous pairwise bound, not universal optimality"
ridge,False,whole,ridge::B_M_P_A_K,B_M_P_A_K,25,0.6710814498493853,ridge::B_C_K,0.6522373150689735,0.018844134780411803,0.046209545682533104,"post-evaluation descriptive audit; fixed-model simultaneous pairwise bound, not universal optimality"
ridge,False,whole,ridge::D_B_M_P_A_K,D_B_M_P_A_K,29,0.7078941942646997,ridge::B_C_K,0.6522373150689735,0.05565687919572615,0.08302229009784745,"post-evaluation descriptive audit; fixed-model simultaneous pairwise bound, not universal optimality"
ridge,False,whole,ridge::C_A_K,C_A_K,13,0.6710668213007692,ridge::B_C_K,0.6522373150689735,0.01882950623179569,0.04619491713391699,"post-evaluation descriptive audit; fixed-model simultaneous pairwise bound, not universal optimality"
ridge,False,whole,ridge::D_C_A_K,D_C_A_K,17,0.7107381113389859,ridge::B_C_K,0.6522373150689735,0.05850079627001237,0.08586620717213367,"post-evaluation descriptive audit; fixed-model simultaneous pairwise bound, not universal optimality"
ridge,False,whole,ridge::B_C_A_K,B_C_A_K,14,0.6661703469907007,ridge::B_C_K,0.6522373150689735,0.013933031921727124,0.041298442823848425,"post-evaluation descriptive audit; fixed-model simultaneous pairwise bound, not universal optimality"
ridge,False,whole,ridge::D_B_C_A_K,D_B_C_A_K,18,0.7029559093361978,ridge::B_C_K,0.6522373150689735,0.05071859426722425,0.07808400516934555,"post-evaluation descriptive audit; fixed-model simultaneous pairwise bound, not universal optimality"
ridge,False,whole,ridge::M_C_A_K,M_C_A_K,14,0.67193679016254,ridge::B_C_K,0.6522373150689735,0.01969947509356651,0.04706488599568781,"post-evaluation descriptive audit; fixed-model simultaneous pairwise bound, not universal optimality"
ridge,False,whole,ridge::D_M_C_A_K,D_M_C_A_K,18,0.7135060337975696,ridge::B_C_K,0.6522373150689735,0.06126871872859607,0.08863412963071737,"post-evaluation descriptive audit; fixed-model simultaneous pairwise bound, not universal optimality"
ridge,False,whole,ridge::B_M_C_A_K,B_M_C_A_K,15,0.6685092046744538,ridge::B_C_K,0.6522373150689735,0.016271889605480316,0.04363730050760162,"post-evaluation descriptive audit; fixed-model simultaneous pairwise bound, not universal optimality"
ridge,False,whole,ridge::D_B_M_C_A_K,D_B_M_C_A_K,19,0.7066702984463452,ridge::B_C_K,0.6522373150689735,0.05443298337737168,0.08179839427949298,"post-evaluation descriptive audit; fixed-model simultaneous pairwise bound, not universal optimality"
ridge,False,whole,ridge::P_C_A_K,P_C_A_K,24,0.6732299500327833,ridge::B_C_K,0.6522373150689735,0.020992634963809764,0.048358045865931065,"post-evaluation descriptive audit; fixed-model simultaneous pairwise bound, not universal optimality"
ridge,False,whole,ridge::D_P_C_A_K,D_P_C_A_K,28,0.7142305219917723,ridge::B_C_K,0.6522373150689735,0.06199320692279875,0.08935861782492005,"post-evaluation descriptive audit; fixed-model simultaneous pairwise bound, not universal optimality"
ridge,False,whole,ridge::B_P_C_A_K,B_P_C_A_K,25,0.6691156150654206,ridge::B_C_K,0.6522373150689735,0.016878299996447077,0.04424371089856838,"post-evaluation descriptive audit; fixed-model simultaneous pairwise bound, not universal optimality"
ridge,False,whole,ridge::D_B_P_C_A_K,D_B_P_C_A_K,29,0.7068537085508344,ridge::B_C_K,0.6522373150689735,0.05461639348186087,0.08198180438398217,"post-evaluation descriptive audit; fixed-model simultaneous pairwise bound, not universal optimality"
ridge,False,whole,ridge::M_P_C_A_K,M_P_C_A_K,25,0.6737236397497662,ridge::B_C_K,0.6522373150689735,0.0214863246807927,0.048851735582914,"post-evaluation descriptive audit; fixed-model simultaneous pairwise bound, not universal optimality"
ridge,False,whole,ridge::D_M_P_C_A_K,D_M_P_C_A_K,29,0.7153202418676693,ridge::B_C_K,0.6522373150689735,0.06308292679869576,0.09044833770081706,"post-evaluation descriptive audit; fixed-model simultaneous pairwise bound, not universal optimality"
ridge,False,whole,ridge::B_M_P_C_A_K,B_M_P_C_A_K,26,0.6710031106527566,ridge::B_C_K,0.6522373150689735,0.018765795583783107,0.04613120648590441,"post-evaluation descriptive audit; fixed-model simultaneous pairwise bound, not universal optimality"
ridge,False,whole,ridge::D_B_M_P_C_A_K,D_B_M_P_C_A_K,30,0.7091109661737246,ridge::B_C_K,0.6522373150689735,0.056873651104751066,0.08423906200687237,"post-evaluation descriptive audit; fixed-model simultaneous pairwise bound, not universal optimality"
ridge,False,disjoint,ridge::NONE,NONE,0,0.6919851207085821,ridge::B_C_K,0.6657892073729665,0.02619591333561555,0.0634280715088496,"post-evaluation descriptive audit; fixed-model simultaneous pairwise bound, not universal optimality"
ridge,False,disjoint,ridge::D,D,4,0.743213119954039,ridge::B_C_K,0.6657892073729665,0.07742391258107251,0.11465607075430656,"post-evaluation descriptive audit; fixed-model simultaneous pairwise bound, not universal optimality"
ridge,False,disjoint,ridge::B,B,1,0.6849243747157544,ridge::B_C_K,0.6657892073729665,0.019135167342787862,0.05636732551602191,"post-evaluation descriptive audit; fixed-model simultaneous pairwise bound, not universal optimality"
ridge,False,disjoint,ridge::D_B,D_B,5,0.7327917518170171,ridge::B_C_K,0.6657892073729665,0.06700254444405052,0.10423470261728457,"post-evaluation descriptive audit; fixed-model simultaneous pairwise bound, not universal optimality"
ridge,False,disjoint,ridge::M,M,1,0.6858071081348984,ridge::B_C_K,0.6657892073729665,0.020017900761931884,0.05725005893516593,"post-evaluation descriptive audit; fixed-model simultaneous pairwise bound, not universal optimality"
ridge,False,disjoint,ridge::D_M,D_M,5,0.7386208811556467,ridge::B_C_K,0.6657892073729665,0.07283167378268018,0.11006383195591424,"post-evaluation descriptive audit; fixed-model simultaneous pairwise bound, not universal optimality"
ridge,False,disjoint,ridge::B_M,B_M,2,0.6806102886982022,ridge::B_C_K,0.6657892073729665,0.01482108132523563,0.052053239498469676,"post-evaluation descriptive audit; fixed-model simultaneous pairwise bound, not universal optimality"
ridge,False,disjoint,ridge::D_B_M,D_B_M,6,0.7315507886194389,ridge::B_C_K,0.6657892073729665,0.06576158124647236,0.10299373941970641,"post-evaluation descriptive audit; fixed-model simultaneous pairwise bound, not universal optimality"
ridge,False,disjoint,ridge::P,P,11,0.6924323017534586,ridge::B_C_K,0.6657892073729665,0.02664309438049206,0.06387525255372611,"post-evaluation descriptive audit; fixed-model simultaneous pairwise bound, not universal optimality"
ridge,False,disjoint,ridge::D_P,D_P,15,0.7485874945508103,ridge::B_C_K,0.6657892073729665,0.08279828717784377,0.12003044535107782,"post-evaluation descriptive audit; fixed-model simultaneous pairwise bound, not universal optimality"
ridge,False,disjoint,ridge::B_P,B_P,12,0.6886121915910538,ridge::B_C_K,0.6657892073729665,0.02282298421808726,0.06005514239132131,"post-evaluation descriptive audit; fixed-model simultaneous pairwise bound, not universal optimality"
ridge,False,disjoint,ridge::D_B_P,D_B_P,16,0.7405018321972558,ridge::B_C_K,0.6657892073729665,0.07471262482428931,0.11194478299752336,"post-evaluation descriptive audit; fixed-model simultaneous pairwise bound, not universal optimality"
ridge,False,disjoint,ridge::M_P,M_P,12,0.6901531759680558,ridge::B_C_K,0.6657892073729665,0.02436396859508927,0.061596126768323316,"post-evaluation descriptive audit; fixed-model simultaneous pairwise bound, not universal optimality"
ridge,False,disjoint,ridge::D_M_P,D_M_P,16,0.7425744406636308,ridge::B_C_K,0.6657892073729665,0.07678523329066422,0.11401739146389828,"post-evaluation descriptive audit; fixed-model simultaneous pairwise bound, not universal optimality"
ridge,False,disjoint,ridge::B_M_P,B_M_P,13,0.684002789862312,ridge::B_C_K,0.6657892073729665,0.01821358248934546,0.055445740662579505,"post-evaluation descriptive audit; fixed-model simultaneous pairwise bound, not universal optimality"
ridge,False,disjoint,ridge::D_B_M_P,D_B_M_P,17,0.7375247615926643,ridge::B_C_K,0.6657892073729665,0.0717355542196978,0.10896771239293185,"post-evaluation descriptive audit; fixed-model simultaneous pairwise bound, not universal optimality"
ridge,False,disjoint,ridge::C,C,1,0.6911290282823452,ridge::B_C_K,0.6657892073729665,0.025339820909378696,0.06257197908261275,"post-evaluation descriptive audit; fixed-model simultaneous pairwise bound, not universal optimality"
ridge,False,disjoint,ridge::D_C,D_C,5,0.7422583517103591,ridge::B_C_K,0.6657892073729665,0.0764691443373926,0.11370130251062666,"post-evaluation descriptive audit; fixed-model simultaneous pairwise bound, not universal optimality"
ridge,False,disjoint,ridge::B_C,B_C,2,0.6833804036166334,ridge::B_C_K,0.6657892073729665,0.017591196243666896,0.05482335441690094,"post-evaluation descriptive audit; fixed-model simultaneous pairwise bound, not universal optimality"
ridge,False,disjoint,ridge::D_B_C,D_B_C,6,0.7316355900286667,ridge::B_C_K,0.6657892073729665,0.0658463826557002,0.10307854082893425,"post-evaluation descriptive audit; fixed-model simultaneous pairwise bound, not universal optimality"
ridge,False,disjoint,ridge::M_C,M_C,2,0.684953726551822,ridge::B_C_K,0.6657892073729665,0.01916451917885542,0.05639667735208947,"post-evaluation descriptive audit; fixed-model simultaneous pairwise bound, not universal optimality"
ridge,False,disjoint,ridge::D_M_C,D_M_C,6,0.7380330142062199,ridge::B_C_K,0.6657892073729665,0.07224380683325338,0.10947596500648743,"post-evaluation descriptive audit; fixed-model simultaneous pairwise bound, not universal optimality"
ridge,False,disjoint,ridge::B_M_C,B_M_C,3,0.6792627695494164,ridge::B_C_K,0.6657892073729665,0.013473562176449905,0.05070572034968395,"post-evaluation descriptive audit; fixed-model simultaneous pairwise bound, not universal optimality"
ridge,False,disjoint,ridge::D_B_M_C,D_B_M_C,7,0.7310122066926846,ridge::B_C_K,0.6657892073729665,0.06522299931971809,0.10245515749295214,"post-evaluation descriptive audit; fixed-model simultaneous pairwise bound, not universal optimality"
ridge,False,disjoint,ridge::P_C,P_C,12,0.6922419190172631,ridge::B_C_K,0.6657892073729665,0.026452711644296523,0.06368486981753058,"post-evaluation descriptive audit; fixed-model simultaneous pairwise bound, not universal optimality"
ridge,False,disjoint,ridge::D_P_C,D_P_C,16,0.7477252398396658,ridge::B_C_K,0.6657892073729665,0.08193603246669923,0.11916819063993328,"post-evaluation descriptive audit; fixed-model simultaneous pairwise bound, not universal optimality"
ridge,False,disjoint,ridge::B_P_C,B_P_C,13,0.6869381373775039,ridge::B_C_K,0.6657892073729665,0.021148930004537325,0.05838108817777137,"post-evaluation descriptive audit; fixed-model simultaneous pairwise bound, not universal optimality"
ridge,False,disjoint,ridge::D_B_P_C,D_B_P_C,17,0.7391173037665096,ridge::B_C_K,0.6657892073729665,0.0733280963935431,0.11056025456677715,"post-evaluation descriptive audit; fixed-model simultaneous pairwise bound, not universal optimality"
ridge,False,disjoint,ridge::M_P_C,M_P_C,13,0.6899753706324588,ridge::B_C_K,0.6657892073729665,0.0241861632594923,0.061418321432726346,"post-evaluation descriptive audit; fixed-model simultaneous pairwise bound, not universal optimality"
ridge,False,disjoint,ridge::D_M_P_C,D_M_P_C,17,0.7420126234360019,ridge::B_C_K,0.6657892073729665,0.0762234160630354,0.11345557423626945,"post-evaluation descriptive audit; fixed-model simultaneous pairwise bound, not universal optimality"
ridge,False,disjoint,ridge::B_M_P_C,B_M_P_C,14,0.6824917183823109,ridge::B_C_K,0.6657892073729665,0.01670251100934439,0.053934669182578436,"post-evaluation descriptive audit; fixed-model simultaneous pairwise bound, not universal optimality"
ridge,False,disjoint,ridge::D_B_M_P_C,D_B_M_P_C,18,0.7364985403289915,ridge::B_C_K,0.6657892073729665,0.070709332956025,0.10794149112925905,"post-evaluation descriptive audit; fixed-model simultaneous pairwise bound, not universal optimality"
ridge,False,disjoint,ridge::A,A,1,0.7090287375237916,ridge::B_C_K,0.6657892073729665,0.043239530150825045,0.0804716883240591,"post-evaluation descriptive audit; fixed-model simultaneous pairwise bound, not universal optimality"
ridge,False,disjoint,ridge::D_A,D_A,5,0.7687066337862036,ridge::B_C_K,0.6657892073729665,0.10291742641323709,0.14014958458647114,"post-evaluation descriptive audit; fixed-model simultaneous pairwise bound, not universal optimality"
ridge,False,disjoint,ridge::B_A,B_A,2,0.7019928071036963,ridge::B_C_K,0.6657892073729665,0.03620359973072973,0.07343575790396378,"post-evaluation descriptive audit; fixed-model simultaneous pairwise bound, not universal optimality"
ridge,False,disjoint,ridge::D_B_A,D_B_A,6,0.757453279408938,ridge::B_C_K,0.6657892073729665,0.09166407203597149,0.12889623020920554,"post-evaluation descriptive audit; fixed-model simultaneous pairwise bound, not universal optimality"
ridge,False,disjoint,ridge::M_A,M_A,2,0.7013093326114422,ridge::B_C_K,0.6657892073729665,0.0355201252384757,0.07275228341170975,"post-evaluation descriptive audit; fixed-model simultaneous pairwise bound, not universal optimality"
ridge,False,disjoint,ridge::D_M_A,D_M_A,6,0.7637248041297596,ridge::B_C_K,0.6657892073729665,0.09793559675679309,0.13516775493002714,"post-evaluation descriptive audit; fixed-model simultaneous pairwise bound, not universal optimality"
ridge,False,disjoint,ridge::B_M_A,B_M_A,3,0.6973720908334202,ridge::B_C_K,0.6657892073729665,0.03158288346045368,0.06881504163368773,"post-evaluation descriptive audit; fixed-model simultaneous pairwise bound, not universal optimality"
ridge,False,disjoint,ridge::D_B_M_A,D_B_M_A,7,0.7558534250096055,ridge::B_C_K,0.6657892073729665,0.09006421763663897,0.12729637580987302,"post-evaluation descriptive audit; fixed-model simultaneous pairwise bound, not universal optimality"
ridge,False,disjoint,ridge::P_A,P_A,12,0.704597330488102,ridge::B_C_K,0.6657892073729665,0.038808123115135484,0.07604028128836954,"post-evaluation descriptive audit; fixed-model simultaneous pairwise bound, not universal optimality"
ridge,False,disjoint,ridge::D_P_A,D_P_A,16,0.7720652237522685,ridge::B_C_K,0.6657892073729665,0.10627601637930195,0.143508174552536,"post-evaluation descriptive audit; fixed-model simultaneous pairwise bound, not universal optimality"
ridge,False,disjoint,ridge::B_P_A,B_P_A,13,0.7044632492908884,ridge::B_C_K,0.6657892073729665,0.0386740419179219,0.07590620009115595,"post-evaluation descriptive audit; fixed-model simultaneous pairwise bound, not universal optimality"
ridge,False,disjoint,ridge::D_B_P_A,D_B_P_A,17,0.7625214431594712,ridge::B_C_K,0.6657892073729665,0.0967322357865047,0.13396439395973875,"post-evaluation descriptive audit; fixed-model simultaneous pairwise bound, not universal optimality"
ridge,False,disjoint,ridge::M_P_A,M_P_A,13,0.6982981103597677,ridge::B_C_K,0.6657892073729665,0.0325089029868012,0.06974106116003526,"post-evaluation descriptive audit; fixed-model simultaneous pairwise bound, not universal optimality"
ridge,False,disjoint,ridge::D_M_P_A,D_M_P_A,17,0.7661455338453221,ridge::B_C_K,0.6657892073729665,0.1003563264723556,0.13758848464558965,"post-evaluation descriptive audit; fixed-model simultaneous pairwise bound, not universal optimality"
ridge,False,disjoint,ridge::B_M_P_A,B_M_P_A,14,0.6994989700913523,ridge::B_C_K,0.6657892073729665,0.03370976271838577,0.07094192089161983,"post-evaluation descriptive audit; fixed-model simultaneous pairwise bound, not universal optimality"
ridge,False,disjoint,ridge::D_B_M_P_A,D_B_M_P_A,18,0.7588786629016513,ridge::B_C_K,0.6657892073729665,0.09308945552868475,0.1303216137019188,"post-evaluation descriptive audit; fixed-model simultaneous pairwise bound, not universal optimality"
ridge,False,disjoint,ridge::C_A,C_A,2,0.7079853986869942,ridge::B_C_K,0.6657892073729665,0.04219619131402763,0.07942834948726168,"post-evaluation descriptive audit; fixed-model simultaneous pairwise bound, not universal optimality"
ridge,False,disjoint,ridge::D_C_A,D_C_A,6,0.7680091845032745,ridge::B_C_K,0.6657892073729665,0.10221997713030795,0.139452135303542,"post-evaluation descriptive audit; fixed-model simultaneous pairwise bound, not universal optimality"
ridge,False,disjoint,ridge::B_C_A,B_C_A,3,0.7008367293557348,ridge::B_C_K,0.6657892073729665,0.03504752198276828,0.07227968015600233,"post-evaluation descriptive audit; fixed-model simultaneous pairwise bound, not universal optimality"
ridge,False,disjoint,ridge::D_B_C_A,D_B_C_A,7,0.7569619080769585,ridge::B_C_K,0.6657892073729665,0.09117270070399197,0.12840485887722602,"post-evaluation descriptive audit; fixed-model simultaneous pairwise bound, not universal optimality"
ridge,False,disjoint,ridge::M_C_A,M_C_A,3,0.6965778029248897,ridge::B_C_K,0.6657892073729665,0.030788595551923148,0.0680207537251572,"post-evaluation descriptive audit; fixed-model simultaneous pairwise bound, not universal optimality"
ridge,False,disjoint,ridge::D_M_C_A,D_M_C_A,7,0.7635648115789708,ridge::B_C_K,0.6657892073729665,0.09777560420600429,0.13500776237923834,"post-evaluation descriptive audit; fixed-model simultaneous pairwise bound, not universal optimality"
ridge,False,disjoint,ridge::B_M_C_A,B_M_C_A,4,0.6963669753331391,ridge::B_C_K,0.6657892073729665,0.03057776796017253,0.06780992613340658,"post-evaluation descriptive audit; fixed-model simultaneous pairwise bound, not universal optimality"
ridge,False,disjoint,ridge::D_B_M_C_A,D_B_M_C_A,8,0.7557085125014077,ridge::B_C_K,0.6657892073729665,0.08991930512844115,0.1271514633016752,"post-evaluation descriptive audit; fixed-model simultaneous pairwise bound, not universal optimality"
ridge,False,disjoint,ridge::P_C_A,P_C_A,13,0.7037488634582493,ridge::B_C_K,0.6657892073729665,0.037959656085282734,0.07519181425851679,"post-evaluation descriptive audit; fixed-model simultaneous pairwise bound, not universal optimality"
ridge,False,disjoint,ridge::D_P_C_A,D_P_C_A,17,0.7719971182740671,ridge::B_C_K,0.6657892073729665,0.1062079109011006,0.14344006907433465,"post-evaluation descriptive audit; fixed-model simultaneous pairwise bound, not universal optimality"
ridge,False,disjoint,ridge::B_P_C_A,B_P_C_A,14,0.7031102250669438,ridge::B_C_K,0.6657892073729665,0.03732101769397722,0.07455317586721127,"post-evaluation descriptive audit; fixed-model simultaneous pairwise bound, not universal optimality"
ridge,False,disjoint,ridge::D_B_P_C_A,D_B_P_C_A,18,0.761651649115845,ridge::B_C_K,0.6657892073729665,0.0958624417428785,0.13309459991611255,"post-evaluation descriptive audit; fixed-model simultaneous pairwise bound, not universal optimality"
ridge,False,disjoint,ridge::M_P_C_A,M_P_C_A,14,0.6974407684301679,ridge::B_C_K,0.6657892073729665,0.03165156105720135,0.0688837192304354,"post-evaluation descriptive audit; fixed-model simultaneous pairwise bound, not universal optimality"
ridge,False,disjoint,ridge::D_M_P_C_A,D_M_P_C_A,18,0.7661285263474475,ridge::B_C_K,0.6657892073729665,0.100339318974481,0.13757147714771506,"post-evaluation descriptive audit; fixed-model simultaneous pairwise bound, not universal optimality"
ridge,False,disjoint,ridge::B_M_P_C_A,B_M_P_C_A,15,0.6983791473495269,ridge::B_C_K,0.6657892073729665,0.032589939976560345,0.0698220981497944,"post-evaluation descriptive audit; fixed-model simultaneous pairwise bound, not universal optimality"
ridge,False,disjoint,ridge::D_B_M_P_C_A,D_B_M_P_C_A,19,0.7587796877424142,ridge::B_C_K,0.6657892073729665,0.09299048036944768,0.13022263854268173,"post-evaluation descriptive audit; fixed-model simultaneous pairwise bound, not universal optimality"
ridge,False,disjoint,ridge::K,K,11,0.6726456802590971,ridge::B_C_K,0.6657892073729665,0.00685647288613056,0.04408863105936461,"post-evaluation descriptive audit; fixed-model simultaneous pairwise bound, not universal optimality"
ridge,False,disjoint,ridge::D_K,D_K,15,0.7252047221104492,ridge::B_C_K,0.6657892073729665,0.05941551473748263,0.09664767291071669,"post-evaluation descriptive audit; fixed-model simultaneous pairwise bound, not universal optimality"
ridge,False,disjoint,ridge::B_K,B_K,12,0.6672355274549833,ridge::B_C_K,0.6657892073729665,0.0014463200820167277,0.038678478255250774,"post-evaluation descriptive audit; fixed-model simultaneous pairwise bound, not universal optimality"
ridge,False,disjoint,ridge::D_B_K,D_B_K,16,0.7165270317361839,ridge::B_C_K,0.6657892073729665,0.05073782436321739,0.08796998253645144,"post-evaluation descriptive audit; fixed-model simultaneous pairwise bound, not universal optimality"
ridge,False,disjoint,ridge::M_K,M_K,12,0.6740551254727437,ridge::B_C_K,0.6657892073729665,0.00826591809977717,0.045498076273011216,"post-evaluation descriptive audit; fixed-model simultaneous pairwise bound, not universal optimality"
ridge,False,disjoint,ridge::D_M_K,D_M_K,16,0.7285044983312807,ridge::B_C_K,0.6657892073729665,0.06271529095831418,0.09994744913154824,"post-evaluation descriptive audit; fixed-model simultaneous pairwise bound, not universal optimality"
ridge,False,disjoint,ridge::B_M_K,B_M_K,13,0.6708757836742091,ridge::B_C_K,0.6657892073729665,0.00508657630124254,0.04231873447447659,"post-evaluation descriptive audit; fixed-model simultaneous pairwise bound, not universal optimality"
ridge,False,disjoint,ridge::D_B_M_K,D_B_M_K,17,0.7221071376364849,ridge::B_C_K,0.6657892073729665,0.05631793026351839,0.09355008843675244,"post-evaluation descriptive audit; fixed-model simultaneous pairwise bound, not universal optimality"
ridge,False,disjoint,ridge::P_K,P_K,22,0.6774283726177129,ridge::B_C_K,0.6657892073729665,0.011639165244746397,0.04887132341798044,"post-evaluation descriptive audit; fixed-model simultaneous pairwise bound, not universal optimality"
ridge,False,disjoint,ridge::D_P_K,D_P_K,26,0.7335408102528712,ridge::B_C_K,0.6657892073729665,0.06775160287990467,0.10498376105313872,"post-evaluation descriptive audit; fixed-model simultaneous pairwise bound, not universal optimality"
ridge,False,disjoint,ridge::B_P_K,B_P_K,23,0.6735482251563827,ridge::B_C_K,0.6657892073729665,0.0077590177834161445,0.04499117595665019,"post-evaluation descriptive audit; fixed-model simultaneous pairwise bound, not universal optimality"
ridge,False,disjoint,ridge::D_B_P_K,D_B_P_K,27,0.7265903634357397,ridge::B_C_K,0.6657892073729665,0.06080115606277314,0.0980333142360072,"post-evaluation descriptive audit; fixed-model simultaneous pairwise bound, not universal optimality"
ridge,False,disjoint,ridge::M_P_K,M_P_K,23,0.6781622055301505,ridge::B_C_K,0.6657892073729665,0.012372998157183956,0.049605156330418,"post-evaluation descriptive audit; fixed-model simultaneous pairwise bound, not universal optimality"
ridge,False,disjoint,ridge::D_M_P_K,D_M_P_K,27,0.7348808289929329,ridge::B_C_K,0.6657892073729665,0.0690916216199664,0.10632377979320046,"post-evaluation descriptive audit; fixed-model simultaneous pairwise bound, not universal optimality"
ridge,False,disjoint,ridge::B_M_P_K,B_M_P_K,24,0.6763880962431157,ridge::B_C_K,0.6657892073729665,0.010598888870149148,0.047831047043383194,"post-evaluation descriptive audit; fixed-model simultaneous pairwise bound, not universal optimality"
ridge,False,disjoint,ridge::D_B_M_P_K,D_B_M_P_K,28,0.7296853359751051,ridge::B_C_K,0.6657892073729665,0.06389612860213856,0.10112828677537261,"post-evaluation descriptive audit; fixed-model simultaneous pairwise bound, not universal optimality"
ridge,False,disjoint,ridge::C_K,C_K,12,0.6712878841633049,ridge::B_C_K,0.6657892073729665,0.0054986767903383305,0.04273083496357238,"post-evaluation descriptive audit; fixed-model simultaneous pairwise bound, not universal optimality"
ridge,False,disjoint,ridge::D_C_K,D_C_K,16,0.723782871878368,ridge::B_C_K,0.6657892073729665,0.05799366450540144,0.0952258226786355,"post-evaluation descriptive audit; fixed-model simultaneous pairwise bound, not universal optimality"
ridge,False,disjoint,ridge::B_C_K,B_C_K,13,0.6657892073729665,ridge::B_C_K,0.6657892073729665,0.0,0.037232158173234046,"post-evaluation descriptive audit; fixed-model simultaneous pairwise bound, not universal optimality"
ridge,False,disjoint,ridge::D_B_C_K,D_B_C_K,17,0.7152353912300684,ridge::B_C_K,0.6657892073729665,0.049446183857101866,0.08667834203033592,"post-evaluation descriptive audit; fixed-model simultaneous pairwise bound, not universal optimality"
ridge,False,disjoint,ridge::M_C_K,M_C_K,13,0.6729683485024972,ridge::B_C_K,0.6657892073729665,0.007179141129530664,0.04441129930276471,"post-evaluation descriptive audit; fixed-model simultaneous pairwise bound, not universal optimality"
ridge,False,disjoint,ridge::D_M_C_K,D_M_C_K,17,0.7279305245527504,ridge::B_C_K,0.6657892073729665,0.062141317179783884,0.09937347535301794,"post-evaluation descriptive audit; fixed-model simultaneous pairwise bound, not universal optimality"
ridge,False,disjoint,ridge::B_M_C_K,B_M_C_K,14,0.6696925173118139,ridge::B_C_K,0.6657892073729665,0.0039033099388473547,0.0411354681120814,"post-evaluation descriptive audit; fixed-model simultaneous pairwise bound, not universal optimality"
ridge,False,disjoint,ridge::D_B_M_C_K,D_B_M_C_K,18,0.7212681319862096,ridge::B_C_K,0.6657892073729665,0.05547892461324311,0.09271108278647716,"post-evaluation descriptive audit; fixed-model simultaneous pairwise bound, not universal optimality"
ridge,False,disjoint,ridge::P_C_K,P_C_K,23,0.6757921368960115,ridge::B_C_K,0.6657892073729665,0.010002929523044934,0.04723508769627898,"post-evaluation descriptive audit; fixed-model simultaneous pairwise bound, not universal optimality"
ridge,False,disjoint,ridge::D_P_C_K,D_P_C_K,27,0.7320216938203087,ridge::B_C_K,0.6657892073729665,0.06623248644734214,0.1034646446205762,"post-evaluation descriptive audit; fixed-model simultaneous pairwise bound, not universal optimality"
ridge,False,disjoint,ridge::B_P_C_K,B_P_C_K,24,0.6718433913178974,ridge::B_C_K,0.6657892073729665,0.0060541839449308466,0.04328634211816489,"post-evaluation descriptive audit; fixed-model simultaneous pairwise bound, not universal optimality"
ridge,False,disjoint,ridge::D_B_P_C_K,D_B_P_C_K,28,0.7249670655257152,ridge::B_C_K,0.6657892073729665,0.059177858152748675,0.09641001632598273,"post-evaluation descriptive audit; fixed-model simultaneous pairwise bound, not universal optimality"
ridge,False,disjoint,ridge::M_P_C_K,M_P_C_K,24,0.6768352390719161,ridge::B_C_K,0.6657892073729665,0.011046031698949577,0.04827818987218362,"post-evaluation descriptive audit; fixed-model simultaneous pairwise bound, not universal optimality"
ridge,False,disjoint,ridge::D_M_P_C_K,D_M_P_C_K,28,0.7337868818517564,ridge::B_C_K,0.6657892073729665,0.0679976744787899,0.10522983265202396,"post-evaluation descriptive audit; fixed-model simultaneous pairwise bound, not universal optimality"
ridge,False,disjoint,ridge::B_M_P_C_K,B_M_P_C_K,25,0.6749475165082723,ridge::B_C_K,0.6657892073729665,0.009158309135305798,0.046390467308539844,"post-evaluation descriptive audit; fixed-model simultaneous pairwise bound, not universal optimality"
ridge,False,disjoint,ridge::D_B_M_P_C_K,D_B_M_P_C_K,29,0.7286924095340814,ridge::B_C_K,0.6657892073729665,0.06290320216111489,0.10013536033434894,"post-evaluation descriptive audit; fixed-model simultaneous pairwise bound, not universal optimality"
ridge,False,disjoint,ridge::A_K,A_K,12,0.6899937589807392,ridge::B_C_K,0.6657892073729665,0.024204551607772684,0.06143670978100673,"post-evaluation descriptive audit; fixed-model simultaneous pairwise bound, not universal optimality"
ridge,False,disjoint,ridge::D_A_K,D_A_K,16,0.7507484226309693,ridge::B_C_K,0.6657892073729665,0.08495921525800276,0.12219137343123682,"post-evaluation descriptive audit; fixed-model simultaneous pairwise bound, not universal optimality"
ridge,False,disjoint,ridge::B_A_K,B_A_K,13,0.6844879629634265,ridge::B_C_K,0.6657892073729665,0.01869875559045997,0.055930913763694017,"post-evaluation descriptive audit; fixed-model simultaneous pairwise bound, not universal optimality"
ridge,False,disjoint,ridge::D_B_A_K,D_B_A_K,17,0.7407319064019351,ridge::B_C_K,0.6657892073729665,0.07494269902896855,0.1121748572022026,"post-evaluation descriptive audit; fixed-model simultaneous pairwise bound, not universal optimality"
ridge,False,disjoint,ridge::M_A_K,M_A_K,13,0.6908770335128249,ridge::B_C_K,0.6657892073729665,0.025087826139858382,0.06231998431309243,"post-evaluation descriptive audit; fixed-model simultaneous pairwise bound, not universal optimality"
ridge,False,disjoint,ridge::D_M_A_K,D_M_A_K,17,0.7536388761511144,ridge::B_C_K,0.6657892073729665,0.08784966877814782,0.12508182695138187,"post-evaluation descriptive audit; fixed-model simultaneous pairwise bound, not universal optimality"
ridge,False,disjoint,ridge::B_M_A_K,B_M_A_K,14,0.6876743498851912,ridge::B_C_K,0.6657892073729665,0.02188514251222462,0.05911730068545867,"post-evaluation descriptive audit; fixed-model simultaneous pairwise bound, not universal optimality"
ridge,False,disjoint,ridge::D_B_M_A_K,D_B_M_A_K,18,0.746090725417863,ridge::B_C_K,0.6657892073729665,0.08030151804489649,0.11753367621813054,"post-evaluation descriptive audit; fixed-model simultaneous pairwise bound, not universal optimality"
ridge,False,disjoint,ridge::P_A_K,P_A_K,23,0.6932093311130976,ridge::B_C_K,0.6657892073729665,0.02742012374013103,0.06465228191336508,"post-evaluation descriptive audit; fixed-model simultaneous pairwise bound, not universal optimality"
ridge,False,disjoint,ridge::D_P_A_K,D_P_A_K,27,0.756812711555195,ridge::B_C_K,0.6657892073729665,0.09102350418222849,0.12825566235546254,"post-evaluation descriptive audit; fixed-model simultaneous pairwise bound, not universal optimality"
ridge,False,disjoint,ridge::B_P_A_K,B_P_A_K,24,0.688809436767485,ridge::B_C_K,0.6657892073729665,0.02302022939451842,0.06025238756775247,"post-evaluation descriptive audit; fixed-model simultaneous pairwise bound, not universal optimality"
ridge,False,disjoint,ridge::D_B_P_A_K,D_B_P_A_K,28,0.7480461393688025,ridge::B_C_K,0.6657892073729665,0.08225693199583595,0.11948909016907,"post-evaluation descriptive audit; fixed-model simultaneous pairwise bound, not universal optimality"
ridge,False,disjoint,ridge::M_P_A_K,M_P_A_K,24,0.6935854636561409,ridge::B_C_K,0.6657892073729665,0.027796256283174392,0.06502841445640845,"post-evaluation descriptive audit; fixed-model simultaneous pairwise bound, not universal optimality"
ridge,False,disjoint,ridge::D_M_P_A_K,D_M_P_A_K,28,0.757786159371324,ridge::B_C_K,0.6657892073729665,0.09199695199835745,0.1292291101715915,"post-evaluation descriptive audit; fixed-model simultaneous pairwise bound, not universal optimality"
ridge,False,disjoint,ridge::B_M_P_A_K,B_M_P_A_K,25,0.6913527981909989,ridge::B_C_K,0.6657892073729665,0.02556359081803239,0.06279574899126644,"post-evaluation descriptive audit; fixed-model simultaneous pairwise bound, not universal optimality"
ridge,False,disjoint,ridge::D_B_M_P_A_K,D_B_M_P_A_K,29,0.7511620866978799,ridge::B_C_K,0.6657892073729665,0.08537287932491333,0.12260503749814738,"post-evaluation descriptive audit; fixed-model simultaneous pairwise bound, not universal optimality"
ridge,False,disjoint,ridge::C_A_K,C_A_K,13,0.6888241709143074,ridge::B_C_K,0.6657892073729665,0.023034963541340825,0.06026712171457487,"post-evaluation descriptive audit; fixed-model simultaneous pairwise bound, not universal optimality"
ridge,False,disjoint,ridge::D_C_A_K,D_C_A_K,17,0.7497738977517039,ridge::B_C_K,0.6657892073729665,0.08398469037873735,0.1212168485519714,"post-evaluation descriptive audit; fixed-model simultaneous pairwise bound, not universal optimality"
ridge,False,disjoint,ridge::B_C_A_K,B_C_A_K,14,0.6832324598300256,ridge::B_C_K,0.6657892073729665,0.017443252457059022,0.05467541063029307,"post-evaluation descriptive audit; fixed-model simultaneous pairwise bound, not universal optimality"
ridge,False,disjoint,ridge::D_B_C_A_K,D_B_C_A_K,18,0.7403321174886645,ridge::B_C_K,0.6657892073729665,0.07454291011569791,0.11177506828893197,"post-evaluation descriptive audit; fixed-model simultaneous pairwise bound, not universal optimality"
ridge,False,disjoint,ridge::M_C_A_K,M_C_A_K,14,0.690102227677923,ridge::B_C_K,0.6657892073729665,0.024313020304956412,0.06154517847819046,"post-evaluation descriptive audit; fixed-model simultaneous pairwise bound, not universal optimality"
ridge,False,disjoint,ridge::D_M_C_A_K,D_M_C_A_K,18,0.753832440472006,ridge::B_C_K,0.6657892073729665,0.0880432330990395,0.12527539127227355,"post-evaluation descriptive audit; fixed-model simultaneous pairwise bound, not universal optimality"
ridge,False,disjoint,ridge::B_M_C_A_K,B_M_C_A_K,15,0.6868113590147756,ridge::B_C_K,0.6657892073729665,0.021022151641809095,0.05825430981504314,"post-evaluation descriptive audit; fixed-model simultaneous pairwise bound, not universal optimality"
ridge,False,disjoint,ridge::D_B_M_C_A_K,D_B_M_C_A_K,19,0.7460856179087823,ridge::B_C_K,0.6657892073729665,0.08029641053581571,0.11752856870904976,"post-evaluation descriptive audit; fixed-model simultaneous pairwise bound, not universal optimality"
ridge,False,disjoint,ridge::P_C_A_K,P_C_A_K,24,0.6919005048947194,ridge::B_C_K,0.6657892073729665,0.026111297521752896,0.06334345569498695,"post-evaluation descriptive audit; fixed-model simultaneous pairwise bound, not universal optimality"
ridge,False,disjoint,ridge::D_P_C_A_K,D_P_C_A_K,28,0.7558646370559106,ridge::B_C_K,0.6657892073729665,0.09007542968294402,0.12730758785617807,"post-evaluation descriptive audit; fixed-model simultaneous pairwise bound, not universal optimality"
ridge,False,disjoint,ridge::B_P_C_A_K,B_P_C_A_K,25,0.6873816199201878,ridge::B_C_K,0.6657892073729665,0.021592412547221218,0.058824570720455265,"post-evaluation descriptive audit; fixed-model simultaneous pairwise bound, not universal optimality"
ridge,False,disjoint,ridge::D_B_P_C_A_K,D_B_P_C_A_K,29,0.7473835015659243,ridge::B_C_K,0.6657892073729665,0.08159429419295772,0.11882645236619177,"post-evaluation descriptive audit; fixed-model simultaneous pairwise bound, not universal optimality"
ridge,False,disjoint,ridge::M_P_C_A_K,M_P_C_A_K,25,0.6926448147363052,ridge::B_C_K,0.6657892073729665,0.026855607363338696,0.06408776553657275,"post-evaluation descriptive audit; fixed-model simultaneous pairwise bound, not universal optimality"
ridge,False,disjoint,ridge::D_M_P_C_A_K,D_M_P_C_A_K,29,0.757526301465438,ridge::B_C_K,0.6657892073729665,0.09173709409247144,0.1289692522657055,"post-evaluation descriptive audit; fixed-model simultaneous pairwise bound, not universal optimality"
ridge,False,disjoint,ridge::B_M_P_C_A_K,B_M_P_C_A_K,26,0.6903081562263848,ridge::B_C_K,0.6657892073729665,0.02451894885341821,0.061751107026652256,"post-evaluation descriptive audit; fixed-model simultaneous pairwise bound, not universal optimality"
ridge,False,disjoint,ridge::D_B_M_P_C_A_K,D_B_M_P_C_A_K,30,0.7509592407973831,ridge::B_C_K,0.6657892073729665,0.08517003342441654,0.12240219159765059,"post-evaluation descriptive audit; fixed-model simultaneous pairwise bound, not universal optimality"
ridge,True,whole,ridge::H,H,0,0.6606312282641407,ridge::H_B_C_K,0.6337863909234293,0.026844837340711414,0.05824684449686784,"post-evaluation descriptive audit; fixed-model simultaneous pairwise bound, not universal optimality"
ridge,True,whole,ridge::H_D,H_D,4,0.6963355611984344,ridge::H_B_C_K,0.6337863909234293,0.06254917027500517,0.0939511774311616,"post-evaluation descriptive audit; fixed-model simultaneous pairwise bound, not universal optimality"
ridge,True,whole,ridge::H_B,H_B,1,0.6572437321089143,ridge::H_B_C_K,0.6337863909234293,0.023457341185485037,0.05485934834164146,"post-evaluation descriptive audit; fixed-model simultaneous pairwise bound, not universal optimality"
ridge,True,whole,ridge::H_D_B,H_D_B,5,0.6906339173177154,ridge::H_B_C_K,0.6337863909234293,0.05684752639428614,0.08824953355044257,"post-evaluation descriptive audit; fixed-model simultaneous pairwise bound, not universal optimality"
ridge,True,whole,ridge::H_M,H_M,1,0.6586768755905321,ridge::H_B_C_K,0.6337863909234293,0.024890484667102863,0.05629249182325929,"post-evaluation descriptive audit; fixed-model simultaneous pairwise bound, not universal optimality"
ridge,True,whole,ridge::H_D_M,H_D_M,5,0.6997384329956171,ridge::H_B_C_K,0.6337863909234293,0.06595204207218786,0.09735404922834429,"post-evaluation descriptive audit; fixed-model simultaneous pairwise bound, not universal optimality"
ridge,True,whole,ridge::H_B_M,H_B_M,2,0.6568610223434455,ridge::H_B_C_K,0.6337863909234293,0.0230746314200162,0.054476638576172624,"post-evaluation descriptive audit; fixed-model simultaneous pairwise bound, not universal optimality"
ridge,True,whole,ridge::H_D_B_M,H_D_B_M,6,0.6954715126760607,ridge::H_B_C_K,0.6337863909234293,0.06168512175263141,0.09308712890878784,"post-evaluation descriptive audit; fixed-model simultaneous pairwise bound, not universal optimality"
ridge,True,whole,ridge::H_P,H_P,11,0.6621286536698819,ridge::H_B_C_K,0.6337863909234293,0.028342262746452684,0.05974426990260911,"post-evaluation descriptive audit; fixed-model simultaneous pairwise bound, not universal optimality"
ridge,True,whole,ridge::H_D_P,H_D_P,15,0.698689907324745,ridge::H_B_C_K,0.6337863909234293,0.06490351640131575,0.09630552355747218,"post-evaluation descriptive audit; fixed-model simultaneous pairwise bound, not universal optimality"
ridge,True,whole,ridge::H_B_P,H_B_P,12,0.6598279763958994,ridge::H_B_C_K,0.6337863909234293,0.026041585472470152,0.057443592628626576,"post-evaluation descriptive audit; fixed-model simultaneous pairwise bound, not universal optimality"
ridge,True,whole,ridge::H_D_B_P,H_D_B_P,16,0.6944128008236351,ridge::H_B_C_K,0.6337863909234293,0.060626409900205847,0.09202841705636228,"post-evaluation descriptive audit; fixed-model simultaneous pairwise bound, not universal optimality"
ridge,True,whole,ridge::H_M_P,H_M_P,12,0.660033667930386,ridge::H_B_C_K,0.6337863909234293,0.026247277006956726,0.05764928416311315,"post-evaluation descriptive audit; fixed-model simultaneous pairwise bound, not universal optimality"
ridge,True,whole,ridge::H_D_M_P,H_D_M_P,16,0.7008698443347486,ridge::H_B_C_K,0.6337863909234293,0.06708345341131938,0.09848546056747581,"post-evaluation descriptive audit; fixed-model simultaneous pairwise bound, not universal optimality"
ridge,True,whole,ridge::H_B_M_P,H_B_M_P,13,0.6590211712988747,ridge::H_B_C_K,0.6337863909234293,0.025234780375445465,0.05663678753160189,"post-evaluation descriptive audit; fixed-model simultaneous pairwise bound, not universal optimality"
ridge,True,whole,ridge::H_D_B_M_P,H_D_B_M_P,17,0.6971059702039134,ridge::H_B_C_K,0.6337863909234293,0.06331957928048415,0.09472158643664058,"post-evaluation descriptive audit; fixed-model simultaneous pairwise bound, not universal optimality"
ridge,True,whole,ridge::H_C,H_C,1,0.6602863066610781,ridge::H_B_C_K,0.6337863909234293,0.02649991573764887,0.057901922893805295,"post-evaluation descriptive audit; fixed-model simultaneous pairwise bound, not universal optimality"
ridge,True,whole,ridge::H_D_C,H_D_C,5,0.6959838922065944,ridge::H_B_C_K,0.6337863909234293,0.062197501283165146,0.09359950843932158,"post-evaluation descriptive audit; fixed-model simultaneous pairwise bound, not universal optimality"
ridge,True,whole,ridge::H_B_C,H_B_C,2,0.6567785122587826,ridge::H_B_C_K,0.6337863909234293,0.022992121335353333,0.054394128491509756,"post-evaluation descriptive audit; fixed-model simultaneous pairwise bound, not universal optimality"
ridge,True,whole,ridge::H_D_B_C,H_D_B_C,6,0.6908208436129017,ridge::H_B_C_K,0.6337863909234293,0.05703445268947249,0.08843645984562892,"post-evaluation descriptive audit; fixed-model simultaneous pairwise bound, not universal optimality"
ridge,True,whole,ridge::H_M_C,H_M_C,2,0.6581678843228225,ridge::H_B_C_K,0.6337863909234293,0.024381493399393217,0.05578350055554964,"post-evaluation descriptive audit; fixed-model simultaneous pairwise bound, not universal optimality"
ridge,True,whole,ridge::H_D_M_C,H_D_M_C,6,0.6994344507130313,ridge::H_B_C_K,0.6337863909234293,0.06564805978960209,0.09705006694575852,"post-evaluation descriptive audit; fixed-model simultaneous pairwise bound, not universal optimality"
ridge,True,whole,ridge::H_B_M_C,H_B_M_C,3,0.6562303994931917,ridge::H_B_C_K,0.6337863909234293,0.022444008569762475,0.0538460157259189,"post-evaluation descriptive audit; fixed-model simultaneous pairwise bound, not universal optimality"
ridge,True,whole,ridge::H_D_B_M_C,H_D_B_M_C,7,0.6952109364585864,ridge::H_B_C_K,0.6337863909234293,0.06142454553515719,0.09282655269131362,"post-evaluation descriptive audit; fixed-model simultaneous pairwise bound, not universal optimality"
ridge,True,whole,ridge::H_P_C,H_P_C,12,0.6616781456941931,ridge::H_B_C_K,0.6337863909234293,0.027891754770763888,0.05929376192692031,"post-evaluation descriptive audit; fixed-model simultaneous pairwise bound, not universal optimality"
ridge,True,whole,ridge::H_D_P_C,H_D_P_C,16,0.6986708024712182,ridge::H_B_C_K,0.6337863909234293,0.0648844115477889,0.09628641870394533,"post-evaluation descriptive audit; fixed-model simultaneous pairwise bound, not universal optimality"
ridge,True,whole,ridge::H_B_P_C,H_B_P_C,13,0.6592588775492055,ridge::H_B_C_K,0.6337863909234293,0.02547248662577628,0.056874493781932704,"post-evaluation descriptive audit; fixed-model simultaneous pairwise bound, not universal optimality"
ridge,True,whole,ridge::H_D_B_P_C,H_D_B_P_C,17,0.6941116093155125,ridge::H_B_C_K,0.6337863909234293,0.06032521839208327,0.0917272255482397,"post-evaluation descriptive audit; fixed-model simultaneous pairwise bound, not universal optimality"
ridge,True,whole,ridge::H_M_P_C,H_M_P_C,13,0.6594039241702601,ridge::H_B_C_K,0.6337863909234293,0.025617533246830804,0.05701954040298723,"post-evaluation descriptive audit; fixed-model simultaneous pairwise bound, not universal optimality"
ridge,True,whole,ridge::H_D_M_P_C,H_D_M_P_C,17,0.7007023505178795,ridge::H_B_C_K,0.6337863909234293,0.06691595959445029,0.09831796675060672,"post-evaluation descriptive audit; fixed-model simultaneous pairwise bound, not universal optimality"
ridge,True,whole,ridge::H_B_M_P_C,H_B_M_P_C,14,0.6583944317582954,ridge::H_B_C_K,0.6337863909234293,0.02460804083486612,0.05601004799102254,"post-evaluation descriptive audit; fixed-model simultaneous pairwise bound, not universal optimality"
ridge,True,whole,ridge::H_D_B_M_P_C,H_D_B_M_P_C,18,0.6968980896802981,ridge::H_B_C_K,0.6337863909234293,0.06311169875686884,0.09451370591302527,"post-evaluation descriptive audit; fixed-model simultaneous pairwise bound, not universal optimality"
ridge,True,whole,ridge::H_A,H_A,1,0.6742887322988289,ridge::H_B_C_K,0.6337863909234293,0.04050234137539965,0.07190434853155608,"post-evaluation descriptive audit; fixed-model simultaneous pairwise bound, not universal optimality"
ridge,True,whole,ridge::H_D_A,H_D_A,5,0.7154019277341704,ridge::H_B_C_K,0.6337863909234293,0.08161553681074118,0.11301754396689762,"post-evaluation descriptive audit; fixed-model simultaneous pairwise bound, not universal optimality"
ridge,True,whole,ridge::H_B_A,H_B_A,2,0.6709018797430876,ridge::H_B_C_K,0.6337863909234293,0.037115488819658315,0.06851749597581475,"post-evaluation descriptive audit; fixed-model simultaneous pairwise bound, not universal optimality"
ridge,True,whole,ridge::H_D_B_A,H_D_B_A,6,0.7098588727184798,ridge::H_B_C_K,0.6337863909234293,0.07607248179505055,0.10747448895120698,"post-evaluation descriptive audit; fixed-model simultaneous pairwise bound, not universal optimality"
ridge,True,whole,ridge::H_M_A,H_M_A,2,0.6720357150766939,ridge::H_B_C_K,0.6337863909234293,0.03824932415326465,0.06965133130942108,"post-evaluation descriptive audit; fixed-model simultaneous pairwise bound, not universal optimality"
ridge,True,whole,ridge::H_D_M_A,H_D_M_A,6,0.7184336206077938,ridge::H_B_C_K,0.6337863909234293,0.08464722968436456,0.11604923684052099,"post-evaluation descriptive audit; fixed-model simultaneous pairwise bound, not universal optimality"
ridge,True,whole,ridge::H_B_M_A,H_B_M_A,3,0.6701807686552033,ridge::H_B_C_K,0.6337863909234293,0.03639437773177401,0.06779638488793044,"post-evaluation descriptive audit; fixed-model simultaneous pairwise bound, not universal optimality"
ridge,True,whole,ridge::H_D_B_M_A,H_D_B_M_A,7,0.7138935134653294,ridge::H_B_C_K,0.6337863909234293,0.08010712254190011,0.11150912969805654,"post-evaluation descriptive audit; fixed-model simultaneous pairwise bound, not universal optimality"
ridge,True,whole,ridge::H_P_A,H_P_A,12,0.6750709856321968,ridge::H_B_C_K,0.6337863909234293,0.04128459470876755,0.07268660186492398,"post-evaluation descriptive audit; fixed-model simultaneous pairwise bound, not universal optimality"
ridge,True,whole,ridge::H_D_P_A,H_D_P_A,16,0.7171619204988864,ridge::H_B_C_K,0.6337863909234293,0.08337552957545713,0.11477753673161356,"post-evaluation descriptive audit; fixed-model simultaneous pairwise bound, not universal optimality"
ridge,True,whole,ridge::H_B_P_A,H_B_P_A,13,0.672482962618774,ridge::H_B_C_K,0.6337863909234293,0.038696571695344795,0.07009857885150123,"post-evaluation descriptive audit; fixed-model simultaneous pairwise bound, not universal optimality"
ridge,True,whole,ridge::H_D_B_P_A,H_D_B_P_A,17,0.7118585932917909,ridge::H_B_C_K,0.6337863909234293,0.07807220236836165,0.10947420952451808,"post-evaluation descriptive audit; fixed-model simultaneous pairwise bound, not universal optimality"
ridge,True,whole,ridge::H_M_P_A,H_M_P_A,13,0.6727609997705463,ridge::H_B_C_K,0.6337863909234293,0.03897460884711701,0.07037661600327344,"post-evaluation descriptive audit; fixed-model simultaneous pairwise bound, not universal optimality"
ridge,True,whole,ridge::H_D_M_P_A,H_D_M_P_A,17,0.7188339045550515,ridge::H_B_C_K,0.6337863909234293,0.08504751363162222,0.11644952078777865,"post-evaluation descriptive audit; fixed-model simultaneous pairwise bound, not universal optimality"
ridge,True,whole,ridge::H_B_M_P_A,H_B_M_P_A,14,0.6714963847820993,ridge::H_B_C_K,0.6337863909234293,0.03770999385867002,0.06911200101482645,"post-evaluation descriptive audit; fixed-model simultaneous pairwise bound, not universal optimality"
ridge,True,whole,ridge::H_D_B_M_P_A,H_D_B_M_P_A,18,0.7144361762043612,ridge::H_B_C_K,0.6337863909234293,0.08064978528093192,0.11205179243708835,"post-evaluation descriptive audit; fixed-model simultaneous pairwise bound, not universal optimality"
ridge,True,whole,ridge::H_C_A,H_C_A,2,0.6738862945852271,ridge::H_B_C_K,0.6337863909234293,0.04009990366179783,0.07150191081795426,"post-evaluation descriptive audit; fixed-model simultaneous pairwise bound, not universal optimality"
ridge,True,whole,ridge::H_D_C_A,H_D_C_A,6,0.7154196724352765,ridge::H_B_C_K,0.6337863909234293,0.08163328151184723,0.11303528866800366,"post-evaluation descriptive audit; fixed-model simultaneous pairwise bound, not universal optimality"
ridge,True,whole,ridge::H_B_C_A,H_B_C_A,3,0.6705150579141658,ridge::H_B_C_K,0.6337863909234293,0.036728666990736514,0.06813067414689294,"post-evaluation descriptive audit; fixed-model simultaneous pairwise bound, not universal optimality"
ridge,True,whole,ridge::H_D_B_C_A,H_D_B_C_A,7,0.7098517951300314,ridge::H_B_C_K,0.6337863909234293,0.07606540420660213,0.10746741136275856,"post-evaluation descriptive audit; fixed-model simultaneous pairwise bound, not universal optimality"
ridge,True,whole,ridge::H_M_C_A,H_M_C_A,3,0.671573052547071,ridge::H_B_C_K,0.6337863909234293,0.03778666162364175,0.06918866877979818,"post-evaluation descriptive audit; fixed-model simultaneous pairwise bound, not universal optimality"
ridge,True,whole,ridge::H_D_M_C_A,H_D_M_C_A,7,0.7184393604943258,ridge::H_B_C_K,0.6337863909234293,0.08465296957089652,0.11605497672705295,"post-evaluation descriptive audit; fixed-model simultaneous pairwise bound, not universal optimality"
ridge,True,whole,ridge::H_B_M_C_A,H_B_M_C_A,4,0.6697576515800551,ridge::H_B_C_K,0.6337863909234293,0.035971260656625814,0.06737326781278224,"post-evaluation descriptive audit; fixed-model simultaneous pairwise bound, not universal optimality"
ridge,True,whole,ridge::H_D_B_M_C_A,H_D_B_M_C_A,8,0.7139171723994291,ridge::H_B_C_K,0.6337863909234293,0.08013078147599983,0.11153278863215627,"post-evaluation descriptive audit; fixed-model simultaneous pairwise bound, not universal optimality"
ridge,True,whole,ridge::H_P_C_A,H_P_C_A,13,0.6746938373935892,ridge::H_B_C_K,0.6337863909234293,0.04090744647015998,0.07230945362631641,"post-evaluation descriptive audit; fixed-model simultaneous pairwise bound, not universal optimality"
ridge,True,whole,ridge::H_D_P_C_A,H_D_P_C_A,17,0.7170315707748212,ridge::H_B_C_K,0.6337863909234293,0.0832451798513919,0.11464718700754833,"post-evaluation descriptive audit; fixed-model simultaneous pairwise bound, not universal optimality"
ridge,True,whole,ridge::H_B_P_C_A,H_B_P_C_A,14,0.6720438834546393,ridge::H_B_C_K,0.6337863909234293,0.038257492531210024,0.06965949968736646,"post-evaluation descriptive audit; fixed-model simultaneous pairwise bound, not universal optimality"
ridge,True,whole,ridge::H_D_B_P_C_A,H_D_B_P_C_A,18,0.711775202889961,ridge::H_B_C_K,0.6337863909234293,0.07798881196653173,0.10939081912268817,"post-evaluation descriptive audit; fixed-model simultaneous pairwise bound, not universal optimality"
ridge,True,whole,ridge::H_M_P_C_A,H_M_P_C_A,14,0.6722856762631966,ridge::H_B_C_K,0.6337863909234293,0.03849928533976732,0.06990129249592375,"post-evaluation descriptive audit; fixed-model simultaneous pairwise bound, not universal optimality"
ridge,True,whole,ridge::H_D_M_P_C_A,H_D_M_P_C_A,18,0.7187786294879861,ridge::H_B_C_K,0.6337863909234293,0.08499223856455684,0.11639424572071327,"post-evaluation descriptive audit; fixed-model simultaneous pairwise bound, not universal optimality"
ridge,True,whole,ridge::H_B_M_P_C_A,H_B_M_P_C_A,15,0.6709921690475137,ridge::H_B_C_K,0.6337863909234293,0.03720577812408443,0.06860778528024086,"post-evaluation descriptive audit; fixed-model simultaneous pairwise bound, not universal optimality"
ridge,True,whole,ridge::H_D_B_M_P_C_A,H_D_B_M_P_C_A,19,0.7145134991871509,ridge::H_B_C_K,0.6337863909234293,0.08072710826372165,0.11212911541987808,"post-evaluation descriptive audit; fixed-model simultaneous pairwise bound, not universal optimality"
ridge,True,whole,ridge::H_K,H_K,11,0.6351676477812918,ridge::H_B_C_K,0.6337863909234293,0.0013812568578625006,0.032783264014018924,"post-evaluation descriptive audit; fixed-model simultaneous pairwise bound, not universal optimality"
ridge,True,whole,ridge::H_D_K,H_D_K,15,0.6761892602610896,ridge::H_B_C_K,0.6337863909234293,0.042402869337660354,0.07380487649381678,"post-evaluation descriptive audit; fixed-model simultaneous pairwise bound, not universal optimality"
ridge,True,whole,ridge::H_B_K,H_B_K,12,0.6338130840816661,ridge::H_B_C_K,0.6337863909234293,2.6693158236890113e-05,0.031428700314393314,"post-evaluation descriptive audit; fixed-model simultaneous pairwise bound, not universal optimality"
ridge,True,whole,ridge::H_D_B_K,H_D_B_K,16,0.6721516016125263,ridge::H_B_C_K,0.6337863909234293,0.03836521068909704,0.06976721784525347,"post-evaluation descriptive audit; fixed-model simultaneous pairwise bound, not universal optimality"
ridge,True,whole,ridge::H_M_K,H_M_K,12,0.6387484495874223,ridge::H_B_C_K,0.6337863909234293,0.004962058663993019,0.03636406582014944,"post-evaluation descriptive audit; fixed-model simultaneous pairwise bound, not universal optimality"
ridge,True,whole,ridge::H_D_M_K,H_D_M_K,16,0.6834292271841735,ridge::H_B_C_K,0.6337863909234293,0.04964283626074428,0.08104484341690071,"post-evaluation descriptive audit; fixed-model simultaneous pairwise bound, not universal optimality"
ridge,True,whole,ridge::H_B_M_K,H_B_M_K,13,0.6379933943920632,ridge::H_B_C_K,0.6337863909234293,0.004207003468633896,0.03560901062479032,"post-evaluation descriptive audit; fixed-model simultaneous pairwise bound, not universal optimality"
ridge,True,whole,ridge::H_D_B_M_K,H_D_B_M_K,17,0.6797274514236363,ridge::H_B_C_K,0.6337863909234293,0.045941060500207076,0.0773430676563635,"post-evaluation descriptive audit; fixed-model simultaneous pairwise bound, not universal optimality"
ridge,True,whole,ridge::H_P_K,H_P_K,22,0.6383396625211161,ridge::H_B_C_K,0.6337863909234293,0.004553271597686814,0.03595527875384324,"post-evaluation descriptive audit; fixed-model simultaneous pairwise bound, not universal optimality"
ridge,True,whole,ridge::H_D_P_K,H_D_P_K,26,0.6795920519511119,ridge::H_B_C_K,0.6337863909234293,0.04580566102768269,0.07720766818383912,"post-evaluation descriptive audit; fixed-model simultaneous pairwise bound, not universal optimality"
ridge,True,whole,ridge::H_B_P_K,H_B_P_K,23,0.637382283884436,ridge::H_B_C_K,0.6337863909234293,0.003595892961006708,0.03499790011716313,"post-evaluation descriptive audit; fixed-model simultaneous pairwise bound, not universal optimality"
ridge,True,whole,ridge::H_D_B_P_K,H_D_B_P_K,27,0.6761586138450533,ridge::H_B_C_K,0.6337863909234293,0.042372222921624014,0.07377423007778044,"post-evaluation descriptive audit; fixed-model simultaneous pairwise bound, not universal optimality"
ridge,True,whole,ridge::H_M_P_K,H_M_P_K,23,0.641075070409414,ridge::H_B_C_K,0.6337863909234293,0.0072886794859847726,0.038690686642141196,"post-evaluation descriptive audit; fixed-model simultaneous pairwise bound, not universal optimality"
ridge,True,whole,ridge::H_D_M_P_K,H_D_M_P_K,27,0.6851873170727696,ridge::H_B_C_K,0.6337863909234293,0.05140092614934033,0.08280293330549676,"post-evaluation descriptive audit; fixed-model simultaneous pairwise bound, not universal optimality"
ridge,True,whole,ridge::H_B_M_P_K,H_B_M_P_K,24,0.6409353825958194,ridge::H_B_C_K,0.6337863909234293,0.007148991672390137,0.03855099882854656,"post-evaluation descriptive audit; fixed-model simultaneous pairwise bound, not universal optimality"
ridge,True,whole,ridge::H_D_B_M_P_K,H_D_B_M_P_K,28,0.6818293096962683,ridge::H_B_C_K,0.6337863909234293,0.04804291877283906,0.07944492592899549,"post-evaluation descriptive audit; fixed-model simultaneous pairwise bound, not universal optimality"
ridge,True,whole,ridge::H_C_K,H_C_K,12,0.6356315146224333,ridge::H_B_C_K,0.6337863909234293,0.0018451236990040254,0.03324713085516045,"post-evaluation descriptive audit; fixed-model simultaneous pairwise bound, not universal optimality"
ridge,True,whole,ridge::H_D_C_K,H_D_C_K,16,0.6761452525621869,ridge::H_B_C_K,0.6337863909234293,0.04235886163875768,0.07376086879491411,"post-evaluation descriptive audit; fixed-model simultaneous pairwise bound, not universal optimality"
ridge,True,whole,ridge::H_B_C_K,H_B_C_K,13,0.6337863909234293,ridge::H_B_C_K,0.6337863909234293,0.0,0.031402007156156424,"post-evaluation descriptive audit; fixed-model simultaneous pairwise bound, not universal optimality"
ridge,True,whole,ridge::H_D_B_C_K,H_D_B_C_K,17,0.6722108740030345,ridge::H_B_C_K,0.6337863909234293,0.03842448307960522,0.06982649023576165,"post-evaluation descriptive audit; fixed-model simultaneous pairwise bound, not universal optimality"
ridge,True,whole,ridge::H_M_C_K,H_M_C_K,13,0.6388321206398865,ridge::H_B_C_K,0.6337863909234293,0.005045729716457226,0.03644773687261365,"post-evaluation descriptive audit; fixed-model simultaneous pairwise bound, not universal optimality"
ridge,True,whole,ridge::H_D_M_C_K,H_D_M_C_K,17,0.6835373004019124,ridge::H_B_C_K,0.6337863909234293,0.04975090947848315,0.08115291663463958,"post-evaluation descriptive audit; fixed-model simultaneous pairwise bound, not universal optimality"
ridge,True,whole,ridge::H_B_M_C_K,H_B_M_C_K,14,0.6379007066273504,ridge::H_B_C_K,0.6337863909234293,0.004114315703921179,0.0355163228600776,"post-evaluation descriptive audit; fixed-model simultaneous pairwise bound, not universal optimality"
ridge,True,whole,ridge::H_D_B_M_C_K,H_D_B_M_C_K,18,0.6802104479685612,ridge::H_B_C_K,0.6337863909234293,0.04642405704513197,0.0778260642012884,"post-evaluation descriptive audit; fixed-model simultaneous pairwise bound, not universal optimality"
ridge,True,whole,ridge::H_P_C_K,H_P_C_K,23,0.6382822170567882,ridge::H_B_C_K,0.6337863909234293,0.004495826133358971,0.035897833289515395,"post-evaluation descriptive audit; fixed-model simultaneous pairwise bound, not universal optimality"
ridge,True,whole,ridge::H_D_P_C_K,H_D_P_C_K,27,0.6797163390369507,ridge::H_B_C_K,0.6337863909234293,0.04592994811352147,0.0773319552696779,"post-evaluation descriptive audit; fixed-model simultaneous pairwise bound, not universal optimality"
ridge,True,whole,ridge::H_B_P_C_K,H_B_P_C_K,24,0.6372428057277132,ridge::H_B_C_K,0.6337863909234293,0.003456414804283936,0.03485842196044036,"post-evaluation descriptive audit; fixed-model simultaneous pairwise bound, not universal optimality"
ridge,True,whole,ridge::H_D_B_P_C_K,H_D_B_P_C_K,28,0.6762372787720282,ridge::H_B_C_K,0.6337863909234293,0.04245088784859896,0.07385289500475539,"post-evaluation descriptive audit; fixed-model simultaneous pairwise bound, not universal optimality"
ridge,True,whole,ridge::H_M_P_C_K,H_M_P_C_K,24,0.6409872012681783,ridge::H_B_C_K,0.6337863909234293,0.0072008103447490646,0.03860281750090549,"post-evaluation descriptive audit; fixed-model simultaneous pairwise bound, not universal optimality"
ridge,True,whole,ridge::H_D_M_P_C_K,H_D_M_P_C_K,28,0.6852682871410471,ridge::H_B_C_K,0.6337863909234293,0.051481896217617895,0.08288390337377433,"post-evaluation descriptive audit; fixed-model simultaneous pairwise bound, not universal optimality"
ridge,True,whole,ridge::H_B_M_P_C_K,H_B_M_P_C_K,25,0.6407660645154754,ridge::H_B_C_K,0.6337863909234293,0.006979673592046098,0.03838168074820252,"post-evaluation descriptive audit; fixed-model simultaneous pairwise bound, not universal optimality"
ridge,True,whole,ridge::H_D_B_M_P_C_K,H_D_B_M_P_C_K,29,0.6820157799477479,ridge::H_B_C_K,0.6337863909234293,0.048229389024318614,0.07963139618047504,"post-evaluation descriptive audit; fixed-model simultaneous pairwise bound, not universal optimality"
ridge,True,whole,ridge::H_A_K,H_A_K,12,0.6501515978228782,ridge::H_B_C_K,0.6337863909234293,0.01636520689944898,0.047767214055605405,"post-evaluation descriptive audit; fixed-model simultaneous pairwise bound, not universal optimality"
ridge,True,whole,ridge::H_D_A_K,H_D_A_K,16,0.6956262880043073,ridge::H_B_C_K,0.6337863909234293,0.061839897080878004,0.09324190423703443,"post-evaluation descriptive audit; fixed-model simultaneous pairwise bound, not universal optimality"
ridge,True,whole,ridge::H_B_A_K,H_B_A_K,13,0.6483197883101667,ridge::H_B_C_K,0.6337863909234293,0.014533397386737423,0.04593540454289385,"post-evaluation descriptive audit; fixed-model simultaneous pairwise bound, not universal optimality"
ridge,True,whole,ridge::H_D_B_A_K,H_D_B_A_K,17,0.6915878870431962,ridge::H_B_C_K,0.6337863909234293,0.057801496119766926,0.08920350327592336,"post-evaluation descriptive audit; fixed-model simultaneous pairwise bound, not universal optimality"
ridge,True,whole,ridge::H_M_A_K,H_M_A_K,13,0.6530427785376771,ridge::H_B_C_K,0.6337863909234293,0.01925638761424786,0.050658394770404284,"post-evaluation descriptive audit; fixed-model simultaneous pairwise bound, not universal optimality"
ridge,True,whole,ridge::H_D_M_A_K,H_D_M_A_K,17,0.7026708437617729,ridge::H_B_C_K,0.6337863909234293,0.06888445283834366,0.10028645999450009,"post-evaluation descriptive audit; fixed-model simultaneous pairwise bound, not universal optimality"
ridge,True,whole,ridge::H_B_M_A_K,H_B_M_A_K,14,0.6521251813472393,ridge::H_B_C_K,0.6337863909234293,0.018338790423810036,0.04974079757996646,"post-evaluation descriptive audit; fixed-model simultaneous pairwise bound, not universal optimality"
ridge,True,whole,ridge::H_D_B_M_A_K,H_D_B_M_A_K,18,0.6989440205138238,ridge::H_B_C_K,0.6337863909234293,0.0651576295903945,0.09655963674655094,"post-evaluation descriptive audit; fixed-model simultaneous pairwise bound, not universal optimality"
ridge,True,whole,ridge::H_P_A_K,H_P_A_K,23,0.6517969705723332,ridge::H_B_C_K,0.6337863909234293,0.018010579648903957,0.04941258680506038,"post-evaluation descriptive audit; fixed-model simultaneous pairwise bound, not universal optimality"
ridge,True,whole,ridge::H_D_P_A_K,H_D_P_A_K,27,0.6979035659146031,ridge::H_B_C_K,0.6337863909234293,0.06411717499117386,0.0955191821473303,"post-evaluation descriptive audit; fixed-model simultaneous pairwise bound, not universal optimality"
ridge,True,whole,ridge::H_B_P_A_K,H_B_P_A_K,24,0.6504578081230344,ridge::H_B_C_K,0.6337863909234293,0.016671417199605187,0.04807342435576161,"post-evaluation descriptive audit; fixed-model simultaneous pairwise bound, not universal optimality"
ridge,True,whole,ridge::H_D_B_P_A_K,H_D_B_P_A_K,28,0.6936713069461027,ridge::H_B_C_K,0.6337863909234293,0.05988491602267343,0.09128692317882986,"post-evaluation descriptive audit; fixed-model simultaneous pairwise bound, not universal optimality"
ridge,True,whole,ridge::H_M_P_A_K,H_M_P_A_K,24,0.6542679690447983,ridge::H_B_C_K,0.6337863909234293,0.020481578121369082,0.051883585277525505,"post-evaluation descriptive audit; fixed-model simultaneous pairwise bound, not universal optimality"
ridge,True,whole,ridge::H_D_M_P_A_K,H_D_M_P_A_K,28,0.7029852720717704,ridge::H_B_C_K,0.6337863909234293,0.06919888114834116,0.1006008883044976,"post-evaluation descriptive audit; fixed-model simultaneous pairwise bound, not universal optimality"
ridge,True,whole,ridge::H_B_M_P_A_K,H_B_M_P_A_K,25,0.6537999095767147,ridge::H_B_C_K,0.6337863909234293,0.02001351865328549,0.05141552580944191,"post-evaluation descriptive audit; fixed-model simultaneous pairwise bound, not universal optimality"
ridge,True,whole,ridge::H_D_B_M_P_A_K,H_D_B_M_P_A_K,29,0.6990816570421529,ridge::H_B_C_K,0.6337863909234293,0.0652952661187236,0.09669727327488004,"post-evaluation descriptive audit; fixed-model simultaneous pairwise bound, not universal optimality"
ridge,True,whole,ridge::H_C_A_K,H_C_A_K,13,0.6501716809860898,ridge::H_B_C_K,0.6337863909234293,0.01638529006266054,0.047787297218816964,"post-evaluation descriptive audit; fixed-model simultaneous pairwise bound, not universal optimality"
ridge,True,whole,ridge::H_D_C_A_K,H_D_C_A_K,17,0.6962479760099053,ridge::H_B_C_K,0.6337863909234293,0.062461585086476035,0.09386359224263247,"post-evaluation descriptive audit; fixed-model simultaneous pairwise bound, not universal optimality"
ridge,True,whole,ridge::H_B_C_A_K,H_B_C_A_K,14,0.6482735925433981,ridge::H_B_C_K,0.6337863909234293,0.01448720161996886,0.04588920877612528,"post-evaluation descriptive audit; fixed-model simultaneous pairwise bound, not universal optimality"
ridge,True,whole,ridge::H_D_B_C_A_K,H_D_B_C_A_K,18,0.691733433507992,ridge::H_B_C_K,0.6337863909234293,0.057947042584562736,0.08934904974071917,"post-evaluation descriptive audit; fixed-model simultaneous pairwise bound, not universal optimality"
ridge,True,whole,ridge::H_M_C_A_K,H_M_C_A_K,14,0.653120931315581,ridge::H_B_C_K,0.6337863909234293,0.019334540392151767,0.05073654754830819,"post-evaluation descriptive audit; fixed-model simultaneous pairwise bound, not universal optimality"
ridge,True,whole,ridge::H_D_M_C_A_K,H_D_M_C_A_K,18,0.702693029991263,ridge::H_B_C_K,0.6337863909234293,0.06890663906783379,0.10030864622399022,"post-evaluation descriptive audit; fixed-model simultaneous pairwise bound, not universal optimality"
ridge,True,whole,ridge::H_B_M_C_A_K,H_B_M_C_A_K,15,0.6521105854275359,ridge::H_B_C_K,0.6337863909234293,0.018324194504106606,0.04972620166026303,"post-evaluation descriptive audit; fixed-model simultaneous pairwise bound, not universal optimality"
ridge,True,whole,ridge::H_D_B_M_C_A_K,H_D_B_M_C_A_K,19,0.698737874564083,ridge::H_B_C_K,0.6337863909234293,0.06495148364065373,0.09635349079681016,"post-evaluation descriptive audit; fixed-model simultaneous pairwise bound, not universal optimality"
ridge,True,whole,ridge::H_P_C_A_K,H_P_C_A_K,24,0.6517753895430213,ridge::H_B_C_K,0.6337863909234293,0.017988998619592023,0.049391005775748446,"post-evaluation descriptive audit; fixed-model simultaneous pairwise bound, not universal optimality"
ridge,True,whole,ridge::H_D_P_C_A_K,H_D_P_C_A_K,28,0.6981684182958571,ridge::H_B_C_K,0.6337863909234293,0.06438202737242782,0.09578403452858425,"post-evaluation descriptive audit; fixed-model simultaneous pairwise bound, not universal optimality"
ridge,True,whole,ridge::H_B_P_C_A_K,H_B_P_C_A_K,25,0.6503700645058991,ridge::H_B_C_K,0.6337863909234293,0.016583673582469816,0.04798568073862624,"post-evaluation descriptive audit; fixed-model simultaneous pairwise bound, not universal optimality"
ridge,True,whole,ridge::H_D_B_P_C_A_K,H_D_B_P_C_A_K,29,0.6938481649059661,ridge::H_B_C_K,0.6337863909234293,0.06006177398253687,0.0914637811386933,"post-evaluation descriptive audit; fixed-model simultaneous pairwise bound, not universal optimality"
ridge,True,whole,ridge::H_M_P_C_A_K,H_M_P_C_A_K,25,0.6542957330703666,ridge::H_B_C_K,0.6337863909234293,0.020509342146937337,0.05191134930309376,"post-evaluation descriptive audit; fixed-model simultaneous pairwise bound, not universal optimality"
ridge,True,whole,ridge::H_D_M_P_C_A_K,H_D_M_P_C_A_K,29,0.7034613200262491,ridge::H_B_C_K,0.6337863909234293,0.0696749291028198,0.10107693625897624,"post-evaluation descriptive audit; fixed-model simultaneous pairwise bound, not universal optimality"
ridge,True,whole,ridge::H_B_M_P_C_A_K,H_B_M_P_C_A_K,26,0.653713346257605,ridge::H_B_C_K,0.6337863909234293,0.019926955334175767,0.05132896249033219,"post-evaluation descriptive audit; fixed-model simultaneous pairwise bound, not universal optimality"
ridge,True,whole,ridge::H_D_B_M_P_C_A_K,H_D_B_M_P_C_A_K,30,0.6996118363178059,ridge::H_B_C_K,0.6337863909234293,0.06582544539437662,0.09722745255053306,"post-evaluation descriptive audit; fixed-model simultaneous pairwise bound, not universal optimality"
ridge,True,whole,ridge::NONE,NONE,0,0.6856435498450262,ridge::H_B_C_K,0.6337863909234293,0.051857158921596924,0.08325916607775335,"post-evaluation descriptive audit; fixed-model simultaneous pairwise bound, not universal optimality"
ridge,True,whole,ridge::D,D,4,0.7106611301987347,ridge::H_B_C_K,0.6337863909234293,0.07687473927530541,0.10827674643146185,"post-evaluation descriptive audit; fixed-model simultaneous pairwise bound, not universal optimality"
ridge,True,whole,ridge::B,B,1,0.6774397940265432,ridge::H_B_C_K,0.6337863909234293,0.04365340310311394,0.07505541025927037,"post-evaluation descriptive audit; fixed-model simultaneous pairwise bound, not universal optimality"
ridge,True,whole,ridge::D_B,D_B,5,0.7009803562324238,ridge::H_B_C_K,0.6337863909234293,0.06719396530899457,0.098595972465151,"post-evaluation descriptive audit; fixed-model simultaneous pairwise bound, not universal optimality"
ridge,True,whole,ridge::M,M,1,0.6808909327175349,ridge::H_B_C_K,0.6337863909234293,0.047104541794105614,0.07850654895026205,"post-evaluation descriptive audit; fixed-model simultaneous pairwise bound, not universal optimality"
ridge,True,whole,ridge::D_M,D_M,5,0.7073804956534833,ridge::H_B_C_K,0.6337863909234293,0.07359410473005401,0.10499611188621044,"post-evaluation descriptive audit; fixed-model simultaneous pairwise bound, not universal optimality"
ridge,True,whole,ridge::B_M,B_M,2,0.6742810892764776,ridge::H_B_C_K,0.6337863909234293,0.04049469835304831,0.07189670550920474,"post-evaluation descriptive audit; fixed-model simultaneous pairwise bound, not universal optimality"
ridge,True,whole,ridge::D_B_M,D_B_M,6,0.7001204632134116,ridge::H_B_C_K,0.6337863909234293,0.06633407228998234,0.09773607944613877,"post-evaluation descriptive audit; fixed-model simultaneous pairwise bound, not universal optimality"
ridge,True,whole,ridge::P,P,11,0.6860368493654575,ridge::H_B_C_K,0.6337863909234293,0.05225045844202825,0.08365246559818468,"post-evaluation descriptive audit; fixed-model simultaneous pairwise bound, not universal optimality"
ridge,True,whole,ridge::D_P,D_P,15,0.7143852356982648,ridge::H_B_C_K,0.6337863909234293,0.08059884477483559,0.11200085193099202,"post-evaluation descriptive audit; fixed-model simultaneous pairwise bound, not universal optimality"
ridge,True,whole,ridge::B_P,B_P,12,0.6807002634376353,ridge::H_B_C_K,0.6337863909234293,0.04691387251420609,0.07831587967036252,"post-evaluation descriptive audit; fixed-model simultaneous pairwise bound, not universal optimality"
ridge,True,whole,ridge::D_B_P,D_B_P,16,0.7063264572501597,ridge::H_B_C_K,0.6337863909234293,0.07254006632673049,0.10394207348288692,"post-evaluation descriptive audit; fixed-model simultaneous pairwise bound, not universal optimality"
ridge,True,whole,ridge::M_P,M_P,12,0.6842669716030476,ridge::H_B_C_K,0.6337863909234293,0.05048058067961836,0.08188258783577479,"post-evaluation descriptive audit; fixed-model simultaneous pairwise bound, not universal optimality"
ridge,True,whole,ridge::D_M_P,D_M_P,16,0.7102324100256732,ridge::H_B_C_K,0.6337863909234293,0.07644601910224391,0.10784802625840034,"post-evaluation descriptive audit; fixed-model simultaneous pairwise bound, not universal optimality"
ridge,True,whole,ridge::B_M_P,B_M_P,13,0.6773648492273462,ridge::H_B_C_K,0.6337863909234293,0.043578458303916934,0.07498046546007336,"post-evaluation descriptive audit; fixed-model simultaneous pairwise bound, not universal optimality"
ridge,True,whole,ridge::D_B_M_P,D_B_M_P,17,0.7043353101017588,ridge::H_B_C_K,0.6337863909234293,0.0705489191783295,0.10195092633448594,"post-evaluation descriptive audit; fixed-model simultaneous pairwise bound, not universal optimality"
ridge,True,whole,ridge::C,C,1,0.6851159987084766,ridge::H_B_C_K,0.6337863909234293,0.05132960778504736,0.08273161494120379,"post-evaluation descriptive audit; fixed-model simultaneous pairwise bound, not universal optimality"
ridge,True,whole,ridge::D_C,D_C,5,0.7109166927950401,ridge::H_B_C_K,0.6337863909234293,0.07713030187161085,0.10853230902776728,"post-evaluation descriptive audit; fixed-model simultaneous pairwise bound, not universal optimality"
ridge,True,whole,ridge::B_C,B_C,2,0.6766124314072413,ridge::H_B_C_K,0.6337863909234293,0.042826040483812,0.07422804763996843,"post-evaluation descriptive audit; fixed-model simultaneous pairwise bound, not universal optimality"
ridge,True,whole,ridge::D_B_C,D_B_C,6,0.7010745337738946,ridge::H_B_C_K,0.6337863909234293,0.06728814285046536,0.09869015000662179,"post-evaluation descriptive audit; fixed-model simultaneous pairwise bound, not universal optimality"
ridge,True,whole,ridge::M_C,M_C,2,0.6803620611067568,ridge::H_B_C_K,0.6337863909234293,0.04657567018332753,0.07797767733948396,"post-evaluation descriptive audit; fixed-model simultaneous pairwise bound, not universal optimality"
ridge,True,whole,ridge::D_M_C,D_M_C,6,0.7079222439118908,ridge::H_B_C_K,0.6337863909234293,0.07413585298846159,0.10553786014461802,"post-evaluation descriptive audit; fixed-model simultaneous pairwise bound, not universal optimality"
ridge,True,whole,ridge::B_M_C,B_M_C,3,0.6735780902944489,ridge::H_B_C_K,0.6337863909234293,0.03979169937101967,0.0711937065271761,"post-evaluation descriptive audit; fixed-model simultaneous pairwise bound, not universal optimality"
ridge,True,whole,ridge::D_B_M_C,D_B_M_C,7,0.7007123406488628,ridge::H_B_C_K,0.6337863909234293,0.06692594972543353,0.09832795688158996,"post-evaluation descriptive audit; fixed-model simultaneous pairwise bound, not universal optimality"
ridge,True,whole,ridge::P_C,P_C,12,0.6859047845007693,ridge::H_B_C_K,0.6337863909234293,0.05211839357734005,0.08352040073349648,"post-evaluation descriptive audit; fixed-model simultaneous pairwise bound, not universal optimality"
ridge,True,whole,ridge::D_P_C,D_P_C,16,0.7148489961818976,ridge::H_B_C_K,0.6337863909234293,0.08106260525846831,0.11246461241462474,"post-evaluation descriptive audit; fixed-model simultaneous pairwise bound, not universal optimality"
ridge,True,whole,ridge::B_P_C,B_P_C,13,0.679768246477904,ridge::H_B_C_K,0.6337863909234293,0.04598185555447476,0.07738386271063119,"post-evaluation descriptive audit; fixed-model simultaneous pairwise bound, not universal optimality"
ridge,True,whole,ridge::D_B_P_C,D_B_P_C,17,0.7063566693858319,ridge::H_B_C_K,0.6337863909234293,0.0725702784624026,0.10397228561855903,"post-evaluation descriptive audit; fixed-model simultaneous pairwise bound, not universal optimality"
ridge,True,whole,ridge::M_P_C,M_P_C,13,0.6841454318288799,ridge::H_B_C_K,0.6337863909234293,0.050359040905450625,0.08176104806160706,"post-evaluation descriptive audit; fixed-model simultaneous pairwise bound, not universal optimality"
ridge,True,whole,ridge::D_M_P_C,D_M_P_C,17,0.7108118022230705,ridge::H_B_C_K,0.6337863909234293,0.07702541129964124,0.10842741845579768,"post-evaluation descriptive audit; fixed-model simultaneous pairwise bound, not universal optimality"
ridge,True,whole,ridge::B_M_P_C,B_M_P_C,14,0.6765303696163211,ridge::H_B_C_K,0.6337863909234293,0.042743978692891815,0.07414598584904825,"post-evaluation descriptive audit; fixed-model simultaneous pairwise bound, not universal optimality"
ridge,True,whole,ridge::D_B_M_P_C,D_B_M_P_C,18,0.7045775851734852,ridge::H_B_C_K,0.6337863909234293,0.07079119425005598,0.10219320140621241,"post-evaluation descriptive audit; fixed-model simultaneous pairwise bound, not universal optimality"
ridge,True,whole,ridge::A,A,1,0.696769093708427,ridge::H_B_C_K,0.6337863909234293,0.06298270278499774,0.09438470994115417,"post-evaluation descriptive audit; fixed-model simultaneous pairwise bound, not universal optimality"
ridge,True,whole,ridge::D_A,D_A,5,0.7307561196494883,ridge::H_B_C_K,0.6337863909234293,0.09696972872605902,0.12837173588221545,"post-evaluation descriptive audit; fixed-model simultaneous pairwise bound, not universal optimality"
ridge,True,whole,ridge::B_A,B_A,2,0.6896428576408072,ridge::H_B_C_K,0.6337863909234293,0.055856466717377984,0.08725847387353441,"post-evaluation descriptive audit; fixed-model simultaneous pairwise bound, not universal optimality"
ridge,True,whole,ridge::D_B_A,D_B_A,6,0.7210273412851432,ridge::H_B_C_K,0.6337863909234293,0.08724095036171398,0.1186429575178704,"post-evaluation descriptive audit; fixed-model simultaneous pairwise bound, not universal optimality"
ridge,True,whole,ridge::M_A,M_A,2,0.69109684171073,ridge::H_B_C_K,0.6337863909234293,0.05731045078730079,0.08871245794345722,"post-evaluation descriptive audit; fixed-model simultaneous pairwise bound, not universal optimality"
ridge,True,whole,ridge::D_M_A,D_M_A,6,0.7272826575982991,ridge::H_B_C_K,0.6337863909234293,0.09349626667486988,0.12489827383102631,"post-evaluation descriptive audit; fixed-model simultaneous pairwise bound, not universal optimality"
ridge,True,whole,ridge::B_M_A,B_M_A,3,0.686380656051933,ridge::H_B_C_K,0.6337863909234293,0.05259426512850374,0.08399627228466017,"post-evaluation descriptive audit; fixed-model simultaneous pairwise bound, not universal optimality"
ridge,True,whole,ridge::D_B_M_A,D_B_M_A,7,0.7198832056380396,ridge::H_B_C_K,0.6337863909234293,0.08609681471461039,0.11749882187076682,"post-evaluation descriptive audit; fixed-model simultaneous pairwise bound, not universal optimality"
ridge,True,whole,ridge::P_A,P_A,12,0.6934465378622334,ridge::H_B_C_K,0.6337863909234293,0.05966014693880417,0.0910621540949606,"post-evaluation descriptive audit; fixed-model simultaneous pairwise bound, not universal optimality"
ridge,True,whole,ridge::D_P_A,D_P_A,16,0.7327988594506699,ridge::H_B_C_K,0.6337863909234293,0.09901246852724066,0.1304144756833971,"post-evaluation descriptive audit; fixed-model simultaneous pairwise bound, not universal optimality"
ridge,True,whole,ridge::B_P_A,B_P_A,13,0.6917583334379679,ridge::H_B_C_K,0.6337863909234293,0.05797194251453863,0.08937394967069506,"post-evaluation descriptive audit; fixed-model simultaneous pairwise bound, not universal optimality"
ridge,True,whole,ridge::D_B_P_A,D_B_P_A,17,0.7240623632467084,ridge::H_B_C_K,0.6337863909234293,0.09027597232327911,0.12167797947943554,"post-evaluation descriptive audit; fixed-model simultaneous pairwise bound, not universal optimality"
ridge,True,whole,ridge::M_P_A,M_P_A,13,0.688777932946441,ridge::H_B_C_K,0.6337863909234293,0.05499154202301171,0.08639354917916814,"post-evaluation descriptive audit; fixed-model simultaneous pairwise bound, not universal optimality"
ridge,True,whole,ridge::D_M_P_A,D_M_P_A,17,0.728743339690371,ridge::H_B_C_K,0.6337863909234293,0.09495694876694172,0.12635895592309815,"post-evaluation descriptive audit; fixed-model simultaneous pairwise bound, not universal optimality"
ridge,True,whole,ridge::B_M_P_A,B_M_P_A,14,0.6882812315062061,ridge::H_B_C_K,0.6337863909234293,0.05449484058277687,0.0858968477389333,"post-evaluation descriptive audit; fixed-model simultaneous pairwise bound, not universal optimality"
ridge,True,whole,ridge::D_B_M_P_A,D_B_M_P_A,18,0.7216424733854929,ridge::H_B_C_K,0.6337863909234293,0.08785608246206367,0.1192580896182201,"post-evaluation descriptive audit; fixed-model simultaneous pairwise bound, not universal optimality"
ridge,True,whole,ridge::C_A,C_A,2,0.696653583409564,ridge::H_B_C_K,0.6337863909234293,0.0628671924861347,0.09426919964229113,"post-evaluation descriptive audit; fixed-model simultaneous pairwise bound, not universal optimality"
ridge,True,whole,ridge::D_C_A,D_C_A,6,0.7315670994168146,ridge::H_B_C_K,0.6337863909234293,0.09778070849338538,0.1291827156495418,"post-evaluation descriptive audit; fixed-model simultaneous pairwise bound, not universal optimality"
ridge,True,whole,ridge::B_C_A,B_C_A,3,0.6894130940732988,ridge::H_B_C_K,0.6337863909234293,0.055626703149869505,0.08702871030602594,"post-evaluation descriptive audit; fixed-model simultaneous pairwise bound, not universal optimality"
ridge,True,whole,ridge::D_B_C_A,D_B_C_A,7,0.7219390738758663,ridge::H_B_C_K,0.6337863909234293,0.08815268295243706,0.11955469010859349,"post-evaluation descriptive audit; fixed-model simultaneous pairwise bound, not universal optimality"
ridge,True,whole,ridge::M_C_A,M_C_A,3,0.6876174024081868,ridge::H_B_C_K,0.6337863909234293,0.05383101148475755,0.08523301864091398,"post-evaluation descriptive audit; fixed-model simultaneous pairwise bound, not universal optimality"
ridge,True,whole,ridge::D_M_C_A,D_M_C_A,7,0.7284608200483129,ridge::H_B_C_K,0.6337863909234293,0.09467442912488366,0.1260764362810401,"post-evaluation descriptive audit; fixed-model simultaneous pairwise bound, not universal optimality"
ridge,True,whole,ridge::B_M_C_A,B_M_C_A,4,0.6862360408312773,ridge::H_B_C_K,0.6337863909234293,0.05244964990784806,0.08385165706400449,"post-evaluation descriptive audit; fixed-model simultaneous pairwise bound, not universal optimality"
ridge,True,whole,ridge::D_B_M_C_A,D_B_M_C_A,8,0.7210542982703992,ridge::H_B_C_K,0.6337863909234293,0.08726790734696999,0.11866991450312642,"post-evaluation descriptive audit; fixed-model simultaneous pairwise bound, not universal optimality"
ridge,True,whole,ridge::P_C_A,P_C_A,13,0.6930699715077304,ridge::H_B_C_K,0.6337863909234293,0.059283580584301165,0.0906855877404576,"post-evaluation descriptive audit; fixed-model simultaneous pairwise bound, not universal optimality"
ridge,True,whole,ridge::D_P_C_A,D_P_C_A,17,0.7341824291632191,ridge::H_B_C_K,0.6337863909234293,0.10039603823978982,0.13179804539594625,"post-evaluation descriptive audit; fixed-model simultaneous pairwise bound, not universal optimality"
ridge,True,whole,ridge::B_P_C_A,B_P_C_A,14,0.6913619415022131,ridge::H_B_C_K,0.6337863909234293,0.05757555057878383,0.08897755773494026,"post-evaluation descriptive audit; fixed-model simultaneous pairwise bound, not universal optimality"
ridge,True,whole,ridge::D_B_P_C_A,D_B_P_C_A,18,0.7247149336832018,ridge::H_B_C_K,0.6337863909234293,0.09092854275977258,0.12233054991592901,"post-evaluation descriptive audit; fixed-model simultaneous pairwise bound, not universal optimality"
ridge,True,whole,ridge::M_P_C_A,M_P_C_A,14,0.6883834278230189,ridge::H_B_C_K,0.6337863909234293,0.05459703689958961,0.08599904405574604,"post-evaluation descriptive audit; fixed-model simultaneous pairwise bound, not universal optimality"
ridge,True,whole,ridge::D_M_P_C_A,D_M_P_C_A,18,0.7300197943395161,ridge::H_B_C_K,0.6337863909234293,0.09623340341608688,0.1276354105722433,"post-evaluation descriptive audit; fixed-model simultaneous pairwise bound, not universal optimality"
ridge,True,whole,ridge::B_M_P_C_A,B_M_P_C_A,15,0.6880212884406028,ridge::H_B_C_K,0.6337863909234293,0.054234897517173586,0.08563690467333002,"post-evaluation descriptive audit; fixed-model simultaneous pairwise bound, not universal optimality"
ridge,True,whole,ridge::D_B_M_P_C_A,D_B_M_P_C_A,19,0.7228282840722547,ridge::H_B_C_K,0.6337863909234293,0.08904189314882549,0.12044390030498192,"post-evaluation descriptive audit; fixed-model simultaneous pairwise bound, not universal optimality"
ridge,True,whole,ridge::K,K,11,0.6580379082878127,ridge::H_B_C_K,0.6337863909234293,0.024251517364383468,0.05565352452053989,"post-evaluation descriptive audit; fixed-model simultaneous pairwise bound, not universal optimality"
ridge,True,whole,ridge::D_K,D_K,15,0.6893716825384351,ridge::H_B_C_K,0.6337863909234293,0.055585291615005805,0.08698729877116224,"post-evaluation descriptive audit; fixed-model simultaneous pairwise bound, not universal optimality"
ridge,True,whole,ridge::B_K,B_K,12,0.6528338910005476,ridge::H_B_C_K,0.6337863909234293,0.019047500077118307,0.05044950723327473,"post-evaluation descriptive audit; fixed-model simultaneous pairwise bound, not universal optimality"
ridge,True,whole,ridge::D_B_K,D_B_K,16,0.6818852017549664,ridge::H_B_C_K,0.6337863909234293,0.04809881083153711,0.07950081798769354,"post-evaluation descriptive audit; fixed-model simultaneous pairwise bound, not universal optimality"
ridge,True,whole,ridge::M_K,M_K,12,0.6592878584997262,ridge::H_B_C_K,0.6337863909234293,0.0255014675762969,0.05690347473245332,"post-evaluation descriptive audit; fixed-model simultaneous pairwise bound, not universal optimality"
ridge,True,whole,ridge::D_M_K,D_M_K,16,0.6916734597952442,ridge::H_B_C_K,0.6337863909234293,0.05788706887181494,0.08928907602797137,"post-evaluation descriptive audit; fixed-model simultaneous pairwise bound, not universal optimality"
ridge,True,whole,ridge::B_M_K,B_M_K,13,0.6552804678335652,ridge::H_B_C_K,0.6337863909234293,0.02149407691013594,0.05289608406629236,"post-evaluation descriptive audit; fixed-model simultaneous pairwise bound, not universal optimality"
ridge,True,whole,ridge::D_B_M_K,D_B_M_K,17,0.6855186018604134,ridge::H_B_C_K,0.6337863909234293,0.0517322109369841,0.08313421809314053,"post-evaluation descriptive audit; fixed-model simultaneous pairwise bound, not universal optimality"
ridge,True,whole,ridge::P_K,P_K,22,0.6619705263595662,ridge::H_B_C_K,0.6337863909234293,0.02818413543613696,0.05958614259229338,"post-evaluation descriptive audit; fixed-model simultaneous pairwise bound, not universal optimality"
ridge,True,whole,ridge::D_P_K,D_P_K,26,0.6948938547550041,ridge::H_B_C_K,0.6337863909234293,0.06110746383157484,0.09250947098773127,"post-evaluation descriptive audit; fixed-model simultaneous pairwise bound, not universal optimality"
ridge,True,whole,ridge::B_P_K,B_P_K,23,0.6576856629831348,ridge::H_B_C_K,0.6337863909234293,0.023899272059705545,0.05530127921586197,"post-evaluation descriptive audit; fixed-model simultaneous pairwise bound, not universal optimality"
ridge,True,whole,ridge::D_B_P_K,D_B_P_K,27,0.6883341263298586,ridge::H_B_C_K,0.6337863909234293,0.05454773540642932,0.08594974256258575,"post-evaluation descriptive audit; fixed-model simultaneous pairwise bound, not universal optimality"
ridge,True,whole,ridge::M_P_K,M_P_K,23,0.662474728348162,ridge::H_B_C_K,0.6337863909234293,0.028688337424732757,0.06009034458088918,"post-evaluation descriptive audit; fixed-model simultaneous pairwise bound, not universal optimality"
ridge,True,whole,ridge::D_M_P_K,D_M_P_K,27,0.6958403015172924,ridge::H_B_C_K,0.6337863909234293,0.062053910593863115,0.09345591775001955,"post-evaluation descriptive audit; fixed-model simultaneous pairwise bound, not universal optimality"
ridge,True,whole,ridge::B_M_P_K,B_M_P_K,24,0.6595625005959945,ridge::H_B_C_K,0.6337863909234293,0.025776109672565273,0.057178116828721696,"post-evaluation descriptive audit; fixed-model simultaneous pairwise bound, not universal optimality"
ridge,True,whole,ridge::D_B_M_P_K,D_B_M_P_K,28,0.6902932676106535,ridge::H_B_C_K,0.6337863909234293,0.056506876687224206,0.08790888384338064,"post-evaluation descriptive audit; fixed-model simultaneous pairwise bound, not universal optimality"
ridge,True,whole,ridge::C_K,C_K,12,0.6577914542596763,ridge::H_B_C_K,0.6337863909234293,0.02400506333624708,0.0554070704924035,"post-evaluation descriptive audit; fixed-model simultaneous pairwise bound, not universal optimality"
ridge,True,whole,ridge::D_C_K,D_C_K,16,0.6894405313296972,ridge::H_B_C_K,0.6337863909234293,0.05565414040626793,0.08705614756242436,"post-evaluation descriptive audit; fixed-model simultaneous pairwise bound, not universal optimality"
ridge,True,whole,ridge::B_C_K,B_C_K,13,0.6522373150689735,ridge::H_B_C_K,0.6337863909234293,0.01845092414554428,0.0498529313017007,"post-evaluation descriptive audit; fixed-model simultaneous pairwise bound, not universal optimality"
ridge,True,whole,ridge::D_B_C_K,D_B_C_K,17,0.6818986393286826,ridge::H_B_C_K,0.6337863909234293,0.0481122484052533,0.07951425556140973,"post-evaluation descriptive audit; fixed-model simultaneous pairwise bound, not universal optimality"
ridge,True,whole,ridge::M_C_K,M_C_K,13,0.6589655330464336,ridge::H_B_C_K,0.6337863909234293,0.025179142123004317,0.05658114927916074,"post-evaluation descriptive audit; fixed-model simultaneous pairwise bound, not universal optimality"
ridge,True,whole,ridge::D_M_C_K,D_M_C_K,17,0.6923235624623444,ridge::H_B_C_K,0.6337863909234293,0.058537171538915134,0.08993917869507156,"post-evaluation descriptive audit; fixed-model simultaneous pairwise bound, not universal optimality"
ridge,True,whole,ridge::B_M_C_K,B_M_C_K,14,0.6548792499896143,ridge::H_B_C_K,0.6337863909234293,0.021092859066185077,0.0524948662223415,"post-evaluation descriptive audit; fixed-model simultaneous pairwise bound, not universal optimality"
ridge,True,whole,ridge::D_B_M_C_K,D_B_M_C_K,18,0.6858969485095996,ridge::H_B_C_K,0.6337863909234293,0.052110557586170336,0.08351256474232677,"post-evaluation descriptive audit; fixed-model simultaneous pairwise bound, not universal optimality"
ridge,True,whole,ridge::P_C_K,P_C_K,23,0.6612553582464028,ridge::H_B_C_K,0.6337863909234293,0.027468967322973548,0.05887097447912997,"post-evaluation descriptive audit; fixed-model simultaneous pairwise bound, not universal optimality"
ridge,True,whole,ridge::D_P_C_K,D_P_C_K,27,0.6948789717579048,ridge::H_B_C_K,0.6337863909234293,0.06109258083447555,0.09249458799063198,"post-evaluation descriptive audit; fixed-model simultaneous pairwise bound, not universal optimality"
ridge,True,whole,ridge::B_P_C_K,B_P_C_K,24,0.6568999430523018,ridge::H_B_C_K,0.6337863909234293,0.02311355212887256,0.054515559285028985,"post-evaluation descriptive audit; fixed-model simultaneous pairwise bound, not universal optimality"
ridge,True,whole,ridge::D_B_P_C_K,D_B_P_C_K,28,0.6881898025410765,ridge::H_B_C_K,0.6337863909234293,0.05440341161764728,0.08580541877380371,"post-evaluation descriptive audit; fixed-model simultaneous pairwise bound, not universal optimality"
ridge,True,whole,ridge::M_P_C_K,M_P_C_K,24,0.6619796488159483,ridge::H_B_C_K,0.6337863909234293,0.02819325789251903,0.059595265048675454,"post-evaluation descriptive audit; fixed-model simultaneous pairwise bound, not universal optimality"
ridge,True,whole,ridge::D_M_P_C_K,D_M_P_C_K,28,0.6960545801447956,ridge::H_B_C_K,0.6337863909234293,0.062268189221366343,0.09367019637752277,"post-evaluation descriptive audit; fixed-model simultaneous pairwise bound, not universal optimality"
ridge,True,whole,ridge::B_M_P_C_K,B_M_P_C_K,25,0.6589681841620904,ridge::H_B_C_K,0.6337863909234293,0.0251817932386611,0.05658380039481752,"post-evaluation descriptive audit; fixed-model simultaneous pairwise bound, not universal optimality"
ridge,True,whole,ridge::D_B_M_P_C_K,D_B_M_P_C_K,29,0.6906410876249349,ridge::H_B_C_K,0.6337863909234293,0.05685469670150567,0.0882567038576621,"post-evaluation descriptive audit; fixed-model simultaneous pairwise bound, not universal optimality"
ridge,True,whole,ridge::A_K,A_K,12,0.6711736090830905,ridge::H_B_C_K,0.6337863909234293,0.037387218159661284,0.06878922531581771,"post-evaluation descriptive audit; fixed-model simultaneous pairwise bound, not universal optimality"
ridge,True,whole,ridge::D_A_K,D_A_K,16,0.710038427631828,ridge::H_B_C_K,0.6337863909234293,0.07625203670839875,0.10765404386455518,"post-evaluation descriptive audit; fixed-model simultaneous pairwise bound, not universal optimality"
ridge,True,whole,ridge::B_A_K,B_A_K,13,0.6663729487920441,ridge::H_B_C_K,0.6337863909234293,0.03258655786861486,0.0639885650247713,"post-evaluation descriptive audit; fixed-model simultaneous pairwise bound, not universal optimality"
ridge,True,whole,ridge::D_B_A_K,D_B_A_K,17,0.7018587040038071,ridge::H_B_C_K,0.6337863909234293,0.06807231308037787,0.0994743202365343,"post-evaluation descriptive audit; fixed-model simultaneous pairwise bound, not universal optimality"
ridge,True,whole,ridge::M_A_K,M_A_K,13,0.6717640402690707,ridge::H_B_C_K,0.6337863909234293,0.03797764934564141,0.06937965650179784,"post-evaluation descriptive audit; fixed-model simultaneous pairwise bound, not universal optimality"
ridge,True,whole,ridge::D_M_A_K,D_M_A_K,17,0.711999403519249,ridge::H_B_C_K,0.6337863909234293,0.0782130125958197,0.10961501975197613,"post-evaluation descriptive audit; fixed-model simultaneous pairwise bound, not universal optimality"
ridge,True,whole,ridge::B_M_A_K,B_M_A_K,14,0.6684455708595942,ridge::H_B_C_K,0.6337863909234293,0.03465917993616496,0.0660611870923214,"post-evaluation descriptive audit; fixed-model simultaneous pairwise bound, not universal optimality"
ridge,True,whole,ridge::D_B_M_A_K,D_B_M_A_K,18,0.7052913847663701,ridge::H_B_C_K,0.6337863909234293,0.07150499384294084,0.10290700099909728,"post-evaluation descriptive audit; fixed-model simultaneous pairwise bound, not universal optimality"
ridge,True,whole,ridge::P_A_K,P_A_K,23,0.6734403296927781,ridge::H_B_C_K,0.6337863909234293,0.03965393876934886,0.07105594592550529,"post-evaluation descriptive audit; fixed-model simultaneous pairwise bound, not universal optimality"
ridge,True,whole,ridge::D_P_A_K,D_P_A_K,27,0.7135054749112825,ridge::H_B_C_K,0.6337863909234293,0.07971908398785321,0.11112109114400964,"post-evaluation descriptive audit; fixed-model simultaneous pairwise bound, not universal optimality"
ridge,True,whole,ridge::B_P_A_K,B_P_A_K,24,0.6694519731390193,ridge::H_B_C_K,0.6337863909234293,0.03566558221559002,0.06706758937174645,"post-evaluation descriptive audit; fixed-model simultaneous pairwise bound, not universal optimality"
ridge,True,whole,ridge::D_B_P_A_K,D_B_P_A_K,28,0.7058808738345649,ridge::H_B_C_K,0.6337863909234293,0.07209448291113563,0.10349649006729206,"post-evaluation descriptive audit; fixed-model simultaneous pairwise bound, not universal optimality"
ridge,True,whole,ridge::M_P_A_K,M_P_A_K,24,0.6736895523672844,ridge::H_B_C_K,0.6337863909234293,0.039903161443855195,0.07130516860001163,"post-evaluation descriptive audit; fixed-model simultaneous pairwise bound, not universal optimality"
ridge,True,whole,ridge::D_M_P_A_K,D_M_P_A_K,28,0.7141489181873732,ridge::H_B_C_K,0.6337863909234293,0.080362527263944,0.11176453442010043,"post-evaluation descriptive audit; fixed-model simultaneous pairwise bound, not universal optimality"
ridge,True,whole,ridge::B_M_P_A_K,B_M_P_A_K,25,0.6710814498493853,ridge::H_B_C_K,0.6337863909234293,0.03729505892595608,0.06869706608211251,"post-evaluation descriptive audit; fixed-model simultaneous pairwise bound, not universal optimality"
ridge,True,whole,ridge::D_B_M_P_A_K,D_B_M_P_A_K,29,0.7078941942646997,ridge::H_B_C_K,0.6337863909234293,0.07410780334127043,0.10550981049742686,"post-evaluation descriptive audit; fixed-model simultaneous pairwise bound, not universal optimality"
ridge,True,whole,ridge::C_A_K,C_A_K,13,0.6710668213007692,ridge::H_B_C_K,0.6337863909234293,0.03728043037733997,0.0686824375334964,"post-evaluation descriptive audit; fixed-model simultaneous pairwise bound, not universal optimality"
ridge,True,whole,ridge::D_C_A_K,D_C_A_K,17,0.7107381113389859,ridge::H_B_C_K,0.6337863909234293,0.07695172041555665,0.10835372757171308,"post-evaluation descriptive audit; fixed-model simultaneous pairwise bound, not universal optimality"
ridge,True,whole,ridge::B_C_A_K,B_C_A_K,14,0.6661703469907007,ridge::H_B_C_K,0.6337863909234293,0.0323839560672714,0.06378596322342783,"post-evaluation descriptive audit; fixed-model simultaneous pairwise bound, not universal optimality"
ridge,True,whole,ridge::D_B_C_A_K,D_B_C_A_K,18,0.7029559093361978,ridge::H_B_C_K,0.6337863909234293,0.06916951841276853,0.10057152556892496,"post-evaluation descriptive audit; fixed-model simultaneous pairwise bound, not universal optimality"
ridge,True,whole,ridge::M_C_A_K,M_C_A_K,14,0.67193679016254,ridge::H_B_C_K,0.6337863909234293,0.03815039923911079,0.06955240639526722,"post-evaluation descriptive audit; fixed-model simultaneous pairwise bound, not universal optimality"
ridge,True,whole,ridge::D_M_C_A_K,D_M_C_A_K,18,0.7135060337975696,ridge::H_B_C_K,0.6337863909234293,0.07971964287414035,0.11112165003029678,"post-evaluation descriptive audit; fixed-model simultaneous pairwise bound, not universal optimality"
ridge,True,whole,ridge::B_M_C_A_K,B_M_C_A_K,15,0.6685092046744538,ridge::H_B_C_K,0.6337863909234293,0.034722813751024595,0.06612482090718103,"post-evaluation descriptive audit; fixed-model simultaneous pairwise bound, not universal optimality"
ridge,True,whole,ridge::D_B_M_C_A_K,D_B_M_C_A_K,19,0.7066702984463452,ridge::H_B_C_K,0.6337863909234293,0.07288390752291596,0.10428591467907239,"post-evaluation descriptive audit; fixed-model simultaneous pairwise bound, not universal optimality"
ridge,True,whole,ridge::P_C_A_K,P_C_A_K,24,0.6732299500327833,ridge::H_B_C_K,0.6337863909234293,0.03944355910935404,0.07084556626551047,"post-evaluation descriptive audit; fixed-model simultaneous pairwise bound, not universal optimality"
ridge,True,whole,ridge::D_P_C_A_K,D_P_C_A_K,28,0.7142305219917723,ridge::H_B_C_K,0.6337863909234293,0.08044413106834303,0.11184613822449946,"post-evaluation descriptive audit; fixed-model simultaneous pairwise bound, not universal optimality"
ridge,True,whole,ridge::B_P_C_A_K,B_P_C_A_K,25,0.6691156150654206,ridge::H_B_C_K,0.6337863909234293,0.035329224141991356,0.06673123129814779,"post-evaluation descriptive audit; fixed-model simultaneous pairwise bound, not universal optimality"
ridge,True,whole,ridge::D_B_P_C_A_K,D_B_P_C_A_K,29,0.7068537085508344,ridge::H_B_C_K,0.6337863909234293,0.07306731762740515,0.10446932478356158,"post-evaluation descriptive audit; fixed-model simultaneous pairwise bound, not universal optimality"
ridge,True,whole,ridge::M_P_C_A_K,M_P_C_A_K,25,0.6737236397497662,ridge::H_B_C_K,0.6337863909234293,0.03993724882633698,0.07133925598249341,"post-evaluation descriptive audit; fixed-model simultaneous pairwise bound, not universal optimality"
ridge,True,whole,ridge::D_M_P_C_A_K,D_M_P_C_A_K,29,0.7153202418676693,ridge::H_B_C_K,0.6337863909234293,0.08153385094424004,0.11293585810039647,"post-evaluation descriptive audit; fixed-model simultaneous pairwise bound, not universal optimality"
ridge,True,whole,ridge::B_M_P_C_A_K,B_M_P_C_A_K,26,0.6710031106527566,ridge::H_B_C_K,0.6337863909234293,0.037216719729327385,0.06861872688548382,"post-evaluation descriptive audit; fixed-model simultaneous pairwise bound, not universal optimality"
ridge,True,whole,ridge::D_B_M_P_C_A_K,D_B_M_P_C_A_K,30,0.7091109661737246,ridge::H_B_C_K,0.6337863909234293,0.07532457525029534,0.10672658240645178,"post-evaluation descriptive audit; fixed-model simultaneous pairwise bound, not universal optimality"
ridge,True,whole,P0,P0,0,0.6606246186097157,ridge::H_B_C_K,0.6337863909234293,0.02683822768628641,0.05824023484244283,"post-evaluation descriptive audit; fixed-model simultaneous pairwise bound, not universal optimality"
ridge,True,disjoint,ridge::H,H,0,0.6793135238751156,ridge::H_B_C_K,0.6557311664656954,0.023582357409420163,0.06707361791305724,"post-evaluation descriptive audit; fixed-model simultaneous pairwise bound, not universal optimality"
ridge,True,disjoint,ridge::H_D,H_D,4,0.7291761239224369,ridge::H_B_C_K,0.6557311664656954,0.07344495745674151,0.11693621796037859,"post-evaluation descriptive audit; fixed-model simultaneous pairwise bound, not universal optimality"
ridge,True,disjoint,ridge::H_B,H_B,1,0.675481254858951,ridge::H_B_C_K,0.6557311664656954,0.01975008839325565,0.06324134889689273,"post-evaluation descriptive audit; fixed-model simultaneous pairwise bound, not universal optimality"
ridge,True,disjoint,ridge::H_D_B,H_D_B,5,0.7226237294922309,ridge::H_B_C_K,0.6557311664656954,0.06689256302653546,0.11038382353017254,"post-evaluation descriptive audit; fixed-model simultaneous pairwise bound, not universal optimality"
ridge,True,disjoint,ridge::H_M,H_M,1,0.6764835079335667,ridge::H_B_C_K,0.6557311664656954,0.020752341467871305,0.06424360197150839,"post-evaluation descriptive audit; fixed-model simultaneous pairwise bound, not universal optimality"
ridge,True,disjoint,ridge::H_D_M,H_D_M,5,0.7341765877977591,ridge::H_B_C_K,0.6557311664656954,0.07844542133206367,0.12193668183570075,"post-evaluation descriptive audit; fixed-model simultaneous pairwise bound, not universal optimality"
ridge,True,disjoint,ridge::H_B_M,H_B_M,2,0.6749116084884721,ridge::H_B_C_K,0.6557311664656954,0.01918044202277669,0.06267170252641377,"post-evaluation descriptive audit; fixed-model simultaneous pairwise bound, not universal optimality"
ridge,True,disjoint,ridge::H_D_B_M,H_D_B_M,6,0.7296416281992223,ridge::H_B_C_K,0.6557311664656954,0.07391046173352689,0.11740172223716397,"post-evaluation descriptive audit; fixed-model simultaneous pairwise bound, not universal optimality"
ridge,True,disjoint,ridge::H_P,H_P,11,0.680984858996519,ridge::H_B_C_K,0.6557311664656954,0.025253692530823546,0.06874495303446063,"post-evaluation descriptive audit; fixed-model simultaneous pairwise bound, not universal optimality"
ridge,True,disjoint,ridge::H_D_P,H_D_P,15,0.7328004447767165,ridge::H_B_C_K,0.6557311664656954,0.07706927831102106,0.12056053881465814,"post-evaluation descriptive audit; fixed-model simultaneous pairwise bound, not universal optimality"
ridge,True,disjoint,ridge::H_B_P,H_B_P,12,0.6780815765078295,ridge::H_B_C_K,0.6557311664656954,0.022350410042134117,0.0658416705457712,"post-evaluation descriptive audit; fixed-model simultaneous pairwise bound, not universal optimality"
ridge,True,disjoint,ridge::H_D_B_P,H_D_B_P,16,0.7281331121439288,ridge::H_B_C_K,0.6557311664656954,0.07240194567823344,0.11589320618187052,"post-evaluation descriptive audit; fixed-model simultaneous pairwise bound, not universal optimality"
ridge,True,disjoint,ridge::H_M_P,H_M_P,12,0.6776033483969841,ridge::H_B_C_K,0.6557311664656954,0.021872181931288703,0.06536344243492578,"post-evaluation descriptive audit; fixed-model simultaneous pairwise bound, not universal optimality"
ridge,True,disjoint,ridge::H_D_M_P,H_D_M_P,16,0.7359769738367472,ridge::H_B_C_K,0.6557311664656954,0.0802458073710518,0.12373706787468888,"post-evaluation descriptive audit; fixed-model simultaneous pairwise bound, not universal optimality"
ridge,True,disjoint,ridge::H_B_M_P,H_B_M_P,13,0.6768636976334264,ridge::H_B_C_K,0.6557311664656954,0.02113253116773095,0.06462379167136803,"post-evaluation descriptive audit; fixed-model simultaneous pairwise bound, not universal optimality"
ridge,True,disjoint,ridge::H_D_B_M_P,H_D_B_M_P,17,0.7322297772475364,ridge::H_B_C_K,0.6557311664656954,0.07649861078184095,0.11998987128547803,"post-evaluation descriptive audit; fixed-model simultaneous pairwise bound, not universal optimality"
ridge,True,disjoint,ridge::H_C,H_C,1,0.678310399172076,ridge::H_B_C_K,0.6557311664656954,0.022579232706380625,0.0660704932100177,"post-evaluation descriptive audit; fixed-model simultaneous pairwise bound, not universal optimality"
ridge,True,disjoint,ridge::H_D_C,H_D_C,5,0.7283010484204704,ridge::H_B_C_K,0.6557311664656954,0.07256988195477498,0.11606114245841206,"post-evaluation descriptive audit; fixed-model simultaneous pairwise bound, not universal optimality"
ridge,True,disjoint,ridge::H_B_C,H_B_C,2,0.6743961215056865,ridge::H_B_C_K,0.6557311664656954,0.018664955039991105,0.062156215543628185,"post-evaluation descriptive audit; fixed-model simultaneous pairwise bound, not universal optimality"
ridge,True,disjoint,ridge::H_D_B_C,H_D_B_C,6,0.7223287777328739,ridge::H_B_C_K,0.6557311664656954,0.06659761126717845,0.11008887177081553,"post-evaluation descriptive audit; fixed-model simultaneous pairwise bound, not universal optimality"
ridge,True,disjoint,ridge::H_M_C,H_M_C,2,0.6752660574327856,ridge::H_B_C_K,0.6557311664656954,0.019534890967090157,0.06302615147072724,"post-evaluation descriptive audit; fixed-model simultaneous pairwise bound, not universal optimality"
ridge,True,disjoint,ridge::H_D_M_C,H_D_M_C,6,0.7333220336784932,ridge::H_B_C_K,0.6557311664656954,0.07759086721279784,0.12108212771643492,"post-evaluation descriptive audit; fixed-model simultaneous pairwise bound, not universal optimality"
ridge,True,disjoint,ridge::H_B_M_C,H_B_M_C,3,0.6735989203466756,ridge::H_B_C_K,0.6557311664656954,0.017867753880980164,0.061359014384617244,"post-evaluation descriptive audit; fixed-model simultaneous pairwise bound, not universal optimality"
ridge,True,disjoint,ridge::H_D_B_M_C,H_D_B_M_C,7,0.7288478333617846,ridge::H_B_C_K,0.6557311664656954,0.0731166668960892,0.11660792739972628,"post-evaluation descriptive audit; fixed-model simultaneous pairwise bound, not universal optimality"
ridge,True,disjoint,ridge::H_P_C,H_P_C,12,0.6798709713667711,ridge::H_B_C_K,0.6557311664656954,0.0241398049010757,0.06763106540471278,"post-evaluation descriptive audit; fixed-model simultaneous pairwise bound, not universal optimality"
ridge,True,disjoint,ridge::H_D_P_C,H_D_P_C,16,0.7322869363665876,ridge::H_B_C_K,0.6557311664656954,0.07655576990089219,0.12004703040452927,"post-evaluation descriptive audit; fixed-model simultaneous pairwise bound, not universal optimality"
ridge,True,disjoint,ridge::H_B_P_C,H_B_P_C,13,0.6771569074950813,ridge::H_B_C_K,0.6557311664656954,0.02142574102938588,0.06491700153302296,"post-evaluation descriptive audit; fixed-model simultaneous pairwise bound, not universal optimality"
ridge,True,disjoint,ridge::H_D_B_P_C,H_D_B_P_C,17,0.7273551303215525,ridge::H_B_C_K,0.6557311664656954,0.07162396385585712,0.1151152243594942,"post-evaluation descriptive audit; fixed-model simultaneous pairwise bound, not universal optimality"
ridge,True,disjoint,ridge::H_M_P_C,H_M_P_C,13,0.6765740518762593,ridge::H_B_C_K,0.6557311664656954,0.020842885410563894,0.06433414591420097,"post-evaluation descriptive audit; fixed-model simultaneous pairwise bound, not universal optimality"
ridge,True,disjoint,ridge::H_D_M_P_C,H_D_M_P_C,17,0.7352977305447252,ridge::H_B_C_K,0.6557311664656954,0.07956656407902984,0.12305782458266692,"post-evaluation descriptive audit; fixed-model simultaneous pairwise bound, not universal optimality"
ridge,True,disjoint,ridge::H_B_M_P_C,H_B_M_P_C,14,0.6758685591235117,ridge::H_B_C_K,0.6557311664656954,0.020137392657816333,0.06362865316145341,"post-evaluation descriptive audit; fixed-model simultaneous pairwise bound, not universal optimality"
ridge,True,disjoint,ridge::H_D_B_M_P_C,H_D_B_M_P_C,18,0.7315147900902926,ridge::H_B_C_K,0.6557311664656954,0.07578362362459723,0.11927488412823431,"post-evaluation descriptive audit; fixed-model simultaneous pairwise bound, not universal optimality"
ridge,True,disjoint,ridge::H_A,H_A,1,0.6968743907996215,ridge::H_B_C_K,0.6557311664656954,0.04114322433392614,0.08463448483756322,"post-evaluation descriptive audit; fixed-model simultaneous pairwise bound, not universal optimality"
ridge,True,disjoint,ridge::H_D_A,H_D_A,5,0.7520812846412164,ridge::H_B_C_K,0.6557311664656954,0.09635011817552097,0.13984137867915805,"post-evaluation descriptive audit; fixed-model simultaneous pairwise bound, not universal optimality"
ridge,True,disjoint,ridge::H_B_A,H_B_A,2,0.6924867325232885,ridge::H_B_C_K,0.6557311664656954,0.036755566057593114,0.0802468265612302,"post-evaluation descriptive audit; fixed-model simultaneous pairwise bound, not universal optimality"
ridge,True,disjoint,ridge::H_D_B_A,H_D_B_A,6,0.7453577182068915,ridge::H_B_C_K,0.6557311664656954,0.08962655174119605,0.13311781224483313,"post-evaluation descriptive audit; fixed-model simultaneous pairwise bound, not universal optimality"
ridge,True,disjoint,ridge::H_M_A,H_M_A,2,0.6935346681970092,ridge::H_B_C_K,0.6557311664656954,0.03780350173131375,0.08129476223495083,"post-evaluation descriptive audit; fixed-model simultaneous pairwise bound, not universal optimality"
ridge,True,disjoint,ridge::H_D_M_A,H_D_M_A,6,0.7564192128800773,ridge::H_B_C_K,0.6557311664656954,0.1006880464143819,0.14417930691801897,"post-evaluation descriptive audit; fixed-model simultaneous pairwise bound, not universal optimality"
ridge,True,disjoint,ridge::H_B_M_A,H_B_M_A,3,0.6913890344762524,ridge::H_B_C_K,0.6557311664656954,0.03565786801055704,0.07914912851419412,"post-evaluation descriptive audit; fixed-model simultaneous pairwise bound, not universal optimality"
ridge,True,disjoint,ridge::H_D_B_M_A,H_D_B_M_A,7,0.7513379340082037,ridge::H_B_C_K,0.6557311664656954,0.0956067675425083,0.13909802804614538,"post-evaluation descriptive audit; fixed-model simultaneous pairwise bound, not universal optimality"
ridge,True,disjoint,ridge::H_P_A,H_P_A,12,0.6977800763686027,ridge::H_B_C_K,0.6557311664656954,0.04204890990290733,0.08554017040654441,"post-evaluation descriptive audit; fixed-model simultaneous pairwise bound, not universal optimality"
ridge,True,disjoint,ridge::H_D_P_A,H_D_P_A,16,0.7549908289951229,ridge::H_B_C_K,0.6557311664656954,0.09925966252942753,0.1427509230330646,"post-evaluation descriptive audit; fixed-model simultaneous pairwise bound, not universal optimality"
ridge,True,disjoint,ridge::H_B_P_A,H_B_P_A,13,0.6942841233986208,ridge::H_B_C_K,0.6557311664656954,0.038552956932925375,0.08204421743656246,"post-evaluation descriptive audit; fixed-model simultaneous pairwise bound, not universal optimality"
ridge,True,disjoint,ridge::H_D_B_P_A,H_D_B_P_A,17,0.7488520403320659,ridge::H_B_C_K,0.6557311664656954,0.09312087386637047,0.13661213437000755,"post-evaluation descriptive audit; fixed-model simultaneous pairwise bound, not universal optimality"
ridge,True,disjoint,ridge::H_M_P_A,H_M_P_A,13,0.6943087297995861,ridge::H_B_C_K,0.6557311664656954,0.03857756333389073,0.08206882383752781,"post-evaluation descriptive audit; fixed-model simultaneous pairwise bound, not universal optimality"
ridge,True,disjoint,ridge::H_D_M_P_A,H_D_M_P_A,17,0.7574285464522912,ridge::H_B_C_K,0.6557311664656954,0.10169737998659578,0.14518864049023286,"post-evaluation descriptive audit; fixed-model simultaneous pairwise bound, not universal optimality"
ridge,True,disjoint,ridge::H_B_M_P_A,H_B_M_P_A,14,0.692766384195439,ridge::H_B_C_K,0.6557311664656954,0.03703521772974361,0.08052647823338069,"post-evaluation descriptive audit; fixed-model simultaneous pairwise bound, not universal optimality"
ridge,True,disjoint,ridge::H_D_B_M_P_A,H_D_B_M_P_A,18,0.7527443892114146,ridge::H_B_C_K,0.6557311664656954,0.09701322274571922,0.1405044832493563,"post-evaluation descriptive audit; fixed-model simultaneous pairwise bound, not universal optimality"
ridge,True,disjoint,ridge::H_C_A,H_C_A,2,0.6958388959630658,ridge::H_B_C_K,0.6557311664656954,0.040107729497370403,0.08359899000100748,"post-evaluation descriptive audit; fixed-model simultaneous pairwise bound, not universal optimality"
ridge,True,disjoint,ridge::H_D_C_A,H_D_C_A,6,0.751294300633356,ridge::H_B_C_K,0.6557311664656954,0.0955631341676606,0.13905439467129768,"post-evaluation descriptive audit; fixed-model simultaneous pairwise bound, not universal optimality"
ridge,True,disjoint,ridge::H_B_C_A,H_B_C_A,3,0.6914998737473174,ridge::H_B_C_K,0.6557311664656954,0.03576870728162196,0.07925996778525904,"post-evaluation descriptive audit; fixed-model simultaneous pairwise bound, not universal optimality"
ridge,True,disjoint,ridge::H_D_B_C_A,H_D_B_C_A,7,0.7446048033718895,ridge::H_B_C_K,0.6557311664656954,0.0888736369061941,0.13236489740983118,"post-evaluation descriptive audit; fixed-model simultaneous pairwise bound, not universal optimality"
ridge,True,disjoint,ridge::H_M_C_A,H_M_C_A,3,0.6924204558031236,ridge::H_B_C_K,0.6557311664656954,0.03668928933742821,0.08018054984106529,"post-evaluation descriptive audit; fixed-model simultaneous pairwise bound, not universal optimality"
ridge,True,disjoint,ridge::H_D_M_C_A,H_D_M_C_A,7,0.7556818835969862,ridge::H_B_C_K,0.6557311664656954,0.09995071713129078,0.14344197763492786,"post-evaluation descriptive audit; fixed-model simultaneous pairwise bound, not universal optimality"
ridge,True,disjoint,ridge::H_B_M_C_A,H_B_M_C_A,4,0.6903287822742074,ridge::H_B_C_K,0.6557311664656954,0.03459761580851195,0.07808887631214903,"post-evaluation descriptive audit; fixed-model simultaneous pairwise bound, not universal optimality"
ridge,True,disjoint,ridge::H_D_B_M_C_A,H_D_B_M_C_A,8,0.7506182081213123,ridge::H_B_C_K,0.6557311664656954,0.0948870416556169,0.13837830215925398,"post-evaluation descriptive audit; fixed-model simultaneous pairwise bound, not universal optimality"
ridge,True,disjoint,ridge::H_P_C_A,H_P_C_A,13,0.6967793886820189,ridge::H_B_C_K,0.6557311664656954,0.04104822221632354,0.08453948271996062,"post-evaluation descriptive audit; fixed-model simultaneous pairwise bound, not universal optimality"
ridge,True,disjoint,ridge::H_D_P_C_A,H_D_P_C_A,17,0.7540576403558218,ridge::H_B_C_K,0.6557311664656954,0.09832647389012639,0.14181773439376347,"post-evaluation descriptive audit; fixed-model simultaneous pairwise bound, not universal optimality"
ridge,True,disjoint,ridge::H_B_P_C_A,H_B_P_C_A,14,0.6932656589054447,ridge::H_B_C_K,0.6557311664656954,0.03753449243974927,0.08102575294338635,"post-evaluation descriptive audit; fixed-model simultaneous pairwise bound, not universal optimality"
ridge,True,disjoint,ridge::H_D_B_P_C_A,H_D_B_P_C_A,18,0.7480393960670033,ridge::H_B_C_K,0.6557311664656954,0.09230822960130791,0.135799490104945,"post-evaluation descriptive audit; fixed-model simultaneous pairwise bound, not universal optimality"
ridge,True,disjoint,ridge::H_M_P_C_A,H_M_P_C_A,14,0.6931873802377704,ridge::H_B_C_K,0.6557311664656954,0.037456213772074975,0.08094747427571206,"post-evaluation descriptive audit; fixed-model simultaneous pairwise bound, not universal optimality"
ridge,True,disjoint,ridge::H_D_M_P_C_A,H_D_M_P_C_A,18,0.756696372504239,ridge::H_B_C_K,0.6557311664656954,0.10096520603854364,0.14445646654218072,"post-evaluation descriptive audit; fixed-model simultaneous pairwise bound, not universal optimality"
ridge,True,disjoint,ridge::H_B_M_P_C_A,H_B_M_P_C_A,15,0.6916424318764407,ridge::H_B_C_K,0.6557311664656954,0.0359112654107453,0.07940252591438238,"post-evaluation descriptive audit; fixed-model simultaneous pairwise bound, not universal optimality"
ridge,True,disjoint,ridge::H_D_B_M_P_C_A,H_D_B_M_P_C_A,19,0.7521019175277553,ridge::H_B_C_K,0.6557311664656954,0.09637075106205995,0.13986201156569703,"post-evaluation descriptive audit; fixed-model simultaneous pairwise bound, not universal optimality"
ridge,True,disjoint,ridge::H_K,H_K,11,0.6585438366851747,ridge::H_B_C_K,0.6557311664656954,0.002812670219479285,0.046303930723116365,"post-evaluation descriptive audit; fixed-model simultaneous pairwise bound, not universal optimality"
ridge,True,disjoint,ridge::H_D_K,H_D_K,15,0.7109472968772163,ridge::H_B_C_K,0.6557311664656954,0.05521613041152085,0.09870739091515793,"post-evaluation descriptive audit; fixed-model simultaneous pairwise bound, not universal optimality"
ridge,True,disjoint,ridge::H_B_K,H_B_K,12,0.6560005522953009,ridge::H_B_C_K,0.6557311664656954,0.00026938582960545077,0.04376064633324253,"post-evaluation descriptive audit; fixed-model simultaneous pairwise bound, not universal optimality"
ridge,True,disjoint,ridge::H_D_B_K,H_D_B_K,16,0.7059121412156552,ridge::H_B_C_K,0.6557311664656954,0.05018097474995975,0.09367223525359683,"post-evaluation descriptive audit; fixed-model simultaneous pairwise bound, not universal optimality"
ridge,True,disjoint,ridge::H_M_K,H_M_K,12,0.6641758072467441,ridge::H_B_C_K,0.6557311664656954,0.008444640781048673,0.051935901284685754,"post-evaluation descriptive audit; fixed-model simultaneous pairwise bound, not universal optimality"
ridge,True,disjoint,ridge::H_D_M_K,H_D_M_K,16,0.7218333275571596,ridge::H_B_C_K,0.6557311664656954,0.06610216109146416,0.10959342159510124,"post-evaluation descriptive audit; fixed-model simultaneous pairwise bound, not universal optimality"
ridge,True,disjoint,ridge::H_B_M_K,H_B_M_K,13,0.663271353694842,ridge::H_B_C_K,0.6557311664656954,0.007540187229146622,0.0510314477327837,"post-evaluation descriptive audit; fixed-model simultaneous pairwise bound, not universal optimality"
ridge,True,disjoint,ridge::H_D_B_M_K,H_D_B_M_K,17,0.717814474574093,ridge::H_B_C_K,0.6557311664656954,0.06208330810839757,0.10557456861203465,"post-evaluation descriptive audit; fixed-model simultaneous pairwise bound, not universal optimality"
ridge,True,disjoint,ridge::H_P_K,H_P_K,22,0.6621911895043673,ridge::H_B_C_K,0.6557311664656954,0.0064600230386718804,0.04995128354230896,"post-evaluation descriptive audit; fixed-model simultaneous pairwise bound, not universal optimality"
ridge,True,disjoint,ridge::H_D_P_K,H_D_P_K,26,0.716654336313746,ridge::H_B_C_K,0.6557311664656954,0.06092316984805057,0.10441443035168765,"post-evaluation descriptive audit; fixed-model simultaneous pairwise bound, not universal optimality"
ridge,True,disjoint,ridge::H_B_P_K,H_B_P_K,23,0.6606145158586116,ridge::H_B_C_K,0.6557311664656954,0.004883349392916236,0.04837460989655332,"post-evaluation descriptive audit; fixed-model simultaneous pairwise bound, not universal optimality"
ridge,True,disjoint,ridge::H_D_B_P_K,H_D_B_P_K,27,0.7126209477287988,ridge::H_B_C_K,0.6557311664656954,0.0568897812631034,0.10038104176674048,"post-evaluation descriptive audit; fixed-model simultaneous pairwise bound, not universal optimality"
ridge,True,disjoint,ridge::H_M_P_K,H_M_P_K,23,0.6665488667697615,ridge::H_B_C_K,0.6557311664656954,0.010817700304066147,0.05430896080770323,"post-evaluation descriptive audit; fixed-model simultaneous pairwise bound, not universal optimality"
ridge,True,disjoint,ridge::H_D_M_P_K,H_D_M_P_K,27,0.72511357927176,ridge::H_B_C_K,0.6557311664656954,0.06938241280606461,0.11287367330970169,"post-evaluation descriptive audit; fixed-model simultaneous pairwise bound, not universal optimality"
ridge,True,disjoint,ridge::H_B_M_P_K,H_B_M_P_K,24,0.6664165888106981,ridge::H_B_C_K,0.6557311664656954,0.010685422345002693,0.05417668284863977,"post-evaluation descriptive audit; fixed-model simultaneous pairwise bound, not universal optimality"
ridge,True,disjoint,ridge::H_D_B_M_P_K,H_D_B_M_P_K,28,0.7217153237043193,ridge::H_B_C_K,0.6557311664656954,0.06598415723862394,0.10947541774226102,"post-evaluation descriptive audit; fixed-model simultaneous pairwise bound, not universal optimality"
ridge,True,disjoint,ridge::H_C_K,H_C_K,12,0.658377458577129,ridge::H_B_C_K,0.6557311664656954,0.0026462921114336346,0.046137552615070715,"post-evaluation descriptive audit; fixed-model simultaneous pairwise bound, not universal optimality"
ridge,True,disjoint,ridge::H_D_C_K,H_D_C_K,16,0.7104530848008568,ridge::H_B_C_K,0.6557311664656954,0.05472191833516138,0.09821317883879846,"post-evaluation descriptive audit; fixed-model simultaneous pairwise bound, not universal optimality"
ridge,True,disjoint,ridge::H_B_C_K,H_B_C_K,13,0.6557311664656954,ridge::H_B_C_K,0.6557311664656954,0.0,0.04349126050363708,"post-evaluation descriptive audit; fixed-model simultaneous pairwise bound, not universal optimality"
ridge,True,disjoint,ridge::H_D_B_C_K,H_D_B_C_K,17,0.7055082439787594,ridge::H_B_C_K,0.6557311664656954,0.04977707751306404,0.09326833801670112,"post-evaluation descriptive audit; fixed-model simultaneous pairwise bound, not universal optimality"
ridge,True,disjoint,ridge::H_M_C_K,H_M_C_K,13,0.6633704063575223,ridge::H_B_C_K,0.6557311664656954,0.00763923989182691,0.05113050039546399,"post-evaluation descriptive audit; fixed-model simultaneous pairwise bound, not universal optimality"
ridge,True,disjoint,ridge::H_D_M_C_K,H_D_M_C_K,17,0.7215474211399073,ridge::H_B_C_K,0.6557311664656954,0.06581625467421193,0.10930751517784901,"post-evaluation descriptive audit; fixed-model simultaneous pairwise bound, not universal optimality"
ridge,True,disjoint,ridge::H_B_M_C_K,H_B_M_C_K,14,0.6623062625570293,ridge::H_B_C_K,0.6557311664656954,0.006575096091333887,0.05006635659497097,"post-evaluation descriptive audit; fixed-model simultaneous pairwise bound, not universal optimality"
ridge,True,disjoint,ridge::H_D_B_M_C_K,H_D_B_M_C_K,18,0.7177874976545959,ridge::H_B_C_K,0.6557311664656954,0.062056331188900526,0.1055475916925376,"post-evaluation descriptive audit; fixed-model simultaneous pairwise bound, not universal optimality"
ridge,True,disjoint,ridge::H_P_C_K,H_P_C_K,23,0.6618903552414879,ridge::H_B_C_K,0.6557311664656954,0.006159188775792468,0.04965044927942955,"post-evaluation descriptive audit; fixed-model simultaneous pairwise bound, not universal optimality"
ridge,True,disjoint,ridge::H_D_P_C_K,H_D_P_C_K,27,0.7161971780855775,ridge::H_B_C_K,0.6557311664656954,0.060466011619882076,0.10395727212351916,"post-evaluation descriptive audit; fixed-model simultaneous pairwise bound, not universal optimality"
ridge,True,disjoint,ridge::H_B_P_C_K,H_B_P_C_K,24,0.6602205871062363,ridge::H_B_C_K,0.6557311664656954,0.00448942064054092,0.047980681144178,"post-evaluation descriptive audit; fixed-model simultaneous pairwise bound, not universal optimality"
ridge,True,disjoint,ridge::H_D_B_P_C_K,H_D_B_P_C_K,28,0.7122466761522611,ridge::H_B_C_K,0.6557311664656954,0.05651550968656571,0.10000677019020279,"post-evaluation descriptive audit; fixed-model simultaneous pairwise bound, not universal optimality"
ridge,True,disjoint,ridge::H_M_P_C_K,H_M_P_C_K,24,0.6661568126356384,ridge::H_B_C_K,0.6557311664656954,0.010425646169943015,0.053916906673580095,"post-evaluation descriptive audit; fixed-model simultaneous pairwise bound, not universal optimality"
ridge,True,disjoint,ridge::H_D_M_P_C_K,H_D_M_P_C_K,28,0.7247429261258863,ridge::H_B_C_K,0.6557311664656954,0.06901175966019091,0.11250302016382799,"post-evaluation descriptive audit; fixed-model simultaneous pairwise bound, not universal optimality"
ridge,True,disjoint,ridge::H_B_M_P_C_K,H_B_M_P_C_K,25,0.6659285647103873,ridge::H_B_C_K,0.6557311664656954,0.010197398244691902,0.05368865874832898,"post-evaluation descriptive audit; fixed-model simultaneous pairwise bound, not universal optimality"
ridge,True,disjoint,ridge::H_D_B_M_P_C_K,H_D_B_M_P_C_K,29,0.7213779382735701,ridge::H_B_C_K,0.6557311664656954,0.0656467718078747,0.10913803231151178,"post-evaluation descriptive audit; fixed-model simultaneous pairwise bound, not universal optimality"
ridge,True,disjoint,ridge::H_A_K,H_A_K,12,0.6763912521346687,ridge::H_B_C_K,0.6557311664656954,0.02066008566897326,0.06415134617261034,"post-evaluation descriptive audit; fixed-model simultaneous pairwise bound, not universal optimality"
ridge,True,disjoint,ridge::H_D_A_K,H_D_A_K,16,0.7339458480056973,ridge::H_B_C_K,0.6557311664656954,0.07821468154000188,0.12170594204363896,"post-evaluation descriptive audit; fixed-model simultaneous pairwise bound, not universal optimality"
ridge,True,disjoint,ridge::H_B_A_K,H_B_A_K,13,0.6733491129856893,ridge::H_B_C_K,0.6557311664656954,0.017617946519993932,0.06110920702363101,"post-evaluation descriptive audit; fixed-model simultaneous pairwise bound, not universal optimality"
ridge,True,disjoint,ridge::H_D_B_A_K,H_D_B_A_K,17,0.7287027611651766,ridge::H_B_C_K,0.6557311664656954,0.07297159469948122,0.1164628552031183,"post-evaluation descriptive audit; fixed-model simultaneous pairwise bound, not universal optimality"
ridge,True,disjoint,ridge::H_M_A_K,H_M_A_K,13,0.6810560965746492,ridge::H_B_C_K,0.6557311664656954,0.025324930108953758,0.06881619061259084,"post-evaluation descriptive audit; fixed-model simultaneous pairwise bound, not universal optimality"
ridge,True,disjoint,ridge::H_D_M_A_K,H_D_M_A_K,17,0.7445608121333194,ridge::H_B_C_K,0.6557311664656954,0.08882964566762397,0.13232090617126105,"post-evaluation descriptive audit; fixed-model simultaneous pairwise bound, not universal optimality"
ridge,True,disjoint,ridge::H_B_M_A_K,H_B_M_A_K,14,0.6795963105972398,ridge::H_B_C_K,0.6557311664656954,0.02386514413154439,0.06735640463518147,"post-evaluation descriptive audit; fixed-model simultaneous pairwise bound, not universal optimality"
ridge,True,disjoint,ridge::H_D_B_M_A_K,H_D_B_M_A_K,18,0.7402099686886393,ridge::H_B_C_K,0.6557311664656954,0.0844788022229439,0.12797006272658099,"post-evaluation descriptive audit; fixed-model simultaneous pairwise bound, not universal optimality"
ridge,True,disjoint,ridge::H_P_A_K,H_P_A_K,23,0.6788089289435031,ridge::H_B_C_K,0.6557311664656954,0.023077762477807684,0.06656902298144476,"post-evaluation descriptive audit; fixed-model simultaneous pairwise bound, not universal optimality"
ridge,True,disjoint,ridge::H_D_P_A_K,H_D_P_A_K,27,0.7382981590951744,ridge::H_B_C_K,0.6557311664656954,0.08256699262947897,0.12605825313311605,"post-evaluation descriptive audit; fixed-model simultaneous pairwise bound, not universal optimality"
ridge,True,disjoint,ridge::H_B_P_A_K,H_B_P_A_K,24,0.6763883173257508,ridge::H_B_C_K,0.6557311664656954,0.020657150860055373,0.06414841136369245,"post-evaluation descriptive audit; fixed-model simultaneous pairwise bound, not universal optimality"
ridge,True,disjoint,ridge::H_D_B_P_A_K,H_D_B_P_A_K,28,0.7332826347501187,ridge::H_B_C_K,0.6557311664656954,0.07755146828442328,0.12104272878806036,"post-evaluation descriptive audit; fixed-model simultaneous pairwise bound, not universal optimality"
ridge,True,disjoint,ridge::H_M_P_A_K,H_M_P_A_K,24,0.6828402191477129,ridge::H_B_C_K,0.6557311664656954,0.027109052682017465,0.07060031318565455,"post-evaluation descriptive audit; fixed-model simultaneous pairwise bound, not universal optimality"
ridge,True,disjoint,ridge::H_D_M_P_A_K,H_D_M_P_A_K,28,0.7462270979139608,ridge::H_B_C_K,0.6557311664656954,0.0904959314482654,0.13398719195190248,"post-evaluation descriptive audit; fixed-model simultaneous pairwise bound, not universal optimality"
ridge,True,disjoint,ridge::H_B_M_P_A_K,H_B_M_P_A_K,25,0.6819459036221759,ridge::H_B_C_K,0.6557311664656954,0.026214737156480483,0.06970599766011756,"post-evaluation descriptive audit; fixed-model simultaneous pairwise bound, not universal optimality"
ridge,True,disjoint,ridge::H_D_B_M_P_A_K,H_D_B_M_P_A_K,29,0.7419362684059183,ridge::H_B_C_K,0.6557311664656954,0.0862051019402229,0.12969636244385999,"post-evaluation descriptive audit; fixed-model simultaneous pairwise bound, not universal optimality"
ridge,True,disjoint,ridge::H_C_A_K,H_C_A_K,13,0.6759414455398829,ridge::H_B_C_K,0.6557311664656954,0.020210279074187487,0.06370153957782457,"post-evaluation descriptive audit; fixed-model simultaneous pairwise bound, not universal optimality"
ridge,True,disjoint,ridge::H_D_C_A_K,H_D_C_A_K,17,0.7339297687564326,ridge::H_B_C_K,0.6557311664656954,0.07819860229073716,0.12168986279437424,"post-evaluation descriptive audit; fixed-model simultaneous pairwise bound, not universal optimality"
ridge,True,disjoint,ridge::H_B_C_A_K,H_B_C_A_K,14,0.6728319903082206,ridge::H_B_C_K,0.6557311664656954,0.017100823842525203,0.060592084346162284,"post-evaluation descriptive audit; fixed-model simultaneous pairwise bound, not universal optimality"
ridge,True,disjoint,ridge::H_D_B_C_A_K,H_D_B_C_A_K,18,0.7281725134813902,ridge::H_B_C_K,0.6557311664656954,0.07244134701569482,0.1159326075193319,"post-evaluation descriptive audit; fixed-model simultaneous pairwise bound, not universal optimality"
ridge,True,disjoint,ridge::H_M_C_A_K,H_M_C_A_K,14,0.6806221811294758,ridge::H_B_C_K,0.6557311664656954,0.02489101466378041,0.06838227516741749,"post-evaluation descriptive audit; fixed-model simultaneous pairwise bound, not universal optimality"
ridge,True,disjoint,ridge::H_D_M_C_A_K,H_D_M_C_A_K,18,0.7440158117983449,ridge::H_B_C_K,0.6557311664656954,0.08828464533264946,0.13177590583628654,"post-evaluation descriptive audit; fixed-model simultaneous pairwise bound, not universal optimality"
ridge,True,disjoint,ridge::H_B_M_C_A_K,H_B_M_C_A_K,15,0.6790977869905315,ridge::H_B_C_K,0.6557311664656954,0.023366620524836068,0.06685788102847315,"post-evaluation descriptive audit; fixed-model simultaneous pairwise bound, not universal optimality"
ridge,True,disjoint,ridge::H_D_B_M_C_A_K,H_D_B_M_C_A_K,19,0.7393557922854684,ridge::H_B_C_K,0.6557311664656954,0.08362462581977304,0.12711588632341012,"post-evaluation descriptive audit; fixed-model simultaneous pairwise bound, not universal optimality"
ridge,True,disjoint,ridge::H_P_C_A_K,H_P_C_A_K,24,0.6782976010948405,ridge::H_B_C_K,0.6557311664656954,0.022566434629145093,0.06605769513278217,"post-evaluation descriptive audit; fixed-model simultaneous pairwise bound, not universal optimality"
ridge,True,disjoint,ridge::H_D_P_C_A_K,H_D_P_C_A_K,28,0.7379022983683751,ridge::H_B_C_K,0.6557311664656954,0.08217113190267966,0.12566239240631674,"post-evaluation descriptive audit; fixed-model simultaneous pairwise bound, not universal optimality"
ridge,True,disjoint,ridge::H_B_P_C_A_K,H_B_P_C_A_K,25,0.6758421187417798,ridge::H_B_C_K,0.6557311664656954,0.020110952276084393,0.06360221277972147,"post-evaluation descriptive audit; fixed-model simultaneous pairwise bound, not universal optimality"
ridge,True,disjoint,ridge::H_D_B_P_C_A_K,H_D_B_P_C_A_K,29,0.7327839046300461,ridge::H_B_C_K,0.6557311664656954,0.07705273816435065,0.12054399866798773,"post-evaluation descriptive audit; fixed-model simultaneous pairwise bound, not universal optimality"
ridge,True,disjoint,ridge::H_M_P_C_A_K,H_M_P_C_A_K,25,0.6823449025939631,ridge::H_B_C_K,0.6557311664656954,0.026613736128267673,0.07010499663190475,"post-evaluation descriptive audit; fixed-model simultaneous pairwise bound, not universal optimality"
ridge,True,disjoint,ridge::H_D_M_P_C_A_K,H_D_M_P_C_A_K,29,0.74615448935861,ridge::H_B_C_K,0.6557311664656954,0.09042332289291455,0.13391458339655163,"post-evaluation descriptive audit; fixed-model simultaneous pairwise bound, not universal optimality"
ridge,True,disjoint,ridge::H_B_M_P_C_A_K,H_B_M_P_C_A_K,26,0.6813804239947354,ridge::H_B_C_K,0.6557311664656954,0.025649257529040015,0.0691405180326771,"post-evaluation descriptive audit; fixed-model simultaneous pairwise bound, not universal optimality"
ridge,True,disjoint,ridge::H_D_B_M_P_C_A_K,H_D_B_M_P_C_A_K,30,0.7418983277035556,ridge::H_B_C_K,0.6557311664656954,0.08616716123786017,0.12965842174149725,"post-evaluation descriptive audit; fixed-model simultaneous pairwise bound, not universal optimality"
ridge,True,disjoint,ridge::NONE,NONE,0,0.6919851207085821,ridge::H_B_C_K,0.6557311664656954,0.03625395424288669,0.07974521474652377,"post-evaluation descriptive audit; fixed-model simultaneous pairwise bound, not universal optimality"
ridge,True,disjoint,ridge::D,D,4,0.743213119954039,ridge::H_B_C_K,0.6557311664656954,0.08748195348834364,0.13097321399198072,"post-evaluation descriptive audit; fixed-model simultaneous pairwise bound, not universal optimality"
ridge,True,disjoint,ridge::B,B,1,0.6849243747157544,ridge::H_B_C_K,0.6557311664656954,0.029193208250059,0.07268446875369608,"post-evaluation descriptive audit; fixed-model simultaneous pairwise bound, not universal optimality"
ridge,True,disjoint,ridge::D_B,D_B,5,0.7327917518170171,ridge::H_B_C_K,0.6557311664656954,0.07706058535132165,0.12055184585495873,"post-evaluation descriptive audit; fixed-model simultaneous pairwise bound, not universal optimality"
ridge,True,disjoint,ridge::M,M,1,0.6858071081348984,ridge::H_B_C_K,0.6557311664656954,0.03007594166920302,0.0735672021728401,"post-evaluation descriptive audit; fixed-model simultaneous pairwise bound, not universal optimality"
ridge,True,disjoint,ridge::D_M,D_M,5,0.7386208811556467,ridge::H_B_C_K,0.6557311664656954,0.08288971468995132,0.1263809751935884,"post-evaluation descriptive audit; fixed-model simultaneous pairwise bound, not universal optimality"
ridge,True,disjoint,ridge::B_M,B_M,2,0.6806102886982022,ridge::H_B_C_K,0.6557311664656954,0.024879122232506767,0.06837038273614385,"post-evaluation descriptive audit; fixed-model simultaneous pairwise bound, not universal optimality"
ridge,True,disjoint,ridge::D_B_M,D_B_M,6,0.7315507886194389,ridge::H_B_C_K,0.6557311664656954,0.0758196221537435,0.11931088265738057,"post-evaluation descriptive audit; fixed-model simultaneous pairwise bound, not universal optimality"
ridge,True,disjoint,ridge::P,P,11,0.6924323017534586,ridge::H_B_C_K,0.6557311664656954,0.0367011352877632,0.08019239579140028,"post-evaluation descriptive audit; fixed-model simultaneous pairwise bound, not universal optimality"
ridge,True,disjoint,ridge::D_P,D_P,15,0.7485874945508103,ridge::H_B_C_K,0.6557311664656954,0.0928563280851149,0.13634758858875198,"post-evaluation descriptive audit; fixed-model simultaneous pairwise bound, not universal optimality"
ridge,True,disjoint,ridge::B_P,B_P,12,0.6886121915910538,ridge::H_B_C_K,0.6557311664656954,0.0328810251253584,0.07637228562899548,"post-evaluation descriptive audit; fixed-model simultaneous pairwise bound, not universal optimality"
ridge,True,disjoint,ridge::D_B_P,D_B_P,16,0.7405018321972558,ridge::H_B_C_K,0.6557311664656954,0.08477066573156045,0.12826192623519753,"post-evaluation descriptive audit; fixed-model simultaneous pairwise bound, not universal optimality"
ridge,True,disjoint,ridge::M_P,M_P,12,0.6901531759680558,ridge::H_B_C_K,0.6557311664656954,0.03442200950236041,0.07791327000599749,"post-evaluation descriptive audit; fixed-model simultaneous pairwise bound, not universal optimality"
ridge,True,disjoint,ridge::D_M_P,D_M_P,16,0.7425744406636308,ridge::H_B_C_K,0.6557311664656954,0.08684327419793536,0.13033453470157244,"post-evaluation descriptive audit; fixed-model simultaneous pairwise bound, not universal optimality"
ridge,True,disjoint,ridge::B_M_P,B_M_P,13,0.684002789862312,ridge::H_B_C_K,0.6557311664656954,0.028271623396616596,0.07176288390025368,"post-evaluation descriptive audit; fixed-model simultaneous pairwise bound, not universal optimality"
ridge,True,disjoint,ridge::D_B_M_P,D_B_M_P,17,0.7375247615926643,ridge::H_B_C_K,0.6557311664656954,0.08179359512696893,0.125284855630606,"post-evaluation descriptive audit; fixed-model simultaneous pairwise bound, not universal optimality"
ridge,True,disjoint,ridge::C,C,1,0.6911290282823452,ridge::H_B_C_K,0.6557311664656954,0.035397861816649834,0.07888912232028691,"post-evaluation descriptive audit; fixed-model simultaneous pairwise bound, not universal optimality"
ridge,True,disjoint,ridge::D_C,D_C,5,0.7422583517103591,ridge::H_B_C_K,0.6557311664656954,0.08652718524466374,0.13001844574830082,"post-evaluation descriptive audit; fixed-model simultaneous pairwise bound, not universal optimality"
ridge,True,disjoint,ridge::B_C,B_C,2,0.6833804036166334,ridge::H_B_C_K,0.6557311664656954,0.027649237150938033,0.07114049765457511,"post-evaluation descriptive audit; fixed-model simultaneous pairwise bound, not universal optimality"
ridge,True,disjoint,ridge::D_B_C,D_B_C,6,0.7316355900286667,ridge::H_B_C_K,0.6557311664656954,0.07590442356297133,0.11939568406660842,"post-evaluation descriptive audit; fixed-model simultaneous pairwise bound, not universal optimality"
ridge,True,disjoint,ridge::M_C,M_C,2,0.684953726551822,ridge::H_B_C_K,0.6557311664656954,0.02922256008612656,0.07271382058976364,"post-evaluation descriptive audit; fixed-model simultaneous pairwise bound, not universal optimality"
ridge,True,disjoint,ridge::D_M_C,D_M_C,6,0.7380330142062199,ridge::H_B_C_K,0.6557311664656954,0.08230184774052451,0.1257931082441616,"post-evaluation descriptive audit; fixed-model simultaneous pairwise bound, not universal optimality"
ridge,True,disjoint,ridge::B_M_C,B_M_C,3,0.6792627695494164,ridge::H_B_C_K,0.6557311664656954,0.023531603083721042,0.06702286358735812,"post-evaluation descriptive audit; fixed-model simultaneous pairwise bound, not universal optimality"
ridge,True,disjoint,ridge::D_B_M_C,D_B_M_C,7,0.7310122066926846,ridge::H_B_C_K,0.6557311664656954,0.07528104022698923,0.1187723007306263,"post-evaluation descriptive audit; fixed-model simultaneous pairwise bound, not universal optimality"
ridge,True,disjoint,ridge::P_C,P_C,12,0.6922419190172631,ridge::H_B_C_K,0.6557311664656954,0.03651075255156766,0.08000201305520474,"post-evaluation descriptive audit; fixed-model simultaneous pairwise bound, not universal optimality"
ridge,True,disjoint,ridge::D_P_C,D_P_C,16,0.7477252398396658,ridge::H_B_C_K,0.6557311664656954,0.09199407337397036,0.13548533387760744,"post-evaluation descriptive audit; fixed-model simultaneous pairwise bound, not universal optimality"
ridge,True,disjoint,ridge::B_P_C,B_P_C,13,0.6869381373775039,ridge::H_B_C_K,0.6557311664656954,0.031206970911808463,0.07469823141544554,"post-evaluation descriptive audit; fixed-model simultaneous pairwise bound, not universal optimality"
ridge,True,disjoint,ridge::D_B_P_C,D_B_P_C,17,0.7391173037665096,ridge::H_B_C_K,0.6557311664656954,0.08338613730081423,0.12687739780445131,"post-evaluation descriptive audit; fixed-model simultaneous pairwise bound, not universal optimality"
ridge,True,disjoint,ridge::M_P_C,M_P_C,13,0.6899753706324588,ridge::H_B_C_K,0.6557311664656954,0.03424420416676344,0.07773546467040052,"post-evaluation descriptive audit; fixed-model simultaneous pairwise bound, not universal optimality"
ridge,True,disjoint,ridge::D_M_P_C,D_M_P_C,17,0.7420126234360019,ridge::H_B_C_K,0.6557311664656954,0.08628145697030654,0.12977271747394362,"post-evaluation descriptive audit; fixed-model simultaneous pairwise bound, not universal optimality"
ridge,True,disjoint,ridge::B_M_P_C,B_M_P_C,14,0.6824917183823109,ridge::H_B_C_K,0.6557311664656954,0.026760551916615527,0.07025181242025261,"post-evaluation descriptive audit; fixed-model simultaneous pairwise bound, not universal optimality"
ridge,True,disjoint,ridge::D_B_M_P_C,D_B_M_P_C,18,0.7364985403289915,ridge::H_B_C_K,0.6557311664656954,0.08076737386329613,0.12425863436693321,"post-evaluation descriptive audit; fixed-model simultaneous pairwise bound, not universal optimality"
ridge,True,disjoint,ridge::A,A,1,0.7090287375237916,ridge::H_B_C_K,0.6557311664656954,0.05329757105809618,0.09678883156173326,"post-evaluation descriptive audit; fixed-model simultaneous pairwise bound, not universal optimality"
ridge,True,disjoint,ridge::D_A,D_A,5,0.7687066337862036,ridge::H_B_C_K,0.6557311664656954,0.11297546732050823,0.1564667278241453,"post-evaluation descriptive audit; fixed-model simultaneous pairwise bound, not universal optimality"
ridge,True,disjoint,ridge::B_A,B_A,2,0.7019928071036963,ridge::H_B_C_K,0.6557311664656954,0.04626164063800087,0.08975290114163795,"post-evaluation descriptive audit; fixed-model simultaneous pairwise bound, not universal optimality"
ridge,True,disjoint,ridge::D_B_A,D_B_A,6,0.757453279408938,ridge::H_B_C_K,0.6557311664656954,0.10172211294324263,0.1452133734468797,"post-evaluation descriptive audit; fixed-model simultaneous pairwise bound, not universal optimality"
ridge,True,disjoint,ridge::M_A,M_A,2,0.7013093326114422,ridge::H_B_C_K,0.6557311664656954,0.045578166145746835,0.08906942664938391,"post-evaluation descriptive audit; fixed-model simultaneous pairwise bound, not universal optimality"
ridge,True,disjoint,ridge::D_M_A,D_M_A,6,0.7637248041297596,ridge::H_B_C_K,0.6557311664656954,0.10799363766406422,0.1514848981677013,"post-evaluation descriptive audit; fixed-model simultaneous pairwise bound, not universal optimality"
ridge,True,disjoint,ridge::B_M_A,B_M_A,3,0.6973720908334202,ridge::H_B_C_K,0.6557311664656954,0.04164092436772482,0.0851321848713619,"post-evaluation descriptive audit; fixed-model simultaneous pairwise bound, not universal optimality"
ridge,True,disjoint,ridge::D_B_M_A,D_B_M_A,7,0.7558534250096055,ridge::H_B_C_K,0.6557311664656954,0.1001222585439101,0.14361351904754718,"post-evaluation descriptive audit; fixed-model simultaneous pairwise bound, not universal optimality"
ridge,True,disjoint,ridge::P_A,P_A,12,0.704597330488102,ridge::H_B_C_K,0.6557311664656954,0.04886616402240662,0.0923574245260437,"post-evaluation descriptive audit; fixed-model simultaneous pairwise bound, not universal optimality"
ridge,True,disjoint,ridge::D_P_A,D_P_A,16,0.7720652237522685,ridge::H_B_C_K,0.6557311664656954,0.11633405728657309,0.15982531779021017,"post-evaluation descriptive audit; fixed-model simultaneous pairwise bound, not universal optimality"
ridge,True,disjoint,ridge::B_P_A,B_P_A,13,0.7044632492908884,ridge::H_B_C_K,0.6557311664656954,0.048732082825193035,0.09222334332883012,"post-evaluation descriptive audit; fixed-model simultaneous pairwise bound, not universal optimality"
ridge,True,disjoint,ridge::D_B_P_A,D_B_P_A,17,0.7625214431594712,ridge::H_B_C_K,0.6557311664656954,0.10679027669377583,0.1502815371974129,"post-evaluation descriptive audit; fixed-model simultaneous pairwise bound, not universal optimality"
ridge,True,disjoint,ridge::M_P_A,M_P_A,13,0.6982981103597677,ridge::H_B_C_K,0.6557311664656954,0.04256694389407234,0.08605820439770942,"post-evaluation descriptive audit; fixed-model simultaneous pairwise bound, not universal optimality"
ridge,True,disjoint,ridge::D_M_P_A,D_M_P_A,17,0.7661455338453221,ridge::H_B_C_K,0.6557311664656954,0.11041436737962673,0.1539056278832638,"post-evaluation descriptive audit; fixed-model simultaneous pairwise bound, not universal optimality"
ridge,True,disjoint,ridge::B_M_P_A,B_M_P_A,14,0.6994989700913523,ridge::H_B_C_K,0.6557311664656954,0.04376780362565691,0.08725906412929399,"post-evaluation descriptive audit; fixed-model simultaneous pairwise bound, not universal optimality"
ridge,True,disjoint,ridge::D_B_M_P_A,D_B_M_P_A,18,0.7588786629016513,ridge::H_B_C_K,0.6557311664656954,0.10314749643595589,0.14663875693959297,"post-evaluation descriptive audit; fixed-model simultaneous pairwise bound, not universal optimality"
ridge,True,disjoint,ridge::C_A,C_A,2,0.7079853986869942,ridge::H_B_C_K,0.6557311664656954,0.05225423222129877,0.09574549272493585,"post-evaluation descriptive audit; fixed-model simultaneous pairwise bound, not universal optimality"
ridge,True,disjoint,ridge::D_C_A,D_C_A,6,0.7680091845032745,ridge::H_B_C_K,0.6557311664656954,0.11227801803757909,0.15576927854121617,"post-evaluation descriptive audit; fixed-model simultaneous pairwise bound, not universal optimality"
ridge,True,disjoint,ridge::B_C_A,B_C_A,3,0.7008367293557348,ridge::H_B_C_K,0.6557311664656954,0.04510556289003942,0.0885968233936765,"post-evaluation descriptive audit; fixed-model simultaneous pairwise bound, not universal optimality"
ridge,True,disjoint,ridge::D_B_C_A,D_B_C_A,7,0.7569619080769585,ridge::H_B_C_K,0.6557311664656954,0.10123074161126311,0.1447220021149002,"post-evaluation descriptive audit; fixed-model simultaneous pairwise bound, not universal optimality"
ridge,True,disjoint,ridge::M_C_A,M_C_A,3,0.6965778029248897,ridge::H_B_C_K,0.6557311664656954,0.040846636459194285,0.08433789696283137,"post-evaluation descriptive audit; fixed-model simultaneous pairwise bound, not universal optimality"
ridge,True,disjoint,ridge::D_M_C_A,D_M_C_A,7,0.7635648115789708,ridge::H_B_C_K,0.6557311664656954,0.10783364511327542,0.1513249056169125,"post-evaluation descriptive audit; fixed-model simultaneous pairwise bound, not universal optimality"
ridge,True,disjoint,ridge::B_M_C_A,B_M_C_A,4,0.6963669753331391,ridge::H_B_C_K,0.6557311664656954,0.04063580886744367,0.08412706937108075,"post-evaluation descriptive audit; fixed-model simultaneous pairwise bound, not universal optimality"
ridge,True,disjoint,ridge::D_B_M_C_A,D_B_M_C_A,8,0.7557085125014077,ridge::H_B_C_K,0.6557311664656954,0.09997734603571229,0.14346860653934937,"post-evaluation descriptive audit; fixed-model simultaneous pairwise bound, not universal optimality"
ridge,True,disjoint,ridge::P_C_A,P_C_A,13,0.7037488634582493,ridge::H_B_C_K,0.6557311664656954,0.04801769699255387,0.09150895749619095,"post-evaluation descriptive audit; fixed-model simultaneous pairwise bound, not universal optimality"
ridge,True,disjoint,ridge::D_P_C_A,D_P_C_A,17,0.7719971182740671,ridge::H_B_C_K,0.6557311664656954,0.11626595180837174,0.15975721231200882,"post-evaluation descriptive audit; fixed-model simultaneous pairwise bound, not universal optimality"
ridge,True,disjoint,ridge::B_P_C_A,B_P_C_A,14,0.7031102250669438,ridge::H_B_C_K,0.6557311664656954,0.04737905860124836,0.09087031910488544,"post-evaluation descriptive audit; fixed-model simultaneous pairwise bound, not universal optimality"
ridge,True,disjoint,ridge::D_B_P_C_A,D_B_P_C_A,18,0.761651649115845,ridge::H_B_C_K,0.6557311664656954,0.10592048265014964,0.14941174315378672,"post-evaluation descriptive audit; fixed-model simultaneous pairwise bound, not universal optimality"
ridge,True,disjoint,ridge::M_P_C_A,M_P_C_A,14,0.6974407684301679,ridge::H_B_C_K,0.6557311664656954,0.04170960196447249,0.08520086246810957,"post-evaluation descriptive audit; fixed-model simultaneous pairwise bound, not universal optimality"
ridge,True,disjoint,ridge::D_M_P_C_A,D_M_P_C_A,18,0.7661285263474475,ridge::H_B_C_K,0.6557311664656954,0.11039735988175214,0.15388862038538922,"post-evaluation descriptive audit; fixed-model simultaneous pairwise bound, not universal optimality"
ridge,True,disjoint,ridge::B_M_P_C_A,B_M_P_C_A,15,0.6983791473495269,ridge::H_B_C_K,0.6557311664656954,0.04264798088383148,0.08613924138746856,"post-evaluation descriptive audit; fixed-model simultaneous pairwise bound, not universal optimality"
ridge,True,disjoint,ridge::D_B_M_P_C_A,D_B_M_P_C_A,19,0.7587796877424142,ridge::H_B_C_K,0.6557311664656954,0.10304852127671882,0.1465397817803559,"post-evaluation descriptive audit; fixed-model simultaneous pairwise bound, not universal optimality"
ridge,True,disjoint,ridge::K,K,11,0.6726456802590971,ridge::H_B_C_K,0.6557311664656954,0.016914513793401698,0.06040577429703878,"post-evaluation descriptive audit; fixed-model simultaneous pairwise bound, not universal optimality"
ridge,True,disjoint,ridge::D_K,D_K,15,0.7252047221104492,ridge::H_B_C_K,0.6557311664656954,0.06947355564475377,0.11296481614839085,"post-evaluation descriptive audit; fixed-model simultaneous pairwise bound, not universal optimality"
ridge,True,disjoint,ridge::B_K,B_K,12,0.6672355274549833,ridge::H_B_C_K,0.6557311664656954,0.011504360989287865,0.054995621492924945,"post-evaluation descriptive audit; fixed-model simultaneous pairwise bound, not universal optimality"
ridge,True,disjoint,ridge::D_B_K,D_B_K,16,0.7165270317361839,ridge::H_B_C_K,0.6557311664656954,0.060795865270488525,0.1042871257741256,"post-evaluation descriptive audit; fixed-model simultaneous pairwise bound, not universal optimality"
ridge,True,disjoint,ridge::M_K,M_K,12,0.6740551254727437,ridge::H_B_C_K,0.6557311664656954,0.018323959007048307,0.06181521951068539,"post-evaluation descriptive audit; fixed-model simultaneous pairwise bound, not universal optimality"
ridge,True,disjoint,ridge::D_M_K,D_M_K,16,0.7285044983312807,ridge::H_B_C_K,0.6557311664656954,0.07277333186558532,0.1162645923692224,"post-evaluation descriptive audit; fixed-model simultaneous pairwise bound, not universal optimality"
ridge,True,disjoint,ridge::B_M_K,B_M_K,13,0.6708757836742091,ridge::H_B_C_K,0.6557311664656954,0.015144617208513678,0.05863587771215076,"post-evaluation descriptive audit; fixed-model simultaneous pairwise bound, not universal optimality"
ridge,True,disjoint,ridge::D_B_M_K,D_B_M_K,17,0.7221071376364849,ridge::H_B_C_K,0.6557311664656954,0.06637597117078953,0.10986723167442661,"post-evaluation descriptive audit; fixed-model simultaneous pairwise bound, not universal optimality"
ridge,True,disjoint,ridge::P_K,P_K,22,0.6774283726177129,ridge::H_B_C_K,0.6557311664656954,0.021697206152017534,0.06518846665565461,"post-evaluation descriptive audit; fixed-model simultaneous pairwise bound, not universal optimality"
ridge,True,disjoint,ridge::D_P_K,D_P_K,26,0.7335408102528712,ridge::H_B_C_K,0.6557311664656954,0.07780964378717581,0.12130090429081289,"post-evaluation descriptive audit; fixed-model simultaneous pairwise bound, not universal optimality"
ridge,True,disjoint,ridge::B_P_K,B_P_K,23,0.6735482251563827,ridge::H_B_C_K,0.6557311664656954,0.017817058690687282,0.06130831919432436,"post-evaluation descriptive audit; fixed-model simultaneous pairwise bound, not universal optimality"
ridge,True,disjoint,ridge::D_B_P_K,D_B_P_K,27,0.7265903634357397,ridge::H_B_C_K,0.6557311664656954,0.07085919697004428,0.11435045747368136,"post-evaluation descriptive audit; fixed-model simultaneous pairwise bound, not universal optimality"
ridge,True,disjoint,ridge::M_P_K,M_P_K,23,0.6781622055301505,ridge::H_B_C_K,0.6557311664656954,0.022431039064455094,0.06592229956809217,"post-evaluation descriptive audit; fixed-model simultaneous pairwise bound, not universal optimality"
ridge,True,disjoint,ridge::D_M_P_K,D_M_P_K,27,0.7348808289929329,ridge::H_B_C_K,0.6557311664656954,0.07914966252723754,0.12264092303087462,"post-evaluation descriptive audit; fixed-model simultaneous pairwise bound, not universal optimality"
ridge,True,disjoint,ridge::B_M_P_K,B_M_P_K,24,0.6763880962431157,ridge::H_B_C_K,0.6557311664656954,0.020656929777420285,0.06414819028105737,"post-evaluation descriptive audit; fixed-model simultaneous pairwise bound, not universal optimality"
ridge,True,disjoint,ridge::D_B_M_P_K,D_B_M_P_K,28,0.7296853359751051,ridge::H_B_C_K,0.6557311664656954,0.0739541695094097,0.11744543001304678,"post-evaluation descriptive audit; fixed-model simultaneous pairwise bound, not universal optimality"
ridge,True,disjoint,ridge::C_K,C_K,12,0.6712878841633049,ridge::H_B_C_K,0.6557311664656954,0.015556717697609468,0.05904797820124655,"post-evaluation descriptive audit; fixed-model simultaneous pairwise bound, not universal optimality"
ridge,True,disjoint,ridge::D_C_K,D_C_K,16,0.723782871878368,ridge::H_B_C_K,0.6557311664656954,0.06805170541267258,0.11154296591630966,"post-evaluation descriptive audit; fixed-model simultaneous pairwise bound, not universal optimality"
ridge,True,disjoint,ridge::B_C_K,B_C_K,13,0.6657892073729665,ridge::H_B_C_K,0.6557311664656954,0.010058040907271137,0.05354930141090822,"post-evaluation descriptive audit; fixed-model simultaneous pairwise bound, not universal optimality"
ridge,True,disjoint,ridge::D_B_C_K,D_B_C_K,17,0.7152353912300684,ridge::H_B_C_K,0.6557311664656954,0.059504224764373004,0.10299548526801008,"post-evaluation descriptive audit; fixed-model simultaneous pairwise bound, not universal optimality"
ridge,True,disjoint,ridge::M_C_K,M_C_K,13,0.6729683485024972,ridge::H_B_C_K,0.6557311664656954,0.0172371820368018,0.06072844254043888,"post-evaluation descriptive audit; fixed-model simultaneous pairwise bound, not universal optimality"
ridge,True,disjoint,ridge::D_M_C_K,D_M_C_K,17,0.7279305245527504,ridge::H_B_C_K,0.6557311664656954,0.07219935808705502,0.1156906185906921,"post-evaluation descriptive audit; fixed-model simultaneous pairwise bound, not universal optimality"
ridge,True,disjoint,ridge::B_M_C_K,B_M_C_K,14,0.6696925173118139,ridge::H_B_C_K,0.6557311664656954,0.013961350846118492,0.05745261134975557,"post-evaluation descriptive audit; fixed-model simultaneous pairwise bound, not universal optimality"
ridge,True,disjoint,ridge::D_B_M_C_K,D_B_M_C_K,18,0.7212681319862096,ridge::H_B_C_K,0.6557311664656954,0.06553696552051425,0.10902822602415133,"post-evaluation descriptive audit; fixed-model simultaneous pairwise bound, not universal optimality"
ridge,True,disjoint,ridge::P_C_K,P_C_K,23,0.6757921368960115,ridge::H_B_C_K,0.6557311664656954,0.020060970430316072,0.06355223093395315,"post-evaluation descriptive audit; fixed-model simultaneous pairwise bound, not universal optimality"
ridge,True,disjoint,ridge::D_P_C_K,D_P_C_K,27,0.7320216938203087,ridge::H_B_C_K,0.6557311664656954,0.07629052735461328,0.11978178785825036,"post-evaluation descriptive audit; fixed-model simultaneous pairwise bound, not universal optimality"
ridge,True,disjoint,ridge::B_P_C_K,B_P_C_K,24,0.6718433913178974,ridge::H_B_C_K,0.6557311664656954,0.016112224852201984,0.059603485355839064,"post-evaluation descriptive audit; fixed-model simultaneous pairwise bound, not universal optimality"
ridge,True,disjoint,ridge::D_B_P_C_K,D_B_P_C_K,28,0.7249670655257152,ridge::H_B_C_K,0.6557311664656954,0.06923589906001981,0.11272715956365689,"post-evaluation descriptive audit; fixed-model simultaneous pairwise bound, not universal optimality"
ridge,True,disjoint,ridge::M_P_C_K,M_P_C_K,24,0.6768352390719161,ridge::H_B_C_K,0.6557311664656954,0.021104072606220714,0.0645953331098578,"post-evaluation descriptive audit; fixed-model simultaneous pairwise bound, not universal optimality"
ridge,True,disjoint,ridge::D_M_P_C_K,D_M_P_C_K,28,0.7337868818517564,ridge::H_B_C_K,0.6557311664656954,0.07805571538606104,0.12154697588969812,"post-evaluation descriptive audit; fixed-model simultaneous pairwise bound, not universal optimality"
ridge,True,disjoint,ridge::B_M_P_C_K,B_M_P_C_K,25,0.6749475165082723,ridge::H_B_C_K,0.6557311664656954,0.019216350042576935,0.06270761054621402,"post-evaluation descriptive audit; fixed-model simultaneous pairwise bound, not universal optimality"
ridge,True,disjoint,ridge::D_B_M_P_C_K,D_B_M_P_C_K,29,0.7286924095340814,ridge::H_B_C_K,0.6557311664656954,0.07296124306838603,0.11645250357202311,"post-evaluation descriptive audit; fixed-model simultaneous pairwise bound, not universal optimality"
ridge,True,disjoint,ridge::A_K,A_K,12,0.6899937589807392,ridge::H_B_C_K,0.6557311664656954,0.03426259251504382,0.0777538530186809,"post-evaluation descriptive audit; fixed-model simultaneous pairwise bound, not universal optimality"
ridge,True,disjoint,ridge::D_A_K,D_A_K,16,0.7507484226309693,ridge::H_B_C_K,0.6557311664656954,0.0950172561652739,0.13850851666891098,"post-evaluation descriptive audit; fixed-model simultaneous pairwise bound, not universal optimality"
ridge,True,disjoint,ridge::B_A_K,B_A_K,13,0.6844879629634265,ridge::H_B_C_K,0.6557311664656954,0.028756796497731107,0.07224805700136819,"post-evaluation descriptive audit; fixed-model simultaneous pairwise bound, not universal optimality"
ridge,True,disjoint,ridge::D_B_A_K,D_B_A_K,17,0.7407319064019351,ridge::H_B_C_K,0.6557311664656954,0.08500073993623969,0.12849200043987677,"post-evaluation descriptive audit; fixed-model simultaneous pairwise bound, not universal optimality"
ridge,True,disjoint,ridge::M_A_K,M_A_K,13,0.6908770335128249,ridge::H_B_C_K,0.6557311664656954,0.03514586704712952,0.0786371275507666,"post-evaluation descriptive audit; fixed-model simultaneous pairwise bound, not universal optimality"
ridge,True,disjoint,ridge::D_M_A_K,D_M_A_K,17,0.7536388761511144,ridge::H_B_C_K,0.6557311664656954,0.09790770968541895,0.14139897018905603,"post-evaluation descriptive audit; fixed-model simultaneous pairwise bound, not universal optimality"
ridge,True,disjoint,ridge::B_M_A_K,B_M_A_K,14,0.6876743498851912,ridge::H_B_C_K,0.6557311664656954,0.03194318341949576,0.07543444392313284,"post-evaluation descriptive audit; fixed-model simultaneous pairwise bound, not universal optimality"
ridge,True,disjoint,ridge::D_B_M_A_K,D_B_M_A_K,18,0.746090725417863,ridge::H_B_C_K,0.6557311664656954,0.09035955895216763,0.1338508194558047,"post-evaluation descriptive audit; fixed-model simultaneous pairwise bound, not universal optimality"
ridge,True,disjoint,ridge::P_A_K,P_A_K,23,0.6932093311130976,ridge::H_B_C_K,0.6557311664656954,0.03747816464740217,0.08096942515103925,"post-evaluation descriptive audit; fixed-model simultaneous pairwise bound, not universal optimality"
ridge,True,disjoint,ridge::D_P_A_K,D_P_A_K,27,0.756812711555195,ridge::H_B_C_K,0.6557311664656954,0.10108154508949962,0.1445728055931367,"post-evaluation descriptive audit; fixed-model simultaneous pairwise bound, not universal optimality"
ridge,True,disjoint,ridge::B_P_A_K,B_P_A_K,24,0.688809436767485,ridge::H_B_C_K,0.6557311664656954,0.03307827030178956,0.07656953080542664,"post-evaluation descriptive audit; fixed-model simultaneous pairwise bound, not universal optimality"
ridge,True,disjoint,ridge::D_B_P_A_K,D_B_P_A_K,28,0.7480461393688025,ridge::H_B_C_K,0.6557311664656954,0.09231497290310708,0.13580623340674416,"post-evaluation descriptive audit; fixed-model simultaneous pairwise bound, not universal optimality"
ridge,True,disjoint,ridge::M_P_A_K,M_P_A_K,24,0.6935854636561409,ridge::H_B_C_K,0.6557311664656954,0.03785429719044553,0.08134555769408261,"post-evaluation descriptive audit; fixed-model simultaneous pairwise bound, not universal optimality"
ridge,True,disjoint,ridge::D_M_P_A_K,D_M_P_A_K,28,0.757786159371324,ridge::H_B_C_K,0.6557311664656954,0.10205499290562858,0.14554625340926566,"post-evaluation descriptive audit; fixed-model simultaneous pairwise bound, not universal optimality"
ridge,True,disjoint,ridge::B_M_P_A_K,B_M_P_A_K,25,0.6913527981909989,ridge::H_B_C_K,0.6557311664656954,0.035621631725303526,0.0791128922289406,"post-evaluation descriptive audit; fixed-model simultaneous pairwise bound, not universal optimality"
ridge,True,disjoint,ridge::D_B_M_P_A_K,D_B_M_P_A_K,29,0.7511620866978799,ridge::H_B_C_K,0.6557311664656954,0.09543092023218447,0.13892218073582155,"post-evaluation descriptive audit; fixed-model simultaneous pairwise bound, not universal optimality"
ridge,True,disjoint,ridge::C_A_K,C_A_K,13,0.6888241709143074,ridge::H_B_C_K,0.6557311664656954,0.03309300444861196,0.07658426495224904,"post-evaluation descriptive audit; fixed-model simultaneous pairwise bound, not universal optimality"
ridge,True,disjoint,ridge::D_C_A_K,D_C_A_K,17,0.7497738977517039,ridge::H_B_C_K,0.6557311664656954,0.09404273128600849,0.13753399178964557,"post-evaluation descriptive audit; fixed-model simultaneous pairwise bound, not universal optimality"
ridge,True,disjoint,ridge::B_C_A_K,B_C_A_K,14,0.6832324598300256,ridge::H_B_C_K,0.6557311664656954,0.02750129336433016,0.07099255386796724,"post-evaluation descriptive audit; fixed-model simultaneous pairwise bound, not universal optimality"
ridge,True,disjoint,ridge::D_B_C_A_K,D_B_C_A_K,18,0.7403321174886645,ridge::H_B_C_K,0.6557311664656954,0.08460095102296905,0.12809221152660613,"post-evaluation descriptive audit; fixed-model simultaneous pairwise bound, not universal optimality"
ridge,True,disjoint,ridge::M_C_A_K,M_C_A_K,14,0.690102227677923,ridge::H_B_C_K,0.6557311664656954,0.03437106121222755,0.07786232171586463,"post-evaluation descriptive audit; fixed-model simultaneous pairwise bound, not universal optimality"
ridge,True,disjoint,ridge::D_M_C_A_K,D_M_C_A_K,18,0.753832440472006,ridge::H_B_C_K,0.6557311664656954,0.09810127400631063,0.14159253450994772,"post-evaluation descriptive audit; fixed-model simultaneous pairwise bound, not universal optimality"
ridge,True,disjoint,ridge::B_M_C_A_K,B_M_C_A_K,15,0.6868113590147756,ridge::H_B_C_K,0.6557311664656954,0.031080192549080232,0.07457145305271731,"post-evaluation descriptive audit; fixed-model simultaneous pairwise bound, not universal optimality"
ridge,True,disjoint,ridge::D_B_M_C_A_K,D_B_M_C_A_K,19,0.7460856179087823,ridge::H_B_C_K,0.6557311664656954,0.09035445144308685,0.13384571194672393,"post-evaluation descriptive audit; fixed-model simultaneous pairwise bound, not universal optimality"
ridge,True,disjoint,ridge::P_C_A_K,P_C_A_K,24,0.6919005048947194,ridge::H_B_C_K,0.6557311664656954,0.036169338429024034,0.07966059893266111,"post-evaluation descriptive audit; fixed-model simultaneous pairwise bound, not universal optimality"
ridge,True,disjoint,ridge::D_P_C_A_K,D_P_C_A_K,28,0.7558646370559106,ridge::H_B_C_K,0.6557311664656954,0.10013347059021516,0.14362473109385224,"post-evaluation descriptive audit; fixed-model simultaneous pairwise bound, not universal optimality"
ridge,True,disjoint,ridge::B_P_C_A_K,B_P_C_A_K,25,0.6873816199201878,ridge::H_B_C_K,0.6557311664656954,0.031650453454492355,0.07514171395812944,"post-evaluation descriptive audit; fixed-model simultaneous pairwise bound, not universal optimality"
ridge,True,disjoint,ridge::D_B_P_C_A_K,D_B_P_C_A_K,29,0.7473835015659243,ridge::H_B_C_K,0.6557311664656954,0.09165233510022885,0.13514359560386593,"post-evaluation descriptive audit; fixed-model simultaneous pairwise bound, not universal optimality"
ridge,True,disjoint,ridge::M_P_C_A_K,M_P_C_A_K,25,0.6926448147363052,ridge::H_B_C_K,0.6557311664656954,0.03691364827060983,0.08040490877424691,"post-evaluation descriptive audit; fixed-model simultaneous pairwise bound, not universal optimality"
ridge,True,disjoint,ridge::D_M_P_C_A_K,D_M_P_C_A_K,29,0.757526301465438,ridge::H_B_C_K,0.6557311664656954,0.10179513499974258,0.14528639550337966,"post-evaluation descriptive audit; fixed-model simultaneous pairwise bound, not universal optimality"
ridge,True,disjoint,ridge::B_M_P_C_A_K,B_M_P_C_A_K,26,0.6903081562263848,ridge::H_B_C_K,0.6557311664656954,0.03457698976068935,0.07806825026432643,"post-evaluation descriptive audit; fixed-model simultaneous pairwise bound, not universal optimality"
ridge,True,disjoint,ridge::D_B_M_P_C_A_K,D_B_M_P_C_A_K,30,0.7509592407973831,ridge::H_B_C_K,0.6557311664656954,0.09522807433168767,0.13871933483532475,"post-evaluation descriptive audit; fixed-model simultaneous pairwise bound, not universal optimality"
ridge,True,disjoint,P0,P0,0,0.6792964560352511,ridge::H_B_C_K,0.6557311664656954,0.023565289569555725,0.0670565500731928,"post-evaluation descriptive audit; fixed-model simultaneous pairwise bound, not universal optimality"
hgb,False,whole,hgb::NONE,NONE,0,0.6856435498450262,hgb::M_C_K,0.6579272719599064,0.027716277885119767,0.06004845251217282,"post-evaluation descriptive audit; fixed-model simultaneous pairwise bound, not universal optimality"
hgb,False,whole,hgb::D,D,4,0.7155203709602153,hgb::M_C_K,0.6579272719599064,0.057593099000308845,0.0899252736273619,"post-evaluation descriptive audit; fixed-model simultaneous pairwise bound, not universal optimality"
hgb,False,whole,hgb::B,B,1,0.6818963925562056,hgb::M_C_K,0.6579272719599064,0.023969120596299187,0.05630129522335224,"post-evaluation descriptive audit; fixed-model simultaneous pairwise bound, not universal optimality"
hgb,False,whole,hgb::D_B,D_B,5,0.7135859744769579,hgb::M_C_K,0.6579272719599064,0.05565870251705152,0.08799087714410457,"post-evaluation descriptive audit; fixed-model simultaneous pairwise bound, not universal optimality"
hgb,False,whole,hgb::M,M,1,0.6787618311547771,hgb::M_C_K,0.6579272719599064,0.02083455919487065,0.0531667338219237,"post-evaluation descriptive audit; fixed-model simultaneous pairwise bound, not universal optimality"
hgb,False,whole,hgb::D_M,D_M,5,0.7101067684041252,hgb::M_C_K,0.6579272719599064,0.05217949644421882,0.08451167107127187,"post-evaluation descriptive audit; fixed-model simultaneous pairwise bound, not universal optimality"
hgb,False,whole,hgb::B_M,B_M,2,0.6801649463576979,hgb::M_C_K,0.6579272719599064,0.02223767439779145,0.054569849024844505,"post-evaluation descriptive audit; fixed-model simultaneous pairwise bound, not universal optimality"
hgb,False,whole,hgb::D_B_M,D_B_M,6,0.7132674449486063,hgb::M_C_K,0.6579272719599064,0.055340172988699865,0.08767234761575292,"post-evaluation descriptive audit; fixed-model simultaneous pairwise bound, not universal optimality"
hgb,False,whole,hgb::P,P,11,0.6965206252488412,hgb::M_C_K,0.6579272719599064,0.03859335328893476,0.07092552791598782,"post-evaluation descriptive audit; fixed-model simultaneous pairwise bound, not universal optimality"
hgb,False,whole,hgb::D_P,D_P,15,0.7222473048973518,hgb::M_C_K,0.6579272719599064,0.06432003293744537,0.09665220756449842,"post-evaluation descriptive audit; fixed-model simultaneous pairwise bound, not universal optimality"
hgb,False,whole,hgb::B_P,B_P,12,0.6933746646130042,hgb::M_C_K,0.6579272719599064,0.03544739265309782,0.06777956728015087,"post-evaluation descriptive audit; fixed-model simultaneous pairwise bound, not universal optimality"
hgb,False,whole,hgb::D_B_P,D_B_P,16,0.7193005922671377,hgb::M_C_K,0.6579272719599064,0.061373320307231305,0.09370549493428436,"post-evaluation descriptive audit; fixed-model simultaneous pairwise bound, not universal optimality"
hgb,False,whole,hgb::M_P,M_P,12,0.6871473031036043,hgb::M_C_K,0.6579272719599064,0.029220031143697867,0.06155220577075092,"post-evaluation descriptive audit; fixed-model simultaneous pairwise bound, not universal optimality"
hgb,False,whole,hgb::D_M_P,D_M_P,16,0.7170352807528273,hgb::M_C_K,0.6579272719599064,0.059108008792920885,0.09144018341997394,"post-evaluation descriptive audit; fixed-model simultaneous pairwise bound, not universal optimality"
hgb,False,whole,hgb::B_M_P,B_M_P,13,0.6964925971873651,hgb::M_C_K,0.6579272719599064,0.0385653252274587,0.07089749985451176,"post-evaluation descriptive audit; fixed-model simultaneous pairwise bound, not universal optimality"
hgb,False,whole,hgb::D_B_M_P,D_B_M_P,17,0.7170012732397901,hgb::M_C_K,0.6579272719599064,0.059074001279883714,0.09140617590693677,"post-evaluation descriptive audit; fixed-model simultaneous pairwise bound, not universal optimality"
hgb,False,whole,hgb::C,C,1,0.6848823958558121,hgb::M_C_K,0.6579272719599064,0.026955123895905708,0.05928729852295876,"post-evaluation descriptive audit; fixed-model simultaneous pairwise bound, not universal optimality"
hgb,False,whole,hgb::D_C,D_C,5,0.7090241645023584,hgb::M_C_K,0.6579272719599064,0.05109689254245198,0.08342906716950503,"post-evaluation descriptive audit; fixed-model simultaneous pairwise bound, not universal optimality"
hgb,False,whole,hgb::B_C,B_C,2,0.6801576799673392,hgb::M_C_K,0.6579272719599064,0.02223040800743281,0.054562582634485865,"post-evaluation descriptive audit; fixed-model simultaneous pairwise bound, not universal optimality"
hgb,False,whole,hgb::D_B_C,D_B_C,6,0.709763419754358,hgb::M_C_K,0.6579272719599064,0.05183614779445156,0.08416832242150461,"post-evaluation descriptive audit; fixed-model simultaneous pairwise bound, not universal optimality"
hgb,False,whole,hgb::M_C,M_C,2,0.6800606997798405,hgb::M_C_K,0.6579272719599064,0.022133427819934104,0.05446560244698716,"post-evaluation descriptive audit; fixed-model simultaneous pairwise bound, not universal optimality"
hgb,False,whole,hgb::D_M_C,D_M_C,6,0.7059287723044296,hgb::M_C_K,0.6579272719599064,0.04800150034452322,0.08033367497157627,"post-evaluation descriptive audit; fixed-model simultaneous pairwise bound, not universal optimality"
hgb,False,whole,hgb::B_M_C,B_M_C,3,0.6792508099823518,hgb::M_C_K,0.6579272719599064,0.021323538022445354,0.05365571264949841,"post-evaluation descriptive audit; fixed-model simultaneous pairwise bound, not universal optimality"
hgb,False,whole,hgb::D_B_M_C,D_B_M_C,7,0.7095530395277289,hgb::M_C_K,0.6579272719599064,0.051625767567822445,0.0839579421948755,"post-evaluation descriptive audit; fixed-model simultaneous pairwise bound, not universal optimality"
hgb,False,whole,hgb::P_C,P_C,12,0.6939126034893279,hgb::M_C_K,0.6579272719599064,0.035985331529421516,0.06831750615647457,"post-evaluation descriptive audit; fixed-model simultaneous pairwise bound, not universal optimality"
hgb,False,whole,hgb::D_P_C,D_P_C,16,0.7194386989251487,hgb::M_C_K,0.6579272719599064,0.061511426965242255,0.09384360159229531,"post-evaluation descriptive audit; fixed-model simultaneous pairwise bound, not universal optimality"
hgb,False,whole,hgb::B_P_C,B_P_C,13,0.6926961941147267,hgb::M_C_K,0.6579272719599064,0.0347689221548203,0.06710109678187336,"post-evaluation descriptive audit; fixed-model simultaneous pairwise bound, not universal optimality"
hgb,False,whole,hgb::D_B_P_C,D_B_P_C,17,0.7156933604389678,hgb::M_C_K,0.6579272719599064,0.057766088479061395,0.09009826310611445,"post-evaluation descriptive audit; fixed-model simultaneous pairwise bound, not universal optimality"
hgb,False,whole,hgb::M_P_C,M_P_C,13,0.6853081326041705,hgb::M_C_K,0.6579272719599064,0.027380860644264038,0.05971303527131709,"post-evaluation descriptive audit; fixed-model simultaneous pairwise bound, not universal optimality"
hgb,False,whole,hgb::D_M_P_C,D_M_P_C,17,0.7121901674909844,hgb::M_C_K,0.6579272719599064,0.05426289553107799,0.08659507015813105,"post-evaluation descriptive audit; fixed-model simultaneous pairwise bound, not universal optimality"
hgb,False,whole,hgb::B_M_P_C,B_M_P_C,14,0.6950169824599673,hgb::M_C_K,0.6579272719599064,0.037089710500060935,0.06942188512711399,"post-evaluation descriptive audit; fixed-model simultaneous pairwise bound, not universal optimality"
hgb,False,whole,hgb::D_B_M_P_C,D_B_M_P_C,18,0.7135359247462041,hgb::M_C_K,0.6579272719599064,0.055608652786297674,0.08794082741335073,"post-evaluation descriptive audit; fixed-model simultaneous pairwise bound, not universal optimality"
hgb,False,whole,hgb::A,A,1,0.6972900894458588,hgb::M_C_K,0.6579272719599064,0.039362817485952384,0.07169499211300544,"post-evaluation descriptive audit; fixed-model simultaneous pairwise bound, not universal optimality"
hgb,False,whole,hgb::D_A,D_A,5,0.7322512464588542,hgb::M_C_K,0.6579272719599064,0.07432397449894779,0.10665614912600084,"post-evaluation descriptive audit; fixed-model simultaneous pairwise bound, not universal optimality"
hgb,False,whole,hgb::B_A,B_A,2,0.6874268219693005,hgb::M_C_K,0.6579272719599064,0.029499550009394082,0.061831724636447136,"post-evaluation descriptive audit; fixed-model simultaneous pairwise bound, not universal optimality"
hgb,False,whole,hgb::D_B_A,D_B_A,6,0.723922523920515,hgb::M_C_K,0.6579272719599064,0.06599525196060863,0.09832742658766168,"post-evaluation descriptive audit; fixed-model simultaneous pairwise bound, not universal optimality"
hgb,False,whole,hgb::M_A,M_A,2,0.7215173654456307,hgb::M_C_K,0.6579272719599064,0.06359009348572431,0.09592226811277736,"post-evaluation descriptive audit; fixed-model simultaneous pairwise bound, not universal optimality"
hgb,False,whole,hgb::D_M_A,D_M_A,6,0.7471951330539944,hgb::M_C_K,0.6579272719599064,0.08926786109408802,0.12160003572114107,"post-evaluation descriptive audit; fixed-model simultaneous pairwise bound, not universal optimality"
hgb,False,whole,hgb::B_M_A,B_M_A,3,0.7027061394352571,hgb::M_C_K,0.6579272719599064,0.04477886747535065,0.0771110421024037,"post-evaluation descriptive audit; fixed-model simultaneous pairwise bound, not universal optimality"
hgb,False,whole,hgb::D_B_M_A,D_B_M_A,7,0.7400549209592816,hgb::M_C_K,0.6579272719599064,0.08212764899937519,0.11445982362642824,"post-evaluation descriptive audit; fixed-model simultaneous pairwise bound, not universal optimality"
hgb,False,whole,hgb::P_A,P_A,12,0.6994750711261898,hgb::M_C_K,0.6579272719599064,0.04154779916628337,0.07387997379333643,"post-evaluation descriptive audit; fixed-model simultaneous pairwise bound, not universal optimality"
hgb,False,whole,hgb::D_P_A,D_P_A,16,0.7322181534927249,hgb::M_C_K,0.6579272719599064,0.07429088153281849,0.10662305615987154,"post-evaluation descriptive audit; fixed-model simultaneous pairwise bound, not universal optimality"
hgb,False,whole,hgb::B_P_A,B_P_A,13,0.6907115071388333,hgb::M_C_K,0.6579272719599064,0.032784235178926924,0.06511640980597998,"post-evaluation descriptive audit; fixed-model simultaneous pairwise bound, not universal optimality"
hgb,False,whole,hgb::D_B_P_A,D_B_P_A,17,0.724244511334822,hgb::M_C_K,0.6579272719599064,0.06631723937491563,0.09864941400196868,"post-evaluation descriptive audit; fixed-model simultaneous pairwise bound, not universal optimality"
hgb,False,whole,hgb::M_P_A,M_P_A,13,0.7008301736526003,hgb::M_C_K,0.6579272719599064,0.04290290169269384,0.0752350763197469,"post-evaluation descriptive audit; fixed-model simultaneous pairwise bound, not universal optimality"
hgb,False,whole,hgb::D_M_P_A,D_M_P_A,17,0.7357820447890608,hgb::M_C_K,0.6579272719599064,0.07785477282915443,0.11018694745620748,"post-evaluation descriptive audit; fixed-model simultaneous pairwise bound, not universal optimality"
hgb,False,whole,hgb::B_M_P_A,B_M_P_A,14,0.7013443706643745,hgb::M_C_K,0.6579272719599064,0.04341709870446808,0.07574927333152114,"post-evaluation descriptive audit; fixed-model simultaneous pairwise bound, not universal optimality"
hgb,False,whole,hgb::D_B_M_P_A,D_B_M_P_A,18,0.7298294306891028,hgb::M_C_K,0.6579272719599064,0.07190215872919636,0.10423433335624942,"post-evaluation descriptive audit; fixed-model simultaneous pairwise bound, not universal optimality"
hgb,False,whole,hgb::C_A,C_A,2,0.6924475864199584,hgb::M_C_K,0.6579272719599064,0.03452031446005199,0.06685248908710505,"post-evaluation descriptive audit; fixed-model simultaneous pairwise bound, not universal optimality"
hgb,False,whole,hgb::D_C_A,D_C_A,6,0.7232261416656027,hgb::M_C_K,0.6579272719599064,0.06529886970569632,0.09763104433274937,"post-evaluation descriptive audit; fixed-model simultaneous pairwise bound, not universal optimality"
hgb,False,whole,hgb::B_C_A,B_C_A,3,0.6831867882240331,hgb::M_C_K,0.6579272719599064,0.025259516264126702,0.057591690891179756,"post-evaluation descriptive audit; fixed-model simultaneous pairwise bound, not universal optimality"
hgb,False,whole,hgb::D_B_C_A,D_B_C_A,7,0.7180807551787108,hgb::M_C_K,0.6579272719599064,0.06015348321880443,0.09248565784585748,"post-evaluation descriptive audit; fixed-model simultaneous pairwise bound, not universal optimality"
hgb,False,whole,hgb::M_C_A,M_C_A,3,0.703062149779931,hgb::M_C_K,0.6579272719599064,0.045134877820024566,0.07746705244707762,"post-evaluation descriptive audit; fixed-model simultaneous pairwise bound, not universal optimality"
hgb,False,whole,hgb::D_M_C_A,D_M_C_A,7,0.7422967027812436,hgb::M_C_K,0.6579272719599064,0.08436943082133719,0.11670160544839024,"post-evaluation descriptive audit; fixed-model simultaneous pairwise bound, not universal optimality"
hgb,False,whole,hgb::B_M_C_A,B_M_C_A,4,0.6915956981099542,hgb::M_C_K,0.6579272719599064,0.03366842615004784,0.06600060077710089,"post-evaluation descriptive audit; fixed-model simultaneous pairwise bound, not universal optimality"
hgb,False,whole,hgb::D_B_M_C_A,D_B_M_C_A,8,0.7389412284305837,hgb::M_C_K,0.6579272719599064,0.08101395647067733,0.11334613109773038,"post-evaluation descriptive audit; fixed-model simultaneous pairwise bound, not universal optimality"
hgb,False,whole,hgb::P_C_A,P_C_A,13,0.6966667721632617,hgb::M_C_K,0.6579272719599064,0.03873950020335526,0.07107167483040831,"post-evaluation descriptive audit; fixed-model simultaneous pairwise bound, not universal optimality"
hgb,False,whole,hgb::D_P_C_A,D_P_C_A,17,0.72898070996344,hgb::M_C_K,0.6579272719599064,0.07105343800353359,0.10338561263058664,"post-evaluation descriptive audit; fixed-model simultaneous pairwise bound, not universal optimality"
hgb,False,whole,hgb::B_P_C_A,B_P_C_A,14,0.6903368492735602,hgb::M_C_K,0.6579272719599064,0.03240957731365379,0.06474175194070685,"post-evaluation descriptive audit; fixed-model simultaneous pairwise bound, not universal optimality"
hgb,False,whole,hgb::D_B_P_C_A,D_B_P_C_A,18,0.7208517464684255,hgb::M_C_K,0.6579272719599064,0.06292447450851912,0.09525664913557218,"post-evaluation descriptive audit; fixed-model simultaneous pairwise bound, not universal optimality"
hgb,False,whole,hgb::M_P_C_A,M_P_C_A,14,0.6955600524249649,hgb::M_C_K,0.6579272719599064,0.03763278046505847,0.06996495509211152,"post-evaluation descriptive audit; fixed-model simultaneous pairwise bound, not universal optimality"
hgb,False,whole,hgb::D_M_P_C_A,D_M_P_C_A,18,0.7379074877029028,hgb::M_C_K,0.6579272719599064,0.07998021574299641,0.11231239037004946,"post-evaluation descriptive audit; fixed-model simultaneous pairwise bound, not universal optimality"
hgb,False,whole,hgb::B_M_P_C_A,B_M_P_C_A,15,0.6984142739079404,hgb::M_C_K,0.6579272719599064,0.04048700194803401,0.07281917657508706,"post-evaluation descriptive audit; fixed-model simultaneous pairwise bound, not universal optimality"
hgb,False,whole,hgb::D_B_M_P_C_A,D_B_M_P_C_A,19,0.7295146682684671,hgb::M_C_K,0.6579272719599064,0.0715873963085607,0.10391957093561376,"post-evaluation descriptive audit; fixed-model simultaneous pairwise bound, not universal optimality"
hgb,False,whole,hgb::K,K,11,0.6600205097239774,hgb::M_C_K,0.6579272719599064,0.0020932377640709987,0.03442541239112405,"post-evaluation descriptive audit; fixed-model simultaneous pairwise bound, not universal optimality"
hgb,False,whole,hgb::D_K,D_K,15,0.6925025559332562,hgb::M_C_K,0.6579272719599064,0.034575283973349746,0.0669074586004028,"post-evaluation descriptive audit; fixed-model simultaneous pairwise bound, not universal optimality"
hgb,False,whole,hgb::B_K,B_K,12,0.6606060783956192,hgb::M_C_K,0.6579272719599064,0.0026788064357128327,0.035010981062765886,"post-evaluation descriptive audit; fixed-model simultaneous pairwise bound, not universal optimality"
hgb,False,whole,hgb::D_B_K,D_B_K,16,0.6903525180735154,hgb::M_C_K,0.6579272719599064,0.032425246113608974,0.06475742074066203,"post-evaluation descriptive audit; fixed-model simultaneous pairwise bound, not universal optimality"
hgb,False,whole,hgb::M_K,M_K,12,0.6580373906033989,hgb::M_C_K,0.6579272719599064,0.00011011864349252942,0.03244229327054558,"post-evaluation descriptive audit; fixed-model simultaneous pairwise bound, not universal optimality"
hgb,False,whole,hgb::D_M_K,D_M_K,16,0.6910596595084209,hgb::M_C_K,0.6579272719599064,0.03313238754851444,0.0654645621755675,"post-evaluation descriptive audit; fixed-model simultaneous pairwise bound, not universal optimality"
hgb,False,whole,hgb::B_M_K,B_M_K,13,0.661679432188254,hgb::M_C_K,0.6579272719599064,0.0037521602283475675,0.03608433485540062,"post-evaluation descriptive audit; fixed-model simultaneous pairwise bound, not universal optimality"
hgb,False,whole,hgb::D_B_M_K,D_B_M_K,17,0.690449925777311,hgb::M_C_K,0.6579272719599064,0.0325226538174046,0.06485482844445765,"post-evaluation descriptive audit; fixed-model simultaneous pairwise bound, not universal optimality"
hgb,False,whole,hgb::P_K,P_K,22,0.6806355819092703,hgb::M_C_K,0.6579272719599064,0.022708309949363903,0.055040484576416956,"post-evaluation descriptive audit; fixed-model simultaneous pairwise bound, not universal optimality"
hgb,False,whole,hgb::D_P_K,D_P_K,26,0.7084124802770685,hgb::M_C_K,0.6579272719599064,0.05048520831716208,0.08281738294421513,"post-evaluation descriptive audit; fixed-model simultaneous pairwise bound, not universal optimality"
hgb,False,whole,hgb::B_P_K,B_P_K,23,0.6762093289476452,hgb::M_C_K,0.6579272719599064,0.01828205698773877,0.050614231614791824,"post-evaluation descriptive audit; fixed-model simultaneous pairwise bound, not universal optimality"
hgb,False,whole,hgb::D_B_P_K,D_B_P_K,27,0.7044327012900659,hgb::M_C_K,0.6579272719599064,0.04650542933015944,0.0788376039572125,"post-evaluation descriptive audit; fixed-model simultaneous pairwise bound, not universal optimality"
hgb,False,whole,hgb::M_P_K,M_P_K,23,0.6757295629394475,hgb::M_C_K,0.6579272719599064,0.017802290979541113,0.05013446560659417,"post-evaluation descriptive audit; fixed-model simultaneous pairwise bound, not universal optimality"
hgb,False,whole,hgb::D_M_P_K,D_M_P_K,27,0.7059035605941587,hgb::M_C_K,0.6579272719599064,0.047976288634252295,0.08030846326130535,"post-evaluation descriptive audit; fixed-model simultaneous pairwise bound, not universal optimality"
hgb,False,whole,hgb::B_M_P_K,B_M_P_K,24,0.6733422554250253,hgb::M_C_K,0.6579272719599064,0.015414983465118937,0.04774715809217199,"post-evaluation descriptive audit; fixed-model simultaneous pairwise bound, not universal optimality"
hgb,False,whole,hgb::D_B_M_P_K,D_B_M_P_K,28,0.7046419864187611,hgb::M_C_K,0.6579272719599064,0.04671471445885467,0.07904688908590772,"post-evaluation descriptive audit; fixed-model simultaneous pairwise bound, not universal optimality"
hgb,False,whole,hgb::C_K,C_K,12,0.6593130459702833,hgb::M_C_K,0.6579272719599064,0.0013857740103768723,0.033717948637429926,"post-evaluation descriptive audit; fixed-model simultaneous pairwise bound, not universal optimality"
hgb,False,whole,hgb::D_C_K,D_C_K,16,0.6890949401452652,hgb::M_C_K,0.6579272719599064,0.031167668185358766,0.06349984281241182,"post-evaluation descriptive audit; fixed-model simultaneous pairwise bound, not universal optimality"
hgb,False,whole,hgb::B_C_K,B_C_K,13,0.6598774709047587,hgb::M_C_K,0.6579272719599064,0.001950198944852266,0.03428237357190532,"post-evaluation descriptive audit; fixed-model simultaneous pairwise bound, not universal optimality"
hgb,False,whole,hgb::D_B_C_K,D_B_C_K,17,0.6868116503601385,hgb::M_C_K,0.6579272719599064,0.028884378400232058,0.06121655302728511,"post-evaluation descriptive audit; fixed-model simultaneous pairwise bound, not universal optimality"
hgb,False,whole,hgb::M_C_K,M_C_K,13,0.6579272719599064,hgb::M_C_K,0.6579272719599064,0.0,0.032332174627053054,"post-evaluation descriptive audit; fixed-model simultaneous pairwise bound, not universal optimality"
hgb,False,whole,hgb::D_M_C_K,D_M_C_K,17,0.6895788036292683,hgb::M_C_K,0.6579272719599064,0.031651531669361854,0.06398370629641491,"post-evaluation descriptive audit; fixed-model simultaneous pairwise bound, not universal optimality"
hgb,False,whole,hgb::B_M_C_K,B_M_C_K,14,0.6611351308330633,hgb::M_C_K,0.6579272719599064,0.003207858873156888,0.03554003350020994,"post-evaluation descriptive audit; fixed-model simultaneous pairwise bound, not universal optimality"
hgb,False,whole,hgb::D_B_M_C_K,D_B_M_C_K,18,0.6883192706848692,hgb::M_C_K,0.6579272719599064,0.030391998724962788,0.06272417335201584,"post-evaluation descriptive audit; fixed-model simultaneous pairwise bound, not universal optimality"
hgb,False,whole,hgb::P_C_K,P_C_K,23,0.6804518950523775,hgb::M_C_K,0.6579272719599064,0.022524623092471052,0.054856797719524106,"post-evaluation descriptive audit; fixed-model simultaneous pairwise bound, not universal optimality"
hgb,False,whole,hgb::D_P_C_K,D_P_C_K,27,0.7065914262970665,hgb::M_C_K,0.6579272719599064,0.04866415433716009,0.08099632896421315,"post-evaluation descriptive audit; fixed-model simultaneous pairwise bound, not universal optimality"
hgb,False,whole,hgb::B_P_C_K,B_P_C_K,24,0.6762093289476452,hgb::M_C_K,0.6579272719599064,0.01828205698773877,0.050614231614791824,"post-evaluation descriptive audit; fixed-model simultaneous pairwise bound, not universal optimality"
hgb,False,whole,hgb::D_B_P_C_K,D_B_P_C_K,28,0.7012559917841169,hgb::M_C_K,0.6579272719599064,0.04332871982421049,0.07566089445126355,"post-evaluation descriptive audit; fixed-model simultaneous pairwise bound, not universal optimality"
hgb,False,whole,hgb::M_P_C_K,M_P_C_K,24,0.6753096635303842,hgb::M_C_K,0.6579272719599064,0.01738239157047783,0.04971456619753088,"post-evaluation descriptive audit; fixed-model simultaneous pairwise bound, not universal optimality"
hgb,False,whole,hgb::D_M_P_C_K,D_M_P_C_K,28,0.7043221064556887,hgb::M_C_K,0.6579272719599064,0.0463948344957823,0.07872700912283535,"post-evaluation descriptive audit; fixed-model simultaneous pairwise bound, not universal optimality"
hgb,False,whole,hgb::B_M_P_C_K,B_M_P_C_K,25,0.6733422554250253,hgb::M_C_K,0.6579272719599064,0.015414983465118937,0.04774715809217199,"post-evaluation descriptive audit; fixed-model simultaneous pairwise bound, not universal optimality"
hgb,False,whole,hgb::D_B_M_P_C_K,D_B_M_P_C_K,29,0.6996369982838381,hgb::M_C_K,0.6579272719599064,0.04170972632393166,0.07404190095098472,"post-evaluation descriptive audit; fixed-model simultaneous pairwise bound, not universal optimality"
hgb,False,whole,hgb::A_K,A_K,12,0.6719822112044109,hgb::M_C_K,0.6579272719599064,0.014054939244504516,0.04638711387155757,"post-evaluation descriptive audit; fixed-model simultaneous pairwise bound, not universal optimality"
hgb,False,whole,hgb::D_A_K,D_A_K,16,0.7057978144400712,hgb::M_C_K,0.6579272719599064,0.04787054248016476,0.08020271710721781,"post-evaluation descriptive audit; fixed-model simultaneous pairwise bound, not universal optimality"
hgb,False,whole,hgb::B_A_K,B_A_K,13,0.6681056664295284,hgb::M_C_K,0.6579272719599064,0.010178394469621987,0.04251056909667504,"post-evaluation descriptive audit; fixed-model simultaneous pairwise bound, not universal optimality"
hgb,False,whole,hgb::D_B_A_K,D_B_A_K,17,0.700168671937755,hgb::M_C_K,0.6579272719599064,0.04224139997784859,0.07457357460490165,"post-evaluation descriptive audit; fixed-model simultaneous pairwise bound, not universal optimality"
hgb,False,whole,hgb::M_A_K,M_A_K,13,0.6707118865748284,hgb::M_C_K,0.6579272719599064,0.012784614614921974,0.04511678924197503,"post-evaluation descriptive audit; fixed-model simultaneous pairwise bound, not universal optimality"
hgb,False,whole,hgb::D_M_A_K,D_M_A_K,17,0.7201141222289419,hgb::M_C_K,0.6579272719599064,0.062186850269035476,0.09451902489608853,"post-evaluation descriptive audit; fixed-model simultaneous pairwise bound, not universal optimality"
hgb,False,whole,hgb::B_M_A_K,B_M_A_K,14,0.667970965362829,hgb::M_C_K,0.6579272719599064,0.010043693402922549,0.0423758680299756,"post-evaluation descriptive audit; fixed-model simultaneous pairwise bound, not universal optimality"
hgb,False,whole,hgb::D_B_M_A_K,D_B_M_A_K,18,0.7126123036070465,hgb::M_C_K,0.6579272719599064,0.054685031647140114,0.08701720627419317,"post-evaluation descriptive audit; fixed-model simultaneous pairwise bound, not universal optimality"
hgb,False,whole,hgb::P_A_K,P_A_K,23,0.6819944372573455,hgb::M_C_K,0.6579272719599064,0.02406716529743913,0.056399339924492184,"post-evaluation descriptive audit; fixed-model simultaneous pairwise bound, not universal optimality"
hgb,False,whole,hgb::D_P_A_K,D_P_A_K,27,0.7139618302818775,hgb::M_C_K,0.6579272719599064,0.05603455832197113,0.08836673294902418,"post-evaluation descriptive audit; fixed-model simultaneous pairwise bound, not universal optimality"
hgb,False,whole,hgb::B_P_A_K,B_P_A_K,24,0.6751867995170419,hgb::M_C_K,0.6579272719599064,0.017259527557135446,0.0495917021841885,"post-evaluation descriptive audit; fixed-model simultaneous pairwise bound, not universal optimality"
hgb,False,whole,hgb::D_B_P_A_K,D_B_P_A_K,28,0.7062612829326174,hgb::M_C_K,0.6579272719599064,0.04833401097271095,0.080666185599764,"post-evaluation descriptive audit; fixed-model simultaneous pairwise bound, not universal optimality"
hgb,False,whole,hgb::M_P_A_K,M_P_A_K,24,0.681767766883033,hgb::M_C_K,0.6579272719599064,0.023840494923126565,0.05617266955017962,"post-evaluation descriptive audit; fixed-model simultaneous pairwise bound, not universal optimality"
hgb,False,whole,hgb::D_M_P_A_K,D_M_P_A_K,28,0.7239912152580555,hgb::M_C_K,0.6579272719599064,0.06606394329814913,0.09839611792520218,"post-evaluation descriptive audit; fixed-model simultaneous pairwise bound, not universal optimality"
hgb,False,whole,hgb::B_M_P_A_K,B_M_P_A_K,25,0.696598356766873,hgb::M_C_K,0.6579272719599064,0.03867108480696657,0.07100325943401962,"post-evaluation descriptive audit; fixed-model simultaneous pairwise bound, not universal optimality"
hgb,False,whole,hgb::D_B_M_P_A_K,D_B_M_P_A_K,29,0.7125604646393394,hgb::M_C_K,0.6579272719599064,0.05463319267943301,0.08696536730648606,"post-evaluation descriptive audit; fixed-model simultaneous pairwise bound, not universal optimality"
hgb,False,whole,hgb::C_A_K,C_A_K,13,0.6708318170309598,hgb::M_C_K,0.6579272719599064,0.01290454507105343,0.045236719698106484,"post-evaluation descriptive audit; fixed-model simultaneous pairwise bound, not universal optimality"
hgb,False,whole,hgb::D_C_A_K,D_C_A_K,17,0.705001154989575,hgb::M_C_K,0.6579272719599064,0.04707388302966864,0.07940605765672169,"post-evaluation descriptive audit; fixed-model simultaneous pairwise bound, not universal optimality"
hgb,False,whole,hgb::B_C_A_K,B_C_A_K,14,0.6664096296781659,hgb::M_C_K,0.6579272719599064,0.008482357718259448,0.0408145323453125,"post-evaluation descriptive audit; fixed-model simultaneous pairwise bound, not universal optimality"
hgb,False,whole,hgb::D_B_C_A_K,D_B_C_A_K,18,0.6964063117075926,hgb::M_C_K,0.6579272719599064,0.03847903974768618,0.07081121437473924,"post-evaluation descriptive audit; fixed-model simultaneous pairwise bound, not universal optimality"
hgb,False,whole,hgb::M_C_A_K,M_C_A_K,14,0.6720342155622893,hgb::M_C_K,0.6579272719599064,0.014106943602382849,0.0464391182294359,"post-evaluation descriptive audit; fixed-model simultaneous pairwise bound, not universal optimality"
hgb,False,whole,hgb::D_M_C_A_K,D_M_C_A_K,18,0.7194130088634101,hgb::M_C_K,0.6579272719599064,0.061485736903503674,0.09381791153055673,"post-evaluation descriptive audit; fixed-model simultaneous pairwise bound, not universal optimality"
hgb,False,whole,hgb::B_M_C_A_K,B_M_C_A_K,15,0.667134061115446,hgb::M_C_K,0.6579272719599064,0.00920678915553963,0.04153896378259268,"post-evaluation descriptive audit; fixed-model simultaneous pairwise bound, not universal optimality"
hgb,False,whole,hgb::D_B_M_C_A_K,D_B_M_C_A_K,19,0.7121399159096862,hgb::M_C_K,0.6579272719599064,0.05421264394977976,0.08654481857683281,"post-evaluation descriptive audit; fixed-model simultaneous pairwise bound, not universal optimality"
hgb,False,whole,hgb::P_C_A_K,P_C_A_K,24,0.6819740588301176,hgb::M_C_K,0.6579272719599064,0.024046786870211223,0.05637896149726428,"post-evaluation descriptive audit; fixed-model simultaneous pairwise bound, not universal optimality"
hgb,False,whole,hgb::D_P_C_A_K,D_P_C_A_K,28,0.7141363147200943,hgb::M_C_K,0.6579272719599064,0.0562090427601879,0.08854121738724095,"post-evaluation descriptive audit; fixed-model simultaneous pairwise bound, not universal optimality"
hgb,False,whole,hgb::B_P_C_A_K,B_P_C_A_K,25,0.6751867995170419,hgb::M_C_K,0.6579272719599064,0.017259527557135446,0.0495917021841885,"post-evaluation descriptive audit; fixed-model simultaneous pairwise bound, not universal optimality"
hgb,False,whole,hgb::D_B_P_C_A_K,D_B_P_C_A_K,29,0.7037178341668686,hgb::M_C_K,0.6579272719599064,0.045790562206962204,0.07812273683401526,"post-evaluation descriptive audit; fixed-model simultaneous pairwise bound, not universal optimality"
hgb,False,whole,hgb::M_P_C_A_K,M_P_C_A_K,25,0.681767766883033,hgb::M_C_K,0.6579272719599064,0.023840494923126565,0.05617266955017962,"post-evaluation descriptive audit; fixed-model simultaneous pairwise bound, not universal optimality"
hgb,False,whole,hgb::D_M_P_C_A_K,D_M_P_C_A_K,29,0.7228015799255969,hgb::M_C_K,0.6579272719599064,0.06487430796569049,0.09720648259274355,"post-evaluation descriptive audit; fixed-model simultaneous pairwise bound, not universal optimality"
hgb,False,whole,hgb::B_M_P_C_A_K,B_M_P_C_A_K,26,0.6950454950696136,hgb::M_C_K,0.6579272719599064,0.03711822310970714,0.06945039773676019,"post-evaluation descriptive audit; fixed-model simultaneous pairwise bound, not universal optimality"
hgb,False,whole,hgb::D_B_M_P_C_A_K,D_B_M_P_C_A_K,30,0.7128053035773771,hgb::M_C_K,0.6579272719599064,0.054878031617470735,0.08721020624452379,"post-evaluation descriptive audit; fixed-model simultaneous pairwise bound, not universal optimality"
hgb,False,disjoint,hgb::NONE,NONE,0,0.6919851207085821,hgb::M_C_K,0.673755736927072,0.018229383781510067,0.06381457796541576,"post-evaluation descriptive audit; fixed-model simultaneous pairwise bound, not universal optimality"
hgb,False,disjoint,hgb::D,D,4,0.7434261099690292,hgb::M_C_K,0.673755736927072,0.06967037304195722,0.11525556722586291,"post-evaluation descriptive audit; fixed-model simultaneous pairwise bound, not universal optimality"
hgb,False,disjoint,hgb::B,B,1,0.689068960859533,hgb::M_C_K,0.673755736927072,0.015313223932460929,0.06089841811636662,"post-evaluation descriptive audit; fixed-model simultaneous pairwise bound, not universal optimality"
hgb,False,disjoint,hgb::D_B,D_B,5,0.7386318319827262,hgb::M_C_K,0.673755736927072,0.06487609505565417,0.11046128923955986,"post-evaluation descriptive audit; fixed-model simultaneous pairwise bound, not universal optimality"
hgb,False,disjoint,hgb::M,M,1,0.6837557611809317,hgb::M_C_K,0.673755736927072,0.010000024253859707,0.0555852184377654,"post-evaluation descriptive audit; fixed-model simultaneous pairwise bound, not universal optimality"
hgb,False,disjoint,hgb::D_M,D_M,5,0.7349738008864042,hgb::M_C_K,0.673755736927072,0.06121806395933216,0.10680325814323785,"post-evaluation descriptive audit; fixed-model simultaneous pairwise bound, not universal optimality"
hgb,False,disjoint,hgb::B_M,B_M,2,0.6848387348081877,hgb::M_C_K,0.673755736927072,0.011082997881115664,0.056668192065021356,"post-evaluation descriptive audit; fixed-model simultaneous pairwise bound, not universal optimality"
hgb,False,disjoint,hgb::D_B_M,D_B_M,6,0.7353722260643405,hgb::M_C_K,0.673755736927072,0.06161648913726847,0.10720168332117416,"post-evaluation descriptive audit; fixed-model simultaneous pairwise bound, not universal optimality"
hgb,False,disjoint,hgb::P,P,11,0.7102269756639821,hgb::M_C_K,0.673755736927072,0.03647123873691005,0.08205643292081574,"post-evaluation descriptive audit; fixed-model simultaneous pairwise bound, not universal optimality"
hgb,False,disjoint,hgb::D_P,D_P,15,0.7560527886452654,hgb::M_C_K,0.673755736927072,0.08229705171819335,0.12788224590209904,"post-evaluation descriptive audit; fixed-model simultaneous pairwise bound, not universal optimality"
hgb,False,disjoint,hgb::B_P,B_P,12,0.7082874044167166,hgb::M_C_K,0.673755736927072,0.034531667489644535,0.08011686167355023,"post-evaluation descriptive audit; fixed-model simultaneous pairwise bound, not universal optimality"
hgb,False,disjoint,hgb::D_B_P,D_B_P,16,0.749839967695195,hgb::M_C_K,0.673755736927072,0.07608423076812298,0.12166942495202868,"post-evaluation descriptive audit; fixed-model simultaneous pairwise bound, not universal optimality"
hgb,False,disjoint,hgb::M_P,M_P,12,0.6959283941547731,hgb::M_C_K,0.673755736927072,0.02217265722770112,0.06775785141160681,"post-evaluation descriptive audit; fixed-model simultaneous pairwise bound, not universal optimality"
hgb,False,disjoint,hgb::D_M_P,D_M_P,16,0.7477588297407699,hgb::M_C_K,0.673755736927072,0.07400309281369788,0.11958828699760357,"post-evaluation descriptive audit; fixed-model simultaneous pairwise bound, not universal optimality"
hgb,False,disjoint,hgb::B_M_P,B_M_P,13,0.7052324550179807,hgb::M_C_K,0.673755736927072,0.031476718090908684,0.07706191227481438,"post-evaluation descriptive audit; fixed-model simultaneous pairwise bound, not universal optimality"
hgb,False,disjoint,hgb::D_B_M_P,D_B_M_P,17,0.7454348233698975,hgb::M_C_K,0.673755736927072,0.0716790864428255,0.1172642806267312,"post-evaluation descriptive audit; fixed-model simultaneous pairwise bound, not universal optimality"
hgb,False,disjoint,hgb::C,C,1,0.6904116561507309,hgb::M_C_K,0.673755736927072,0.016655919223658833,0.062241113407564524,"post-evaluation descriptive audit; fixed-model simultaneous pairwise bound, not universal optimality"
hgb,False,disjoint,hgb::D_C,D_C,5,0.7342188554734159,hgb::M_C_K,0.673755736927072,0.0604631185463439,0.10604831273024959,"post-evaluation descriptive audit; fixed-model simultaneous pairwise bound, not universal optimality"
hgb,False,disjoint,hgb::B_C,B_C,2,0.68774981595591,hgb::M_C_K,0.673755736927072,0.01399407902883798,0.05957927321274367,"post-evaluation descriptive audit; fixed-model simultaneous pairwise bound, not universal optimality"
hgb,False,disjoint,hgb::D_B_C,D_B_C,6,0.7352957965100093,hgb::M_C_K,0.673755736927072,0.06154005958293729,0.10712525376684298,"post-evaluation descriptive audit; fixed-model simultaneous pairwise bound, not universal optimality"
hgb,False,disjoint,hgb::M_C,M_C,2,0.6829427038768411,hgb::M_C_K,0.673755736927072,0.00918696694976906,0.05477216113367475,"post-evaluation descriptive audit; fixed-model simultaneous pairwise bound, not universal optimality"
hgb,False,disjoint,hgb::D_M_C,D_M_C,6,0.7311113060854749,hgb::M_C_K,0.673755736927072,0.0573555691584029,0.10294076334230859,"post-evaluation descriptive audit; fixed-model simultaneous pairwise bound, not universal optimality"
hgb,False,disjoint,hgb::B_M_C,B_M_C,3,0.682531775630934,hgb::M_C_K,0.673755736927072,0.00877603870386201,0.0543612328877677,"post-evaluation descriptive audit; fixed-model simultaneous pairwise bound, not universal optimality"
hgb,False,disjoint,hgb::D_B_M_C,D_B_M_C,7,0.7325187247860242,hgb::M_C_K,0.673755736927072,0.058762987858952176,0.10434818204285787,"post-evaluation descriptive audit; fixed-model simultaneous pairwise bound, not universal optimality"
hgb,False,disjoint,hgb::P_C,P_C,12,0.7079925180288841,hgb::M_C_K,0.673755736927072,0.03423678110181205,0.07982197528571774,"post-evaluation descriptive audit; fixed-model simultaneous pairwise bound, not universal optimality"
hgb,False,disjoint,hgb::D_P_C,D_P_C,16,0.752075022859396,hgb::M_C_K,0.673755736927072,0.07831928593232396,0.12390448011622965,"post-evaluation descriptive audit; fixed-model simultaneous pairwise bound, not universal optimality"
hgb,False,disjoint,hgb::B_P_C,B_P_C,13,0.7069863717990488,hgb::M_C_K,0.673755736927072,0.03323063487197675,0.07881582905588244,"post-evaluation descriptive audit; fixed-model simultaneous pairwise bound, not universal optimality"
hgb,False,disjoint,hgb::D_B_P_C,D_B_P_C,17,0.7454334521128018,hgb::M_C_K,0.673755736927072,0.07167771518572974,0.11726290936963543,"post-evaluation descriptive audit; fixed-model simultaneous pairwise bound, not universal optimality"
hgb,False,disjoint,hgb::M_P_C,M_P_C,13,0.6945746596315723,hgb::M_C_K,0.673755736927072,0.020818922704500253,0.06640411688840595,"post-evaluation descriptive audit; fixed-model simultaneous pairwise bound, not universal optimality"
hgb,False,disjoint,hgb::D_M_P_C,D_M_P_C,17,0.740925457903545,hgb::M_C_K,0.673755736927072,0.067169720976473,0.1127549151603787,"post-evaluation descriptive audit; fixed-model simultaneous pairwise bound, not universal optimality"
hgb,False,disjoint,hgb::B_M_P_C,B_M_P_C,14,0.7044953693518191,hgb::M_C_K,0.673755736927072,0.030739632424747088,0.07632482660865278,"post-evaluation descriptive audit; fixed-model simultaneous pairwise bound, not universal optimality"
hgb,False,disjoint,hgb::D_B_M_P_C,D_B_M_P_C,18,0.7412394732257842,hgb::M_C_K,0.673755736927072,0.06748373629871218,0.11306893048261787,"post-evaluation descriptive audit; fixed-model simultaneous pairwise bound, not universal optimality"
hgb,False,disjoint,hgb::A,A,1,0.7096930449049069,hgb::M_C_K,0.673755736927072,0.0359373079778349,0.08152250216174059,"post-evaluation descriptive audit; fixed-model simultaneous pairwise bound, not universal optimality"
hgb,False,disjoint,hgb::D_A,D_A,5,0.7684961935201685,hgb::M_C_K,0.673755736927072,0.09474045659309649,0.14032565077700218,"post-evaluation descriptive audit; fixed-model simultaneous pairwise bound, not universal optimality"
hgb,False,disjoint,hgb::B_A,B_A,2,0.7026867220270289,hgb::M_C_K,0.673755736927072,0.02893098509995684,0.07451617928386253,"post-evaluation descriptive audit; fixed-model simultaneous pairwise bound, not universal optimality"
hgb,False,disjoint,hgb::D_B_A,D_B_A,6,0.7550472119252026,hgb::M_C_K,0.673755736927072,0.08129147499813061,0.1268766691820363,"post-evaluation descriptive audit; fixed-model simultaneous pairwise bound, not universal optimality"
hgb,False,disjoint,hgb::M_A,M_A,2,0.7425837882737728,hgb::M_C_K,0.673755736927072,0.06882805134670078,0.11441324553060647,"post-evaluation descriptive audit; fixed-model simultaneous pairwise bound, not universal optimality"
hgb,False,disjoint,hgb::D_M_A,D_M_A,6,0.7874102248785998,hgb::M_C_K,0.673755736927072,0.11365448795152777,0.15923968213543346,"post-evaluation descriptive audit; fixed-model simultaneous pairwise bound, not universal optimality"
hgb,False,disjoint,hgb::B_M_A,B_M_A,3,0.7202242646408317,hgb::M_C_K,0.673755736927072,0.046468527713759644,0.09205372189766534,"post-evaluation descriptive audit; fixed-model simultaneous pairwise bound, not universal optimality"
hgb,False,disjoint,hgb::D_B_M_A,D_B_M_A,7,0.7751560120199557,hgb::M_C_K,0.673755736927072,0.10140027509288363,0.14698546927678932,"post-evaluation descriptive audit; fixed-model simultaneous pairwise bound, not universal optimality"
hgb,False,disjoint,hgb::P_A,P_A,12,0.7179119350722162,hgb::M_C_K,0.673755736927072,0.044156198145144154,0.08974139232904985,"post-evaluation descriptive audit; fixed-model simultaneous pairwise bound, not universal optimality"
hgb,False,disjoint,hgb::D_P_A,D_P_A,16,0.7710902427564562,hgb::M_C_K,0.673755736927072,0.09733450582938419,0.14291970001328988,"post-evaluation descriptive audit; fixed-model simultaneous pairwise bound, not universal optimality"
hgb,False,disjoint,hgb::B_P_A,B_P_A,13,0.7095372634747438,hgb::M_C_K,0.673755736927072,0.03578152654767175,0.08136672073157744,"post-evaluation descriptive audit; fixed-model simultaneous pairwise bound, not universal optimality"
hgb,False,disjoint,hgb::D_B_P_A,D_B_P_A,17,0.7589459496830412,hgb::M_C_K,0.673755736927072,0.08519021275596916,0.13077540693987486,"post-evaluation descriptive audit; fixed-model simultaneous pairwise bound, not universal optimality"
hgb,False,disjoint,hgb::M_P_A,M_P_A,13,0.7167632148575411,hgb::M_C_K,0.673755736927072,0.04300747793046911,0.0885926721143748,"post-evaluation descriptive audit; fixed-model simultaneous pairwise bound, not universal optimality"
hgb,False,disjoint,hgb::D_M_P_A,D_M_P_A,17,0.7750694734960918,hgb::M_C_K,0.673755736927072,0.10131373656901976,0.14689893075292546,"post-evaluation descriptive audit; fixed-model simultaneous pairwise bound, not universal optimality"
hgb,False,disjoint,hgb::B_M_P_A,B_M_P_A,14,0.7206960054593669,hgb::M_C_K,0.673755736927072,0.04694026853229483,0.09252546271620052,"post-evaluation descriptive audit; fixed-model simultaneous pairwise bound, not universal optimality"
hgb,False,disjoint,hgb::D_B_M_P_A,D_B_M_P_A,18,0.7667485715111486,hgb::M_C_K,0.673755736927072,0.09299283458407659,0.13857802876798228,"post-evaluation descriptive audit; fixed-model simultaneous pairwise bound, not universal optimality"
hgb,False,disjoint,hgb::C_A,C_A,2,0.7030033455974928,hgb::M_C_K,0.673755736927072,0.029247608670420755,0.07483280285432645,"post-evaluation descriptive audit; fixed-model simultaneous pairwise bound, not universal optimality"
hgb,False,disjoint,hgb::D_C_A,D_C_A,6,0.7561270852554064,hgb::M_C_K,0.673755736927072,0.08237134832833437,0.12795654251224006,"post-evaluation descriptive audit; fixed-model simultaneous pairwise bound, not universal optimality"
hgb,False,disjoint,hgb::B_C_A,B_C_A,3,0.6970807397223026,hgb::M_C_K,0.673755736927072,0.02332500279523053,0.06891019697913622,"post-evaluation descriptive audit; fixed-model simultaneous pairwise bound, not universal optimality"
hgb,False,disjoint,hgb::D_B_C_A,D_B_C_A,7,0.7491869461905898,hgb::M_C_K,0.673755736927072,0.07543120926351776,0.12101640344742345,"post-evaluation descriptive audit; fixed-model simultaneous pairwise bound, not universal optimality"
hgb,False,disjoint,hgb::M_C_A,M_C_A,3,0.7165610527664792,hgb::M_C_K,0.673755736927072,0.042805315839407165,0.08839051002331286,"post-evaluation descriptive audit; fixed-model simultaneous pairwise bound, not universal optimality"
hgb,False,disjoint,hgb::D_M_C_A,D_M_C_A,7,0.7811318259609158,hgb::M_C_K,0.673755736927072,0.10737608903384377,0.15296128321774946,"post-evaluation descriptive audit; fixed-model simultaneous pairwise bound, not universal optimality"
hgb,False,disjoint,hgb::B_M_C_A,B_M_C_A,4,0.7045196490420557,hgb::M_C_K,0.673755736927072,0.030763912114983638,0.07634910629888933,"post-evaluation descriptive audit; fixed-model simultaneous pairwise bound, not universal optimality"
hgb,False,disjoint,hgb::D_B_M_C_A,D_B_M_C_A,8,0.7740791399480527,hgb::M_C_K,0.673755736927072,0.10032340302098064,0.14590859720488633,"post-evaluation descriptive audit; fixed-model simultaneous pairwise bound, not universal optimality"
hgb,False,disjoint,hgb::P_C_A,P_C_A,13,0.7142412267349884,hgb::M_C_K,0.673755736927072,0.04048548980791633,0.08607068399182202,"post-evaluation descriptive audit; fixed-model simultaneous pairwise bound, not universal optimality"
hgb,False,disjoint,hgb::D_P_C_A,D_P_C_A,17,0.7660981513174663,hgb::M_C_K,0.673755736927072,0.09234241439039426,0.13792760857429995,"post-evaluation descriptive audit; fixed-model simultaneous pairwise bound, not universal optimality"
hgb,False,disjoint,hgb::B_P_C_A,B_P_C_A,14,0.7081661301544431,hgb::M_C_K,0.673755736927072,0.03441039322737105,0.07999558741127674,"post-evaluation descriptive audit; fixed-model simultaneous pairwise bound, not universal optimality"
hgb,False,disjoint,hgb::D_B_P_C_A,D_B_P_C_A,18,0.7568211093652187,hgb::M_C_K,0.673755736927072,0.08306537243814671,0.1286505666220524,"post-evaluation descriptive audit; fixed-model simultaneous pairwise bound, not universal optimality"
hgb,False,disjoint,hgb::M_P_C_A,M_P_C_A,14,0.7104122343758805,hgb::M_C_K,0.673755736927072,0.0366564974488085,0.08224169163271419,"post-evaluation descriptive audit; fixed-model simultaneous pairwise bound, not universal optimality"
hgb,False,disjoint,hgb::D_M_P_C_A,D_M_P_C_A,18,0.7760931480513006,hgb::M_C_K,0.673755736927072,0.10233741112422856,0.14792260530813425,"post-evaluation descriptive audit; fixed-model simultaneous pairwise bound, not universal optimality"
hgb,False,disjoint,hgb::B_M_P_C_A,B_M_P_C_A,15,0.7173832402587205,hgb::M_C_K,0.673755736927072,0.04362750333164844,0.08921269751555413,"post-evaluation descriptive audit; fixed-model simultaneous pairwise bound, not universal optimality"
hgb,False,disjoint,hgb::D_B_M_P_C_A,D_B_M_P_C_A,19,0.7650699239597447,hgb::M_C_K,0.673755736927072,0.09131418703267269,0.13689938121657838,"post-evaluation descriptive audit; fixed-model simultaneous pairwise bound, not universal optimality"
hgb,False,disjoint,hgb::K,K,11,0.6771221338460299,hgb::M_C_K,0.673755736927072,0.0033663969189579035,0.048951591102863595,"post-evaluation descriptive audit; fixed-model simultaneous pairwise bound, not universal optimality"
hgb,False,disjoint,hgb::D_K,D_K,15,0.7237011244047238,hgb::M_C_K,0.673755736927072,0.04994538747765176,0.09553058166155745,"post-evaluation descriptive audit; fixed-model simultaneous pairwise bound, not universal optimality"
hgb,False,disjoint,hgb::B_K,B_K,12,0.6767149643072767,hgb::M_C_K,0.673755736927072,0.0029592273802047098,0.0485444215641104,"post-evaluation descriptive audit; fixed-model simultaneous pairwise bound, not universal optimality"
hgb,False,disjoint,hgb::D_B_K,D_B_K,16,0.7192125030071767,hgb::M_C_K,0.673755736927072,0.04545676608010463,0.09104196026401032,"post-evaluation descriptive audit; fixed-model simultaneous pairwise bound, not universal optimality"
hgb,False,disjoint,hgb::M_K,M_K,12,0.674619196119273,hgb::M_C_K,0.673755736927072,0.0008634591922009882,0.04644865337610668,"post-evaluation descriptive audit; fixed-model simultaneous pairwise bound, not universal optimality"
hgb,False,disjoint,hgb::D_M_K,D_M_K,16,0.7207055347774998,hgb::M_C_K,0.673755736927072,0.046949797850427744,0.09253499203433344,"post-evaluation descriptive audit; fixed-model simultaneous pairwise bound, not universal optimality"
hgb,False,disjoint,hgb::B_M_K,B_M_K,13,0.6771321874971671,hgb::M_C_K,0.673755736927072,0.0033764505700950576,0.04896164475400075,"post-evaluation descriptive audit; fixed-model simultaneous pairwise bound, not universal optimality"
hgb,False,disjoint,hgb::D_B_M_K,D_B_M_K,17,0.7186167445452742,hgb::M_C_K,0.673755736927072,0.04486100761820222,0.09044620180210791,"post-evaluation descriptive audit; fixed-model simultaneous pairwise bound, not universal optimality"
hgb,False,disjoint,hgb::P_K,P_K,22,0.7048683787652765,hgb::M_C_K,0.673755736927072,0.031112641838204502,0.0766978360221102,"post-evaluation descriptive audit; fixed-model simultaneous pairwise bound, not universal optimality"
hgb,False,disjoint,hgb::D_P_K,D_P_K,26,0.7474893021873653,hgb::M_C_K,0.673755736927072,0.07373356526029329,0.11931875944419898,"post-evaluation descriptive audit; fixed-model simultaneous pairwise bound, not universal optimality"
hgb,False,disjoint,hgb::B_P_K,B_P_K,23,0.69845635384577,hgb::M_C_K,0.673755736927072,0.02470061691869796,0.07028581110260365,"post-evaluation descriptive audit; fixed-model simultaneous pairwise bound, not universal optimality"
hgb,False,disjoint,hgb::D_B_P_K,D_B_P_K,27,0.7386851424694911,hgb::M_C_K,0.673755736927072,0.0649294055424191,0.1105145997263248,"post-evaluation descriptive audit; fixed-model simultaneous pairwise bound, not universal optimality"
hgb,False,disjoint,hgb::M_P_K,M_P_K,23,0.6969624699280388,hgb::M_C_K,0.673755736927072,0.02320673300096676,0.06879192718487245,"post-evaluation descriptive audit; fixed-model simultaneous pairwise bound, not universal optimality"
hgb,False,disjoint,hgb::D_M_P_K,D_M_P_K,27,0.7433844519574245,hgb::M_C_K,0.673755736927072,0.0696287150303525,0.1152139092142582,"post-evaluation descriptive audit; fixed-model simultaneous pairwise bound, not universal optimality"
hgb,False,disjoint,hgb::B_M_P_K,B_M_P_K,24,0.6934744243762653,hgb::M_C_K,0.673755736927072,0.01971868744919325,0.06530388163309894,"post-evaluation descriptive audit; fixed-model simultaneous pairwise bound, not universal optimality"
hgb,False,disjoint,hgb::D_B_M_P_K,D_B_M_P_K,28,0.7386437854467428,hgb::M_C_K,0.673755736927072,0.06488804851967078,0.11047324270357647,"post-evaluation descriptive audit; fixed-model simultaneous pairwise bound, not universal optimality"
hgb,False,disjoint,hgb::C_K,C_K,12,0.6754030314789249,hgb::M_C_K,0.673755736927072,0.0016472945518528626,0.047232488735758554,"post-evaluation descriptive audit; fixed-model simultaneous pairwise bound, not universal optimality"
hgb,False,disjoint,hgb::D_C_K,D_C_K,16,0.7190428014391023,hgb::M_C_K,0.673755736927072,0.04528706451203024,0.09087225869593593,"post-evaluation descriptive audit; fixed-model simultaneous pairwise bound, not universal optimality"
hgb,False,disjoint,hgb::B_C_K,B_C_K,13,0.6753817248174264,hgb::M_C_K,0.673755736927072,0.0016259878903543967,0.04721118207426009,"post-evaluation descriptive audit; fixed-model simultaneous pairwise bound, not universal optimality"
hgb,False,disjoint,hgb::D_B_C_K,D_B_C_K,17,0.7163544291324522,hgb::M_C_K,0.673755736927072,0.04259869220538015,0.08818388638928584,"post-evaluation descriptive audit; fixed-model simultaneous pairwise bound, not universal optimality"
hgb,False,disjoint,hgb::M_C_K,M_C_K,13,0.673755736927072,hgb::M_C_K,0.673755736927072,0.0,0.04558519418390569,"post-evaluation descriptive audit; fixed-model simultaneous pairwise bound, not universal optimality"
hgb,False,disjoint,hgb::D_M_C_K,D_M_C_K,17,0.718091678122824,hgb::M_C_K,0.673755736927072,0.044335941195752016,0.08992113537965771,"post-evaluation descriptive audit; fixed-model simultaneous pairwise bound, not universal optimality"
hgb,False,disjoint,hgb::B_M_C_K,B_M_C_K,14,0.6760934962699162,hgb::M_C_K,0.673755736927072,0.0023377593428441923,0.047922953526749884,"post-evaluation descriptive audit; fixed-model simultaneous pairwise bound, not universal optimality"
hgb,False,disjoint,hgb::D_B_M_C_K,D_B_M_C_K,18,0.7161875632327364,hgb::M_C_K,0.673755736927072,0.04243182630566433,0.08801702048957002,"post-evaluation descriptive audit; fixed-model simultaneous pairwise bound, not universal optimality"
hgb,False,disjoint,hgb::P_C_K,P_C_K,23,0.704797826754729,hgb::M_C_K,0.673755736927072,0.031042089827656993,0.07662728401156269,"post-evaluation descriptive audit; fixed-model simultaneous pairwise bound, not universal optimality"
hgb,False,disjoint,hgb::D_P_C_K,D_P_C_K,27,0.7438827452025463,hgb::M_C_K,0.673755736927072,0.07012700827547425,0.11571220245937994,"post-evaluation descriptive audit; fixed-model simultaneous pairwise bound, not universal optimality"
hgb,False,disjoint,hgb::B_P_C_K,B_P_C_K,24,0.69845635384577,hgb::M_C_K,0.673755736927072,0.02470061691869796,0.07028581110260365,"post-evaluation descriptive audit; fixed-model simultaneous pairwise bound, not universal optimality"
hgb,False,disjoint,hgb::D_B_P_C_K,D_B_P_C_K,28,0.7364956023279267,hgb::M_C_K,0.673755736927072,0.06273986540085463,0.10832505958476032,"post-evaluation descriptive audit; fixed-model simultaneous pairwise bound, not universal optimality"
hgb,False,disjoint,hgb::M_P_C_K,M_P_C_K,24,0.6964539355422199,hgb::M_C_K,0.673755736927072,0.02269819861514788,0.06828339279905357,"post-evaluation descriptive audit; fixed-model simultaneous pairwise bound, not universal optimality"
hgb,False,disjoint,hgb::D_M_P_C_K,D_M_P_C_K,28,0.7404890310534422,hgb::M_C_K,0.673755736927072,0.06673329412637019,0.11231848831027588,"post-evaluation descriptive audit; fixed-model simultaneous pairwise bound, not universal optimality"
hgb,False,disjoint,hgb::B_M_P_C_K,B_M_P_C_K,25,0.6934744243762653,hgb::M_C_K,0.673755736927072,0.01971868744919325,0.06530388163309894,"post-evaluation descriptive audit; fixed-model simultaneous pairwise bound, not universal optimality"
hgb,False,disjoint,hgb::D_B_M_P_C_K,D_B_M_P_C_K,29,0.7338659384947142,hgb::M_C_K,0.673755736927072,0.06011020156764213,0.10569539575154782,"post-evaluation descriptive audit; fixed-model simultaneous pairwise bound, not universal optimality"
hgb,False,disjoint,hgb::A_K,A_K,12,0.6913631292807726,hgb::M_C_K,0.673755736927072,0.01760739235370057,0.06319258653760626,"post-evaluation descriptive audit; fixed-model simultaneous pairwise bound, not universal optimality"
hgb,False,disjoint,hgb::D_A_K,D_A_K,16,0.7419337598785158,hgb::M_C_K,0.673755736927072,0.06817802295144382,0.11376321713534951,"post-evaluation descriptive audit; fixed-model simultaneous pairwise bound, not universal optimality"
hgb,False,disjoint,hgb::B_A_K,B_A_K,13,0.686938375767139,hgb::M_C_K,0.673755736927072,0.013182638840066985,0.058767833023972676,"post-evaluation descriptive audit; fixed-model simultaneous pairwise bound, not universal optimality"
hgb,False,disjoint,hgb::D_B_A_K,D_B_A_K,17,0.7351761530966722,hgb::M_C_K,0.673755736927072,0.061420416169600145,0.10700561035350584,"post-evaluation descriptive audit; fixed-model simultaneous pairwise bound, not universal optimality"
hgb,False,disjoint,hgb::M_A_K,M_A_K,13,0.6903343472847451,hgb::M_C_K,0.673755736927072,0.01657861035767305,0.06216380454157874,"post-evaluation descriptive audit; fixed-model simultaneous pairwise bound, not universal optimality"
hgb,False,disjoint,hgb::D_M_A_K,D_M_A_K,17,0.7621983240736497,hgb::M_C_K,0.673755736927072,0.08844258714657771,0.1340277813304834,"post-evaluation descriptive audit; fixed-model simultaneous pairwise bound, not universal optimality"
hgb,False,disjoint,hgb::B_M_A_K,B_M_A_K,14,0.6861724404853672,hgb::M_C_K,0.673755736927072,0.012416703558295161,0.05800189774220085,"post-evaluation descriptive audit; fixed-model simultaneous pairwise bound, not universal optimality"
hgb,False,disjoint,hgb::D_B_M_A_K,D_B_M_A_K,18,0.7517780600734421,hgb::M_C_K,0.673755736927072,0.07802232314637003,0.12360751733027572,"post-evaluation descriptive audit; fixed-model simultaneous pairwise bound, not universal optimality"
hgb,False,disjoint,hgb::P_A_K,P_A_K,23,0.706451688359207,hgb::M_C_K,0.673755736927072,0.032695951432134995,0.07828114561604069,"post-evaluation descriptive audit; fixed-model simultaneous pairwise bound, not universal optimality"
hgb,False,disjoint,hgb::D_P_A_K,D_P_A_K,27,0.7545706361150164,hgb::M_C_K,0.673755736927072,0.08081489918794438,0.12640009337185007,"post-evaluation descriptive audit; fixed-model simultaneous pairwise bound, not universal optimality"
hgb,False,disjoint,hgb::B_P_A_K,B_P_A_K,24,0.6974772207961892,hgb::M_C_K,0.673755736927072,0.02372148386911721,0.0693066780530229,"post-evaluation descriptive audit; fixed-model simultaneous pairwise bound, not universal optimality"
hgb,False,disjoint,hgb::D_B_P_A_K,D_B_P_A_K,28,0.7449745892542118,hgb::M_C_K,0.673755736927072,0.07121885232713976,0.11680404651104545,"post-evaluation descriptive audit; fixed-model simultaneous pairwise bound, not universal optimality"
hgb,False,disjoint,hgb::M_P_A_K,M_P_A_K,24,0.7053513743544876,hgb::M_C_K,0.673755736927072,0.03159563742741556,0.07718083161132125,"post-evaluation descriptive audit; fixed-model simultaneous pairwise bound, not universal optimality"
hgb,False,disjoint,hgb::D_M_P_A_K,D_M_P_A_K,28,0.7692976644126739,hgb::M_C_K,0.673755736927072,0.09554192748560186,0.14112712166950755,"post-evaluation descriptive audit; fixed-model simultaneous pairwise bound, not universal optimality"
hgb,False,disjoint,hgb::B_M_P_A_K,B_M_P_A_K,25,0.7269540571673526,hgb::M_C_K,0.673755736927072,0.053198320240280594,0.09878351442418629,"post-evaluation descriptive audit; fixed-model simultaneous pairwise bound, not universal optimality"
hgb,False,disjoint,hgb::D_B_M_P_A_K,D_B_M_P_A_K,29,0.7538531050306706,hgb::M_C_K,0.673755736927072,0.08009736810359858,0.12568256228750427,"post-evaluation descriptive audit; fixed-model simultaneous pairwise bound, not universal optimality"
hgb,False,disjoint,hgb::C_A_K,C_A_K,13,0.6887304938720817,hgb::M_C_K,0.673755736927072,0.014974756945009715,0.06055995112891541,"post-evaluation descriptive audit; fixed-model simultaneous pairwise bound, not universal optimality"
hgb,False,disjoint,hgb::D_C_A_K,D_C_A_K,17,0.7398891384694266,hgb::M_C_K,0.673755736927072,0.06613340154235459,0.11171859572626028,"post-evaluation descriptive audit; fixed-model simultaneous pairwise bound, not universal optimality"
hgb,False,disjoint,hgb::B_C_A_K,B_C_A_K,14,0.6847895913554718,hgb::M_C_K,0.673755736927072,0.01103385442839977,0.05661904861230546,"post-evaluation descriptive audit; fixed-model simultaneous pairwise bound, not universal optimality"
hgb,False,disjoint,hgb::D_B_C_A_K,D_B_C_A_K,18,0.7316623810976778,hgb::M_C_K,0.673755736927072,0.05790664417060576,0.10349183835451145,"post-evaluation descriptive audit; fixed-model simultaneous pairwise bound, not universal optimality"
hgb,False,disjoint,hgb::M_C_A_K,M_C_A_K,14,0.6913854189556318,hgb::M_C_K,0.673755736927072,0.017629682028559746,0.06321487621246544,"post-evaluation descriptive audit; fixed-model simultaneous pairwise bound, not universal optimality"
hgb,False,disjoint,hgb::D_M_C_A_K,D_M_C_A_K,18,0.7595728469627124,hgb::M_C_K,0.673755736927072,0.08581711003564041,0.1314023042195461,"post-evaluation descriptive audit; fixed-model simultaneous pairwise bound, not universal optimality"
hgb,False,disjoint,hgb::B_M_C_A_K,B_M_C_A_K,15,0.684749679009608,hgb::M_C_K,0.673755736927072,0.010993942082536012,0.056579136266441704,"post-evaluation descriptive audit; fixed-model simultaneous pairwise bound, not universal optimality"
hgb,False,disjoint,hgb::D_B_M_C_A_K,D_B_M_C_A_K,19,0.7512459953274898,hgb::M_C_K,0.673755736927072,0.07749025840041779,0.12307545258432348,"post-evaluation descriptive audit; fixed-model simultaneous pairwise bound, not universal optimality"
hgb,False,disjoint,hgb::P_C_A_K,P_C_A_K,24,0.7062936818874956,hgb::M_C_K,0.673755736927072,0.032537944960423615,0.0781231391443293,"post-evaluation descriptive audit; fixed-model simultaneous pairwise bound, not universal optimality"
hgb,False,disjoint,hgb::D_P_C_A_K,D_P_C_A_K,28,0.7541539553940656,hgb::M_C_K,0.673755736927072,0.08039821846699358,0.12598341265089927,"post-evaluation descriptive audit; fixed-model simultaneous pairwise bound, not universal optimality"
hgb,False,disjoint,hgb::B_P_C_A_K,B_P_C_A_K,25,0.6974772207961892,hgb::M_C_K,0.673755736927072,0.02372148386911721,0.0693066780530229,"post-evaluation descriptive audit; fixed-model simultaneous pairwise bound, not universal optimality"
hgb,False,disjoint,hgb::D_B_P_C_A_K,D_B_P_C_A_K,29,0.7427488095764827,hgb::M_C_K,0.673755736927072,0.06899307264941068,0.11457826683331637,"post-evaluation descriptive audit; fixed-model simultaneous pairwise bound, not universal optimality"
hgb,False,disjoint,hgb::M_P_C_A_K,M_P_C_A_K,25,0.7053513743544876,hgb::M_C_K,0.673755736927072,0.03159563742741556,0.07718083161132125,"post-evaluation descriptive audit; fixed-model simultaneous pairwise bound, not universal optimality"
hgb,False,disjoint,hgb::D_M_P_C_A_K,D_M_P_C_A_K,29,0.7670935009092656,hgb::M_C_K,0.673755736927072,0.09333776398219362,0.13892295816609931,"post-evaluation descriptive audit; fixed-model simultaneous pairwise bound, not universal optimality"
hgb,False,disjoint,hgb::B_M_P_C_A_K,B_M_P_C_A_K,26,0.7260929646026457,hgb::M_C_K,0.673755736927072,0.052337227675573694,0.09792242185947939,"post-evaluation descriptive audit; fixed-model simultaneous pairwise bound, not universal optimality"
hgb,False,disjoint,hgb::D_B_M_P_C_A_K,D_B_M_P_C_A_K,30,0.7555855242403553,hgb::M_C_K,0.673755736927072,0.08182978731328328,0.12741498149718897,"post-evaluation descriptive audit; fixed-model simultaneous pairwise bound, not universal optimality"
hgb,True,whole,hgb::H,H,0,0.6606404546592606,hgb::H_C_K,0.638284078648712,0.02235637601054863,0.06171441894064043,"post-evaluation descriptive audit; fixed-model simultaneous pairwise bound, not universal optimality"
hgb,True,whole,hgb::H_D,H_D,4,0.6789460405904674,hgb::H_C_K,0.638284078648712,0.04066196194175542,0.08002000487184721,"post-evaluation descriptive audit; fixed-model simultaneous pairwise bound, not universal optimality"
hgb,True,whole,hgb::H_B,H_B,1,0.6568702773889459,hgb::H_C_K,0.638284078648712,0.018586198740233928,0.057944241670325726,"post-evaluation descriptive audit; fixed-model simultaneous pairwise bound, not universal optimality"
hgb,True,whole,hgb::H_D_B,H_D_B,5,0.6766076107008676,hgb::H_C_K,0.638284078648712,0.03832353205215566,0.07768157498224745,"post-evaluation descriptive audit; fixed-model simultaneous pairwise bound, not universal optimality"
hgb,True,whole,hgb::H_M,H_M,1,0.6689721153143627,hgb::H_C_K,0.638284078648712,0.030688036665650786,0.07004607959574258,"post-evaluation descriptive audit; fixed-model simultaneous pairwise bound, not universal optimality"
hgb,True,whole,hgb::H_D_M,H_D_M,5,0.6748177527282346,hgb::H_C_K,0.638284078648712,0.03653367407952268,0.07589171700961447,"post-evaluation descriptive audit; fixed-model simultaneous pairwise bound, not universal optimality"
hgb,True,whole,hgb::H_B_M,H_B_M,2,0.6640167344252882,hgb::H_C_K,0.638284078648712,0.02573265577657624,0.06509069870666803,"post-evaluation descriptive audit; fixed-model simultaneous pairwise bound, not universal optimality"
hgb,True,whole,hgb::H_D_B_M,H_D_B_M,6,0.6760603115833135,hgb::H_C_K,0.638284078648712,0.03777623293460153,0.07713427586469332,"post-evaluation descriptive audit; fixed-model simultaneous pairwise bound, not universal optimality"
hgb,True,whole,hgb::H_P,H_P,11,0.6712570279915536,hgb::H_C_K,0.638284078648712,0.03297294934284167,0.07233099227293346,"post-evaluation descriptive audit; fixed-model simultaneous pairwise bound, not universal optimality"
hgb,True,whole,hgb::H_D_P,H_D_P,15,0.6825493667969229,hgb::H_C_K,0.638284078648712,0.04426528814821096,0.08362333107830275,"post-evaluation descriptive audit; fixed-model simultaneous pairwise bound, not universal optimality"
hgb,True,whole,hgb::H_B_P,H_B_P,12,0.6684092245346613,hgb::H_C_K,0.638284078648712,0.03012514588594939,0.06948318881604118,"post-evaluation descriptive audit; fixed-model simultaneous pairwise bound, not universal optimality"
hgb,True,whole,hgb::H_D_B_P,H_D_B_P,16,0.6821399651135538,hgb::H_C_K,0.638284078648712,0.04385588646484184,0.08321392939493363,"post-evaluation descriptive audit; fixed-model simultaneous pairwise bound, not universal optimality"
hgb,True,whole,hgb::H_M_P,H_M_P,12,0.6791926135271641,hgb::H_C_K,0.638284078648712,0.04090853487845214,0.08026657780854393,"post-evaluation descriptive audit; fixed-model simultaneous pairwise bound, not universal optimality"
hgb,True,whole,hgb::H_D_M_P,H_D_M_P,16,0.6773237255779159,hgb::H_C_K,0.638284078648712,0.03903964692920392,0.07839768985929571,"post-evaluation descriptive audit; fixed-model simultaneous pairwise bound, not universal optimality"
hgb,True,whole,hgb::H_B_M_P,H_B_M_P,13,0.6747292133818071,hgb::H_C_K,0.638284078648712,0.036445134733095186,0.07580317766318698,"post-evaluation descriptive audit; fixed-model simultaneous pairwise bound, not universal optimality"
hgb,True,whole,hgb::H_D_B_M_P,H_D_B_M_P,17,0.6768713802667375,hgb::H_C_K,0.638284078648712,0.03858730161802559,0.07794534454811738,"post-evaluation descriptive audit; fixed-model simultaneous pairwise bound, not universal optimality"
hgb,True,whole,hgb::H_C,H_C,1,0.659863479414243,hgb::H_C_K,0.638284078648712,0.021579400765531,0.060937443695622796,"post-evaluation descriptive audit; fixed-model simultaneous pairwise bound, not universal optimality"
hgb,True,whole,hgb::H_D_C,H_D_C,5,0.6751280687070825,hgb::H_C_K,0.638284078648712,0.03684399005837058,0.07620203298846237,"post-evaluation descriptive audit; fixed-model simultaneous pairwise bound, not universal optimality"
hgb,True,whole,hgb::H_B_C,H_B_C,2,0.6558155420534306,hgb::H_C_K,0.638284078648712,0.017531463404718672,0.05688950633481047,"post-evaluation descriptive audit; fixed-model simultaneous pairwise bound, not universal optimality"
hgb,True,whole,hgb::H_D_B_C,H_D_B_C,6,0.6745540444896223,hgb::H_C_K,0.638284078648712,0.036269965840910356,0.07562800877100215,"post-evaluation descriptive audit; fixed-model simultaneous pairwise bound, not universal optimality"
hgb,True,whole,hgb::H_M_C,H_M_C,2,0.6641978953179678,hgb::H_C_K,0.638284078648712,0.02591381666925585,0.06527185959934764,"post-evaluation descriptive audit; fixed-model simultaneous pairwise bound, not universal optimality"
hgb,True,whole,hgb::H_D_M_C,H_D_M_C,6,0.669544345854103,hgb::H_C_K,0.638284078648712,0.0312602672053911,0.07061831013548289,"post-evaluation descriptive audit; fixed-model simultaneous pairwise bound, not universal optimality"
hgb,True,whole,hgb::H_B_M_C,H_B_M_C,3,0.6606598628283655,hgb::H_C_K,0.638284078648712,0.02237578417965358,0.06173382710974538,"post-evaluation descriptive audit; fixed-model simultaneous pairwise bound, not universal optimality"
hgb,True,whole,hgb::H_D_B_M_C,H_D_B_M_C,7,0.6715127586629128,hgb::H_C_K,0.638284078648712,0.03322868001420087,0.07258672294429266,"post-evaluation descriptive audit; fixed-model simultaneous pairwise bound, not universal optimality"
hgb,True,whole,hgb::H_P_C,H_P_C,12,0.6701169175859182,hgb::H_C_K,0.638284078648712,0.03183283893720623,0.07119088186729802,"post-evaluation descriptive audit; fixed-model simultaneous pairwise bound, not universal optimality"
hgb,True,whole,hgb::H_D_P_C,H_D_P_C,16,0.6791958587280479,hgb::H_C_K,0.638284078648712,0.040911780079335935,0.08026982300942773,"post-evaluation descriptive audit; fixed-model simultaneous pairwise bound, not universal optimality"
hgb,True,whole,hgb::H_B_P_C,H_B_P_C,13,0.6682978141974448,hgb::H_C_K,0.638284078648712,0.03001373554873288,0.06937177847882467,"post-evaluation descriptive audit; fixed-model simultaneous pairwise bound, not universal optimality"
hgb,True,whole,hgb::H_D_B_P_C,H_D_B_P_C,17,0.6778852413639597,hgb::H_C_K,0.638284078648712,0.03960116271524772,0.07895920564533951,"post-evaluation descriptive audit; fixed-model simultaneous pairwise bound, not universal optimality"
hgb,True,whole,hgb::H_M_P_C,H_M_P_C,13,0.6742125644060811,hgb::H_C_K,0.638284078648712,0.03592848575736918,0.07528652868746097,"post-evaluation descriptive audit; fixed-model simultaneous pairwise bound, not universal optimality"
hgb,True,whole,hgb::H_D_M_P_C,H_D_M_P_C,17,0.6776303095591135,hgb::H_C_K,0.638284078648712,0.03934623091040157,0.07870427384049336,"post-evaluation descriptive audit; fixed-model simultaneous pairwise bound, not universal optimality"
hgb,True,whole,hgb::H_B_M_P_C,H_B_M_P_C,14,0.6696991384319583,hgb::H_C_K,0.638284078648712,0.031415059783246324,0.07077310271333812,"post-evaluation descriptive audit; fixed-model simultaneous pairwise bound, not universal optimality"
hgb,True,whole,hgb::H_D_B_M_P_C,H_D_B_M_P_C,18,0.6748366909861886,hgb::H_C_K,0.638284078648712,0.03655261233747664,0.07591065526756843,"post-evaluation descriptive audit; fixed-model simultaneous pairwise bound, not universal optimality"
hgb,True,whole,hgb::H_A,H_A,1,0.6760108806078899,hgb::H_C_K,0.638284078648712,0.03772680195917799,0.07708484488926978,"post-evaluation descriptive audit; fixed-model simultaneous pairwise bound, not universal optimality"
hgb,True,whole,hgb::H_D_A,H_D_A,5,0.6992102353810707,hgb::H_C_K,0.638284078648712,0.060926156732358794,0.10028419966245058,"post-evaluation descriptive audit; fixed-model simultaneous pairwise bound, not universal optimality"
hgb,True,whole,hgb::H_B_A,H_B_A,2,0.6657139341103262,hgb::H_C_K,0.638284078648712,0.02742985546161425,0.06678789839170604,"post-evaluation descriptive audit; fixed-model simultaneous pairwise bound, not universal optimality"
hgb,True,whole,hgb::H_D_B_A,H_D_B_A,6,0.6899146794672916,hgb::H_C_K,0.638284078648712,0.05163060081857962,0.09098864374867141,"post-evaluation descriptive audit; fixed-model simultaneous pairwise bound, not universal optimality"
hgb,True,whole,hgb::H_M_A,H_M_A,2,0.7301846991381155,hgb::H_C_K,0.638284078648712,0.0919006204894035,0.1312586634194953,"post-evaluation descriptive audit; fixed-model simultaneous pairwise bound, not universal optimality"
hgb,True,whole,hgb::H_D_M_A,H_D_M_A,6,0.7123696523965573,hgb::H_C_K,0.638284078648712,0.0740855737478453,0.11344361667793709,"post-evaluation descriptive audit; fixed-model simultaneous pairwise bound, not universal optimality"
hgb,True,whole,hgb::H_B_M_A,H_B_M_A,3,0.7235395745933303,hgb::H_C_K,0.638284078648712,0.08525549594461834,0.12461353887471013,"post-evaluation descriptive audit; fixed-model simultaneous pairwise bound, not universal optimality"
hgb,True,whole,hgb::H_D_B_M_A,H_D_B_M_A,7,0.7067668330766518,hgb::H_C_K,0.638284078648712,0.06848275442793983,0.10784079735803162,"post-evaluation descriptive audit; fixed-model simultaneous pairwise bound, not universal optimality"
hgb,True,whole,hgb::H_P_A,H_P_A,12,0.6767851694980834,hgb::H_C_K,0.638284078648712,0.03850109084937148,0.07785913377946327,"post-evaluation descriptive audit; fixed-model simultaneous pairwise bound, not universal optimality"
hgb,True,whole,hgb::H_D_P_A,H_D_P_A,16,0.6970566834188288,hgb::H_C_K,0.638284078648712,0.05877260477011681,0.0981306477002086,"post-evaluation descriptive audit; fixed-model simultaneous pairwise bound, not universal optimality"
hgb,True,whole,hgb::H_B_P_A,H_B_P_A,13,0.6704466797926857,hgb::H_C_K,0.638284078648712,0.032162601143973735,0.07152064407406553,"post-evaluation descriptive audit; fixed-model simultaneous pairwise bound, not universal optimality"
hgb,True,whole,hgb::H_D_B_P_A,H_D_B_P_A,17,0.6852939171958616,hgb::H_C_K,0.638284078648712,0.047009838547149685,0.08636788147724148,"post-evaluation descriptive audit; fixed-model simultaneous pairwise bound, not universal optimality"
hgb,True,whole,hgb::H_M_P_A,H_M_P_A,13,0.7088859743713888,hgb::H_C_K,0.638284078648712,0.07060189572267683,0.10995993865276862,"post-evaluation descriptive audit; fixed-model simultaneous pairwise bound, not universal optimality"
hgb,True,whole,hgb::H_D_M_P_A,H_D_M_P_A,17,0.7027754309756395,hgb::H_C_K,0.638284078648712,0.0644913523269276,0.10384939525701939,"post-evaluation descriptive audit; fixed-model simultaneous pairwise bound, not universal optimality"
hgb,True,whole,hgb::H_B_M_P_A,H_B_M_P_A,14,0.6975605047573599,hgb::H_C_K,0.638284078648712,0.05927642610864792,0.09863446903873971,"post-evaluation descriptive audit; fixed-model simultaneous pairwise bound, not universal optimality"
hgb,True,whole,hgb::H_D_B_M_P_A,H_D_B_M_P_A,18,0.6900413905220829,hgb::H_C_K,0.638284078648712,0.05175731187337096,0.09111535480346275,"post-evaluation descriptive audit; fixed-model simultaneous pairwise bound, not universal optimality"
hgb,True,whole,hgb::H_C_A,H_C_A,2,0.6734837350999665,hgb::H_C_K,0.638284078648712,0.03519965645125456,0.07455769938134635,"post-evaluation descriptive audit; fixed-model simultaneous pairwise bound, not universal optimality"
hgb,True,whole,hgb::H_D_C_A,H_D_C_A,6,0.6932854905270094,hgb::H_C_K,0.638284078648712,0.055001411878297435,0.09435945480838923,"post-evaluation descriptive audit; fixed-model simultaneous pairwise bound, not universal optimality"
hgb,True,whole,hgb::H_B_C_A,H_B_C_A,3,0.663008217745953,hgb::H_C_K,0.638284078648712,0.024724139097241027,0.06408218202733282,"post-evaluation descriptive audit; fixed-model simultaneous pairwise bound, not universal optimality"
hgb,True,whole,hgb::H_D_B_C_A,H_D_B_C_A,7,0.6896532419099553,hgb::H_C_K,0.638284078648712,0.0513691632612433,0.09072720619133509,"post-evaluation descriptive audit; fixed-model simultaneous pairwise bound, not universal optimality"
hgb,True,whole,hgb::H_M_C_A,H_M_C_A,3,0.7266627440883074,hgb::H_C_K,0.638284078648712,0.0883786654395955,0.12773670836968729,"post-evaluation descriptive audit; fixed-model simultaneous pairwise bound, not universal optimality"
hgb,True,whole,hgb::H_D_M_C_A,H_D_M_C_A,7,0.7095091099137292,hgb::H_C_K,0.638284078648712,0.07122503126501722,0.11058307419510902,"post-evaluation descriptive audit; fixed-model simultaneous pairwise bound, not universal optimality"
hgb,True,whole,hgb::H_B_M_C_A,H_B_M_C_A,4,0.6756968626743648,hgb::H_C_K,0.638284078648712,0.037412784025652845,0.07677082695574464,"post-evaluation descriptive audit; fixed-model simultaneous pairwise bound, not universal optimality"
hgb,True,whole,hgb::H_D_B_M_C_A,H_D_B_M_C_A,8,0.7023321544326461,hgb::H_C_K,0.638284078648712,0.06404807578393412,0.10340611871402591,"post-evaluation descriptive audit; fixed-model simultaneous pairwise bound, not universal optimality"
hgb,True,whole,hgb::H_P_C_A,H_P_C_A,13,0.6759877295776239,hgb::H_C_K,0.638284078648712,0.037703650928911925,0.07706169385900372,"post-evaluation descriptive audit; fixed-model simultaneous pairwise bound, not universal optimality"
hgb,True,whole,hgb::H_D_P_C_A,H_D_P_C_A,17,0.6951268008591109,hgb::H_C_K,0.638284078648712,0.05684272221039899,0.09620076514049078,"post-evaluation descriptive audit; fixed-model simultaneous pairwise bound, not universal optimality"
hgb,True,whole,hgb::H_B_P_C_A,H_B_P_C_A,14,0.670514911769484,hgb::H_C_K,0.638284078648712,0.03223083312077202,0.07158887605086381,"post-evaluation descriptive audit; fixed-model simultaneous pairwise bound, not universal optimality"
hgb,True,whole,hgb::H_D_B_P_C_A,H_D_B_P_C_A,18,0.6813289153693722,hgb::H_C_K,0.638284078648712,0.043044836720660284,0.08240287965075208,"post-evaluation descriptive audit; fixed-model simultaneous pairwise bound, not universal optimality"
hgb,True,whole,hgb::H_M_P_C_A,H_M_P_C_A,14,0.7033700807419796,hgb::H_C_K,0.638284078648712,0.06508600209326765,0.10444404502335944,"post-evaluation descriptive audit; fixed-model simultaneous pairwise bound, not universal optimality"
hgb,True,whole,hgb::H_D_M_P_C_A,H_D_M_P_C_A,18,0.7013587058177191,hgb::H_C_K,0.638284078648712,0.06307462716900714,0.10243267009909893,"post-evaluation descriptive audit; fixed-model simultaneous pairwise bound, not universal optimality"
hgb,True,whole,hgb::H_B_M_P_C_A,H_B_M_P_C_A,15,0.6953787578512893,hgb::H_C_K,0.638284078648712,0.05709467920257738,0.09645272213266917,"post-evaluation descriptive audit; fixed-model simultaneous pairwise bound, not universal optimality"
hgb,True,whole,hgb::H_D_B_M_P_C_A,H_D_B_M_P_C_A,19,0.6907357562051551,hgb::H_C_K,0.638284078648712,0.0524516775564432,0.09180972048653499,"post-evaluation descriptive audit; fixed-model simultaneous pairwise bound, not universal optimality"
hgb,True,whole,hgb::H_K,H_K,11,0.6383826710445031,hgb::H_C_K,0.638284078648712,9.859239579113055e-05,0.03945663532588293,"post-evaluation descriptive audit; fixed-model simultaneous pairwise bound, not universal optimality"
hgb,True,whole,hgb::H_D_K,H_D_K,15,0.6531649646243411,hgb::H_C_K,0.638284078648712,0.014880885975629199,0.054238928905721,"post-evaluation descriptive audit; fixed-model simultaneous pairwise bound, not universal optimality"
hgb,True,whole,hgb::H_B_K,H_B_K,12,0.6395723675644774,hgb::H_C_K,0.638284078648712,0.0012882889157654898,0.04064633184585729,"post-evaluation descriptive audit; fixed-model simultaneous pairwise bound, not universal optimality"
hgb,True,whole,hgb::H_D_B_K,H_D_B_K,16,0.655376538125445,hgb::H_C_K,0.638284078648712,0.0170924594767331,0.0564505024068249,"post-evaluation descriptive audit; fixed-model simultaneous pairwise bound, not universal optimality"
hgb,True,whole,hgb::H_M_K,H_M_K,12,0.6404632636703312,hgb::H_C_K,0.638284078648712,0.00217918502161929,0.04153722795171109,"post-evaluation descriptive audit; fixed-model simultaneous pairwise bound, not universal optimality"
hgb,True,whole,hgb::H_D_M_K,H_D_M_K,16,0.6546810788743748,hgb::H_C_K,0.638284078648712,0.016397000225662817,0.055755043155754615,"post-evaluation descriptive audit; fixed-model simultaneous pairwise bound, not universal optimality"
hgb,True,whole,hgb::H_B_M_K,H_B_M_K,13,0.6415221518446487,hgb::H_C_K,0.638284078648712,0.0032380731959367193,0.04259611612602852,"post-evaluation descriptive audit; fixed-model simultaneous pairwise bound, not universal optimality"
hgb,True,whole,hgb::H_D_B_M_K,H_D_B_M_K,17,0.6574153264229233,hgb::H_C_K,0.638284078648712,0.01913124777421138,0.05848929070430318,"post-evaluation descriptive audit; fixed-model simultaneous pairwise bound, not universal optimality"
hgb,True,whole,hgb::H_P_K,H_P_K,22,0.6503375492658096,hgb::H_C_K,0.638284078648712,0.012053470617097606,0.051411513547189404,"post-evaluation descriptive audit; fixed-model simultaneous pairwise bound, not universal optimality"
hgb,True,whole,hgb::H_D_P_K,H_D_P_K,26,0.6590442856701114,hgb::H_C_K,0.638284078648712,0.02076020702139947,0.060118249951491266,"post-evaluation descriptive audit; fixed-model simultaneous pairwise bound, not universal optimality"
hgb,True,whole,hgb::H_B_P_K,H_B_P_K,23,0.6493460456961229,hgb::H_C_K,0.638284078648712,0.011061967047410914,0.05042000997750271,"post-evaluation descriptive audit; fixed-model simultaneous pairwise bound, not universal optimality"
hgb,True,whole,hgb::H_D_B_P_K,H_D_B_P_K,27,0.6598556150613781,hgb::H_C_K,0.638284078648712,0.02157153641266618,0.06092957934275798,"post-evaluation descriptive audit; fixed-model simultaneous pairwise bound, not universal optimality"
hgb,True,whole,hgb::H_M_P_K,H_M_P_K,23,0.6511548920592173,hgb::H_C_K,0.638284078648712,0.012870813410505333,0.05222885634059713,"post-evaluation descriptive audit; fixed-model simultaneous pairwise bound, not universal optimality"
hgb,True,whole,hgb::H_D_M_P_K,H_D_M_P_K,27,0.6588566825523112,hgb::H_C_K,0.638284078648712,0.020572603903599274,0.05993064683369107,"post-evaluation descriptive audit; fixed-model simultaneous pairwise bound, not universal optimality"
hgb,True,whole,hgb::H_B_M_P_K,H_B_M_P_K,24,0.6500437287480486,hgb::H_C_K,0.638284078648712,0.01175965009933666,0.05111769302942846,"post-evaluation descriptive audit; fixed-model simultaneous pairwise bound, not universal optimality"
hgb,True,whole,hgb::H_D_B_M_P_K,H_D_B_M_P_K,28,0.6595803126229607,hgb::H_C_K,0.638284078648712,0.021296233974248735,0.06065427690434053,"post-evaluation descriptive audit; fixed-model simultaneous pairwise bound, not universal optimality"
hgb,True,whole,hgb::H_C_K,H_C_K,12,0.638284078648712,hgb::H_C_K,0.638284078648712,0.0,0.0393580429300918,"post-evaluation descriptive audit; fixed-model simultaneous pairwise bound, not universal optimality"
hgb,True,whole,hgb::H_D_C_K,H_D_C_K,16,0.6549018277369846,hgb::H_C_K,0.638284078648712,0.016617749088272626,0.055975792018364424,"post-evaluation descriptive audit; fixed-model simultaneous pairwise bound, not universal optimality"
hgb,True,whole,hgb::H_B_C_K,H_B_C_K,13,0.6393156802685017,hgb::H_C_K,0.638284078648712,0.0010316016197897682,0.040389644549881566,"post-evaluation descriptive audit; fixed-model simultaneous pairwise bound, not universal optimality"
hgb,True,whole,hgb::H_D_B_C_K,H_D_B_C_K,17,0.653273069966358,hgb::H_C_K,0.638284078648712,0.014988991317646083,0.05434703424773788,"post-evaluation descriptive audit; fixed-model simultaneous pairwise bound, not universal optimality"
hgb,True,whole,hgb::H_M_C_K,H_M_C_K,13,0.6404291495761183,hgb::H_C_K,0.638284078648712,0.002145070927406345,0.04150311385749814,"post-evaluation descriptive audit; fixed-model simultaneous pairwise bound, not universal optimality"
hgb,True,whole,hgb::H_D_M_C_K,H_D_M_C_K,17,0.6548242906069663,hgb::H_C_K,0.638284078648712,0.01654021195825439,0.05589825488834619,"post-evaluation descriptive audit; fixed-model simultaneous pairwise bound, not universal optimality"
hgb,True,whole,hgb::H_B_M_C_K,H_B_M_C_K,14,0.6416010196271159,hgb::H_C_K,0.638284078648712,0.0033169409784039594,0.04267498390849576,"post-evaluation descriptive audit; fixed-model simultaneous pairwise bound, not universal optimality"
hgb,True,whole,hgb::H_D_B_M_C_K,H_D_B_M_C_K,18,0.656993184416217,hgb::H_C_K,0.638284078648712,0.018709105767505063,0.05806714869759686,"post-evaluation descriptive audit; fixed-model simultaneous pairwise bound, not universal optimality"
hgb,True,whole,hgb::H_P_C_K,H_P_C_K,23,0.6503375492658096,hgb::H_C_K,0.638284078648712,0.012053470617097606,0.051411513547189404,"post-evaluation descriptive audit; fixed-model simultaneous pairwise bound, not universal optimality"
hgb,True,whole,hgb::H_D_P_C_K,H_D_P_C_K,27,0.6587889467746245,hgb::H_C_K,0.638284078648712,0.020504868125912568,0.059862911056004366,"post-evaluation descriptive audit; fixed-model simultaneous pairwise bound, not universal optimality"
hgb,True,whole,hgb::H_B_P_C_K,H_B_P_C_K,24,0.6493460456961229,hgb::H_C_K,0.638284078648712,0.011061967047410914,0.05042000997750271,"post-evaluation descriptive audit; fixed-model simultaneous pairwise bound, not universal optimality"
hgb,True,whole,hgb::H_D_B_P_C_K,H_D_B_P_C_K,28,0.6590623820623304,hgb::H_C_K,0.638284078648712,0.020778303413618415,0.06013634634371021,"post-evaluation descriptive audit; fixed-model simultaneous pairwise bound, not universal optimality"
hgb,True,whole,hgb::H_M_P_C_K,H_M_P_C_K,24,0.6619306454946872,hgb::H_C_K,0.638284078648712,0.023646566845975214,0.063004609776067,"post-evaluation descriptive audit; fixed-model simultaneous pairwise bound, not universal optimality"
hgb,True,whole,hgb::H_D_M_P_C_K,H_D_M_P_C_K,28,0.6604056435202795,hgb::H_C_K,0.638284078648712,0.02212156487156758,0.061479607801659376,"post-evaluation descriptive audit; fixed-model simultaneous pairwise bound, not universal optimality"
hgb,True,whole,hgb::H_B_M_P_C_K,H_B_M_P_C_K,25,0.6500437287480486,hgb::H_C_K,0.638284078648712,0.01175965009933666,0.05111769302942846,"post-evaluation descriptive audit; fixed-model simultaneous pairwise bound, not universal optimality"
hgb,True,whole,hgb::H_D_B_M_P_C_K,H_D_B_M_P_C_K,29,0.660358823806243,hgb::H_C_K,0.638284078648712,0.02207474515753105,0.06143278808762285,"post-evaluation descriptive audit; fixed-model simultaneous pairwise bound, not universal optimality"
hgb,True,whole,hgb::H_A_K,H_A_K,12,0.6492341806137236,hgb::H_C_K,0.638284078648712,0.010950101965011672,0.05030814489510347,"post-evaluation descriptive audit; fixed-model simultaneous pairwise bound, not universal optimality"
hgb,True,whole,hgb::H_D_A_K,H_D_A_K,16,0.6707098832842748,hgb::H_C_K,0.638284078648712,0.03242580463556288,0.07178384756565467,"post-evaluation descriptive audit; fixed-model simultaneous pairwise bound, not universal optimality"
hgb,True,whole,hgb::H_B_A_K,H_B_A_K,13,0.6492729875744878,hgb::H_C_K,0.638284078648712,0.010988908925775864,0.05034695185586766,"post-evaluation descriptive audit; fixed-model simultaneous pairwise bound, not universal optimality"
hgb,True,whole,hgb::H_D_B_A_K,H_D_B_A_K,17,0.6680200149720282,hgb::H_C_K,0.638284078648712,0.02973593632331628,0.06909397925340807,"post-evaluation descriptive audit; fixed-model simultaneous pairwise bound, not universal optimality"
hgb,True,whole,hgb::H_M_A_K,H_M_A_K,13,0.6491482398720787,hgb::H_C_K,0.638284078648712,0.010864161223366753,0.05022220415345855,"post-evaluation descriptive audit; fixed-model simultaneous pairwise bound, not universal optimality"
hgb,True,whole,hgb::H_D_M_A_K,H_D_M_A_K,17,0.6888621804895456,hgb::H_C_K,0.638284078648712,0.05057810184083367,0.08993614477092546,"post-evaluation descriptive audit; fixed-model simultaneous pairwise bound, not universal optimality"
hgb,True,whole,hgb::H_B_M_A_K,H_B_M_A_K,14,0.6503962476805651,hgb::H_C_K,0.638284078648712,0.012112169031853193,0.05147021196194499,"post-evaluation descriptive audit; fixed-model simultaneous pairwise bound, not universal optimality"
hgb,True,whole,hgb::H_D_B_M_A_K,H_D_B_M_A_K,18,0.6792729050006163,hgb::H_C_K,0.638284078648712,0.04098882635190437,0.08034686928199616,"post-evaluation descriptive audit; fixed-model simultaneous pairwise bound, not universal optimality"
hgb,True,whole,hgb::H_P_A_K,H_P_A_K,23,0.6549756897218778,hgb::H_C_K,0.638284078648712,0.016691611073165857,0.056049654003257655,"post-evaluation descriptive audit; fixed-model simultaneous pairwise bound, not universal optimality"
hgb,True,whole,hgb::H_D_P_A_K,H_D_P_A_K,27,0.6713924112561788,hgb::H_C_K,0.638284078648712,0.03310833260746682,0.07246637553755861,"post-evaluation descriptive audit; fixed-model simultaneous pairwise bound, not universal optimality"
hgb,True,whole,hgb::H_B_P_A_K,H_B_P_A_K,24,0.6519716459855143,hgb::H_C_K,0.638284078648712,0.01368756733680232,0.05304561026689412,"post-evaluation descriptive audit; fixed-model simultaneous pairwise bound, not universal optimality"
hgb,True,whole,hgb::H_D_B_P_A_K,H_D_B_P_A_K,28,0.6669462239847588,hgb::H_C_K,0.638284078648712,0.02866214533604683,0.06802018826613862,"post-evaluation descriptive audit; fixed-model simultaneous pairwise bound, not universal optimality"
hgb,True,whole,hgb::H_M_P_A_K,H_M_P_A_K,24,0.6833823445441881,hgb::H_C_K,0.638284078648712,0.045098265895476164,0.08445630882556796,"post-evaluation descriptive audit; fixed-model simultaneous pairwise bound, not universal optimality"
hgb,True,whole,hgb::H_D_M_P_A_K,H_D_M_P_A_K,28,0.6807476623159976,hgb::H_C_K,0.638284078648712,0.04246358366728564,0.08182162659737743,"post-evaluation descriptive audit; fixed-model simultaneous pairwise bound, not universal optimality"
hgb,True,whole,hgb::H_B_M_P_A_K,H_B_M_P_A_K,25,0.653999619788892,hgb::H_C_K,0.638284078648712,0.015715541140180034,0.05507358407027183,"post-evaluation descriptive audit; fixed-model simultaneous pairwise bound, not universal optimality"
hgb,True,whole,hgb::H_D_B_M_P_A_K,H_D_B_M_P_A_K,29,0.675064899971155,hgb::H_C_K,0.638284078648712,0.03678082132244309,0.07613886425253488,"post-evaluation descriptive audit; fixed-model simultaneous pairwise bound, not universal optimality"
hgb,True,whole,hgb::H_C_A_K,H_C_A_K,13,0.671166859318026,hgb::H_C_K,0.638284078648712,0.03288278066931405,0.07224082359940584,"post-evaluation descriptive audit; fixed-model simultaneous pairwise bound, not universal optimality"
hgb,True,whole,hgb::H_D_C_A_K,H_D_C_A_K,17,0.669422843620356,hgb::H_C_K,0.638284078648712,0.03113876497164403,0.07049680790173582,"post-evaluation descriptive audit; fixed-model simultaneous pairwise bound, not universal optimality"
hgb,True,whole,hgb::H_B_C_A_K,H_B_C_A_K,14,0.6491753452074976,hgb::H_C_K,0.638284078648712,0.010891266558785695,0.05024930948887749,"post-evaluation descriptive audit; fixed-model simultaneous pairwise bound, not universal optimality"
hgb,True,whole,hgb::H_D_B_C_A_K,H_D_B_C_A_K,18,0.664670332958226,hgb::H_C_K,0.638284078648712,0.026386254309514023,0.06574429723960581,"post-evaluation descriptive audit; fixed-model simultaneous pairwise bound, not universal optimality"
hgb,True,whole,hgb::H_M_C_A_K,H_M_C_A_K,14,0.6896368232275334,hgb::H_C_K,0.638284078648712,0.05135274457882144,0.09071078750891323,"post-evaluation descriptive audit; fixed-model simultaneous pairwise bound, not universal optimality"
hgb,True,whole,hgb::H_D_M_C_A_K,H_D_M_C_A_K,18,0.6908573909774215,hgb::H_C_K,0.638284078648712,0.05257331232870954,0.09193135525880133,"post-evaluation descriptive audit; fixed-model simultaneous pairwise bound, not universal optimality"
hgb,True,whole,hgb::H_B_M_C_A_K,H_B_M_C_A_K,15,0.6504196502391938,hgb::H_C_K,0.638284078648712,0.012135571590481842,0.05149361452057364,"post-evaluation descriptive audit; fixed-model simultaneous pairwise bound, not universal optimality"
hgb,True,whole,hgb::H_D_B_M_C_A_K,H_D_B_M_C_A_K,19,0.6809865551237512,hgb::H_C_K,0.638284078648712,0.04270247647503922,0.08206051940513101,"post-evaluation descriptive audit; fixed-model simultaneous pairwise bound, not universal optimality"
hgb,True,whole,hgb::H_P_C_A_K,H_P_C_A_K,24,0.6549756897218778,hgb::H_C_K,0.638284078648712,0.016691611073165857,0.056049654003257655,"post-evaluation descriptive audit; fixed-model simultaneous pairwise bound, not universal optimality"
hgb,True,whole,hgb::H_D_P_C_A_K,H_D_P_C_A_K,28,0.6687003440049027,hgb::H_C_K,0.638284078648712,0.030416265356190797,0.06977430828628259,"post-evaluation descriptive audit; fixed-model simultaneous pairwise bound, not universal optimality"
hgb,True,whole,hgb::H_B_P_C_A_K,H_B_P_C_A_K,25,0.6519716459855143,hgb::H_C_K,0.638284078648712,0.01368756733680232,0.05304561026689412,"post-evaluation descriptive audit; fixed-model simultaneous pairwise bound, not universal optimality"
hgb,True,whole,hgb::H_D_B_P_C_A_K,H_D_B_P_C_A_K,29,0.6663645743713255,hgb::H_C_K,0.638284078648712,0.028080495722613508,0.0674385386527053,"post-evaluation descriptive audit; fixed-model simultaneous pairwise bound, not universal optimality"
hgb,True,whole,hgb::H_M_P_C_A_K,H_M_P_C_A_K,25,0.6802193034506163,hgb::H_C_K,0.638284078648712,0.04193522480190437,0.08129326773199616,"post-evaluation descriptive audit; fixed-model simultaneous pairwise bound, not universal optimality"
hgb,True,whole,hgb::H_D_M_P_C_A_K,H_D_M_P_C_A_K,29,0.6804685078629296,hgb::H_C_K,0.638284078648712,0.04218442921421761,0.0815424721443094,"post-evaluation descriptive audit; fixed-model simultaneous pairwise bound, not universal optimality"
hgb,True,whole,hgb::H_B_M_P_C_A_K,H_B_M_P_C_A_K,26,0.6754013890935684,hgb::H_C_K,0.638284078648712,0.037117310444856444,0.07647535337494824,"post-evaluation descriptive audit; fixed-model simultaneous pairwise bound, not universal optimality"
hgb,True,whole,hgb::H_D_B_M_P_C_A_K,H_D_B_M_P_C_A_K,30,0.670626192242902,hgb::H_C_K,0.638284078648712,0.032342113594190036,0.07170015652428183,"post-evaluation descriptive audit; fixed-model simultaneous pairwise bound, not universal optimality"
hgb,True,whole,hgb::NONE,NONE,0,0.6856435498450262,hgb::H_C_K,0.638284078648712,0.04735947119631423,0.08671751412640602,"post-evaluation descriptive audit; fixed-model simultaneous pairwise bound, not universal optimality"
hgb,True,whole,hgb::D,D,4,0.7155203709602153,hgb::H_C_K,0.638284078648712,0.07723629231150331,0.1165943352415951,"post-evaluation descriptive audit; fixed-model simultaneous pairwise bound, not universal optimality"
hgb,True,whole,hgb::B,B,1,0.6818963925562056,hgb::H_C_K,0.638284078648712,0.04361231390749365,0.08297035683758544,"post-evaluation descriptive audit; fixed-model simultaneous pairwise bound, not universal optimality"
hgb,True,whole,hgb::D_B,D_B,5,0.7135859744769579,hgb::H_C_K,0.638284078648712,0.07530189582824598,0.11465993875833777,"post-evaluation descriptive audit; fixed-model simultaneous pairwise bound, not universal optimality"
hgb,True,whole,hgb::M,M,1,0.6787618311547771,hgb::H_C_K,0.638284078648712,0.04047775250606511,0.0798357954361569,"post-evaluation descriptive audit; fixed-model simultaneous pairwise bound, not universal optimality"
hgb,True,whole,hgb::D_M,D_M,5,0.7101067684041252,hgb::H_C_K,0.638284078648712,0.07182268975541328,0.11118073268550507,"post-evaluation descriptive audit; fixed-model simultaneous pairwise bound, not universal optimality"
hgb,True,whole,hgb::B_M,B_M,2,0.6801649463576979,hgb::H_C_K,0.638284078648712,0.041880867708985914,0.0812389106390777,"post-evaluation descriptive audit; fixed-model simultaneous pairwise bound, not universal optimality"
hgb,True,whole,hgb::D_B_M,D_B_M,6,0.7132674449486063,hgb::H_C_K,0.638284078648712,0.07498336629989433,0.11434140922998612,"post-evaluation descriptive audit; fixed-model simultaneous pairwise bound, not universal optimality"
hgb,True,whole,hgb::P,P,11,0.6965206252488412,hgb::H_C_K,0.638284078648712,0.058236546600129224,0.09759458953022102,"post-evaluation descriptive audit; fixed-model simultaneous pairwise bound, not universal optimality"
hgb,True,whole,hgb::D_P,D_P,15,0.7222473048973518,hgb::H_C_K,0.638284078648712,0.08396322624863983,0.12332126917873162,"post-evaluation descriptive audit; fixed-model simultaneous pairwise bound, not universal optimality"
hgb,True,whole,hgb::B_P,B_P,12,0.6933746646130042,hgb::H_C_K,0.638284078648712,0.05509058596429228,0.09444862889438407,"post-evaluation descriptive audit; fixed-model simultaneous pairwise bound, not universal optimality"
hgb,True,whole,hgb::D_B_P,D_B_P,16,0.7193005922671377,hgb::H_C_K,0.638284078648712,0.08101651361842577,0.12037455654851756,"post-evaluation descriptive audit; fixed-model simultaneous pairwise bound, not universal optimality"
hgb,True,whole,hgb::M_P,M_P,12,0.6871473031036043,hgb::H_C_K,0.638284078648712,0.04886322445489233,0.08822126738498412,"post-evaluation descriptive audit; fixed-model simultaneous pairwise bound, not universal optimality"
hgb,True,whole,hgb::D_M_P,D_M_P,16,0.7170352807528273,hgb::H_C_K,0.638284078648712,0.07875120210411535,0.11810924503420714,"post-evaluation descriptive audit; fixed-model simultaneous pairwise bound, not universal optimality"
hgb,True,whole,hgb::B_M_P,B_M_P,13,0.6964925971873651,hgb::H_C_K,0.638284078648712,0.058208518538653164,0.09756656146874496,"post-evaluation descriptive audit; fixed-model simultaneous pairwise bound, not universal optimality"
hgb,True,whole,hgb::D_B_M_P,D_B_M_P,17,0.7170012732397901,hgb::H_C_K,0.638284078648712,0.07871719459107818,0.11807523752116997,"post-evaluation descriptive audit; fixed-model simultaneous pairwise bound, not universal optimality"
hgb,True,whole,hgb::C,C,1,0.6848823958558121,hgb::H_C_K,0.638284078648712,0.04659831720710017,0.08595636013719196,"post-evaluation descriptive audit; fixed-model simultaneous pairwise bound, not universal optimality"
hgb,True,whole,hgb::D_C,D_C,5,0.7090241645023584,hgb::H_C_K,0.638284078648712,0.07074008585364644,0.11009812878373823,"post-evaluation descriptive audit; fixed-model simultaneous pairwise bound, not universal optimality"
hgb,True,whole,hgb::B_C,B_C,2,0.6801576799673392,hgb::H_C_K,0.638284078648712,0.041873601318627274,0.08123164424871906,"post-evaluation descriptive audit; fixed-model simultaneous pairwise bound, not universal optimality"
hgb,True,whole,hgb::D_B_C,D_B_C,6,0.709763419754358,hgb::H_C_K,0.638284078648712,0.07147934110564602,0.11083738403573781,"post-evaluation descriptive audit; fixed-model simultaneous pairwise bound, not universal optimality"
hgb,True,whole,hgb::M_C,M_C,2,0.6800606997798405,hgb::H_C_K,0.638284078648712,0.041776621131128566,0.08113466406122036,"post-evaluation descriptive audit; fixed-model simultaneous pairwise bound, not universal optimality"
hgb,True,whole,hgb::D_M_C,D_M_C,6,0.7059287723044296,hgb::H_C_K,0.638284078648712,0.06764469365571768,0.10700273658580947,"post-evaluation descriptive audit; fixed-model simultaneous pairwise bound, not universal optimality"
hgb,True,whole,hgb::B_M_C,B_M_C,3,0.6792508099823518,hgb::H_C_K,0.638284078648712,0.040966731333639816,0.08032477426373161,"post-evaluation descriptive audit; fixed-model simultaneous pairwise bound, not universal optimality"
hgb,True,whole,hgb::D_B_M_C,D_B_M_C,7,0.7095530395277289,hgb::H_C_K,0.638284078648712,0.07126896087901691,0.1106270038091087,"post-evaluation descriptive audit; fixed-model simultaneous pairwise bound, not universal optimality"
hgb,True,whole,hgb::P_C,P_C,12,0.6939126034893279,hgb::H_C_K,0.638284078648712,0.05562852484061598,0.09498656777070777,"post-evaluation descriptive audit; fixed-model simultaneous pairwise bound, not universal optimality"
hgb,True,whole,hgb::D_P_C,D_P_C,16,0.7194386989251487,hgb::H_C_K,0.638284078648712,0.08115462027643672,0.12051266320652851,"post-evaluation descriptive audit; fixed-model simultaneous pairwise bound, not universal optimality"
hgb,True,whole,hgb::B_P_C,B_P_C,13,0.6926961941147267,hgb::H_C_K,0.638284078648712,0.054412115466014765,0.09377015839610656,"post-evaluation descriptive audit; fixed-model simultaneous pairwise bound, not universal optimality"
hgb,True,whole,hgb::D_B_P_C,D_B_P_C,17,0.7156933604389678,hgb::H_C_K,0.638284078648712,0.07740928179025586,0.11676732472034765,"post-evaluation descriptive audit; fixed-model simultaneous pairwise bound, not universal optimality"
hgb,True,whole,hgb::M_P_C,M_P_C,13,0.6853081326041705,hgb::H_C_K,0.638284078648712,0.0470240539554585,0.08638209688555029,"post-evaluation descriptive audit; fixed-model simultaneous pairwise bound, not universal optimality"
hgb,True,whole,hgb::D_M_P_C,D_M_P_C,17,0.7121901674909844,hgb::H_C_K,0.638284078648712,0.07390608884227245,0.11326413177236425,"post-evaluation descriptive audit; fixed-model simultaneous pairwise bound, not universal optimality"
hgb,True,whole,hgb::B_M_P_C,B_M_P_C,14,0.6950169824599673,hgb::H_C_K,0.638284078648712,0.0567329038112554,0.09609094674134719,"post-evaluation descriptive audit; fixed-model simultaneous pairwise bound, not universal optimality"
hgb,True,whole,hgb::D_B_M_P_C,D_B_M_P_C,18,0.7135359247462041,hgb::H_C_K,0.638284078648712,0.07525184609749214,0.11460988902758393,"post-evaluation descriptive audit; fixed-model simultaneous pairwise bound, not universal optimality"
hgb,True,whole,hgb::A,A,1,0.6972900894458588,hgb::H_C_K,0.638284078648712,0.059006010797146846,0.09836405372723864,"post-evaluation descriptive audit; fixed-model simultaneous pairwise bound, not universal optimality"
hgb,True,whole,hgb::D_A,D_A,5,0.7322512464588542,hgb::H_C_K,0.638284078648712,0.09396716781014225,0.13332521074023404,"post-evaluation descriptive audit; fixed-model simultaneous pairwise bound, not universal optimality"
hgb,True,whole,hgb::B_A,B_A,2,0.6874268219693005,hgb::H_C_K,0.638284078648712,0.049142743320588544,0.08850078625068034,"post-evaluation descriptive audit; fixed-model simultaneous pairwise bound, not universal optimality"
hgb,True,whole,hgb::D_B_A,D_B_A,6,0.723922523920515,hgb::H_C_K,0.638284078648712,0.08563844527180309,0.12499648820189488,"post-evaluation descriptive audit; fixed-model simultaneous pairwise bound, not universal optimality"
hgb,True,whole,hgb::M_A,M_A,2,0.7215173654456307,hgb::H_C_K,0.638284078648712,0.08323328679691877,0.12259132972701056,"post-evaluation descriptive audit; fixed-model simultaneous pairwise bound, not universal optimality"
hgb,True,whole,hgb::D_M_A,D_M_A,6,0.7471951330539944,hgb::H_C_K,0.638284078648712,0.10891105440528248,0.14826909733537427,"post-evaluation descriptive audit; fixed-model simultaneous pairwise bound, not universal optimality"
hgb,True,whole,hgb::B_M_A,B_M_A,3,0.7027061394352571,hgb::H_C_K,0.638284078648712,0.06442206078654511,0.1037801037166369,"post-evaluation descriptive audit; fixed-model simultaneous pairwise bound, not universal optimality"
hgb,True,whole,hgb::D_B_M_A,D_B_M_A,7,0.7400549209592816,hgb::H_C_K,0.638284078648712,0.10177084231056965,0.14112888524066144,"post-evaluation descriptive audit; fixed-model simultaneous pairwise bound, not universal optimality"
hgb,True,whole,hgb::P_A,P_A,12,0.6994750711261898,hgb::H_C_K,0.638284078648712,0.061190992477477835,0.10054903540756963,"post-evaluation descriptive audit; fixed-model simultaneous pairwise bound, not universal optimality"
hgb,True,whole,hgb::D_P_A,D_P_A,16,0.7322181534927249,hgb::H_C_K,0.638284078648712,0.09393407484401295,0.13329211777410474,"post-evaluation descriptive audit; fixed-model simultaneous pairwise bound, not universal optimality"
hgb,True,whole,hgb::B_P_A,B_P_A,13,0.6907115071388333,hgb::H_C_K,0.638284078648712,0.052427428490121386,0.09178547142021318,"post-evaluation descriptive audit; fixed-model simultaneous pairwise bound, not universal optimality"
hgb,True,whole,hgb::D_B_P_A,D_B_P_A,17,0.724244511334822,hgb::H_C_K,0.638284078648712,0.08596043268611009,0.12531847561620188,"post-evaluation descriptive audit; fixed-model simultaneous pairwise bound, not universal optimality"
hgb,True,whole,hgb::M_P_A,M_P_A,13,0.7008301736526003,hgb::H_C_K,0.638284078648712,0.0625460950038883,0.1019041379339801,"post-evaluation descriptive audit; fixed-model simultaneous pairwise bound, not universal optimality"
hgb,True,whole,hgb::D_M_P_A,D_M_P_A,17,0.7357820447890608,hgb::H_C_K,0.638284078648712,0.09749796614034889,0.13685600907044068,"post-evaluation descriptive audit; fixed-model simultaneous pairwise bound, not universal optimality"
hgb,True,whole,hgb::B_M_P_A,B_M_P_A,14,0.7013443706643745,hgb::H_C_K,0.638284078648712,0.06306029201566254,0.10241833494575434,"post-evaluation descriptive audit; fixed-model simultaneous pairwise bound, not universal optimality"
hgb,True,whole,hgb::D_B_M_P_A,D_B_M_P_A,18,0.7298294306891028,hgb::H_C_K,0.638284078648712,0.09154535204039083,0.13090339497048262,"post-evaluation descriptive audit; fixed-model simultaneous pairwise bound, not universal optimality"
hgb,True,whole,hgb::C_A,C_A,2,0.6924475864199584,hgb::H_C_K,0.638284078648712,0.054163507771246455,0.09352155070133825,"post-evaluation descriptive audit; fixed-model simultaneous pairwise bound, not universal optimality"
hgb,True,whole,hgb::D_C_A,D_C_A,6,0.7232261416656027,hgb::H_C_K,0.638284078648712,0.08494206301689078,0.12430010594698257,"post-evaluation descriptive audit; fixed-model simultaneous pairwise bound, not universal optimality"
hgb,True,whole,hgb::B_C_A,B_C_A,3,0.6831867882240331,hgb::H_C_K,0.638284078648712,0.044902709575321165,0.08426075250541296,"post-evaluation descriptive audit; fixed-model simultaneous pairwise bound, not universal optimality"
hgb,True,whole,hgb::D_B_C_A,D_B_C_A,7,0.7180807551787108,hgb::H_C_K,0.638284078648712,0.07979667652999889,0.11915471946009068,"post-evaluation descriptive audit; fixed-model simultaneous pairwise bound, not universal optimality"
hgb,True,whole,hgb::M_C_A,M_C_A,3,0.703062149779931,hgb::H_C_K,0.638284078648712,0.06477807113121903,0.10413611406131082,"post-evaluation descriptive audit; fixed-model simultaneous pairwise bound, not universal optimality"
hgb,True,whole,hgb::D_M_C_A,D_M_C_A,7,0.7422967027812436,hgb::H_C_K,0.638284078648712,0.10401262413253165,0.14337066706262344,"post-evaluation descriptive audit; fixed-model simultaneous pairwise bound, not universal optimality"
hgb,True,whole,hgb::B_M_C_A,B_M_C_A,4,0.6915956981099542,hgb::H_C_K,0.638284078648712,0.0533116194612423,0.09266966239133409,"post-evaluation descriptive audit; fixed-model simultaneous pairwise bound, not universal optimality"
hgb,True,whole,hgb::D_B_M_C_A,D_B_M_C_A,8,0.7389412284305837,hgb::H_C_K,0.638284078648712,0.10065714978187179,0.14001519271196358,"post-evaluation descriptive audit; fixed-model simultaneous pairwise bound, not universal optimality"
hgb,True,whole,hgb::P_C_A,P_C_A,13,0.6966667721632617,hgb::H_C_K,0.638284078648712,0.05838269351454972,0.09774073644464151,"post-evaluation descriptive audit; fixed-model simultaneous pairwise bound, not universal optimality"
hgb,True,whole,hgb::D_P_C_A,D_P_C_A,17,0.72898070996344,hgb::H_C_K,0.638284078648712,0.09069663131472805,0.13005467424481984,"post-evaluation descriptive audit; fixed-model simultaneous pairwise bound, not universal optimality"
hgb,True,whole,hgb::B_P_C_A,B_P_C_A,14,0.6903368492735602,hgb::H_C_K,0.638284078648712,0.052052770624848255,0.09141081355494005,"post-evaluation descriptive audit; fixed-model simultaneous pairwise bound, not universal optimality"
hgb,True,whole,hgb::D_B_P_C_A,D_B_P_C_A,18,0.7208517464684255,hgb::H_C_K,0.638284078648712,0.08256766781971359,0.12192571074980538,"post-evaluation descriptive audit; fixed-model simultaneous pairwise bound, not universal optimality"
hgb,True,whole,hgb::M_P_C_A,M_P_C_A,14,0.6955600524249649,hgb::H_C_K,0.638284078648712,0.05727597377625293,0.09663401670634472,"post-evaluation descriptive audit; fixed-model simultaneous pairwise bound, not universal optimality"
hgb,True,whole,hgb::D_M_P_C_A,D_M_P_C_A,18,0.7379074877029028,hgb::H_C_K,0.638284078648712,0.09962340905419087,0.13898145198428266,"post-evaluation descriptive audit; fixed-model simultaneous pairwise bound, not universal optimality"
hgb,True,whole,hgb::B_M_P_C_A,B_M_P_C_A,15,0.6984142739079404,hgb::H_C_K,0.638284078648712,0.06013019525922847,0.09948823818932026,"post-evaluation descriptive audit; fixed-model simultaneous pairwise bound, not universal optimality"
hgb,True,whole,hgb::D_B_M_P_C_A,D_B_M_P_C_A,19,0.7295146682684671,hgb::H_C_K,0.638284078648712,0.09123058961975516,0.13058863254984696,"post-evaluation descriptive audit; fixed-model simultaneous pairwise bound, not universal optimality"
hgb,True,whole,hgb::K,K,11,0.6600205097239774,hgb::H_C_K,0.638284078648712,0.02173643107526546,0.06109447400535726,"post-evaluation descriptive audit; fixed-model simultaneous pairwise bound, not universal optimality"
hgb,True,whole,hgb::D_K,D_K,15,0.6925025559332562,hgb::H_C_K,0.638284078648712,0.05421847728454421,0.093576520214636,"post-evaluation descriptive audit; fixed-model simultaneous pairwise bound, not universal optimality"
hgb,True,whole,hgb::B_K,B_K,12,0.6606060783956192,hgb::H_C_K,0.638284078648712,0.022321999746907295,0.06168004267699909,"post-evaluation descriptive audit; fixed-model simultaneous pairwise bound, not universal optimality"
hgb,True,whole,hgb::D_B_K,D_B_K,16,0.6903525180735154,hgb::H_C_K,0.638284078648712,0.05206843942480344,0.09142648235489523,"post-evaluation descriptive audit; fixed-model simultaneous pairwise bound, not universal optimality"
hgb,True,whole,hgb::M_K,M_K,12,0.6580373906033989,hgb::H_C_K,0.638284078648712,0.019753311954686992,0.05911135488477879,"post-evaluation descriptive audit; fixed-model simultaneous pairwise bound, not universal optimality"
hgb,True,whole,hgb::D_M_K,D_M_K,16,0.6910596595084209,hgb::H_C_K,0.638284078648712,0.052775580859708904,0.0921336237898007,"post-evaluation descriptive audit; fixed-model simultaneous pairwise bound, not universal optimality"
hgb,True,whole,hgb::B_M_K,B_M_K,13,0.661679432188254,hgb::H_C_K,0.638284078648712,0.02339535353954203,0.06275339646963382,"post-evaluation descriptive audit; fixed-model simultaneous pairwise bound, not universal optimality"
hgb,True,whole,hgb::D_B_M_K,D_B_M_K,17,0.690449925777311,hgb::H_C_K,0.638284078648712,0.05216584712859906,0.09152389005869085,"post-evaluation descriptive audit; fixed-model simultaneous pairwise bound, not universal optimality"
hgb,True,whole,hgb::P_K,P_K,22,0.6806355819092703,hgb::H_C_K,0.638284078648712,0.042351503260558365,0.08170954619065016,"post-evaluation descriptive audit; fixed-model simultaneous pairwise bound, not universal optimality"
hgb,True,whole,hgb::D_P_K,D_P_K,26,0.7084124802770685,hgb::H_C_K,0.638284078648712,0.07012840162835654,0.10948644455844833,"post-evaluation descriptive audit; fixed-model simultaneous pairwise bound, not universal optimality"
hgb,True,whole,hgb::B_P_K,B_P_K,23,0.6762093289476452,hgb::H_C_K,0.638284078648712,0.03792525029893323,0.07728329322902502,"post-evaluation descriptive audit; fixed-model simultaneous pairwise bound, not universal optimality"
hgb,True,whole,hgb::D_B_P_K,D_B_P_K,27,0.7044327012900659,hgb::H_C_K,0.638284078648712,0.0661486226413539,0.1055066655714457,"post-evaluation descriptive audit; fixed-model simultaneous pairwise bound, not universal optimality"
hgb,True,whole,hgb::M_P_K,M_P_K,23,0.6757295629394475,hgb::H_C_K,0.638284078648712,0.037445484290735576,0.07680352722082737,"post-evaluation descriptive audit; fixed-model simultaneous pairwise bound, not universal optimality"
hgb,True,whole,hgb::D_M_P_K,D_M_P_K,27,0.7059035605941587,hgb::H_C_K,0.638284078648712,0.06761948194544676,0.10697752487553855,"post-evaluation descriptive audit; fixed-model simultaneous pairwise bound, not universal optimality"
hgb,True,whole,hgb::B_M_P_K,B_M_P_K,24,0.6733422554250253,hgb::H_C_K,0.638284078648712,0.0350581767763134,0.07441621970640519,"post-evaluation descriptive audit; fixed-model simultaneous pairwise bound, not universal optimality"
hgb,True,whole,hgb::D_B_M_P_K,D_B_M_P_K,28,0.7046419864187611,hgb::H_C_K,0.638284078648712,0.06635790777004913,0.10571595070014092,"post-evaluation descriptive audit; fixed-model simultaneous pairwise bound, not universal optimality"
hgb,True,whole,hgb::C_K,C_K,12,0.6593130459702833,hgb::H_C_K,0.638284078648712,0.021028967321571335,0.06038701025166313,"post-evaluation descriptive audit; fixed-model simultaneous pairwise bound, not universal optimality"
hgb,True,whole,hgb::D_C_K,D_C_K,16,0.6890949401452652,hgb::H_C_K,0.638284078648712,0.05081086149655323,0.09016890442664502,"post-evaluation descriptive audit; fixed-model simultaneous pairwise bound, not universal optimality"
hgb,True,whole,hgb::B_C_K,B_C_K,13,0.6598774709047587,hgb::H_C_K,0.638284078648712,0.02159339225604673,0.060951435186138526,"post-evaluation descriptive audit; fixed-model simultaneous pairwise bound, not universal optimality"
hgb,True,whole,hgb::D_B_C_K,D_B_C_K,17,0.6868116503601385,hgb::H_C_K,0.638284078648712,0.04852757171142652,0.08788561464151831,"post-evaluation descriptive audit; fixed-model simultaneous pairwise bound, not universal optimality"
hgb,True,whole,hgb::M_C_K,M_C_K,13,0.6579272719599064,hgb::H_C_K,0.638284078648712,0.019643193311194462,0.05900123624128626,"post-evaluation descriptive audit; fixed-model simultaneous pairwise bound, not universal optimality"
hgb,True,whole,hgb::D_M_C_K,D_M_C_K,17,0.6895788036292683,hgb::H_C_K,0.638284078648712,0.05129472498055632,0.09065276791064811,"post-evaluation descriptive audit; fixed-model simultaneous pairwise bound, not universal optimality"
hgb,True,whole,hgb::B_M_C_K,B_M_C_K,14,0.6611351308330633,hgb::H_C_K,0.638284078648712,0.02285105218435135,0.06220909511444315,"post-evaluation descriptive audit; fixed-model simultaneous pairwise bound, not universal optimality"
hgb,True,whole,hgb::D_B_M_C_K,D_B_M_C_K,18,0.6883192706848692,hgb::H_C_K,0.638284078648712,0.05003519203615725,0.08939323496624904,"post-evaluation descriptive audit; fixed-model simultaneous pairwise bound, not universal optimality"
hgb,True,whole,hgb::P_C_K,P_C_K,23,0.6804518950523775,hgb::H_C_K,0.638284078648712,0.042167816403665515,0.0815258593337573,"post-evaluation descriptive audit; fixed-model simultaneous pairwise bound, not universal optimality"
hgb,True,whole,hgb::D_P_C_K,D_P_C_K,27,0.7065914262970665,hgb::H_C_K,0.638284078648712,0.06830734764835455,0.10766539057844635,"post-evaluation descriptive audit; fixed-model simultaneous pairwise bound, not universal optimality"
hgb,True,whole,hgb::B_P_C_K,B_P_C_K,24,0.6762093289476452,hgb::H_C_K,0.638284078648712,0.03792525029893323,0.07728329322902502,"post-evaluation descriptive audit; fixed-model simultaneous pairwise bound, not universal optimality"
hgb,True,whole,hgb::D_B_P_C_K,D_B_P_C_K,28,0.7012559917841169,hgb::H_C_K,0.638284078648712,0.06297191313540496,0.10232995606549675,"post-evaluation descriptive audit; fixed-model simultaneous pairwise bound, not universal optimality"
hgb,True,whole,hgb::M_P_C_K,M_P_C_K,24,0.6753096635303842,hgb::H_C_K,0.638284078648712,0.03702558488167229,0.07638362781176408,"post-evaluation descriptive audit; fixed-model simultaneous pairwise bound, not universal optimality"
hgb,True,whole,hgb::D_M_P_C_K,D_M_P_C_K,28,0.7043221064556887,hgb::H_C_K,0.638284078648712,0.06603802780697676,0.10539607073706855,"post-evaluation descriptive audit; fixed-model simultaneous pairwise bound, not universal optimality"
hgb,True,whole,hgb::B_M_P_C_K,B_M_P_C_K,25,0.6733422554250253,hgb::H_C_K,0.638284078648712,0.0350581767763134,0.07441621970640519,"post-evaluation descriptive audit; fixed-model simultaneous pairwise bound, not universal optimality"
hgb,True,whole,hgb::D_B_M_P_C_K,D_B_M_P_C_K,29,0.6996369982838381,hgb::H_C_K,0.638284078648712,0.061352919635126124,0.10071096256521792,"post-evaluation descriptive audit; fixed-model simultaneous pairwise bound, not universal optimality"
hgb,True,whole,hgb::A_K,A_K,12,0.6719822112044109,hgb::H_C_K,0.638284078648712,0.03369813255569898,0.07305617548579077,"post-evaluation descriptive audit; fixed-model simultaneous pairwise bound, not universal optimality"
hgb,True,whole,hgb::D_A_K,D_A_K,16,0.7057978144400712,hgb::H_C_K,0.638284078648712,0.06751373579135922,0.10687177872145101,"post-evaluation descriptive audit; fixed-model simultaneous pairwise bound, not universal optimality"
hgb,True,whole,hgb::B_A_K,B_A_K,13,0.6681056664295284,hgb::H_C_K,0.638284078648712,0.02982158778081645,0.06917963071090824,"post-evaluation descriptive audit; fixed-model simultaneous pairwise bound, not universal optimality"
hgb,True,whole,hgb::D_B_A_K,D_B_A_K,17,0.700168671937755,hgb::H_C_K,0.638284078648712,0.061884593289043055,0.10124263621913485,"post-evaluation descriptive audit; fixed-model simultaneous pairwise bound, not universal optimality"
hgb,True,whole,hgb::M_A_K,M_A_K,13,0.6707118865748284,hgb::H_C_K,0.638284078648712,0.032427807926116436,0.07178585085620823,"post-evaluation descriptive audit; fixed-model simultaneous pairwise bound, not universal optimality"
hgb,True,whole,hgb::D_M_A_K,D_M_A_K,17,0.7201141222289419,hgb::H_C_K,0.638284078648712,0.08183004358022994,0.12118808651032173,"post-evaluation descriptive audit; fixed-model simultaneous pairwise bound, not universal optimality"
hgb,True,whole,hgb::B_M_A_K,B_M_A_K,14,0.667970965362829,hgb::H_C_K,0.638284078648712,0.02968688671411701,0.0690449296442088,"post-evaluation descriptive audit; fixed-model simultaneous pairwise bound, not universal optimality"
hgb,True,whole,hgb::D_B_M_A_K,D_B_M_A_K,18,0.7126123036070465,hgb::H_C_K,0.638284078648712,0.07432822495833458,0.11368626788842637,"post-evaluation descriptive audit; fixed-model simultaneous pairwise bound, not universal optimality"
hgb,True,whole,hgb::P_A_K,P_A_K,23,0.6819944372573455,hgb::H_C_K,0.638284078648712,0.04371035860863359,0.08306840153872538,"post-evaluation descriptive audit; fixed-model simultaneous pairwise bound, not universal optimality"
hgb,True,whole,hgb::D_P_A_K,D_P_A_K,27,0.7139618302818775,hgb::H_C_K,0.638284078648712,0.07567775163316559,0.11503579456325738,"post-evaluation descriptive audit; fixed-model simultaneous pairwise bound, not universal optimality"
hgb,True,whole,hgb::B_P_A_K,B_P_A_K,24,0.6751867995170419,hgb::H_C_K,0.638284078648712,0.03690272086832991,0.0762607637984217,"post-evaluation descriptive audit; fixed-model simultaneous pairwise bound, not universal optimality"
hgb,True,whole,hgb::D_B_P_A_K,D_B_P_A_K,28,0.7062612829326174,hgb::H_C_K,0.638284078648712,0.06797720428390541,0.1073352472139972,"post-evaluation descriptive audit; fixed-model simultaneous pairwise bound, not universal optimality"
hgb,True,whole,hgb::M_P_A_K,M_P_A_K,24,0.681767766883033,hgb::H_C_K,0.638284078648712,0.04348368823432103,0.08284173116441282,"post-evaluation descriptive audit; fixed-model simultaneous pairwise bound, not universal optimality"
hgb,True,whole,hgb::D_M_P_A_K,D_M_P_A_K,28,0.7239912152580555,hgb::H_C_K,0.638284078648712,0.08570713660934359,0.12506517953943538,"post-evaluation descriptive audit; fixed-model simultaneous pairwise bound, not universal optimality"
hgb,True,whole,hgb::B_M_P_A_K,B_M_P_A_K,25,0.696598356766873,hgb::H_C_K,0.638284078648712,0.058314278118161034,0.09767232104825282,"post-evaluation descriptive audit; fixed-model simultaneous pairwise bound, not universal optimality"
hgb,True,whole,hgb::D_B_M_P_A_K,D_B_M_P_A_K,29,0.7125604646393394,hgb::H_C_K,0.638284078648712,0.07427638599062747,0.11363442892071926,"post-evaluation descriptive audit; fixed-model simultaneous pairwise bound, not universal optimality"
hgb,True,whole,hgb::C_A_K,C_A_K,13,0.6708318170309598,hgb::H_C_K,0.638284078648712,0.03254773838224789,0.07190578131233968,"post-evaluation descriptive audit; fixed-model simultaneous pairwise bound, not universal optimality"
hgb,True,whole,hgb::D_C_A_K,D_C_A_K,17,0.705001154989575,hgb::H_C_K,0.638284078648712,0.0667170763408631,0.10607511927095489,"post-evaluation descriptive audit; fixed-model simultaneous pairwise bound, not universal optimality"
hgb,True,whole,hgb::B_C_A_K,B_C_A_K,14,0.6664096296781659,hgb::H_C_K,0.638284078648712,0.02812555102945391,0.0674835939595457,"post-evaluation descriptive audit; fixed-model simultaneous pairwise bound, not universal optimality"
hgb,True,whole,hgb::D_B_C_A_K,D_B_C_A_K,18,0.6964063117075926,hgb::H_C_K,0.638284078648712,0.058122233058880646,0.09748027598897244,"post-evaluation descriptive audit; fixed-model simultaneous pairwise bound, not universal optimality"
hgb,True,whole,hgb::M_C_A_K,M_C_A_K,14,0.6720342155622893,hgb::H_C_K,0.638284078648712,0.03375013691357731,0.0731081798436691,"post-evaluation descriptive audit; fixed-model simultaneous pairwise bound, not universal optimality"
hgb,True,whole,hgb::D_M_C_A_K,D_M_C_A_K,18,0.7194130088634101,hgb::H_C_K,0.638284078648712,0.08112893021469814,0.12048697314478993,"post-evaluation descriptive audit; fixed-model simultaneous pairwise bound, not universal optimality"
hgb,True,whole,hgb::B_M_C_A_K,B_M_C_A_K,15,0.667134061115446,hgb::H_C_K,0.638284078648712,0.028849982466734092,0.06820802539682588,"post-evaluation descriptive audit; fixed-model simultaneous pairwise bound, not universal optimality"
hgb,True,whole,hgb::D_B_M_C_A_K,D_B_M_C_A_K,19,0.7121399159096862,hgb::H_C_K,0.638284078648712,0.07385583726097422,0.11321388019106601,"post-evaluation descriptive audit; fixed-model simultaneous pairwise bound, not universal optimality"
hgb,True,whole,hgb::P_C_A_K,P_C_A_K,24,0.6819740588301176,hgb::H_C_K,0.638284078648712,0.043689980181405685,0.08304802311149748,"post-evaluation descriptive audit; fixed-model simultaneous pairwise bound, not universal optimality"
hgb,True,whole,hgb::D_P_C_A_K,D_P_C_A_K,28,0.7141363147200943,hgb::H_C_K,0.638284078648712,0.07585223607138236,0.11521027900147415,"post-evaluation descriptive audit; fixed-model simultaneous pairwise bound, not universal optimality"
hgb,True,whole,hgb::B_P_C_A_K,B_P_C_A_K,25,0.6751867995170419,hgb::H_C_K,0.638284078648712,0.03690272086832991,0.0762607637984217,"post-evaluation descriptive audit; fixed-model simultaneous pairwise bound, not universal optimality"
hgb,True,whole,hgb::D_B_P_C_A_K,D_B_P_C_A_K,29,0.7037178341668686,hgb::H_C_K,0.638284078648712,0.06543375551815667,0.10479179844824846,"post-evaluation descriptive audit; fixed-model simultaneous pairwise bound, not universal optimality"
hgb,True,whole,hgb::M_P_C_A_K,M_P_C_A_K,25,0.681767766883033,hgb::H_C_K,0.638284078648712,0.04348368823432103,0.08284173116441282,"post-evaluation descriptive audit; fixed-model simultaneous pairwise bound, not universal optimality"
hgb,True,whole,hgb::D_M_P_C_A_K,D_M_P_C_A_K,29,0.7228015799255969,hgb::H_C_K,0.638284078648712,0.08451750127688495,0.12387554420697675,"post-evaluation descriptive audit; fixed-model simultaneous pairwise bound, not universal optimality"
hgb,True,whole,hgb::B_M_P_C_A_K,B_M_P_C_A_K,26,0.6950454950696136,hgb::H_C_K,0.638284078648712,0.0567614164209016,0.09611945935099339,"post-evaluation descriptive audit; fixed-model simultaneous pairwise bound, not universal optimality"
hgb,True,whole,hgb::D_B_M_P_C_A_K,D_B_M_P_C_A_K,30,0.7128053035773771,hgb::H_C_K,0.638284078648712,0.0745212249286652,0.11387926785875699,"post-evaluation descriptive audit; fixed-model simultaneous pairwise bound, not universal optimality"
hgb,True,whole,P0,P0,0,0.6606246186097157,hgb::H_C_K,0.638284078648712,0.022340539961003714,0.06169858289109551,"post-evaluation descriptive audit; fixed-model simultaneous pairwise bound, not universal optimality"
hgb,True,disjoint,hgb::H,H,0,0.6792772451151162,hgb::H_B_C_K,0.6606525541636623,0.018624690951453915,0.0743500118683732,"post-evaluation descriptive audit; fixed-model simultaneous pairwise bound, not universal optimality"
hgb,True,disjoint,hgb::H_D,H_D,4,0.7088619972558206,hgb::H_B_C_K,0.6606525541636623,0.048209443092158244,0.10393476400907753,"post-evaluation descriptive audit; fixed-model simultaneous pairwise bound, not universal optimality"
hgb,True,disjoint,hgb::H_B,H_B,1,0.6731212166859291,hgb::H_B_C_K,0.6606525541636623,0.012468662522266749,0.06819398343918603,"post-evaluation descriptive audit; fixed-model simultaneous pairwise bound, not universal optimality"
hgb,True,disjoint,hgb::H_D_B,H_D_B,5,0.7037424680338651,hgb::H_B_C_K,0.6606525541636623,0.04308991387020278,0.09881523478712206,"post-evaluation descriptive audit; fixed-model simultaneous pairwise bound, not universal optimality"
hgb,True,disjoint,hgb::H_M,H_M,1,0.6883656630576057,hgb::H_B_C_K,0.6606525541636623,0.027713108893943406,0.08343842981086269,"post-evaluation descriptive audit; fixed-model simultaneous pairwise bound, not universal optimality"
hgb,True,disjoint,hgb::H_D_M,H_D_M,5,0.7030739844814816,hgb::H_B_C_K,0.6606525541636623,0.04242143031781931,0.0981467512347386,"post-evaluation descriptive audit; fixed-model simultaneous pairwise bound, not universal optimality"
hgb,True,disjoint,hgb::H_B_M,H_B_M,2,0.6798419464894809,hgb::H_B_C_K,0.6606525541636623,0.01918939232581862,0.07491471324273791,"post-evaluation descriptive audit; fixed-model simultaneous pairwise bound, not universal optimality"
hgb,True,disjoint,hgb::H_D_B_M,H_D_B_M,6,0.7010954064027556,hgb::H_B_C_K,0.6606525541636623,0.040442852239093274,0.09616817315601256,"post-evaluation descriptive audit; fixed-model simultaneous pairwise bound, not universal optimality"
hgb,True,disjoint,hgb::H_P,H_P,11,0.6934843928640022,hgb::H_B_C_K,0.6606525541636623,0.0328318387003399,0.08855715961725918,"post-evaluation descriptive audit; fixed-model simultaneous pairwise bound, not universal optimality"
hgb,True,disjoint,hgb::H_D_P,H_D_P,15,0.7145263522768895,hgb::H_B_C_K,0.6606525541636623,0.053873798113227234,0.10959911903014652,"post-evaluation descriptive audit; fixed-model simultaneous pairwise bound, not universal optimality"
hgb,True,disjoint,hgb::H_B_P,H_B_P,12,0.6892481883560527,hgb::H_B_C_K,0.6606525541636623,0.028595634192390418,0.0843209551093097,"post-evaluation descriptive audit; fixed-model simultaneous pairwise bound, not universal optimality"
hgb,True,disjoint,hgb::H_D_B_P,H_D_B_P,16,0.7121516875326105,hgb::H_B_C_K,0.6606525541636623,0.05149913336894818,0.10722445428586747,"post-evaluation descriptive audit; fixed-model simultaneous pairwise bound, not universal optimality"
hgb,True,disjoint,hgb::H_M_P,H_M_P,12,0.700587339150361,hgb::H_B_C_K,0.6606525541636623,0.03993478498669867,0.09566010590361795,"post-evaluation descriptive audit; fixed-model simultaneous pairwise bound, not universal optimality"
hgb,True,disjoint,hgb::H_D_M_P,H_D_M_P,16,0.7063344100304769,hgb::H_B_C_K,0.6606525541636623,0.045681855866814614,0.1014071767837339,"post-evaluation descriptive audit; fixed-model simultaneous pairwise bound, not universal optimality"
hgb,True,disjoint,hgb::H_B_M_P,H_B_M_P,13,0.6929843002371004,hgb::H_B_C_K,0.6606525541636623,0.03233174607343814,0.08805706699035742,"post-evaluation descriptive audit; fixed-model simultaneous pairwise bound, not universal optimality"
hgb,True,disjoint,hgb::H_D_B_M_P,H_D_B_M_P,17,0.7043690419960694,hgb::H_B_C_K,0.6606525541636623,0.043716487832407114,0.0994418087493264,"post-evaluation descriptive audit; fixed-model simultaneous pairwise bound, not universal optimality"
hgb,True,disjoint,hgb::H_C,H_C,1,0.6790488777723402,hgb::H_B_C_K,0.6606525541636623,0.018396323608677934,0.07412164452559722,"post-evaluation descriptive audit; fixed-model simultaneous pairwise bound, not universal optimality"
hgb,True,disjoint,hgb::H_D_C,H_D_C,5,0.7044493357211391,hgb::H_B_C_K,0.6606525541636623,0.043796781557476794,0.09952210247439608,"post-evaluation descriptive audit; fixed-model simultaneous pairwise bound, not universal optimality"
hgb,True,disjoint,hgb::H_B_C,H_B_C,2,0.6725986635786562,hgb::H_B_C_K,0.6606525541636623,0.011946109414993855,0.06767143033191314,"post-evaluation descriptive audit; fixed-model simultaneous pairwise bound, not universal optimality"
hgb,True,disjoint,hgb::H_D_B_C,H_D_B_C,6,0.701274170106729,hgb::H_B_C_K,0.6606525541636623,0.04062161594306668,0.09634693685998597,"post-evaluation descriptive audit; fixed-model simultaneous pairwise bound, not universal optimality"
hgb,True,disjoint,hgb::H_M_C,H_M_C,2,0.6798092328254406,hgb::H_B_C_K,0.6606525541636623,0.01915667866177828,0.07488199957869757,"post-evaluation descriptive audit; fixed-model simultaneous pairwise bound, not universal optimality"
hgb,True,disjoint,hgb::H_D_M_C,H_D_M_C,6,0.6969145043031292,hgb::H_B_C_K,0.6606525541636623,0.03626195013946687,0.09198727105638616,"post-evaluation descriptive audit; fixed-model simultaneous pairwise bound, not universal optimality"
hgb,True,disjoint,hgb::H_B_M_C,H_B_M_C,3,0.6755788150497306,hgb::H_B_C_K,0.6606525541636623,0.014926260886068299,0.07065158180298758,"post-evaluation descriptive audit; fixed-model simultaneous pairwise bound, not universal optimality"
hgb,True,disjoint,hgb::H_D_B_M_C,H_D_B_M_C,7,0.6947482882943475,hgb::H_B_C_K,0.6606525541636623,0.03409573413068523,0.08982105504760451,"post-evaluation descriptive audit; fixed-model simultaneous pairwise bound, not universal optimality"
hgb,True,disjoint,hgb::H_P_C,H_P_C,12,0.6928651447083983,hgb::H_B_C_K,0.6606525541636623,0.03221259054473602,0.0879379114616553,"post-evaluation descriptive audit; fixed-model simultaneous pairwise bound, not universal optimality"
hgb,True,disjoint,hgb::H_D_P_C,H_D_P_C,16,0.7111867535294913,hgb::H_B_C_K,0.6606525541636623,0.050534199365829036,0.10625952028274832,"post-evaluation descriptive audit; fixed-model simultaneous pairwise bound, not universal optimality"
hgb,True,disjoint,hgb::H_B_P_C,H_B_P_C,13,0.6889881532416444,hgb::H_B_C_K,0.6606525541636623,0.02833559907798211,0.0840609199949014,"post-evaluation descriptive audit; fixed-model simultaneous pairwise bound, not universal optimality"
hgb,True,disjoint,hgb::H_D_B_P_C,H_D_B_P_C,17,0.7075283811396768,hgb::H_B_C_K,0.6606525541636623,0.046875826976014445,0.10260114789293373,"post-evaluation descriptive audit; fixed-model simultaneous pairwise bound, not universal optimality"
hgb,True,disjoint,hgb::H_M_P_C,H_M_P_C,13,0.6940468856936692,hgb::H_B_C_K,0.6606525541636623,0.03339433153000693,0.08911965244692621,"post-evaluation descriptive audit; fixed-model simultaneous pairwise bound, not universal optimality"
hgb,True,disjoint,hgb::H_D_M_P_C,H_D_M_P_C,17,0.7067225560612623,hgb::H_B_C_K,0.6606525541636623,0.04607000189760002,0.1017953228145193,"post-evaluation descriptive audit; fixed-model simultaneous pairwise bound, not universal optimality"
hgb,True,disjoint,hgb::H_B_M_P_C,H_B_M_P_C,14,0.6864677355098415,hgb::H_B_C_K,0.6606525541636623,0.025815181346179217,0.0815405022630985,"post-evaluation descriptive audit; fixed-model simultaneous pairwise bound, not universal optimality"
hgb,True,disjoint,hgb::H_D_B_M_P_C,H_D_B_M_P_C,18,0.7019897340258648,hgb::H_B_C_K,0.6606525541636623,0.04133717986220253,0.09706250077912182,"post-evaluation descriptive audit; fixed-model simultaneous pairwise bound, not universal optimality"
hgb,True,disjoint,hgb::H_A,H_A,1,0.6990533322342406,hgb::H_B_C_K,0.6606525541636623,0.03840077807057829,0.09412609898749758,"post-evaluation descriptive audit; fixed-model simultaneous pairwise bound, not universal optimality"
hgb,True,disjoint,hgb::H_D_A,H_D_A,5,0.736508803270923,hgb::H_B_C_K,0.6606525541636623,0.07585624910726074,0.13158157002418003,"post-evaluation descriptive audit; fixed-model simultaneous pairwise bound, not universal optimality"
hgb,True,disjoint,hgb::H_B_A,H_B_A,2,0.6877188581479337,hgb::H_B_C_K,0.6606525541636623,0.027066303984271345,0.08279162490119063,"post-evaluation descriptive audit; fixed-model simultaneous pairwise bound, not universal optimality"
hgb,True,disjoint,hgb::H_D_B_A,H_D_B_A,6,0.720429199971308,hgb::H_B_C_K,0.6606525541636623,0.059776645807645745,0.11550196672456503,"post-evaluation descriptive audit; fixed-model simultaneous pairwise bound, not universal optimality"
hgb,True,disjoint,hgb::H_M_A,H_M_A,2,0.7693039873330014,hgb::H_B_C_K,0.6606525541636623,0.10865143316933912,0.1643767540862584,"post-evaluation descriptive audit; fixed-model simultaneous pairwise bound, not universal optimality"
hgb,True,disjoint,hgb::H_D_M_A,H_D_M_A,6,0.7544394738286088,hgb::H_B_C_K,0.6606525541636623,0.09378691966494646,0.14951224058186574,"post-evaluation descriptive audit; fixed-model simultaneous pairwise bound, not universal optimality"
hgb,True,disjoint,hgb::H_B_M_A,H_B_M_A,3,0.7580059926808208,hgb::H_B_C_K,0.6606525541636623,0.0973534385171585,0.15307875943407778,"post-evaluation descriptive audit; fixed-model simultaneous pairwise bound, not universal optimality"
hgb,True,disjoint,hgb::H_D_B_M_A,H_D_B_M_A,7,0.7432356689781031,hgb::H_B_C_K,0.6606525541636623,0.0825831148144408,0.1383084357313601,"post-evaluation descriptive audit; fixed-model simultaneous pairwise bound, not universal optimality"
hgb,True,disjoint,hgb::H_P_A,H_P_A,12,0.7021020527632977,hgb::H_B_C_K,0.6606525541636623,0.041449498599635426,0.09717481951655471,"post-evaluation descriptive audit; fixed-model simultaneous pairwise bound, not universal optimality"
hgb,True,disjoint,hgb::H_D_P_A,H_D_P_A,16,0.733877237116598,hgb::H_B_C_K,0.6606525541636623,0.07322468295293572,0.128950003869855,"post-evaluation descriptive audit; fixed-model simultaneous pairwise bound, not universal optimality"
hgb,True,disjoint,hgb::H_B_P_A,H_B_P_A,13,0.6939237451449145,hgb::H_B_C_K,0.6606525541636623,0.0332711909812522,0.08899651189817148,"post-evaluation descriptive audit; fixed-model simultaneous pairwise bound, not universal optimality"
hgb,True,disjoint,hgb::H_D_B_P_A,H_D_B_P_A,17,0.7183153787386676,hgb::H_B_C_K,0.6606525541636623,0.05766282457500527,0.11338814549192455,"post-evaluation descriptive audit; fixed-model simultaneous pairwise bound, not universal optimality"
hgb,True,disjoint,hgb::H_M_P_A,H_M_P_A,13,0.7428650070132039,hgb::H_B_C_K,0.6606525541636623,0.0822124528495416,0.13793777376646088,"post-evaluation descriptive audit; fixed-model simultaneous pairwise bound, not universal optimality"
hgb,True,disjoint,hgb::H_D_M_P_A,H_D_M_P_A,17,0.7431916364842928,hgb::H_B_C_K,0.6606525541636623,0.08253908232063045,0.13826440323754974,"post-evaluation descriptive audit; fixed-model simultaneous pairwise bound, not universal optimality"
hgb,True,disjoint,hgb::H_B_M_P_A,H_B_M_P_A,14,0.7276396226207795,hgb::H_B_C_K,0.6606525541636623,0.06698706845711722,0.1227123893740365,"post-evaluation descriptive audit; fixed-model simultaneous pairwise bound, not universal optimality"
hgb,True,disjoint,hgb::H_D_B_M_P_A,H_D_B_M_P_A,18,0.7247962496659892,hgb::H_B_C_K,0.6606525541636623,0.0641436955023269,0.11986901641924619,"post-evaluation descriptive audit; fixed-model simultaneous pairwise bound, not universal optimality"
hgb,True,disjoint,hgb::H_C_A,H_C_A,2,0.695923307366886,hgb::H_B_C_K,0.6606525541636623,0.035270753203223704,0.09099607412014299,"post-evaluation descriptive audit; fixed-model simultaneous pairwise bound, not universal optimality"
hgb,True,disjoint,hgb::H_D_C_A,H_D_C_A,6,0.7281210597017288,hgb::H_B_C_K,0.6606525541636623,0.06746850553806649,0.12319382645498578,"post-evaluation descriptive audit; fixed-model simultaneous pairwise bound, not universal optimality"
hgb,True,disjoint,hgb::H_B_C_A,H_B_C_A,3,0.6840794187494411,hgb::H_B_C_K,0.6606525541636623,0.023426864585778806,0.07915218550269809,"post-evaluation descriptive audit; fixed-model simultaneous pairwise bound, not universal optimality"
hgb,True,disjoint,hgb::H_D_B_C_A,H_D_B_C_A,7,0.7206907570324161,hgb::H_B_C_K,0.6606525541636623,0.06003820286875383,0.11576352378567312,"post-evaluation descriptive audit; fixed-model simultaneous pairwise bound, not universal optimality"
hgb,True,disjoint,hgb::H_M_C_A,H_M_C_A,3,0.7622316131359791,hgb::H_B_C_K,0.6606525541636623,0.10157905897231678,0.15730437988923607,"post-evaluation descriptive audit; fixed-model simultaneous pairwise bound, not universal optimality"
hgb,True,disjoint,hgb::H_D_M_C_A,H_D_M_C_A,7,0.7499065751823211,hgb::H_B_C_K,0.6606525541636623,0.08925402101865876,0.14497934193557804,"post-evaluation descriptive audit; fixed-model simultaneous pairwise bound, not universal optimality"
hgb,True,disjoint,hgb::H_B_M_C_A,H_B_M_C_A,4,0.6983650894523542,hgb::H_B_C_K,0.6606525541636623,0.037712535288691895,0.09343785620561118,"post-evaluation descriptive audit; fixed-model simultaneous pairwise bound, not universal optimality"
hgb,True,disjoint,hgb::H_D_B_M_C_A,H_D_B_M_C_A,8,0.7378206195169431,hgb::H_B_C_K,0.6606525541636623,0.0771680653532808,0.1328933862702001,"post-evaluation descriptive audit; fixed-model simultaneous pairwise bound, not universal optimality"
hgb,True,disjoint,hgb::H_P_C_A,H_P_C_A,13,0.7010962085874677,hgb::H_B_C_K,0.6606525541636623,0.040443654423805375,0.09616897534072466,"post-evaluation descriptive audit; fixed-model simultaneous pairwise bound, not universal optimality"
hgb,True,disjoint,hgb::H_D_P_C_A,H_D_P_C_A,17,0.7312588721566522,hgb::H_B_C_K,0.6606525541636623,0.07060631799298989,0.12633163890990917,"post-evaluation descriptive audit; fixed-model simultaneous pairwise bound, not universal optimality"
hgb,True,disjoint,hgb::H_B_P_C_A,H_B_P_C_A,14,0.6937801640960334,hgb::H_B_C_K,0.6606525541636623,0.03312760993237107,0.08885293084929036,"post-evaluation descriptive audit; fixed-model simultaneous pairwise bound, not universal optimality"
hgb,True,disjoint,hgb::H_D_B_P_C_A,H_D_B_P_C_A,18,0.7143492058304322,hgb::H_B_C_K,0.6606525541636623,0.053696651666769846,0.10942197258368913,"post-evaluation descriptive audit; fixed-model simultaneous pairwise bound, not universal optimality"
hgb,True,disjoint,hgb::H_M_P_C_A,H_M_P_C_A,14,0.7360603200352248,hgb::H_B_C_K,0.6606525541636623,0.0754077658715625,0.1311330867884818,"post-evaluation descriptive audit; fixed-model simultaneous pairwise bound, not universal optimality"
hgb,True,disjoint,hgb::H_D_M_P_C_A,H_D_M_P_C_A,18,0.7407944188908344,hgb::H_B_C_K,0.6606525541636623,0.08014186472717211,0.1358671856440914,"post-evaluation descriptive audit; fixed-model simultaneous pairwise bound, not universal optimality"
hgb,True,disjoint,hgb::H_B_M_P_C_A,H_B_M_P_C_A,15,0.7245575711243089,hgb::H_B_C_K,0.6606525541636623,0.06390501696064654,0.11963033787756583,"post-evaluation descriptive audit; fixed-model simultaneous pairwise bound, not universal optimality"
hgb,True,disjoint,hgb::H_D_B_M_P_C_A,H_D_B_M_P_C_A,19,0.7252348461339169,hgb::H_B_C_K,0.6606525541636623,0.06458229197025456,0.12030761288717384,"post-evaluation descriptive audit; fixed-model simultaneous pairwise bound, not universal optimality"
hgb,True,disjoint,hgb::H_K,H_K,11,0.6619887963958827,hgb::H_B_C_K,0.6606525541636623,0.001336242232220397,0.057061563149139675,"post-evaluation descriptive audit; fixed-model simultaneous pairwise bound, not universal optimality"
hgb,True,disjoint,hgb::H_D_K,H_D_K,15,0.6845506374600202,hgb::H_B_C_K,0.6606525541636623,0.023898083296357897,0.07962340421327718,"post-evaluation descriptive audit; fixed-model simultaneous pairwise bound, not universal optimality"
hgb,True,disjoint,hgb::H_B_K,H_B_K,12,0.6610171353068085,hgb::H_B_C_K,0.6606525541636623,0.00036458114314619205,0.05608990206006547,"post-evaluation descriptive audit; fixed-model simultaneous pairwise bound, not universal optimality"
hgb,True,disjoint,hgb::H_D_B_K,H_D_B_K,16,0.6846082327533012,hgb::H_B_C_K,0.6606525541636623,0.023955678589638874,0.07968099950655816,"post-evaluation descriptive audit; fixed-model simultaneous pairwise bound, not universal optimality"
hgb,True,disjoint,hgb::H_M_K,H_M_K,12,0.6648975477506401,hgb::H_B_C_K,0.6606525541636623,0.00424499358697783,0.05997031450389711,"post-evaluation descriptive audit; fixed-model simultaneous pairwise bound, not universal optimality"
hgb,True,disjoint,hgb::H_D_M_K,H_D_M_K,16,0.6846283682520579,hgb::H_B_C_K,0.6606525541636623,0.023975814088395553,0.07970113500531484,"post-evaluation descriptive audit; fixed-model simultaneous pairwise bound, not universal optimality"
hgb,True,disjoint,hgb::H_B_M_K,H_B_M_K,13,0.6637569052275458,hgb::H_B_C_K,0.6606525541636623,0.0031043510638835148,0.05882967198080279,"post-evaluation descriptive audit; fixed-model simultaneous pairwise bound, not universal optimality"
hgb,True,disjoint,hgb::H_D_B_M_K,H_D_B_M_K,17,0.6849198927450962,hgb::H_B_C_K,0.6606525541636623,0.024267338581433928,0.07999265949835321,"post-evaluation descriptive audit; fixed-model simultaneous pairwise bound, not universal optimality"
hgb,True,disjoint,hgb::H_P_K,H_P_K,22,0.6760316893056322,hgb::H_B_C_K,0.6606525541636623,0.015379135141969869,0.07110445605888915,"post-evaluation descriptive audit; fixed-model simultaneous pairwise bound, not universal optimality"
hgb,True,disjoint,hgb::H_D_P_K,H_D_P_K,26,0.6907370227192213,hgb::H_B_C_K,0.6606525541636623,0.03008446855555902,0.0858097894724783,"post-evaluation descriptive audit; fixed-model simultaneous pairwise bound, not universal optimality"
hgb,True,disjoint,hgb::H_B_P_K,H_B_P_K,23,0.6739455088000655,hgb::H_B_C_K,0.6606525541636623,0.013292954636403231,0.06901827555332252,"post-evaluation descriptive audit; fixed-model simultaneous pairwise bound, not universal optimality"
hgb,True,disjoint,hgb::H_D_B_P_K,H_D_B_P_K,27,0.6921862902347923,hgb::H_B_C_K,0.6606525541636623,0.03153373607112997,0.08725905698804926,"post-evaluation descriptive audit; fixed-model simultaneous pairwise bound, not universal optimality"
hgb,True,disjoint,hgb::H_M_P_K,H_M_P_K,23,0.6774241113406981,hgb::H_B_C_K,0.6606525541636623,0.016771557177035823,0.07249687809395511,"post-evaluation descriptive audit; fixed-model simultaneous pairwise bound, not universal optimality"
hgb,True,disjoint,hgb::H_D_M_P_K,H_D_M_P_K,27,0.6899968268559397,hgb::H_B_C_K,0.6606525541636623,0.02934427269227735,0.08506959360919664,"post-evaluation descriptive audit; fixed-model simultaneous pairwise bound, not universal optimality"
hgb,True,disjoint,hgb::H_B_M_P_K,H_B_M_P_K,24,0.6743892398333978,hgb::H_B_C_K,0.6606525541636623,0.013736685669735516,0.0694620065866548,"post-evaluation descriptive audit; fixed-model simultaneous pairwise bound, not universal optimality"
hgb,True,disjoint,hgb::H_D_B_M_P_K,H_D_B_M_P_K,28,0.6907815414463223,hgb::H_B_C_K,0.6606525541636623,0.030128987282660002,0.08585430819957929,"post-evaluation descriptive audit; fixed-model simultaneous pairwise bound, not universal optimality"
hgb,True,disjoint,hgb::H_C_K,H_C_K,12,0.6619922384608236,hgb::H_B_C_K,0.6606525541636623,0.0013396842971612477,0.057065005214080526,"post-evaluation descriptive audit; fixed-model simultaneous pairwise bound, not universal optimality"
hgb,True,disjoint,hgb::H_D_C_K,H_D_C_K,16,0.6856112795573501,hgb::H_B_C_K,0.6606525541636623,0.02495872539368782,0.0806840463106071,"post-evaluation descriptive audit; fixed-model simultaneous pairwise bound, not universal optimality"
hgb,True,disjoint,hgb::H_B_C_K,H_B_C_K,13,0.6606525541636623,hgb::H_B_C_K,0.6606525541636623,0.0,0.05572532091691928,"post-evaluation descriptive audit; fixed-model simultaneous pairwise bound, not universal optimality"
hgb,True,disjoint,hgb::H_D_B_C_K,H_D_B_C_K,17,0.6825934918151977,hgb::H_B_C_K,0.6606525541636623,0.021940937651535375,0.07766625856845466,"post-evaluation descriptive audit; fixed-model simultaneous pairwise bound, not universal optimality"
hgb,True,disjoint,hgb::H_M_C_K,H_M_C_K,13,0.6649133560736582,hgb::H_B_C_K,0.6606525541636623,0.004260801909995893,0.05998612282691517,"post-evaluation descriptive audit; fixed-model simultaneous pairwise bound, not universal optimality"
hgb,True,disjoint,hgb::H_D_M_C_K,H_D_M_C_K,17,0.6837143075713848,hgb::H_B_C_K,0.6606525541636623,0.02306175340772254,0.07878707432464183,"post-evaluation descriptive audit; fixed-model simultaneous pairwise bound, not universal optimality"
hgb,True,disjoint,hgb::H_B_M_C_K,H_B_M_C_K,14,0.6638967722731326,hgb::H_B_C_K,0.6606525541636623,0.003244218109470287,0.058969539026389566,"post-evaluation descriptive audit; fixed-model simultaneous pairwise bound, not universal optimality"
hgb,True,disjoint,hgb::H_D_B_M_C_K,H_D_B_M_C_K,18,0.6843269538767873,hgb::H_B_C_K,0.6606525541636623,0.023674399713125016,0.0793997206300443,"post-evaluation descriptive audit; fixed-model simultaneous pairwise bound, not universal optimality"
hgb,True,disjoint,hgb::H_P_C_K,H_P_C_K,23,0.6760316893056322,hgb::H_B_C_K,0.6606525541636623,0.015379135141969869,0.07110445605888915,"post-evaluation descriptive audit; fixed-model simultaneous pairwise bound, not universal optimality"
hgb,True,disjoint,hgb::H_D_P_C_K,H_D_P_C_K,27,0.6909847837375602,hgb::H_B_C_K,0.6606525541636623,0.030332229573897918,0.0860575504908172,"post-evaluation descriptive audit; fixed-model simultaneous pairwise bound, not universal optimality"
hgb,True,disjoint,hgb::H_B_P_C_K,H_B_P_C_K,24,0.6739455088000655,hgb::H_B_C_K,0.6606525541636623,0.013292954636403231,0.06901827555332252,"post-evaluation descriptive audit; fixed-model simultaneous pairwise bound, not universal optimality"
hgb,True,disjoint,hgb::H_D_B_P_C_K,H_D_B_P_C_K,28,0.6912666928972919,hgb::H_B_C_K,0.6606525541636623,0.030614138733629614,0.0863394596505489,"post-evaluation descriptive audit; fixed-model simultaneous pairwise bound, not universal optimality"
hgb,True,disjoint,hgb::H_M_P_C_K,H_M_P_C_K,24,0.6918209183834444,hgb::H_B_C_K,0.6606525541636623,0.031168364219782085,0.08689368513670137,"post-evaluation descriptive audit; fixed-model simultaneous pairwise bound, not universal optimality"
hgb,True,disjoint,hgb::H_D_M_P_C_K,H_D_M_P_C_K,28,0.6929604905551209,hgb::H_B_C_K,0.6606525541636623,0.03230793639145857,0.08803325730837785,"post-evaluation descriptive audit; fixed-model simultaneous pairwise bound, not universal optimality"
hgb,True,disjoint,hgb::H_B_M_P_C_K,H_B_M_P_C_K,25,0.6743892398333978,hgb::H_B_C_K,0.6606525541636623,0.013736685669735516,0.0694620065866548,"post-evaluation descriptive audit; fixed-model simultaneous pairwise bound, not universal optimality"
hgb,True,disjoint,hgb::H_D_B_M_P_C_K,H_D_B_M_P_C_K,29,0.6933980054764466,hgb::H_B_C_K,0.6606525541636623,0.03274545131278428,0.08847077222970356,"post-evaluation descriptive audit; fixed-model simultaneous pairwise bound, not universal optimality"
hgb,True,disjoint,hgb::H_A_K,H_A_K,12,0.6733785579961054,hgb::H_B_C_K,0.6606525541636623,0.012726003832443045,0.06845132474936233,"post-evaluation descriptive audit; fixed-model simultaneous pairwise bound, not universal optimality"
hgb,True,disjoint,hgb::H_D_A_K,H_D_A_K,16,0.7062934596651718,hgb::H_B_C_K,0.6606525541636623,0.045640905501509454,0.10136622641842874,"post-evaluation descriptive audit; fixed-model simultaneous pairwise bound, not universal optimality"
hgb,True,disjoint,hgb::H_B_A_K,H_B_A_K,13,0.6711784798815227,hgb::H_B_C_K,0.6606525541636623,0.010525925717860374,0.06625124663477966,"post-evaluation descriptive audit; fixed-model simultaneous pairwise bound, not universal optimality"
hgb,True,disjoint,hgb::H_D_B_A_K,H_D_B_A_K,17,0.70097358023881,hgb::H_B_C_K,0.6606525541636623,0.04032102607514765,0.09604634699206693,"post-evaluation descriptive audit; fixed-model simultaneous pairwise bound, not universal optimality"
hgb,True,disjoint,hgb::H_M_A_K,H_M_A_K,13,0.6736959148385353,hgb::H_B_C_K,0.6606525541636623,0.013043360674872995,0.06876868159179228,"post-evaluation descriptive audit; fixed-model simultaneous pairwise bound, not universal optimality"
hgb,True,disjoint,hgb::H_D_M_A_K,H_D_M_A_K,17,0.7311752478933832,hgb::H_B_C_K,0.6606525541636623,0.07052269372972086,0.12624801464664015,"post-evaluation descriptive audit; fixed-model simultaneous pairwise bound, not universal optimality"
hgb,True,disjoint,hgb::H_B_M_A_K,H_B_M_A_K,14,0.6732677723283437,hgb::H_B_C_K,0.6606525541636623,0.012615218164681363,0.06834053908160065,"post-evaluation descriptive audit; fixed-model simultaneous pairwise bound, not universal optimality"
hgb,True,disjoint,hgb::H_D_B_M_A_K,H_D_B_M_A_K,18,0.7158815320543143,hgb::H_B_C_K,0.6606525541636623,0.055228977890651954,0.11095429880757124,"post-evaluation descriptive audit; fixed-model simultaneous pairwise bound, not universal optimality"
hgb,True,disjoint,hgb::H_P_A_K,H_P_A_K,23,0.6800327321767747,hgb::H_B_C_K,0.6606525541636623,0.019380178013112426,0.07510549893003171,"post-evaluation descriptive audit; fixed-model simultaneous pairwise bound, not universal optimality"
hgb,True,disjoint,hgb::H_D_P_A_K,H_D_P_A_K,27,0.7054546669637857,hgb::H_B_C_K,0.6606525541636623,0.04480211280012336,0.10052743371704265,"post-evaluation descriptive audit; fixed-model simultaneous pairwise bound, not universal optimality"
hgb,True,disjoint,hgb::H_B_P_A_K,H_B_P_A_K,24,0.6756602592874403,hgb::H_B_C_K,0.6606525541636623,0.015007705123778026,0.07073302604069731,"post-evaluation descriptive audit; fixed-model simultaneous pairwise bound, not universal optimality"
hgb,True,disjoint,hgb::H_D_B_P_A_K,H_D_B_P_A_K,28,0.7016360620627926,hgb::H_B_C_K,0.6606525541636623,0.0409835078991303,0.09670882881604959,"post-evaluation descriptive audit; fixed-model simultaneous pairwise bound, not universal optimality"
hgb,True,disjoint,hgb::H_M_P_A_K,H_M_P_A_K,24,0.7192906987930564,hgb::H_B_C_K,0.6606525541636623,0.058638144629394096,0.11436346554631338,"post-evaluation descriptive audit; fixed-model simultaneous pairwise bound, not universal optimality"
hgb,True,disjoint,hgb::H_D_M_P_A_K,H_D_M_P_A_K,28,0.719391518313496,hgb::H_B_C_K,0.6606525541636623,0.058738964149833706,0.11446428506675299,"post-evaluation descriptive audit; fixed-model simultaneous pairwise bound, not universal optimality"
hgb,True,disjoint,hgb::H_B_M_P_A_K,H_B_M_P_A_K,25,0.679213350225106,hgb::H_B_C_K,0.6606525541636623,0.018560796061443674,0.07428611697836296,"post-evaluation descriptive audit; fixed-model simultaneous pairwise bound, not universal optimality"
hgb,True,disjoint,hgb::H_D_B_M_P_A_K,H_D_B_M_P_A_K,29,0.712796891169034,hgb::H_B_C_K,0.6606525541636623,0.05214433700537169,0.10786965792229097,"post-evaluation descriptive audit; fixed-model simultaneous pairwise bound, not universal optimality"
hgb,True,disjoint,hgb::H_C_A_K,H_C_A_K,13,0.6974389009339954,hgb::H_B_C_K,0.6606525541636623,0.0367863467703331,0.09251166768725239,"post-evaluation descriptive audit; fixed-model simultaneous pairwise bound, not universal optimality"
hgb,True,disjoint,hgb::H_D_C_A_K,H_D_C_A_K,17,0.7041590026638969,hgb::H_B_C_K,0.6606525541636623,0.04350644850023455,0.09923176941715384,"post-evaluation descriptive audit; fixed-model simultaneous pairwise bound, not universal optimality"
hgb,True,disjoint,hgb::H_B_C_A_K,H_B_C_A_K,14,0.6711024467943507,hgb::H_B_C_K,0.6606525541636623,0.010449892630688407,0.06617521354760769,"post-evaluation descriptive audit; fixed-model simultaneous pairwise bound, not universal optimality"
hgb,True,disjoint,hgb::H_D_B_C_A_K,H_D_B_C_A_K,18,0.6968562939594024,hgb::H_B_C_K,0.6606525541636623,0.0362037397957401,0.09192906071265938,"post-evaluation descriptive audit; fixed-model simultaneous pairwise bound, not universal optimality"
hgb,True,disjoint,hgb::H_M_C_A_K,H_M_C_A_K,14,0.7243891730621976,hgb::H_B_C_K,0.6606525541636623,0.06373661889853532,0.11946193981545461,"post-evaluation descriptive audit; fixed-model simultaneous pairwise bound, not universal optimality"
hgb,True,disjoint,hgb::H_D_M_C_A_K,H_D_M_C_A_K,18,0.7329265079008281,hgb::H_B_C_K,0.6606525541636623,0.07227395373716583,0.12799927465408512,"post-evaluation descriptive audit; fixed-model simultaneous pairwise bound, not universal optimality"
hgb,True,disjoint,hgb::H_B_M_C_A_K,H_B_M_C_A_K,15,0.6731720140705705,hgb::H_B_C_K,0.6606525541636623,0.01251945990690817,0.06824478082382746,"post-evaluation descriptive audit; fixed-model simultaneous pairwise bound, not universal optimality"
hgb,True,disjoint,hgb::H_D_B_M_C_A_K,H_D_B_M_C_A_K,19,0.7187149930074096,hgb::H_B_C_K,0.6606525541636623,0.05806243884374729,0.11378775976066657,"post-evaluation descriptive audit; fixed-model simultaneous pairwise bound, not universal optimality"
hgb,True,disjoint,hgb::H_P_C_A_K,H_P_C_A_K,24,0.6800327321767747,hgb::H_B_C_K,0.6606525541636623,0.019380178013112426,0.07510549893003171,"post-evaluation descriptive audit; fixed-model simultaneous pairwise bound, not universal optimality"
hgb,True,disjoint,hgb::H_D_P_C_A_K,H_D_P_C_A_K,28,0.7033316781474578,hgb::H_B_C_K,0.6606525541636623,0.042679123983795475,0.09840444490071476,"post-evaluation descriptive audit; fixed-model simultaneous pairwise bound, not universal optimality"
hgb,True,disjoint,hgb::H_B_P_C_A_K,H_B_P_C_A_K,25,0.6756602592874403,hgb::H_B_C_K,0.6606525541636623,0.015007705123778026,0.07073302604069731,"post-evaluation descriptive audit; fixed-model simultaneous pairwise bound, not universal optimality"
hgb,True,disjoint,hgb::H_D_B_P_C_A_K,H_D_B_P_C_A_K,29,0.7008435737132876,hgb::H_B_C_K,0.6606525541636623,0.04019101954962534,0.09591634046654463,"post-evaluation descriptive audit; fixed-model simultaneous pairwise bound, not universal optimality"
hgb,True,disjoint,hgb::H_M_P_C_A_K,H_M_P_C_A_K,25,0.715219687026851,hgb::H_B_C_K,0.6606525541636623,0.054567132863188705,0.11029245378010799,"post-evaluation descriptive audit; fixed-model simultaneous pairwise bound, not universal optimality"
hgb,True,disjoint,hgb::H_D_M_P_C_A_K,H_D_M_P_C_A_K,29,0.7200180786641674,hgb::H_B_C_K,0.6606525541636623,0.05936552450050514,0.11509084541742443,"post-evaluation descriptive audit; fixed-model simultaneous pairwise bound, not universal optimality"
hgb,True,disjoint,hgb::H_B_M_P_C_A_K,H_B_M_P_C_A_K,26,0.7078539723979778,hgb::H_B_C_K,0.6606525541636623,0.04720141823431545,0.10292673915123474,"post-evaluation descriptive audit; fixed-model simultaneous pairwise bound, not universal optimality"
hgb,True,disjoint,hgb::H_D_B_M_P_C_A_K,H_D_B_M_P_C_A_K,30,0.7084621120462864,hgb::H_B_C_K,0.6606525541636623,0.04780955788262409,0.10353487879954337,"post-evaluation descriptive audit; fixed-model simultaneous pairwise bound, not universal optimality"
hgb,True,disjoint,hgb::NONE,NONE,0,0.6919851207085821,hgb::H_B_C_K,0.6606525541636623,0.03133256654491978,0.08705788746183907,"post-evaluation descriptive audit; fixed-model simultaneous pairwise bound, not universal optimality"
hgb,True,disjoint,hgb::D,D,4,0.7434261099690292,hgb::H_B_C_K,0.6606525541636623,0.08277355580536694,0.13849887672228622,"post-evaluation descriptive audit; fixed-model simultaneous pairwise bound, not universal optimality"
hgb,True,disjoint,hgb::B,B,1,0.689068960859533,hgb::H_B_C_K,0.6606525541636623,0.028416406695870644,0.08414172761278993,"post-evaluation descriptive audit; fixed-model simultaneous pairwise bound, not universal optimality"
hgb,True,disjoint,hgb::D_B,D_B,5,0.7386318319827262,hgb::H_B_C_K,0.6606525541636623,0.07797927781906389,0.13370459873598317,"post-evaluation descriptive audit; fixed-model simultaneous pairwise bound, not universal optimality"
hgb,True,disjoint,hgb::M,M,1,0.6837557611809317,hgb::H_B_C_K,0.6606525541636623,0.023103207017269423,0.07882852793418871,"post-evaluation descriptive audit; fixed-model simultaneous pairwise bound, not universal optimality"
hgb,True,disjoint,hgb::D_M,D_M,5,0.7349738008864042,hgb::H_B_C_K,0.6606525541636623,0.07432124672274187,0.13004656763966116,"post-evaluation descriptive audit; fixed-model simultaneous pairwise bound, not universal optimality"
hgb,True,disjoint,hgb::B_M,B_M,2,0.6848387348081877,hgb::H_B_C_K,0.6606525541636623,0.02418618064452538,0.07991150156144466,"post-evaluation descriptive audit; fixed-model simultaneous pairwise bound, not universal optimality"
hgb,True,disjoint,hgb::D_B_M,D_B_M,6,0.7353722260643405,hgb::H_B_C_K,0.6606525541636623,0.07471967190067819,0.13044499281759747,"post-evaluation descriptive audit; fixed-model simultaneous pairwise bound, not universal optimality"
hgb,True,disjoint,hgb::P,P,11,0.7102269756639821,hgb::H_B_C_K,0.6606525541636623,0.049574421500319765,0.10529974241723905,"post-evaluation descriptive audit; fixed-model simultaneous pairwise bound, not universal optimality"
hgb,True,disjoint,hgb::D_P,D_P,15,0.7560527886452654,hgb::H_B_C_K,0.6606525541636623,0.09540023448160306,0.15112555539852235,"post-evaluation descriptive audit; fixed-model simultaneous pairwise bound, not universal optimality"
hgb,True,disjoint,hgb::B_P,B_P,12,0.7082874044167166,hgb::H_B_C_K,0.6606525541636623,0.04763485025305425,0.10336017116997354,"post-evaluation descriptive audit; fixed-model simultaneous pairwise bound, not universal optimality"
hgb,True,disjoint,hgb::D_B_P,D_B_P,16,0.749839967695195,hgb::H_B_C_K,0.6606525541636623,0.0891874135315327,0.14491273444845199,"post-evaluation descriptive audit; fixed-model simultaneous pairwise bound, not universal optimality"
hgb,True,disjoint,hgb::M_P,M_P,12,0.6959283941547731,hgb::H_B_C_K,0.6606525541636623,0.035275839991110836,0.09100116090803012,"post-evaluation descriptive audit; fixed-model simultaneous pairwise bound, not universal optimality"
hgb,True,disjoint,hgb::D_M_P,D_M_P,16,0.7477588297407699,hgb::H_B_C_K,0.6606525541636623,0.0871062755771076,0.14283159649402688,"post-evaluation descriptive audit; fixed-model simultaneous pairwise bound, not universal optimality"
hgb,True,disjoint,hgb::B_M_P,B_M_P,13,0.7052324550179807,hgb::H_B_C_K,0.6606525541636623,0.0445799008543184,0.10030522177123768,"post-evaluation descriptive audit; fixed-model simultaneous pairwise bound, not universal optimality"
hgb,True,disjoint,hgb::D_B_M_P,D_B_M_P,17,0.7454348233698975,hgb::H_B_C_K,0.6606525541636623,0.08478226920623522,0.1405075901231545,"post-evaluation descriptive audit; fixed-model simultaneous pairwise bound, not universal optimality"
hgb,True,disjoint,hgb::C,C,1,0.6904116561507309,hgb::H_B_C_K,0.6606525541636623,0.029759101987068548,0.08548442290398783,"post-evaluation descriptive audit; fixed-model simultaneous pairwise bound, not universal optimality"
hgb,True,disjoint,hgb::D_C,D_C,5,0.7342188554734159,hgb::H_B_C_K,0.6606525541636623,0.07356630130975361,0.1292916222266729,"post-evaluation descriptive audit; fixed-model simultaneous pairwise bound, not universal optimality"
hgb,True,disjoint,hgb::B_C,B_C,2,0.68774981595591,hgb::H_B_C_K,0.6606525541636623,0.027097261792247695,0.08282258270916698,"post-evaluation descriptive audit; fixed-model simultaneous pairwise bound, not universal optimality"
hgb,True,disjoint,hgb::D_B_C,D_B_C,6,0.7352957965100093,hgb::H_B_C_K,0.6606525541636623,0.074643242346347,0.1303685632632663,"post-evaluation descriptive audit; fixed-model simultaneous pairwise bound, not universal optimality"
hgb,True,disjoint,hgb::M_C,M_C,2,0.6829427038768411,hgb::H_B_C_K,0.6606525541636623,0.022290149713178775,0.07801547063009806,"post-evaluation descriptive audit; fixed-model simultaneous pairwise bound, not universal optimality"
hgb,True,disjoint,hgb::D_M_C,D_M_C,6,0.7311113060854749,hgb::H_B_C_K,0.6606525541636623,0.07045875192181261,0.1261840728387319,"post-evaluation descriptive audit; fixed-model simultaneous pairwise bound, not universal optimality"
hgb,True,disjoint,hgb::B_M_C,B_M_C,3,0.682531775630934,hgb::H_B_C_K,0.6606525541636623,0.021879221467271726,0.07760454238419101,"post-evaluation descriptive audit; fixed-model simultaneous pairwise bound, not universal optimality"
hgb,True,disjoint,hgb::D_B_M_C,D_B_M_C,7,0.7325187247860242,hgb::H_B_C_K,0.6606525541636623,0.07186617062236189,0.12759149153928118,"post-evaluation descriptive audit; fixed-model simultaneous pairwise bound, not universal optimality"
hgb,True,disjoint,hgb::P_C,P_C,12,0.7079925180288841,hgb::H_B_C_K,0.6606525541636623,0.04733996386522177,0.10306528478214105,"post-evaluation descriptive audit; fixed-model simultaneous pairwise bound, not universal optimality"
hgb,True,disjoint,hgb::D_P_C,D_P_C,16,0.752075022859396,hgb::H_B_C_K,0.6606525541636623,0.09142246869573367,0.14714778961265296,"post-evaluation descriptive audit; fixed-model simultaneous pairwise bound, not universal optimality"
hgb,True,disjoint,hgb::B_P_C,B_P_C,13,0.7069863717990488,hgb::H_B_C_K,0.6606525541636623,0.046333817635386465,0.10205913855230575,"post-evaluation descriptive audit; fixed-model simultaneous pairwise bound, not universal optimality"
hgb,True,disjoint,hgb::D_B_P_C,D_B_P_C,17,0.7454334521128018,hgb::H_B_C_K,0.6606525541636623,0.08478089794913946,0.14050621886605874,"post-evaluation descriptive audit; fixed-model simultaneous pairwise bound, not universal optimality"
hgb,True,disjoint,hgb::M_P_C,M_P_C,13,0.6945746596315723,hgb::H_B_C_K,0.6606525541636623,0.03392210546790997,0.08964742638482925,"post-evaluation descriptive audit; fixed-model simultaneous pairwise bound, not universal optimality"
hgb,True,disjoint,hgb::D_M_P_C,D_M_P_C,17,0.740925457903545,hgb::H_B_C_K,0.6606525541636623,0.08027290373988272,0.135998224656802,"post-evaluation descriptive audit; fixed-model simultaneous pairwise bound, not universal optimality"
hgb,True,disjoint,hgb::B_M_P_C,B_M_P_C,14,0.7044953693518191,hgb::H_B_C_K,0.6606525541636623,0.0438428151881568,0.09956813610507609,"post-evaluation descriptive audit; fixed-model simultaneous pairwise bound, not universal optimality"
hgb,True,disjoint,hgb::D_B_M_P_C,D_B_M_P_C,18,0.7412394732257842,hgb::H_B_C_K,0.6606525541636623,0.0805869190621219,0.13631223997904118,"post-evaluation descriptive audit; fixed-model simultaneous pairwise bound, not universal optimality"
hgb,True,disjoint,hgb::A,A,1,0.7096930449049069,hgb::H_B_C_K,0.6606525541636623,0.04904049074124461,0.1047658116581639,"post-evaluation descriptive audit; fixed-model simultaneous pairwise bound, not universal optimality"
hgb,True,disjoint,hgb::D_A,D_A,5,0.7684961935201685,hgb::H_B_C_K,0.6606525541636623,0.1078436393565062,0.1635689602734255,"post-evaluation descriptive audit; fixed-model simultaneous pairwise bound, not universal optimality"
hgb,True,disjoint,hgb::B_A,B_A,2,0.7026867220270289,hgb::H_B_C_K,0.6606525541636623,0.042034167863366556,0.09775948878028584,"post-evaluation descriptive audit; fixed-model simultaneous pairwise bound, not universal optimality"
hgb,True,disjoint,hgb::D_B_A,D_B_A,6,0.7550472119252026,hgb::H_B_C_K,0.6606525541636623,0.09439465776154032,0.1501199786784596,"post-evaluation descriptive audit; fixed-model simultaneous pairwise bound, not universal optimality"
hgb,True,disjoint,hgb::M_A,M_A,2,0.7425837882737728,hgb::H_B_C_K,0.6606525541636623,0.0819312341101105,0.13765655502702978,"post-evaluation descriptive audit; fixed-model simultaneous pairwise bound, not universal optimality"
hgb,True,disjoint,hgb::D_M_A,D_M_A,6,0.7874102248785998,hgb::H_B_C_K,0.6606525541636623,0.1267576707149375,0.18248299163185677,"post-evaluation descriptive audit; fixed-model simultaneous pairwise bound, not universal optimality"
hgb,True,disjoint,hgb::B_M_A,B_M_A,3,0.7202242646408317,hgb::H_B_C_K,0.6606525541636623,0.05957171047716936,0.11529703139408864,"post-evaluation descriptive audit; fixed-model simultaneous pairwise bound, not universal optimality"
hgb,True,disjoint,hgb::D_B_M_A,D_B_M_A,7,0.7751560120199557,hgb::H_B_C_K,0.6606525541636623,0.11450345785629334,0.17022877877321263,"post-evaluation descriptive audit; fixed-model simultaneous pairwise bound, not universal optimality"
hgb,True,disjoint,hgb::P_A,P_A,12,0.7179119350722162,hgb::H_B_C_K,0.6606525541636623,0.05725938090855387,0.11298470182547315,"post-evaluation descriptive audit; fixed-model simultaneous pairwise bound, not universal optimality"
hgb,True,disjoint,hgb::D_P_A,D_P_A,16,0.7710902427564562,hgb::H_B_C_K,0.6606525541636623,0.1104376885927939,0.1661630095097132,"post-evaluation descriptive audit; fixed-model simultaneous pairwise bound, not universal optimality"
hgb,True,disjoint,hgb::B_P_A,B_P_A,13,0.7095372634747438,hgb::H_B_C_K,0.6606525541636623,0.048884709311081465,0.10461003022800075,"post-evaluation descriptive audit; fixed-model simultaneous pairwise bound, not universal optimality"
hgb,True,disjoint,hgb::D_B_P_A,D_B_P_A,17,0.7589459496830412,hgb::H_B_C_K,0.6606525541636623,0.09829339551937888,0.15401871643629816,"post-evaluation descriptive audit; fixed-model simultaneous pairwise bound, not universal optimality"
hgb,True,disjoint,hgb::M_P_A,M_P_A,13,0.7167632148575411,hgb::H_B_C_K,0.6606525541636623,0.05611066069387882,0.11183598161079811,"post-evaluation descriptive audit; fixed-model simultaneous pairwise bound, not universal optimality"
hgb,True,disjoint,hgb::D_M_P_A,D_M_P_A,17,0.7750694734960918,hgb::H_B_C_K,0.6606525541636623,0.11441691933242948,0.17014224024934876,"post-evaluation descriptive audit; fixed-model simultaneous pairwise bound, not universal optimality"
hgb,True,disjoint,hgb::B_M_P_A,B_M_P_A,14,0.7206960054593669,hgb::H_B_C_K,0.6606525541636623,0.06004345129570454,0.11576877221262383,"post-evaluation descriptive audit; fixed-model simultaneous pairwise bound, not universal optimality"
hgb,True,disjoint,hgb::D_B_M_P_A,D_B_M_P_A,18,0.7667485715111486,hgb::H_B_C_K,0.6606525541636623,0.1060960173474863,0.1618213382644056,"post-evaluation descriptive audit; fixed-model simultaneous pairwise bound, not universal optimality"
hgb,True,disjoint,hgb::C_A,C_A,2,0.7030033455974928,hgb::H_B_C_K,0.6606525541636623,0.04235079143383047,0.09807611235074976,"post-evaluation descriptive audit; fixed-model simultaneous pairwise bound, not universal optimality"
hgb,True,disjoint,hgb::D_C_A,D_C_A,6,0.7561270852554064,hgb::H_B_C_K,0.6606525541636623,0.09547453109174409,0.15119985200866337,"post-evaluation descriptive audit; fixed-model simultaneous pairwise bound, not universal optimality"
hgb,True,disjoint,hgb::B_C_A,B_C_A,3,0.6970807397223026,hgb::H_B_C_K,0.6606525541636623,0.03642818555864025,0.09215350647555953,"post-evaluation descriptive audit; fixed-model simultaneous pairwise bound, not universal optimality"
hgb,True,disjoint,hgb::D_B_C_A,D_B_C_A,7,0.7491869461905898,hgb::H_B_C_K,0.6606525541636623,0.08853439202692748,0.14425971294384676,"post-evaluation descriptive audit; fixed-model simultaneous pairwise bound, not universal optimality"
hgb,True,disjoint,hgb::M_C_A,M_C_A,3,0.7165610527664792,hgb::H_B_C_K,0.6606525541636623,0.05590849860281688,0.11163381951973617,"post-evaluation descriptive audit; fixed-model simultaneous pairwise bound, not universal optimality"
hgb,True,disjoint,hgb::D_M_C_A,D_M_C_A,7,0.7811318259609158,hgb::H_B_C_K,0.6606525541636623,0.12047927179725348,0.17620459271417277,"post-evaluation descriptive audit; fixed-model simultaneous pairwise bound, not universal optimality"
hgb,True,disjoint,hgb::B_M_C_A,B_M_C_A,4,0.7045196490420557,hgb::H_B_C_K,0.6606525541636623,0.04386709487839335,0.09959241579531264,"post-evaluation descriptive audit; fixed-model simultaneous pairwise bound, not universal optimality"
hgb,True,disjoint,hgb::D_B_M_C_A,D_B_M_C_A,8,0.7740791399480527,hgb::H_B_C_K,0.6606525541636623,0.11342658578439035,0.16915190670130964,"post-evaluation descriptive audit; fixed-model simultaneous pairwise bound, not universal optimality"
hgb,True,disjoint,hgb::P_C_A,P_C_A,13,0.7142412267349884,hgb::H_B_C_K,0.6606525541636623,0.053588672571326046,0.10931399348824533,"post-evaluation descriptive audit; fixed-model simultaneous pairwise bound, not universal optimality"
hgb,True,disjoint,hgb::D_P_C_A,D_P_C_A,17,0.7660981513174663,hgb::H_B_C_K,0.6606525541636623,0.10544559715380397,0.16117091807072326,"post-evaluation descriptive audit; fixed-model simultaneous pairwise bound, not universal optimality"
hgb,True,disjoint,hgb::B_P_C_A,B_P_C_A,14,0.7081661301544431,hgb::H_B_C_K,0.6606525541636623,0.047513575990780765,0.10323889690770005,"post-evaluation descriptive audit; fixed-model simultaneous pairwise bound, not universal optimality"
hgb,True,disjoint,hgb::D_B_P_C_A,D_B_P_C_A,18,0.7568211093652187,hgb::H_B_C_K,0.6606525541636623,0.09616855520155643,0.1518938761184757,"post-evaluation descriptive audit; fixed-model simultaneous pairwise bound, not universal optimality"
hgb,True,disjoint,hgb::M_P_C_A,M_P_C_A,14,0.7104122343758805,hgb::H_B_C_K,0.6606525541636623,0.049759680212218216,0.1054850011291375,"post-evaluation descriptive audit; fixed-model simultaneous pairwise bound, not universal optimality"
hgb,True,disjoint,hgb::D_M_P_C_A,D_M_P_C_A,18,0.7760931480513006,hgb::H_B_C_K,0.6606525541636623,0.11544059388763828,0.17116591480455756,"post-evaluation descriptive audit; fixed-model simultaneous pairwise bound, not universal optimality"
hgb,True,disjoint,hgb::B_M_P_C_A,B_M_P_C_A,15,0.7173832402587205,hgb::H_B_C_K,0.6606525541636623,0.05673068609505816,0.11245600701197744,"post-evaluation descriptive audit; fixed-model simultaneous pairwise bound, not universal optimality"
hgb,True,disjoint,hgb::D_B_M_P_C_A,D_B_M_P_C_A,19,0.7650699239597447,hgb::H_B_C_K,0.6606525541636623,0.1044173697960824,0.1601426907130017,"post-evaluation descriptive audit; fixed-model simultaneous pairwise bound, not universal optimality"
hgb,True,disjoint,hgb::K,K,11,0.6771221338460299,hgb::H_B_C_K,0.6606525541636623,0.01646957968236762,0.0721949005992869,"post-evaluation descriptive audit; fixed-model simultaneous pairwise bound, not universal optimality"
hgb,True,disjoint,hgb::D_K,D_K,15,0.7237011244047238,hgb::H_B_C_K,0.6606525541636623,0.06304857024106147,0.11877389115798076,"post-evaluation descriptive audit; fixed-model simultaneous pairwise bound, not universal optimality"
hgb,True,disjoint,hgb::B_K,B_K,12,0.6767149643072767,hgb::H_B_C_K,0.6606525541636623,0.016062410143614425,0.07178773106053371,"post-evaluation descriptive audit; fixed-model simultaneous pairwise bound, not universal optimality"
hgb,True,disjoint,hgb::D_B_K,D_B_K,16,0.7192125030071767,hgb::H_B_C_K,0.6606525541636623,0.05855994884351434,0.11428526976043363,"post-evaluation descriptive audit; fixed-model simultaneous pairwise bound, not universal optimality"
hgb,True,disjoint,hgb::M_K,M_K,12,0.674619196119273,hgb::H_B_C_K,0.6606525541636623,0.013966641955610704,0.06969196287252999,"post-evaluation descriptive audit; fixed-model simultaneous pairwise bound, not universal optimality"
hgb,True,disjoint,hgb::D_M_K,D_M_K,16,0.7207055347774998,hgb::H_B_C_K,0.6606525541636623,0.06005298061383746,0.11577830153075674,"post-evaluation descriptive audit; fixed-model simultaneous pairwise bound, not universal optimality"
hgb,True,disjoint,hgb::B_M_K,B_M_K,13,0.6771321874971671,hgb::H_B_C_K,0.6606525541636623,0.016479633333504773,0.07220495425042406,"post-evaluation descriptive audit; fixed-model simultaneous pairwise bound, not universal optimality"
hgb,True,disjoint,hgb::D_B_M_K,D_B_M_K,17,0.7186167445452742,hgb::H_B_C_K,0.6606525541636623,0.057964190381611935,0.11368951129853122,"post-evaluation descriptive audit; fixed-model simultaneous pairwise bound, not universal optimality"
hgb,True,disjoint,hgb::P_K,P_K,22,0.7048683787652765,hgb::H_B_C_K,0.6606525541636623,0.04421582460161422,0.0999411455185335,"post-evaluation descriptive audit; fixed-model simultaneous pairwise bound, not universal optimality"
hgb,True,disjoint,hgb::D_P_K,D_P_K,26,0.7474893021873653,hgb::H_B_C_K,0.6606525541636623,0.086836748023703,0.1425620689406223,"post-evaluation descriptive audit; fixed-model simultaneous pairwise bound, not universal optimality"
hgb,True,disjoint,hgb::B_P_K,B_P_K,23,0.69845635384577,hgb::H_B_C_K,0.6606525541636623,0.037803799682107675,0.09352912059902696,"post-evaluation descriptive audit; fixed-model simultaneous pairwise bound, not universal optimality"
hgb,True,disjoint,hgb::D_B_P_K,D_B_P_K,27,0.7386851424694911,hgb::H_B_C_K,0.6606525541636623,0.07803258830582882,0.1337579092227481,"post-evaluation descriptive audit; fixed-model simultaneous pairwise bound, not universal optimality"
hgb,True,disjoint,hgb::M_P_K,M_P_K,23,0.6969624699280388,hgb::H_B_C_K,0.6606525541636623,0.03630991576437648,0.09203523668129576,"post-evaluation descriptive audit; fixed-model simultaneous pairwise bound, not universal optimality"
hgb,True,disjoint,hgb::D_M_P_K,D_M_P_K,27,0.7433844519574245,hgb::H_B_C_K,0.6606525541636623,0.08273189779376222,0.1384572187106815,"post-evaluation descriptive audit; fixed-model simultaneous pairwise bound, not universal optimality"
hgb,True,disjoint,hgb::B_M_P_K,B_M_P_K,24,0.6934744243762653,hgb::H_B_C_K,0.6606525541636623,0.032821870212602966,0.08854719112952225,"post-evaluation descriptive audit; fixed-model simultaneous pairwise bound, not universal optimality"
hgb,True,disjoint,hgb::D_B_M_P_K,D_B_M_P_K,28,0.7386437854467428,hgb::H_B_C_K,0.6606525541636623,0.0779912312830805,0.13371655219999978,"post-evaluation descriptive audit; fixed-model simultaneous pairwise bound, not universal optimality"
hgb,True,disjoint,hgb::C_K,C_K,12,0.6754030314789249,hgb::H_B_C_K,0.6606525541636623,0.014750477315262578,0.07047579823218186,"post-evaluation descriptive audit; fixed-model simultaneous pairwise bound, not universal optimality"
hgb,True,disjoint,hgb::D_C_K,D_C_K,16,0.7190428014391023,hgb::H_B_C_K,0.6606525541636623,0.058390247275439955,0.11411556819235924,"post-evaluation descriptive audit; fixed-model simultaneous pairwise bound, not universal optimality"
hgb,True,disjoint,hgb::B_C_K,B_C_K,13,0.6753817248174264,hgb::H_B_C_K,0.6606525541636623,0.014729170653764112,0.0704544915706834,"post-evaluation descriptive audit; fixed-model simultaneous pairwise bound, not universal optimality"
hgb,True,disjoint,hgb::D_B_C_K,D_B_C_K,17,0.7163544291324522,hgb::H_B_C_K,0.6606525541636623,0.055701874968789866,0.11142719588570915,"post-evaluation descriptive audit; fixed-model simultaneous pairwise bound, not universal optimality"
hgb,True,disjoint,hgb::M_C_K,M_C_K,13,0.673755736927072,hgb::H_B_C_K,0.6606525541636623,0.013103182763409715,0.068828503680329,"post-evaluation descriptive audit; fixed-model simultaneous pairwise bound, not universal optimality"
hgb,True,disjoint,hgb::D_M_C_K,D_M_C_K,17,0.718091678122824,hgb::H_B_C_K,0.6606525541636623,0.05743912395916173,0.11316444487608102,"post-evaluation descriptive audit; fixed-model simultaneous pairwise bound, not universal optimality"
hgb,True,disjoint,hgb::B_M_C_K,B_M_C_K,14,0.6760934962699162,hgb::H_B_C_K,0.6606525541636623,0.015440942106253908,0.07116626302317319,"post-evaluation descriptive audit; fixed-model simultaneous pairwise bound, not universal optimality"
hgb,True,disjoint,hgb::D_B_M_C_K,D_B_M_C_K,18,0.7161875632327364,hgb::H_B_C_K,0.6606525541636623,0.05553500906907405,0.11126032998599333,"post-evaluation descriptive audit; fixed-model simultaneous pairwise bound, not universal optimality"
hgb,True,disjoint,hgb::P_C_K,P_C_K,23,0.704797826754729,hgb::H_B_C_K,0.6606525541636623,0.04414527259106671,0.099870593507986,"post-evaluation descriptive audit; fixed-model simultaneous pairwise bound, not universal optimality"
hgb,True,disjoint,hgb::D_P_C_K,D_P_C_K,27,0.7438827452025463,hgb::H_B_C_K,0.6606525541636623,0.08323019103888396,0.13895551195580325,"post-evaluation descriptive audit; fixed-model simultaneous pairwise bound, not universal optimality"
hgb,True,disjoint,hgb::B_P_C_K,B_P_C_K,24,0.69845635384577,hgb::H_B_C_K,0.6606525541636623,0.037803799682107675,0.09352912059902696,"post-evaluation descriptive audit; fixed-model simultaneous pairwise bound, not universal optimality"
hgb,True,disjoint,hgb::D_B_P_C_K,D_B_P_C_K,28,0.7364956023279267,hgb::H_B_C_K,0.6606525541636623,0.07584304816426435,0.13156836908118363,"post-evaluation descriptive audit; fixed-model simultaneous pairwise bound, not universal optimality"
hgb,True,disjoint,hgb::M_P_C_K,M_P_C_K,24,0.6964539355422199,hgb::H_B_C_K,0.6606525541636623,0.035801381378557595,0.09152670229547688,"post-evaluation descriptive audit; fixed-model simultaneous pairwise bound, not universal optimality"
hgb,True,disjoint,hgb::D_M_P_C_K,D_M_P_C_K,28,0.7404890310534422,hgb::H_B_C_K,0.6606525541636623,0.0798364768897799,0.1355617978066992,"post-evaluation descriptive audit; fixed-model simultaneous pairwise bound, not universal optimality"
hgb,True,disjoint,hgb::B_M_P_C_K,B_M_P_C_K,25,0.6934744243762653,hgb::H_B_C_K,0.6606525541636623,0.032821870212602966,0.08854719112952225,"post-evaluation descriptive audit; fixed-model simultaneous pairwise bound, not universal optimality"
hgb,True,disjoint,hgb::D_B_M_P_C_K,D_B_M_P_C_K,29,0.7338659384947142,hgb::H_B_C_K,0.6606525541636623,0.07321338433105185,0.12893870524797113,"post-evaluation descriptive audit; fixed-model simultaneous pairwise bound, not universal optimality"
hgb,True,disjoint,hgb::A_K,A_K,12,0.6913631292807726,hgb::H_B_C_K,0.6606525541636623,0.030710575117110284,0.08643589603402957,"post-evaluation descriptive audit; fixed-model simultaneous pairwise bound, not universal optimality"
hgb,True,disjoint,hgb::D_A_K,D_A_K,16,0.7419337598785158,hgb::H_B_C_K,0.6606525541636623,0.08128120571485353,0.13700652663177282,"post-evaluation descriptive audit; fixed-model simultaneous pairwise bound, not universal optimality"
hgb,True,disjoint,hgb::B_A_K,B_A_K,13,0.686938375767139,hgb::H_B_C_K,0.6606525541636623,0.0262858216034767,0.08201114252039599,"post-evaluation descriptive audit; fixed-model simultaneous pairwise bound, not universal optimality"
hgb,True,disjoint,hgb::D_B_A_K,D_B_A_K,17,0.7351761530966722,hgb::H_B_C_K,0.6606525541636623,0.07452359893300986,0.13024891984992915,"post-evaluation descriptive audit; fixed-model simultaneous pairwise bound, not universal optimality"
hgb,True,disjoint,hgb::M_A_K,M_A_K,13,0.6903343472847451,hgb::H_B_C_K,0.6606525541636623,0.029681793121082767,0.08540711403800205,"post-evaluation descriptive audit; fixed-model simultaneous pairwise bound, not universal optimality"
hgb,True,disjoint,hgb::D_M_A_K,D_M_A_K,17,0.7621983240736497,hgb::H_B_C_K,0.6606525541636623,0.10154576990998743,0.1572710908269067,"post-evaluation descriptive audit; fixed-model simultaneous pairwise bound, not universal optimality"
hgb,True,disjoint,hgb::B_M_A_K,B_M_A_K,14,0.6861724404853672,hgb::H_B_C_K,0.6606525541636623,0.025519886321704877,0.08124520723862416,"post-evaluation descriptive audit; fixed-model simultaneous pairwise bound, not universal optimality"
hgb,True,disjoint,hgb::D_B_M_A_K,D_B_M_A_K,18,0.7517780600734421,hgb::H_B_C_K,0.6606525541636623,0.09112550590977975,0.14685082682669903,"post-evaluation descriptive audit; fixed-model simultaneous pairwise bound, not universal optimality"
hgb,True,disjoint,hgb::P_A_K,P_A_K,23,0.706451688359207,hgb::H_B_C_K,0.6606525541636623,0.04579913419554471,0.101524455112464,"post-evaluation descriptive audit; fixed-model simultaneous pairwise bound, not universal optimality"
hgb,True,disjoint,hgb::D_P_A_K,D_P_A_K,27,0.7545706361150164,hgb::H_B_C_K,0.6606525541636623,0.0939180819513541,0.14964340286827338,"post-evaluation descriptive audit; fixed-model simultaneous pairwise bound, not universal optimality"
hgb,True,disjoint,hgb::B_P_A_K,B_P_A_K,24,0.6974772207961892,hgb::H_B_C_K,0.6606525541636623,0.036824666632526926,0.09254998754944621,"post-evaluation descriptive audit; fixed-model simultaneous pairwise bound, not universal optimality"
hgb,True,disjoint,hgb::D_B_P_A_K,D_B_P_A_K,28,0.7449745892542118,hgb::H_B_C_K,0.6606525541636623,0.08432203509054947,0.14004735600746876,"post-evaluation descriptive audit; fixed-model simultaneous pairwise bound, not universal optimality"
hgb,True,disjoint,hgb::M_P_A_K,M_P_A_K,24,0.7053513743544876,hgb::H_B_C_K,0.6606525541636623,0.04469882019082527,0.10042414110774456,"post-evaluation descriptive audit; fixed-model simultaneous pairwise bound, not universal optimality"
hgb,True,disjoint,hgb::D_M_P_A_K,D_M_P_A_K,28,0.7692976644126739,hgb::H_B_C_K,0.6606525541636623,0.10864511024901158,0.16437043116593086,"post-evaluation descriptive audit; fixed-model simultaneous pairwise bound, not universal optimality"
hgb,True,disjoint,hgb::B_M_P_A_K,B_M_P_A_K,25,0.7269540571673526,hgb::H_B_C_K,0.6606525541636623,0.06630150300369031,0.1220268239206096,"post-evaluation descriptive audit; fixed-model simultaneous pairwise bound, not universal optimality"
hgb,True,disjoint,hgb::D_B_M_P_A_K,D_B_M_P_A_K,29,0.7538531050306706,hgb::H_B_C_K,0.6606525541636623,0.09320055086700829,0.14892587178392758,"post-evaluation descriptive audit; fixed-model simultaneous pairwise bound, not universal optimality"
hgb,True,disjoint,hgb::C_A_K,C_A_K,13,0.6887304938720817,hgb::H_B_C_K,0.6606525541636623,0.02807793970841943,0.08380326062533872,"post-evaluation descriptive audit; fixed-model simultaneous pairwise bound, not universal optimality"
hgb,True,disjoint,hgb::D_C_A_K,D_C_A_K,17,0.7398891384694266,hgb::H_B_C_K,0.6606525541636623,0.0792365843057643,0.1349619052226836,"post-evaluation descriptive audit; fixed-model simultaneous pairwise bound, not universal optimality"
hgb,True,disjoint,hgb::B_C_A_K,B_C_A_K,14,0.6847895913554718,hgb::H_B_C_K,0.6606525541636623,0.024137037191809485,0.07986235810872877,"post-evaluation descriptive audit; fixed-model simultaneous pairwise bound, not universal optimality"
hgb,True,disjoint,hgb::D_B_C_A_K,D_B_C_A_K,18,0.7316623810976778,hgb::H_B_C_K,0.6606525541636623,0.07100982693401547,0.12673514785093476,"post-evaluation descriptive audit; fixed-model simultaneous pairwise bound, not universal optimality"
hgb,True,disjoint,hgb::M_C_A_K,M_C_A_K,14,0.6913854189556318,hgb::H_B_C_K,0.6606525541636623,0.03073286479196946,0.08645818570888875,"post-evaluation descriptive audit; fixed-model simultaneous pairwise bound, not universal optimality"
hgb,True,disjoint,hgb::D_M_C_A_K,D_M_C_A_K,18,0.7595728469627124,hgb::H_B_C_K,0.6606525541636623,0.09892029279905012,0.1546456137159694,"post-evaluation descriptive audit; fixed-model simultaneous pairwise bound, not universal optimality"
hgb,True,disjoint,hgb::B_M_C_A_K,B_M_C_A_K,15,0.684749679009608,hgb::H_B_C_K,0.6606525541636623,0.024097124845945728,0.07982244576286501,"post-evaluation descriptive audit; fixed-model simultaneous pairwise bound, not universal optimality"
hgb,True,disjoint,hgb::D_B_M_C_A_K,D_B_M_C_A_K,19,0.7512459953274898,hgb::H_B_C_K,0.6606525541636623,0.0905934411638275,0.1463187620807468,"post-evaluation descriptive audit; fixed-model simultaneous pairwise bound, not universal optimality"
hgb,True,disjoint,hgb::P_C_A_K,P_C_A_K,24,0.7062936818874956,hgb::H_B_C_K,0.6606525541636623,0.04564112772383333,0.10136644864075262,"post-evaluation descriptive audit; fixed-model simultaneous pairwise bound, not universal optimality"
hgb,True,disjoint,hgb::D_P_C_A_K,D_P_C_A_K,28,0.7541539553940656,hgb::H_B_C_K,0.6606525541636623,0.09350140123040329,0.14922672214732258,"post-evaluation descriptive audit; fixed-model simultaneous pairwise bound, not universal optimality"
hgb,True,disjoint,hgb::B_P_C_A_K,B_P_C_A_K,25,0.6974772207961892,hgb::H_B_C_K,0.6606525541636623,0.036824666632526926,0.09254998754944621,"post-evaluation descriptive audit; fixed-model simultaneous pairwise bound, not universal optimality"
hgb,True,disjoint,hgb::D_B_P_C_A_K,D_B_P_C_A_K,29,0.7427488095764827,hgb::H_B_C_K,0.6606525541636623,0.0820962554128204,0.13782157632973968,"post-evaluation descriptive audit; fixed-model simultaneous pairwise bound, not universal optimality"
hgb,True,disjoint,hgb::M_P_C_A_K,M_P_C_A_K,25,0.7053513743544876,hgb::H_B_C_K,0.6606525541636623,0.04469882019082527,0.10042414110774456,"post-evaluation descriptive audit; fixed-model simultaneous pairwise bound, not universal optimality"
hgb,True,disjoint,hgb::D_M_P_C_A_K,D_M_P_C_A_K,29,0.7670935009092656,hgb::H_B_C_K,0.6606525541636623,0.10644094674560334,0.16216626766252262,"post-evaluation descriptive audit; fixed-model simultaneous pairwise bound, not universal optimality"
hgb,True,disjoint,hgb::B_M_P_C_A_K,B_M_P_C_A_K,26,0.7260929646026457,hgb::H_B_C_K,0.6606525541636623,0.06544041043898341,0.1211657313559027,"post-evaluation descriptive audit; fixed-model simultaneous pairwise bound, not universal optimality"
hgb,True,disjoint,hgb::D_B_M_P_C_A_K,D_B_M_P_C_A_K,30,0.7555855242403553,hgb::H_B_C_K,0.6606525541636623,0.09493297007669299,0.15065829099361228,"post-evaluation descriptive audit; fixed-model simultaneous pairwise bound, not universal optimality"
hgb,True,disjoint,P0,P0,0,0.6792964560352511,hgb::H_B_C_K,0.6606525541636623,0.01864390187158882,0.0743692227885081,"post-evaluation descriptive audit; fixed-model simultaneous pairwise bound, not universal optimality"
