policy_id,algorithm,availability,budget,history_available,selected_subset,source_model,chosen_model,chosen_subset,chosen_config,uses_history,selected_additional_items,selected_items,development_oof_log_loss,selected_config_json,blocks_json,domain,n,log_loss,full_model,benchmark,delta_vs_full,upper95_vs_full,delta_vs_benchmark,upper95_vs_benchmark,loss_allowance_infimum_vs_full,superior_to_benchmark,empirical_best_model,empirical_regret,upper95_regret_to_best_fitted_family,policy_family_unique_contrasts,interpretation
ridge|history_unavailable|budget=00,ridge,history_unavailable,0,False,NONE,ridge::NONE,ridge::NONE,NONE,0.001,False,0,0,0.6853643289188563,0.001,[],whole,1520,0.6856435498450262,ridge::D_B_M_P_C_A_K,ridge::NONE,-0.02346741632869842,-0.0003423611843739842,0.0,0.0,0.0,False,ridge::B_C_K,0.033406234776052646,0.06077164567817395,21,positive allowance requires delta > upper95; zero means any positive delta when upper95 <= 0
ridge|history_unavailable|budget=01,ridge,history_unavailable,1,False,B,ridge::B,ridge::B,B,0.1,False,1,1,0.6777381954029948,0.1,"[""B""]",whole,1520,0.6774397940265432,ridge::D_B_M_P_C_A_K,ridge::NONE,-0.0316711721471814,-0.008546117002856967,-0.008203755818482983,0.014921299325841453,0.0,False,ridge::B_C_K,0.025202478957569663,0.052567889859690964,21,positive allowance requires delta > upper95; zero means any positive delta when upper95 <= 0
ridge|history_unavailable|budget=02,ridge,history_unavailable,2,False,B_A,ridge::B_A,ridge::B_A,B_A,0.1,False,2,2,0.6736656514353723,0.1,"[""B"", ""A""]",whole,1520,0.6896428576408072,ridge::D_B_M_P_C_A_K,ridge::NONE,-0.01946810853291736,0.0036569466114070755,0.00399930779578106,0.027124362940105496,0.0036569466114070755,False,ridge::B_C_K,0.037405542571833705,0.064770953473955,21,positive allowance requires delta > upper95; zero means any positive delta when upper95 <= 0
ridge|history_unavailable|budget=03,ridge,history_unavailable,3,False,B_C_A,ridge::B_C_A,ridge::B_C_A,B_C_A,0.1,False,3,3,0.6735209745197117,0.1,"[""B"", ""C"", ""A""]",whole,1520,0.6894130940732988,ridge::D_B_M_P_C_A_K,ridge::NONE,-0.01969787210042584,0.003427183043898597,0.003769544228272581,0.026894599372597017,0.003427183043898597,False,ridge::B_C_K,0.03717577900432523,0.06454118990644653,21,positive allowance requires delta > upper95; zero means any positive delta when upper95 <= 0
ridge|history_unavailable|budget=04,ridge,history_unavailable,4,False,D,ridge::D,ridge::D,D,1.0,False,4,4,0.6621656516928427,1.0,"[""D""]",whole,1520,0.7106611301987347,ridge::D_B_M_P_C_A_K,ridge::NONE,0.0015501640250100701,0.024675219169334506,0.02501758035370849,0.048142635498032924,0.024675219169334506,False,ridge::B_C_K,0.058423815129761136,0.08578922603188244,21,positive allowance requires delta > upper95; zero means any positive delta when upper95 <= 0
ridge|history_unavailable|budget=05,ridge,history_unavailable,5,False,D_B,ridge::D_B,ridge::D_B,D_B,1.0,False,5,5,0.6582120307239033,1.0,"[""D"", ""B""]",whole,1520,0.7009803562324238,ridge::D_B_M_P_C_A_K,ridge::NONE,-0.00813060994130077,0.014994445203023666,0.01533680638739765,0.03846186153172208,0.014994445203023666,False,ridge::B_C_K,0.048743041163450296,0.0761084520655716,21,positive allowance requires delta > upper95; zero means any positive delta when upper95 <= 0
ridge|history_unavailable|budget=06,ridge,history_unavailable,6,False,D_B_A,ridge::D_B_A,ridge::D_B_A,D_B_A,1.0,False,6,6,0.6545563941969289,1.0,"[""D"", ""B"", ""A""]",whole,1520,0.7210273412851432,ridge::D_B_M_P_C_A_K,ridge::NONE,0.011916375111418631,0.035041430255743064,0.03538379144011705,0.058508846584441485,0.035041430255743064,False,ridge::B_C_K,0.0687900262161697,0.096155437118291,21,positive allowance requires delta > upper95; zero means any positive delta when upper95 <= 0
ridge|history_unavailable|budget=07,ridge,history_unavailable,7,False,D_B_A,ridge::D_B_A,ridge::D_B_A,D_B_A,1.0,False,6,6,0.6545563941969289,1.0,"[""D"", ""B"", ""A""]",whole,1520,0.7210273412851432,ridge::D_B_M_P_C_A_K,ridge::NONE,0.011916375111418631,0.035041430255743064,0.03538379144011705,0.058508846584441485,0.035041430255743064,False,ridge::B_C_K,0.0687900262161697,0.096155437118291,21,positive allowance requires delta > upper95; zero means any positive delta when upper95 <= 0
ridge|history_unavailable|budget=08,ridge,history_unavailable,8,False,D_B_A,ridge::D_B_A,ridge::D_B_A,D_B_A,1.0,False,6,6,0.6545563941969289,1.0,"[""D"", ""B"", ""A""]",whole,1520,0.7210273412851432,ridge::D_B_M_P_C_A_K,ridge::NONE,0.011916375111418631,0.035041430255743064,0.03538379144011705,0.058508846584441485,0.035041430255743064,False,ridge::B_C_K,0.0687900262161697,0.096155437118291,21,positive allowance requires delta > upper95; zero means any positive delta when upper95 <= 0
ridge|history_unavailable|budget=09,ridge,history_unavailable,9,False,D_B_A,ridge::D_B_A,ridge::D_B_A,D_B_A,1.0,False,6,6,0.6545563941969289,1.0,"[""D"", ""B"", ""A""]",whole,1520,0.7210273412851432,ridge::D_B_M_P_C_A_K,ridge::NONE,0.011916375111418631,0.035041430255743064,0.03538379144011705,0.058508846584441485,0.035041430255743064,False,ridge::B_C_K,0.0687900262161697,0.096155437118291,21,positive allowance requires delta > upper95; zero means any positive delta when upper95 <= 0
ridge|history_unavailable|budget=10,ridge,history_unavailable,10,False,D_B_A,ridge::D_B_A,ridge::D_B_A,D_B_A,1.0,False,6,6,0.6545563941969289,1.0,"[""D"", ""B"", ""A""]",whole,1520,0.7210273412851432,ridge::D_B_M_P_C_A_K,ridge::NONE,0.011916375111418631,0.035041430255743064,0.03538379144011705,0.058508846584441485,0.035041430255743064,False,ridge::B_C_K,0.0687900262161697,0.096155437118291,21,positive allowance requires delta > upper95; zero means any positive delta when upper95 <= 0
ridge|history_unavailable|budget=11,ridge,history_unavailable,11,False,D_B_A,ridge::D_B_A,ridge::D_B_A,D_B_A,1.0,False,6,6,0.6545563941969289,1.0,"[""D"", ""B"", ""A""]",whole,1520,0.7210273412851432,ridge::D_B_M_P_C_A_K,ridge::NONE,0.011916375111418631,0.035041430255743064,0.03538379144011705,0.058508846584441485,0.035041430255743064,False,ridge::B_C_K,0.0687900262161697,0.096155437118291,21,positive allowance requires delta > upper95; zero means any positive delta when upper95 <= 0
ridge|history_unavailable|budget=12,ridge,history_unavailable,12,False,D_B_A,ridge::D_B_A,ridge::D_B_A,D_B_A,1.0,False,6,6,0.6545563941969289,1.0,"[""D"", ""B"", ""A""]",whole,1520,0.7210273412851432,ridge::D_B_M_P_C_A_K,ridge::NONE,0.011916375111418631,0.035041430255743064,0.03538379144011705,0.058508846584441485,0.035041430255743064,False,ridge::B_C_K,0.0687900262161697,0.096155437118291,21,positive allowance requires delta > upper95; zero means any positive delta when upper95 <= 0
ridge|history_unavailable|budget=13,ridge,history_unavailable,13,False,D_B_A,ridge::D_B_A,ridge::D_B_A,D_B_A,1.0,False,6,6,0.6545563941969289,1.0,"[""D"", ""B"", ""A""]",whole,1520,0.7210273412851432,ridge::D_B_M_P_C_A_K,ridge::NONE,0.011916375111418631,0.035041430255743064,0.03538379144011705,0.058508846584441485,0.035041430255743064,False,ridge::B_C_K,0.0687900262161697,0.096155437118291,21,positive allowance requires delta > upper95; zero means any positive delta when upper95 <= 0
ridge|history_unavailable|budget=14,ridge,history_unavailable,14,False,D_B_A,ridge::D_B_A,ridge::D_B_A,D_B_A,1.0,False,6,6,0.6545563941969289,1.0,"[""D"", ""B"", ""A""]",whole,1520,0.7210273412851432,ridge::D_B_M_P_C_A_K,ridge::NONE,0.011916375111418631,0.035041430255743064,0.03538379144011705,0.058508846584441485,0.035041430255743064,False,ridge::B_C_K,0.0687900262161697,0.096155437118291,21,positive allowance requires delta > upper95; zero means any positive delta when upper95 <= 0
ridge|history_unavailable|budget=15,ridge,history_unavailable,15,False,D_K,ridge::D_K,ridge::D_K,D_K,1.0,False,15,15,0.6534616584557627,1.0,"[""D"", ""K""]",whole,1520,0.6893716825384351,ridge::D_B_M_P_C_A_K,ridge::NONE,-0.01973928363528954,0.003385771509034897,0.003728132693408881,0.026853187837733317,0.003385771509034897,False,ridge::B_C_K,0.03713436746946153,0.06449977837158283,21,positive allowance requires delta > upper95; zero means any positive delta when upper95 <= 0
ridge|history_unavailable|budget=16,ridge,history_unavailable,16,False,D_A_K,ridge::D_A_K,ridge::D_A_K,D_A_K,1.0,False,16,16,0.6495521869548352,1.0,"[""D"", ""A"", ""K""]",whole,1520,0.710038427631828,ridge::D_B_M_P_C_A_K,ridge::NONE,0.0009274614581034069,0.024052516602427843,0.024394877786801827,0.04751993293112626,0.024052516602427843,False,ridge::B_C_K,0.05780111256285447,0.08516652346497577,21,positive allowance requires delta > upper95; zero means any positive delta when upper95 <= 0
ridge|history_unavailable|budget=17,ridge,history_unavailable,17,False,D_B_A_K,ridge::D_B_A_K,ridge::D_B_A_K,D_B_A_K,1.0,False,17,17,0.6465315444142528,1.0,"[""D"", ""B"", ""A"", ""K""]",whole,1520,0.7018587040038071,ridge::D_B_M_P_C_A_K,ridge::NONE,-0.007252262169917478,0.015872792974406958,0.016215154158780942,0.039340209303105375,0.015872792974406958,False,ridge::B_C_K,0.04962138893483359,0.07698679983695489,21,positive allowance requires delta > upper95; zero means any positive delta when upper95 <= 0
ridge|history_unavailable|budget=18,ridge,history_unavailable,18,False,D_B_A_K,ridge::D_B_A_K,ridge::D_B_A_K,D_B_A_K,1.0,False,17,17,0.6465315444142528,1.0,"[""D"", ""B"", ""A"", ""K""]",whole,1520,0.7018587040038071,ridge::D_B_M_P_C_A_K,ridge::NONE,-0.007252262169917478,0.015872792974406958,0.016215154158780942,0.039340209303105375,0.015872792974406958,False,ridge::B_C_K,0.04962138893483359,0.07698679983695489,21,positive allowance requires delta > upper95; zero means any positive delta when upper95 <= 0
ridge|history_unavailable|budget=19,ridge,history_unavailable,19,False,D_B_A_K,ridge::D_B_A_K,ridge::D_B_A_K,D_B_A_K,1.0,False,17,17,0.6465315444142528,1.0,"[""D"", ""B"", ""A"", ""K""]",whole,1520,0.7018587040038071,ridge::D_B_M_P_C_A_K,ridge::NONE,-0.007252262169917478,0.015872792974406958,0.016215154158780942,0.039340209303105375,0.015872792974406958,False,ridge::B_C_K,0.04962138893483359,0.07698679983695489,21,positive allowance requires delta > upper95; zero means any positive delta when upper95 <= 0
ridge|history_unavailable|budget=20,ridge,history_unavailable,20,False,D_B_A_K,ridge::D_B_A_K,ridge::D_B_A_K,D_B_A_K,1.0,False,17,17,0.6465315444142528,1.0,"[""D"", ""B"", ""A"", ""K""]",whole,1520,0.7018587040038071,ridge::D_B_M_P_C_A_K,ridge::NONE,-0.007252262169917478,0.015872792974406958,0.016215154158780942,0.039340209303105375,0.015872792974406958,False,ridge::B_C_K,0.04962138893483359,0.07698679983695489,21,positive allowance requires delta > upper95; zero means any positive delta when upper95 <= 0
ridge|history_unavailable|budget=21,ridge,history_unavailable,21,False,D_B_A_K,ridge::D_B_A_K,ridge::D_B_A_K,D_B_A_K,1.0,False,17,17,0.6465315444142528,1.0,"[""D"", ""B"", ""A"", ""K""]",whole,1520,0.7018587040038071,ridge::D_B_M_P_C_A_K,ridge::NONE,-0.007252262169917478,0.015872792974406958,0.016215154158780942,0.039340209303105375,0.015872792974406958,False,ridge::B_C_K,0.04962138893483359,0.07698679983695489,21,positive allowance requires delta > upper95; zero means any positive delta when upper95 <= 0
ridge|history_unavailable|budget=22,ridge,history_unavailable,22,False,D_B_A_K,ridge::D_B_A_K,ridge::D_B_A_K,D_B_A_K,1.0,False,17,17,0.6465315444142528,1.0,"[""D"", ""B"", ""A"", ""K""]",whole,1520,0.7018587040038071,ridge::D_B_M_P_C_A_K,ridge::NONE,-0.007252262169917478,0.015872792974406958,0.016215154158780942,0.039340209303105375,0.015872792974406958,False,ridge::B_C_K,0.04962138893483359,0.07698679983695489,21,positive allowance requires delta > upper95; zero means any positive delta when upper95 <= 0
ridge|history_unavailable|budget=23,ridge,history_unavailable,23,False,D_B_A_K,ridge::D_B_A_K,ridge::D_B_A_K,D_B_A_K,1.0,False,17,17,0.6465315444142528,1.0,"[""D"", ""B"", ""A"", ""K""]",whole,1520,0.7018587040038071,ridge::D_B_M_P_C_A_K,ridge::NONE,-0.007252262169917478,0.015872792974406958,0.016215154158780942,0.039340209303105375,0.015872792974406958,False,ridge::B_C_K,0.04962138893483359,0.07698679983695489,21,positive allowance requires delta > upper95; zero means any positive delta when upper95 <= 0
ridge|history_unavailable|budget=24,ridge,history_unavailable,24,False,D_B_A_K,ridge::D_B_A_K,ridge::D_B_A_K,D_B_A_K,1.0,False,17,17,0.6465315444142528,1.0,"[""D"", ""B"", ""A"", ""K""]",whole,1520,0.7018587040038071,ridge::D_B_M_P_C_A_K,ridge::NONE,-0.007252262169917478,0.015872792974406958,0.016215154158780942,0.039340209303105375,0.015872792974406958,False,ridge::B_C_K,0.04962138893483359,0.07698679983695489,21,positive allowance requires delta > upper95; zero means any positive delta when upper95 <= 0
ridge|history_unavailable|budget=25,ridge,history_unavailable,25,False,D_B_A_K,ridge::D_B_A_K,ridge::D_B_A_K,D_B_A_K,1.0,False,17,17,0.6465315444142528,1.0,"[""D"", ""B"", ""A"", ""K""]",whole,1520,0.7018587040038071,ridge::D_B_M_P_C_A_K,ridge::NONE,-0.007252262169917478,0.015872792974406958,0.016215154158780942,0.039340209303105375,0.015872792974406958,False,ridge::B_C_K,0.04962138893483359,0.07698679983695489,21,positive allowance requires delta > upper95; zero means any positive delta when upper95 <= 0
ridge|history_unavailable|budget=26,ridge,history_unavailable,26,False,D_B_A_K,ridge::D_B_A_K,ridge::D_B_A_K,D_B_A_K,1.0,False,17,17,0.6465315444142528,1.0,"[""D"", ""B"", ""A"", ""K""]",whole,1520,0.7018587040038071,ridge::D_B_M_P_C_A_K,ridge::NONE,-0.007252262169917478,0.015872792974406958,0.016215154158780942,0.039340209303105375,0.015872792974406958,False,ridge::B_C_K,0.04962138893483359,0.07698679983695489,21,positive allowance requires delta > upper95; zero means any positive delta when upper95 <= 0
ridge|history_unavailable|budget=27,ridge,history_unavailable,27,False,D_B_A_K,ridge::D_B_A_K,ridge::D_B_A_K,D_B_A_K,1.0,False,17,17,0.6465315444142528,1.0,"[""D"", ""B"", ""A"", ""K""]",whole,1520,0.7018587040038071,ridge::D_B_M_P_C_A_K,ridge::NONE,-0.007252262169917478,0.015872792974406958,0.016215154158780942,0.039340209303105375,0.015872792974406958,False,ridge::B_C_K,0.04962138893483359,0.07698679983695489,21,positive allowance requires delta > upper95; zero means any positive delta when upper95 <= 0
ridge|history_unavailable|budget=28,ridge,history_unavailable,28,False,D_B_P_A_K,ridge::D_B_P_A_K,ridge::D_B_P_A_K,D_B_P_A_K,1.0,False,28,28,0.645554504910448,1.0,"[""D"", ""B"", ""P"", ""A"", ""K""]",whole,1520,0.7058808738345649,ridge::D_B_M_P_C_A_K,ridge::NONE,-0.003230092339159718,0.01989496280516472,0.020237323989538702,0.043362379133863135,0.01989496280516472,False,ridge::B_C_K,0.05364355876559135,0.08100896966771265,21,positive allowance requires delta > upper95; zero means any positive delta when upper95 <= 0
ridge|history_unavailable|budget=29,ridge,history_unavailable,29,False,D_B_P_A_K,ridge::D_B_P_A_K,ridge::D_B_P_A_K,D_B_P_A_K,1.0,False,28,28,0.645554504910448,1.0,"[""D"", ""B"", ""P"", ""A"", ""K""]",whole,1520,0.7058808738345649,ridge::D_B_M_P_C_A_K,ridge::NONE,-0.003230092339159718,0.01989496280516472,0.020237323989538702,0.043362379133863135,0.01989496280516472,False,ridge::B_C_K,0.05364355876559135,0.08100896966771265,21,positive allowance requires delta > upper95; zero means any positive delta when upper95 <= 0
ridge|history_unavailable|budget=30,ridge,history_unavailable,30,False,D_B_P_A_K,ridge::D_B_P_A_K,ridge::D_B_P_A_K,D_B_P_A_K,1.0,False,28,28,0.645554504910448,1.0,"[""D"", ""B"", ""P"", ""A"", ""K""]",whole,1520,0.7058808738345649,ridge::D_B_M_P_C_A_K,ridge::NONE,-0.003230092339159718,0.01989496280516472,0.020237323989538702,0.043362379133863135,0.01989496280516472,False,ridge::B_C_K,0.05364355876559135,0.08100896966771265,21,positive allowance requires delta > upper95; zero means any positive delta when upper95 <= 0
ridge|history_unavailable|budget=00,ridge,history_unavailable,0,False,NONE,ridge::NONE,ridge::NONE,NONE,0.001,False,0,0,0.6853643289188563,0.001,[],disjoint,879,0.6919851207085821,ridge::D_B_M_P_C_A_K,ridge::NONE,-0.058974120088800985,-0.027939613372620416,0.0,0.0,0.0,False,ridge::B_C_K,0.02619591333561555,0.0634280715088496,21,positive allowance requires delta > upper95; zero means any positive delta when upper95 <= 0
ridge|history_unavailable|budget=01,ridge,history_unavailable,1,False,B,ridge::B,ridge::B,B,0.1,False,1,1,0.6777381954029948,0.1,"[""B""]",disjoint,879,0.6849243747157544,ridge::D_B_M_P_C_A_K,ridge::NONE,-0.06603486608162867,-0.035000359365448104,-0.007060745992827688,0.02397376072335288,0.0,False,ridge::B_C_K,0.019135167342787862,0.05636732551602191,21,positive allowance requires delta > upper95; zero means any positive delta when upper95 <= 0
ridge|history_unavailable|budget=02,ridge,history_unavailable,2,False,B_A,ridge::B_A,ridge::B_A,B_A,0.1,False,2,2,0.6736656514353723,0.1,"[""B"", ""A""]",disjoint,879,0.7019928071036963,ridge::D_B_M_P_C_A_K,ridge::NONE,-0.048966433693686806,-0.017931926977506236,0.01000768639511418,0.04104219311129475,0.0,False,ridge::B_C_K,0.03620359973072973,0.07343575790396378,21,positive allowance requires delta > upper95; zero means any positive delta when upper95 <= 0
ridge|history_unavailable|budget=03,ridge,history_unavailable,3,False,B_C_A,ridge::B_C_A,ridge::B_C_A,B_C_A,0.1,False,3,3,0.6735209745197117,0.1,"[""B"", ""C"", ""A""]",disjoint,879,0.7008367293557348,ridge::D_B_M_P_C_A_K,ridge::NONE,-0.050122511441648254,-0.019088004725467685,0.008851608647152731,0.0398861153633333,0.0,False,ridge::B_C_K,0.03504752198276828,0.07227968015600233,21,positive allowance requires delta > upper95; zero means any positive delta when upper95 <= 0
ridge|history_unavailable|budget=04,ridge,history_unavailable,4,False,D,ridge::D,ridge::D,D,1.0,False,4,4,0.6621656516928427,1.0,"[""D""]",disjoint,879,0.743213119954039,ridge::D_B_M_P_C_A_K,ridge::NONE,-0.007746120843344029,0.02328838587283654,0.05122799924545696,0.08226250596163753,0.02328838587283654,False,ridge::B_C_K,0.07742391258107251,0.11465607075430656,21,positive allowance requires delta > upper95; zero means any positive delta when upper95 <= 0
ridge|history_unavailable|budget=05,ridge,history_unavailable,5,False,D_B,ridge::D_B,ridge::D_B,D_B,1.0,False,5,5,0.6582120307239033,1.0,"[""D"", ""B""]",disjoint,879,0.7327917518170171,ridge::D_B_M_P_C_A_K,ridge::NONE,-0.01816748898036602,0.01286701773581455,0.040806631108434965,0.07184113782461554,0.01286701773581455,False,ridge::B_C_K,0.06700254444405052,0.10423470261728457,21,positive allowance requires delta > upper95; zero means any positive delta when upper95 <= 0
ridge|history_unavailable|budget=06,ridge,history_unavailable,6,False,D_B_A,ridge::D_B_A,ridge::D_B_A,D_B_A,1.0,False,6,6,0.6545563941969289,1.0,"[""D"", ""B"", ""A""]",disjoint,879,0.757453279408938,ridge::D_B_M_P_C_A_K,ridge::NONE,0.006494038611554953,0.03752854532773552,0.06546815870035594,0.09650266541653651,0.03752854532773552,False,ridge::B_C_K,0.09166407203597149,0.12889623020920554,21,positive allowance requires delta > upper95; zero means any positive delta when upper95 <= 0
ridge|history_unavailable|budget=07,ridge,history_unavailable,7,False,D_B_A,ridge::D_B_A,ridge::D_B_A,D_B_A,1.0,False,6,6,0.6545563941969289,1.0,"[""D"", ""B"", ""A""]",disjoint,879,0.757453279408938,ridge::D_B_M_P_C_A_K,ridge::NONE,0.006494038611554953,0.03752854532773552,0.06546815870035594,0.09650266541653651,0.03752854532773552,False,ridge::B_C_K,0.09166407203597149,0.12889623020920554,21,positive allowance requires delta > upper95; zero means any positive delta when upper95 <= 0
ridge|history_unavailable|budget=08,ridge,history_unavailable,8,False,D_B_A,ridge::D_B_A,ridge::D_B_A,D_B_A,1.0,False,6,6,0.6545563941969289,1.0,"[""D"", ""B"", ""A""]",disjoint,879,0.757453279408938,ridge::D_B_M_P_C_A_K,ridge::NONE,0.006494038611554953,0.03752854532773552,0.06546815870035594,0.09650266541653651,0.03752854532773552,False,ridge::B_C_K,0.09166407203597149,0.12889623020920554,21,positive allowance requires delta > upper95; zero means any positive delta when upper95 <= 0
ridge|history_unavailable|budget=09,ridge,history_unavailable,9,False,D_B_A,ridge::D_B_A,ridge::D_B_A,D_B_A,1.0,False,6,6,0.6545563941969289,1.0,"[""D"", ""B"", ""A""]",disjoint,879,0.757453279408938,ridge::D_B_M_P_C_A_K,ridge::NONE,0.006494038611554953,0.03752854532773552,0.06546815870035594,0.09650266541653651,0.03752854532773552,False,ridge::B_C_K,0.09166407203597149,0.12889623020920554,21,positive allowance requires delta > upper95; zero means any positive delta when upper95 <= 0
ridge|history_unavailable|budget=10,ridge,history_unavailable,10,False,D_B_A,ridge::D_B_A,ridge::D_B_A,D_B_A,1.0,False,6,6,0.6545563941969289,1.0,"[""D"", ""B"", ""A""]",disjoint,879,0.757453279408938,ridge::D_B_M_P_C_A_K,ridge::NONE,0.006494038611554953,0.03752854532773552,0.06546815870035594,0.09650266541653651,0.03752854532773552,False,ridge::B_C_K,0.09166407203597149,0.12889623020920554,21,positive allowance requires delta > upper95; zero means any positive delta when upper95 <= 0
ridge|history_unavailable|budget=11,ridge,history_unavailable,11,False,D_B_A,ridge::D_B_A,ridge::D_B_A,D_B_A,1.0,False,6,6,0.6545563941969289,1.0,"[""D"", ""B"", ""A""]",disjoint,879,0.757453279408938,ridge::D_B_M_P_C_A_K,ridge::NONE,0.006494038611554953,0.03752854532773552,0.06546815870035594,0.09650266541653651,0.03752854532773552,False,ridge::B_C_K,0.09166407203597149,0.12889623020920554,21,positive allowance requires delta > upper95; zero means any positive delta when upper95 <= 0
ridge|history_unavailable|budget=12,ridge,history_unavailable,12,False,D_B_A,ridge::D_B_A,ridge::D_B_A,D_B_A,1.0,False,6,6,0.6545563941969289,1.0,"[""D"", ""B"", ""A""]",disjoint,879,0.757453279408938,ridge::D_B_M_P_C_A_K,ridge::NONE,0.006494038611554953,0.03752854532773552,0.06546815870035594,0.09650266541653651,0.03752854532773552,False,ridge::B_C_K,0.09166407203597149,0.12889623020920554,21,positive allowance requires delta > upper95; zero means any positive delta when upper95 <= 0
ridge|history_unavailable|budget=13,ridge,history_unavailable,13,False,D_B_A,ridge::D_B_A,ridge::D_B_A,D_B_A,1.0,False,6,6,0.6545563941969289,1.0,"[""D"", ""B"", ""A""]",disjoint,879,0.757453279408938,ridge::D_B_M_P_C_A_K,ridge::NONE,0.006494038611554953,0.03752854532773552,0.06546815870035594,0.09650266541653651,0.03752854532773552,False,ridge::B_C_K,0.09166407203597149,0.12889623020920554,21,positive allowance requires delta > upper95; zero means any positive delta when upper95 <= 0
ridge|history_unavailable|budget=14,ridge,history_unavailable,14,False,D_B_A,ridge::D_B_A,ridge::D_B_A,D_B_A,1.0,False,6,6,0.6545563941969289,1.0,"[""D"", ""B"", ""A""]",disjoint,879,0.757453279408938,ridge::D_B_M_P_C_A_K,ridge::NONE,0.006494038611554953,0.03752854532773552,0.06546815870035594,0.09650266541653651,0.03752854532773552,False,ridge::B_C_K,0.09166407203597149,0.12889623020920554,21,positive allowance requires delta > upper95; zero means any positive delta when upper95 <= 0
ridge|history_unavailable|budget=15,ridge,history_unavailable,15,False,D_K,ridge::D_K,ridge::D_K,D_K,1.0,False,15,15,0.6534616584557627,1.0,"[""D"", ""K""]",disjoint,879,0.7252047221104492,ridge::D_B_M_P_C_A_K,ridge::NONE,-0.025754518686933903,0.005279988029246667,0.03321960140186708,0.06425410811804766,0.005279988029246667,False,ridge::B_C_K,0.05941551473748263,0.09664767291071669,21,positive allowance requires delta > upper95; zero means any positive delta when upper95 <= 0
ridge|history_unavailable|budget=16,ridge,history_unavailable,16,False,D_A_K,ridge::D_A_K,ridge::D_A_K,D_A_K,1.0,False,16,16,0.6495521869548352,1.0,"[""D"", ""A"", ""K""]",disjoint,879,0.7507484226309693,ridge::D_B_M_P_C_A_K,ridge::NONE,-0.00021081816641377316,0.030823688549766796,0.05876330192238721,0.08979780863856779,0.030823688549766796,False,ridge::B_C_K,0.08495921525800276,0.12219137343123682,21,positive allowance requires delta > upper95; zero means any positive delta when upper95 <= 0
ridge|history_unavailable|budget=17,ridge,history_unavailable,17,False,D_B_A_K,ridge::D_B_A_K,ridge::D_B_A_K,D_B_A_K,1.0,False,17,17,0.6465315444142528,1.0,"[""D"", ""B"", ""A"", ""K""]",disjoint,879,0.7407319064019351,ridge::D_B_M_P_C_A_K,ridge::NONE,-0.010227334395447985,0.020807172320732585,0.048746785693353,0.07978129240953358,0.020807172320732585,False,ridge::B_C_K,0.07494269902896855,0.1121748572022026,21,positive allowance requires delta > upper95; zero means any positive delta when upper95 <= 0
ridge|history_unavailable|budget=18,ridge,history_unavailable,18,False,D_B_A_K,ridge::D_B_A_K,ridge::D_B_A_K,D_B_A_K,1.0,False,17,17,0.6465315444142528,1.0,"[""D"", ""B"", ""A"", ""K""]",disjoint,879,0.7407319064019351,ridge::D_B_M_P_C_A_K,ridge::NONE,-0.010227334395447985,0.020807172320732585,0.048746785693353,0.07978129240953358,0.020807172320732585,False,ridge::B_C_K,0.07494269902896855,0.1121748572022026,21,positive allowance requires delta > upper95; zero means any positive delta when upper95 <= 0
ridge|history_unavailable|budget=19,ridge,history_unavailable,19,False,D_B_A_K,ridge::D_B_A_K,ridge::D_B_A_K,D_B_A_K,1.0,False,17,17,0.6465315444142528,1.0,"[""D"", ""B"", ""A"", ""K""]",disjoint,879,0.7407319064019351,ridge::D_B_M_P_C_A_K,ridge::NONE,-0.010227334395447985,0.020807172320732585,0.048746785693353,0.07978129240953358,0.020807172320732585,False,ridge::B_C_K,0.07494269902896855,0.1121748572022026,21,positive allowance requires delta > upper95; zero means any positive delta when upper95 <= 0
ridge|history_unavailable|budget=20,ridge,history_unavailable,20,False,D_B_A_K,ridge::D_B_A_K,ridge::D_B_A_K,D_B_A_K,1.0,False,17,17,0.6465315444142528,1.0,"[""D"", ""B"", ""A"", ""K""]",disjoint,879,0.7407319064019351,ridge::D_B_M_P_C_A_K,ridge::NONE,-0.010227334395447985,0.020807172320732585,0.048746785693353,0.07978129240953358,0.020807172320732585,False,ridge::B_C_K,0.07494269902896855,0.1121748572022026,21,positive allowance requires delta > upper95; zero means any positive delta when upper95 <= 0
ridge|history_unavailable|budget=21,ridge,history_unavailable,21,False,D_B_A_K,ridge::D_B_A_K,ridge::D_B_A_K,D_B_A_K,1.0,False,17,17,0.6465315444142528,1.0,"[""D"", ""B"", ""A"", ""K""]",disjoint,879,0.7407319064019351,ridge::D_B_M_P_C_A_K,ridge::NONE,-0.010227334395447985,0.020807172320732585,0.048746785693353,0.07978129240953358,0.020807172320732585,False,ridge::B_C_K,0.07494269902896855,0.1121748572022026,21,positive allowance requires delta > upper95; zero means any positive delta when upper95 <= 0
ridge|history_unavailable|budget=22,ridge,history_unavailable,22,False,D_B_A_K,ridge::D_B_A_K,ridge::D_B_A_K,D_B_A_K,1.0,False,17,17,0.6465315444142528,1.0,"[""D"", ""B"", ""A"", ""K""]",disjoint,879,0.7407319064019351,ridge::D_B_M_P_C_A_K,ridge::NONE,-0.010227334395447985,0.020807172320732585,0.048746785693353,0.07978129240953358,0.020807172320732585,False,ridge::B_C_K,0.07494269902896855,0.1121748572022026,21,positive allowance requires delta > upper95; zero means any positive delta when upper95 <= 0
ridge|history_unavailable|budget=23,ridge,history_unavailable,23,False,D_B_A_K,ridge::D_B_A_K,ridge::D_B_A_K,D_B_A_K,1.0,False,17,17,0.6465315444142528,1.0,"[""D"", ""B"", ""A"", ""K""]",disjoint,879,0.7407319064019351,ridge::D_B_M_P_C_A_K,ridge::NONE,-0.010227334395447985,0.020807172320732585,0.048746785693353,0.07978129240953358,0.020807172320732585,False,ridge::B_C_K,0.07494269902896855,0.1121748572022026,21,positive allowance requires delta > upper95; zero means any positive delta when upper95 <= 0
ridge|history_unavailable|budget=24,ridge,history_unavailable,24,False,D_B_A_K,ridge::D_B_A_K,ridge::D_B_A_K,D_B_A_K,1.0,False,17,17,0.6465315444142528,1.0,"[""D"", ""B"", ""A"", ""K""]",disjoint,879,0.7407319064019351,ridge::D_B_M_P_C_A_K,ridge::NONE,-0.010227334395447985,0.020807172320732585,0.048746785693353,0.07978129240953358,0.020807172320732585,False,ridge::B_C_K,0.07494269902896855,0.1121748572022026,21,positive allowance requires delta > upper95; zero means any positive delta when upper95 <= 0
ridge|history_unavailable|budget=25,ridge,history_unavailable,25,False,D_B_A_K,ridge::D_B_A_K,ridge::D_B_A_K,D_B_A_K,1.0,False,17,17,0.6465315444142528,1.0,"[""D"", ""B"", ""A"", ""K""]",disjoint,879,0.7407319064019351,ridge::D_B_M_P_C_A_K,ridge::NONE,-0.010227334395447985,0.020807172320732585,0.048746785693353,0.07978129240953358,0.020807172320732585,False,ridge::B_C_K,0.07494269902896855,0.1121748572022026,21,positive allowance requires delta > upper95; zero means any positive delta when upper95 <= 0
ridge|history_unavailable|budget=26,ridge,history_unavailable,26,False,D_B_A_K,ridge::D_B_A_K,ridge::D_B_A_K,D_B_A_K,1.0,False,17,17,0.6465315444142528,1.0,"[""D"", ""B"", ""A"", ""K""]",disjoint,879,0.7407319064019351,ridge::D_B_M_P_C_A_K,ridge::NONE,-0.010227334395447985,0.020807172320732585,0.048746785693353,0.07978129240953358,0.020807172320732585,False,ridge::B_C_K,0.07494269902896855,0.1121748572022026,21,positive allowance requires delta > upper95; zero means any positive delta when upper95 <= 0
ridge|history_unavailable|budget=27,ridge,history_unavailable,27,False,D_B_A_K,ridge::D_B_A_K,ridge::D_B_A_K,D_B_A_K,1.0,False,17,17,0.6465315444142528,1.0,"[""D"", ""B"", ""A"", ""K""]",disjoint,879,0.7407319064019351,ridge::D_B_M_P_C_A_K,ridge::NONE,-0.010227334395447985,0.020807172320732585,0.048746785693353,0.07978129240953358,0.020807172320732585,False,ridge::B_C_K,0.07494269902896855,0.1121748572022026,21,positive allowance requires delta > upper95; zero means any positive delta when upper95 <= 0
ridge|history_unavailable|budget=28,ridge,history_unavailable,28,False,D_B_P_A_K,ridge::D_B_P_A_K,ridge::D_B_P_A_K,D_B_P_A_K,1.0,False,28,28,0.645554504910448,1.0,"[""D"", ""B"", ""P"", ""A"", ""K""]",disjoint,879,0.7480461393688025,ridge::D_B_M_P_C_A_K,ridge::NONE,-0.002913101428580589,0.02812140528759998,0.056061018660220396,0.08709552537640097,0.02812140528759998,False,ridge::B_C_K,0.08225693199583595,0.11948909016907,21,positive allowance requires delta > upper95; zero means any positive delta when upper95 <= 0
ridge|history_unavailable|budget=29,ridge,history_unavailable,29,False,D_B_P_A_K,ridge::D_B_P_A_K,ridge::D_B_P_A_K,D_B_P_A_K,1.0,False,28,28,0.645554504910448,1.0,"[""D"", ""B"", ""P"", ""A"", ""K""]",disjoint,879,0.7480461393688025,ridge::D_B_M_P_C_A_K,ridge::NONE,-0.002913101428580589,0.02812140528759998,0.056061018660220396,0.08709552537640097,0.02812140528759998,False,ridge::B_C_K,0.08225693199583595,0.11948909016907,21,positive allowance requires delta > upper95; zero means any positive delta when upper95 <= 0
ridge|history_unavailable|budget=30,ridge,history_unavailable,30,False,D_B_P_A_K,ridge::D_B_P_A_K,ridge::D_B_P_A_K,D_B_P_A_K,1.0,False,28,28,0.645554504910448,1.0,"[""D"", ""B"", ""P"", ""A"", ""K""]",disjoint,879,0.7480461393688025,ridge::D_B_M_P_C_A_K,ridge::NONE,-0.002913101428580589,0.02812140528759998,0.056061018660220396,0.08709552537640097,0.02812140528759998,False,ridge::B_C_K,0.08225693199583595,0.11948909016907,21,positive allowance requires delta > upper95; zero means any positive delta when upper95 <= 0
ridge|history_available|budget=00,ridge,history_available,0,True,P0,P0,P0,P0,,True,0,0,0.6620828063230408,,"[""H""]",whole,1520,0.6606246186097157,ridge::H_D_B_M_P_C_A_K,P0,-0.038987217708090216,-0.01669506954586606,0.0,0.0,0.0,False,ridge::H_B_C_K,0.02683822768628641,0.05824023484244283,25,positive allowance requires delta > upper95; zero means any positive delta when upper95 <= 0
ridge|history_available|budget=01,ridge,history_available,1,True,H_B,ridge::H_B,ridge::H_B,H_B,1.0,True,1,1,0.6578158495921907,1.0,"[""H"", ""B""]",whole,1520,0.6572437321089143,ridge::H_D_B_M_P_C_A_K,P0,-0.04236810420889159,-0.020075956046667433,-0.003380886500801372,0.018911261661422783,0.0,False,ridge::H_B_C_K,0.023457341185485037,0.05485934834164146,25,positive allowance requires delta > upper95; zero means any positive delta when upper95 <= 0
ridge|history_available|budget=02,ridge,history_available,2,True,H_B_A,ridge::H_B_A,ridge::H_B_A,H_B_A,0.1,True,2,2,0.6557119973590803,0.1,"[""H"", ""B"", ""A""]",whole,1520,0.6709018797430876,ridge::H_D_B_M_P_C_A_K,P0,-0.02870995657471831,-0.006417808412494154,0.010277261133371907,0.03256940929559606,0.0,False,ridge::H_B_C_K,0.037115488819658315,0.06851749597581475,25,positive allowance requires delta > upper95; zero means any positive delta when upper95 <= 0
ridge|history_available|budget=03,ridge,history_available,3,True,H_B_A,ridge::H_B_A,ridge::H_B_A,H_B_A,0.1,True,2,2,0.6557119973590803,0.1,"[""H"", ""B"", ""A""]",whole,1520,0.6709018797430876,ridge::H_D_B_M_P_C_A_K,P0,-0.02870995657471831,-0.006417808412494154,0.010277261133371907,0.03256940929559606,0.0,False,ridge::H_B_C_K,0.037115488819658315,0.06851749597581475,25,positive allowance requires delta > upper95; zero means any positive delta when upper95 <= 0
ridge|history_available|budget=04,ridge,history_available,4,True,H_D,ridge::H_D,ridge::H_D,H_D,1.0,True,4,4,0.6396754472363618,1.0,"[""H"", ""D""]",whole,1520,0.6963355611984344,ridge::H_D_B_M_P_C_A_K,P0,-0.0032762751193714523,0.019015873042852703,0.035710942588718764,0.05800309075094292,0.019015873042852703,False,ridge::H_B_C_K,0.06254917027500517,0.0939511774311616,25,positive allowance requires delta > upper95; zero means any positive delta when upper95 <= 0
ridge|history_available|budget=05,ridge,history_available,5,True,H_D_B,ridge::H_D_B,ridge::H_D_B,H_D_B,1.0,True,5,5,0.6379948075675399,1.0,"[""H"", ""D"", ""B""]",whole,1520,0.6906339173177154,ridge::H_D_B_M_P_C_A_K,P0,-0.008977919000090484,0.013314229162133671,0.030009298707999732,0.05230144687022389,0.013314229162133671,False,ridge::H_B_C_K,0.05684752639428614,0.08824953355044257,25,positive allowance requires delta > upper95; zero means any positive delta when upper95 <= 0
ridge|history_available|budget=06,ridge,history_available,6,True,H_D_B_A,ridge::H_D_B_A,ridge::H_D_B_A,H_D_B_A,1.0,True,6,6,0.6362755316368176,1.0,"[""H"", ""D"", ""B"", ""A""]",whole,1520,0.7098588727184798,ridge::H_D_B_M_P_C_A_K,P0,0.010247036400673926,0.03253918456289808,0.04923425410876414,0.0715264022709883,0.03253918456289808,False,ridge::H_B_C_K,0.07607248179505055,0.10747448895120698,25,positive allowance requires delta > upper95; zero means any positive delta when upper95 <= 0
ridge|history_available|budget=07,ridge,history_available,7,True,H_D_B_M_A,ridge::H_D_B_M_A,ridge::H_D_B_M_A,H_D_B_M_A,1.0,True,7,7,0.6362310759849575,1.0,"[""H"", ""D"", ""B"", ""M"", ""A""]",whole,1520,0.7138935134653294,ridge::H_D_B_M_P_C_A_K,P0,0.014281677147523486,0.03657382530974764,0.0532688948556137,0.07556104301783786,0.03657382530974764,False,ridge::H_B_C_K,0.08010712254190011,0.11150912969805654,25,positive allowance requires delta > upper95; zero means any positive delta when upper95 <= 0
ridge|history_available|budget=08,ridge,history_available,8,True,H_D_B_M_A,ridge::H_D_B_M_A,ridge::H_D_B_M_A,H_D_B_M_A,1.0,True,7,7,0.6362310759849575,1.0,"[""H"", ""D"", ""B"", ""M"", ""A""]",whole,1520,0.7138935134653294,ridge::H_D_B_M_P_C_A_K,P0,0.014281677147523486,0.03657382530974764,0.0532688948556137,0.07556104301783786,0.03657382530974764,False,ridge::H_B_C_K,0.08010712254190011,0.11150912969805654,25,positive allowance requires delta > upper95; zero means any positive delta when upper95 <= 0
ridge|history_available|budget=09,ridge,history_available,9,True,H_D_B_M_A,ridge::H_D_B_M_A,ridge::H_D_B_M_A,H_D_B_M_A,1.0,True,7,7,0.6362310759849575,1.0,"[""H"", ""D"", ""B"", ""M"", ""A""]",whole,1520,0.7138935134653294,ridge::H_D_B_M_P_C_A_K,P0,0.014281677147523486,0.03657382530974764,0.0532688948556137,0.07556104301783786,0.03657382530974764,False,ridge::H_B_C_K,0.08010712254190011,0.11150912969805654,25,positive allowance requires delta > upper95; zero means any positive delta when upper95 <= 0
ridge|history_available|budget=10,ridge,history_available,10,True,H_D_B_M_A,ridge::H_D_B_M_A,ridge::H_D_B_M_A,H_D_B_M_A,1.0,True,7,7,0.6362310759849575,1.0,"[""H"", ""D"", ""B"", ""M"", ""A""]",whole,1520,0.7138935134653294,ridge::H_D_B_M_P_C_A_K,P0,0.014281677147523486,0.03657382530974764,0.0532688948556137,0.07556104301783786,0.03657382530974764,False,ridge::H_B_C_K,0.08010712254190011,0.11150912969805654,25,positive allowance requires delta > upper95; zero means any positive delta when upper95 <= 0
ridge|history_available|budget=11,ridge,history_available,11,True,H_D_B_M_A,ridge::H_D_B_M_A,ridge::H_D_B_M_A,H_D_B_M_A,1.0,True,7,7,0.6362310759849575,1.0,"[""H"", ""D"", ""B"", ""M"", ""A""]",whole,1520,0.7138935134653294,ridge::H_D_B_M_P_C_A_K,P0,0.014281677147523486,0.03657382530974764,0.0532688948556137,0.07556104301783786,0.03657382530974764,False,ridge::H_B_C_K,0.08010712254190011,0.11150912969805654,25,positive allowance requires delta > upper95; zero means any positive delta when upper95 <= 0
ridge|history_available|budget=12,ridge,history_available,12,True,H_D_B_M_A,ridge::H_D_B_M_A,ridge::H_D_B_M_A,H_D_B_M_A,1.0,True,7,7,0.6362310759849575,1.0,"[""H"", ""D"", ""B"", ""M"", ""A""]",whole,1520,0.7138935134653294,ridge::H_D_B_M_P_C_A_K,P0,0.014281677147523486,0.03657382530974764,0.0532688948556137,0.07556104301783786,0.03657382530974764,False,ridge::H_B_C_K,0.08010712254190011,0.11150912969805654,25,positive allowance requires delta > upper95; zero means any positive delta when upper95 <= 0
ridge|history_available|budget=13,ridge,history_available,13,True,H_D_B_M_A,ridge::H_D_B_M_A,ridge::H_D_B_M_A,H_D_B_M_A,1.0,True,7,7,0.6362310759849575,1.0,"[""H"", ""D"", ""B"", ""M"", ""A""]",whole,1520,0.7138935134653294,ridge::H_D_B_M_P_C_A_K,P0,0.014281677147523486,0.03657382530974764,0.0532688948556137,0.07556104301783786,0.03657382530974764,False,ridge::H_B_C_K,0.08010712254190011,0.11150912969805654,25,positive allowance requires delta > upper95; zero means any positive delta when upper95 <= 0
ridge|history_available|budget=14,ridge,history_available,14,True,H_D_B_M_A,ridge::H_D_B_M_A,ridge::H_D_B_M_A,H_D_B_M_A,1.0,True,7,7,0.6362310759849575,1.0,"[""H"", ""D"", ""B"", ""M"", ""A""]",whole,1520,0.7138935134653294,ridge::H_D_B_M_P_C_A_K,P0,0.014281677147523486,0.03657382530974764,0.0532688948556137,0.07556104301783786,0.03657382530974764,False,ridge::H_B_C_K,0.08010712254190011,0.11150912969805654,25,positive allowance requires delta > upper95; zero means any positive delta when upper95 <= 0
ridge|history_available|budget=15,ridge,history_available,15,True,H_D_K,ridge::H_D_K,ridge::H_D_K,H_D_K,1.0,True,15,15,0.633478707878488,1.0,"[""H"", ""D"", ""K""]",whole,1520,0.6761892602610896,ridge::H_D_B_M_P_C_A_K,P0,-0.02342257605671627,-0.0011304278944921156,0.015564641651373945,0.0378567898135981,0.0,False,ridge::H_B_C_K,0.042402869337660354,0.07380487649381678,25,positive allowance requires delta > upper95; zero means any positive delta when upper95 <= 0
ridge|history_available|budget=16,ridge,history_available,16,True,H_D_A_K,ridge::H_D_A_K,ridge::H_D_A_K,H_D_A_K,1.0,True,16,16,0.6316089221778484,1.0,"[""H"", ""D"", ""A"", ""K""]",whole,1520,0.6956262880043073,ridge::H_D_B_M_P_C_A_K,P0,-0.003985548313498621,0.018306599848725534,0.035001669394591595,0.05729381755681575,0.018306599848725534,False,ridge::H_B_C_K,0.061839897080878004,0.09324190423703443,25,positive allowance requires delta > upper95; zero means any positive delta when upper95 <= 0
ridge|history_available|budget=17,ridge,history_available,17,True,H_D_B_A_K,ridge::H_D_B_A_K,ridge::H_D_B_A_K,H_D_B_A_K,1.0,True,17,17,0.6303176464587247,1.0,"[""H"", ""D"", ""B"", ""A"", ""K""]",whole,1520,0.6915878870431962,ridge::H_D_B_M_P_C_A_K,P0,-0.008023949274609699,0.014268198887614457,0.030963268433480517,0.05325541659570467,0.014268198887614457,False,ridge::H_B_C_K,0.057801496119766926,0.08920350327592336,25,positive allowance requires delta > upper95; zero means any positive delta when upper95 <= 0
ridge|history_available|budget=18,ridge,history_available,18,True,H_D_B_M_A_K,ridge::H_D_B_M_A_K,ridge::H_D_B_M_A_K,H_D_B_M_A_K,1.0,True,18,18,0.6297690531788611,1.0,"[""H"", ""D"", ""B"", ""M"", ""A"", ""K""]",whole,1520,0.6989440205138238,ridge::H_D_B_M_P_C_A_K,P0,-0.0006678158039821191,0.021624332358242036,0.0383194019041081,0.06061155006633225,0.021624332358242036,False,ridge::H_B_C_K,0.0651576295903945,0.09655963674655094,25,positive allowance requires delta > upper95; zero means any positive delta when upper95 <= 0
ridge|history_available|budget=19,ridge,history_available,19,True,H_D_B_M_A_K,ridge::H_D_B_M_A_K,ridge::H_D_B_M_A_K,H_D_B_M_A_K,1.0,True,18,18,0.6297690531788611,1.0,"[""H"", ""D"", ""B"", ""M"", ""A"", ""K""]",whole,1520,0.6989440205138238,ridge::H_D_B_M_P_C_A_K,P0,-0.0006678158039821191,0.021624332358242036,0.0383194019041081,0.06061155006633225,0.021624332358242036,False,ridge::H_B_C_K,0.0651576295903945,0.09655963674655094,25,positive allowance requires delta > upper95; zero means any positive delta when upper95 <= 0
ridge|history_available|budget=20,ridge,history_available,20,True,H_D_B_M_A_K,ridge::H_D_B_M_A_K,ridge::H_D_B_M_A_K,H_D_B_M_A_K,1.0,True,18,18,0.6297690531788611,1.0,"[""H"", ""D"", ""B"", ""M"", ""A"", ""K""]",whole,1520,0.6989440205138238,ridge::H_D_B_M_P_C_A_K,P0,-0.0006678158039821191,0.021624332358242036,0.0383194019041081,0.06061155006633225,0.021624332358242036,False,ridge::H_B_C_K,0.0651576295903945,0.09655963674655094,25,positive allowance requires delta > upper95; zero means any positive delta when upper95 <= 0
ridge|history_available|budget=21,ridge,history_available,21,True,H_D_B_M_A_K,ridge::H_D_B_M_A_K,ridge::H_D_B_M_A_K,H_D_B_M_A_K,1.0,True,18,18,0.6297690531788611,1.0,"[""H"", ""D"", ""B"", ""M"", ""A"", ""K""]",whole,1520,0.6989440205138238,ridge::H_D_B_M_P_C_A_K,P0,-0.0006678158039821191,0.021624332358242036,0.0383194019041081,0.06061155006633225,0.021624332358242036,False,ridge::H_B_C_K,0.0651576295903945,0.09655963674655094,25,positive allowance requires delta > upper95; zero means any positive delta when upper95 <= 0
ridge|history_available|budget=22,ridge,history_available,22,True,H_D_B_M_A_K,ridge::H_D_B_M_A_K,ridge::H_D_B_M_A_K,H_D_B_M_A_K,1.0,True,18,18,0.6297690531788611,1.0,"[""H"", ""D"", ""B"", ""M"", ""A"", ""K""]",whole,1520,0.6989440205138238,ridge::H_D_B_M_P_C_A_K,P0,-0.0006678158039821191,0.021624332358242036,0.0383194019041081,0.06061155006633225,0.021624332358242036,False,ridge::H_B_C_K,0.0651576295903945,0.09655963674655094,25,positive allowance requires delta > upper95; zero means any positive delta when upper95 <= 0
ridge|history_available|budget=23,ridge,history_available,23,True,H_D_B_M_A_K,ridge::H_D_B_M_A_K,ridge::H_D_B_M_A_K,H_D_B_M_A_K,1.0,True,18,18,0.6297690531788611,1.0,"[""H"", ""D"", ""B"", ""M"", ""A"", ""K""]",whole,1520,0.6989440205138238,ridge::H_D_B_M_P_C_A_K,P0,-0.0006678158039821191,0.021624332358242036,0.0383194019041081,0.06061155006633225,0.021624332358242036,False,ridge::H_B_C_K,0.0651576295903945,0.09655963674655094,25,positive allowance requires delta > upper95; zero means any positive delta when upper95 <= 0
ridge|history_available|budget=24,ridge,history_available,24,True,H_D_B_M_A_K,ridge::H_D_B_M_A_K,ridge::H_D_B_M_A_K,H_D_B_M_A_K,1.0,True,18,18,0.6297690531788611,1.0,"[""H"", ""D"", ""B"", ""M"", ""A"", ""K""]",whole,1520,0.6989440205138238,ridge::H_D_B_M_P_C_A_K,P0,-0.0006678158039821191,0.021624332358242036,0.0383194019041081,0.06061155006633225,0.021624332358242036,False,ridge::H_B_C_K,0.0651576295903945,0.09655963674655094,25,positive allowance requires delta > upper95; zero means any positive delta when upper95 <= 0
ridge|history_available|budget=25,ridge,history_available,25,True,H_D_B_M_A_K,ridge::H_D_B_M_A_K,ridge::H_D_B_M_A_K,H_D_B_M_A_K,1.0,True,18,18,0.6297690531788611,1.0,"[""H"", ""D"", ""B"", ""M"", ""A"", ""K""]",whole,1520,0.6989440205138238,ridge::H_D_B_M_P_C_A_K,P0,-0.0006678158039821191,0.021624332358242036,0.0383194019041081,0.06061155006633225,0.021624332358242036,False,ridge::H_B_C_K,0.0651576295903945,0.09655963674655094,25,positive allowance requires delta > upper95; zero means any positive delta when upper95 <= 0
ridge|history_available|budget=26,ridge,history_available,26,True,H_D_B_M_A_K,ridge::H_D_B_M_A_K,ridge::H_D_B_M_A_K,H_D_B_M_A_K,1.0,True,18,18,0.6297690531788611,1.0,"[""H"", ""D"", ""B"", ""M"", ""A"", ""K""]",whole,1520,0.6989440205138238,ridge::H_D_B_M_P_C_A_K,P0,-0.0006678158039821191,0.021624332358242036,0.0383194019041081,0.06061155006633225,0.021624332358242036,False,ridge::H_B_C_K,0.0651576295903945,0.09655963674655094,25,positive allowance requires delta > upper95; zero means any positive delta when upper95 <= 0
ridge|history_available|budget=27,ridge,history_available,27,True,H_D_B_M_A_K,ridge::H_D_B_M_A_K,ridge::H_D_B_M_A_K,H_D_B_M_A_K,1.0,True,18,18,0.6297690531788611,1.0,"[""H"", ""D"", ""B"", ""M"", ""A"", ""K""]",whole,1520,0.6989440205138238,ridge::H_D_B_M_P_C_A_K,P0,-0.0006678158039821191,0.021624332358242036,0.0383194019041081,0.06061155006633225,0.021624332358242036,False,ridge::H_B_C_K,0.0651576295903945,0.09655963674655094,25,positive allowance requires delta > upper95; zero means any positive delta when upper95 <= 0
ridge|history_available|budget=28,ridge,history_available,28,True,H_D_B_P_A_K,ridge::H_D_B_P_A_K,ridge::H_D_B_P_A_K,H_D_B_P_A_K,1.0,True,28,28,0.6294674622760528,1.0,"[""H"", ""D"", ""B"", ""P"", ""A"", ""K""]",whole,1520,0.6936713069461027,ridge::H_D_B_M_P_C_A_K,P0,-0.005940529371703196,0.01635161879052096,0.03304668833638702,0.055338836498611176,0.01635161879052096,False,ridge::H_B_C_K,0.05988491602267343,0.09128692317882986,25,positive allowance requires delta > upper95; zero means any positive delta when upper95 <= 0
ridge|history_available|budget=29,ridge,history_available,29,True,H_D_B_M_P_A_K,ridge::H_D_B_M_P_A_K,ridge::H_D_B_M_P_A_K,H_D_B_M_P_A_K,1.0,True,29,29,0.6292921291184919,1.0,"[""H"", ""D"", ""B"", ""M"", ""P"", ""A"", ""K""]",whole,1520,0.6990816570421529,ridge::H_D_B_M_P_C_A_K,P0,-0.0005301792756530199,0.021761968886571136,0.038457038432437196,0.06074918659466135,0.021761968886571136,False,ridge::H_B_C_K,0.0652952661187236,0.09669727327488004,25,positive allowance requires delta > upper95; zero means any positive delta when upper95 <= 0
ridge|history_available|budget=30,ridge,history_available,30,True,H_D_B_M_P_A_K,ridge::H_D_B_M_P_A_K,ridge::H_D_B_M_P_A_K,H_D_B_M_P_A_K,1.0,True,29,29,0.6292921291184919,1.0,"[""H"", ""D"", ""B"", ""M"", ""P"", ""A"", ""K""]",whole,1520,0.6990816570421529,ridge::H_D_B_M_P_C_A_K,P0,-0.0005301792756530199,0.021761968886571136,0.038457038432437196,0.06074918659466135,0.021761968886571136,False,ridge::H_B_C_K,0.0652952661187236,0.09669727327488004,25,positive allowance requires delta > upper95; zero means any positive delta when upper95 <= 0
ridge|history_available|budget=00,ridge,history_available,0,True,P0,P0,P0,P0,,True,0,0,0.6620828063230408,,"[""H""]",disjoint,879,0.6792964560352511,ridge::H_D_B_M_P_C_A_K,P0,-0.06260187166830444,-0.03286684764168619,0.0,0.0,0.0,False,ridge::H_B_C_K,0.023565289569555725,0.0670565500731928,25,positive allowance requires delta > upper95; zero means any positive delta when upper95 <= 0
ridge|history_available|budget=01,ridge,history_available,1,True,H_B,ridge::H_B,ridge::H_B,H_B,1.0,True,1,1,0.6578158495921907,1.0,"[""H"", ""B""]",disjoint,879,0.675481254858951,ridge::H_D_B_M_P_C_A_K,P0,-0.06641707284460452,-0.036682048817986264,-0.003815201176300076,0.02591982285031818,0.0,False,ridge::H_B_C_K,0.01975008839325565,0.06324134889689273,25,positive allowance requires delta > upper95; zero means any positive delta when upper95 <= 0
ridge|history_available|budget=02,ridge,history_available,2,True,H_B_A,ridge::H_B_A,ridge::H_B_A,H_B_A,0.1,True,2,2,0.6557119973590803,0.1,"[""H"", ""B"", ""A""]",disjoint,879,0.6924867325232885,ridge::H_D_B_M_P_C_A_K,P0,-0.049411595180267054,-0.0196765711536488,0.013190276488037389,0.042925300514655644,0.0,False,ridge::H_B_C_K,0.036755566057593114,0.0802468265612302,25,positive allowance requires delta > upper95; zero means any positive delta when upper95 <= 0
ridge|history_available|budget=03,ridge,history_available,3,True,H_B_A,ridge::H_B_A,ridge::H_B_A,H_B_A,0.1,True,2,2,0.6557119973590803,0.1,"[""H"", ""B"", ""A""]",disjoint,879,0.6924867325232885,ridge::H_D_B_M_P_C_A_K,P0,-0.049411595180267054,-0.0196765711536488,0.013190276488037389,0.042925300514655644,0.0,False,ridge::H_B_C_K,0.036755566057593114,0.0802468265612302,25,positive allowance requires delta > upper95; zero means any positive delta when upper95 <= 0
ridge|history_available|budget=04,ridge,history_available,4,True,H_D,ridge::H_D,ridge::H_D,H_D,1.0,True,4,4,0.6396754472363618,1.0,"[""H"", ""D""]",disjoint,879,0.7291761239224369,ridge::H_D_B_M_P_C_A_K,P0,-0.012722203781118657,0.017012820245499598,0.049879667887185786,0.07961469191380405,0.017012820245499598,False,ridge::H_B_C_K,0.07344495745674151,0.11693621796037859,25,positive allowance requires delta > upper95; zero means any positive delta when upper95 <= 0
ridge|history_available|budget=05,ridge,history_available,5,True,H_D_B,ridge::H_D_B,ridge::H_D_B,H_D_B,1.0,True,5,5,0.6379948075675399,1.0,"[""H"", ""D"", ""B""]",disjoint,879,0.7226237294922309,ridge::H_D_B_M_P_C_A_K,P0,-0.01927459821132471,0.010460425815293543,0.04332727345697973,0.073062297483598,0.010460425815293543,False,ridge::H_B_C_K,0.06689256302653546,0.11038382353017254,25,positive allowance requires delta > upper95; zero means any positive delta when upper95 <= 0
ridge|history_available|budget=06,ridge,history_available,6,True,H_D_B_A,ridge::H_D_B_A,ridge::H_D_B_A,H_D_B_A,1.0,True,6,6,0.6362755316368176,1.0,"[""H"", ""D"", ""B"", ""A""]",disjoint,879,0.7453577182068915,ridge::H_D_B_M_P_C_A_K,P0,0.0034593905033358796,0.033194414529954135,0.06606126217164032,0.09579628619825858,0.033194414529954135,False,ridge::H_B_C_K,0.08962655174119605,0.13311781224483313,25,positive allowance requires delta > upper95; zero means any positive delta when upper95 <= 0
ridge|history_available|budget=07,ridge,history_available,7,True,H_D_B_M_A,ridge::H_D_B_M_A,ridge::H_D_B_M_A,H_D_B_M_A,1.0,True,7,7,0.6362310759849575,1.0,"[""H"", ""D"", ""B"", ""M"", ""A""]",disjoint,879,0.7513379340082037,ridge::H_D_B_M_P_C_A_K,P0,0.00943960630464813,0.039174630331266384,0.07204147797295257,0.10177650199957083,0.039174630331266384,False,ridge::H_B_C_K,0.0956067675425083,0.13909802804614538,25,positive allowance requires delta > upper95; zero means any positive delta when upper95 <= 0
ridge|history_available|budget=08,ridge,history_available,8,True,H_D_B_M_A,ridge::H_D_B_M_A,ridge::H_D_B_M_A,H_D_B_M_A,1.0,True,7,7,0.6362310759849575,1.0,"[""H"", ""D"", ""B"", ""M"", ""A""]",disjoint,879,0.7513379340082037,ridge::H_D_B_M_P_C_A_K,P0,0.00943960630464813,0.039174630331266384,0.07204147797295257,0.10177650199957083,0.039174630331266384,False,ridge::H_B_C_K,0.0956067675425083,0.13909802804614538,25,positive allowance requires delta > upper95; zero means any positive delta when upper95 <= 0
ridge|history_available|budget=09,ridge,history_available,9,True,H_D_B_M_A,ridge::H_D_B_M_A,ridge::H_D_B_M_A,H_D_B_M_A,1.0,True,7,7,0.6362310759849575,1.0,"[""H"", ""D"", ""B"", ""M"", ""A""]",disjoint,879,0.7513379340082037,ridge::H_D_B_M_P_C_A_K,P0,0.00943960630464813,0.039174630331266384,0.07204147797295257,0.10177650199957083,0.039174630331266384,False,ridge::H_B_C_K,0.0956067675425083,0.13909802804614538,25,positive allowance requires delta > upper95; zero means any positive delta when upper95 <= 0
ridge|history_available|budget=10,ridge,history_available,10,True,H_D_B_M_A,ridge::H_D_B_M_A,ridge::H_D_B_M_A,H_D_B_M_A,1.0,True,7,7,0.6362310759849575,1.0,"[""H"", ""D"", ""B"", ""M"", ""A""]",disjoint,879,0.7513379340082037,ridge::H_D_B_M_P_C_A_K,P0,0.00943960630464813,0.039174630331266384,0.07204147797295257,0.10177650199957083,0.039174630331266384,False,ridge::H_B_C_K,0.0956067675425083,0.13909802804614538,25,positive allowance requires delta > upper95; zero means any positive delta when upper95 <= 0
ridge|history_available|budget=11,ridge,history_available,11,True,H_D_B_M_A,ridge::H_D_B_M_A,ridge::H_D_B_M_A,H_D_B_M_A,1.0,True,7,7,0.6362310759849575,1.0,"[""H"", ""D"", ""B"", ""M"", ""A""]",disjoint,879,0.7513379340082037,ridge::H_D_B_M_P_C_A_K,P0,0.00943960630464813,0.039174630331266384,0.07204147797295257,0.10177650199957083,0.039174630331266384,False,ridge::H_B_C_K,0.0956067675425083,0.13909802804614538,25,positive allowance requires delta > upper95; zero means any positive delta when upper95 <= 0
ridge|history_available|budget=12,ridge,history_available,12,True,H_D_B_M_A,ridge::H_D_B_M_A,ridge::H_D_B_M_A,H_D_B_M_A,1.0,True,7,7,0.6362310759849575,1.0,"[""H"", ""D"", ""B"", ""M"", ""A""]",disjoint,879,0.7513379340082037,ridge::H_D_B_M_P_C_A_K,P0,0.00943960630464813,0.039174630331266384,0.07204147797295257,0.10177650199957083,0.039174630331266384,False,ridge::H_B_C_K,0.0956067675425083,0.13909802804614538,25,positive allowance requires delta > upper95; zero means any positive delta when upper95 <= 0
ridge|history_available|budget=13,ridge,history_available,13,True,H_D_B_M_A,ridge::H_D_B_M_A,ridge::H_D_B_M_A,H_D_B_M_A,1.0,True,7,7,0.6362310759849575,1.0,"[""H"", ""D"", ""B"", ""M"", ""A""]",disjoint,879,0.7513379340082037,ridge::H_D_B_M_P_C_A_K,P0,0.00943960630464813,0.039174630331266384,0.07204147797295257,0.10177650199957083,0.039174630331266384,False,ridge::H_B_C_K,0.0956067675425083,0.13909802804614538,25,positive allowance requires delta > upper95; zero means any positive delta when upper95 <= 0
ridge|history_available|budget=14,ridge,history_available,14,True,H_D_B_M_A,ridge::H_D_B_M_A,ridge::H_D_B_M_A,H_D_B_M_A,1.0,True,7,7,0.6362310759849575,1.0,"[""H"", ""D"", ""B"", ""M"", ""A""]",disjoint,879,0.7513379340082037,ridge::H_D_B_M_P_C_A_K,P0,0.00943960630464813,0.039174630331266384,0.07204147797295257,0.10177650199957083,0.039174630331266384,False,ridge::H_B_C_K,0.0956067675425083,0.13909802804614538,25,positive allowance requires delta > upper95; zero means any positive delta when upper95 <= 0
ridge|history_available|budget=15,ridge,history_available,15,True,H_D_K,ridge::H_D_K,ridge::H_D_K,H_D_K,1.0,True,15,15,0.633478707878488,1.0,"[""H"", ""D"", ""K""]",disjoint,879,0.7109472968772163,ridge::H_D_B_M_P_C_A_K,P0,-0.03095103082633932,-0.0012160067997210658,0.03165084084196512,0.06138586486858338,0.0,False,ridge::H_B_C_K,0.05521613041152085,0.09870739091515793,25,positive allowance requires delta > upper95; zero means any positive delta when upper95 <= 0
ridge|history_available|budget=16,ridge,history_available,16,True,H_D_A_K,ridge::H_D_A_K,ridge::H_D_A_K,H_D_A_K,1.0,True,16,16,0.6316089221778484,1.0,"[""H"", ""D"", ""A"", ""K""]",disjoint,879,0.7339458480056973,ridge::H_D_B_M_P_C_A_K,P0,-0.007952479697858283,0.02178254432875997,0.05464939197044616,0.08438441599706442,0.02178254432875997,False,ridge::H_B_C_K,0.07821468154000188,0.12170594204363896,25,positive allowance requires delta > upper95; zero means any positive delta when upper95 <= 0
ridge|history_available|budget=17,ridge,history_available,17,True,H_D_B_A_K,ridge::H_D_B_A_K,ridge::H_D_B_A_K,H_D_B_A_K,1.0,True,17,17,0.6303176464587247,1.0,"[""H"", ""D"", ""B"", ""A"", ""K""]",disjoint,879,0.7287027611651766,ridge::H_D_B_M_P_C_A_K,P0,-0.013195566538378944,0.01653945748823931,0.0494063051299255,0.07914132915654376,0.01653945748823931,False,ridge::H_B_C_K,0.07297159469948122,0.1164628552031183,25,positive allowance requires delta > upper95; zero means any positive delta when upper95 <= 0
ridge|history_available|budget=18,ridge,history_available,18,True,H_D_B_M_A_K,ridge::H_D_B_M_A_K,ridge::H_D_B_M_A_K,H_D_B_M_A_K,1.0,True,18,18,0.6297690531788611,1.0,"[""H"", ""D"", ""B"", ""M"", ""A"", ""K""]",disjoint,879,0.7402099686886393,ridge::H_D_B_M_P_C_A_K,P0,-0.001688359014916263,0.028046665011701992,0.06091351265338818,0.09064853668000644,0.028046665011701992,False,ridge::H_B_C_K,0.0844788022229439,0.12797006272658099,25,positive allowance requires delta > upper95; zero means any positive delta when upper95 <= 0
ridge|history_available|budget=19,ridge,history_available,19,True,H_D_B_M_A_K,ridge::H_D_B_M_A_K,ridge::H_D_B_M_A_K,H_D_B_M_A_K,1.0,True,18,18,0.6297690531788611,1.0,"[""H"", ""D"", ""B"", ""M"", ""A"", ""K""]",disjoint,879,0.7402099686886393,ridge::H_D_B_M_P_C_A_K,P0,-0.001688359014916263,0.028046665011701992,0.06091351265338818,0.09064853668000644,0.028046665011701992,False,ridge::H_B_C_K,0.0844788022229439,0.12797006272658099,25,positive allowance requires delta > upper95; zero means any positive delta when upper95 <= 0
ridge|history_available|budget=20,ridge,history_available,20,True,H_D_B_M_A_K,ridge::H_D_B_M_A_K,ridge::H_D_B_M_A_K,H_D_B_M_A_K,1.0,True,18,18,0.6297690531788611,1.0,"[""H"", ""D"", ""B"", ""M"", ""A"", ""K""]",disjoint,879,0.7402099686886393,ridge::H_D_B_M_P_C_A_K,P0,-0.001688359014916263,0.028046665011701992,0.06091351265338818,0.09064853668000644,0.028046665011701992,False,ridge::H_B_C_K,0.0844788022229439,0.12797006272658099,25,positive allowance requires delta > upper95; zero means any positive delta when upper95 <= 0
ridge|history_available|budget=21,ridge,history_available,21,True,H_D_B_M_A_K,ridge::H_D_B_M_A_K,ridge::H_D_B_M_A_K,H_D_B_M_A_K,1.0,True,18,18,0.6297690531788611,1.0,"[""H"", ""D"", ""B"", ""M"", ""A"", ""K""]",disjoint,879,0.7402099686886393,ridge::H_D_B_M_P_C_A_K,P0,-0.001688359014916263,0.028046665011701992,0.06091351265338818,0.09064853668000644,0.028046665011701992,False,ridge::H_B_C_K,0.0844788022229439,0.12797006272658099,25,positive allowance requires delta > upper95; zero means any positive delta when upper95 <= 0
ridge|history_available|budget=22,ridge,history_available,22,True,H_D_B_M_A_K,ridge::H_D_B_M_A_K,ridge::H_D_B_M_A_K,H_D_B_M_A_K,1.0,True,18,18,0.6297690531788611,1.0,"[""H"", ""D"", ""B"", ""M"", ""A"", ""K""]",disjoint,879,0.7402099686886393,ridge::H_D_B_M_P_C_A_K,P0,-0.001688359014916263,0.028046665011701992,0.06091351265338818,0.09064853668000644,0.028046665011701992,False,ridge::H_B_C_K,0.0844788022229439,0.12797006272658099,25,positive allowance requires delta > upper95; zero means any positive delta when upper95 <= 0
ridge|history_available|budget=23,ridge,history_available,23,True,H_D_B_M_A_K,ridge::H_D_B_M_A_K,ridge::H_D_B_M_A_K,H_D_B_M_A_K,1.0,True,18,18,0.6297690531788611,1.0,"[""H"", ""D"", ""B"", ""M"", ""A"", ""K""]",disjoint,879,0.7402099686886393,ridge::H_D_B_M_P_C_A_K,P0,-0.001688359014916263,0.028046665011701992,0.06091351265338818,0.09064853668000644,0.028046665011701992,False,ridge::H_B_C_K,0.0844788022229439,0.12797006272658099,25,positive allowance requires delta > upper95; zero means any positive delta when upper95 <= 0
ridge|history_available|budget=24,ridge,history_available,24,True,H_D_B_M_A_K,ridge::H_D_B_M_A_K,ridge::H_D_B_M_A_K,H_D_B_M_A_K,1.0,True,18,18,0.6297690531788611,1.0,"[""H"", ""D"", ""B"", ""M"", ""A"", ""K""]",disjoint,879,0.7402099686886393,ridge::H_D_B_M_P_C_A_K,P0,-0.001688359014916263,0.028046665011701992,0.06091351265338818,0.09064853668000644,0.028046665011701992,False,ridge::H_B_C_K,0.0844788022229439,0.12797006272658099,25,positive allowance requires delta > upper95; zero means any positive delta when upper95 <= 0
ridge|history_available|budget=25,ridge,history_available,25,True,H_D_B_M_A_K,ridge::H_D_B_M_A_K,ridge::H_D_B_M_A_K,H_D_B_M_A_K,1.0,True,18,18,0.6297690531788611,1.0,"[""H"", ""D"", ""B"", ""M"", ""A"", ""K""]",disjoint,879,0.7402099686886393,ridge::H_D_B_M_P_C_A_K,P0,-0.001688359014916263,0.028046665011701992,0.06091351265338818,0.09064853668000644,0.028046665011701992,False,ridge::H_B_C_K,0.0844788022229439,0.12797006272658099,25,positive allowance requires delta > upper95; zero means any positive delta when upper95 <= 0
ridge|history_available|budget=26,ridge,history_available,26,True,H_D_B_M_A_K,ridge::H_D_B_M_A_K,ridge::H_D_B_M_A_K,H_D_B_M_A_K,1.0,True,18,18,0.6297690531788611,1.0,"[""H"", ""D"", ""B"", ""M"", ""A"", ""K""]",disjoint,879,0.7402099686886393,ridge::H_D_B_M_P_C_A_K,P0,-0.001688359014916263,0.028046665011701992,0.06091351265338818,0.09064853668000644,0.028046665011701992,False,ridge::H_B_C_K,0.0844788022229439,0.12797006272658099,25,positive allowance requires delta > upper95; zero means any positive delta when upper95 <= 0
ridge|history_available|budget=27,ridge,history_available,27,True,H_D_B_M_A_K,ridge::H_D_B_M_A_K,ridge::H_D_B_M_A_K,H_D_B_M_A_K,1.0,True,18,18,0.6297690531788611,1.0,"[""H"", ""D"", ""B"", ""M"", ""A"", ""K""]",disjoint,879,0.7402099686886393,ridge::H_D_B_M_P_C_A_K,P0,-0.001688359014916263,0.028046665011701992,0.06091351265338818,0.09064853668000644,0.028046665011701992,False,ridge::H_B_C_K,0.0844788022229439,0.12797006272658099,25,positive allowance requires delta > upper95; zero means any positive delta when upper95 <= 0
ridge|history_available|budget=28,ridge,history_available,28,True,H_D_B_P_A_K,ridge::H_D_B_P_A_K,ridge::H_D_B_P_A_K,H_D_B_P_A_K,1.0,True,28,28,0.6294674622760528,1.0,"[""H"", ""D"", ""B"", ""P"", ""A"", ""K""]",disjoint,879,0.7332826347501187,ridge::H_D_B_M_P_C_A_K,P0,-0.008615692953436893,0.021119331073181362,0.05398617871486755,0.08372120274148581,0.021119331073181362,False,ridge::H_B_C_K,0.07755146828442328,0.12104272878806036,25,positive allowance requires delta > upper95; zero means any positive delta when upper95 <= 0
ridge|history_available|budget=29,ridge,history_available,29,True,H_D_B_M_P_A_K,ridge::H_D_B_M_P_A_K,ridge::H_D_B_M_P_A_K,H_D_B_M_P_A_K,1.0,True,29,29,0.6292921291184919,1.0,"[""H"", ""D"", ""B"", ""M"", ""P"", ""A"", ""K""]",disjoint,879,0.7419362684059183,ridge::H_D_B_M_P_C_A_K,P0,3.794070236273761e-05,0.029772964728980993,0.06263981237066718,0.09237483639728544,0.029772964728980993,False,ridge::H_B_C_K,0.0862051019402229,0.12969636244385999,25,positive allowance requires delta > upper95; zero means any positive delta when upper95 <= 0
ridge|history_available|budget=30,ridge,history_available,30,True,H_D_B_M_P_A_K,ridge::H_D_B_M_P_A_K,ridge::H_D_B_M_P_A_K,H_D_B_M_P_A_K,1.0,True,29,29,0.6292921291184919,1.0,"[""H"", ""D"", ""B"", ""M"", ""P"", ""A"", ""K""]",disjoint,879,0.7419362684059183,ridge::H_D_B_M_P_C_A_K,P0,3.794070236273761e-05,0.029772964728980993,0.06263981237066718,0.09237483639728544,0.029772964728980993,False,ridge::H_B_C_K,0.0862051019402229,0.12969636244385999,25,positive allowance requires delta > upper95; zero means any positive delta when upper95 <= 0
hgb|history_unavailable|budget=00,hgb,history_unavailable,0,False,NONE,hgb::NONE,hgb::NONE,NONE,"{""learning_rate"": 0.05, ""max_leaf_nodes"": 3}",False,0,0,0.6853643289188563,"{""learning_rate"": 0.05, ""max_leaf_nodes"": 3}",[],whole,1520,0.6856435498450262,hgb::D_B_M_P_C_A_K,hgb::NONE,-0.02716175373235097,-0.00419125533623705,0.0,0.0,0.0,False,hgb::M_C_K,0.027716277885119767,0.06004845251217282,31,positive allowance requires delta > upper95; zero means any positive delta when upper95 <= 0
hgb|history_unavailable|budget=01,hgb,history_unavailable,1,False,B,hgb::B,hgb::B,B,"{""learning_rate"": 0.05, ""max_leaf_nodes"": 3}",False,1,1,0.6760966845523163,"{""learning_rate"": 0.05, ""max_leaf_nodes"": 3}","[""B""]",whole,1520,0.6818963925562056,hgb::D_B_M_P_C_A_K,hgb::NONE,-0.030908911021171548,-0.00793841262505763,-0.0037471572888205795,0.01922334110729334,0.0,False,hgb::M_C_K,0.023969120596299187,0.05630129522335224,31,positive allowance requires delta > upper95; zero means any positive delta when upper95 <= 0
hgb|history_unavailable|budget=02,hgb,history_unavailable,2,False,B_A,hgb::B_A,hgb::B_A,B_A,"{""learning_rate"": 0.05, ""max_leaf_nodes"": 7}",False,2,2,0.6710019459030957,"{""learning_rate"": 0.05, ""max_leaf_nodes"": 7}","[""B"", ""A""]",whole,1520,0.6874268219693005,hgb::D_B_M_P_C_A_K,hgb::NONE,-0.025378481608076653,-0.0024079832119627345,0.0017832721242743155,0.024753770520388234,0.0,False,hgb::M_C_K,0.029499550009394082,0.061831724636447136,31,positive allowance requires delta > upper95; zero means any positive delta when upper95 <= 0
hgb|history_unavailable|budget=03,hgb,history_unavailable,3,False,B_M_A,hgb::B_M_A,hgb::B_M_A,B_M_A,"{""learning_rate"": 0.05, ""max_leaf_nodes"": 3}",False,3,3,0.6681826337714976,"{""learning_rate"": 0.05, ""max_leaf_nodes"": 3}","[""B"", ""M"", ""A""]",whole,1520,0.7027061394352571,hgb::D_B_M_P_C_A_K,hgb::NONE,-0.010099164142120087,0.012871334253993831,0.01706258959023088,0.0400330879863448,0.012871334253993831,False,hgb::M_C_K,0.04477886747535065,0.0771110421024037,31,positive allowance requires delta > upper95; zero means any positive delta when upper95 <= 0
hgb|history_unavailable|budget=04,hgb,history_unavailable,4,False,D,hgb::D,hgb::D,D,"{""learning_rate"": 0.05, ""max_leaf_nodes"": 7}",False,4,4,0.6641680792622449,"{""learning_rate"": 0.05, ""max_leaf_nodes"": 7}","[""D""]",whole,1520,0.7155203709602153,hgb::D_B_M_P_C_A_K,hgb::NONE,0.00271506738283811,0.02568556577895203,0.02987682111518908,0.052847319511303,0.02568556577895203,False,hgb::M_C_K,0.057593099000308845,0.0899252736273619,31,positive allowance requires delta > upper95; zero means any positive delta when upper95 <= 0
hgb|history_unavailable|budget=05,hgb,history_unavailable,5,False,D_C,hgb::D_C,hgb::D_C,D_C,"{""learning_rate"": 0.05, ""max_leaf_nodes"": 7}",False,5,5,0.6579254494910797,"{""learning_rate"": 0.05, ""max_leaf_nodes"": 7}","[""D"", ""C""]",whole,1520,0.7090241645023584,hgb::D_B_M_P_C_A_K,hgb::NONE,-0.003781139075018758,0.01918935932109516,0.02338061465733221,0.04635111305344613,0.01918935932109516,False,hgb::M_C_K,0.05109689254245198,0.08342906716950503,31,positive allowance requires delta > upper95; zero means any positive delta when upper95 <= 0
hgb|history_unavailable|budget=06,hgb,history_unavailable,6,False,D_B_C,hgb::D_B_C,hgb::D_B_C,D_B_C,"{""learning_rate"": 0.05, ""max_leaf_nodes"": 7}",False,6,6,0.6529262330125998,"{""learning_rate"": 0.05, ""max_leaf_nodes"": 7}","[""D"", ""B"", ""C""]",whole,1520,0.709763419754358,hgb::D_B_M_P_C_A_K,hgb::NONE,-0.003041883823019176,0.019928614573094743,0.024119869909331793,0.04709036830544571,0.019928614573094743,False,hgb::M_C_K,0.05183614779445156,0.08416832242150461,31,positive allowance requires delta > upper95; zero means any positive delta when upper95 <= 0
hgb|history_unavailable|budget=07,hgb,history_unavailable,7,False,D_M_C_A,hgb::D_M_C_A,hgb::D_M_C_A,D_M_C_A,"{""learning_rate"": 0.05, ""max_leaf_nodes"": 7}",False,7,7,0.650369538146649,"{""learning_rate"": 0.05, ""max_leaf_nodes"": 7}","[""D"", ""M"", ""C"", ""A""]",whole,1520,0.7422967027812436,hgb::D_B_M_P_C_A_K,hgb::NONE,0.029491399203866453,0.05246189759998037,0.05665315293621742,0.07962365133233135,0.05246189759998037,False,hgb::M_C_K,0.08436943082133719,0.11670160544839024,31,positive allowance requires delta > upper95; zero means any positive delta when upper95 <= 0
hgb|history_unavailable|budget=08,hgb,history_unavailable,8,False,D_B_M_C_A,hgb::D_B_M_C_A,hgb::D_B_M_C_A,D_B_M_C_A,"{""learning_rate"": 0.05, ""max_leaf_nodes"": 7}",False,8,8,0.6485929332417237,"{""learning_rate"": 0.05, ""max_leaf_nodes"": 7}","[""D"", ""B"", ""M"", ""C"", ""A""]",whole,1520,0.7389412284305837,hgb::D_B_M_P_C_A_K,hgb::NONE,0.026135924853206594,0.04910642324932051,0.05329767858555756,0.07626817698167149,0.04910642324932051,False,hgb::M_C_K,0.08101395647067733,0.11334613109773038,31,positive allowance requires delta > upper95; zero means any positive delta when upper95 <= 0
hgb|history_unavailable|budget=09,hgb,history_unavailable,9,False,D_B_M_C_A,hgb::D_B_M_C_A,hgb::D_B_M_C_A,D_B_M_C_A,"{""learning_rate"": 0.05, ""max_leaf_nodes"": 7}",False,8,8,0.6485929332417237,"{""learning_rate"": 0.05, ""max_leaf_nodes"": 7}","[""D"", ""B"", ""M"", ""C"", ""A""]",whole,1520,0.7389412284305837,hgb::D_B_M_P_C_A_K,hgb::NONE,0.026135924853206594,0.04910642324932051,0.05329767858555756,0.07626817698167149,0.04910642324932051,False,hgb::M_C_K,0.08101395647067733,0.11334613109773038,31,positive allowance requires delta > upper95; zero means any positive delta when upper95 <= 0
hgb|history_unavailable|budget=10,hgb,history_unavailable,10,False,D_B_M_C_A,hgb::D_B_M_C_A,hgb::D_B_M_C_A,D_B_M_C_A,"{""learning_rate"": 0.05, ""max_leaf_nodes"": 7}",False,8,8,0.6485929332417237,"{""learning_rate"": 0.05, ""max_leaf_nodes"": 7}","[""D"", ""B"", ""M"", ""C"", ""A""]",whole,1520,0.7389412284305837,hgb::D_B_M_P_C_A_K,hgb::NONE,0.026135924853206594,0.04910642324932051,0.05329767858555756,0.07626817698167149,0.04910642324932051,False,hgb::M_C_K,0.08101395647067733,0.11334613109773038,31,positive allowance requires delta > upper95; zero means any positive delta when upper95 <= 0
hgb|history_unavailable|budget=11,hgb,history_unavailable,11,False,D_B_M_C_A,hgb::D_B_M_C_A,hgb::D_B_M_C_A,D_B_M_C_A,"{""learning_rate"": 0.05, ""max_leaf_nodes"": 7}",False,8,8,0.6485929332417237,"{""learning_rate"": 0.05, ""max_leaf_nodes"": 7}","[""D"", ""B"", ""M"", ""C"", ""A""]",whole,1520,0.7389412284305837,hgb::D_B_M_P_C_A_K,hgb::NONE,0.026135924853206594,0.04910642324932051,0.05329767858555756,0.07626817698167149,0.04910642324932051,False,hgb::M_C_K,0.08101395647067733,0.11334613109773038,31,positive allowance requires delta > upper95; zero means any positive delta when upper95 <= 0
hgb|history_unavailable|budget=12,hgb,history_unavailable,12,False,D_B_M_C_A,hgb::D_B_M_C_A,hgb::D_B_M_C_A,D_B_M_C_A,"{""learning_rate"": 0.05, ""max_leaf_nodes"": 7}",False,8,8,0.6485929332417237,"{""learning_rate"": 0.05, ""max_leaf_nodes"": 7}","[""D"", ""B"", ""M"", ""C"", ""A""]",whole,1520,0.7389412284305837,hgb::D_B_M_P_C_A_K,hgb::NONE,0.026135924853206594,0.04910642324932051,0.05329767858555756,0.07626817698167149,0.04910642324932051,False,hgb::M_C_K,0.08101395647067733,0.11334613109773038,31,positive allowance requires delta > upper95; zero means any positive delta when upper95 <= 0
hgb|history_unavailable|budget=13,hgb,history_unavailable,13,False,D_B_M_C_A,hgb::D_B_M_C_A,hgb::D_B_M_C_A,D_B_M_C_A,"{""learning_rate"": 0.05, ""max_leaf_nodes"": 7}",False,8,8,0.6485929332417237,"{""learning_rate"": 0.05, ""max_leaf_nodes"": 7}","[""D"", ""B"", ""M"", ""C"", ""A""]",whole,1520,0.7389412284305837,hgb::D_B_M_P_C_A_K,hgb::NONE,0.026135924853206594,0.04910642324932051,0.05329767858555756,0.07626817698167149,0.04910642324932051,False,hgb::M_C_K,0.08101395647067733,0.11334613109773038,31,positive allowance requires delta > upper95; zero means any positive delta when upper95 <= 0
hgb|history_unavailable|budget=14,hgb,history_unavailable,14,False,D_B_M_C_A,hgb::D_B_M_C_A,hgb::D_B_M_C_A,D_B_M_C_A,"{""learning_rate"": 0.05, ""max_leaf_nodes"": 7}",False,8,8,0.6485929332417237,"{""learning_rate"": 0.05, ""max_leaf_nodes"": 7}","[""D"", ""B"", ""M"", ""C"", ""A""]",whole,1520,0.7389412284305837,hgb::D_B_M_P_C_A_K,hgb::NONE,0.026135924853206594,0.04910642324932051,0.05329767858555756,0.07626817698167149,0.04910642324932051,False,hgb::M_C_K,0.08101395647067733,0.11334613109773038,31,positive allowance requires delta > upper95; zero means any positive delta when upper95 <= 0
hgb|history_unavailable|budget=15,hgb,history_unavailable,15,False,D_P,hgb::D_P,hgb::D_P,D_P,"{""learning_rate"": 0.05, ""max_leaf_nodes"": 7}",False,15,15,0.6465103724542357,"{""learning_rate"": 0.05, ""max_leaf_nodes"": 7}","[""D"", ""P""]",whole,1520,0.7222473048973518,hgb::D_B_M_P_C_A_K,hgb::NONE,0.009442001319974636,0.032412499716088554,0.036603755052325604,0.05957425344843952,0.032412499716088554,False,hgb::M_C_K,0.06432003293744537,0.09665220756449842,31,positive allowance requires delta > upper95; zero means any positive delta when upper95 <= 0
hgb|history_unavailable|budget=16,hgb,history_unavailable,16,False,D_P_C,hgb::D_P_C,hgb::D_P_C,D_P_C,"{""learning_rate"": 0.05, ""max_leaf_nodes"": 7}",False,16,16,0.6441902261965382,"{""learning_rate"": 0.05, ""max_leaf_nodes"": 7}","[""D"", ""P"", ""C""]",whole,1520,0.7194386989251487,hgb::D_B_M_P_C_A_K,hgb::NONE,0.00663339534777152,0.02960389374388544,0.03379514908012249,0.05676564747623641,0.02960389374388544,False,hgb::M_C_K,0.061511426965242255,0.09384360159229531,31,positive allowance requires delta > upper95; zero means any positive delta when upper95 <= 0
hgb|history_unavailable|budget=17,hgb,history_unavailable,17,False,D_M_P_A,hgb::D_M_P_A,hgb::D_M_P_A,D_M_P_A,"{""learning_rate"": 0.05, ""max_leaf_nodes"": 7}",False,17,17,0.640925623536283,"{""learning_rate"": 0.05, ""max_leaf_nodes"": 7}","[""D"", ""M"", ""P"", ""A""]",whole,1520,0.7357820447890608,hgb::D_B_M_P_C_A_K,hgb::NONE,0.022976741211683693,0.04594723960779761,0.05013849494403466,0.07310899334014859,0.04594723960779761,False,hgb::M_C_K,0.07785477282915443,0.11018694745620748,31,positive allowance requires delta > upper95; zero means any positive delta when upper95 <= 0
hgb|history_unavailable|budget=18,hgb,history_unavailable,18,False,D_M_P_C_A,hgb::D_M_P_C_A,hgb::D_M_P_C_A,D_M_P_C_A,"{""learning_rate"": 0.05, ""max_leaf_nodes"": 7}",False,18,18,0.6379512231708448,"{""learning_rate"": 0.05, ""max_leaf_nodes"": 7}","[""D"", ""M"", ""P"", ""C"", ""A""]",whole,1520,0.7379074877029028,hgb::D_B_M_P_C_A_K,hgb::NONE,0.025102184125525673,0.04807268252163959,0.05226393785787664,0.07523443625399057,0.04807268252163959,False,hgb::M_C_K,0.07998021574299641,0.11231239037004946,31,positive allowance requires delta > upper95; zero means any positive delta when upper95 <= 0
hgb|history_unavailable|budget=19,hgb,history_unavailable,19,False,D_M_P_C_A,hgb::D_M_P_C_A,hgb::D_M_P_C_A,D_M_P_C_A,"{""learning_rate"": 0.05, ""max_leaf_nodes"": 7}",False,18,18,0.6379512231708448,"{""learning_rate"": 0.05, ""max_leaf_nodes"": 7}","[""D"", ""M"", ""P"", ""C"", ""A""]",whole,1520,0.7379074877029028,hgb::D_B_M_P_C_A_K,hgb::NONE,0.025102184125525673,0.04807268252163959,0.05226393785787664,0.07523443625399057,0.04807268252163959,False,hgb::M_C_K,0.07998021574299641,0.11231239037004946,31,positive allowance requires delta > upper95; zero means any positive delta when upper95 <= 0
hgb|history_unavailable|budget=20,hgb,history_unavailable,20,False,D_M_P_C_A,hgb::D_M_P_C_A,hgb::D_M_P_C_A,D_M_P_C_A,"{""learning_rate"": 0.05, ""max_leaf_nodes"": 7}",False,18,18,0.6379512231708448,"{""learning_rate"": 0.05, ""max_leaf_nodes"": 7}","[""D"", ""M"", ""P"", ""C"", ""A""]",whole,1520,0.7379074877029028,hgb::D_B_M_P_C_A_K,hgb::NONE,0.025102184125525673,0.04807268252163959,0.05226393785787664,0.07523443625399057,0.04807268252163959,False,hgb::M_C_K,0.07998021574299641,0.11231239037004946,31,positive allowance requires delta > upper95; zero means any positive delta when upper95 <= 0
hgb|history_unavailable|budget=21,hgb,history_unavailable,21,False,D_M_P_C_A,hgb::D_M_P_C_A,hgb::D_M_P_C_A,D_M_P_C_A,"{""learning_rate"": 0.05, ""max_leaf_nodes"": 7}",False,18,18,0.6379512231708448,"{""learning_rate"": 0.05, ""max_leaf_nodes"": 7}","[""D"", ""M"", ""P"", ""C"", ""A""]",whole,1520,0.7379074877029028,hgb::D_B_M_P_C_A_K,hgb::NONE,0.025102184125525673,0.04807268252163959,0.05226393785787664,0.07523443625399057,0.04807268252163959,False,hgb::M_C_K,0.07998021574299641,0.11231239037004946,31,positive allowance requires delta > upper95; zero means any positive delta when upper95 <= 0
hgb|history_unavailable|budget=22,hgb,history_unavailable,22,False,D_M_P_C_A,hgb::D_M_P_C_A,hgb::D_M_P_C_A,D_M_P_C_A,"{""learning_rate"": 0.05, ""max_leaf_nodes"": 7}",False,18,18,0.6379512231708448,"{""learning_rate"": 0.05, ""max_leaf_nodes"": 7}","[""D"", ""M"", ""P"", ""C"", ""A""]",whole,1520,0.7379074877029028,hgb::D_B_M_P_C_A_K,hgb::NONE,0.025102184125525673,0.04807268252163959,0.05226393785787664,0.07523443625399057,0.04807268252163959,False,hgb::M_C_K,0.07998021574299641,0.11231239037004946,31,positive allowance requires delta > upper95; zero means any positive delta when upper95 <= 0
hgb|history_unavailable|budget=23,hgb,history_unavailable,23,False,D_M_P_C_A,hgb::D_M_P_C_A,hgb::D_M_P_C_A,D_M_P_C_A,"{""learning_rate"": 0.05, ""max_leaf_nodes"": 7}",False,18,18,0.6379512231708448,"{""learning_rate"": 0.05, ""max_leaf_nodes"": 7}","[""D"", ""M"", ""P"", ""C"", ""A""]",whole,1520,0.7379074877029028,hgb::D_B_M_P_C_A_K,hgb::NONE,0.025102184125525673,0.04807268252163959,0.05226393785787664,0.07523443625399057,0.04807268252163959,False,hgb::M_C_K,0.07998021574299641,0.11231239037004946,31,positive allowance requires delta > upper95; zero means any positive delta when upper95 <= 0
hgb|history_unavailable|budget=24,hgb,history_unavailable,24,False,D_M_P_C_A,hgb::D_M_P_C_A,hgb::D_M_P_C_A,D_M_P_C_A,"{""learning_rate"": 0.05, ""max_leaf_nodes"": 7}",False,18,18,0.6379512231708448,"{""learning_rate"": 0.05, ""max_leaf_nodes"": 7}","[""D"", ""M"", ""P"", ""C"", ""A""]",whole,1520,0.7379074877029028,hgb::D_B_M_P_C_A_K,hgb::NONE,0.025102184125525673,0.04807268252163959,0.05226393785787664,0.07523443625399057,0.04807268252163959,False,hgb::M_C_K,0.07998021574299641,0.11231239037004946,31,positive allowance requires delta > upper95; zero means any positive delta when upper95 <= 0
hgb|history_unavailable|budget=25,hgb,history_unavailable,25,False,D_M_P_C_A,hgb::D_M_P_C_A,hgb::D_M_P_C_A,D_M_P_C_A,"{""learning_rate"": 0.05, ""max_leaf_nodes"": 7}",False,18,18,0.6379512231708448,"{""learning_rate"": 0.05, ""max_leaf_nodes"": 7}","[""D"", ""M"", ""P"", ""C"", ""A""]",whole,1520,0.7379074877029028,hgb::D_B_M_P_C_A_K,hgb::NONE,0.025102184125525673,0.04807268252163959,0.05226393785787664,0.07523443625399057,0.04807268252163959,False,hgb::M_C_K,0.07998021574299641,0.11231239037004946,31,positive allowance requires delta > upper95; zero means any positive delta when upper95 <= 0
hgb|history_unavailable|budget=26,hgb,history_unavailable,26,False,D_M_P_C_A,hgb::D_M_P_C_A,hgb::D_M_P_C_A,D_M_P_C_A,"{""learning_rate"": 0.05, ""max_leaf_nodes"": 7}",False,18,18,0.6379512231708448,"{""learning_rate"": 0.05, ""max_leaf_nodes"": 7}","[""D"", ""M"", ""P"", ""C"", ""A""]",whole,1520,0.7379074877029028,hgb::D_B_M_P_C_A_K,hgb::NONE,0.025102184125525673,0.04807268252163959,0.05226393785787664,0.07523443625399057,0.04807268252163959,False,hgb::M_C_K,0.07998021574299641,0.11231239037004946,31,positive allowance requires delta > upper95; zero means any positive delta when upper95 <= 0
hgb|history_unavailable|budget=27,hgb,history_unavailable,27,False,D_P_C_K,hgb::D_P_C_K,hgb::D_P_C_K,D_P_C_K,"{""learning_rate"": 0.05, ""max_leaf_nodes"": 7}",False,27,27,0.6370776595795395,"{""learning_rate"": 0.05, ""max_leaf_nodes"": 7}","[""D"", ""P"", ""C"", ""K""]",whole,1520,0.7065914262970665,hgb::D_B_M_P_C_A_K,hgb::NONE,-0.006213877280310642,0.016756621115803276,0.020947876452040326,0.043918374848154244,0.016756621115803276,False,hgb::M_C_K,0.04866415433716009,0.08099632896421315,31,positive allowance requires delta > upper95; zero means any positive delta when upper95 <= 0
hgb|history_unavailable|budget=28,hgb,history_unavailable,28,False,D_M_P_A_K,hgb::D_M_P_A_K,hgb::D_M_P_A_K,D_M_P_A_K,"{""learning_rate"": 0.05, ""max_leaf_nodes"": 7}",False,28,28,0.6344975802563864,"{""learning_rate"": 0.05, ""max_leaf_nodes"": 7}","[""D"", ""M"", ""P"", ""A"", ""K""]",whole,1520,0.7239912152580555,hgb::D_B_M_P_C_A_K,hgb::NONE,0.011185911680678395,0.034156410076792314,0.038347665413029364,0.06131816380914328,0.034156410076792314,False,hgb::M_C_K,0.06606394329814913,0.09839611792520218,31,positive allowance requires delta > upper95; zero means any positive delta when upper95 <= 0
hgb|history_unavailable|budget=29,hgb,history_unavailable,29,False,D_M_P_C_A_K,hgb::D_M_P_C_A_K,hgb::D_M_P_C_A_K,D_M_P_C_A_K,"{""learning_rate"": 0.05, ""max_leaf_nodes"": 7}",False,29,29,0.6317969039258379,"{""learning_rate"": 0.05, ""max_leaf_nodes"": 7}","[""D"", ""M"", ""P"", ""C"", ""A"", ""K""]",whole,1520,0.7228015799255969,hgb::D_B_M_P_C_A_K,hgb::NONE,0.009996276348219757,0.032966774744333675,0.037158030080570725,0.060128528476684644,0.032966774744333675,False,hgb::M_C_K,0.06487430796569049,0.09720648259274355,31,positive allowance requires delta > upper95; zero means any positive delta when upper95 <= 0
hgb|history_unavailable|budget=30,hgb,history_unavailable,30,False,D_M_P_C_A_K,hgb::D_M_P_C_A_K,hgb::D_M_P_C_A_K,D_M_P_C_A_K,"{""learning_rate"": 0.05, ""max_leaf_nodes"": 7}",False,29,29,0.6317969039258379,"{""learning_rate"": 0.05, ""max_leaf_nodes"": 7}","[""D"", ""M"", ""P"", ""C"", ""A"", ""K""]",whole,1520,0.7228015799255969,hgb::D_B_M_P_C_A_K,hgb::NONE,0.009996276348219757,0.032966774744333675,0.037158030080570725,0.060128528476684644,0.032966774744333675,False,hgb::M_C_K,0.06487430796569049,0.09720648259274355,31,positive allowance requires delta > upper95; zero means any positive delta when upper95 <= 0
hgb|history_unavailable|budget=00,hgb,history_unavailable,0,False,NONE,hgb::NONE,hgb::NONE,NONE,"{""learning_rate"": 0.05, ""max_leaf_nodes"": 3}",False,0,0,0.6853643289188563,"{""learning_rate"": 0.05, ""max_leaf_nodes"": 3}",[],disjoint,879,0.6919851207085821,hgb::D_B_M_P_C_A_K,hgb::NONE,-0.06360040353177321,-0.03286783909129982,0.0,0.0,0.0,False,hgb::M_C_K,0.018229383781510067,0.06381457796541576,31,positive allowance requires delta > upper95; zero means any positive delta when upper95 <= 0
hgb|history_unavailable|budget=01,hgb,history_unavailable,1,False,B,hgb::B,hgb::B,B,"{""learning_rate"": 0.05, ""max_leaf_nodes"": 3}",False,1,1,0.6760966845523163,"{""learning_rate"": 0.05, ""max_leaf_nodes"": 3}","[""B""]",disjoint,879,0.689068960859533,hgb::D_B_M_P_C_A_K,hgb::NONE,-0.06651656338082235,-0.035783998940348956,-0.002916159849049138,0.027816404591424253,0.0,False,hgb::M_C_K,0.015313223932460929,0.06089841811636662,31,positive allowance requires delta > upper95; zero means any positive delta when upper95 <= 0
hgb|history_unavailable|budget=02,hgb,history_unavailable,2,False,B_A,hgb::B_A,hgb::B_A,B_A,"{""learning_rate"": 0.05, ""max_leaf_nodes"": 7}",False,2,2,0.6710019459030957,"{""learning_rate"": 0.05, ""max_leaf_nodes"": 7}","[""B"", ""A""]",disjoint,879,0.7026867220270289,hgb::D_B_M_P_C_A_K,hgb::NONE,-0.052898802213326435,-0.022166237772853044,0.010701601318446774,0.041434165758920165,0.0,False,hgb::M_C_K,0.02893098509995684,0.07451617928386253,31,positive allowance requires delta > upper95; zero means any positive delta when upper95 <= 0
hgb|history_unavailable|budget=03,hgb,history_unavailable,3,False,B_M_A,hgb::B_M_A,hgb::B_M_A,B_M_A,"{""learning_rate"": 0.05, ""max_leaf_nodes"": 3}",False,3,3,0.6681826337714976,"{""learning_rate"": 0.05, ""max_leaf_nodes"": 3}","[""B"", ""M"", ""A""]",disjoint,879,0.7202242646408317,hgb::D_B_M_P_C_A_K,hgb::NONE,-0.03536125959952363,-0.00462869515905024,0.028239143932249577,0.05897170837272297,0.0,False,hgb::M_C_K,0.046468527713759644,0.09205372189766534,31,positive allowance requires delta > upper95; zero means any positive delta when upper95 <= 0
hgb|history_unavailable|budget=04,hgb,history_unavailable,4,False,D,hgb::D,hgb::D,D,"{""learning_rate"": 0.05, ""max_leaf_nodes"": 7}",False,4,4,0.6641680792622449,"{""learning_rate"": 0.05, ""max_leaf_nodes"": 7}","[""D""]",disjoint,879,0.7434261099690292,hgb::D_B_M_P_C_A_K,hgb::NONE,-0.012159414271326052,0.01857315016914734,0.051440989260447156,0.08217355370092055,0.01857315016914734,False,hgb::M_C_K,0.06967037304195722,0.11525556722586291,31,positive allowance requires delta > upper95; zero means any positive delta when upper95 <= 0
hgb|history_unavailable|budget=05,hgb,history_unavailable,5,False,D_C,hgb::D_C,hgb::D_C,D_C,"{""learning_rate"": 0.05, ""max_leaf_nodes"": 7}",False,5,5,0.6579254494910797,"{""learning_rate"": 0.05, ""max_leaf_nodes"": 7}","[""D"", ""C""]",disjoint,879,0.7342188554734159,hgb::D_B_M_P_C_A_K,hgb::NONE,-0.02136666876693938,0.009365895673534012,0.04223373476483383,0.07296629920530723,0.009365895673534012,False,hgb::M_C_K,0.0604631185463439,0.10604831273024959,31,positive allowance requires delta > upper95; zero means any positive delta when upper95 <= 0
hgb|history_unavailable|budget=06,hgb,history_unavailable,6,False,D_B_C,hgb::D_B_C,hgb::D_B_C,D_B_C,"{""learning_rate"": 0.05, ""max_leaf_nodes"": 7}",False,6,6,0.6529262330125998,"{""learning_rate"": 0.05, ""max_leaf_nodes"": 7}","[""D"", ""B"", ""C""]",disjoint,879,0.7352957965100093,hgb::D_B_M_P_C_A_K,hgb::NONE,-0.020289727730345986,0.010442836710127405,0.04331067580142722,0.07404324024190062,0.010442836710127405,False,hgb::M_C_K,0.06154005958293729,0.10712525376684298,31,positive allowance requires delta > upper95; zero means any positive delta when upper95 <= 0
hgb|history_unavailable|budget=07,hgb,history_unavailable,7,False,D_M_C_A,hgb::D_M_C_A,hgb::D_M_C_A,D_M_C_A,"{""learning_rate"": 0.05, ""max_leaf_nodes"": 7}",False,7,7,0.650369538146649,"{""learning_rate"": 0.05, ""max_leaf_nodes"": 7}","[""D"", ""M"", ""C"", ""A""]",disjoint,879,0.7811318259609158,hgb::D_B_M_P_C_A_K,hgb::NONE,0.025546301720560494,0.056278866161033884,0.0891467052523337,0.1198792696928071,0.056278866161033884,False,hgb::M_C_K,0.10737608903384377,0.15296128321774946,31,positive allowance requires delta > upper95; zero means any positive delta when upper95 <= 0
hgb|history_unavailable|budget=08,hgb,history_unavailable,8,False,D_B_M_C_A,hgb::D_B_M_C_A,hgb::D_B_M_C_A,D_B_M_C_A,"{""learning_rate"": 0.05, ""max_leaf_nodes"": 7}",False,8,8,0.6485929332417237,"{""learning_rate"": 0.05, ""max_leaf_nodes"": 7}","[""D"", ""B"", ""M"", ""C"", ""A""]",disjoint,879,0.7740791399480527,hgb::D_B_M_P_C_A_K,hgb::NONE,0.018493615707697364,0.049226180148170755,0.08209401923947057,0.11282658367994397,0.049226180148170755,False,hgb::M_C_K,0.10032340302098064,0.14590859720488633,31,positive allowance requires delta > upper95; zero means any positive delta when upper95 <= 0
hgb|history_unavailable|budget=09,hgb,history_unavailable,9,False,D_B_M_C_A,hgb::D_B_M_C_A,hgb::D_B_M_C_A,D_B_M_C_A,"{""learning_rate"": 0.05, ""max_leaf_nodes"": 7}",False,8,8,0.6485929332417237,"{""learning_rate"": 0.05, ""max_leaf_nodes"": 7}","[""D"", ""B"", ""M"", ""C"", ""A""]",disjoint,879,0.7740791399480527,hgb::D_B_M_P_C_A_K,hgb::NONE,0.018493615707697364,0.049226180148170755,0.08209401923947057,0.11282658367994397,0.049226180148170755,False,hgb::M_C_K,0.10032340302098064,0.14590859720488633,31,positive allowance requires delta > upper95; zero means any positive delta when upper95 <= 0
hgb|history_unavailable|budget=10,hgb,history_unavailable,10,False,D_B_M_C_A,hgb::D_B_M_C_A,hgb::D_B_M_C_A,D_B_M_C_A,"{""learning_rate"": 0.05, ""max_leaf_nodes"": 7}",False,8,8,0.6485929332417237,"{""learning_rate"": 0.05, ""max_leaf_nodes"": 7}","[""D"", ""B"", ""M"", ""C"", ""A""]",disjoint,879,0.7740791399480527,hgb::D_B_M_P_C_A_K,hgb::NONE,0.018493615707697364,0.049226180148170755,0.08209401923947057,0.11282658367994397,0.049226180148170755,False,hgb::M_C_K,0.10032340302098064,0.14590859720488633,31,positive allowance requires delta > upper95; zero means any positive delta when upper95 <= 0
hgb|history_unavailable|budget=11,hgb,history_unavailable,11,False,D_B_M_C_A,hgb::D_B_M_C_A,hgb::D_B_M_C_A,D_B_M_C_A,"{""learning_rate"": 0.05, ""max_leaf_nodes"": 7}",False,8,8,0.6485929332417237,"{""learning_rate"": 0.05, ""max_leaf_nodes"": 7}","[""D"", ""B"", ""M"", ""C"", ""A""]",disjoint,879,0.7740791399480527,hgb::D_B_M_P_C_A_K,hgb::NONE,0.018493615707697364,0.049226180148170755,0.08209401923947057,0.11282658367994397,0.049226180148170755,False,hgb::M_C_K,0.10032340302098064,0.14590859720488633,31,positive allowance requires delta > upper95; zero means any positive delta when upper95 <= 0
hgb|history_unavailable|budget=12,hgb,history_unavailable,12,False,D_B_M_C_A,hgb::D_B_M_C_A,hgb::D_B_M_C_A,D_B_M_C_A,"{""learning_rate"": 0.05, ""max_leaf_nodes"": 7}",False,8,8,0.6485929332417237,"{""learning_rate"": 0.05, ""max_leaf_nodes"": 7}","[""D"", ""B"", ""M"", ""C"", ""A""]",disjoint,879,0.7740791399480527,hgb::D_B_M_P_C_A_K,hgb::NONE,0.018493615707697364,0.049226180148170755,0.08209401923947057,0.11282658367994397,0.049226180148170755,False,hgb::M_C_K,0.10032340302098064,0.14590859720488633,31,positive allowance requires delta > upper95; zero means any positive delta when upper95 <= 0
hgb|history_unavailable|budget=13,hgb,history_unavailable,13,False,D_B_M_C_A,hgb::D_B_M_C_A,hgb::D_B_M_C_A,D_B_M_C_A,"{""learning_rate"": 0.05, ""max_leaf_nodes"": 7}",False,8,8,0.6485929332417237,"{""learning_rate"": 0.05, ""max_leaf_nodes"": 7}","[""D"", ""B"", ""M"", ""C"", ""A""]",disjoint,879,0.7740791399480527,hgb::D_B_M_P_C_A_K,hgb::NONE,0.018493615707697364,0.049226180148170755,0.08209401923947057,0.11282658367994397,0.049226180148170755,False,hgb::M_C_K,0.10032340302098064,0.14590859720488633,31,positive allowance requires delta > upper95; zero means any positive delta when upper95 <= 0
hgb|history_unavailable|budget=14,hgb,history_unavailable,14,False,D_B_M_C_A,hgb::D_B_M_C_A,hgb::D_B_M_C_A,D_B_M_C_A,"{""learning_rate"": 0.05, ""max_leaf_nodes"": 7}",False,8,8,0.6485929332417237,"{""learning_rate"": 0.05, ""max_leaf_nodes"": 7}","[""D"", ""B"", ""M"", ""C"", ""A""]",disjoint,879,0.7740791399480527,hgb::D_B_M_P_C_A_K,hgb::NONE,0.018493615707697364,0.049226180148170755,0.08209401923947057,0.11282658367994397,0.049226180148170755,False,hgb::M_C_K,0.10032340302098064,0.14590859720488633,31,positive allowance requires delta > upper95; zero means any positive delta when upper95 <= 0
hgb|history_unavailable|budget=15,hgb,history_unavailable,15,False,D_P,hgb::D_P,hgb::D_P,D_P,"{""learning_rate"": 0.05, ""max_leaf_nodes"": 7}",False,15,15,0.6465103724542357,"{""learning_rate"": 0.05, ""max_leaf_nodes"": 7}","[""D"", ""P""]",disjoint,879,0.7560527886452654,hgb::D_B_M_P_C_A_K,hgb::NONE,0.0004672644049100727,0.031199828845383464,0.06406766793668328,0.09480023237715668,0.031199828845383464,False,hgb::M_C_K,0.08229705171819335,0.12788224590209904,31,positive allowance requires delta > upper95; zero means any positive delta when upper95 <= 0
hgb|history_unavailable|budget=16,hgb,history_unavailable,16,False,D_P_C,hgb::D_P_C,hgb::D_P_C,D_P_C,"{""learning_rate"": 0.05, ""max_leaf_nodes"": 7}",False,16,16,0.6441902261965382,"{""learning_rate"": 0.05, ""max_leaf_nodes"": 7}","[""D"", ""P"", ""C""]",disjoint,879,0.752075022859396,hgb::D_B_M_P_C_A_K,hgb::NONE,-0.003510501380959319,0.027222063059514072,0.06008990215081389,0.09082246659128729,0.027222063059514072,False,hgb::M_C_K,0.07831928593232396,0.12390448011622965,31,positive allowance requires delta > upper95; zero means any positive delta when upper95 <= 0
hgb|history_unavailable|budget=17,hgb,history_unavailable,17,False,D_M_P_A,hgb::D_M_P_A,hgb::D_M_P_A,D_M_P_A,"{""learning_rate"": 0.05, ""max_leaf_nodes"": 7}",False,17,17,0.640925623536283,"{""learning_rate"": 0.05, ""max_leaf_nodes"": 7}","[""D"", ""M"", ""P"", ""A""]",disjoint,879,0.7750694734960918,hgb::D_B_M_P_C_A_K,hgb::NONE,0.019483949255736488,0.05021651369620988,0.0830843527875097,0.1138169172279831,0.05021651369620988,False,hgb::M_C_K,0.10131373656901976,0.14689893075292546,31,positive allowance requires delta > upper95; zero means any positive delta when upper95 <= 0
hgb|history_unavailable|budget=18,hgb,history_unavailable,18,False,D_M_P_C_A,hgb::D_M_P_C_A,hgb::D_M_P_C_A,D_M_P_C_A,"{""learning_rate"": 0.05, ""max_leaf_nodes"": 7}",False,18,18,0.6379512231708448,"{""learning_rate"": 0.05, ""max_leaf_nodes"": 7}","[""D"", ""M"", ""P"", ""C"", ""A""]",disjoint,879,0.7760931480513006,hgb::D_B_M_P_C_A_K,hgb::NONE,0.020507623810945286,0.05124018825141868,0.0841080273427185,0.11484059178319189,0.05124018825141868,False,hgb::M_C_K,0.10233741112422856,0.14792260530813425,31,positive allowance requires delta > upper95; zero means any positive delta when upper95 <= 0
hgb|history_unavailable|budget=19,hgb,history_unavailable,19,False,D_M_P_C_A,hgb::D_M_P_C_A,hgb::D_M_P_C_A,D_M_P_C_A,"{""learning_rate"": 0.05, ""max_leaf_nodes"": 7}",False,18,18,0.6379512231708448,"{""learning_rate"": 0.05, ""max_leaf_nodes"": 7}","[""D"", ""M"", ""P"", ""C"", ""A""]",disjoint,879,0.7760931480513006,hgb::D_B_M_P_C_A_K,hgb::NONE,0.020507623810945286,0.05124018825141868,0.0841080273427185,0.11484059178319189,0.05124018825141868,False,hgb::M_C_K,0.10233741112422856,0.14792260530813425,31,positive allowance requires delta > upper95; zero means any positive delta when upper95 <= 0
hgb|history_unavailable|budget=20,hgb,history_unavailable,20,False,D_M_P_C_A,hgb::D_M_P_C_A,hgb::D_M_P_C_A,D_M_P_C_A,"{""learning_rate"": 0.05, ""max_leaf_nodes"": 7}",False,18,18,0.6379512231708448,"{""learning_rate"": 0.05, ""max_leaf_nodes"": 7}","[""D"", ""M"", ""P"", ""C"", ""A""]",disjoint,879,0.7760931480513006,hgb::D_B_M_P_C_A_K,hgb::NONE,0.020507623810945286,0.05124018825141868,0.0841080273427185,0.11484059178319189,0.05124018825141868,False,hgb::M_C_K,0.10233741112422856,0.14792260530813425,31,positive allowance requires delta > upper95; zero means any positive delta when upper95 <= 0
hgb|history_unavailable|budget=21,hgb,history_unavailable,21,False,D_M_P_C_A,hgb::D_M_P_C_A,hgb::D_M_P_C_A,D_M_P_C_A,"{""learning_rate"": 0.05, ""max_leaf_nodes"": 7}",False,18,18,0.6379512231708448,"{""learning_rate"": 0.05, ""max_leaf_nodes"": 7}","[""D"", ""M"", ""P"", ""C"", ""A""]",disjoint,879,0.7760931480513006,hgb::D_B_M_P_C_A_K,hgb::NONE,0.020507623810945286,0.05124018825141868,0.0841080273427185,0.11484059178319189,0.05124018825141868,False,hgb::M_C_K,0.10233741112422856,0.14792260530813425,31,positive allowance requires delta > upper95; zero means any positive delta when upper95 <= 0
hgb|history_unavailable|budget=22,hgb,history_unavailable,22,False,D_M_P_C_A,hgb::D_M_P_C_A,hgb::D_M_P_C_A,D_M_P_C_A,"{""learning_rate"": 0.05, ""max_leaf_nodes"": 7}",False,18,18,0.6379512231708448,"{""learning_rate"": 0.05, ""max_leaf_nodes"": 7}","[""D"", ""M"", ""P"", ""C"", ""A""]",disjoint,879,0.7760931480513006,hgb::D_B_M_P_C_A_K,hgb::NONE,0.020507623810945286,0.05124018825141868,0.0841080273427185,0.11484059178319189,0.05124018825141868,False,hgb::M_C_K,0.10233741112422856,0.14792260530813425,31,positive allowance requires delta > upper95; zero means any positive delta when upper95 <= 0
hgb|history_unavailable|budget=23,hgb,history_unavailable,23,False,D_M_P_C_A,hgb::D_M_P_C_A,hgb::D_M_P_C_A,D_M_P_C_A,"{""learning_rate"": 0.05, ""max_leaf_nodes"": 7}",False,18,18,0.6379512231708448,"{""learning_rate"": 0.05, ""max_leaf_nodes"": 7}","[""D"", ""M"", ""P"", ""C"", ""A""]",disjoint,879,0.7760931480513006,hgb::D_B_M_P_C_A_K,hgb::NONE,0.020507623810945286,0.05124018825141868,0.0841080273427185,0.11484059178319189,0.05124018825141868,False,hgb::M_C_K,0.10233741112422856,0.14792260530813425,31,positive allowance requires delta > upper95; zero means any positive delta when upper95 <= 0
hgb|history_unavailable|budget=24,hgb,history_unavailable,24,False,D_M_P_C_A,hgb::D_M_P_C_A,hgb::D_M_P_C_A,D_M_P_C_A,"{""learning_rate"": 0.05, ""max_leaf_nodes"": 7}",False,18,18,0.6379512231708448,"{""learning_rate"": 0.05, ""max_leaf_nodes"": 7}","[""D"", ""M"", ""P"", ""C"", ""A""]",disjoint,879,0.7760931480513006,hgb::D_B_M_P_C_A_K,hgb::NONE,0.020507623810945286,0.05124018825141868,0.0841080273427185,0.11484059178319189,0.05124018825141868,False,hgb::M_C_K,0.10233741112422856,0.14792260530813425,31,positive allowance requires delta > upper95; zero means any positive delta when upper95 <= 0
hgb|history_unavailable|budget=25,hgb,history_unavailable,25,False,D_M_P_C_A,hgb::D_M_P_C_A,hgb::D_M_P_C_A,D_M_P_C_A,"{""learning_rate"": 0.05, ""max_leaf_nodes"": 7}",False,18,18,0.6379512231708448,"{""learning_rate"": 0.05, ""max_leaf_nodes"": 7}","[""D"", ""M"", ""P"", ""C"", ""A""]",disjoint,879,0.7760931480513006,hgb::D_B_M_P_C_A_K,hgb::NONE,0.020507623810945286,0.05124018825141868,0.0841080273427185,0.11484059178319189,0.05124018825141868,False,hgb::M_C_K,0.10233741112422856,0.14792260530813425,31,positive allowance requires delta > upper95; zero means any positive delta when upper95 <= 0
hgb|history_unavailable|budget=26,hgb,history_unavailable,26,False,D_M_P_C_A,hgb::D_M_P_C_A,hgb::D_M_P_C_A,D_M_P_C_A,"{""learning_rate"": 0.05, ""max_leaf_nodes"": 7}",False,18,18,0.6379512231708448,"{""learning_rate"": 0.05, ""max_leaf_nodes"": 7}","[""D"", ""M"", ""P"", ""C"", ""A""]",disjoint,879,0.7760931480513006,hgb::D_B_M_P_C_A_K,hgb::NONE,0.020507623810945286,0.05124018825141868,0.0841080273427185,0.11484059178319189,0.05124018825141868,False,hgb::M_C_K,0.10233741112422856,0.14792260530813425,31,positive allowance requires delta > upper95; zero means any positive delta when upper95 <= 0
hgb|history_unavailable|budget=27,hgb,history_unavailable,27,False,D_P_C_K,hgb::D_P_C_K,hgb::D_P_C_K,D_P_C_K,"{""learning_rate"": 0.05, ""max_leaf_nodes"": 7}",False,27,27,0.6370776595795395,"{""learning_rate"": 0.05, ""max_leaf_nodes"": 7}","[""D"", ""P"", ""C"", ""K""]",disjoint,879,0.7438827452025463,hgb::D_B_M_P_C_A_K,hgb::NONE,-0.01170277903780903,0.01902978540266436,0.05189762449396418,0.08263018893443758,0.01902978540266436,False,hgb::M_C_K,0.07012700827547425,0.11571220245937994,31,positive allowance requires delta > upper95; zero means any positive delta when upper95 <= 0
hgb|history_unavailable|budget=28,hgb,history_unavailable,28,False,D_M_P_A_K,hgb::D_M_P_A_K,hgb::D_M_P_A_K,D_M_P_A_K,"{""learning_rate"": 0.05, ""max_leaf_nodes"": 7}",False,28,28,0.6344975802563864,"{""learning_rate"": 0.05, ""max_leaf_nodes"": 7}","[""D"", ""M"", ""P"", ""A"", ""K""]",disjoint,879,0.7692976644126739,hgb::D_B_M_P_C_A_K,hgb::NONE,0.013712140172318588,0.04444470461279198,0.0773125437040918,0.1080451081445652,0.04444470461279198,False,hgb::M_C_K,0.09554192748560186,0.14112712166950755,31,positive allowance requires delta > upper95; zero means any positive delta when upper95 <= 0
hgb|history_unavailable|budget=29,hgb,history_unavailable,29,False,D_M_P_C_A_K,hgb::D_M_P_C_A_K,hgb::D_M_P_C_A_K,D_M_P_C_A_K,"{""learning_rate"": 0.05, ""max_leaf_nodes"": 7}",False,29,29,0.6317969039258379,"{""learning_rate"": 0.05, ""max_leaf_nodes"": 7}","[""D"", ""M"", ""P"", ""C"", ""A"", ""K""]",disjoint,879,0.7670935009092656,hgb::D_B_M_P_C_A_K,hgb::NONE,0.011507976668910347,0.04224054110938374,0.07510838020068356,0.10584094464115695,0.04224054110938374,False,hgb::M_C_K,0.09333776398219362,0.13892295816609931,31,positive allowance requires delta > upper95; zero means any positive delta when upper95 <= 0
hgb|history_unavailable|budget=30,hgb,history_unavailable,30,False,D_M_P_C_A_K,hgb::D_M_P_C_A_K,hgb::D_M_P_C_A_K,D_M_P_C_A_K,"{""learning_rate"": 0.05, ""max_leaf_nodes"": 7}",False,29,29,0.6317969039258379,"{""learning_rate"": 0.05, ""max_leaf_nodes"": 7}","[""D"", ""M"", ""P"", ""C"", ""A"", ""K""]",disjoint,879,0.7670935009092656,hgb::D_B_M_P_C_A_K,hgb::NONE,0.011507976668910347,0.04224054110938374,0.07510838020068356,0.10584094464115695,0.04224054110938374,False,hgb::M_C_K,0.09333776398219362,0.13892295816609931,31,positive allowance requires delta > upper95; zero means any positive delta when upper95 <= 0
hgb|history_available|budget=00,hgb,history_available,0,True,H,hgb::H,hgb::H,H,"{""learning_rate"": 0.05, ""max_leaf_nodes"": 3}",True,0,0,0.6620826133717034,"{""learning_rate"": 0.05, ""max_leaf_nodes"": 3}","[""H""]",whole,1520,0.6606404546592606,hgb::H_D_B_M_P_C_A_K,P0,-0.009985737583641408,0.010647203782766571,1.583604954491502e-05,0.020648777415952894,0.010647203782766571,False,hgb::H_C_K,0.02235637601054863,0.06171441894064043,28,positive allowance requires delta > upper95; zero means any positive delta when upper95 <= 0
hgb|history_available|budget=01,hgb,history_available,1,True,H_B,hgb::H_B,hgb::H_B,H_B,"{""learning_rate"": 0.05, ""max_leaf_nodes"": 3}",True,1,1,0.656149609502737,"{""learning_rate"": 0.05, ""max_leaf_nodes"": 3}","[""H"", ""B""]",whole,1520,0.6568702773889459,hgb::H_D_B_M_P_C_A_K,P0,-0.013755914853956108,0.0068770265124518705,-0.0037543412207697857,0.016878600145638193,0.0068770265124518705,False,hgb::H_C_K,0.018586198740233928,0.057944241670325726,28,positive allowance requires delta > upper95; zero means any positive delta when upper95 <= 0
hgb|history_available|budget=02,hgb,history_available,2,True,H_B_M,hgb::H_B_M,hgb::H_B_M,H_B_M,"{""learning_rate"": 0.05, ""max_leaf_nodes"": 3}",True,2,2,0.6526472365345142,"{""learning_rate"": 0.05, ""max_leaf_nodes"": 3}","[""H"", ""B"", ""M""]",whole,1520,0.6640167344252882,hgb::H_D_B_M_P_C_A_K,P0,-0.006609457817613795,0.014023483548794183,0.0033921158155725273,0.024025057181980506,0.014023483548794183,False,hgb::H_C_K,0.02573265577657624,0.06509069870666803,28,positive allowance requires delta > upper95; zero means any positive delta when upper95 <= 0
hgb|history_available|budget=03,hgb,history_available,3,True,H_B_M_A,hgb::H_B_M_A,hgb::H_B_M_A,H_B_M_A,"{""learning_rate"": 0.05, ""max_leaf_nodes"": 7}",True,3,3,0.6499456254601639,"{""learning_rate"": 0.05, ""max_leaf_nodes"": 7}","[""H"", ""B"", ""M"", ""A""]",whole,1520,0.7235395745933303,hgb::H_D_B_M_P_C_A_K,P0,0.052913382350428306,0.07354632371683628,0.06291495598361463,0.0835478973500226,0.07354632371683628,False,hgb::H_C_K,0.08525549594461834,0.12461353887471013,28,positive allowance requires delta > upper95; zero means any positive delta when upper95 <= 0
hgb|history_available|budget=04,hgb,history_available,4,True,H_D,hgb::H_D,hgb::H_D,H_D,"{""learning_rate"": 0.05, ""max_leaf_nodes"": 7}",True,4,4,0.6440872421067338,"{""learning_rate"": 0.05, ""max_leaf_nodes"": 7}","[""H"", ""D""]",whole,1520,0.6789460405904674,hgb::H_D_B_M_P_C_A_K,P0,0.008319848347565384,0.028952789713973363,0.018321421980751706,0.03895436334715968,0.028952789713973363,False,hgb::H_C_K,0.04066196194175542,0.08002000487184721,28,positive allowance requires delta > upper95; zero means any positive delta when upper95 <= 0
hgb|history_available|budget=05,hgb,history_available,5,True,H_D_M,hgb::H_D_M,hgb::H_D_M,H_D_M,"{""learning_rate"": 0.05, ""max_leaf_nodes"": 7}",True,5,5,0.6378678578039242,"{""learning_rate"": 0.05, ""max_leaf_nodes"": 7}","[""H"", ""D"", ""M""]",whole,1520,0.6748177527282346,hgb::H_D_B_M_P_C_A_K,P0,0.004191560485332646,0.024824501851740625,0.014193134118518969,0.034826075484926944,0.024824501851740625,False,hgb::H_C_K,0.03653367407952268,0.07589171700961447,28,positive allowance requires delta > upper95; zero means any positive delta when upper95 <= 0
hgb|history_available|budget=06,hgb,history_available,6,True,H_D_M_A,hgb::H_D_M_A,hgb::H_D_M_A,H_D_M_A,"{""learning_rate"": 0.05, ""max_leaf_nodes"": 7}",True,6,6,0.6353580028168152,"{""learning_rate"": 0.05, ""max_leaf_nodes"": 7}","[""H"", ""D"", ""M"", ""A""]",whole,1520,0.7123696523965573,hgb::H_D_B_M_P_C_A_K,P0,0.041743460153655265,0.06237640152006324,0.05174503378684159,0.07237797515324956,0.06237640152006324,False,hgb::H_C_K,0.0740855737478453,0.11344361667793709,28,positive allowance requires delta > upper95; zero means any positive delta when upper95 <= 0
hgb|history_available|budget=07,hgb,history_available,7,True,H_D_M_C_A,hgb::H_D_M_C_A,hgb::H_D_M_C_A,H_D_M_C_A,"{""learning_rate"": 0.05, ""max_leaf_nodes"": 7}",True,7,7,0.6332706689577972,"{""learning_rate"": 0.05, ""max_leaf_nodes"": 7}","[""H"", ""D"", ""M"", ""C"", ""A""]",whole,1520,0.7095091099137292,hgb::H_D_B_M_P_C_A_K,P0,0.03888291767082719,0.059515859037235164,0.04888449130401351,0.06951743267042149,0.059515859037235164,False,hgb::H_C_K,0.07122503126501722,0.11058307419510902,28,positive allowance requires delta > upper95; zero means any positive delta when upper95 <= 0
hgb|history_available|budget=08,hgb,history_available,8,True,H_D_B_M_C_A,hgb::H_D_B_M_C_A,hgb::H_D_B_M_C_A,H_D_B_M_C_A,"{""learning_rate"": 0.05, ""max_leaf_nodes"": 7}",True,8,8,0.6314904390595096,"{""learning_rate"": 0.05, ""max_leaf_nodes"": 7}","[""H"", ""D"", ""B"", ""M"", ""C"", ""A""]",whole,1520,0.7023321544326461,hgb::H_D_B_M_P_C_A_K,P0,0.031705962189744086,0.05233890355615206,0.04170753582293041,0.062340477189338384,0.05233890355615206,False,hgb::H_C_K,0.06404807578393412,0.10340611871402591,28,positive allowance requires delta > upper95; zero means any positive delta when upper95 <= 0
hgb|history_available|budget=09,hgb,history_available,9,True,H_D_B_M_C_A,hgb::H_D_B_M_C_A,hgb::H_D_B_M_C_A,H_D_B_M_C_A,"{""learning_rate"": 0.05, ""max_leaf_nodes"": 7}",True,8,8,0.6314904390595096,"{""learning_rate"": 0.05, ""max_leaf_nodes"": 7}","[""H"", ""D"", ""B"", ""M"", ""C"", ""A""]",whole,1520,0.7023321544326461,hgb::H_D_B_M_P_C_A_K,P0,0.031705962189744086,0.05233890355615206,0.04170753582293041,0.062340477189338384,0.05233890355615206,False,hgb::H_C_K,0.06404807578393412,0.10340611871402591,28,positive allowance requires delta > upper95; zero means any positive delta when upper95 <= 0
hgb|history_available|budget=10,hgb,history_available,10,True,H_D_B_M_C_A,hgb::H_D_B_M_C_A,hgb::H_D_B_M_C_A,H_D_B_M_C_A,"{""learning_rate"": 0.05, ""max_leaf_nodes"": 7}",True,8,8,0.6314904390595096,"{""learning_rate"": 0.05, ""max_leaf_nodes"": 7}","[""H"", ""D"", ""B"", ""M"", ""C"", ""A""]",whole,1520,0.7023321544326461,hgb::H_D_B_M_P_C_A_K,P0,0.031705962189744086,0.05233890355615206,0.04170753582293041,0.062340477189338384,0.05233890355615206,False,hgb::H_C_K,0.06404807578393412,0.10340611871402591,28,positive allowance requires delta > upper95; zero means any positive delta when upper95 <= 0
hgb|history_available|budget=11,hgb,history_available,11,True,H_D_B_M_C_A,hgb::H_D_B_M_C_A,hgb::H_D_B_M_C_A,H_D_B_M_C_A,"{""learning_rate"": 0.05, ""max_leaf_nodes"": 7}",True,8,8,0.6314904390595096,"{""learning_rate"": 0.05, ""max_leaf_nodes"": 7}","[""H"", ""D"", ""B"", ""M"", ""C"", ""A""]",whole,1520,0.7023321544326461,hgb::H_D_B_M_P_C_A_K,P0,0.031705962189744086,0.05233890355615206,0.04170753582293041,0.062340477189338384,0.05233890355615206,False,hgb::H_C_K,0.06404807578393412,0.10340611871402591,28,positive allowance requires delta > upper95; zero means any positive delta when upper95 <= 0
hgb|history_available|budget=12,hgb,history_available,12,True,H_D_B_M_C_A,hgb::H_D_B_M_C_A,hgb::H_D_B_M_C_A,H_D_B_M_C_A,"{""learning_rate"": 0.05, ""max_leaf_nodes"": 7}",True,8,8,0.6314904390595096,"{""learning_rate"": 0.05, ""max_leaf_nodes"": 7}","[""H"", ""D"", ""B"", ""M"", ""C"", ""A""]",whole,1520,0.7023321544326461,hgb::H_D_B_M_P_C_A_K,P0,0.031705962189744086,0.05233890355615206,0.04170753582293041,0.062340477189338384,0.05233890355615206,False,hgb::H_C_K,0.06404807578393412,0.10340611871402591,28,positive allowance requires delta > upper95; zero means any positive delta when upper95 <= 0
hgb|history_available|budget=13,hgb,history_available,13,True,H_D_B_M_C_A,hgb::H_D_B_M_C_A,hgb::H_D_B_M_C_A,H_D_B_M_C_A,"{""learning_rate"": 0.05, ""max_leaf_nodes"": 7}",True,8,8,0.6314904390595096,"{""learning_rate"": 0.05, ""max_leaf_nodes"": 7}","[""H"", ""D"", ""B"", ""M"", ""C"", ""A""]",whole,1520,0.7023321544326461,hgb::H_D_B_M_P_C_A_K,P0,0.031705962189744086,0.05233890355615206,0.04170753582293041,0.062340477189338384,0.05233890355615206,False,hgb::H_C_K,0.06404807578393412,0.10340611871402591,28,positive allowance requires delta > upper95; zero means any positive delta when upper95 <= 0
hgb|history_available|budget=14,hgb,history_available,14,True,H_D_B_M_C_A,hgb::H_D_B_M_C_A,hgb::H_D_B_M_C_A,H_D_B_M_C_A,"{""learning_rate"": 0.05, ""max_leaf_nodes"": 7}",True,8,8,0.6314904390595096,"{""learning_rate"": 0.05, ""max_leaf_nodes"": 7}","[""H"", ""D"", ""B"", ""M"", ""C"", ""A""]",whole,1520,0.7023321544326461,hgb::H_D_B_M_P_C_A_K,P0,0.031705962189744086,0.05233890355615206,0.04170753582293041,0.062340477189338384,0.05233890355615206,False,hgb::H_C_K,0.06404807578393412,0.10340611871402591,28,positive allowance requires delta > upper95; zero means any positive delta when upper95 <= 0
hgb|history_available|budget=15,hgb,history_available,15,True,H_D_P,hgb::H_D_P,hgb::H_D_P,H_D_P,"{""learning_rate"": 0.05, ""max_leaf_nodes"": 7}",True,15,15,0.6284341422186445,"{""learning_rate"": 0.05, ""max_leaf_nodes"": 7}","[""H"", ""D"", ""P""]",whole,1520,0.6825493667969229,hgb::H_D_B_M_P_C_A_K,P0,0.011923174554020921,0.032556115920428896,0.021924748187207244,0.04255768955361522,0.032556115920428896,False,hgb::H_C_K,0.04426528814821096,0.08362333107830275,28,positive allowance requires delta > upper95; zero means any positive delta when upper95 <= 0
hgb|history_available|budget=16,hgb,history_available,16,True,H_D_M_P,hgb::H_D_M_P,hgb::H_D_M_P,H_D_M_P,"{""learning_rate"": 0.05, ""max_leaf_nodes"": 7}",True,16,16,0.6263444622412933,"{""learning_rate"": 0.05, ""max_leaf_nodes"": 7}","[""H"", ""D"", ""M"", ""P""]",whole,1520,0.6773237255779159,hgb::H_D_B_M_P_C_A_K,P0,0.006697533335013883,0.027330474701421862,0.016699106968200206,0.03733204833460818,0.027330474701421862,False,hgb::H_C_K,0.03903964692920392,0.07839768985929571,28,positive allowance requires delta > upper95; zero means any positive delta when upper95 <= 0
hgb|history_available|budget=17,hgb,history_available,17,True,H_D_M_P_A,hgb::H_D_M_P_A,hgb::H_D_M_P_A,H_D_M_P_A,"{""learning_rate"": 0.05, ""max_leaf_nodes"": 7}",True,17,17,0.6241806893132597,"{""learning_rate"": 0.05, ""max_leaf_nodes"": 7}","[""H"", ""D"", ""M"", ""P"", ""A""]",whole,1520,0.7027754309756395,hgb::H_D_B_M_P_C_A_K,P0,0.03214923873273756,0.05278218009914554,0.042150812365923884,0.06278375373233186,0.05278218009914554,False,hgb::H_C_K,0.0644913523269276,0.10384939525701939,28,positive allowance requires delta > upper95; zero means any positive delta when upper95 <= 0
hgb|history_available|budget=18,hgb,history_available,18,True,H_D_M_P_A,hgb::H_D_M_P_A,hgb::H_D_M_P_A,H_D_M_P_A,"{""learning_rate"": 0.05, ""max_leaf_nodes"": 7}",True,17,17,0.6241806893132597,"{""learning_rate"": 0.05, ""max_leaf_nodes"": 7}","[""H"", ""D"", ""M"", ""P"", ""A""]",whole,1520,0.7027754309756395,hgb::H_D_B_M_P_C_A_K,P0,0.03214923873273756,0.05278218009914554,0.042150812365923884,0.06278375373233186,0.05278218009914554,False,hgb::H_C_K,0.0644913523269276,0.10384939525701939,28,positive allowance requires delta > upper95; zero means any positive delta when upper95 <= 0
hgb|history_available|budget=19,hgb,history_available,19,True,H_D_M_P_A,hgb::H_D_M_P_A,hgb::H_D_M_P_A,H_D_M_P_A,"{""learning_rate"": 0.05, ""max_leaf_nodes"": 7}",True,17,17,0.6241806893132597,"{""learning_rate"": 0.05, ""max_leaf_nodes"": 7}","[""H"", ""D"", ""M"", ""P"", ""A""]",whole,1520,0.7027754309756395,hgb::H_D_B_M_P_C_A_K,P0,0.03214923873273756,0.05278218009914554,0.042150812365923884,0.06278375373233186,0.05278218009914554,False,hgb::H_C_K,0.0644913523269276,0.10384939525701939,28,positive allowance requires delta > upper95; zero means any positive delta when upper95 <= 0
hgb|history_available|budget=20,hgb,history_available,20,True,H_D_M_P_A,hgb::H_D_M_P_A,hgb::H_D_M_P_A,H_D_M_P_A,"{""learning_rate"": 0.05, ""max_leaf_nodes"": 7}",True,17,17,0.6241806893132597,"{""learning_rate"": 0.05, ""max_leaf_nodes"": 7}","[""H"", ""D"", ""M"", ""P"", ""A""]",whole,1520,0.7027754309756395,hgb::H_D_B_M_P_C_A_K,P0,0.03214923873273756,0.05278218009914554,0.042150812365923884,0.06278375373233186,0.05278218009914554,False,hgb::H_C_K,0.0644913523269276,0.10384939525701939,28,positive allowance requires delta > upper95; zero means any positive delta when upper95 <= 0
hgb|history_available|budget=21,hgb,history_available,21,True,H_D_M_P_A,hgb::H_D_M_P_A,hgb::H_D_M_P_A,H_D_M_P_A,"{""learning_rate"": 0.05, ""max_leaf_nodes"": 7}",True,17,17,0.6241806893132597,"{""learning_rate"": 0.05, ""max_leaf_nodes"": 7}","[""H"", ""D"", ""M"", ""P"", ""A""]",whole,1520,0.7027754309756395,hgb::H_D_B_M_P_C_A_K,P0,0.03214923873273756,0.05278218009914554,0.042150812365923884,0.06278375373233186,0.05278218009914554,False,hgb::H_C_K,0.0644913523269276,0.10384939525701939,28,positive allowance requires delta > upper95; zero means any positive delta when upper95 <= 0
hgb|history_available|budget=22,hgb,history_available,22,True,H_D_M_P_A,hgb::H_D_M_P_A,hgb::H_D_M_P_A,H_D_M_P_A,"{""learning_rate"": 0.05, ""max_leaf_nodes"": 7}",True,17,17,0.6241806893132597,"{""learning_rate"": 0.05, ""max_leaf_nodes"": 7}","[""H"", ""D"", ""M"", ""P"", ""A""]",whole,1520,0.7027754309756395,hgb::H_D_B_M_P_C_A_K,P0,0.03214923873273756,0.05278218009914554,0.042150812365923884,0.06278375373233186,0.05278218009914554,False,hgb::H_C_K,0.0644913523269276,0.10384939525701939,28,positive allowance requires delta > upper95; zero means any positive delta when upper95 <= 0
hgb|history_available|budget=23,hgb,history_available,23,True,H_D_M_P_A,hgb::H_D_M_P_A,hgb::H_D_M_P_A,H_D_M_P_A,"{""learning_rate"": 0.05, ""max_leaf_nodes"": 7}",True,17,17,0.6241806893132597,"{""learning_rate"": 0.05, ""max_leaf_nodes"": 7}","[""H"", ""D"", ""M"", ""P"", ""A""]",whole,1520,0.7027754309756395,hgb::H_D_B_M_P_C_A_K,P0,0.03214923873273756,0.05278218009914554,0.042150812365923884,0.06278375373233186,0.05278218009914554,False,hgb::H_C_K,0.0644913523269276,0.10384939525701939,28,positive allowance requires delta > upper95; zero means any positive delta when upper95 <= 0
hgb|history_available|budget=24,hgb,history_available,24,True,H_D_M_P_A,hgb::H_D_M_P_A,hgb::H_D_M_P_A,H_D_M_P_A,"{""learning_rate"": 0.05, ""max_leaf_nodes"": 7}",True,17,17,0.6241806893132597,"{""learning_rate"": 0.05, ""max_leaf_nodes"": 7}","[""H"", ""D"", ""M"", ""P"", ""A""]",whole,1520,0.7027754309756395,hgb::H_D_B_M_P_C_A_K,P0,0.03214923873273756,0.05278218009914554,0.042150812365923884,0.06278375373233186,0.05278218009914554,False,hgb::H_C_K,0.0644913523269276,0.10384939525701939,28,positive allowance requires delta > upper95; zero means any positive delta when upper95 <= 0
hgb|history_available|budget=25,hgb,history_available,25,True,H_D_M_P_A,hgb::H_D_M_P_A,hgb::H_D_M_P_A,H_D_M_P_A,"{""learning_rate"": 0.05, ""max_leaf_nodes"": 7}",True,17,17,0.6241806893132597,"{""learning_rate"": 0.05, ""max_leaf_nodes"": 7}","[""H"", ""D"", ""M"", ""P"", ""A""]",whole,1520,0.7027754309756395,hgb::H_D_B_M_P_C_A_K,P0,0.03214923873273756,0.05278218009914554,0.042150812365923884,0.06278375373233186,0.05278218009914554,False,hgb::H_C_K,0.0644913523269276,0.10384939525701939,28,positive allowance requires delta > upper95; zero means any positive delta when upper95 <= 0
hgb|history_available|budget=26,hgb,history_available,26,True,H_D_M_P_A,hgb::H_D_M_P_A,hgb::H_D_M_P_A,H_D_M_P_A,"{""learning_rate"": 0.05, ""max_leaf_nodes"": 7}",True,17,17,0.6241806893132597,"{""learning_rate"": 0.05, ""max_leaf_nodes"": 7}","[""H"", ""D"", ""M"", ""P"", ""A""]",whole,1520,0.7027754309756395,hgb::H_D_B_M_P_C_A_K,P0,0.03214923873273756,0.05278218009914554,0.042150812365923884,0.06278375373233186,0.05278218009914554,False,hgb::H_C_K,0.0644913523269276,0.10384939525701939,28,positive allowance requires delta > upper95; zero means any positive delta when upper95 <= 0
hgb|history_available|budget=27,hgb,history_available,27,True,H_D_M_P_A,hgb::H_D_M_P_A,hgb::H_D_M_P_A,H_D_M_P_A,"{""learning_rate"": 0.05, ""max_leaf_nodes"": 7}",True,17,17,0.6241806893132597,"{""learning_rate"": 0.05, ""max_leaf_nodes"": 7}","[""H"", ""D"", ""M"", ""P"", ""A""]",whole,1520,0.7027754309756395,hgb::H_D_B_M_P_C_A_K,P0,0.03214923873273756,0.05278218009914554,0.042150812365923884,0.06278375373233186,0.05278218009914554,False,hgb::H_C_K,0.0644913523269276,0.10384939525701939,28,positive allowance requires delta > upper95; zero means any positive delta when upper95 <= 0
hgb|history_available|budget=28,hgb,history_available,28,True,H_D_M_P_C_K,hgb::H_D_M_P_C_K,hgb::H_D_M_P_C_K,H_D_M_P_C_K,"{""learning_rate"": 0.05, ""max_leaf_nodes"": 7}",True,28,28,0.6221157681523305,"{""learning_rate"": 0.05, ""max_leaf_nodes"": 7}","[""H"", ""D"", ""M"", ""P"", ""C"", ""K""]",whole,1520,0.6604056435202795,hgb::H_D_B_M_P_C_A_K,P0,-0.010220548722622458,0.010412392643785521,-0.0002189750894361353,0.020413966276971843,0.010412392643785521,False,hgb::H_C_K,0.02212156487156758,0.061479607801659376,28,positive allowance requires delta > upper95; zero means any positive delta when upper95 <= 0
hgb|history_available|budget=29,hgb,history_available,29,True,H_D_M_P_C_A_K,hgb::H_D_M_P_C_A_K,hgb::H_D_M_P_C_A_K,H_D_M_P_C_A_K,"{""learning_rate"": 0.05, ""max_leaf_nodes"": 7}",True,29,29,0.620817620210149,"{""learning_rate"": 0.05, ""max_leaf_nodes"": 7}","[""H"", ""D"", ""M"", ""P"", ""C"", ""A"", ""K""]",whole,1520,0.6804685078629296,hgb::H_D_B_M_P_C_A_K,P0,0.009842315620027575,0.030475256986435554,0.019843889253213898,0.04047683061962187,0.030475256986435554,False,hgb::H_C_K,0.04218442921421761,0.0815424721443094,28,positive allowance requires delta > upper95; zero means any positive delta when upper95 <= 0
hgb|history_available|budget=30,hgb,history_available,30,True,H_D_M_P_C_A_K,hgb::H_D_M_P_C_A_K,hgb::H_D_M_P_C_A_K,H_D_M_P_C_A_K,"{""learning_rate"": 0.05, ""max_leaf_nodes"": 7}",True,29,29,0.620817620210149,"{""learning_rate"": 0.05, ""max_leaf_nodes"": 7}","[""H"", ""D"", ""M"", ""P"", ""C"", ""A"", ""K""]",whole,1520,0.6804685078629296,hgb::H_D_B_M_P_C_A_K,P0,0.009842315620027575,0.030475256986435554,0.019843889253213898,0.04047683061962187,0.030475256986435554,False,hgb::H_C_K,0.04218442921421761,0.0815424721443094,28,positive allowance requires delta > upper95; zero means any positive delta when upper95 <= 0
hgb|history_available|budget=00,hgb,history_available,0,True,H,hgb::H,hgb::H,H,"{""learning_rate"": 0.05, ""max_leaf_nodes"": 3}",True,0,0,0.6620826133717034,"{""learning_rate"": 0.05, ""max_leaf_nodes"": 3}","[""H""]",disjoint,879,0.6792772451151162,hgb::H_D_B_M_P_C_A_K,P0,-0.029184866931170172,-0.0008170339992599092,-1.921092013490444e-05,0.02834862201177536,0.0,False,hgb::H_B_C_K,0.018624690951453915,0.0743500118683732,28,positive allowance requires delta > upper95; zero means any positive delta when upper95 <= 0
hgb|history_available|budget=01,hgb,history_available,1,True,H_B,hgb::H_B,hgb::H_B,H_B,"{""learning_rate"": 0.05, ""max_leaf_nodes"": 3}",True,1,1,0.656149609502737,"{""learning_rate"": 0.05, ""max_leaf_nodes"": 3}","[""H"", ""B""]",disjoint,879,0.6731212166859291,hgb::H_D_B_M_P_C_A_K,P0,-0.03534089536035734,-0.006973062428447075,-0.00617523934932207,0.022192593582588193,0.0,False,hgb::H_B_C_K,0.012468662522266749,0.06819398343918603,28,positive allowance requires delta > upper95; zero means any positive delta when upper95 <= 0
hgb|history_available|budget=02,hgb,history_available,2,True,H_B_M,hgb::H_B_M,hgb::H_B_M,H_B_M,"{""learning_rate"": 0.05, ""max_leaf_nodes"": 3}",True,2,2,0.6526472365345142,"{""learning_rate"": 0.05, ""max_leaf_nodes"": 3}","[""H"", ""B"", ""M""]",disjoint,879,0.6798419464894809,hgb::H_D_B_M_P_C_A_K,P0,-0.028620165556805466,-0.0002523326248952025,0.0005454904542298022,0.028913323386140066,0.0,False,hgb::H_B_C_K,0.01918939232581862,0.07491471324273791,28,positive allowance requires delta > upper95; zero means any positive delta when upper95 <= 0
hgb|history_available|budget=03,hgb,history_available,3,True,H_B_M_A,hgb::H_B_M_A,hgb::H_B_M_A,H_B_M_A,"{""learning_rate"": 0.05, ""max_leaf_nodes"": 7}",True,3,3,0.6499456254601639,"{""learning_rate"": 0.05, ""max_leaf_nodes"": 7}","[""H"", ""B"", ""M"", ""A""]",disjoint,879,0.7580059926808208,hgb::H_D_B_M_P_C_A_K,P0,0.04954388063453441,0.07791171356644468,0.07870953664556968,0.10707736957747994,0.07791171356644468,False,hgb::H_B_C_K,0.0973534385171585,0.15307875943407778,28,positive allowance requires delta > upper95; zero means any positive delta when upper95 <= 0
hgb|history_available|budget=04,hgb,history_available,4,True,H_D,hgb::H_D,hgb::H_D,H_D,"{""learning_rate"": 0.05, ""max_leaf_nodes"": 7}",True,4,4,0.6440872421067338,"{""learning_rate"": 0.05, ""max_leaf_nodes"": 7}","[""H"", ""D""]",disjoint,879,0.7088619972558206,hgb::H_D_B_M_P_C_A_K,P0,0.0003998852095341565,0.02876771814144442,0.029565541220569425,0.05793337415247969,0.02876771814144442,False,hgb::H_B_C_K,0.048209443092158244,0.10393476400907753,28,positive allowance requires delta > upper95; zero means any positive delta when upper95 <= 0
hgb|history_available|budget=05,hgb,history_available,5,True,H_D_M,hgb::H_D_M,hgb::H_D_M,H_D_M,"{""learning_rate"": 0.05, ""max_leaf_nodes"": 7}",True,5,5,0.6378678578039242,"{""learning_rate"": 0.05, ""max_leaf_nodes"": 7}","[""H"", ""D"", ""M""]",disjoint,879,0.7030739844814816,hgb::H_D_B_M_P_C_A_K,P0,-0.005388127564804779,0.022979705367105484,0.02377752844623049,0.052145361378140756,0.022979705367105484,False,hgb::H_B_C_K,0.04242143031781931,0.0981467512347386,28,positive allowance requires delta > upper95; zero means any positive delta when upper95 <= 0
hgb|history_available|budget=06,hgb,history_available,6,True,H_D_M_A,hgb::H_D_M_A,hgb::H_D_M_A,H_D_M_A,"{""learning_rate"": 0.05, ""max_leaf_nodes"": 7}",True,6,6,0.6353580028168152,"{""learning_rate"": 0.05, ""max_leaf_nodes"": 7}","[""H"", ""D"", ""M"", ""A""]",disjoint,879,0.7544394738286088,hgb::H_D_B_M_P_C_A_K,P0,0.04597736178232237,0.07434519471423263,0.07514301779335764,0.1035108507252679,0.07434519471423263,False,hgb::H_B_C_K,0.09378691966494646,0.14951224058186574,28,positive allowance requires delta > upper95; zero means any positive delta when upper95 <= 0
hgb|history_available|budget=07,hgb,history_available,7,True,H_D_M_C_A,hgb::H_D_M_C_A,hgb::H_D_M_C_A,H_D_M_C_A,"{""learning_rate"": 0.05, ""max_leaf_nodes"": 7}",True,7,7,0.6332706689577972,"{""learning_rate"": 0.05, ""max_leaf_nodes"": 7}","[""H"", ""D"", ""M"", ""C"", ""A""]",disjoint,879,0.7499065751823211,hgb::H_D_B_M_P_C_A_K,P0,0.04144446313603467,0.06981229606794494,0.07061011914706994,0.0989779520789802,0.06981229606794494,False,hgb::H_B_C_K,0.08925402101865876,0.14497934193557804,28,positive allowance requires delta > upper95; zero means any positive delta when upper95 <= 0
hgb|history_available|budget=08,hgb,history_available,8,True,H_D_B_M_C_A,hgb::H_D_B_M_C_A,hgb::H_D_B_M_C_A,H_D_B_M_C_A,"{""learning_rate"": 0.05, ""max_leaf_nodes"": 7}",True,8,8,0.6314904390595096,"{""learning_rate"": 0.05, ""max_leaf_nodes"": 7}","[""H"", ""D"", ""B"", ""M"", ""C"", ""A""]",disjoint,879,0.7378206195169431,hgb::H_D_B_M_P_C_A_K,P0,0.029358507470656714,0.05772634040256698,0.05852416348169198,0.08689199641360225,0.05772634040256698,False,hgb::H_B_C_K,0.0771680653532808,0.1328933862702001,28,positive allowance requires delta > upper95; zero means any positive delta when upper95 <= 0
hgb|history_available|budget=09,hgb,history_available,9,True,H_D_B_M_C_A,hgb::H_D_B_M_C_A,hgb::H_D_B_M_C_A,H_D_B_M_C_A,"{""learning_rate"": 0.05, ""max_leaf_nodes"": 7}",True,8,8,0.6314904390595096,"{""learning_rate"": 0.05, ""max_leaf_nodes"": 7}","[""H"", ""D"", ""B"", ""M"", ""C"", ""A""]",disjoint,879,0.7378206195169431,hgb::H_D_B_M_P_C_A_K,P0,0.029358507470656714,0.05772634040256698,0.05852416348169198,0.08689199641360225,0.05772634040256698,False,hgb::H_B_C_K,0.0771680653532808,0.1328933862702001,28,positive allowance requires delta > upper95; zero means any positive delta when upper95 <= 0
hgb|history_available|budget=10,hgb,history_available,10,True,H_D_B_M_C_A,hgb::H_D_B_M_C_A,hgb::H_D_B_M_C_A,H_D_B_M_C_A,"{""learning_rate"": 0.05, ""max_leaf_nodes"": 7}",True,8,8,0.6314904390595096,"{""learning_rate"": 0.05, ""max_leaf_nodes"": 7}","[""H"", ""D"", ""B"", ""M"", ""C"", ""A""]",disjoint,879,0.7378206195169431,hgb::H_D_B_M_P_C_A_K,P0,0.029358507470656714,0.05772634040256698,0.05852416348169198,0.08689199641360225,0.05772634040256698,False,hgb::H_B_C_K,0.0771680653532808,0.1328933862702001,28,positive allowance requires delta > upper95; zero means any positive delta when upper95 <= 0
hgb|history_available|budget=11,hgb,history_available,11,True,H_D_B_M_C_A,hgb::H_D_B_M_C_A,hgb::H_D_B_M_C_A,H_D_B_M_C_A,"{""learning_rate"": 0.05, ""max_leaf_nodes"": 7}",True,8,8,0.6314904390595096,"{""learning_rate"": 0.05, ""max_leaf_nodes"": 7}","[""H"", ""D"", ""B"", ""M"", ""C"", ""A""]",disjoint,879,0.7378206195169431,hgb::H_D_B_M_P_C_A_K,P0,0.029358507470656714,0.05772634040256698,0.05852416348169198,0.08689199641360225,0.05772634040256698,False,hgb::H_B_C_K,0.0771680653532808,0.1328933862702001,28,positive allowance requires delta > upper95; zero means any positive delta when upper95 <= 0
hgb|history_available|budget=12,hgb,history_available,12,True,H_D_B_M_C_A,hgb::H_D_B_M_C_A,hgb::H_D_B_M_C_A,H_D_B_M_C_A,"{""learning_rate"": 0.05, ""max_leaf_nodes"": 7}",True,8,8,0.6314904390595096,"{""learning_rate"": 0.05, ""max_leaf_nodes"": 7}","[""H"", ""D"", ""B"", ""M"", ""C"", ""A""]",disjoint,879,0.7378206195169431,hgb::H_D_B_M_P_C_A_K,P0,0.029358507470656714,0.05772634040256698,0.05852416348169198,0.08689199641360225,0.05772634040256698,False,hgb::H_B_C_K,0.0771680653532808,0.1328933862702001,28,positive allowance requires delta > upper95; zero means any positive delta when upper95 <= 0
hgb|history_available|budget=13,hgb,history_available,13,True,H_D_B_M_C_A,hgb::H_D_B_M_C_A,hgb::H_D_B_M_C_A,H_D_B_M_C_A,"{""learning_rate"": 0.05, ""max_leaf_nodes"": 7}",True,8,8,0.6314904390595096,"{""learning_rate"": 0.05, ""max_leaf_nodes"": 7}","[""H"", ""D"", ""B"", ""M"", ""C"", ""A""]",disjoint,879,0.7378206195169431,hgb::H_D_B_M_P_C_A_K,P0,0.029358507470656714,0.05772634040256698,0.05852416348169198,0.08689199641360225,0.05772634040256698,False,hgb::H_B_C_K,0.0771680653532808,0.1328933862702001,28,positive allowance requires delta > upper95; zero means any positive delta when upper95 <= 0
hgb|history_available|budget=14,hgb,history_available,14,True,H_D_B_M_C_A,hgb::H_D_B_M_C_A,hgb::H_D_B_M_C_A,H_D_B_M_C_A,"{""learning_rate"": 0.05, ""max_leaf_nodes"": 7}",True,8,8,0.6314904390595096,"{""learning_rate"": 0.05, ""max_leaf_nodes"": 7}","[""H"", ""D"", ""B"", ""M"", ""C"", ""A""]",disjoint,879,0.7378206195169431,hgb::H_D_B_M_P_C_A_K,P0,0.029358507470656714,0.05772634040256698,0.05852416348169198,0.08689199641360225,0.05772634040256698,False,hgb::H_B_C_K,0.0771680653532808,0.1328933862702001,28,positive allowance requires delta > upper95; zero means any positive delta when upper95 <= 0
hgb|history_available|budget=15,hgb,history_available,15,True,H_D_P,hgb::H_D_P,hgb::H_D_P,H_D_P,"{""learning_rate"": 0.05, ""max_leaf_nodes"": 7}",True,15,15,0.6284341422186445,"{""learning_rate"": 0.05, ""max_leaf_nodes"": 7}","[""H"", ""D"", ""P""]",disjoint,879,0.7145263522768895,hgb::H_D_B_M_P_C_A_K,P0,0.006064240230603146,0.03443207316251341,0.035229896241638414,0.06359772917354868,0.03443207316251341,False,hgb::H_B_C_K,0.053873798113227234,0.10959911903014652,28,positive allowance requires delta > upper95; zero means any positive delta when upper95 <= 0
hgb|history_available|budget=16,hgb,history_available,16,True,H_D_M_P,hgb::H_D_M_P,hgb::H_D_M_P,H_D_M_P,"{""learning_rate"": 0.05, ""max_leaf_nodes"": 7}",True,16,16,0.6263444622412933,"{""learning_rate"": 0.05, ""max_leaf_nodes"": 7}","[""H"", ""D"", ""M"", ""P""]",disjoint,879,0.7063344100304769,hgb::H_D_B_M_P_C_A_K,P0,-0.002127702015809474,0.02624013091610079,0.027037953995225794,0.05540578692713606,0.02624013091610079,False,hgb::H_B_C_K,0.045681855866814614,0.1014071767837339,28,positive allowance requires delta > upper95; zero means any positive delta when upper95 <= 0
hgb|history_available|budget=17,hgb,history_available,17,True,H_D_M_P_A,hgb::H_D_M_P_A,hgb::H_D_M_P_A,H_D_M_P_A,"{""learning_rate"": 0.05, ""max_leaf_nodes"": 7}",True,17,17,0.6241806893132597,"{""learning_rate"": 0.05, ""max_leaf_nodes"": 7}","[""H"", ""D"", ""M"", ""P"", ""A""]",disjoint,879,0.7431916364842928,hgb::H_D_B_M_P_C_A_K,P0,0.034729524438006365,0.06309735736991663,0.06389518044904163,0.0922630133809519,0.06309735736991663,False,hgb::H_B_C_K,0.08253908232063045,0.13826440323754974,28,positive allowance requires delta > upper95; zero means any positive delta when upper95 <= 0
hgb|history_available|budget=18,hgb,history_available,18,True,H_D_M_P_A,hgb::H_D_M_P_A,hgb::H_D_M_P_A,H_D_M_P_A,"{""learning_rate"": 0.05, ""max_leaf_nodes"": 7}",True,17,17,0.6241806893132597,"{""learning_rate"": 0.05, ""max_leaf_nodes"": 7}","[""H"", ""D"", ""M"", ""P"", ""A""]",disjoint,879,0.7431916364842928,hgb::H_D_B_M_P_C_A_K,P0,0.034729524438006365,0.06309735736991663,0.06389518044904163,0.0922630133809519,0.06309735736991663,False,hgb::H_B_C_K,0.08253908232063045,0.13826440323754974,28,positive allowance requires delta > upper95; zero means any positive delta when upper95 <= 0
hgb|history_available|budget=19,hgb,history_available,19,True,H_D_M_P_A,hgb::H_D_M_P_A,hgb::H_D_M_P_A,H_D_M_P_A,"{""learning_rate"": 0.05, ""max_leaf_nodes"": 7}",True,17,17,0.6241806893132597,"{""learning_rate"": 0.05, ""max_leaf_nodes"": 7}","[""H"", ""D"", ""M"", ""P"", ""A""]",disjoint,879,0.7431916364842928,hgb::H_D_B_M_P_C_A_K,P0,0.034729524438006365,0.06309735736991663,0.06389518044904163,0.0922630133809519,0.06309735736991663,False,hgb::H_B_C_K,0.08253908232063045,0.13826440323754974,28,positive allowance requires delta > upper95; zero means any positive delta when upper95 <= 0
hgb|history_available|budget=20,hgb,history_available,20,True,H_D_M_P_A,hgb::H_D_M_P_A,hgb::H_D_M_P_A,H_D_M_P_A,"{""learning_rate"": 0.05, ""max_leaf_nodes"": 7}",True,17,17,0.6241806893132597,"{""learning_rate"": 0.05, ""max_leaf_nodes"": 7}","[""H"", ""D"", ""M"", ""P"", ""A""]",disjoint,879,0.7431916364842928,hgb::H_D_B_M_P_C_A_K,P0,0.034729524438006365,0.06309735736991663,0.06389518044904163,0.0922630133809519,0.06309735736991663,False,hgb::H_B_C_K,0.08253908232063045,0.13826440323754974,28,positive allowance requires delta > upper95; zero means any positive delta when upper95 <= 0
hgb|history_available|budget=21,hgb,history_available,21,True,H_D_M_P_A,hgb::H_D_M_P_A,hgb::H_D_M_P_A,H_D_M_P_A,"{""learning_rate"": 0.05, ""max_leaf_nodes"": 7}",True,17,17,0.6241806893132597,"{""learning_rate"": 0.05, ""max_leaf_nodes"": 7}","[""H"", ""D"", ""M"", ""P"", ""A""]",disjoint,879,0.7431916364842928,hgb::H_D_B_M_P_C_A_K,P0,0.034729524438006365,0.06309735736991663,0.06389518044904163,0.0922630133809519,0.06309735736991663,False,hgb::H_B_C_K,0.08253908232063045,0.13826440323754974,28,positive allowance requires delta > upper95; zero means any positive delta when upper95 <= 0
hgb|history_available|budget=22,hgb,history_available,22,True,H_D_M_P_A,hgb::H_D_M_P_A,hgb::H_D_M_P_A,H_D_M_P_A,"{""learning_rate"": 0.05, ""max_leaf_nodes"": 7}",True,17,17,0.6241806893132597,"{""learning_rate"": 0.05, ""max_leaf_nodes"": 7}","[""H"", ""D"", ""M"", ""P"", ""A""]",disjoint,879,0.7431916364842928,hgb::H_D_B_M_P_C_A_K,P0,0.034729524438006365,0.06309735736991663,0.06389518044904163,0.0922630133809519,0.06309735736991663,False,hgb::H_B_C_K,0.08253908232063045,0.13826440323754974,28,positive allowance requires delta > upper95; zero means any positive delta when upper95 <= 0
hgb|history_available|budget=23,hgb,history_available,23,True,H_D_M_P_A,hgb::H_D_M_P_A,hgb::H_D_M_P_A,H_D_M_P_A,"{""learning_rate"": 0.05, ""max_leaf_nodes"": 7}",True,17,17,0.6241806893132597,"{""learning_rate"": 0.05, ""max_leaf_nodes"": 7}","[""H"", ""D"", ""M"", ""P"", ""A""]",disjoint,879,0.7431916364842928,hgb::H_D_B_M_P_C_A_K,P0,0.034729524438006365,0.06309735736991663,0.06389518044904163,0.0922630133809519,0.06309735736991663,False,hgb::H_B_C_K,0.08253908232063045,0.13826440323754974,28,positive allowance requires delta > upper95; zero means any positive delta when upper95 <= 0
hgb|history_available|budget=24,hgb,history_available,24,True,H_D_M_P_A,hgb::H_D_M_P_A,hgb::H_D_M_P_A,H_D_M_P_A,"{""learning_rate"": 0.05, ""max_leaf_nodes"": 7}",True,17,17,0.6241806893132597,"{""learning_rate"": 0.05, ""max_leaf_nodes"": 7}","[""H"", ""D"", ""M"", ""P"", ""A""]",disjoint,879,0.7431916364842928,hgb::H_D_B_M_P_C_A_K,P0,0.034729524438006365,0.06309735736991663,0.06389518044904163,0.0922630133809519,0.06309735736991663,False,hgb::H_B_C_K,0.08253908232063045,0.13826440323754974,28,positive allowance requires delta > upper95; zero means any positive delta when upper95 <= 0
hgb|history_available|budget=25,hgb,history_available,25,True,H_D_M_P_A,hgb::H_D_M_P_A,hgb::H_D_M_P_A,H_D_M_P_A,"{""learning_rate"": 0.05, ""max_leaf_nodes"": 7}",True,17,17,0.6241806893132597,"{""learning_rate"": 0.05, ""max_leaf_nodes"": 7}","[""H"", ""D"", ""M"", ""P"", ""A""]",disjoint,879,0.7431916364842928,hgb::H_D_B_M_P_C_A_K,P0,0.034729524438006365,0.06309735736991663,0.06389518044904163,0.0922630133809519,0.06309735736991663,False,hgb::H_B_C_K,0.08253908232063045,0.13826440323754974,28,positive allowance requires delta > upper95; zero means any positive delta when upper95 <= 0
hgb|history_available|budget=26,hgb,history_available,26,True,H_D_M_P_A,hgb::H_D_M_P_A,hgb::H_D_M_P_A,H_D_M_P_A,"{""learning_rate"": 0.05, ""max_leaf_nodes"": 7}",True,17,17,0.6241806893132597,"{""learning_rate"": 0.05, ""max_leaf_nodes"": 7}","[""H"", ""D"", ""M"", ""P"", ""A""]",disjoint,879,0.7431916364842928,hgb::H_D_B_M_P_C_A_K,P0,0.034729524438006365,0.06309735736991663,0.06389518044904163,0.0922630133809519,0.06309735736991663,False,hgb::H_B_C_K,0.08253908232063045,0.13826440323754974,28,positive allowance requires delta > upper95; zero means any positive delta when upper95 <= 0
hgb|history_available|budget=27,hgb,history_available,27,True,H_D_M_P_A,hgb::H_D_M_P_A,hgb::H_D_M_P_A,H_D_M_P_A,"{""learning_rate"": 0.05, ""max_leaf_nodes"": 7}",True,17,17,0.6241806893132597,"{""learning_rate"": 0.05, ""max_leaf_nodes"": 7}","[""H"", ""D"", ""M"", ""P"", ""A""]",disjoint,879,0.7431916364842928,hgb::H_D_B_M_P_C_A_K,P0,0.034729524438006365,0.06309735736991663,0.06389518044904163,0.0922630133809519,0.06309735736991663,False,hgb::H_B_C_K,0.08253908232063045,0.13826440323754974,28,positive allowance requires delta > upper95; zero means any positive delta when upper95 <= 0
hgb|history_available|budget=28,hgb,history_available,28,True,H_D_M_P_C_K,hgb::H_D_M_P_C_K,hgb::H_D_M_P_C_K,H_D_M_P_C_K,"{""learning_rate"": 0.05, ""max_leaf_nodes"": 7}",True,28,28,0.6221157681523305,"{""learning_rate"": 0.05, ""max_leaf_nodes"": 7}","[""H"", ""D"", ""M"", ""P"", ""C"", ""K""]",disjoint,879,0.6929604905551209,hgb::H_D_B_M_P_C_A_K,P0,-0.015501621491165518,0.012866211440744745,0.01366403451986975,0.04203186745178002,0.012866211440744745,False,hgb::H_B_C_K,0.03230793639145857,0.08803325730837785,28,positive allowance requires delta > upper95; zero means any positive delta when upper95 <= 0
hgb|history_available|budget=29,hgb,history_available,29,True,H_D_M_P_C_A_K,hgb::H_D_M_P_C_A_K,hgb::H_D_M_P_C_A_K,H_D_M_P_C_A_K,"{""learning_rate"": 0.05, ""max_leaf_nodes"": 7}",True,29,29,0.620817620210149,"{""learning_rate"": 0.05, ""max_leaf_nodes"": 7}","[""H"", ""D"", ""M"", ""P"", ""C"", ""A"", ""K""]",disjoint,879,0.7200180786641674,hgb::H_D_B_M_P_C_A_K,P0,0.011555966617881053,0.03992379954979132,0.04072162262891632,0.06908945556082659,0.03992379954979132,False,hgb::H_B_C_K,0.05936552450050514,0.11509084541742443,28,positive allowance requires delta > upper95; zero means any positive delta when upper95 <= 0
hgb|history_available|budget=30,hgb,history_available,30,True,H_D_M_P_C_A_K,hgb::H_D_M_P_C_A_K,hgb::H_D_M_P_C_A_K,H_D_M_P_C_A_K,"{""learning_rate"": 0.05, ""max_leaf_nodes"": 7}",True,29,29,0.620817620210149,"{""learning_rate"": 0.05, ""max_leaf_nodes"": 7}","[""H"", ""D"", ""M"", ""P"", ""C"", ""A"", ""K""]",disjoint,879,0.7200180786641674,hgb::H_D_B_M_P_C_A_K,P0,0.011555966617881053,0.03992379954979132,0.04072162262891632,0.06908945556082659,0.03992379954979132,False,hgb::H_B_C_K,0.05936552450050514,0.11509084541742443,28,positive allowance requires delta > upper95; zero means any positive delta when upper95 <= 0
