policy_id,repeat,outer_fold,algorithm,availability,budget,log_loss,n
ridge|history_available|budget=00,1,1,ridge,history_available,0,0.644235910336318,313
ridge|history_available|budget=01,1,1,ridge,history_available,1,0.6407555295274003,313
ridge|history_available|budget=02,1,1,ridge,history_available,2,0.6399624552333022,313
ridge|history_available|budget=03,1,1,ridge,history_available,3,0.6399624552333022,313
ridge|history_available|budget=04,1,1,ridge,history_available,4,0.6425244389803018,313
ridge|history_available|budget=05,1,1,ridge,history_available,5,0.63901143998661,313
ridge|history_available|budget=06,1,1,ridge,history_available,6,0.6366854298061174,313
ridge|history_available|budget=07,1,1,ridge,history_available,7,0.6402799129956857,313
ridge|history_available|budget=08,1,1,ridge,history_available,8,0.6402799129956857,313
ridge|history_available|budget=09,1,1,ridge,history_available,9,0.6402799129956857,313
ridge|history_available|budget=10,1,1,ridge,history_available,10,0.6402799129956857,313
ridge|history_available|budget=11,1,1,ridge,history_available,11,0.6402799129956857,313
ridge|history_available|budget=12,1,1,ridge,history_available,12,0.6402799129956857,313
ridge|history_available|budget=13,1,1,ridge,history_available,13,0.6402799129956857,313
ridge|history_available|budget=14,1,1,ridge,history_available,14,0.6402799129956857,313
ridge|history_available|budget=15,1,1,ridge,history_available,15,0.6402799129956857,313
ridge|history_available|budget=16,1,1,ridge,history_available,16,0.6402799129956857,313
ridge|history_available|budget=17,1,1,ridge,history_available,17,0.6259696067452475,313
ridge|history_available|budget=18,1,1,ridge,history_available,18,0.6307808617057062,313
ridge|history_available|budget=19,1,1,ridge,history_available,19,0.6307808617057062,313
ridge|history_available|budget=20,1,1,ridge,history_available,20,0.6307808617057062,313
ridge|history_available|budget=21,1,1,ridge,history_available,21,0.6307808617057062,313
ridge|history_available|budget=22,1,1,ridge,history_available,22,0.6307808617057062,313
ridge|history_available|budget=23,1,1,ridge,history_available,23,0.6307808617057062,313
ridge|history_available|budget=24,1,1,ridge,history_available,24,0.6307808617057062,313
ridge|history_available|budget=25,1,1,ridge,history_available,25,0.6307808617057062,313
ridge|history_available|budget=26,1,1,ridge,history_available,26,0.6307808617057062,313
ridge|history_available|budget=27,1,1,ridge,history_available,27,0.6307808617057062,313
ridge|history_available|budget=28,1,1,ridge,history_available,28,0.6307808617057062,313
ridge|history_available|budget=29,1,1,ridge,history_available,29,0.6272983015037237,313
ridge|history_available|budget=30,1,1,ridge,history_available,30,0.6272983015037237,313
ridge|history_unavailable|budget=00,1,1,ridge,history_unavailable,0,0.6853643289188565,313
ridge|history_unavailable|budget=01,1,1,ridge,history_unavailable,1,0.6772784347748604,313
ridge|history_unavailable|budget=02,1,1,ridge,history_unavailable,2,0.6745351760219055,313
ridge|history_unavailable|budget=03,1,1,ridge,history_unavailable,3,0.6745351760219055,313
ridge|history_unavailable|budget=04,1,1,ridge,history_unavailable,4,0.673902536170268,313
ridge|history_unavailable|budget=05,1,1,ridge,history_unavailable,5,0.6672861502141354,313
ridge|history_unavailable|budget=06,1,1,ridge,history_unavailable,6,0.6634565320794862,313
ridge|history_unavailable|budget=07,1,1,ridge,history_unavailable,7,0.6634565320794862,313
ridge|history_unavailable|budget=08,1,1,ridge,history_unavailable,8,0.6634565320794862,313
ridge|history_unavailable|budget=09,1,1,ridge,history_unavailable,9,0.6634565320794862,313
ridge|history_unavailable|budget=10,1,1,ridge,history_unavailable,10,0.6634565320794862,313
ridge|history_unavailable|budget=11,1,1,ridge,history_unavailable,11,0.6634565320794862,313
ridge|history_unavailable|budget=12,1,1,ridge,history_unavailable,12,0.6634565320794862,313
ridge|history_unavailable|budget=13,1,1,ridge,history_unavailable,13,0.6634565320794862,313
ridge|history_unavailable|budget=14,1,1,ridge,history_unavailable,14,0.6634565320794862,313
ridge|history_unavailable|budget=15,1,1,ridge,history_unavailable,15,0.6634565320794862,313
ridge|history_unavailable|budget=16,1,1,ridge,history_unavailable,16,0.6523178594691832,313
ridge|history_unavailable|budget=17,1,1,ridge,history_unavailable,17,0.6480318358303767,313
ridge|history_unavailable|budget=18,1,1,ridge,history_unavailable,18,0.6514987236770491,313
ridge|history_unavailable|budget=19,1,1,ridge,history_unavailable,19,0.6514987236770491,313
ridge|history_unavailable|budget=20,1,1,ridge,history_unavailable,20,0.6514987236770491,313
ridge|history_unavailable|budget=21,1,1,ridge,history_unavailable,21,0.6514987236770491,313
ridge|history_unavailable|budget=22,1,1,ridge,history_unavailable,22,0.6514987236770491,313
ridge|history_unavailable|budget=23,1,1,ridge,history_unavailable,23,0.6514987236770491,313
ridge|history_unavailable|budget=24,1,1,ridge,history_unavailable,24,0.6514987236770491,313
ridge|history_unavailable|budget=25,1,1,ridge,history_unavailable,25,0.6514987236770491,313
ridge|history_unavailable|budget=26,1,1,ridge,history_unavailable,26,0.6514987236770491,313
ridge|history_unavailable|budget=27,1,1,ridge,history_unavailable,27,0.6514987236770491,313
ridge|history_unavailable|budget=28,1,1,ridge,history_unavailable,28,0.6440118230593274,313
ridge|history_unavailable|budget=29,1,1,ridge,history_unavailable,29,0.6473976844293199,313
ridge|history_unavailable|budget=30,1,1,ridge,history_unavailable,30,0.6473976844293199,313
hgb|history_available|budget=00,1,1,hgb,history_available,0,0.643598638948594,313
hgb|history_available|budget=01,1,1,hgb,history_available,1,0.6368499867150724,313
hgb|history_available|budget=02,1,1,hgb,history_available,2,0.6339027790515118,313
hgb|history_available|budget=03,1,1,hgb,history_available,3,0.6327644513329362,313
hgb|history_available|budget=04,1,1,hgb,history_available,4,0.6315991662599122,313
hgb|history_available|budget=05,1,1,hgb,history_available,5,0.6273884571973288,313
hgb|history_available|budget=06,1,1,hgb,history_available,6,0.6204443180908887,313
hgb|history_available|budget=07,1,1,hgb,history_available,7,0.6186498144526071,313
hgb|history_available|budget=08,1,1,hgb,history_available,8,0.6186498144526071,313
hgb|history_available|budget=09,1,1,hgb,history_available,9,0.6186498144526071,313
hgb|history_available|budget=10,1,1,hgb,history_available,10,0.6186498144526071,313
hgb|history_available|budget=11,1,1,hgb,history_available,11,0.6186498144526071,313
hgb|history_available|budget=12,1,1,hgb,history_available,12,0.6186498144526071,313
hgb|history_available|budget=13,1,1,hgb,history_available,13,0.6186498144526071,313
hgb|history_available|budget=14,1,1,hgb,history_available,14,0.6186498144526071,313
hgb|history_available|budget=15,1,1,hgb,history_available,15,0.6186498144526071,313
hgb|history_available|budget=16,1,1,hgb,history_available,16,0.6087634877284959,313
hgb|history_available|budget=17,1,1,hgb,history_available,17,0.6087466984016418,313
hgb|history_available|budget=18,1,1,hgb,history_available,18,0.6084567971490713,313
hgb|history_available|budget=19,1,1,hgb,history_available,19,0.6084567971490713,313
hgb|history_available|budget=20,1,1,hgb,history_available,20,0.6084567971490713,313
hgb|history_available|budget=21,1,1,hgb,history_available,21,0.6084567971490713,313
hgb|history_available|budget=22,1,1,hgb,history_available,22,0.6084567971490713,313
hgb|history_available|budget=23,1,1,hgb,history_available,23,0.6084567971490713,313
hgb|history_available|budget=24,1,1,hgb,history_available,24,0.6084567971490713,313
hgb|history_available|budget=25,1,1,hgb,history_available,25,0.6084567971490713,313
hgb|history_available|budget=26,1,1,hgb,history_available,26,0.6084567971490713,313
hgb|history_available|budget=27,1,1,hgb,history_available,27,0.6084567971490713,313
hgb|history_available|budget=28,1,1,hgb,history_available,28,0.6084567971490713,313
hgb|history_available|budget=29,1,1,hgb,history_available,29,0.6084567971490713,313
hgb|history_available|budget=30,1,1,hgb,history_available,30,0.6084567971490713,313
hgb|history_unavailable|budget=00,1,1,hgb,history_unavailable,0,0.6853643289188565,313
hgb|history_unavailable|budget=01,1,1,hgb,history_unavailable,1,0.6747129592192307,313
hgb|history_unavailable|budget=02,1,1,hgb,history_unavailable,2,0.667494519389903,313
hgb|history_unavailable|budget=03,1,1,hgb,history_unavailable,3,0.6647945262005693,313
hgb|history_unavailable|budget=04,1,1,hgb,history_unavailable,4,0.6647945262005693,313
hgb|history_unavailable|budget=05,1,1,hgb,history_unavailable,5,0.6585469930330895,313
hgb|history_unavailable|budget=06,1,1,hgb,history_unavailable,6,0.6551895487211574,313
hgb|history_unavailable|budget=07,1,1,hgb,history_unavailable,7,0.6445115676902241,313
hgb|history_unavailable|budget=08,1,1,hgb,history_unavailable,8,0.6365648674903379,313
hgb|history_unavailable|budget=09,1,1,hgb,history_unavailable,9,0.6365648674903379,313
hgb|history_unavailable|budget=10,1,1,hgb,history_unavailable,10,0.6365648674903379,313
hgb|history_unavailable|budget=11,1,1,hgb,history_unavailable,11,0.6365648674903379,313
hgb|history_unavailable|budget=12,1,1,hgb,history_unavailable,12,0.6365648674903379,313
hgb|history_unavailable|budget=13,1,1,hgb,history_unavailable,13,0.6365648674903379,313
hgb|history_unavailable|budget=14,1,1,hgb,history_unavailable,14,0.6365648674903379,313
hgb|history_unavailable|budget=15,1,1,hgb,history_unavailable,15,0.6365648674903379,313
hgb|history_unavailable|budget=16,1,1,hgb,history_unavailable,16,0.6285099246693601,313
hgb|history_unavailable|budget=17,1,1,hgb,history_unavailable,17,0.6298921931182722,313
hgb|history_unavailable|budget=18,1,1,hgb,history_unavailable,18,0.6269552632642237,313
hgb|history_unavailable|budget=19,1,1,hgb,history_unavailable,19,0.6269552632642237,313
hgb|history_unavailable|budget=20,1,1,hgb,history_unavailable,20,0.6269552632642237,313
hgb|history_unavailable|budget=21,1,1,hgb,history_unavailable,21,0.6269552632642237,313
hgb|history_unavailable|budget=22,1,1,hgb,history_unavailable,22,0.6269552632642237,313
hgb|history_unavailable|budget=23,1,1,hgb,history_unavailable,23,0.6269552632642237,313
hgb|history_unavailable|budget=24,1,1,hgb,history_unavailable,24,0.6269552632642237,313
hgb|history_unavailable|budget=25,1,1,hgb,history_unavailable,25,0.6269552632642237,313
hgb|history_unavailable|budget=26,1,1,hgb,history_unavailable,26,0.6269552632642237,313
hgb|history_unavailable|budget=27,1,1,hgb,history_unavailable,27,0.6269552632642237,313
hgb|history_unavailable|budget=28,1,1,hgb,history_unavailable,28,0.6199605080906541,313
hgb|history_unavailable|budget=29,1,1,hgb,history_unavailable,29,0.6240999859382169,313
hgb|history_unavailable|budget=30,1,1,hgb,history_unavailable,30,0.6240999859382169,313
ridge|history_available|budget=00,1,2,ridge,history_available,0,0.6723061579238732,313
ridge|history_available|budget=01,1,2,ridge,history_available,1,0.6741470526008266,313
ridge|history_available|budget=02,1,2,ridge,history_available,2,0.6661723105401139,313
ridge|history_available|budget=03,1,2,ridge,history_available,3,0.6661723105401139,313
ridge|history_available|budget=04,1,2,ridge,history_available,4,0.6595688306050488,313
ridge|history_available|budget=05,1,2,ridge,history_available,5,0.6603294345014815,313
ridge|history_available|budget=06,1,2,ridge,history_available,6,0.655108048969579,313
ridge|history_available|budget=07,1,2,ridge,history_available,7,0.655108048969579,313
ridge|history_available|budget=08,1,2,ridge,history_available,8,0.655108048969579,313
ridge|history_available|budget=09,1,2,ridge,history_available,9,0.655108048969579,313
ridge|history_available|budget=10,1,2,ridge,history_available,10,0.655108048969579,313
ridge|history_available|budget=11,1,2,ridge,history_available,11,0.655108048969579,313
ridge|history_available|budget=12,1,2,ridge,history_available,12,0.655108048969579,313
ridge|history_available|budget=13,1,2,ridge,history_available,13,0.655108048969579,313
ridge|history_available|budget=14,1,2,ridge,history_available,14,0.655108048969579,313
ridge|history_available|budget=15,1,2,ridge,history_available,15,0.6534422678968829,313
ridge|history_available|budget=16,1,2,ridge,history_available,16,0.6541968119773458,313
ridge|history_available|budget=17,1,2,ridge,history_available,17,0.6487108532708266,313
ridge|history_available|budget=18,1,2,ridge,history_available,18,0.6487108532708266,313
ridge|history_available|budget=19,1,2,ridge,history_available,19,0.6487108532708266,313
ridge|history_available|budget=20,1,2,ridge,history_available,20,0.6487108532708266,313
ridge|history_available|budget=21,1,2,ridge,history_available,21,0.6487108532708266,313
ridge|history_available|budget=22,1,2,ridge,history_available,22,0.6487108532708266,313
ridge|history_available|budget=23,1,2,ridge,history_available,23,0.6487108532708266,313
ridge|history_available|budget=24,1,2,ridge,history_available,24,0.6487108532708266,313
ridge|history_available|budget=25,1,2,ridge,history_available,25,0.6487108532708266,313
ridge|history_available|budget=26,1,2,ridge,history_available,26,0.6487108532708266,313
ridge|history_available|budget=27,1,2,ridge,history_available,27,0.6487108532708266,313
ridge|history_available|budget=28,1,2,ridge,history_available,28,0.6487108532708266,313
ridge|history_available|budget=29,1,2,ridge,history_available,29,0.6487108532708266,313
ridge|history_available|budget=30,1,2,ridge,history_available,30,0.6487108532708266,313
ridge|history_unavailable|budget=00,1,2,ridge,history_unavailable,0,0.6853643289188565,313
ridge|history_unavailable|budget=01,1,2,ridge,history_unavailable,1,0.6746221129107819,313
ridge|history_unavailable|budget=02,1,2,ridge,history_unavailable,2,0.6746154981026639,313
ridge|history_unavailable|budget=03,1,2,ridge,history_unavailable,3,0.6746154981026639,313
ridge|history_unavailable|budget=04,1,2,ridge,history_unavailable,4,0.6748766506766344,313
ridge|history_unavailable|budget=05,1,2,ridge,history_unavailable,5,0.6745578159979202,313
ridge|history_unavailable|budget=06,1,2,ridge,history_unavailable,6,0.665362571807046,313
ridge|history_unavailable|budget=07,1,2,ridge,history_unavailable,7,0.665362571807046,313
ridge|history_unavailable|budget=08,1,2,ridge,history_unavailable,8,0.665362571807046,313
ridge|history_unavailable|budget=09,1,2,ridge,history_unavailable,9,0.665362571807046,313
ridge|history_unavailable|budget=10,1,2,ridge,history_unavailable,10,0.665362571807046,313
ridge|history_unavailable|budget=11,1,2,ridge,history_unavailable,11,0.665362571807046,313
ridge|history_unavailable|budget=12,1,2,ridge,history_unavailable,12,0.665362571807046,313
ridge|history_unavailable|budget=13,1,2,ridge,history_unavailable,13,0.665362571807046,313
ridge|history_unavailable|budget=14,1,2,ridge,history_unavailable,14,0.665362571807046,313
ridge|history_unavailable|budget=15,1,2,ridge,history_unavailable,15,0.665362571807046,313
ridge|history_unavailable|budget=16,1,2,ridge,history_unavailable,16,0.6645377083000987,313
ridge|history_unavailable|budget=17,1,2,ridge,history_unavailable,17,0.6562147250196501,313
ridge|history_unavailable|budget=18,1,2,ridge,history_unavailable,18,0.6562147250196501,313
ridge|history_unavailable|budget=19,1,2,ridge,history_unavailable,19,0.6562147250196501,313
ridge|history_unavailable|budget=20,1,2,ridge,history_unavailable,20,0.6562147250196501,313
ridge|history_unavailable|budget=21,1,2,ridge,history_unavailable,21,0.6562147250196501,313
ridge|history_unavailable|budget=22,1,2,ridge,history_unavailable,22,0.6562147250196501,313
ridge|history_unavailable|budget=23,1,2,ridge,history_unavailable,23,0.6562147250196501,313
ridge|history_unavailable|budget=24,1,2,ridge,history_unavailable,24,0.6562147250196501,313
ridge|history_unavailable|budget=25,1,2,ridge,history_unavailable,25,0.6562147250196501,313
ridge|history_unavailable|budget=26,1,2,ridge,history_unavailable,26,0.6562147250196501,313
ridge|history_unavailable|budget=27,1,2,ridge,history_unavailable,27,0.6562147250196501,313
ridge|history_unavailable|budget=28,1,2,ridge,history_unavailable,28,0.6562147250196501,313
ridge|history_unavailable|budget=29,1,2,ridge,history_unavailable,29,0.6562147250196501,313
ridge|history_unavailable|budget=30,1,2,ridge,history_unavailable,30,0.6562147250196501,313
hgb|history_available|budget=00,1,2,hgb,history_available,0,0.6722672106040405,313
hgb|history_available|budget=01,1,2,hgb,history_available,1,0.6664533512059969,313
hgb|history_available|budget=02,1,2,hgb,history_available,2,0.6681064916452155,313
hgb|history_available|budget=03,1,2,hgb,history_available,3,0.6616783013919346,313
hgb|history_available|budget=04,1,2,hgb,history_available,4,0.6559371193722356,313
hgb|history_available|budget=05,1,2,hgb,history_available,5,0.6522022342112298,313
hgb|history_available|budget=06,1,2,hgb,history_available,6,0.6450893744926929,313
hgb|history_available|budget=07,1,2,hgb,history_available,7,0.6426690041717136,313
hgb|history_available|budget=08,1,2,hgb,history_available,8,0.6426690041717136,313
hgb|history_available|budget=09,1,2,hgb,history_available,9,0.6426690041717136,313
hgb|history_available|budget=10,1,2,hgb,history_available,10,0.6426690041717136,313
hgb|history_available|budget=11,1,2,hgb,history_available,11,0.6426690041717136,313
hgb|history_available|budget=12,1,2,hgb,history_available,12,0.6426690041717136,313
hgb|history_available|budget=13,1,2,hgb,history_available,13,0.6426690041717136,313
hgb|history_available|budget=14,1,2,hgb,history_available,14,0.6426690041717136,313
hgb|history_available|budget=15,1,2,hgb,history_available,15,0.6426690041717136,313
hgb|history_available|budget=16,1,2,hgb,history_available,16,0.6426690041717136,313
hgb|history_available|budget=17,1,2,hgb,history_available,17,0.6329701479963213,313
hgb|history_available|budget=18,1,2,hgb,history_available,18,0.6286855925268677,313
hgb|history_available|budget=19,1,2,hgb,history_available,19,0.6286855925268677,313
hgb|history_available|budget=20,1,2,hgb,history_available,20,0.6286855925268677,313
hgb|history_available|budget=21,1,2,hgb,history_available,21,0.6286855925268677,313
hgb|history_available|budget=22,1,2,hgb,history_available,22,0.6286855925268677,313
hgb|history_available|budget=23,1,2,hgb,history_available,23,0.6286855925268677,313
hgb|history_available|budget=24,1,2,hgb,history_available,24,0.6286855925268677,313
hgb|history_available|budget=25,1,2,hgb,history_available,25,0.6286855925268677,313
hgb|history_available|budget=26,1,2,hgb,history_available,26,0.6286855925268677,313
hgb|history_available|budget=27,1,2,hgb,history_available,27,0.6483411526710482,313
hgb|history_available|budget=28,1,2,hgb,history_available,28,0.6436995887397258,313
hgb|history_available|budget=29,1,2,hgb,history_available,29,0.6253998428765173,313
hgb|history_available|budget=30,1,2,hgb,history_available,30,0.6253998428765173,313
hgb|history_unavailable|budget=00,1,2,hgb,history_unavailable,0,0.6853643289188565,313
hgb|history_unavailable|budget=01,1,2,hgb,history_unavailable,1,0.6794008702382203,313
hgb|history_unavailable|budget=02,1,2,hgb,history_unavailable,2,0.6778849052294053,313
hgb|history_unavailable|budget=03,1,2,hgb,history_unavailable,3,0.6727792838243363,313
hgb|history_unavailable|budget=04,1,2,hgb,history_unavailable,4,0.6737492624504825,313
hgb|history_unavailable|budget=05,1,2,hgb,history_unavailable,5,0.6692462767480614,313
hgb|history_unavailable|budget=06,1,2,hgb,history_unavailable,6,0.6606608594307085,313
hgb|history_unavailable|budget=07,1,2,hgb,history_unavailable,7,0.6622399526042185,313
hgb|history_unavailable|budget=08,1,2,hgb,history_unavailable,8,0.6553022038480486,313
hgb|history_unavailable|budget=09,1,2,hgb,history_unavailable,9,0.6553022038480486,313
hgb|history_unavailable|budget=10,1,2,hgb,history_unavailable,10,0.6553022038480486,313
hgb|history_unavailable|budget=11,1,2,hgb,history_unavailable,11,0.6553022038480486,313
hgb|history_unavailable|budget=12,1,2,hgb,history_unavailable,12,0.6553022038480486,313
hgb|history_unavailable|budget=13,1,2,hgb,history_unavailable,13,0.6553022038480486,313
hgb|history_unavailable|budget=14,1,2,hgb,history_unavailable,14,0.6553022038480486,313
hgb|history_unavailable|budget=15,1,2,hgb,history_unavailable,15,0.6553022038480486,313
hgb|history_unavailable|budget=16,1,2,hgb,history_unavailable,16,0.6508405719839153,313
hgb|history_unavailable|budget=17,1,2,hgb,history_unavailable,17,0.6462189149025905,313
hgb|history_unavailable|budget=18,1,2,hgb,history_unavailable,18,0.6433391319024476,313
hgb|history_unavailable|budget=19,1,2,hgb,history_unavailable,19,0.6433391319024476,313
hgb|history_unavailable|budget=20,1,2,hgb,history_unavailable,20,0.6433391319024476,313
hgb|history_unavailable|budget=21,1,2,hgb,history_unavailable,21,0.6433391319024476,313
hgb|history_unavailable|budget=22,1,2,hgb,history_unavailable,22,0.6433391319024476,313
hgb|history_unavailable|budget=23,1,2,hgb,history_unavailable,23,0.6433391319024476,313
hgb|history_unavailable|budget=24,1,2,hgb,history_unavailable,24,0.6433391319024476,313
hgb|history_unavailable|budget=25,1,2,hgb,history_unavailable,25,0.6433391319024476,313
hgb|history_unavailable|budget=26,1,2,hgb,history_unavailable,26,0.6433391319024476,313
hgb|history_unavailable|budget=27,1,2,hgb,history_unavailable,27,0.6433391319024476,313
hgb|history_unavailable|budget=28,1,2,hgb,history_unavailable,28,0.6290175639539121,313
hgb|history_unavailable|budget=29,1,2,hgb,history_unavailable,29,0.6277669081267988,313
hgb|history_unavailable|budget=30,1,2,hgb,history_unavailable,30,0.6277669081267988,313
ridge|history_available|budget=00,1,3,ridge,history_available,0,0.6516878186893658,313
ridge|history_available|budget=01,1,3,ridge,history_available,1,0.644635769073033,313
ridge|history_available|budget=02,1,3,ridge,history_available,2,0.6394329206017,313
ridge|history_available|budget=03,1,3,ridge,history_available,3,0.6394329206017,313
ridge|history_available|budget=04,1,3,ridge,history_available,4,0.627616339428149,313
ridge|history_available|budget=05,1,3,ridge,history_available,5,0.624338474928106,313
ridge|history_available|budget=06,1,3,ridge,history_available,6,0.6185977722198073,313
ridge|history_available|budget=07,1,3,ridge,history_available,7,0.6238588866838667,313
ridge|history_available|budget=08,1,3,ridge,history_available,8,0.6238588866838667,313
ridge|history_available|budget=09,1,3,ridge,history_available,9,0.6238588866838667,313
ridge|history_available|budget=10,1,3,ridge,history_available,10,0.6238588866838667,313
ridge|history_available|budget=11,1,3,ridge,history_available,11,0.6238588866838667,313
ridge|history_available|budget=12,1,3,ridge,history_available,12,0.6238588866838667,313
ridge|history_available|budget=13,1,3,ridge,history_available,13,0.6238588866838667,313
ridge|history_available|budget=14,1,3,ridge,history_available,14,0.6238588866838667,313
ridge|history_available|budget=15,1,3,ridge,history_available,15,0.6348059251793425,313
ridge|history_available|budget=16,1,3,ridge,history_available,16,0.632157400585951,313
ridge|history_available|budget=17,1,3,ridge,history_available,17,0.6267656116775908,313
ridge|history_available|budget=18,1,3,ridge,history_available,18,0.6267656116775908,313
ridge|history_available|budget=19,1,3,ridge,history_available,19,0.6267656116775908,313
ridge|history_available|budget=20,1,3,ridge,history_available,20,0.6267656116775908,313
ridge|history_available|budget=21,1,3,ridge,history_available,21,0.6267656116775908,313
ridge|history_available|budget=22,1,3,ridge,history_available,22,0.6267656116775908,313
ridge|history_available|budget=23,1,3,ridge,history_available,23,0.6267656116775908,313
ridge|history_available|budget=24,1,3,ridge,history_available,24,0.6267656116775908,313
ridge|history_available|budget=25,1,3,ridge,history_available,25,0.6267656116775908,313
ridge|history_available|budget=26,1,3,ridge,history_available,26,0.6267656116775908,313
ridge|history_available|budget=27,1,3,ridge,history_available,27,0.6267656116775908,313
ridge|history_available|budget=28,1,3,ridge,history_available,28,0.6242068338385799,313
ridge|history_available|budget=29,1,3,ridge,history_available,29,0.6242068338385799,313
ridge|history_available|budget=30,1,3,ridge,history_available,30,0.6242068338385799,313
ridge|history_unavailable|budget=00,1,3,ridge,history_unavailable,0,0.6853643289188565,313
ridge|history_unavailable|budget=01,1,3,ridge,history_unavailable,1,0.6731702028846377,313
ridge|history_unavailable|budget=02,1,3,ridge,history_unavailable,2,0.6649338362336494,313
ridge|history_unavailable|budget=03,1,3,ridge,history_unavailable,3,0.6658602382317332,313
ridge|history_unavailable|budget=04,1,3,ridge,history_unavailable,4,0.6649650177289893,313
ridge|history_unavailable|budget=05,1,3,ridge,history_unavailable,5,0.6583511747265114,313
ridge|history_unavailable|budget=06,1,3,ridge,history_unavailable,6,0.6492180602554787,313
ridge|history_unavailable|budget=07,1,3,ridge,history_unavailable,7,0.6513390398473217,313
ridge|history_unavailable|budget=08,1,3,ridge,history_unavailable,8,0.6513390398473217,313
ridge|history_unavailable|budget=09,1,3,ridge,history_unavailable,9,0.6513390398473217,313
ridge|history_unavailable|budget=10,1,3,ridge,history_unavailable,10,0.6513390398473217,313
ridge|history_unavailable|budget=11,1,3,ridge,history_unavailable,11,0.6513390398473217,313
ridge|history_unavailable|budget=12,1,3,ridge,history_unavailable,12,0.6513390398473217,313
ridge|history_unavailable|budget=13,1,3,ridge,history_unavailable,13,0.6513390398473217,313
ridge|history_unavailable|budget=14,1,3,ridge,history_unavailable,14,0.6513390398473217,313
ridge|history_unavailable|budget=15,1,3,ridge,history_unavailable,15,0.6702966349380536,313
ridge|history_unavailable|budget=16,1,3,ridge,history_unavailable,16,0.6648284681962285,313
ridge|history_unavailable|budget=17,1,3,ridge,history_unavailable,17,0.6562798493366243,313
ridge|history_unavailable|budget=18,1,3,ridge,history_unavailable,18,0.6562798493366243,313
ridge|history_unavailable|budget=19,1,3,ridge,history_unavailable,19,0.6562798493366243,313
ridge|history_unavailable|budget=20,1,3,ridge,history_unavailable,20,0.6562798493366243,313
ridge|history_unavailable|budget=21,1,3,ridge,history_unavailable,21,0.6562798493366243,313
ridge|history_unavailable|budget=22,1,3,ridge,history_unavailable,22,0.6562798493366243,313
ridge|history_unavailable|budget=23,1,3,ridge,history_unavailable,23,0.6562798493366243,313
ridge|history_unavailable|budget=24,1,3,ridge,history_unavailable,24,0.6562798493366243,313
ridge|history_unavailable|budget=25,1,3,ridge,history_unavailable,25,0.6562798493366243,313
ridge|history_unavailable|budget=26,1,3,ridge,history_unavailable,26,0.6562798493366243,313
ridge|history_unavailable|budget=27,1,3,ridge,history_unavailable,27,0.6562798493366243,313
ridge|history_unavailable|budget=28,1,3,ridge,history_unavailable,28,0.6530087647286252,313
ridge|history_unavailable|budget=29,1,3,ridge,history_unavailable,29,0.6530087647286252,313
ridge|history_unavailable|budget=30,1,3,ridge,history_unavailable,30,0.6530087647286252,313
hgb|history_available|budget=00,1,3,hgb,history_available,0,0.6513119081172889,313
hgb|history_available|budget=01,1,3,hgb,history_available,1,0.6427741750815851,313
hgb|history_available|budget=02,1,3,hgb,history_available,2,0.6452994906815059,313
hgb|history_available|budget=03,1,3,hgb,history_available,3,0.6393862406121322,313
hgb|history_available|budget=04,1,3,hgb,history_available,4,0.6283739714248117,313
hgb|history_available|budget=05,1,3,hgb,history_available,5,0.625646276896588,313
hgb|history_available|budget=06,1,3,hgb,history_available,6,0.6279384012778383,313
hgb|history_available|budget=07,1,3,hgb,history_available,7,0.6267850321398094,313
hgb|history_available|budget=08,1,3,hgb,history_available,8,0.6267850321398094,313
hgb|history_available|budget=09,1,3,hgb,history_available,9,0.6267850321398094,313
hgb|history_available|budget=10,1,3,hgb,history_available,10,0.6267850321398094,313
hgb|history_available|budget=11,1,3,hgb,history_available,11,0.6267850321398094,313
hgb|history_available|budget=12,1,3,hgb,history_available,12,0.6267850321398094,313
hgb|history_available|budget=13,1,3,hgb,history_available,13,0.6267850321398094,313
hgb|history_available|budget=14,1,3,hgb,history_available,14,0.6267850321398094,313
hgb|history_available|budget=15,1,3,hgb,history_available,15,0.6195456255558975,313
hgb|history_available|budget=16,1,3,hgb,history_available,16,0.6121127984090324,313
hgb|history_available|budget=17,1,3,hgb,history_available,17,0.6121127984090324,313
hgb|history_available|budget=18,1,3,hgb,history_available,18,0.6121127984090324,313
hgb|history_available|budget=19,1,3,hgb,history_available,19,0.6121127984090324,313
hgb|history_available|budget=20,1,3,hgb,history_available,20,0.6121127984090324,313
hgb|history_available|budget=21,1,3,hgb,history_available,21,0.6121127984090324,313
hgb|history_available|budget=22,1,3,hgb,history_available,22,0.6121127984090324,313
hgb|history_available|budget=23,1,3,hgb,history_available,23,0.6121127984090324,313
hgb|history_available|budget=24,1,3,hgb,history_available,24,0.6121127984090324,313
hgb|history_available|budget=25,1,3,hgb,history_available,25,0.6121127984090324,313
hgb|history_available|budget=26,1,3,hgb,history_available,26,0.6121127984090324,313
hgb|history_available|budget=27,1,3,hgb,history_available,27,0.6121127984090324,313
hgb|history_available|budget=28,1,3,hgb,history_available,28,0.6121127984090324,313
hgb|history_available|budget=29,1,3,hgb,history_available,29,0.6121127984090324,313
hgb|history_available|budget=30,1,3,hgb,history_available,30,0.6121127984090324,313
hgb|history_unavailable|budget=00,1,3,hgb,history_unavailable,0,0.6853643289188565,313
hgb|history_unavailable|budget=01,1,3,hgb,history_unavailable,1,0.6714726508249856,313
hgb|history_unavailable|budget=02,1,3,hgb,history_unavailable,2,0.664185575018857,313
hgb|history_unavailable|budget=03,1,3,hgb,history_unavailable,3,0.6600566938339376,313
hgb|history_unavailable|budget=04,1,3,hgb,history_unavailable,4,0.6668080236197191,313
hgb|history_unavailable|budget=05,1,3,hgb,history_unavailable,5,0.6580730210050141,313
hgb|history_unavailable|budget=06,1,3,hgb,history_unavailable,6,0.6562152023702511,313
hgb|history_unavailable|budget=07,1,3,hgb,history_unavailable,7,0.6478179754610303,313
hgb|history_unavailable|budget=08,1,3,hgb,history_unavailable,8,0.6493048919586543,313
hgb|history_unavailable|budget=09,1,3,hgb,history_unavailable,9,0.6493048919586543,313
hgb|history_unavailable|budget=10,1,3,hgb,history_unavailable,10,0.6493048919586543,313
hgb|history_unavailable|budget=11,1,3,hgb,history_unavailable,11,0.6493048919586543,313
hgb|history_unavailable|budget=12,1,3,hgb,history_unavailable,12,0.6493048919586543,313
hgb|history_unavailable|budget=13,1,3,hgb,history_unavailable,13,0.6493048919586543,313
hgb|history_unavailable|budget=14,1,3,hgb,history_unavailable,14,0.6493048919586543,313
hgb|history_unavailable|budget=15,1,3,hgb,history_unavailable,15,0.65616661135639,313
hgb|history_unavailable|budget=16,1,3,hgb,history_unavailable,16,0.65616661135639,313
hgb|history_unavailable|budget=17,1,3,hgb,history_unavailable,17,0.6423574513601172,313
hgb|history_unavailable|budget=18,1,3,hgb,history_unavailable,18,0.6408502363268377,313
hgb|history_unavailable|budget=19,1,3,hgb,history_unavailable,19,0.6408502363268377,313
hgb|history_unavailable|budget=20,1,3,hgb,history_unavailable,20,0.6408502363268377,313
hgb|history_unavailable|budget=21,1,3,hgb,history_unavailable,21,0.6408502363268377,313
hgb|history_unavailable|budget=22,1,3,hgb,history_unavailable,22,0.6408502363268377,313
hgb|history_unavailable|budget=23,1,3,hgb,history_unavailable,23,0.6408502363268377,313
hgb|history_unavailable|budget=24,1,3,hgb,history_unavailable,24,0.6408502363268377,313
hgb|history_unavailable|budget=25,1,3,hgb,history_unavailable,25,0.6408502363268377,313
hgb|history_unavailable|budget=26,1,3,hgb,history_unavailable,26,0.6408502363268377,313
hgb|history_unavailable|budget=27,1,3,hgb,history_unavailable,27,0.6408502363268377,313
hgb|history_unavailable|budget=28,1,3,hgb,history_unavailable,28,0.6408502363268377,313
hgb|history_unavailable|budget=29,1,3,hgb,history_unavailable,29,0.6408502363268377,313
hgb|history_unavailable|budget=30,1,3,hgb,history_unavailable,30,0.6408502363268377,313
ridge|history_available|budget=00,1,4,ridge,history_available,0,0.6654965761892071,313
ridge|history_available|budget=01,1,4,ridge,history_available,1,0.6635415380053845,313
ridge|history_available|budget=02,1,4,ridge,history_available,2,0.6592573138223998,313
ridge|history_available|budget=03,1,4,ridge,history_available,3,0.6592573138223998,313
ridge|history_available|budget=04,1,4,ridge,history_available,4,0.6245013155918249,313
ridge|history_available|budget=05,1,4,ridge,history_available,5,0.6255740179133192,313
ridge|history_available|budget=06,1,4,ridge,history_available,6,0.6230059150537207,313
ridge|history_available|budget=07,1,4,ridge,history_available,7,0.6230059150537207,313
ridge|history_available|budget=08,1,4,ridge,history_available,8,0.6230059150537207,313
ridge|history_available|budget=09,1,4,ridge,history_available,9,0.6230059150537207,313
ridge|history_available|budget=10,1,4,ridge,history_available,10,0.6230059150537207,313
ridge|history_available|budget=11,1,4,ridge,history_available,11,0.6230059150537207,313
ridge|history_available|budget=12,1,4,ridge,history_available,12,0.6230059150537207,313
ridge|history_available|budget=13,1,4,ridge,history_available,13,0.6230059150537207,313
ridge|history_available|budget=14,1,4,ridge,history_available,14,0.6230059150537207,313
ridge|history_available|budget=15,1,4,ridge,history_available,15,0.615090630550934,313
ridge|history_available|budget=16,1,4,ridge,history_available,16,0.6163218218526745,313
ridge|history_available|budget=17,1,4,ridge,history_available,17,0.613530568174462,313
ridge|history_available|budget=18,1,4,ridge,history_available,18,0.613530568174462,313
ridge|history_available|budget=19,1,4,ridge,history_available,19,0.613530568174462,313
ridge|history_available|budget=20,1,4,ridge,history_available,20,0.613530568174462,313
ridge|history_available|budget=21,1,4,ridge,history_available,21,0.613530568174462,313
ridge|history_available|budget=22,1,4,ridge,history_available,22,0.613530568174462,313
ridge|history_available|budget=23,1,4,ridge,history_available,23,0.613530568174462,313
ridge|history_available|budget=24,1,4,ridge,history_available,24,0.613530568174462,313
ridge|history_available|budget=25,1,4,ridge,history_available,25,0.613530568174462,313
ridge|history_available|budget=26,1,4,ridge,history_available,26,0.613530568174462,313
ridge|history_available|budget=27,1,4,ridge,history_available,27,0.613530568174462,313
ridge|history_available|budget=28,1,4,ridge,history_available,28,0.6123861887708174,313
ridge|history_available|budget=29,1,4,ridge,history_available,29,0.6123861887708174,313
ridge|history_available|budget=30,1,4,ridge,history_available,30,0.6123861887708174,313
ridge|history_unavailable|budget=00,1,4,ridge,history_unavailable,0,0.6853643289188565,313
ridge|history_unavailable|budget=01,1,4,ridge,history_unavailable,1,0.6803423748468989,313
ridge|history_unavailable|budget=02,1,4,ridge,history_unavailable,2,0.6731719800979199,313
ridge|history_unavailable|budget=03,1,4,ridge,history_unavailable,3,0.6731719800979199,313
ridge|history_unavailable|budget=04,1,4,ridge,history_unavailable,4,0.6473018643013679,313
ridge|history_unavailable|budget=05,1,4,ridge,history_unavailable,5,0.6462393079433322,313
ridge|history_unavailable|budget=06,1,4,ridge,history_unavailable,6,0.6409784782938424,313
ridge|history_unavailable|budget=07,1,4,ridge,history_unavailable,7,0.6409784782938424,313
ridge|history_unavailable|budget=08,1,4,ridge,history_unavailable,8,0.6409784782938424,313
ridge|history_unavailable|budget=09,1,4,ridge,history_unavailable,9,0.6409784782938424,313
ridge|history_unavailable|budget=10,1,4,ridge,history_unavailable,10,0.6409784782938424,313
ridge|history_unavailable|budget=11,1,4,ridge,history_unavailable,11,0.6409784782938424,313
ridge|history_unavailable|budget=12,1,4,ridge,history_unavailable,12,0.6409784782938424,313
ridge|history_unavailable|budget=13,1,4,ridge,history_unavailable,13,0.6409784782938424,313
ridge|history_unavailable|budget=14,1,4,ridge,history_unavailable,14,0.6409784782938424,313
ridge|history_unavailable|budget=15,1,4,ridge,history_unavailable,15,0.6409784782938424,313
ridge|history_unavailable|budget=16,1,4,ridge,history_unavailable,16,0.6338510743578799,313
ridge|history_unavailable|budget=17,1,4,ridge,history_unavailable,17,0.6284730693520668,313
ridge|history_unavailable|budget=18,1,4,ridge,history_unavailable,18,0.6284730693520668,313
ridge|history_unavailable|budget=19,1,4,ridge,history_unavailable,19,0.6284730693520668,313
ridge|history_unavailable|budget=20,1,4,ridge,history_unavailable,20,0.6284730693520668,313
ridge|history_unavailable|budget=21,1,4,ridge,history_unavailable,21,0.6284730693520668,313
ridge|history_unavailable|budget=22,1,4,ridge,history_unavailable,22,0.6284730693520668,313
ridge|history_unavailable|budget=23,1,4,ridge,history_unavailable,23,0.6284730693520668,313
ridge|history_unavailable|budget=24,1,4,ridge,history_unavailable,24,0.6284730693520668,313
ridge|history_unavailable|budget=25,1,4,ridge,history_unavailable,25,0.6284730693520668,313
ridge|history_unavailable|budget=26,1,4,ridge,history_unavailable,26,0.6284730693520668,313
ridge|history_unavailable|budget=27,1,4,ridge,history_unavailable,27,0.6284730693520668,313
ridge|history_unavailable|budget=28,1,4,ridge,history_unavailable,28,0.6272737101849359,313
ridge|history_unavailable|budget=29,1,4,ridge,history_unavailable,29,0.6272737101849359,313
ridge|history_unavailable|budget=30,1,4,ridge,history_unavailable,30,0.6272737101849359,313
hgb|history_available|budget=00,1,4,hgb,history_available,0,0.6656036493424928,313
hgb|history_available|budget=01,1,4,hgb,history_available,1,0.6565406092675234,313
hgb|history_available|budget=02,1,4,hgb,history_available,2,0.654027874635691,313
hgb|history_available|budget=03,1,4,hgb,history_available,3,0.654027874635691,313
hgb|history_available|budget=04,1,4,hgb,history_available,4,0.654027874635691,313
hgb|history_available|budget=05,1,4,hgb,history_available,5,0.6221867512504259,313
hgb|history_available|budget=06,1,4,hgb,history_available,6,0.6226127835608212,313
hgb|history_available|budget=07,1,4,hgb,history_available,7,0.6223181374008717,313
hgb|history_available|budget=08,1,4,hgb,history_available,8,0.6223181374008717,313
hgb|history_available|budget=09,1,4,hgb,history_available,9,0.6223181374008717,313
hgb|history_available|budget=10,1,4,hgb,history_available,10,0.6223181374008717,313
hgb|history_available|budget=11,1,4,hgb,history_available,11,0.6223181374008717,313
hgb|history_available|budget=12,1,4,hgb,history_available,12,0.6223181374008717,313
hgb|history_available|budget=13,1,4,hgb,history_available,13,0.6223181374008717,313
hgb|history_available|budget=14,1,4,hgb,history_available,14,0.6524873854828853,313
hgb|history_available|budget=15,1,4,hgb,history_available,15,0.6050208158811898,313
hgb|history_available|budget=16,1,4,hgb,history_available,16,0.6074975824624669,313
hgb|history_available|budget=17,1,4,hgb,history_available,17,0.6074975824624669,313
hgb|history_available|budget=18,1,4,hgb,history_available,18,0.6057510340106244,313
hgb|history_available|budget=19,1,4,hgb,history_available,19,0.6057510340106244,313
hgb|history_available|budget=20,1,4,hgb,history_available,20,0.6057510340106244,313
hgb|history_available|budget=21,1,4,hgb,history_available,21,0.6057510340106244,313
hgb|history_available|budget=22,1,4,hgb,history_available,22,0.6057510340106244,313
hgb|history_available|budget=23,1,4,hgb,history_available,23,0.6057510340106244,313
hgb|history_available|budget=24,1,4,hgb,history_available,24,0.6057510340106244,313
hgb|history_available|budget=25,1,4,hgb,history_available,25,0.6057510340106244,313
hgb|history_available|budget=26,1,4,hgb,history_available,26,0.6057510340106244,313
hgb|history_available|budget=27,1,4,hgb,history_available,27,0.6058996609165754,313
hgb|history_available|budget=28,1,4,hgb,history_available,28,0.6085002541053468,313
hgb|history_available|budget=29,1,4,hgb,history_available,29,0.6069564383387819,313
hgb|history_available|budget=30,1,4,hgb,history_available,30,0.6069564383387819,313
hgb|history_unavailable|budget=00,1,4,hgb,history_unavailable,0,0.6853643289188565,313
hgb|history_unavailable|budget=01,1,4,hgb,history_unavailable,1,0.6749917392756115,313
hgb|history_unavailable|budget=02,1,4,hgb,history_unavailable,2,0.6681566598040679,313
hgb|history_unavailable|budget=03,1,4,hgb,history_unavailable,3,0.6655727875853454,313
hgb|history_unavailable|budget=04,1,4,hgb,history_unavailable,4,0.6655727875853454,313
hgb|history_unavailable|budget=05,1,4,hgb,history_unavailable,5,0.6449854031584314,313
hgb|history_unavailable|budget=06,1,4,hgb,history_unavailable,6,0.6353932675540281,313
hgb|history_unavailable|budget=07,1,4,hgb,history_unavailable,7,0.6360969748771707,313
hgb|history_unavailable|budget=08,1,4,hgb,history_unavailable,8,0.6306283398392664,313
hgb|history_unavailable|budget=09,1,4,hgb,history_unavailable,9,0.6306283398392664,313
hgb|history_unavailable|budget=10,1,4,hgb,history_unavailable,10,0.6306283398392664,313
hgb|history_unavailable|budget=11,1,4,hgb,history_unavailable,11,0.6306283398392664,313
hgb|history_unavailable|budget=12,1,4,hgb,history_unavailable,12,0.6306283398392664,313
hgb|history_unavailable|budget=13,1,4,hgb,history_unavailable,13,0.6306283398392664,313
hgb|history_unavailable|budget=14,1,4,hgb,history_unavailable,14,0.6306283398392664,313
hgb|history_unavailable|budget=15,1,4,hgb,history_unavailable,15,0.6306283398392664,313
hgb|history_unavailable|budget=16,1,4,hgb,history_unavailable,16,0.6280156297818503,313
hgb|history_unavailable|budget=17,1,4,hgb,history_unavailable,17,0.6261065901514214,313
hgb|history_unavailable|budget=18,1,4,hgb,history_unavailable,18,0.6336365249602628,313
hgb|history_unavailable|budget=19,1,4,hgb,history_unavailable,19,0.6272133614763885,313
hgb|history_unavailable|budget=20,1,4,hgb,history_unavailable,20,0.6272133614763885,313
hgb|history_unavailable|budget=21,1,4,hgb,history_unavailable,21,0.6272133614763885,313
hgb|history_unavailable|budget=22,1,4,hgb,history_unavailable,22,0.6272133614763885,313
hgb|history_unavailable|budget=23,1,4,hgb,history_unavailable,23,0.6272133614763885,313
hgb|history_unavailable|budget=24,1,4,hgb,history_unavailable,24,0.6272133614763885,313
hgb|history_unavailable|budget=25,1,4,hgb,history_unavailable,25,0.6272133614763885,313
hgb|history_unavailable|budget=26,1,4,hgb,history_unavailable,26,0.6272133614763885,313
hgb|history_unavailable|budget=27,1,4,hgb,history_unavailable,27,0.6148164533659797,313
hgb|history_unavailable|budget=28,1,4,hgb,history_unavailable,28,0.6105206437901749,313
hgb|history_unavailable|budget=29,1,4,hgb,history_unavailable,29,0.6180989663867134,313
hgb|history_unavailable|budget=30,1,4,hgb,history_unavailable,30,0.6125077917925507,313
ridge|history_available|budget=00,1,5,ridge,history_available,0,0.6832496213615554,313
ridge|history_available|budget=01,1,5,ridge,history_available,1,0.6794312535099248,313
ridge|history_available|budget=02,1,5,ridge,history_available,2,0.6757572448846305,313
ridge|history_available|budget=03,1,5,ridge,history_available,3,0.6803139234605948,313
ridge|history_available|budget=04,1,5,ridge,history_available,4,0.657844424842249,313
ridge|history_available|budget=05,1,5,ridge,history_available,5,0.6560255998408375,313
ridge|history_available|budget=06,1,5,ridge,history_available,6,0.6560255998408375,313
ridge|history_available|budget=07,1,5,ridge,history_available,7,0.6560255998408375,313
ridge|history_available|budget=08,1,5,ridge,history_available,8,0.6560255998408375,313
ridge|history_available|budget=09,1,5,ridge,history_available,9,0.6560255998408375,313
ridge|history_available|budget=10,1,5,ridge,history_available,10,0.6560255998408375,313
ridge|history_available|budget=11,1,5,ridge,history_available,11,0.6560255998408375,313
ridge|history_available|budget=12,1,5,ridge,history_available,12,0.6560255998408375,313
ridge|history_available|budget=13,1,5,ridge,history_available,13,0.6560255998408375,313
ridge|history_available|budget=14,1,5,ridge,history_available,14,0.6560255998408375,313
ridge|history_available|budget=15,1,5,ridge,history_available,15,0.6498079117779126,313
ridge|history_available|budget=16,1,5,ridge,history_available,16,0.6485020787484491,313
ridge|history_available|budget=17,1,5,ridge,history_available,17,0.6485020787484491,313
ridge|history_available|budget=18,1,5,ridge,history_available,18,0.6485020787484491,313
ridge|history_available|budget=19,1,5,ridge,history_available,19,0.6485020787484491,313
ridge|history_available|budget=20,1,5,ridge,history_available,20,0.6485020787484491,313
ridge|history_available|budget=21,1,5,ridge,history_available,21,0.6485020787484491,313
ridge|history_available|budget=22,1,5,ridge,history_available,22,0.6485020787484491,313
ridge|history_available|budget=23,1,5,ridge,history_available,23,0.6485020787484491,313
ridge|history_available|budget=24,1,5,ridge,history_available,24,0.6485020787484491,313
ridge|history_available|budget=25,1,5,ridge,history_available,25,0.6485020787484491,313
ridge|history_available|budget=26,1,5,ridge,history_available,26,0.6485020787484491,313
ridge|history_available|budget=27,1,5,ridge,history_available,27,0.6547356182613708,313
ridge|history_available|budget=28,1,5,ridge,history_available,28,0.6556035323678902,313
ridge|history_available|budget=29,1,5,ridge,history_available,29,0.6556035323678902,313
ridge|history_available|budget=30,1,5,ridge,history_available,30,0.6556035323678902,313
ridge|history_unavailable|budget=00,1,5,ridge,history_unavailable,0,0.6853643289188566,313
ridge|history_unavailable|budget=01,1,5,ridge,history_unavailable,1,0.6818068021425789,313
ridge|history_unavailable|budget=02,1,5,ridge,history_unavailable,2,0.6782149940553465,313
ridge|history_unavailable|budget=03,1,5,ridge,history_unavailable,3,0.6828901391680501,313
ridge|history_unavailable|budget=04,1,5,ridge,history_unavailable,4,0.6546144852347041,313
ridge|history_unavailable|budget=05,1,5,ridge,history_unavailable,5,0.6547752588207962,313
ridge|history_unavailable|budget=06,1,5,ridge,history_unavailable,6,0.6545886295018533,313
ridge|history_unavailable|budget=07,1,5,ridge,history_unavailable,7,0.6601638736246707,313
ridge|history_unavailable|budget=08,1,5,ridge,history_unavailable,8,0.6601638736246707,313
ridge|history_unavailable|budget=09,1,5,ridge,history_unavailable,9,0.6601638736246707,313
ridge|history_unavailable|budget=10,1,5,ridge,history_unavailable,10,0.6601638736246707,313
ridge|history_unavailable|budget=11,1,5,ridge,history_unavailable,11,0.6601638736246707,313
ridge|history_unavailable|budget=12,1,5,ridge,history_unavailable,12,0.6601638736246707,313
ridge|history_unavailable|budget=13,1,5,ridge,history_unavailable,13,0.6601638736246707,313
ridge|history_unavailable|budget=14,1,5,ridge,history_unavailable,14,0.6601638736246707,313
ridge|history_unavailable|budget=15,1,5,ridge,history_unavailable,15,0.6601638736246707,313
ridge|history_unavailable|budget=16,1,5,ridge,history_unavailable,16,0.6483804854187939,313
ridge|history_unavailable|budget=17,1,5,ridge,history_unavailable,17,0.6483158491827059,313
ridge|history_unavailable|budget=18,1,5,ridge,history_unavailable,18,0.6536247507976968,313
ridge|history_unavailable|budget=19,1,5,ridge,history_unavailable,19,0.6536247507976968,313
ridge|history_unavailable|budget=20,1,5,ridge,history_unavailable,20,0.6536247507976968,313
ridge|history_unavailable|budget=21,1,5,ridge,history_unavailable,21,0.6536247507976968,313
ridge|history_unavailable|budget=22,1,5,ridge,history_unavailable,22,0.6536247507976968,313
ridge|history_unavailable|budget=23,1,5,ridge,history_unavailable,23,0.6536247507976968,313
ridge|history_unavailable|budget=24,1,5,ridge,history_unavailable,24,0.6536247507976968,313
ridge|history_unavailable|budget=25,1,5,ridge,history_unavailable,25,0.6536247507976968,313
ridge|history_unavailable|budget=26,1,5,ridge,history_unavailable,26,0.6536247507976968,313
ridge|history_unavailable|budget=27,1,5,ridge,history_unavailable,27,0.6536247507976968,313
ridge|history_unavailable|budget=28,1,5,ridge,history_unavailable,28,0.6547139358086567,313
ridge|history_unavailable|budget=29,1,5,ridge,history_unavailable,29,0.6597859712717343,313
ridge|history_unavailable|budget=30,1,5,ridge,history_unavailable,30,0.6597859712717343,313
hgb|history_available|budget=00,1,5,hgb,history_available,0,0.6831627031921372,313
hgb|history_available|budget=01,1,5,hgb,history_available,1,0.6896928638330466,313
hgb|history_available|budget=02,1,5,hgb,history_available,2,0.6876774996652101,313
hgb|history_available|budget=03,1,5,hgb,history_available,3,0.6914247705603448,313
hgb|history_available|budget=04,1,5,hgb,history_available,4,0.6743723004447196,313
hgb|history_available|budget=05,1,5,hgb,history_available,5,0.6752731454154475,313
hgb|history_available|budget=06,1,5,hgb,history_available,6,0.6753529069809414,313
hgb|history_available|budget=07,1,5,hgb,history_available,7,0.6741445270927428,313
hgb|history_available|budget=08,1,5,hgb,history_available,8,0.6701889327627534,313
hgb|history_available|budget=09,1,5,hgb,history_available,9,0.6701889327627534,313
hgb|history_available|budget=10,1,5,hgb,history_available,10,0.6701889327627534,313
hgb|history_available|budget=11,1,5,hgb,history_available,11,0.6701889327627534,313
hgb|history_available|budget=12,1,5,hgb,history_available,12,0.6701889327627534,313
hgb|history_available|budget=13,1,5,hgb,history_available,13,0.6701889327627534,313
hgb|history_available|budget=14,1,5,hgb,history_available,14,0.6701889327627534,313
hgb|history_available|budget=15,1,5,hgb,history_available,15,0.6701889327627534,313
hgb|history_available|budget=16,1,5,hgb,history_available,16,0.6633096650236134,313
hgb|history_available|budget=17,1,5,hgb,history_available,17,0.6633096650236134,313
hgb|history_available|budget=18,1,5,hgb,history_available,18,0.6634478816025066,313
hgb|history_available|budget=19,1,5,hgb,history_available,19,0.6634478816025066,313
hgb|history_available|budget=20,1,5,hgb,history_available,20,0.6634478816025066,313
hgb|history_available|budget=21,1,5,hgb,history_available,21,0.6634478816025066,313
hgb|history_available|budget=22,1,5,hgb,history_available,22,0.6634478816025066,313
hgb|history_available|budget=23,1,5,hgb,history_available,23,0.6634478816025066,313
hgb|history_available|budget=24,1,5,hgb,history_available,24,0.6634478816025066,313
hgb|history_available|budget=25,1,5,hgb,history_available,25,0.6634478816025066,313
hgb|history_available|budget=26,1,5,hgb,history_available,26,0.6634478816025066,313
hgb|history_available|budget=27,1,5,hgb,history_available,27,0.6600710629263462,313
hgb|history_available|budget=28,1,5,hgb,history_available,28,0.6585436899417552,313
hgb|history_available|budget=29,1,5,hgb,history_available,29,0.6585436899417552,313
hgb|history_available|budget=30,1,5,hgb,history_available,30,0.6585436899417552,313
hgb|history_unavailable|budget=00,1,5,hgb,history_unavailable,0,0.6853643289188566,313
hgb|history_unavailable|budget=01,1,5,hgb,history_unavailable,1,0.6800079764397543,313
hgb|history_unavailable|budget=02,1,5,hgb,history_unavailable,2,0.6781064279794454,313
hgb|history_unavailable|budget=03,1,5,hgb,history_unavailable,3,0.6860387512953929,313
hgb|history_unavailable|budget=04,1,5,hgb,history_unavailable,4,0.6860387512953929,313
hgb|history_unavailable|budget=05,1,5,hgb,history_unavailable,5,0.6585703499783975,313
hgb|history_unavailable|budget=06,1,5,hgb,history_unavailable,6,0.6549114082497035,313
hgb|history_unavailable|budget=07,1,5,hgb,history_unavailable,7,0.6601159324022348,313
hgb|history_unavailable|budget=08,1,5,hgb,history_unavailable,8,0.6657311869018829,313
hgb|history_unavailable|budget=09,1,5,hgb,history_unavailable,9,0.6657311869018829,313
hgb|history_unavailable|budget=10,1,5,hgb,history_unavailable,10,0.6657311869018829,313
hgb|history_unavailable|budget=11,1,5,hgb,history_unavailable,11,0.6657311869018829,313
hgb|history_unavailable|budget=12,1,5,hgb,history_unavailable,12,0.6657311869018829,313
hgb|history_unavailable|budget=13,1,5,hgb,history_unavailable,13,0.6657311869018829,313
hgb|history_unavailable|budget=14,1,5,hgb,history_unavailable,14,0.6657311869018829,313
hgb|history_unavailable|budget=15,1,5,hgb,history_unavailable,15,0.6657311869018829,313
hgb|history_unavailable|budget=16,1,5,hgb,history_unavailable,16,0.6503603918676455,313
hgb|history_unavailable|budget=17,1,5,hgb,history_unavailable,17,0.6508491659133784,313
hgb|history_unavailable|budget=18,1,5,hgb,history_unavailable,18,0.6555905602249075,313
hgb|history_unavailable|budget=19,1,5,hgb,history_unavailable,19,0.6555905602249075,313
hgb|history_unavailable|budget=20,1,5,hgb,history_unavailable,20,0.6555905602249075,313
hgb|history_unavailable|budget=21,1,5,hgb,history_unavailable,21,0.6555905602249075,313
hgb|history_unavailable|budget=22,1,5,hgb,history_unavailable,22,0.6555905602249075,313
hgb|history_unavailable|budget=23,1,5,hgb,history_unavailable,23,0.6555905602249075,313
hgb|history_unavailable|budget=24,1,5,hgb,history_unavailable,24,0.6555905602249075,313
hgb|history_unavailable|budget=25,1,5,hgb,history_unavailable,25,0.6555905602249075,313
hgb|history_unavailable|budget=26,1,5,hgb,history_unavailable,26,0.6555905602249075,313
hgb|history_unavailable|budget=27,1,5,hgb,history_unavailable,27,0.6522283325860986,313
hgb|history_unavailable|budget=28,1,5,hgb,history_unavailable,28,0.6565205589971597,313
hgb|history_unavailable|budget=29,1,5,hgb,history_unavailable,29,0.6555202573961941,313
hgb|history_unavailable|budget=30,1,5,hgb,history_unavailable,30,0.6555202573961941,313
ridge|history_available|budget=00,2,1,ridge,history_available,0,0.6523921501891682,313
ridge|history_available|budget=01,2,1,ridge,history_available,1,0.6466299639114734,313
ridge|history_available|budget=02,2,1,ridge,history_available,2,0.6398112607306454,313
ridge|history_available|budget=03,2,1,ridge,history_available,3,0.6398112607306454,313
ridge|history_available|budget=04,2,1,ridge,history_available,4,0.6165168392327064,313
ridge|history_available|budget=05,2,1,ridge,history_available,5,0.6136425722514465,313
ridge|history_available|budget=06,2,1,ridge,history_available,6,0.6147925316738402,313
ridge|history_available|budget=07,2,1,ridge,history_available,7,0.6088081949200553,313
ridge|history_available|budget=08,2,1,ridge,history_available,8,0.6088081949200553,313
ridge|history_available|budget=09,2,1,ridge,history_available,9,0.6088081949200553,313
ridge|history_available|budget=10,2,1,ridge,history_available,10,0.6088081949200553,313
ridge|history_available|budget=11,2,1,ridge,history_available,11,0.6088081949200553,313
ridge|history_available|budget=12,2,1,ridge,history_available,12,0.6088081949200553,313
ridge|history_available|budget=13,2,1,ridge,history_available,13,0.6088081949200553,313
ridge|history_available|budget=14,2,1,ridge,history_available,14,0.6088081949200553,313
ridge|history_available|budget=15,2,1,ridge,history_available,15,0.6095777218177395,313
ridge|history_available|budget=16,2,1,ridge,history_available,16,0.6070818533323469,313
ridge|history_available|budget=17,2,1,ridge,history_available,17,0.607820056928597,313
ridge|history_available|budget=18,2,1,ridge,history_available,18,0.6020460347698301,313
ridge|history_available|budget=19,2,1,ridge,history_available,19,0.6020460347698301,313
ridge|history_available|budget=20,2,1,ridge,history_available,20,0.6020460347698301,313
ridge|history_available|budget=21,2,1,ridge,history_available,21,0.6020460347698301,313
ridge|history_available|budget=22,2,1,ridge,history_available,22,0.6020460347698301,313
ridge|history_available|budget=23,2,1,ridge,history_available,23,0.6020460347698301,313
ridge|history_available|budget=24,2,1,ridge,history_available,24,0.6020460347698301,313
ridge|history_available|budget=25,2,1,ridge,history_available,25,0.6020460347698301,313
ridge|history_available|budget=26,2,1,ridge,history_available,26,0.6020460347698301,313
ridge|history_available|budget=27,2,1,ridge,history_available,27,0.6020460347698301,313
ridge|history_available|budget=28,2,1,ridge,history_available,28,0.6056178926399526,313
ridge|history_available|budget=29,2,1,ridge,history_available,29,0.6000921296809952,313
ridge|history_available|budget=30,2,1,ridge,history_available,30,0.6000921296809952,313
ridge|history_unavailable|budget=00,2,1,ridge,history_unavailable,0,0.6853643289188565,313
ridge|history_unavailable|budget=01,2,1,ridge,history_unavailable,1,0.6741501308475367,313
ridge|history_unavailable|budget=02,2,1,ridge,history_unavailable,2,0.6639220196348802,313
ridge|history_unavailable|budget=03,2,1,ridge,history_unavailable,3,0.6656907534804921,313
ridge|history_unavailable|budget=04,2,1,ridge,history_unavailable,4,0.6606202465388827,313
ridge|history_unavailable|budget=05,2,1,ridge,history_unavailable,5,0.6566535216622718,313
ridge|history_unavailable|budget=06,2,1,ridge,history_unavailable,6,0.6479750725201243,313
ridge|history_unavailable|budget=07,2,1,ridge,history_unavailable,7,0.6479750725201243,313
ridge|history_unavailable|budget=08,2,1,ridge,history_unavailable,8,0.6479750725201243,313
ridge|history_unavailable|budget=09,2,1,ridge,history_unavailable,9,0.6479750725201243,313
ridge|history_unavailable|budget=10,2,1,ridge,history_unavailable,10,0.6479750725201243,313
ridge|history_unavailable|budget=11,2,1,ridge,history_unavailable,11,0.6479750725201243,313
ridge|history_unavailable|budget=12,2,1,ridge,history_unavailable,12,0.6479750725201243,313
ridge|history_unavailable|budget=13,2,1,ridge,history_unavailable,13,0.6479750725201243,313
ridge|history_unavailable|budget=14,2,1,ridge,history_unavailable,14,0.6479750725201243,313
ridge|history_unavailable|budget=15,2,1,ridge,history_unavailable,15,0.6479750725201243,313
ridge|history_unavailable|budget=16,2,1,ridge,history_unavailable,16,0.6377005194552672,313
ridge|history_unavailable|budget=17,2,1,ridge,history_unavailable,17,0.62908583939593,313
ridge|history_unavailable|budget=18,2,1,ridge,history_unavailable,18,0.6300378553811626,313
ridge|history_unavailable|budget=19,2,1,ridge,history_unavailable,19,0.6300378553811626,313
ridge|history_unavailable|budget=20,2,1,ridge,history_unavailable,20,0.6300378553811626,313
ridge|history_unavailable|budget=21,2,1,ridge,history_unavailable,21,0.6300378553811626,313
ridge|history_unavailable|budget=22,2,1,ridge,history_unavailable,22,0.6300378553811626,313
ridge|history_unavailable|budget=23,2,1,ridge,history_unavailable,23,0.6300378553811626,313
ridge|history_unavailable|budget=24,2,1,ridge,history_unavailable,24,0.6300378553811626,313
ridge|history_unavailable|budget=25,2,1,ridge,history_unavailable,25,0.6300378553811626,313
ridge|history_unavailable|budget=26,2,1,ridge,history_unavailable,26,0.6300378553811626,313
ridge|history_unavailable|budget=27,2,1,ridge,history_unavailable,27,0.6300378553811626,313
ridge|history_unavailable|budget=28,2,1,ridge,history_unavailable,28,0.6269256728557581,313
ridge|history_unavailable|budget=29,2,1,ridge,history_unavailable,29,0.6277552489795588,313
ridge|history_unavailable|budget=30,2,1,ridge,history_unavailable,30,0.6277552489795588,313
hgb|history_available|budget=00,2,1,hgb,history_available,0,0.652422631180476,313
hgb|history_available|budget=01,2,1,hgb,history_available,1,0.645207795659527,313
hgb|history_available|budget=02,2,1,hgb,history_available,2,0.6402476200082525,313
hgb|history_available|budget=03,2,1,hgb,history_available,3,0.6402476200082525,313
hgb|history_available|budget=04,2,1,hgb,history_available,4,0.6263861824803011,313
hgb|history_available|budget=05,2,1,hgb,history_available,5,0.6214549535406602,313
hgb|history_available|budget=06,2,1,hgb,history_available,6,0.6061494449854598,313
hgb|history_available|budget=07,2,1,hgb,history_available,7,0.6061494449854598,313
hgb|history_available|budget=08,2,1,hgb,history_available,8,0.6061494449854598,313
hgb|history_available|budget=09,2,1,hgb,history_available,9,0.6061494449854598,313
hgb|history_available|budget=10,2,1,hgb,history_available,10,0.6061494449854598,313
hgb|history_available|budget=11,2,1,hgb,history_available,11,0.6061494449854598,313
hgb|history_available|budget=12,2,1,hgb,history_available,12,0.6061494449854598,313
hgb|history_available|budget=13,2,1,hgb,history_available,13,0.6061494449854598,313
hgb|history_available|budget=14,2,1,hgb,history_available,14,0.6061494449854598,313
hgb|history_available|budget=15,2,1,hgb,history_available,15,0.5998356208638609,313
hgb|history_available|budget=16,2,1,hgb,history_available,16,0.618536549772321,313
hgb|history_available|budget=17,2,1,hgb,history_available,17,0.5939245292502631,313
hgb|history_available|budget=18,2,1,hgb,history_available,18,0.5939245292502631,313
hgb|history_available|budget=19,2,1,hgb,history_available,19,0.5939245292502631,313
hgb|history_available|budget=20,2,1,hgb,history_available,20,0.5939245292502631,313
hgb|history_available|budget=21,2,1,hgb,history_available,21,0.5939245292502631,313
hgb|history_available|budget=22,2,1,hgb,history_available,22,0.5939245292502631,313
hgb|history_available|budget=23,2,1,hgb,history_available,23,0.5939245292502631,313
hgb|history_available|budget=24,2,1,hgb,history_available,24,0.5939245292502631,313
hgb|history_available|budget=25,2,1,hgb,history_available,25,0.5939245292502631,313
hgb|history_available|budget=26,2,1,hgb,history_available,26,0.5939245292502631,313
hgb|history_available|budget=27,2,1,hgb,history_available,27,0.6110025462613182,313
hgb|history_available|budget=28,2,1,hgb,history_available,28,0.6110025462613182,313
hgb|history_available|budget=29,2,1,hgb,history_available,29,0.6110025462613182,313
hgb|history_available|budget=30,2,1,hgb,history_available,30,0.6110025462613182,313
hgb|history_unavailable|budget=00,2,1,hgb,history_unavailable,0,0.6853643289188565,313
hgb|history_unavailable|budget=01,2,1,hgb,history_unavailable,1,0.6696612865996219,313
hgb|history_unavailable|budget=02,2,1,hgb,history_unavailable,2,0.659363936466407,313
hgb|history_unavailable|budget=03,2,1,hgb,history_unavailable,3,0.659363936466407,313
hgb|history_unavailable|budget=04,2,1,hgb,history_unavailable,4,0.6630240088411181,313
hgb|history_unavailable|budget=05,2,1,hgb,history_unavailable,5,0.6529642037208685,313
hgb|history_unavailable|budget=06,2,1,hgb,history_unavailable,6,0.6385779671017311,313
hgb|history_unavailable|budget=07,2,1,hgb,history_unavailable,7,0.6385779671017311,313
hgb|history_unavailable|budget=08,2,1,hgb,history_unavailable,8,0.6385779671017311,313
hgb|history_unavailable|budget=09,2,1,hgb,history_unavailable,9,0.6385779671017311,313
hgb|history_unavailable|budget=10,2,1,hgb,history_unavailable,10,0.6385779671017311,313
hgb|history_unavailable|budget=11,2,1,hgb,history_unavailable,11,0.6385779671017311,313
hgb|history_unavailable|budget=12,2,1,hgb,history_unavailable,12,0.6385779671017311,313
hgb|history_unavailable|budget=13,2,1,hgb,history_unavailable,13,0.6435501582187035,313
hgb|history_unavailable|budget=14,2,1,hgb,history_unavailable,14,0.6435501582187035,313
hgb|history_unavailable|budget=15,2,1,hgb,history_unavailable,15,0.6381503159551695,313
hgb|history_unavailable|budget=16,2,1,hgb,history_unavailable,16,0.6478238456777821,313
hgb|history_unavailable|budget=17,2,1,hgb,history_unavailable,17,0.6476227469516351,313
hgb|history_unavailable|budget=18,2,1,hgb,history_unavailable,18,0.6476227469516351,313
hgb|history_unavailable|budget=19,2,1,hgb,history_unavailable,19,0.6476227469516351,313
hgb|history_unavailable|budget=20,2,1,hgb,history_unavailable,20,0.6476227469516351,313
hgb|history_unavailable|budget=21,2,1,hgb,history_unavailable,21,0.6476227469516351,313
hgb|history_unavailable|budget=22,2,1,hgb,history_unavailable,22,0.6476227469516351,313
hgb|history_unavailable|budget=23,2,1,hgb,history_unavailable,23,0.6476227469516351,313
hgb|history_unavailable|budget=24,2,1,hgb,history_unavailable,24,0.6476227469516351,313
hgb|history_unavailable|budget=25,2,1,hgb,history_unavailable,25,0.6476227469516351,313
hgb|history_unavailable|budget=26,2,1,hgb,history_unavailable,26,0.6247892638282205,313
hgb|history_unavailable|budget=27,2,1,hgb,history_unavailable,27,0.6181309598974649,313
hgb|history_unavailable|budget=28,2,1,hgb,history_unavailable,28,0.6196106149755328,313
hgb|history_unavailable|budget=29,2,1,hgb,history_unavailable,29,0.6196106149755328,313
hgb|history_unavailable|budget=30,2,1,hgb,history_unavailable,30,0.6196106149755328,313
ridge|history_available|budget=00,2,2,ridge,history_available,0,0.6543591972327786,313
ridge|history_available|budget=01,2,2,ridge,history_available,1,0.6502128525313587,313
ridge|history_available|budget=02,2,2,ridge,history_available,2,0.6487908067189033,313
ridge|history_available|budget=03,2,2,ridge,history_available,3,0.6487908067189033,313
ridge|history_available|budget=04,2,2,ridge,history_available,4,0.6356466362898138,313
ridge|history_available|budget=05,2,2,ridge,history_available,5,0.6334548971372588,313
ridge|history_available|budget=06,2,2,ridge,history_available,6,0.6312667691308534,313
ridge|history_available|budget=07,2,2,ridge,history_available,7,0.6312667691308534,313
ridge|history_available|budget=08,2,2,ridge,history_available,8,0.6312667691308534,313
ridge|history_available|budget=09,2,2,ridge,history_available,9,0.6312667691308534,313
ridge|history_available|budget=10,2,2,ridge,history_available,10,0.6312667691308534,313
ridge|history_available|budget=11,2,2,ridge,history_available,11,0.6312667691308534,313
ridge|history_available|budget=12,2,2,ridge,history_available,12,0.6312667691308534,313
ridge|history_available|budget=13,2,2,ridge,history_available,13,0.6494451885164044,313
ridge|history_available|budget=14,2,2,ridge,history_available,14,0.6493443033255736,313
ridge|history_available|budget=15,2,2,ridge,history_available,15,0.6431332477561188,313
ridge|history_available|budget=16,2,2,ridge,history_available,16,0.6398610001163448,313
ridge|history_available|budget=17,2,2,ridge,history_available,17,0.6376275518486371,313
ridge|history_available|budget=18,2,2,ridge,history_available,18,0.6376275518486371,313
ridge|history_available|budget=19,2,2,ridge,history_available,19,0.6376275518486371,313
ridge|history_available|budget=20,2,2,ridge,history_available,20,0.6376275518486371,313
ridge|history_available|budget=21,2,2,ridge,history_available,21,0.6376275518486371,313
ridge|history_available|budget=22,2,2,ridge,history_available,22,0.6376275518486371,313
ridge|history_available|budget=23,2,2,ridge,history_available,23,0.6376275518486371,313
ridge|history_available|budget=24,2,2,ridge,history_available,24,0.6376275518486371,313
ridge|history_available|budget=25,2,2,ridge,history_available,25,0.6376275518486371,313
ridge|history_available|budget=26,2,2,ridge,history_available,26,0.6376275518486371,313
ridge|history_available|budget=27,2,2,ridge,history_available,27,0.6362804880493068,313
ridge|history_available|budget=28,2,2,ridge,history_available,28,0.6345682931860861,313
ridge|history_available|budget=29,2,2,ridge,history_available,29,0.6345682931860861,313
ridge|history_available|budget=30,2,2,ridge,history_available,30,0.6345682931860861,313
ridge|history_unavailable|budget=00,2,2,ridge,history_unavailable,0,0.6853643289188565,313
ridge|history_unavailable|budget=01,2,2,ridge,history_unavailable,1,0.6769283743054834,313
ridge|history_unavailable|budget=02,2,2,ridge,history_unavailable,2,0.6736692097915291,313
ridge|history_unavailable|budget=03,2,2,ridge,history_unavailable,3,0.6736692097915291,313
ridge|history_unavailable|budget=04,2,2,ridge,history_unavailable,4,0.6614648599760642,313
ridge|history_unavailable|budget=05,2,2,ridge,history_unavailable,5,0.6566752453689331,313
ridge|history_unavailable|budget=06,2,2,ridge,history_unavailable,6,0.6525678387973252,313
ridge|history_unavailable|budget=07,2,2,ridge,history_unavailable,7,0.6525678387973252,313
ridge|history_unavailable|budget=08,2,2,ridge,history_unavailable,8,0.6525678387973252,313
ridge|history_unavailable|budget=09,2,2,ridge,history_unavailable,9,0.6525678387973252,313
ridge|history_unavailable|budget=10,2,2,ridge,history_unavailable,10,0.6525678387973252,313
ridge|history_unavailable|budget=11,2,2,ridge,history_unavailable,11,0.6525678387973252,313
ridge|history_unavailable|budget=12,2,2,ridge,history_unavailable,12,0.6525678387973252,313
ridge|history_unavailable|budget=13,2,2,ridge,history_unavailable,13,0.673868534322766,313
ridge|history_unavailable|budget=14,2,2,ridge,history_unavailable,14,0.673868534322766,313
ridge|history_unavailable|budget=15,2,2,ridge,history_unavailable,15,0.669599118338214,313
ridge|history_unavailable|budget=16,2,2,ridge,history_unavailable,16,0.663552686840007,313
ridge|history_unavailable|budget=17,2,2,ridge,history_unavailable,17,0.6591542880850214,313
ridge|history_unavailable|budget=18,2,2,ridge,history_unavailable,18,0.6591542880850214,313
ridge|history_unavailable|budget=19,2,2,ridge,history_unavailable,19,0.6591542880850214,313
ridge|history_unavailable|budget=20,2,2,ridge,history_unavailable,20,0.6591542880850214,313
ridge|history_unavailable|budget=21,2,2,ridge,history_unavailable,21,0.6591542880850214,313
ridge|history_unavailable|budget=22,2,2,ridge,history_unavailable,22,0.6591542880850214,313
ridge|history_unavailable|budget=23,2,2,ridge,history_unavailable,23,0.6591542880850214,313
ridge|history_unavailable|budget=24,2,2,ridge,history_unavailable,24,0.6591542880850214,313
ridge|history_unavailable|budget=25,2,2,ridge,history_unavailable,25,0.6591542880850214,313
ridge|history_unavailable|budget=26,2,2,ridge,history_unavailable,26,0.6591542880850214,313
ridge|history_unavailable|budget=27,2,2,ridge,history_unavailable,27,0.6591542880850214,313
ridge|history_unavailable|budget=28,2,2,ridge,history_unavailable,28,0.6558342216581762,313
ridge|history_unavailable|budget=29,2,2,ridge,history_unavailable,29,0.6558342216581762,313
ridge|history_unavailable|budget=30,2,2,ridge,history_unavailable,30,0.6558342216581762,313
hgb|history_available|budget=00,2,2,hgb,history_available,0,0.6543867773700252,313
hgb|history_available|budget=01,2,2,hgb,history_available,1,0.6465361484033624,313
hgb|history_available|budget=02,2,2,hgb,history_available,2,0.6547170028958581,313
hgb|history_available|budget=03,2,2,hgb,history_available,3,0.6401503246962608,313
hgb|history_available|budget=04,2,2,hgb,history_available,4,0.6526592303584354,313
hgb|history_available|budget=05,2,2,hgb,history_available,5,0.6440774800300183,313
hgb|history_available|budget=06,2,2,hgb,history_available,6,0.6388536351790309,313
hgb|history_available|budget=07,2,2,hgb,history_available,7,0.6342174599752781,313
hgb|history_available|budget=08,2,2,hgb,history_available,8,0.6342174599752781,313
hgb|history_available|budget=09,2,2,hgb,history_available,9,0.6342174599752781,313
hgb|history_available|budget=10,2,2,hgb,history_available,10,0.6342174599752781,313
hgb|history_available|budget=11,2,2,hgb,history_available,11,0.6342174599752781,313
hgb|history_available|budget=12,2,2,hgb,history_available,12,0.6342174599752781,313
hgb|history_available|budget=13,2,2,hgb,history_available,13,0.6342174599752781,313
hgb|history_available|budget=14,2,2,hgb,history_available,14,0.6342174599752781,313
hgb|history_available|budget=15,2,2,hgb,history_available,15,0.6554329150921794,313
hgb|history_available|budget=16,2,2,hgb,history_available,16,0.651558069366945,313
hgb|history_available|budget=17,2,2,hgb,history_available,17,0.6485178734748659,313
hgb|history_available|budget=18,2,2,hgb,history_available,18,0.6396362239962138,313
hgb|history_available|budget=19,2,2,hgb,history_available,19,0.6396362239962138,313
hgb|history_available|budget=20,2,2,hgb,history_available,20,0.6396362239962138,313
hgb|history_available|budget=21,2,2,hgb,history_available,21,0.6396362239962138,313
hgb|history_available|budget=22,2,2,hgb,history_available,22,0.6396362239962138,313
hgb|history_available|budget=23,2,2,hgb,history_available,23,0.6396362239962138,313
hgb|history_available|budget=24,2,2,hgb,history_available,24,0.6396362239962138,313
hgb|history_available|budget=25,2,2,hgb,history_available,25,0.6396362239962138,313
hgb|history_available|budget=26,2,2,hgb,history_available,26,0.6396362239962138,313
hgb|history_available|budget=27,2,2,hgb,history_available,27,0.6269882599328864,313
hgb|history_available|budget=28,2,2,hgb,history_available,28,0.6225939409017409,313
hgb|history_available|budget=29,2,2,hgb,history_available,29,0.6217427886394472,313
hgb|history_available|budget=30,2,2,hgb,history_available,30,0.6200114236282381,313
hgb|history_unavailable|budget=00,2,2,hgb,history_unavailable,0,0.6853643289188565,313
hgb|history_unavailable|budget=01,2,2,hgb,history_unavailable,1,0.6725600957055851,313
hgb|history_unavailable|budget=02,2,2,hgb,history_unavailable,2,0.6648973902179793,313
hgb|history_unavailable|budget=03,2,2,hgb,history_unavailable,3,0.6621503201142016,313
hgb|history_unavailable|budget=04,2,2,hgb,history_unavailable,4,0.6621503201142016,313
hgb|history_unavailable|budget=05,2,2,hgb,history_unavailable,5,0.6665269000505758,313
hgb|history_unavailable|budget=06,2,2,hgb,history_unavailable,6,0.6616598123889624,313
hgb|history_unavailable|budget=07,2,2,hgb,history_unavailable,7,0.6583057362490541,313
hgb|history_unavailable|budget=08,2,2,hgb,history_unavailable,8,0.654134678193799,313
hgb|history_unavailable|budget=09,2,2,hgb,history_unavailable,9,0.654134678193799,313
hgb|history_unavailable|budget=10,2,2,hgb,history_unavailable,10,0.654134678193799,313
hgb|history_unavailable|budget=11,2,2,hgb,history_unavailable,11,0.654134678193799,313
hgb|history_unavailable|budget=12,2,2,hgb,history_unavailable,12,0.6730315725615593,313
hgb|history_unavailable|budget=13,2,2,hgb,history_unavailable,13,0.667934974646814,313
hgb|history_unavailable|budget=14,2,2,hgb,history_unavailable,14,0.6690258578996899,313
hgb|history_unavailable|budget=15,2,2,hgb,history_unavailable,15,0.6748024966767174,313
hgb|history_unavailable|budget=16,2,2,hgb,history_unavailable,16,0.6740617525010346,313
hgb|history_unavailable|budget=17,2,2,hgb,history_unavailable,17,0.6612688249225834,313
hgb|history_unavailable|budget=18,2,2,hgb,history_unavailable,18,0.6594876183240349,313
hgb|history_unavailable|budget=19,2,2,hgb,history_unavailable,19,0.6594876183240349,313
hgb|history_unavailable|budget=20,2,2,hgb,history_unavailable,20,0.6594876183240349,313
hgb|history_unavailable|budget=21,2,2,hgb,history_unavailable,21,0.6594876183240349,313
hgb|history_unavailable|budget=22,2,2,hgb,history_unavailable,22,0.6594876183240349,313
hgb|history_unavailable|budget=23,2,2,hgb,history_unavailable,23,0.6594876183240349,313
hgb|history_unavailable|budget=24,2,2,hgb,history_unavailable,24,0.6594876183240349,313
hgb|history_unavailable|budget=25,2,2,hgb,history_unavailable,25,0.6594876183240349,313
hgb|history_unavailable|budget=26,2,2,hgb,history_unavailable,26,0.6526323616868874,313
hgb|history_unavailable|budget=27,2,2,hgb,history_unavailable,27,0.6473630415293632,313
hgb|history_unavailable|budget=28,2,2,hgb,history_unavailable,28,0.6429797266829468,313
hgb|history_unavailable|budget=29,2,2,hgb,history_unavailable,29,0.6429797266829468,313
hgb|history_unavailable|budget=30,2,2,hgb,history_unavailable,30,0.6429797266829468,313
ridge|history_available|budget=00,2,3,ridge,history_available,0,0.6634124915958032,313
ridge|history_available|budget=01,2,3,ridge,history_available,1,0.6635153804607581,313
ridge|history_available|budget=02,2,3,ridge,history_available,2,0.6592262795826044,313
ridge|history_available|budget=03,2,3,ridge,history_available,3,0.6592262795826044,313
ridge|history_available|budget=04,2,3,ridge,history_available,4,0.6228065297567619,313
ridge|history_available|budget=05,2,3,ridge,history_available,5,0.6265371801795294,313
ridge|history_available|budget=06,2,3,ridge,history_available,6,0.6238872832734302,313
ridge|history_available|budget=07,2,3,ridge,history_available,7,0.6238872832734302,313
ridge|history_available|budget=08,2,3,ridge,history_available,8,0.6238872832734302,313
ridge|history_available|budget=09,2,3,ridge,history_available,9,0.6238872832734302,313
ridge|history_available|budget=10,2,3,ridge,history_available,10,0.6238872832734302,313
ridge|history_available|budget=11,2,3,ridge,history_available,11,0.6238872832734302,313
ridge|history_available|budget=12,2,3,ridge,history_available,12,0.6238872832734302,313
ridge|history_available|budget=13,2,3,ridge,history_available,13,0.6510777066891993,313
ridge|history_available|budget=14,2,3,ridge,history_available,14,0.6510777066891993,313
ridge|history_available|budget=15,2,3,ridge,history_available,15,0.626229601501591,313
ridge|history_available|budget=16,2,3,ridge,history_available,16,0.6286732169682493,313
ridge|history_available|budget=17,2,3,ridge,history_available,17,0.626647889185101,313
ridge|history_available|budget=18,2,3,ridge,history_available,18,0.626647889185101,313
ridge|history_available|budget=19,2,3,ridge,history_available,19,0.626647889185101,313
ridge|history_available|budget=20,2,3,ridge,history_available,20,0.626647889185101,313
ridge|history_available|budget=21,2,3,ridge,history_available,21,0.626647889185101,313
ridge|history_available|budget=22,2,3,ridge,history_available,22,0.626647889185101,313
ridge|history_available|budget=23,2,3,ridge,history_available,23,0.626647889185101,313
ridge|history_available|budget=24,2,3,ridge,history_available,24,0.626647889185101,313
ridge|history_available|budget=25,2,3,ridge,history_available,25,0.626647889185101,313
ridge|history_available|budget=26,2,3,ridge,history_available,26,0.626647889185101,313
ridge|history_available|budget=27,2,3,ridge,history_available,27,0.626647889185101,313
ridge|history_available|budget=28,2,3,ridge,history_available,28,0.626647889185101,313
ridge|history_available|budget=29,2,3,ridge,history_available,29,0.626647889185101,313
ridge|history_available|budget=30,2,3,ridge,history_available,30,0.626647889185101,313
ridge|history_unavailable|budget=00,2,3,ridge,history_unavailable,0,0.6853643289188565,313
ridge|history_unavailable|budget=01,2,3,ridge,history_unavailable,1,0.6762003260993522,313
ridge|history_unavailable|budget=02,2,3,ridge,history_unavailable,2,0.6740012163415333,313
ridge|history_unavailable|budget=03,2,3,ridge,history_unavailable,3,0.6740012163415333,313
ridge|history_unavailable|budget=04,2,3,ridge,history_unavailable,4,0.6466132332697025,313
ridge|history_unavailable|budget=05,2,3,ridge,history_unavailable,5,0.6472941332604754,313
ridge|history_unavailable|budget=06,2,3,ridge,history_unavailable,6,0.6415007474330461,313
ridge|history_unavailable|budget=07,2,3,ridge,history_unavailable,7,0.6415007474330461,313
ridge|history_unavailable|budget=08,2,3,ridge,history_unavailable,8,0.6415007474330461,313
ridge|history_unavailable|budget=09,2,3,ridge,history_unavailable,9,0.6415007474330461,313
ridge|history_unavailable|budget=10,2,3,ridge,history_unavailable,10,0.6415007474330461,313
ridge|history_unavailable|budget=11,2,3,ridge,history_unavailable,11,0.6415007474330461,313
ridge|history_unavailable|budget=12,2,3,ridge,history_unavailable,12,0.6415007474330461,313
ridge|history_unavailable|budget=13,2,3,ridge,history_unavailable,13,0.6619759732028712,313
ridge|history_unavailable|budget=14,2,3,ridge,history_unavailable,14,0.6619759732028712,313
ridge|history_unavailable|budget=15,2,3,ridge,history_unavailable,15,0.6619759732028712,313
ridge|history_unavailable|budget=16,2,3,ridge,history_unavailable,16,0.6410712894847584,313
ridge|history_unavailable|budget=17,2,3,ridge,history_unavailable,17,0.6367855117838532,313
ridge|history_unavailable|budget=18,2,3,ridge,history_unavailable,18,0.6367855117838532,313
ridge|history_unavailable|budget=19,2,3,ridge,history_unavailable,19,0.6367855117838532,313
ridge|history_unavailable|budget=20,2,3,ridge,history_unavailable,20,0.6367855117838532,313
ridge|history_unavailable|budget=21,2,3,ridge,history_unavailable,21,0.6367855117838532,313
ridge|history_unavailable|budget=22,2,3,ridge,history_unavailable,22,0.6367855117838532,313
ridge|history_unavailable|budget=23,2,3,ridge,history_unavailable,23,0.6367855117838532,313
ridge|history_unavailable|budget=24,2,3,ridge,history_unavailable,24,0.6367855117838532,313
ridge|history_unavailable|budget=25,2,3,ridge,history_unavailable,25,0.6367855117838532,313
ridge|history_unavailable|budget=26,2,3,ridge,history_unavailable,26,0.6367855117838532,313
ridge|history_unavailable|budget=27,2,3,ridge,history_unavailable,27,0.6367855117838532,313
ridge|history_unavailable|budget=28,2,3,ridge,history_unavailable,28,0.6367855117838532,313
ridge|history_unavailable|budget=29,2,3,ridge,history_unavailable,29,0.6367855117838532,313
ridge|history_unavailable|budget=30,2,3,ridge,history_unavailable,30,0.6367855117838532,313
hgb|history_available|budget=00,2,3,hgb,history_available,0,0.6634093788855706,313
hgb|history_available|budget=01,2,3,hgb,history_available,1,0.6584293860100888,313
hgb|history_available|budget=02,2,3,hgb,history_available,2,0.6623166935676009,313
hgb|history_available|budget=03,2,3,hgb,history_available,3,0.6589310695691588,313
hgb|history_available|budget=04,2,3,hgb,history_available,4,0.6340140319917227,313
hgb|history_available|budget=05,2,3,hgb,history_available,5,0.6334073032398593,313
hgb|history_available|budget=06,2,3,hgb,history_available,6,0.6349432618762999,313
hgb|history_available|budget=07,2,3,hgb,history_available,7,0.6349432618762999,313
hgb|history_available|budget=08,2,3,hgb,history_available,8,0.6349432618762999,313
hgb|history_available|budget=09,2,3,hgb,history_available,9,0.6349432618762999,313
hgb|history_available|budget=10,2,3,hgb,history_available,10,0.6349432618762999,313
hgb|history_available|budget=11,2,3,hgb,history_available,11,0.6349432618762999,313
hgb|history_available|budget=12,2,3,hgb,history_available,12,0.6349432618762999,313
hgb|history_available|budget=13,2,3,hgb,history_available,13,0.6349432618762999,313
hgb|history_available|budget=14,2,3,hgb,history_available,14,0.6349432618762999,313
hgb|history_available|budget=15,2,3,hgb,history_available,15,0.6349432618762999,313
hgb|history_available|budget=16,2,3,hgb,history_available,16,0.6324883375596958,313
hgb|history_available|budget=17,2,3,hgb,history_available,17,0.6319379182254203,313
hgb|history_available|budget=18,2,3,hgb,history_available,18,0.6319379182254203,313
hgb|history_available|budget=19,2,3,hgb,history_available,19,0.6319379182254203,313
hgb|history_available|budget=20,2,3,hgb,history_available,20,0.6319379182254203,313
hgb|history_available|budget=21,2,3,hgb,history_available,21,0.6319379182254203,313
hgb|history_available|budget=22,2,3,hgb,history_available,22,0.6319379182254203,313
hgb|history_available|budget=23,2,3,hgb,history_available,23,0.6319379182254203,313
hgb|history_available|budget=24,2,3,hgb,history_available,24,0.6319379182254203,313
hgb|history_available|budget=25,2,3,hgb,history_available,25,0.6319379182254203,313
hgb|history_available|budget=26,2,3,hgb,history_available,26,0.6319379182254203,313
hgb|history_available|budget=27,2,3,hgb,history_available,27,0.6308297897193489,313
hgb|history_available|budget=28,2,3,hgb,history_available,28,0.6318376162495422,313
hgb|history_available|budget=29,2,3,hgb,history_available,29,0.6318376162495422,313
hgb|history_available|budget=30,2,3,hgb,history_available,30,0.6318376162495422,313
hgb|history_unavailable|budget=00,2,3,hgb,history_unavailable,0,0.6853643289188565,313
hgb|history_unavailable|budget=01,2,3,hgb,history_unavailable,1,0.6787836335523978,313
hgb|history_unavailable|budget=02,2,3,hgb,history_unavailable,2,0.676554418922624,313
hgb|history_unavailable|budget=03,2,3,hgb,history_unavailable,3,0.676554418922624,313
hgb|history_unavailable|budget=04,2,3,hgb,history_unavailable,4,0.676554418922624,313
hgb|history_unavailable|budget=05,2,3,hgb,history_unavailable,5,0.6500455455521752,313
hgb|history_unavailable|budget=06,2,3,hgb,history_unavailable,6,0.6490354021496967,313
hgb|history_unavailable|budget=07,2,3,hgb,history_unavailable,7,0.6490475402056713,313
hgb|history_unavailable|budget=08,2,3,hgb,history_unavailable,8,0.6490475402056713,313
hgb|history_unavailable|budget=09,2,3,hgb,history_unavailable,9,0.6490475402056713,313
hgb|history_unavailable|budget=10,2,3,hgb,history_unavailable,10,0.6490475402056713,313
hgb|history_unavailable|budget=11,2,3,hgb,history_unavailable,11,0.6490475402056713,313
hgb|history_unavailable|budget=12,2,3,hgb,history_unavailable,12,0.6490475402056713,313
hgb|history_unavailable|budget=13,2,3,hgb,history_unavailable,13,0.6666344072675774,313
hgb|history_unavailable|budget=14,2,3,hgb,history_unavailable,14,0.6666344072675774,313
hgb|history_unavailable|budget=15,2,3,hgb,history_unavailable,15,0.6666344072675774,313
hgb|history_unavailable|budget=16,2,3,hgb,history_unavailable,16,0.6666344072675774,313
hgb|history_unavailable|budget=17,2,3,hgb,history_unavailable,17,0.6500109844000781,313
hgb|history_unavailable|budget=18,2,3,hgb,history_unavailable,18,0.6483026705464785,313
hgb|history_unavailable|budget=19,2,3,hgb,history_unavailable,19,0.6483026705464785,313
hgb|history_unavailable|budget=20,2,3,hgb,history_unavailable,20,0.6483026705464785,313
hgb|history_unavailable|budget=21,2,3,hgb,history_unavailable,21,0.6483026705464785,313
hgb|history_unavailable|budget=22,2,3,hgb,history_unavailable,22,0.6483026705464785,313
hgb|history_unavailable|budget=23,2,3,hgb,history_unavailable,23,0.6483026705464785,313
hgb|history_unavailable|budget=24,2,3,hgb,history_unavailable,24,0.6483026705464785,313
hgb|history_unavailable|budget=25,2,3,hgb,history_unavailable,25,0.6483026705464785,313
hgb|history_unavailable|budget=26,2,3,hgb,history_unavailable,26,0.6483026705464785,313
hgb|history_unavailable|budget=27,2,3,hgb,history_unavailable,27,0.6483026705464785,313
hgb|history_unavailable|budget=28,2,3,hgb,history_unavailable,28,0.6340213139413212,313
hgb|history_unavailable|budget=29,2,3,hgb,history_unavailable,29,0.6343719471943591,313
hgb|history_unavailable|budget=30,2,3,hgb,history_unavailable,30,0.6343719471943591,313
ridge|history_available|budget=00,2,4,ridge,history_available,0,0.6638125423384456,313
ridge|history_available|budget=01,2,4,ridge,history_available,1,0.6587872697343145,313
ridge|history_available|budget=02,2,4,ridge,history_available,2,0.655035713032153,313
ridge|history_available|budget=03,2,4,ridge,history_available,3,0.655035713032153,313
ridge|history_available|budget=04,2,4,ridge,history_available,4,0.6636471165309534,313
ridge|history_available|budget=05,2,4,ridge,history_available,5,0.6617585534181375,313
ridge|history_available|budget=06,2,4,ridge,history_available,6,0.6573049784001099,313
ridge|history_available|budget=07,2,4,ridge,history_available,7,0.6573049784001099,313
ridge|history_available|budget=08,2,4,ridge,history_available,8,0.6573049784001099,313
ridge|history_available|budget=09,2,4,ridge,history_available,9,0.6573049784001099,313
ridge|history_available|budget=10,2,4,ridge,history_available,10,0.6573049784001099,313
ridge|history_available|budget=11,2,4,ridge,history_available,11,0.6573049784001099,313
ridge|history_available|budget=12,2,4,ridge,history_available,12,0.6573049784001099,313
ridge|history_available|budget=13,2,4,ridge,history_available,13,0.6573049784001099,313
ridge|history_available|budget=14,2,4,ridge,history_available,14,0.6573049784001099,313
ridge|history_available|budget=15,2,4,ridge,history_available,15,0.6644330037001245,313
ridge|history_available|budget=16,2,4,ridge,history_available,16,0.6596862422685931,313
ridge|history_available|budget=17,2,4,ridge,history_available,17,0.6577349334169516,313
ridge|history_available|budget=18,2,4,ridge,history_available,18,0.6577349334169516,313
ridge|history_available|budget=19,2,4,ridge,history_available,19,0.6577349334169516,313
ridge|history_available|budget=20,2,4,ridge,history_available,20,0.6577349334169516,313
ridge|history_available|budget=21,2,4,ridge,history_available,21,0.6577349334169516,313
ridge|history_available|budget=22,2,4,ridge,history_available,22,0.6577349334169516,313
ridge|history_available|budget=23,2,4,ridge,history_available,23,0.6577349334169516,313
ridge|history_available|budget=24,2,4,ridge,history_available,24,0.6577349334169516,313
ridge|history_available|budget=25,2,4,ridge,history_available,25,0.6577349334169516,313
ridge|history_available|budget=26,2,4,ridge,history_available,26,0.6577349334169516,313
ridge|history_available|budget=27,2,4,ridge,history_available,27,0.6577349334169516,313
ridge|history_available|budget=28,2,4,ridge,history_available,28,0.6542343221272645,313
ridge|history_available|budget=29,2,4,ridge,history_available,29,0.6542343221272645,313
ridge|history_available|budget=30,2,4,ridge,history_available,30,0.6542343221272645,313
ridge|history_unavailable|budget=00,2,4,ridge,history_unavailable,0,0.6853643289188565,313
ridge|history_unavailable|budget=01,2,4,ridge,history_unavailable,1,0.6787008221587467,313
ridge|history_unavailable|budget=02,2,4,ridge,history_unavailable,2,0.6736918058914454,313
ridge|history_unavailable|budget=03,2,4,ridge,history_unavailable,3,0.6736918058914454,313
ridge|history_unavailable|budget=04,2,4,ridge,history_unavailable,4,0.6841884308980271,313
ridge|history_unavailable|budget=05,2,4,ridge,history_unavailable,5,0.681504494396897,313
ridge|history_unavailable|budget=06,2,4,ridge,history_unavailable,6,0.6755158818088426,313
ridge|history_unavailable|budget=07,2,4,ridge,history_unavailable,7,0.678049159076191,313
ridge|history_unavailable|budget=08,2,4,ridge,history_unavailable,8,0.678049159076191,313
ridge|history_unavailable|budget=09,2,4,ridge,history_unavailable,9,0.678049159076191,313
ridge|history_unavailable|budget=10,2,4,ridge,history_unavailable,10,0.678049159076191,313
ridge|history_unavailable|budget=11,2,4,ridge,history_unavailable,11,0.678049159076191,313
ridge|history_unavailable|budget=12,2,4,ridge,history_unavailable,12,0.678049159076191,313
ridge|history_unavailable|budget=13,2,4,ridge,history_unavailable,13,0.678049159076191,313
ridge|history_unavailable|budget=14,2,4,ridge,history_unavailable,14,0.678049159076191,313
ridge|history_unavailable|budget=15,2,4,ridge,history_unavailable,15,0.6849466825053954,313
ridge|history_unavailable|budget=16,2,4,ridge,history_unavailable,16,0.6782206672305076,313
ridge|history_unavailable|budget=17,2,4,ridge,history_unavailable,17,0.6756334094245449,313
ridge|history_unavailable|budget=18,2,4,ridge,history_unavailable,18,0.6756334094245449,313
ridge|history_unavailable|budget=19,2,4,ridge,history_unavailable,19,0.6756334094245449,313
ridge|history_unavailable|budget=20,2,4,ridge,history_unavailable,20,0.6756334094245449,313
ridge|history_unavailable|budget=21,2,4,ridge,history_unavailable,21,0.6756334094245449,313
ridge|history_unavailable|budget=22,2,4,ridge,history_unavailable,22,0.6756334094245449,313
ridge|history_unavailable|budget=23,2,4,ridge,history_unavailable,23,0.6756334094245449,313
ridge|history_unavailable|budget=24,2,4,ridge,history_unavailable,24,0.6756334094245449,313
ridge|history_unavailable|budget=25,2,4,ridge,history_unavailable,25,0.6756334094245449,313
ridge|history_unavailable|budget=26,2,4,ridge,history_unavailable,26,0.6756334094245449,313
ridge|history_unavailable|budget=27,2,4,ridge,history_unavailable,27,0.6756334094245449,313
ridge|history_unavailable|budget=28,2,4,ridge,history_unavailable,28,0.671428165935392,313
ridge|history_unavailable|budget=29,2,4,ridge,history_unavailable,29,0.671428165935392,313
ridge|history_unavailable|budget=30,2,4,ridge,history_unavailable,30,0.671428165935392,313
hgb|history_available|budget=00,2,4,hgb,history_available,0,0.6638011135559643,313
hgb|history_available|budget=01,2,4,hgb,history_available,1,0.6532632999817923,313
hgb|history_available|budget=02,2,4,hgb,history_available,2,0.6517044807033994,313
hgb|history_available|budget=03,2,4,hgb,history_available,3,0.6492947641785521,313
hgb|history_available|budget=04,2,4,hgb,history_available,4,0.6515368533036408,313
hgb|history_available|budget=05,2,4,hgb,history_available,5,0.6492798696913846,313
hgb|history_available|budget=06,2,4,hgb,history_available,6,0.6461317981630521,313
hgb|history_available|budget=07,2,4,hgb,history_available,7,0.6403246062778216,313
hgb|history_available|budget=08,2,4,hgb,history_available,8,0.6403246062778216,313
hgb|history_available|budget=09,2,4,hgb,history_available,9,0.6403246062778216,313
hgb|history_available|budget=10,2,4,hgb,history_available,10,0.6403246062778216,313
hgb|history_available|budget=11,2,4,hgb,history_available,11,0.6403246062778216,313
hgb|history_available|budget=12,2,4,hgb,history_available,12,0.6403246062778216,313
hgb|history_available|budget=13,2,4,hgb,history_available,13,0.6403246062778216,313
hgb|history_available|budget=14,2,4,hgb,history_available,14,0.6403246062778216,313
hgb|history_available|budget=15,2,4,hgb,history_available,15,0.6485143021113616,313
hgb|history_available|budget=16,2,4,hgb,history_available,16,0.643530314301474,313
hgb|history_available|budget=17,2,4,hgb,history_available,17,0.64016685687757,313
hgb|history_available|budget=18,2,4,hgb,history_available,18,0.64016685687757,313
hgb|history_available|budget=19,2,4,hgb,history_available,19,0.64016685687757,313
hgb|history_available|budget=20,2,4,hgb,history_available,20,0.64016685687757,313
hgb|history_available|budget=21,2,4,hgb,history_available,21,0.64016685687757,313
hgb|history_available|budget=22,2,4,hgb,history_available,22,0.64016685687757,313
hgb|history_available|budget=23,2,4,hgb,history_available,23,0.64016685687757,313
hgb|history_available|budget=24,2,4,hgb,history_available,24,0.64016685687757,313
hgb|history_available|budget=25,2,4,hgb,history_available,25,0.64016685687757,313
hgb|history_available|budget=26,2,4,hgb,history_available,26,0.64016685687757,313
hgb|history_available|budget=27,2,4,hgb,history_available,27,0.64016685687757,313
hgb|history_available|budget=28,2,4,hgb,history_available,28,0.64016685687757,313
hgb|history_available|budget=29,2,4,hgb,history_available,29,0.64016685687757,313
hgb|history_available|budget=30,2,4,hgb,history_available,30,0.64016685687757,313
hgb|history_unavailable|budget=00,2,4,hgb,history_unavailable,0,0.6853643289188565,313
hgb|history_unavailable|budget=01,2,4,hgb,history_unavailable,1,0.6759923221952678,313
hgb|history_unavailable|budget=02,2,4,hgb,history_unavailable,2,0.6751412491063745,313
hgb|history_unavailable|budget=03,2,4,hgb,history_unavailable,3,0.676614736996758,313
hgb|history_unavailable|budget=04,2,4,hgb,history_unavailable,4,0.6742010027663795,313
hgb|history_unavailable|budget=05,2,4,hgb,history_unavailable,5,0.6704093749048007,313
hgb|history_unavailable|budget=06,2,4,hgb,history_unavailable,6,0.6653830142707368,313
hgb|history_unavailable|budget=07,2,4,hgb,history_unavailable,7,0.6665440517032026,313
hgb|history_unavailable|budget=08,2,4,hgb,history_unavailable,8,0.6665440517032026,313
hgb|history_unavailable|budget=09,2,4,hgb,history_unavailable,9,0.6665440517032026,313
hgb|history_unavailable|budget=10,2,4,hgb,history_unavailable,10,0.6665440517032026,313
hgb|history_unavailable|budget=11,2,4,hgb,history_unavailable,11,0.6665440517032026,313
hgb|history_unavailable|budget=12,2,4,hgb,history_unavailable,12,0.6665440517032026,313
hgb|history_unavailable|budget=13,2,4,hgb,history_unavailable,13,0.6665440517032026,313
hgb|history_unavailable|budget=14,2,4,hgb,history_unavailable,14,0.6665440517032026,313
hgb|history_unavailable|budget=15,2,4,hgb,history_unavailable,15,0.6597956141437771,313
hgb|history_unavailable|budget=16,2,4,hgb,history_unavailable,16,0.6545732892869223,313
hgb|history_unavailable|budget=17,2,4,hgb,history_unavailable,17,0.6509926705039117,313
hgb|history_unavailable|budget=18,2,4,hgb,history_unavailable,18,0.6515838811950315,313
hgb|history_unavailable|budget=19,2,4,hgb,history_unavailable,19,0.6515838811950315,313
hgb|history_unavailable|budget=20,2,4,hgb,history_unavailable,20,0.6515838811950315,313
hgb|history_unavailable|budget=21,2,4,hgb,history_unavailable,21,0.6515838811950315,313
hgb|history_unavailable|budget=22,2,4,hgb,history_unavailable,22,0.6515838811950315,313
hgb|history_unavailable|budget=23,2,4,hgb,history_unavailable,23,0.6515838811950315,313
hgb|history_unavailable|budget=24,2,4,hgb,history_unavailable,24,0.6515838811950315,313
hgb|history_unavailable|budget=25,2,4,hgb,history_unavailable,25,0.6515838811950315,313
hgb|history_unavailable|budget=26,2,4,hgb,history_unavailable,26,0.6515838811950315,313
hgb|history_unavailable|budget=27,2,4,hgb,history_unavailable,27,0.6515838811950315,313
hgb|history_unavailable|budget=28,2,4,hgb,history_unavailable,28,0.6515838811950315,313
hgb|history_unavailable|budget=29,2,4,hgb,history_unavailable,29,0.6515838811950315,313
hgb|history_unavailable|budget=30,2,4,hgb,history_unavailable,30,0.6515838811950315,313
ridge|history_available|budget=00,2,5,ridge,history_available,0,0.677615857963107,313
ridge|history_available|budget=01,2,5,ridge,history_available,1,0.6738370077693913,313
ridge|history_available|budget=02,2,5,ridge,history_available,2,0.6732857447552344,313
ridge|history_available|budget=03,2,5,ridge,history_available,3,0.6787968384765791,313
ridge|history_available|budget=04,2,5,ridge,history_available,4,0.6636415566293586,313
ridge|history_available|budget=05,2,5,ridge,history_available,5,0.6629580232944788,313
ridge|history_available|budget=06,2,5,ridge,history_available,6,0.661089570553699,313
ridge|history_available|budget=07,2,5,ridge,history_available,7,0.6688774769903187,313
ridge|history_available|budget=08,2,5,ridge,history_available,8,0.6710463988404856,313
ridge|history_available|budget=09,2,5,ridge,history_available,9,0.6710463988404856,313
ridge|history_available|budget=10,2,5,ridge,history_available,10,0.6710463988404856,313
ridge|history_available|budget=11,2,5,ridge,history_available,11,0.6710463988404856,313
ridge|history_available|budget=12,2,5,ridge,history_available,12,0.6710463988404856,313
ridge|history_available|budget=13,2,5,ridge,history_available,13,0.6710463988404856,313
ridge|history_available|budget=14,2,5,ridge,history_available,14,0.6710463988404856,313
ridge|history_available|budget=15,2,5,ridge,history_available,15,0.6710463988404856,313
ridge|history_available|budget=16,2,5,ridge,history_available,16,0.6502359555464476,313
ridge|history_available|budget=17,2,5,ridge,history_available,17,0.6495681116545166,313
ridge|history_available|budget=18,2,5,ridge,history_available,18,0.6519506449579319,313
ridge|history_available|budget=19,2,5,ridge,history_available,19,0.6519506449579319,313
ridge|history_available|budget=20,2,5,ridge,history_available,20,0.6519506449579319,313
ridge|history_available|budget=21,2,5,ridge,history_available,21,0.6519506449579319,313
ridge|history_available|budget=22,2,5,ridge,history_available,22,0.6519506449579319,313
ridge|history_available|budget=23,2,5,ridge,history_available,23,0.6519506449579319,313
ridge|history_available|budget=24,2,5,ridge,history_available,24,0.6519506449579319,313
ridge|history_available|budget=25,2,5,ridge,history_available,25,0.6519506449579319,313
ridge|history_available|budget=26,2,5,ridge,history_available,26,0.6519506449579319,313
ridge|history_available|budget=27,2,5,ridge,history_available,27,0.6519506449579319,313
ridge|history_available|budget=28,2,5,ridge,history_available,28,0.6552882852624111,313
ridge|history_available|budget=29,2,5,ridge,history_available,29,0.6552882852624111,313
ridge|history_available|budget=30,2,5,ridge,history_available,30,0.6552882852624111,313
ridge|history_unavailable|budget=00,2,5,ridge,history_unavailable,0,0.6853643289188565,313
ridge|history_unavailable|budget=01,2,5,ridge,history_unavailable,1,0.681048237008399,313
ridge|history_unavailable|budget=02,2,5,ridge,history_unavailable,2,0.6803544878512682,313
ridge|history_unavailable|budget=03,2,5,ridge,history_unavailable,3,0.6855645357821946,313
ridge|history_unavailable|budget=04,2,5,ridge,history_unavailable,4,0.6685115164850177,313
ridge|history_unavailable|budget=05,2,5,ridge,history_unavailable,5,0.6684555764960326,313
ridge|history_unavailable|budget=06,2,5,ridge,history_unavailable,6,0.6654028291308433,313
ridge|history_unavailable|budget=07,2,5,ridge,history_unavailable,7,0.6736435976046209,313
ridge|history_unavailable|budget=08,2,5,ridge,history_unavailable,8,0.6736435976046209,313
ridge|history_unavailable|budget=09,2,5,ridge,history_unavailable,9,0.6736435976046209,313
ridge|history_unavailable|budget=10,2,5,ridge,history_unavailable,10,0.6736435976046209,313
ridge|history_unavailable|budget=11,2,5,ridge,history_unavailable,11,0.6736435976046209,313
ridge|history_unavailable|budget=12,2,5,ridge,history_unavailable,12,0.6736435976046209,313
ridge|history_unavailable|budget=13,2,5,ridge,history_unavailable,13,0.6736435976046209,313
ridge|history_unavailable|budget=14,2,5,ridge,history_unavailable,14,0.6736435976046209,313
ridge|history_unavailable|budget=15,2,5,ridge,history_unavailable,15,0.6736435976046209,313
ridge|history_unavailable|budget=16,2,5,ridge,history_unavailable,16,0.6736435976046209,313
ridge|history_unavailable|budget=17,2,5,ridge,history_unavailable,17,0.6507939117075502,313
ridge|history_unavailable|budget=18,2,5,ridge,history_unavailable,18,0.6582348510661981,313
ridge|history_unavailable|budget=19,2,5,ridge,history_unavailable,19,0.6582348510661981,313
ridge|history_unavailable|budget=20,2,5,ridge,history_unavailable,20,0.6582348510661981,313
ridge|history_unavailable|budget=21,2,5,ridge,history_unavailable,21,0.6582348510661981,313
ridge|history_unavailable|budget=22,2,5,ridge,history_unavailable,22,0.6582348510661981,313
ridge|history_unavailable|budget=23,2,5,ridge,history_unavailable,23,0.6582348510661981,313
ridge|history_unavailable|budget=24,2,5,ridge,history_unavailable,24,0.6582348510661981,313
ridge|history_unavailable|budget=25,2,5,ridge,history_unavailable,25,0.6582348510661981,313
ridge|history_unavailable|budget=26,2,5,ridge,history_unavailable,26,0.6582348510661981,313
ridge|history_unavailable|budget=27,2,5,ridge,history_unavailable,27,0.6582348510661981,313
ridge|history_unavailable|budget=28,2,5,ridge,history_unavailable,28,0.6567997323896314,313
ridge|history_unavailable|budget=29,2,5,ridge,history_unavailable,29,0.6634840892943161,313
ridge|history_unavailable|budget=30,2,5,ridge,history_unavailable,30,0.6634840892943161,313
hgb|history_available|budget=00,2,5,hgb,history_available,0,0.6775589530752283,313
hgb|history_available|budget=01,2,5,hgb,history_available,1,0.6733546879685178,313
hgb|history_available|budget=02,2,5,hgb,history_available,2,0.6701786431055988,313
hgb|history_available|budget=03,2,5,hgb,history_available,3,0.6690876596755353,313
hgb|history_available|budget=04,2,5,hgb,history_available,4,0.6618400841378462,313
hgb|history_available|budget=05,2,5,hgb,history_available,5,0.6774748934450435,313
hgb|history_available|budget=06,2,5,hgb,history_available,6,0.6747491196695239,313
hgb|history_available|budget=07,2,5,hgb,history_available,7,0.6689360351084398,313
hgb|history_available|budget=08,2,5,hgb,history_available,8,0.671640843644167,313
hgb|history_available|budget=09,2,5,hgb,history_available,9,0.671640843644167,313
hgb|history_available|budget=10,2,5,hgb,history_available,10,0.671640843644167,313
hgb|history_available|budget=11,2,5,hgb,history_available,11,0.671640843644167,313
hgb|history_available|budget=12,2,5,hgb,history_available,12,0.671640843644167,313
hgb|history_available|budget=13,2,5,hgb,history_available,13,0.671640843644167,313
hgb|history_available|budget=14,2,5,hgb,history_available,14,0.671640843644167,313
hgb|history_available|budget=15,2,5,hgb,history_available,15,0.671640843644167,313
hgb|history_available|budget=16,2,5,hgb,history_available,16,0.658824439097,313
hgb|history_available|budget=17,2,5,hgb,history_available,17,0.6604222011755516,313
hgb|history_available|budget=18,2,5,hgb,history_available,18,0.6546492508606423,313
hgb|history_available|budget=19,2,5,hgb,history_available,19,0.6546492508606423,313
hgb|history_available|budget=20,2,5,hgb,history_available,20,0.6546492508606423,313
hgb|history_available|budget=21,2,5,hgb,history_available,21,0.6546492508606423,313
hgb|history_available|budget=22,2,5,hgb,history_available,22,0.6546492508606423,313
hgb|history_available|budget=23,2,5,hgb,history_available,23,0.6546492508606423,313
hgb|history_available|budget=24,2,5,hgb,history_available,24,0.6546492508606423,313
hgb|history_available|budget=25,2,5,hgb,history_available,25,0.6546492508606423,313
hgb|history_available|budget=26,2,5,hgb,history_available,26,0.6546492508606423,313
hgb|history_available|budget=27,2,5,hgb,history_available,27,0.6546492508606423,313
hgb|history_available|budget=28,2,5,hgb,history_available,28,0.6546492508606423,313
hgb|history_available|budget=29,2,5,hgb,history_available,29,0.6546492508606423,313
hgb|history_available|budget=30,2,5,hgb,history_available,30,0.6546492508606423,313
hgb|history_unavailable|budget=00,2,5,hgb,history_unavailable,0,0.6853643289188565,313
hgb|history_unavailable|budget=01,2,5,hgb,history_unavailable,1,0.6783428504933932,313
hgb|history_unavailable|budget=02,2,5,hgb,history_unavailable,2,0.6747887110342867,313
hgb|history_unavailable|budget=03,2,5,hgb,history_unavailable,3,0.6759514242944672,313
hgb|history_unavailable|budget=04,2,5,hgb,history_unavailable,4,0.6714845449487051,313
hgb|history_unavailable|budget=05,2,5,hgb,history_unavailable,5,0.6912045117018724,313
hgb|history_unavailable|budget=06,2,5,hgb,history_unavailable,6,0.6916930383736567,313
hgb|history_unavailable|budget=07,2,5,hgb,history_unavailable,7,0.6755148297122994,313
hgb|history_unavailable|budget=08,2,5,hgb,history_unavailable,8,0.6755148297122994,313
hgb|history_unavailable|budget=09,2,5,hgb,history_unavailable,9,0.6755148297122994,313
hgb|history_unavailable|budget=10,2,5,hgb,history_unavailable,10,0.6755148297122994,313
hgb|history_unavailable|budget=11,2,5,hgb,history_unavailable,11,0.6755148297122994,313
hgb|history_unavailable|budget=12,2,5,hgb,history_unavailable,12,0.6755148297122994,313
hgb|history_unavailable|budget=13,2,5,hgb,history_unavailable,13,0.6755148297122994,313
hgb|history_unavailable|budget=14,2,5,hgb,history_unavailable,14,0.6755148297122994,313
hgb|history_unavailable|budget=15,2,5,hgb,history_unavailable,15,0.6755148297122994,313
hgb|history_unavailable|budget=16,2,5,hgb,history_unavailable,16,0.6686841961648954,313
hgb|history_unavailable|budget=17,2,5,hgb,history_unavailable,17,0.6643863299896642,313
hgb|history_unavailable|budget=18,2,5,hgb,history_unavailable,18,0.6643863299896642,313
hgb|history_unavailable|budget=19,2,5,hgb,history_unavailable,19,0.6643863299896642,313
hgb|history_unavailable|budget=20,2,5,hgb,history_unavailable,20,0.6643863299896642,313
hgb|history_unavailable|budget=21,2,5,hgb,history_unavailable,21,0.6643863299896642,313
hgb|history_unavailable|budget=22,2,5,hgb,history_unavailable,22,0.6643863299896642,313
hgb|history_unavailable|budget=23,2,5,hgb,history_unavailable,23,0.6643863299896642,313
hgb|history_unavailable|budget=24,2,5,hgb,history_unavailable,24,0.6643863299896642,313
hgb|history_unavailable|budget=25,2,5,hgb,history_unavailable,25,0.6643863299896642,313
hgb|history_unavailable|budget=26,2,5,hgb,history_unavailable,26,0.6643863299896642,313
hgb|history_unavailable|budget=27,2,5,hgb,history_unavailable,27,0.6643863299896642,313
hgb|history_unavailable|budget=28,2,5,hgb,history_unavailable,28,0.6444714351641704,313
hgb|history_unavailable|budget=29,2,5,hgb,history_unavailable,29,0.6414173797251533,313
hgb|history_unavailable|budget=30,2,5,hgb,history_unavailable,30,0.6414173797251533,313
