policy_id,algorithm,availability,budget,history_available,selected_subset,source_model,chosen_model,chosen_subset,chosen_config,uses_history,selected_additional_items,selected_items,development_oof_log_loss,repeat,outer_fold,outer_training_n,outer_validation_n,selected_config_json,blocks_json
ridge|history_available|budget=00,ridge,history_available,0,True,H,ridge::H,ridge::H,H,0.1,True,0,0,0.6680262216306722,1,1,1252,313,0.1,"[""H""]"
ridge|history_available|budget=01,ridge,history_available,1,True,H_B,ridge::H_B,ridge::H_B,H_B,0.1,True,1,1,0.6636010034760408,1,1,1252,313,0.1,"[""H"", ""B""]"
ridge|history_available|budget=02,ridge,history_available,2,True,H_B_A,ridge::H_B_A,ridge::H_B_A,H_B_A,0.1,True,2,2,0.660643933598331,1,1,1252,313,0.1,"[""H"", ""B"", ""A""]"
ridge|history_available|budget=03,ridge,history_available,3,True,H_B_A,ridge::H_B_A,ridge::H_B_A,H_B_A,0.1,True,2,2,0.660643933598331,1,1,1252,313,0.1,"[""H"", ""B"", ""A""]"
ridge|history_available|budget=04,ridge,history_available,4,True,H_D,ridge::H_D,ridge::H_D,H_D,1.0,True,4,4,0.6428049133991814,1,1,1252,313,1.0,"[""H"", ""D""]"
ridge|history_available|budget=05,ridge,history_available,5,True,H_D_B,ridge::H_D_B,ridge::H_D_B,H_D_B,1.0,True,5,5,0.6405012573692243,1,1,1252,313,1.0,"[""H"", ""D"", ""B""]"
ridge|history_available|budget=06,ridge,history_available,6,True,H_D_B_A,ridge::H_D_B_A,ridge::H_D_B_A,H_D_B_A,1.0,True,6,6,0.6389765192576106,1,1,1252,313,1.0,"[""H"", ""D"", ""B"", ""A""]"
ridge|history_available|budget=07,ridge,history_available,7,True,H_D_B_M_A,ridge::H_D_B_M_A,ridge::H_D_B_M_A,H_D_B_M_A,1.0,True,7,7,0.6386286966851777,1,1,1252,313,1.0,"[""H"", ""D"", ""B"", ""M"", ""A""]"
ridge|history_available|budget=08,ridge,history_available,8,True,H_D_B_M_A,ridge::H_D_B_M_A,ridge::H_D_B_M_A,H_D_B_M_A,1.0,True,7,7,0.6386286966851777,1,1,1252,313,1.0,"[""H"", ""D"", ""B"", ""M"", ""A""]"
ridge|history_available|budget=09,ridge,history_available,9,True,H_D_B_M_A,ridge::H_D_B_M_A,ridge::H_D_B_M_A,H_D_B_M_A,1.0,True,7,7,0.6386286966851777,1,1,1252,313,1.0,"[""H"", ""D"", ""B"", ""M"", ""A""]"
ridge|history_available|budget=10,ridge,history_available,10,True,H_D_B_M_A,ridge::H_D_B_M_A,ridge::H_D_B_M_A,H_D_B_M_A,1.0,True,7,7,0.6386286966851777,1,1,1252,313,1.0,"[""H"", ""D"", ""B"", ""M"", ""A""]"
ridge|history_available|budget=11,ridge,history_available,11,True,H_D_B_M_A,ridge::H_D_B_M_A,ridge::H_D_B_M_A,H_D_B_M_A,1.0,True,7,7,0.6386286966851777,1,1,1252,313,1.0,"[""H"", ""D"", ""B"", ""M"", ""A""]"
ridge|history_available|budget=12,ridge,history_available,12,True,H_D_B_M_A,ridge::H_D_B_M_A,ridge::H_D_B_M_A,H_D_B_M_A,1.0,True,7,7,0.6386286966851777,1,1,1252,313,1.0,"[""H"", ""D"", ""B"", ""M"", ""A""]"
ridge|history_available|budget=13,ridge,history_available,13,True,H_D_B_M_A,ridge::H_D_B_M_A,ridge::H_D_B_M_A,H_D_B_M_A,1.0,True,7,7,0.6386286966851777,1,1,1252,313,1.0,"[""H"", ""D"", ""B"", ""M"", ""A""]"
ridge|history_available|budget=14,ridge,history_available,14,True,H_D_B_M_A,ridge::H_D_B_M_A,ridge::H_D_B_M_A,H_D_B_M_A,1.0,True,7,7,0.6386286966851777,1,1,1252,313,1.0,"[""H"", ""D"", ""B"", ""M"", ""A""]"
ridge|history_available|budget=15,ridge,history_available,15,True,H_D_B_M_A,ridge::H_D_B_M_A,ridge::H_D_B_M_A,H_D_B_M_A,1.0,True,7,7,0.6386286966851777,1,1,1252,313,1.0,"[""H"", ""D"", ""B"", ""M"", ""A""]"
ridge|history_available|budget=16,ridge,history_available,16,True,H_D_B_M_A,ridge::H_D_B_M_A,ridge::H_D_B_M_A,H_D_B_M_A,1.0,True,7,7,0.6386286966851777,1,1,1252,313,1.0,"[""H"", ""D"", ""B"", ""M"", ""A""]"
ridge|history_available|budget=17,ridge,history_available,17,True,H_D_B_A_K,ridge::H_D_B_A_K,ridge::H_D_B_A_K,H_D_B_A_K,1.0,True,17,17,0.6373622211751138,1,1,1252,313,1.0,"[""H"", ""D"", ""B"", ""A"", ""K""]"
ridge|history_available|budget=18,ridge,history_available,18,True,H_D_B_M_A_K,ridge::H_D_B_M_A_K,ridge::H_D_B_M_A_K,H_D_B_M_A_K,1.0,True,18,18,0.636446710947006,1,1,1252,313,1.0,"[""H"", ""D"", ""B"", ""M"", ""A"", ""K""]"
ridge|history_available|budget=19,ridge,history_available,19,True,H_D_B_M_A_K,ridge::H_D_B_M_A_K,ridge::H_D_B_M_A_K,H_D_B_M_A_K,1.0,True,18,18,0.636446710947006,1,1,1252,313,1.0,"[""H"", ""D"", ""B"", ""M"", ""A"", ""K""]"
ridge|history_available|budget=20,ridge,history_available,20,True,H_D_B_M_A_K,ridge::H_D_B_M_A_K,ridge::H_D_B_M_A_K,H_D_B_M_A_K,1.0,True,18,18,0.636446710947006,1,1,1252,313,1.0,"[""H"", ""D"", ""B"", ""M"", ""A"", ""K""]"
ridge|history_available|budget=21,ridge,history_available,21,True,H_D_B_M_A_K,ridge::H_D_B_M_A_K,ridge::H_D_B_M_A_K,H_D_B_M_A_K,1.0,True,18,18,0.636446710947006,1,1,1252,313,1.0,"[""H"", ""D"", ""B"", ""M"", ""A"", ""K""]"
ridge|history_available|budget=22,ridge,history_available,22,True,H_D_B_M_A_K,ridge::H_D_B_M_A_K,ridge::H_D_B_M_A_K,H_D_B_M_A_K,1.0,True,18,18,0.636446710947006,1,1,1252,313,1.0,"[""H"", ""D"", ""B"", ""M"", ""A"", ""K""]"
ridge|history_available|budget=23,ridge,history_available,23,True,H_D_B_M_A_K,ridge::H_D_B_M_A_K,ridge::H_D_B_M_A_K,H_D_B_M_A_K,1.0,True,18,18,0.636446710947006,1,1,1252,313,1.0,"[""H"", ""D"", ""B"", ""M"", ""A"", ""K""]"
ridge|history_available|budget=24,ridge,history_available,24,True,H_D_B_M_A_K,ridge::H_D_B_M_A_K,ridge::H_D_B_M_A_K,H_D_B_M_A_K,1.0,True,18,18,0.636446710947006,1,1,1252,313,1.0,"[""H"", ""D"", ""B"", ""M"", ""A"", ""K""]"
ridge|history_available|budget=25,ridge,history_available,25,True,H_D_B_M_A_K,ridge::H_D_B_M_A_K,ridge::H_D_B_M_A_K,H_D_B_M_A_K,1.0,True,18,18,0.636446710947006,1,1,1252,313,1.0,"[""H"", ""D"", ""B"", ""M"", ""A"", ""K""]"
ridge|history_available|budget=26,ridge,history_available,26,True,H_D_B_M_A_K,ridge::H_D_B_M_A_K,ridge::H_D_B_M_A_K,H_D_B_M_A_K,1.0,True,18,18,0.636446710947006,1,1,1252,313,1.0,"[""H"", ""D"", ""B"", ""M"", ""A"", ""K""]"
ridge|history_available|budget=27,ridge,history_available,27,True,H_D_B_M_A_K,ridge::H_D_B_M_A_K,ridge::H_D_B_M_A_K,H_D_B_M_A_K,1.0,True,18,18,0.636446710947006,1,1,1252,313,1.0,"[""H"", ""D"", ""B"", ""M"", ""A"", ""K""]"
ridge|history_available|budget=28,ridge,history_available,28,True,H_D_B_M_A_K,ridge::H_D_B_M_A_K,ridge::H_D_B_M_A_K,H_D_B_M_A_K,1.0,True,18,18,0.636446710947006,1,1,1252,313,1.0,"[""H"", ""D"", ""B"", ""M"", ""A"", ""K""]"
ridge|history_available|budget=29,ridge,history_available,29,True,H_D_B_M_P_A_K,ridge::H_D_B_M_P_A_K,ridge::H_D_B_M_P_A_K,H_D_B_M_P_A_K,1.0,True,29,29,0.6361941463178779,1,1,1252,313,1.0,"[""H"", ""D"", ""B"", ""M"", ""P"", ""A"", ""K""]"
ridge|history_available|budget=30,ridge,history_available,30,True,H_D_B_M_P_A_K,ridge::H_D_B_M_P_A_K,ridge::H_D_B_M_P_A_K,H_D_B_M_P_A_K,1.0,True,29,29,0.6361941463178779,1,1,1252,313,1.0,"[""H"", ""D"", ""B"", ""M"", ""P"", ""A"", ""K""]"
ridge|history_unavailable|budget=00,ridge,history_unavailable,0,False,NONE,ridge::NONE,ridge::NONE,NONE,0.001,False,0,0,0.685366991819929,1,1,1252,313,0.001,[]
ridge|history_unavailable|budget=01,ridge,history_unavailable,1,False,B,ridge::B,ridge::B,B,0.1,False,1,1,0.678023712267312,1,1,1252,313,0.1,"[""B""]"
ridge|history_unavailable|budget=02,ridge,history_unavailable,2,False,B_A,ridge::B_A,ridge::B_A,B_A,0.1,False,2,2,0.6733201383767118,1,1,1252,313,0.1,"[""B"", ""A""]"
ridge|history_unavailable|budget=03,ridge,history_unavailable,3,False,B_A,ridge::B_A,ridge::B_A,B_A,0.1,False,2,2,0.6733201383767118,1,1,1252,313,0.1,"[""B"", ""A""]"
ridge|history_unavailable|budget=04,ridge,history_unavailable,4,False,D,ridge::D,ridge::D,D,1.0,False,4,4,0.6614508343660673,1,1,1252,313,1.0,"[""D""]"
ridge|history_unavailable|budget=05,ridge,history_unavailable,5,False,D_B,ridge::D_B,ridge::D_B,D_B,1.0,False,5,5,0.6571260781595759,1,1,1252,313,1.0,"[""D"", ""B""]"
ridge|history_unavailable|budget=06,ridge,history_unavailable,6,False,D_B_A,ridge::D_B_A,ridge::D_B_A,D_B_A,1.0,False,6,6,0.6537726155343405,1,1,1252,313,1.0,"[""D"", ""B"", ""A""]"
ridge|history_unavailable|budget=07,ridge,history_unavailable,7,False,D_B_A,ridge::D_B_A,ridge::D_B_A,D_B_A,1.0,False,6,6,0.6537726155343405,1,1,1252,313,1.0,"[""D"", ""B"", ""A""]"
ridge|history_unavailable|budget=08,ridge,history_unavailable,8,False,D_B_A,ridge::D_B_A,ridge::D_B_A,D_B_A,1.0,False,6,6,0.6537726155343405,1,1,1252,313,1.0,"[""D"", ""B"", ""A""]"
ridge|history_unavailable|budget=09,ridge,history_unavailable,9,False,D_B_A,ridge::D_B_A,ridge::D_B_A,D_B_A,1.0,False,6,6,0.6537726155343405,1,1,1252,313,1.0,"[""D"", ""B"", ""A""]"
ridge|history_unavailable|budget=10,ridge,history_unavailable,10,False,D_B_A,ridge::D_B_A,ridge::D_B_A,D_B_A,1.0,False,6,6,0.6537726155343405,1,1,1252,313,1.0,"[""D"", ""B"", ""A""]"
ridge|history_unavailable|budget=11,ridge,history_unavailable,11,False,D_B_A,ridge::D_B_A,ridge::D_B_A,D_B_A,1.0,False,6,6,0.6537726155343405,1,1,1252,313,1.0,"[""D"", ""B"", ""A""]"
ridge|history_unavailable|budget=12,ridge,history_unavailable,12,False,D_B_A,ridge::D_B_A,ridge::D_B_A,D_B_A,1.0,False,6,6,0.6537726155343405,1,1,1252,313,1.0,"[""D"", ""B"", ""A""]"
ridge|history_unavailable|budget=13,ridge,history_unavailable,13,False,D_B_A,ridge::D_B_A,ridge::D_B_A,D_B_A,1.0,False,6,6,0.6537726155343405,1,1,1252,313,1.0,"[""D"", ""B"", ""A""]"
ridge|history_unavailable|budget=14,ridge,history_unavailable,14,False,D_B_A,ridge::D_B_A,ridge::D_B_A,D_B_A,1.0,False,6,6,0.6537726155343405,1,1,1252,313,1.0,"[""D"", ""B"", ""A""]"
ridge|history_unavailable|budget=15,ridge,history_unavailable,15,False,D_B_A,ridge::D_B_A,ridge::D_B_A,D_B_A,1.0,False,6,6,0.6537726155343405,1,1,1252,313,1.0,"[""D"", ""B"", ""A""]"
ridge|history_unavailable|budget=16,ridge,history_unavailable,16,False,D_B_K,ridge::D_B_K,ridge::D_B_K,D_B_K,0.1,False,16,16,0.652918879830326,1,1,1252,313,0.1,"[""D"", ""B"", ""K""]"
ridge|history_unavailable|budget=17,ridge,history_unavailable,17,False,D_B_A_K,ridge::D_B_A_K,ridge::D_B_A_K,D_B_A_K,0.1,False,17,17,0.6499317652917067,1,1,1252,313,0.1,"[""D"", ""B"", ""A"", ""K""]"
ridge|history_unavailable|budget=18,ridge,history_unavailable,18,False,D_B_M_A_K,ridge::D_B_M_A_K,ridge::D_B_M_A_K,D_B_M_A_K,0.1,False,18,18,0.6496475994454122,1,1,1252,313,0.1,"[""D"", ""B"", ""M"", ""A"", ""K""]"
ridge|history_unavailable|budget=19,ridge,history_unavailable,19,False,D_B_M_A_K,ridge::D_B_M_A_K,ridge::D_B_M_A_K,D_B_M_A_K,0.1,False,18,18,0.6496475994454122,1,1,1252,313,0.1,"[""D"", ""B"", ""M"", ""A"", ""K""]"
ridge|history_unavailable|budget=20,ridge,history_unavailable,20,False,D_B_M_A_K,ridge::D_B_M_A_K,ridge::D_B_M_A_K,D_B_M_A_K,0.1,False,18,18,0.6496475994454122,1,1,1252,313,0.1,"[""D"", ""B"", ""M"", ""A"", ""K""]"
ridge|history_unavailable|budget=21,ridge,history_unavailable,21,False,D_B_M_A_K,ridge::D_B_M_A_K,ridge::D_B_M_A_K,D_B_M_A_K,0.1,False,18,18,0.6496475994454122,1,1,1252,313,0.1,"[""D"", ""B"", ""M"", ""A"", ""K""]"
ridge|history_unavailable|budget=22,ridge,history_unavailable,22,False,D_B_M_A_K,ridge::D_B_M_A_K,ridge::D_B_M_A_K,D_B_M_A_K,0.1,False,18,18,0.6496475994454122,1,1,1252,313,0.1,"[""D"", ""B"", ""M"", ""A"", ""K""]"
ridge|history_unavailable|budget=23,ridge,history_unavailable,23,False,D_B_M_A_K,ridge::D_B_M_A_K,ridge::D_B_M_A_K,D_B_M_A_K,0.1,False,18,18,0.6496475994454122,1,1,1252,313,0.1,"[""D"", ""B"", ""M"", ""A"", ""K""]"
ridge|history_unavailable|budget=24,ridge,history_unavailable,24,False,D_B_M_A_K,ridge::D_B_M_A_K,ridge::D_B_M_A_K,D_B_M_A_K,0.1,False,18,18,0.6496475994454122,1,1,1252,313,0.1,"[""D"", ""B"", ""M"", ""A"", ""K""]"
ridge|history_unavailable|budget=25,ridge,history_unavailable,25,False,D_B_M_A_K,ridge::D_B_M_A_K,ridge::D_B_M_A_K,D_B_M_A_K,0.1,False,18,18,0.6496475994454122,1,1,1252,313,0.1,"[""D"", ""B"", ""M"", ""A"", ""K""]"
ridge|history_unavailable|budget=26,ridge,history_unavailable,26,False,D_B_M_A_K,ridge::D_B_M_A_K,ridge::D_B_M_A_K,D_B_M_A_K,0.1,False,18,18,0.6496475994454122,1,1,1252,313,0.1,"[""D"", ""B"", ""M"", ""A"", ""K""]"
ridge|history_unavailable|budget=27,ridge,history_unavailable,27,False,D_B_M_A_K,ridge::D_B_M_A_K,ridge::D_B_M_A_K,D_B_M_A_K,0.1,False,18,18,0.6496475994454122,1,1,1252,313,0.1,"[""D"", ""B"", ""M"", ""A"", ""K""]"
ridge|history_unavailable|budget=28,ridge,history_unavailable,28,False,D_B_P_A_K,ridge::D_B_P_A_K,ridge::D_B_P_A_K,D_B_P_A_K,0.1,False,28,28,0.6494413095584335,1,1,1252,313,0.1,"[""D"", ""B"", ""P"", ""A"", ""K""]"
ridge|history_unavailable|budget=29,ridge,history_unavailable,29,False,D_B_M_P_A_K,ridge::D_B_M_P_A_K,ridge::D_B_M_P_A_K,D_B_M_P_A_K,0.1,False,29,29,0.6491927118862385,1,1,1252,313,0.1,"[""D"", ""B"", ""M"", ""P"", ""A"", ""K""]"
ridge|history_unavailable|budget=30,ridge,history_unavailable,30,False,D_B_M_P_A_K,ridge::D_B_M_P_A_K,ridge::D_B_M_P_A_K,D_B_M_P_A_K,0.1,False,29,29,0.6491927118862385,1,1,1252,313,0.1,"[""D"", ""B"", ""M"", ""P"", ""A"", ""K""]"
hgb|history_available|budget=00,hgb,history_available,0,True,H,hgb::H,hgb::H,H,"{""learning_rate"": 0.05, ""max_leaf_nodes"": 3}",True,0,0,0.6680449745654595,1,1,1252,313,"{""learning_rate"": 0.05, ""max_leaf_nodes"": 3}","[""H""]"
hgb|history_available|budget=01,hgb,history_available,1,True,H_B,hgb::H_B,hgb::H_B,H_B,"{""learning_rate"": 0.05, ""max_leaf_nodes"": 3}",True,1,1,0.6621563789426957,1,1,1252,313,"{""learning_rate"": 0.05, ""max_leaf_nodes"": 3}","[""H"", ""B""]"
hgb|history_available|budget=02,hgb,history_available,2,True,H_B_A,hgb::H_B_A,hgb::H_B_A,H_B_A,"{""learning_rate"": 0.05, ""max_leaf_nodes"": 3}",True,2,2,0.6607626139091816,1,1,1252,313,"{""learning_rate"": 0.05, ""max_leaf_nodes"": 3}","[""H"", ""B"", ""A""]"
hgb|history_available|budget=03,hgb,history_available,3,True,H_B_M_A,hgb::H_B_M_A,hgb::H_B_M_A,H_B_M_A,"{""learning_rate"": 0.05, ""max_leaf_nodes"": 3}",True,3,3,0.6579481880342195,1,1,1252,313,"{""learning_rate"": 0.05, ""max_leaf_nodes"": 3}","[""H"", ""B"", ""M"", ""A""]"
hgb|history_available|budget=04,hgb,history_available,4,True,H_D,hgb::H_D,hgb::H_D,H_D,"{""learning_rate"": 0.05, ""max_leaf_nodes"": 3}",True,4,4,0.6530872971539494,1,1,1252,313,"{""learning_rate"": 0.05, ""max_leaf_nodes"": 3}","[""H"", ""D""]"
hgb|history_available|budget=05,hgb,history_available,5,True,H_D_B,hgb::H_D_B,hgb::H_D_B,H_D_B,"{""learning_rate"": 0.05, ""max_leaf_nodes"": 3}",True,5,5,0.6493546198396105,1,1,1252,313,"{""learning_rate"": 0.05, ""max_leaf_nodes"": 3}","[""H"", ""D"", ""B""]"
hgb|history_available|budget=06,hgb,history_available,6,True,H_D_B_M,hgb::H_D_B_M,hgb::H_D_B_M,H_D_B_M,"{""learning_rate"": 0.05, ""max_leaf_nodes"": 7}",True,6,6,0.6477612566056048,1,1,1252,313,"{""learning_rate"": 0.05, ""max_leaf_nodes"": 7}","[""H"", ""D"", ""B"", ""M""]"
hgb|history_available|budget=07,hgb,history_available,7,True,H_D_B_M_A,hgb::H_D_B_M_A,hgb::H_D_B_M_A,H_D_B_M_A,"{""learning_rate"": 0.05, ""max_leaf_nodes"": 7}",True,7,7,0.6467067677580081,1,1,1252,313,"{""learning_rate"": 0.05, ""max_leaf_nodes"": 7}","[""H"", ""D"", ""B"", ""M"", ""A""]"
hgb|history_available|budget=08,hgb,history_available,8,True,H_D_B_M_A,hgb::H_D_B_M_A,hgb::H_D_B_M_A,H_D_B_M_A,"{""learning_rate"": 0.05, ""max_leaf_nodes"": 7}",True,7,7,0.6467067677580081,1,1,1252,313,"{""learning_rate"": 0.05, ""max_leaf_nodes"": 7}","[""H"", ""D"", ""B"", ""M"", ""A""]"
hgb|history_available|budget=09,hgb,history_available,9,True,H_D_B_M_A,hgb::H_D_B_M_A,hgb::H_D_B_M_A,H_D_B_M_A,"{""learning_rate"": 0.05, ""max_leaf_nodes"": 7}",True,7,7,0.6467067677580081,1,1,1252,313,"{""learning_rate"": 0.05, ""max_leaf_nodes"": 7}","[""H"", ""D"", ""B"", ""M"", ""A""]"
hgb|history_available|budget=10,hgb,history_available,10,True,H_D_B_M_A,hgb::H_D_B_M_A,hgb::H_D_B_M_A,H_D_B_M_A,"{""learning_rate"": 0.05, ""max_leaf_nodes"": 7}",True,7,7,0.6467067677580081,1,1,1252,313,"{""learning_rate"": 0.05, ""max_leaf_nodes"": 7}","[""H"", ""D"", ""B"", ""M"", ""A""]"
hgb|history_available|budget=11,hgb,history_available,11,True,H_D_B_M_A,hgb::H_D_B_M_A,hgb::H_D_B_M_A,H_D_B_M_A,"{""learning_rate"": 0.05, ""max_leaf_nodes"": 7}",True,7,7,0.6467067677580081,1,1,1252,313,"{""learning_rate"": 0.05, ""max_leaf_nodes"": 7}","[""H"", ""D"", ""B"", ""M"", ""A""]"
hgb|history_available|budget=12,hgb,history_available,12,True,H_D_B_M_A,hgb::H_D_B_M_A,hgb::H_D_B_M_A,H_D_B_M_A,"{""learning_rate"": 0.05, ""max_leaf_nodes"": 7}",True,7,7,0.6467067677580081,1,1,1252,313,"{""learning_rate"": 0.05, ""max_leaf_nodes"": 7}","[""H"", ""D"", ""B"", ""M"", ""A""]"
hgb|history_available|budget=13,hgb,history_available,13,True,H_D_B_M_A,hgb::H_D_B_M_A,hgb::H_D_B_M_A,H_D_B_M_A,"{""learning_rate"": 0.05, ""max_leaf_nodes"": 7}",True,7,7,0.6467067677580081,1,1,1252,313,"{""learning_rate"": 0.05, ""max_leaf_nodes"": 7}","[""H"", ""D"", ""B"", ""M"", ""A""]"
hgb|history_available|budget=14,hgb,history_available,14,True,H_D_B_M_A,hgb::H_D_B_M_A,hgb::H_D_B_M_A,H_D_B_M_A,"{""learning_rate"": 0.05, ""max_leaf_nodes"": 7}",True,7,7,0.6467067677580081,1,1,1252,313,"{""learning_rate"": 0.05, ""max_leaf_nodes"": 7}","[""H"", ""D"", ""B"", ""M"", ""A""]"
hgb|history_available|budget=15,hgb,history_available,15,True,H_D_B_M_A,hgb::H_D_B_M_A,hgb::H_D_B_M_A,H_D_B_M_A,"{""learning_rate"": 0.05, ""max_leaf_nodes"": 7}",True,7,7,0.6467067677580081,1,1,1252,313,"{""learning_rate"": 0.05, ""max_leaf_nodes"": 7}","[""H"", ""D"", ""B"", ""M"", ""A""]"
hgb|history_available|budget=16,hgb,history_available,16,True,H_D_B_P,hgb::H_D_B_P,hgb::H_D_B_P,H_D_B_P,"{""learning_rate"": 0.05, ""max_leaf_nodes"": 7}",True,16,16,0.640741527181533,1,1,1252,313,"{""learning_rate"": 0.05, ""max_leaf_nodes"": 7}","[""H"", ""D"", ""B"", ""P""]"
hgb|history_available|budget=17,hgb,history_available,17,True,H_D_B_P_A,hgb::H_D_B_P_A,hgb::H_D_B_P_A,H_D_B_P_A,"{""learning_rate"": 0.05, ""max_leaf_nodes"": 7}",True,17,17,0.638446916788732,1,1,1252,313,"{""learning_rate"": 0.05, ""max_leaf_nodes"": 7}","[""H"", ""D"", ""B"", ""P"", ""A""]"
hgb|history_available|budget=18,hgb,history_available,18,True,H_D_B_M_P_A,hgb::H_D_B_M_P_A,hgb::H_D_B_M_P_A,H_D_B_M_P_A,"{""learning_rate"": 0.05, ""max_leaf_nodes"": 7}",True,18,18,0.6364847854293975,1,1,1252,313,"{""learning_rate"": 0.05, ""max_leaf_nodes"": 7}","[""H"", ""D"", ""B"", ""M"", ""P"", ""A""]"
hgb|history_available|budget=19,hgb,history_available,19,True,H_D_B_M_P_A,hgb::H_D_B_M_P_A,hgb::H_D_B_M_P_A,H_D_B_M_P_A,"{""learning_rate"": 0.05, ""max_leaf_nodes"": 7}",True,18,18,0.6364847854293975,1,1,1252,313,"{""learning_rate"": 0.05, ""max_leaf_nodes"": 7}","[""H"", ""D"", ""B"", ""M"", ""P"", ""A""]"
hgb|history_available|budget=20,hgb,history_available,20,True,H_D_B_M_P_A,hgb::H_D_B_M_P_A,hgb::H_D_B_M_P_A,H_D_B_M_P_A,"{""learning_rate"": 0.05, ""max_leaf_nodes"": 7}",True,18,18,0.6364847854293975,1,1,1252,313,"{""learning_rate"": 0.05, ""max_leaf_nodes"": 7}","[""H"", ""D"", ""B"", ""M"", ""P"", ""A""]"
hgb|history_available|budget=21,hgb,history_available,21,True,H_D_B_M_P_A,hgb::H_D_B_M_P_A,hgb::H_D_B_M_P_A,H_D_B_M_P_A,"{""learning_rate"": 0.05, ""max_leaf_nodes"": 7}",True,18,18,0.6364847854293975,1,1,1252,313,"{""learning_rate"": 0.05, ""max_leaf_nodes"": 7}","[""H"", ""D"", ""B"", ""M"", ""P"", ""A""]"
hgb|history_available|budget=22,hgb,history_available,22,True,H_D_B_M_P_A,hgb::H_D_B_M_P_A,hgb::H_D_B_M_P_A,H_D_B_M_P_A,"{""learning_rate"": 0.05, ""max_leaf_nodes"": 7}",True,18,18,0.6364847854293975,1,1,1252,313,"{""learning_rate"": 0.05, ""max_leaf_nodes"": 7}","[""H"", ""D"", ""B"", ""M"", ""P"", ""A""]"
hgb|history_available|budget=23,hgb,history_available,23,True,H_D_B_M_P_A,hgb::H_D_B_M_P_A,hgb::H_D_B_M_P_A,H_D_B_M_P_A,"{""learning_rate"": 0.05, ""max_leaf_nodes"": 7}",True,18,18,0.6364847854293975,1,1,1252,313,"{""learning_rate"": 0.05, ""max_leaf_nodes"": 7}","[""H"", ""D"", ""B"", ""M"", ""P"", ""A""]"
hgb|history_available|budget=24,hgb,history_available,24,True,H_D_B_M_P_A,hgb::H_D_B_M_P_A,hgb::H_D_B_M_P_A,H_D_B_M_P_A,"{""learning_rate"": 0.05, ""max_leaf_nodes"": 7}",True,18,18,0.6364847854293975,1,1,1252,313,"{""learning_rate"": 0.05, ""max_leaf_nodes"": 7}","[""H"", ""D"", ""B"", ""M"", ""P"", ""A""]"
hgb|history_available|budget=25,hgb,history_available,25,True,H_D_B_M_P_A,hgb::H_D_B_M_P_A,hgb::H_D_B_M_P_A,H_D_B_M_P_A,"{""learning_rate"": 0.05, ""max_leaf_nodes"": 7}",True,18,18,0.6364847854293975,1,1,1252,313,"{""learning_rate"": 0.05, ""max_leaf_nodes"": 7}","[""H"", ""D"", ""B"", ""M"", ""P"", ""A""]"
hgb|history_available|budget=26,hgb,history_available,26,True,H_D_B_M_P_A,hgb::H_D_B_M_P_A,hgb::H_D_B_M_P_A,H_D_B_M_P_A,"{""learning_rate"": 0.05, ""max_leaf_nodes"": 7}",True,18,18,0.6364847854293975,1,1,1252,313,"{""learning_rate"": 0.05, ""max_leaf_nodes"": 7}","[""H"", ""D"", ""B"", ""M"", ""P"", ""A""]"
hgb|history_available|budget=27,hgb,history_available,27,True,H_D_B_M_P_A,hgb::H_D_B_M_P_A,hgb::H_D_B_M_P_A,H_D_B_M_P_A,"{""learning_rate"": 0.05, ""max_leaf_nodes"": 7}",True,18,18,0.6364847854293975,1,1,1252,313,"{""learning_rate"": 0.05, ""max_leaf_nodes"": 7}","[""H"", ""D"", ""B"", ""M"", ""P"", ""A""]"
hgb|history_available|budget=28,hgb,history_available,28,True,H_D_B_M_P_A,hgb::H_D_B_M_P_A,hgb::H_D_B_M_P_A,H_D_B_M_P_A,"{""learning_rate"": 0.05, ""max_leaf_nodes"": 7}",True,18,18,0.6364847854293975,1,1,1252,313,"{""learning_rate"": 0.05, ""max_leaf_nodes"": 7}","[""H"", ""D"", ""B"", ""M"", ""P"", ""A""]"
hgb|history_available|budget=29,hgb,history_available,29,True,H_D_B_M_P_A,hgb::H_D_B_M_P_A,hgb::H_D_B_M_P_A,H_D_B_M_P_A,"{""learning_rate"": 0.05, ""max_leaf_nodes"": 7}",True,18,18,0.6364847854293975,1,1,1252,313,"{""learning_rate"": 0.05, ""max_leaf_nodes"": 7}","[""H"", ""D"", ""B"", ""M"", ""P"", ""A""]"
hgb|history_available|budget=30,hgb,history_available,30,True,H_D_B_M_P_A,hgb::H_D_B_M_P_A,hgb::H_D_B_M_P_A,H_D_B_M_P_A,"{""learning_rate"": 0.05, ""max_leaf_nodes"": 7}",True,18,18,0.6364847854293975,1,1,1252,313,"{""learning_rate"": 0.05, ""max_leaf_nodes"": 7}","[""H"", ""D"", ""B"", ""M"", ""P"", ""A""]"
hgb|history_unavailable|budget=00,hgb,history_unavailable,0,False,NONE,hgb::NONE,hgb::NONE,NONE,"{""learning_rate"": 0.05, ""max_leaf_nodes"": 3}",False,0,0,0.685366991819929,1,1,1252,313,"{""learning_rate"": 0.05, ""max_leaf_nodes"": 3}",[]
hgb|history_unavailable|budget=01,hgb,history_unavailable,1,False,B,hgb::B,hgb::B,B,"{""learning_rate"": 0.05, ""max_leaf_nodes"": 3}",False,1,1,0.6759180178810583,1,1,1252,313,"{""learning_rate"": 0.05, ""max_leaf_nodes"": 3}","[""B""]"
hgb|history_unavailable|budget=02,hgb,history_unavailable,2,False,B_A,hgb::B_A,hgb::B_A,B_A,"{""learning_rate"": 0.05, ""max_leaf_nodes"": 3}",False,2,2,0.6720532208590574,1,1,1252,313,"{""learning_rate"": 0.05, ""max_leaf_nodes"": 3}","[""B"", ""A""]"
hgb|history_unavailable|budget=03,hgb,history_unavailable,3,False,B_M_A,hgb::B_M_A,hgb::B_M_A,B_M_A,"{""learning_rate"": 0.05, ""max_leaf_nodes"": 3}",False,3,3,0.6715578496464584,1,1,1252,313,"{""learning_rate"": 0.05, ""max_leaf_nodes"": 3}","[""B"", ""M"", ""A""]"
hgb|history_unavailable|budget=04,hgb,history_unavailable,4,False,B_M_A,hgb::B_M_A,hgb::B_M_A,B_M_A,"{""learning_rate"": 0.05, ""max_leaf_nodes"": 3}",False,3,3,0.6715578496464584,1,1,1252,313,"{""learning_rate"": 0.05, ""max_leaf_nodes"": 3}","[""B"", ""M"", ""A""]"
hgb|history_unavailable|budget=05,hgb,history_unavailable,5,False,D_B,hgb::D_B,hgb::D_B,D_B,"{""learning_rate"": 0.05, ""max_leaf_nodes"": 3}",False,5,5,0.6674038428877471,1,1,1252,313,"{""learning_rate"": 0.05, ""max_leaf_nodes"": 3}","[""D"", ""B""]"
hgb|history_unavailable|budget=06,hgb,history_unavailable,6,False,D_B_A,hgb::D_B_A,hgb::D_B_A,D_B_A,"{""learning_rate"": 0.05, ""max_leaf_nodes"": 3}",False,6,6,0.6646619820084039,1,1,1252,313,"{""learning_rate"": 0.05, ""max_leaf_nodes"": 3}","[""D"", ""B"", ""A""]"
hgb|history_unavailable|budget=07,hgb,history_unavailable,7,False,D_B_M_A,hgb::D_B_M_A,hgb::D_B_M_A,D_B_M_A,"{""learning_rate"": 0.05, ""max_leaf_nodes"": 7}",False,7,7,0.6630842142564701,1,1,1252,313,"{""learning_rate"": 0.05, ""max_leaf_nodes"": 7}","[""D"", ""B"", ""M"", ""A""]"
hgb|history_unavailable|budget=08,hgb,history_unavailable,8,False,D_B_M_C_A,hgb::D_B_M_C_A,hgb::D_B_M_C_A,D_B_M_C_A,"{""learning_rate"": 0.05, ""max_leaf_nodes"": 7}",False,8,8,0.6620008419002741,1,1,1252,313,"{""learning_rate"": 0.05, ""max_leaf_nodes"": 7}","[""D"", ""B"", ""M"", ""C"", ""A""]"
hgb|history_unavailable|budget=09,hgb,history_unavailable,9,False,D_B_M_C_A,hgb::D_B_M_C_A,hgb::D_B_M_C_A,D_B_M_C_A,"{""learning_rate"": 0.05, ""max_leaf_nodes"": 7}",False,8,8,0.6620008419002741,1,1,1252,313,"{""learning_rate"": 0.05, ""max_leaf_nodes"": 7}","[""D"", ""B"", ""M"", ""C"", ""A""]"
hgb|history_unavailable|budget=10,hgb,history_unavailable,10,False,D_B_M_C_A,hgb::D_B_M_C_A,hgb::D_B_M_C_A,D_B_M_C_A,"{""learning_rate"": 0.05, ""max_leaf_nodes"": 7}",False,8,8,0.6620008419002741,1,1,1252,313,"{""learning_rate"": 0.05, ""max_leaf_nodes"": 7}","[""D"", ""B"", ""M"", ""C"", ""A""]"
hgb|history_unavailable|budget=11,hgb,history_unavailable,11,False,D_B_M_C_A,hgb::D_B_M_C_A,hgb::D_B_M_C_A,D_B_M_C_A,"{""learning_rate"": 0.05, ""max_leaf_nodes"": 7}",False,8,8,0.6620008419002741,1,1,1252,313,"{""learning_rate"": 0.05, ""max_leaf_nodes"": 7}","[""D"", ""B"", ""M"", ""C"", ""A""]"
hgb|history_unavailable|budget=12,hgb,history_unavailable,12,False,D_B_M_C_A,hgb::D_B_M_C_A,hgb::D_B_M_C_A,D_B_M_C_A,"{""learning_rate"": 0.05, ""max_leaf_nodes"": 7}",False,8,8,0.6620008419002741,1,1,1252,313,"{""learning_rate"": 0.05, ""max_leaf_nodes"": 7}","[""D"", ""B"", ""M"", ""C"", ""A""]"
hgb|history_unavailable|budget=13,hgb,history_unavailable,13,False,D_B_M_C_A,hgb::D_B_M_C_A,hgb::D_B_M_C_A,D_B_M_C_A,"{""learning_rate"": 0.05, ""max_leaf_nodes"": 7}",False,8,8,0.6620008419002741,1,1,1252,313,"{""learning_rate"": 0.05, ""max_leaf_nodes"": 7}","[""D"", ""B"", ""M"", ""C"", ""A""]"
hgb|history_unavailable|budget=14,hgb,history_unavailable,14,False,D_B_M_C_A,hgb::D_B_M_C_A,hgb::D_B_M_C_A,D_B_M_C_A,"{""learning_rate"": 0.05, ""max_leaf_nodes"": 7}",False,8,8,0.6620008419002741,1,1,1252,313,"{""learning_rate"": 0.05, ""max_leaf_nodes"": 7}","[""D"", ""B"", ""M"", ""C"", ""A""]"
hgb|history_unavailable|budget=15,hgb,history_unavailable,15,False,D_B_M_C_A,hgb::D_B_M_C_A,hgb::D_B_M_C_A,D_B_M_C_A,"{""learning_rate"": 0.05, ""max_leaf_nodes"": 7}",False,8,8,0.6620008419002741,1,1,1252,313,"{""learning_rate"": 0.05, ""max_leaf_nodes"": 7}","[""D"", ""B"", ""M"", ""C"", ""A""]"
hgb|history_unavailable|budget=16,hgb,history_unavailable,16,False,D_B_P,hgb::D_B_P,hgb::D_B_P,D_B_P,"{""learning_rate"": 0.05, ""max_leaf_nodes"": 7}",False,16,16,0.6575933944310614,1,1,1252,313,"{""learning_rate"": 0.05, ""max_leaf_nodes"": 7}","[""D"", ""B"", ""P""]"
hgb|history_unavailable|budget=17,hgb,history_unavailable,17,False,D_B_P_A,hgb::D_B_P_A,hgb::D_B_P_A,D_B_P_A,"{""learning_rate"": 0.05, ""max_leaf_nodes"": 7}",False,17,17,0.6553255029740092,1,1,1252,313,"{""learning_rate"": 0.05, ""max_leaf_nodes"": 7}","[""D"", ""B"", ""P"", ""A""]"
hgb|history_unavailable|budget=18,hgb,history_unavailable,18,False,D_B_M_P_A,hgb::D_B_M_P_A,hgb::D_B_M_P_A,D_B_M_P_A,"{""learning_rate"": 0.05, ""max_leaf_nodes"": 7}",False,18,18,0.6529184599204619,1,1,1252,313,"{""learning_rate"": 0.05, ""max_leaf_nodes"": 7}","[""D"", ""B"", ""M"", ""P"", ""A""]"
hgb|history_unavailable|budget=19,hgb,history_unavailable,19,False,D_B_M_P_A,hgb::D_B_M_P_A,hgb::D_B_M_P_A,D_B_M_P_A,"{""learning_rate"": 0.05, ""max_leaf_nodes"": 7}",False,18,18,0.6529184599204619,1,1,1252,313,"{""learning_rate"": 0.05, ""max_leaf_nodes"": 7}","[""D"", ""B"", ""M"", ""P"", ""A""]"
hgb|history_unavailable|budget=20,hgb,history_unavailable,20,False,D_B_M_P_A,hgb::D_B_M_P_A,hgb::D_B_M_P_A,D_B_M_P_A,"{""learning_rate"": 0.05, ""max_leaf_nodes"": 7}",False,18,18,0.6529184599204619,1,1,1252,313,"{""learning_rate"": 0.05, ""max_leaf_nodes"": 7}","[""D"", ""B"", ""M"", ""P"", ""A""]"
hgb|history_unavailable|budget=21,hgb,history_unavailable,21,False,D_B_M_P_A,hgb::D_B_M_P_A,hgb::D_B_M_P_A,D_B_M_P_A,"{""learning_rate"": 0.05, ""max_leaf_nodes"": 7}",False,18,18,0.6529184599204619,1,1,1252,313,"{""learning_rate"": 0.05, ""max_leaf_nodes"": 7}","[""D"", ""B"", ""M"", ""P"", ""A""]"
hgb|history_unavailable|budget=22,hgb,history_unavailable,22,False,D_B_M_P_A,hgb::D_B_M_P_A,hgb::D_B_M_P_A,D_B_M_P_A,"{""learning_rate"": 0.05, ""max_leaf_nodes"": 7}",False,18,18,0.6529184599204619,1,1,1252,313,"{""learning_rate"": 0.05, ""max_leaf_nodes"": 7}","[""D"", ""B"", ""M"", ""P"", ""A""]"
hgb|history_unavailable|budget=23,hgb,history_unavailable,23,False,D_B_M_P_A,hgb::D_B_M_P_A,hgb::D_B_M_P_A,D_B_M_P_A,"{""learning_rate"": 0.05, ""max_leaf_nodes"": 7}",False,18,18,0.6529184599204619,1,1,1252,313,"{""learning_rate"": 0.05, ""max_leaf_nodes"": 7}","[""D"", ""B"", ""M"", ""P"", ""A""]"
hgb|history_unavailable|budget=24,hgb,history_unavailable,24,False,D_B_M_P_A,hgb::D_B_M_P_A,hgb::D_B_M_P_A,D_B_M_P_A,"{""learning_rate"": 0.05, ""max_leaf_nodes"": 7}",False,18,18,0.6529184599204619,1,1,1252,313,"{""learning_rate"": 0.05, ""max_leaf_nodes"": 7}","[""D"", ""B"", ""M"", ""P"", ""A""]"
hgb|history_unavailable|budget=25,hgb,history_unavailable,25,False,D_B_M_P_A,hgb::D_B_M_P_A,hgb::D_B_M_P_A,D_B_M_P_A,"{""learning_rate"": 0.05, ""max_leaf_nodes"": 7}",False,18,18,0.6529184599204619,1,1,1252,313,"{""learning_rate"": 0.05, ""max_leaf_nodes"": 7}","[""D"", ""B"", ""M"", ""P"", ""A""]"
hgb|history_unavailable|budget=26,hgb,history_unavailable,26,False,D_B_M_P_A,hgb::D_B_M_P_A,hgb::D_B_M_P_A,D_B_M_P_A,"{""learning_rate"": 0.05, ""max_leaf_nodes"": 7}",False,18,18,0.6529184599204619,1,1,1252,313,"{""learning_rate"": 0.05, ""max_leaf_nodes"": 7}","[""D"", ""B"", ""M"", ""P"", ""A""]"
hgb|history_unavailable|budget=27,hgb,history_unavailable,27,False,D_B_M_P_A,hgb::D_B_M_P_A,hgb::D_B_M_P_A,D_B_M_P_A,"{""learning_rate"": 0.05, ""max_leaf_nodes"": 7}",False,18,18,0.6529184599204619,1,1,1252,313,"{""learning_rate"": 0.05, ""max_leaf_nodes"": 7}","[""D"", ""B"", ""M"", ""P"", ""A""]"
hgb|history_unavailable|budget=28,hgb,history_unavailable,28,False,D_B_P_A_K,hgb::D_B_P_A_K,hgb::D_B_P_A_K,D_B_P_A_K,"{""learning_rate"": 0.05, ""max_leaf_nodes"": 7}",False,28,28,0.6508136284598693,1,1,1252,313,"{""learning_rate"": 0.05, ""max_leaf_nodes"": 7}","[""D"", ""B"", ""P"", ""A"", ""K""]"
hgb|history_unavailable|budget=29,hgb,history_unavailable,29,False,D_B_P_C_A_K,hgb::D_B_P_C_A_K,hgb::D_B_P_C_A_K,D_B_P_C_A_K,"{""learning_rate"": 0.05, ""max_leaf_nodes"": 7}",False,29,29,0.6482873963123238,1,1,1252,313,"{""learning_rate"": 0.05, ""max_leaf_nodes"": 7}","[""D"", ""B"", ""P"", ""C"", ""A"", ""K""]"
hgb|history_unavailable|budget=30,hgb,history_unavailable,30,False,D_B_P_C_A_K,hgb::D_B_P_C_A_K,hgb::D_B_P_C_A_K,D_B_P_C_A_K,"{""learning_rate"": 0.05, ""max_leaf_nodes"": 7}",False,29,29,0.6482873963123238,1,1,1252,313,"{""learning_rate"": 0.05, ""max_leaf_nodes"": 7}","[""D"", ""B"", ""P"", ""C"", ""A"", ""K""]"
ridge|history_available|budget=00,ridge,history_available,0,True,P0,P0,P0,P0,null,True,0,0,0.659726756604302,1,2,1252,313,null,"[""H""]"
ridge|history_available|budget=01,ridge,history_available,1,True,H_A,ridge::H_A,ridge::H_A,H_A,0.1,True,1,1,0.6558996472300102,1,2,1252,313,0.1,"[""H"", ""A""]"
ridge|history_available|budget=02,ridge,history_available,2,True,H_B_A,ridge::H_B_A,ridge::H_B_A,H_B_A,0.1,True,2,2,0.6526626166137722,1,2,1252,313,0.1,"[""H"", ""B"", ""A""]"
ridge|history_available|budget=03,ridge,history_available,3,True,H_B_A,ridge::H_B_A,ridge::H_B_A,H_B_A,0.1,True,2,2,0.6526626166137722,1,2,1252,313,0.1,"[""H"", ""B"", ""A""]"
ridge|history_available|budget=04,ridge,history_available,4,True,H_D,ridge::H_D,ridge::H_D,H_D,1.0,True,4,4,0.6384114308422524,1,2,1252,313,1.0,"[""H"", ""D""]"
ridge|history_available|budget=05,ridge,history_available,5,True,H_D_A,ridge::H_D_A,ridge::H_D_A,H_D_A,1.0,True,5,5,0.6356305003315763,1,2,1252,313,1.0,"[""H"", ""D"", ""A""]"
ridge|history_available|budget=06,ridge,history_available,6,True,H_D_B_A,ridge::H_D_B_A,ridge::H_D_B_A,H_D_B_A,1.0,True,6,6,0.6349873869906777,1,2,1252,313,1.0,"[""H"", ""D"", ""B"", ""A""]"
ridge|history_available|budget=07,ridge,history_available,7,True,H_D_B_A,ridge::H_D_B_A,ridge::H_D_B_A,H_D_B_A,1.0,True,6,6,0.6349873869906777,1,2,1252,313,1.0,"[""H"", ""D"", ""B"", ""A""]"
ridge|history_available|budget=08,ridge,history_available,8,True,H_D_B_A,ridge::H_D_B_A,ridge::H_D_B_A,H_D_B_A,1.0,True,6,6,0.6349873869906777,1,2,1252,313,1.0,"[""H"", ""D"", ""B"", ""A""]"
ridge|history_available|budget=09,ridge,history_available,9,True,H_D_B_A,ridge::H_D_B_A,ridge::H_D_B_A,H_D_B_A,1.0,True,6,6,0.6349873869906777,1,2,1252,313,1.0,"[""H"", ""D"", ""B"", ""A""]"
ridge|history_available|budget=10,ridge,history_available,10,True,H_D_B_A,ridge::H_D_B_A,ridge::H_D_B_A,H_D_B_A,1.0,True,6,6,0.6349873869906777,1,2,1252,313,1.0,"[""H"", ""D"", ""B"", ""A""]"
ridge|history_available|budget=11,ridge,history_available,11,True,H_D_B_A,ridge::H_D_B_A,ridge::H_D_B_A,H_D_B_A,1.0,True,6,6,0.6349873869906777,1,2,1252,313,1.0,"[""H"", ""D"", ""B"", ""A""]"
ridge|history_available|budget=12,ridge,history_available,12,True,H_D_B_A,ridge::H_D_B_A,ridge::H_D_B_A,H_D_B_A,1.0,True,6,6,0.6349873869906777,1,2,1252,313,1.0,"[""H"", ""D"", ""B"", ""A""]"
ridge|history_available|budget=13,ridge,history_available,13,True,H_D_B_A,ridge::H_D_B_A,ridge::H_D_B_A,H_D_B_A,1.0,True,6,6,0.6349873869906777,1,2,1252,313,1.0,"[""H"", ""D"", ""B"", ""A""]"
ridge|history_available|budget=14,ridge,history_available,14,True,H_D_B_A,ridge::H_D_B_A,ridge::H_D_B_A,H_D_B_A,1.0,True,6,6,0.6349873869906777,1,2,1252,313,1.0,"[""H"", ""D"", ""B"", ""A""]"
ridge|history_available|budget=15,ridge,history_available,15,True,H_D_K,ridge::H_D_K,ridge::H_D_K,H_D_K,0.1,True,15,15,0.6337722408065631,1,2,1252,313,0.1,"[""H"", ""D"", ""K""]"
ridge|history_available|budget=16,ridge,history_available,16,True,H_D_A_K,ridge::H_D_A_K,ridge::H_D_A_K,H_D_A_K,0.1,True,16,16,0.6310595059797278,1,2,1252,313,0.1,"[""H"", ""D"", ""A"", ""K""]"
ridge|history_available|budget=17,ridge,history_available,17,True,H_D_B_A_K,ridge::H_D_B_A_K,ridge::H_D_B_A_K,H_D_B_A_K,0.1,True,17,17,0.6302929416220788,1,2,1252,313,0.1,"[""H"", ""D"", ""B"", ""A"", ""K""]"
ridge|history_available|budget=18,ridge,history_available,18,True,H_D_B_A_K,ridge::H_D_B_A_K,ridge::H_D_B_A_K,H_D_B_A_K,0.1,True,17,17,0.6302929416220788,1,2,1252,313,0.1,"[""H"", ""D"", ""B"", ""A"", ""K""]"
ridge|history_available|budget=19,ridge,history_available,19,True,H_D_B_A_K,ridge::H_D_B_A_K,ridge::H_D_B_A_K,H_D_B_A_K,0.1,True,17,17,0.6302929416220788,1,2,1252,313,0.1,"[""H"", ""D"", ""B"", ""A"", ""K""]"
ridge|history_available|budget=20,ridge,history_available,20,True,H_D_B_A_K,ridge::H_D_B_A_K,ridge::H_D_B_A_K,H_D_B_A_K,0.1,True,17,17,0.6302929416220788,1,2,1252,313,0.1,"[""H"", ""D"", ""B"", ""A"", ""K""]"
ridge|history_available|budget=21,ridge,history_available,21,True,H_D_B_A_K,ridge::H_D_B_A_K,ridge::H_D_B_A_K,H_D_B_A_K,0.1,True,17,17,0.6302929416220788,1,2,1252,313,0.1,"[""H"", ""D"", ""B"", ""A"", ""K""]"
ridge|history_available|budget=22,ridge,history_available,22,True,H_D_B_A_K,ridge::H_D_B_A_K,ridge::H_D_B_A_K,H_D_B_A_K,0.1,True,17,17,0.6302929416220788,1,2,1252,313,0.1,"[""H"", ""D"", ""B"", ""A"", ""K""]"
ridge|history_available|budget=23,ridge,history_available,23,True,H_D_B_A_K,ridge::H_D_B_A_K,ridge::H_D_B_A_K,H_D_B_A_K,0.1,True,17,17,0.6302929416220788,1,2,1252,313,0.1,"[""H"", ""D"", ""B"", ""A"", ""K""]"
ridge|history_available|budget=24,ridge,history_available,24,True,H_D_B_A_K,ridge::H_D_B_A_K,ridge::H_D_B_A_K,H_D_B_A_K,0.1,True,17,17,0.6302929416220788,1,2,1252,313,0.1,"[""H"", ""D"", ""B"", ""A"", ""K""]"
ridge|history_available|budget=25,ridge,history_available,25,True,H_D_B_A_K,ridge::H_D_B_A_K,ridge::H_D_B_A_K,H_D_B_A_K,0.1,True,17,17,0.6302929416220788,1,2,1252,313,0.1,"[""H"", ""D"", ""B"", ""A"", ""K""]"
ridge|history_available|budget=26,ridge,history_available,26,True,H_D_B_A_K,ridge::H_D_B_A_K,ridge::H_D_B_A_K,H_D_B_A_K,0.1,True,17,17,0.6302929416220788,1,2,1252,313,0.1,"[""H"", ""D"", ""B"", ""A"", ""K""]"
ridge|history_available|budget=27,ridge,history_available,27,True,H_D_B_A_K,ridge::H_D_B_A_K,ridge::H_D_B_A_K,H_D_B_A_K,0.1,True,17,17,0.6302929416220788,1,2,1252,313,0.1,"[""H"", ""D"", ""B"", ""A"", ""K""]"
ridge|history_available|budget=28,ridge,history_available,28,True,H_D_B_A_K,ridge::H_D_B_A_K,ridge::H_D_B_A_K,H_D_B_A_K,0.1,True,17,17,0.6302929416220788,1,2,1252,313,0.1,"[""H"", ""D"", ""B"", ""A"", ""K""]"
ridge|history_available|budget=29,ridge,history_available,29,True,H_D_B_A_K,ridge::H_D_B_A_K,ridge::H_D_B_A_K,H_D_B_A_K,0.1,True,17,17,0.6302929416220788,1,2,1252,313,0.1,"[""H"", ""D"", ""B"", ""A"", ""K""]"
ridge|history_available|budget=30,ridge,history_available,30,True,H_D_B_A_K,ridge::H_D_B_A_K,ridge::H_D_B_A_K,H_D_B_A_K,0.1,True,17,17,0.6302929416220788,1,2,1252,313,0.1,"[""H"", ""D"", ""B"", ""A"", ""K""]"
ridge|history_unavailable|budget=00,ridge,history_unavailable,0,False,NONE,ridge::NONE,ridge::NONE,NONE,0.001,False,0,0,0.6853669918199292,1,2,1252,313,0.001,[]
ridge|history_unavailable|budget=01,ridge,history_unavailable,1,False,B,ridge::B,ridge::B,B,0.1,False,1,1,0.678301732459217,1,2,1252,313,0.1,"[""B""]"
ridge|history_unavailable|budget=02,ridge,history_unavailable,2,False,B_A,ridge::B_A,ridge::B_A,B_A,0.1,False,2,2,0.6726834061831437,1,2,1252,313,0.1,"[""B"", ""A""]"
ridge|history_unavailable|budget=03,ridge,history_unavailable,3,False,B_A,ridge::B_A,ridge::B_A,B_A,0.1,False,2,2,0.6726834061831437,1,2,1252,313,0.1,"[""B"", ""A""]"
ridge|history_unavailable|budget=04,ridge,history_unavailable,4,False,D,ridge::D,ridge::D,D,0.1,False,4,4,0.6615444659844436,1,2,1252,313,0.1,"[""D""]"
ridge|history_unavailable|budget=05,ridge,history_unavailable,5,False,D_A,ridge::D_A,ridge::D_A,D_A,0.1,False,5,5,0.6568629897873359,1,2,1252,313,0.1,"[""D"", ""A""]"
ridge|history_unavailable|budget=06,ridge,history_unavailable,6,False,D_B_A,ridge::D_B_A,ridge::D_B_A,D_B_A,0.1,False,6,6,0.6537872500004767,1,2,1252,313,0.1,"[""D"", ""B"", ""A""]"
ridge|history_unavailable|budget=07,ridge,history_unavailable,7,False,D_B_A,ridge::D_B_A,ridge::D_B_A,D_B_A,0.1,False,6,6,0.6537872500004767,1,2,1252,313,0.1,"[""D"", ""B"", ""A""]"
ridge|history_unavailable|budget=08,ridge,history_unavailable,8,False,D_B_A,ridge::D_B_A,ridge::D_B_A,D_B_A,0.1,False,6,6,0.6537872500004767,1,2,1252,313,0.1,"[""D"", ""B"", ""A""]"
ridge|history_unavailable|budget=09,ridge,history_unavailable,9,False,D_B_A,ridge::D_B_A,ridge::D_B_A,D_B_A,0.1,False,6,6,0.6537872500004767,1,2,1252,313,0.1,"[""D"", ""B"", ""A""]"
ridge|history_unavailable|budget=10,ridge,history_unavailable,10,False,D_B_A,ridge::D_B_A,ridge::D_B_A,D_B_A,0.1,False,6,6,0.6537872500004767,1,2,1252,313,0.1,"[""D"", ""B"", ""A""]"
ridge|history_unavailable|budget=11,ridge,history_unavailable,11,False,D_B_A,ridge::D_B_A,ridge::D_B_A,D_B_A,0.1,False,6,6,0.6537872500004767,1,2,1252,313,0.1,"[""D"", ""B"", ""A""]"
ridge|history_unavailable|budget=12,ridge,history_unavailable,12,False,D_B_A,ridge::D_B_A,ridge::D_B_A,D_B_A,0.1,False,6,6,0.6537872500004767,1,2,1252,313,0.1,"[""D"", ""B"", ""A""]"
ridge|history_unavailable|budget=13,ridge,history_unavailable,13,False,D_B_A,ridge::D_B_A,ridge::D_B_A,D_B_A,0.1,False,6,6,0.6537872500004767,1,2,1252,313,0.1,"[""D"", ""B"", ""A""]"
ridge|history_unavailable|budget=14,ridge,history_unavailable,14,False,D_B_A,ridge::D_B_A,ridge::D_B_A,D_B_A,0.1,False,6,6,0.6537872500004767,1,2,1252,313,0.1,"[""D"", ""B"", ""A""]"
ridge|history_unavailable|budget=15,ridge,history_unavailable,15,False,D_B_A,ridge::D_B_A,ridge::D_B_A,D_B_A,0.1,False,6,6,0.6537872500004767,1,2,1252,313,0.1,"[""D"", ""B"", ""A""]"
ridge|history_unavailable|budget=16,ridge,history_unavailable,16,False,D_A_K,ridge::D_A_K,ridge::D_A_K,D_A_K,0.1,False,16,16,0.6494668896962001,1,2,1252,313,0.1,"[""D"", ""A"", ""K""]"
ridge|history_unavailable|budget=17,ridge,history_unavailable,17,False,D_B_A_K,ridge::D_B_A_K,ridge::D_B_A_K,D_B_A_K,0.1,False,17,17,0.6472691621801681,1,2,1252,313,0.1,"[""D"", ""B"", ""A"", ""K""]"
ridge|history_unavailable|budget=18,ridge,history_unavailable,18,False,D_B_A_K,ridge::D_B_A_K,ridge::D_B_A_K,D_B_A_K,0.1,False,17,17,0.6472691621801681,1,2,1252,313,0.1,"[""D"", ""B"", ""A"", ""K""]"
ridge|history_unavailable|budget=19,ridge,history_unavailable,19,False,D_B_A_K,ridge::D_B_A_K,ridge::D_B_A_K,D_B_A_K,0.1,False,17,17,0.6472691621801681,1,2,1252,313,0.1,"[""D"", ""B"", ""A"", ""K""]"
ridge|history_unavailable|budget=20,ridge,history_unavailable,20,False,D_B_A_K,ridge::D_B_A_K,ridge::D_B_A_K,D_B_A_K,0.1,False,17,17,0.6472691621801681,1,2,1252,313,0.1,"[""D"", ""B"", ""A"", ""K""]"
ridge|history_unavailable|budget=21,ridge,history_unavailable,21,False,D_B_A_K,ridge::D_B_A_K,ridge::D_B_A_K,D_B_A_K,0.1,False,17,17,0.6472691621801681,1,2,1252,313,0.1,"[""D"", ""B"", ""A"", ""K""]"
ridge|history_unavailable|budget=22,ridge,history_unavailable,22,False,D_B_A_K,ridge::D_B_A_K,ridge::D_B_A_K,D_B_A_K,0.1,False,17,17,0.6472691621801681,1,2,1252,313,0.1,"[""D"", ""B"", ""A"", ""K""]"
ridge|history_unavailable|budget=23,ridge,history_unavailable,23,False,D_B_A_K,ridge::D_B_A_K,ridge::D_B_A_K,D_B_A_K,0.1,False,17,17,0.6472691621801681,1,2,1252,313,0.1,"[""D"", ""B"", ""A"", ""K""]"
ridge|history_unavailable|budget=24,ridge,history_unavailable,24,False,D_B_A_K,ridge::D_B_A_K,ridge::D_B_A_K,D_B_A_K,0.1,False,17,17,0.6472691621801681,1,2,1252,313,0.1,"[""D"", ""B"", ""A"", ""K""]"
ridge|history_unavailable|budget=25,ridge,history_unavailable,25,False,D_B_A_K,ridge::D_B_A_K,ridge::D_B_A_K,D_B_A_K,0.1,False,17,17,0.6472691621801681,1,2,1252,313,0.1,"[""D"", ""B"", ""A"", ""K""]"
ridge|history_unavailable|budget=26,ridge,history_unavailable,26,False,D_B_A_K,ridge::D_B_A_K,ridge::D_B_A_K,D_B_A_K,0.1,False,17,17,0.6472691621801681,1,2,1252,313,0.1,"[""D"", ""B"", ""A"", ""K""]"
ridge|history_unavailable|budget=27,ridge,history_unavailable,27,False,D_B_A_K,ridge::D_B_A_K,ridge::D_B_A_K,D_B_A_K,0.1,False,17,17,0.6472691621801681,1,2,1252,313,0.1,"[""D"", ""B"", ""A"", ""K""]"
ridge|history_unavailable|budget=28,ridge,history_unavailable,28,False,D_B_A_K,ridge::D_B_A_K,ridge::D_B_A_K,D_B_A_K,0.1,False,17,17,0.6472691621801681,1,2,1252,313,0.1,"[""D"", ""B"", ""A"", ""K""]"
ridge|history_unavailable|budget=29,ridge,history_unavailable,29,False,D_B_A_K,ridge::D_B_A_K,ridge::D_B_A_K,D_B_A_K,0.1,False,17,17,0.6472691621801681,1,2,1252,313,0.1,"[""D"", ""B"", ""A"", ""K""]"
ridge|history_unavailable|budget=30,ridge,history_unavailable,30,False,D_B_A_K,ridge::D_B_A_K,ridge::D_B_A_K,D_B_A_K,0.1,False,17,17,0.6472691621801681,1,2,1252,313,0.1,"[""D"", ""B"", ""A"", ""K""]"
hgb|history_available|budget=00,hgb,history_available,0,True,H,hgb::H,hgb::H,H,"{""learning_rate"": 0.05, ""max_leaf_nodes"": 3}",True,0,0,0.6597263934060185,1,2,1252,313,"{""learning_rate"": 0.05, ""max_leaf_nodes"": 3}","[""H""]"
hgb|history_available|budget=01,hgb,history_available,1,True,H_B,hgb::H_B,hgb::H_B,H_B,"{""learning_rate"": 0.05, ""max_leaf_nodes"": 3}",True,1,1,0.6547052021895939,1,2,1252,313,"{""learning_rate"": 0.05, ""max_leaf_nodes"": 3}","[""H"", ""B""]"
hgb|history_available|budget=02,hgb,history_available,2,True,H_B_A,hgb::H_B_A,hgb::H_B_A,H_B_A,"{""learning_rate"": 0.05, ""max_leaf_nodes"": 3}",True,2,2,0.6509520011307146,1,2,1252,313,"{""learning_rate"": 0.05, ""max_leaf_nodes"": 3}","[""H"", ""B"", ""A""]"
hgb|history_available|budget=03,hgb,history_available,3,True,H_B_M_A,hgb::H_B_M_A,hgb::H_B_M_A,H_B_M_A,"{""learning_rate"": 0.05, ""max_leaf_nodes"": 3}",True,3,3,0.65003063825028,1,2,1252,313,"{""learning_rate"": 0.05, ""max_leaf_nodes"": 3}","[""H"", ""B"", ""M"", ""A""]"
hgb|history_available|budget=04,hgb,history_available,4,True,H_D,hgb::H_D,hgb::H_D,H_D,"{""learning_rate"": 0.05, ""max_leaf_nodes"": 7}",True,4,4,0.6451646776468349,1,2,1252,313,"{""learning_rate"": 0.05, ""max_leaf_nodes"": 7}","[""H"", ""D""]"
hgb|history_available|budget=05,hgb,history_available,5,True,H_D_M,hgb::H_D_M,hgb::H_D_M,H_D_M,"{""learning_rate"": 0.05, ""max_leaf_nodes"": 7}",True,5,5,0.6391771894114365,1,2,1252,313,"{""learning_rate"": 0.05, ""max_leaf_nodes"": 7}","[""H"", ""D"", ""M""]"
hgb|history_available|budget=06,hgb,history_available,6,True,H_D_M_A,hgb::H_D_M_A,hgb::H_D_M_A,H_D_M_A,"{""learning_rate"": 0.05, ""max_leaf_nodes"": 7}",True,6,6,0.637029883605764,1,2,1252,313,"{""learning_rate"": 0.05, ""max_leaf_nodes"": 7}","[""H"", ""D"", ""M"", ""A""]"
hgb|history_available|budget=07,hgb,history_available,7,True,H_D_B_M_A,hgb::H_D_B_M_A,hgb::H_D_B_M_A,H_D_B_M_A,"{""learning_rate"": 0.05, ""max_leaf_nodes"": 7}",True,7,7,0.6352514489933316,1,2,1252,313,"{""learning_rate"": 0.05, ""max_leaf_nodes"": 7}","[""H"", ""D"", ""B"", ""M"", ""A""]"
hgb|history_available|budget=08,hgb,history_available,8,True,H_D_B_M_A,hgb::H_D_B_M_A,hgb::H_D_B_M_A,H_D_B_M_A,"{""learning_rate"": 0.05, ""max_leaf_nodes"": 7}",True,7,7,0.6352514489933316,1,2,1252,313,"{""learning_rate"": 0.05, ""max_leaf_nodes"": 7}","[""H"", ""D"", ""B"", ""M"", ""A""]"
hgb|history_available|budget=09,hgb,history_available,9,True,H_D_B_M_A,hgb::H_D_B_M_A,hgb::H_D_B_M_A,H_D_B_M_A,"{""learning_rate"": 0.05, ""max_leaf_nodes"": 7}",True,7,7,0.6352514489933316,1,2,1252,313,"{""learning_rate"": 0.05, ""max_leaf_nodes"": 7}","[""H"", ""D"", ""B"", ""M"", ""A""]"
hgb|history_available|budget=10,hgb,history_available,10,True,H_D_B_M_A,hgb::H_D_B_M_A,hgb::H_D_B_M_A,H_D_B_M_A,"{""learning_rate"": 0.05, ""max_leaf_nodes"": 7}",True,7,7,0.6352514489933316,1,2,1252,313,"{""learning_rate"": 0.05, ""max_leaf_nodes"": 7}","[""H"", ""D"", ""B"", ""M"", ""A""]"
hgb|history_available|budget=11,hgb,history_available,11,True,H_D_B_M_A,hgb::H_D_B_M_A,hgb::H_D_B_M_A,H_D_B_M_A,"{""learning_rate"": 0.05, ""max_leaf_nodes"": 7}",True,7,7,0.6352514489933316,1,2,1252,313,"{""learning_rate"": 0.05, ""max_leaf_nodes"": 7}","[""H"", ""D"", ""B"", ""M"", ""A""]"
hgb|history_available|budget=12,hgb,history_available,12,True,H_D_B_M_A,hgb::H_D_B_M_A,hgb::H_D_B_M_A,H_D_B_M_A,"{""learning_rate"": 0.05, ""max_leaf_nodes"": 7}",True,7,7,0.6352514489933316,1,2,1252,313,"{""learning_rate"": 0.05, ""max_leaf_nodes"": 7}","[""H"", ""D"", ""B"", ""M"", ""A""]"
hgb|history_available|budget=13,hgb,history_available,13,True,H_D_B_M_A,hgb::H_D_B_M_A,hgb::H_D_B_M_A,H_D_B_M_A,"{""learning_rate"": 0.05, ""max_leaf_nodes"": 7}",True,7,7,0.6352514489933316,1,2,1252,313,"{""learning_rate"": 0.05, ""max_leaf_nodes"": 7}","[""H"", ""D"", ""B"", ""M"", ""A""]"
hgb|history_available|budget=14,hgb,history_available,14,True,H_D_B_M_A,hgb::H_D_B_M_A,hgb::H_D_B_M_A,H_D_B_M_A,"{""learning_rate"": 0.05, ""max_leaf_nodes"": 7}",True,7,7,0.6352514489933316,1,2,1252,313,"{""learning_rate"": 0.05, ""max_leaf_nodes"": 7}","[""H"", ""D"", ""B"", ""M"", ""A""]"
hgb|history_available|budget=15,hgb,history_available,15,True,H_D_B_M_A,hgb::H_D_B_M_A,hgb::H_D_B_M_A,H_D_B_M_A,"{""learning_rate"": 0.05, ""max_leaf_nodes"": 7}",True,7,7,0.6352514489933316,1,2,1252,313,"{""learning_rate"": 0.05, ""max_leaf_nodes"": 7}","[""H"", ""D"", ""B"", ""M"", ""A""]"
hgb|history_available|budget=16,hgb,history_available,16,True,H_D_B_M_A,hgb::H_D_B_M_A,hgb::H_D_B_M_A,H_D_B_M_A,"{""learning_rate"": 0.05, ""max_leaf_nodes"": 7}",True,7,7,0.6352514489933316,1,2,1252,313,"{""learning_rate"": 0.05, ""max_leaf_nodes"": 7}","[""H"", ""D"", ""B"", ""M"", ""A""]"
hgb|history_available|budget=17,hgb,history_available,17,True,H_D_M_P_A,hgb::H_D_M_P_A,hgb::H_D_M_P_A,H_D_M_P_A,"{""learning_rate"": 0.05, ""max_leaf_nodes"": 7}",True,17,17,0.6328231480978387,1,2,1252,313,"{""learning_rate"": 0.05, ""max_leaf_nodes"": 7}","[""H"", ""D"", ""M"", ""P"", ""A""]"
hgb|history_available|budget=18,hgb,history_available,18,True,H_D_B_M_P_A,hgb::H_D_B_M_P_A,hgb::H_D_B_M_P_A,H_D_B_M_P_A,"{""learning_rate"": 0.05, ""max_leaf_nodes"": 7}",True,18,18,0.632584941751257,1,2,1252,313,"{""learning_rate"": 0.05, ""max_leaf_nodes"": 7}","[""H"", ""D"", ""B"", ""M"", ""P"", ""A""]"
hgb|history_available|budget=19,hgb,history_available,19,True,H_D_B_M_P_A,hgb::H_D_B_M_P_A,hgb::H_D_B_M_P_A,H_D_B_M_P_A,"{""learning_rate"": 0.05, ""max_leaf_nodes"": 7}",True,18,18,0.632584941751257,1,2,1252,313,"{""learning_rate"": 0.05, ""max_leaf_nodes"": 7}","[""H"", ""D"", ""B"", ""M"", ""P"", ""A""]"
hgb|history_available|budget=20,hgb,history_available,20,True,H_D_B_M_P_A,hgb::H_D_B_M_P_A,hgb::H_D_B_M_P_A,H_D_B_M_P_A,"{""learning_rate"": 0.05, ""max_leaf_nodes"": 7}",True,18,18,0.632584941751257,1,2,1252,313,"{""learning_rate"": 0.05, ""max_leaf_nodes"": 7}","[""H"", ""D"", ""B"", ""M"", ""P"", ""A""]"
hgb|history_available|budget=21,hgb,history_available,21,True,H_D_B_M_P_A,hgb::H_D_B_M_P_A,hgb::H_D_B_M_P_A,H_D_B_M_P_A,"{""learning_rate"": 0.05, ""max_leaf_nodes"": 7}",True,18,18,0.632584941751257,1,2,1252,313,"{""learning_rate"": 0.05, ""max_leaf_nodes"": 7}","[""H"", ""D"", ""B"", ""M"", ""P"", ""A""]"
hgb|history_available|budget=22,hgb,history_available,22,True,H_D_B_M_P_A,hgb::H_D_B_M_P_A,hgb::H_D_B_M_P_A,H_D_B_M_P_A,"{""learning_rate"": 0.05, ""max_leaf_nodes"": 7}",True,18,18,0.632584941751257,1,2,1252,313,"{""learning_rate"": 0.05, ""max_leaf_nodes"": 7}","[""H"", ""D"", ""B"", ""M"", ""P"", ""A""]"
hgb|history_available|budget=23,hgb,history_available,23,True,H_D_B_M_P_A,hgb::H_D_B_M_P_A,hgb::H_D_B_M_P_A,H_D_B_M_P_A,"{""learning_rate"": 0.05, ""max_leaf_nodes"": 7}",True,18,18,0.632584941751257,1,2,1252,313,"{""learning_rate"": 0.05, ""max_leaf_nodes"": 7}","[""H"", ""D"", ""B"", ""M"", ""P"", ""A""]"
hgb|history_available|budget=24,hgb,history_available,24,True,H_D_B_M_P_A,hgb::H_D_B_M_P_A,hgb::H_D_B_M_P_A,H_D_B_M_P_A,"{""learning_rate"": 0.05, ""max_leaf_nodes"": 7}",True,18,18,0.632584941751257,1,2,1252,313,"{""learning_rate"": 0.05, ""max_leaf_nodes"": 7}","[""H"", ""D"", ""B"", ""M"", ""P"", ""A""]"
hgb|history_available|budget=25,hgb,history_available,25,True,H_D_B_M_P_A,hgb::H_D_B_M_P_A,hgb::H_D_B_M_P_A,H_D_B_M_P_A,"{""learning_rate"": 0.05, ""max_leaf_nodes"": 7}",True,18,18,0.632584941751257,1,2,1252,313,"{""learning_rate"": 0.05, ""max_leaf_nodes"": 7}","[""H"", ""D"", ""B"", ""M"", ""P"", ""A""]"
hgb|history_available|budget=26,hgb,history_available,26,True,H_D_B_M_P_A,hgb::H_D_B_M_P_A,hgb::H_D_B_M_P_A,H_D_B_M_P_A,"{""learning_rate"": 0.05, ""max_leaf_nodes"": 7}",True,18,18,0.632584941751257,1,2,1252,313,"{""learning_rate"": 0.05, ""max_leaf_nodes"": 7}","[""H"", ""D"", ""B"", ""M"", ""P"", ""A""]"
hgb|history_available|budget=27,hgb,history_available,27,True,H_D_P_A_K,hgb::H_D_P_A_K,hgb::H_D_P_A_K,H_D_P_A_K,"{""learning_rate"": 0.05, ""max_leaf_nodes"": 3}",True,27,27,0.6312830167744707,1,2,1252,313,"{""learning_rate"": 0.05, ""max_leaf_nodes"": 3}","[""H"", ""D"", ""P"", ""A"", ""K""]"
hgb|history_available|budget=28,hgb,history_available,28,True,H_D_B_P_A_K,hgb::H_D_B_P_A_K,hgb::H_D_B_P_A_K,H_D_B_P_A_K,"{""learning_rate"": 0.05, ""max_leaf_nodes"": 3}",True,28,28,0.6298960278199431,1,2,1252,313,"{""learning_rate"": 0.05, ""max_leaf_nodes"": 3}","[""H"", ""D"", ""B"", ""P"", ""A"", ""K""]"
hgb|history_available|budget=29,hgb,history_available,29,True,H_D_B_M_P_A_K,hgb::H_D_B_M_P_A_K,hgb::H_D_B_M_P_A_K,H_D_B_M_P_A_K,"{""learning_rate"": 0.05, ""max_leaf_nodes"": 7}",True,29,29,0.6294002701229792,1,2,1252,313,"{""learning_rate"": 0.05, ""max_leaf_nodes"": 7}","[""H"", ""D"", ""B"", ""M"", ""P"", ""A"", ""K""]"
hgb|history_available|budget=30,hgb,history_available,30,True,H_D_B_M_P_A_K,hgb::H_D_B_M_P_A_K,hgb::H_D_B_M_P_A_K,H_D_B_M_P_A_K,"{""learning_rate"": 0.05, ""max_leaf_nodes"": 7}",True,29,29,0.6294002701229792,1,2,1252,313,"{""learning_rate"": 0.05, ""max_leaf_nodes"": 7}","[""H"", ""D"", ""B"", ""M"", ""P"", ""A"", ""K""]"
hgb|history_unavailable|budget=00,hgb,history_unavailable,0,False,NONE,hgb::NONE,hgb::NONE,NONE,"{""learning_rate"": 0.05, ""max_leaf_nodes"": 3}",False,0,0,0.6853669918199292,1,2,1252,313,"{""learning_rate"": 0.05, ""max_leaf_nodes"": 3}",[]
hgb|history_unavailable|budget=01,hgb,history_unavailable,1,False,B,hgb::B,hgb::B,B,"{""learning_rate"": 0.05, ""max_leaf_nodes"": 3}",False,1,1,0.6744803068502159,1,2,1252,313,"{""learning_rate"": 0.05, ""max_leaf_nodes"": 3}","[""B""]"
hgb|history_unavailable|budget=02,hgb,history_unavailable,2,False,B_A,hgb::B_A,hgb::B_A,B_A,"{""learning_rate"": 0.05, ""max_leaf_nodes"": 3}",False,2,2,0.6686213379472057,1,2,1252,313,"{""learning_rate"": 0.05, ""max_leaf_nodes"": 3}","[""B"", ""A""]"
hgb|history_unavailable|budget=03,hgb,history_unavailable,3,False,B_M_A,hgb::B_M_A,hgb::B_M_A,B_M_A,"{""learning_rate"": 0.05, ""max_leaf_nodes"": 3}",False,3,3,0.6673175221833347,1,2,1252,313,"{""learning_rate"": 0.05, ""max_leaf_nodes"": 3}","[""B"", ""M"", ""A""]"
hgb|history_unavailable|budget=04,hgb,history_unavailable,4,False,D,hgb::D,hgb::D,D,"{""learning_rate"": 0.05, ""max_leaf_nodes"": 3}",False,4,4,0.6646079713402784,1,2,1252,313,"{""learning_rate"": 0.05, ""max_leaf_nodes"": 3}","[""D""]"
hgb|history_unavailable|budget=05,hgb,history_unavailable,5,False,D_B,hgb::D_B,hgb::D_B,D_B,"{""learning_rate"": 0.05, ""max_leaf_nodes"": 7}",False,5,5,0.6591757966289143,1,2,1252,313,"{""learning_rate"": 0.05, ""max_leaf_nodes"": 7}","[""D"", ""B""]"
hgb|history_unavailable|budget=06,hgb,history_unavailable,6,False,D_B_C,hgb::D_B_C,hgb::D_B_C,D_B_C,"{""learning_rate"": 0.05, ""max_leaf_nodes"": 7}",False,6,6,0.653870716838449,1,2,1252,313,"{""learning_rate"": 0.05, ""max_leaf_nodes"": 7}","[""D"", ""B"", ""C""]"
hgb|history_unavailable|budget=07,hgb,history_unavailable,7,False,D_B_M_A,hgb::D_B_M_A,hgb::D_B_M_A,D_B_M_A,"{""learning_rate"": 0.05, ""max_leaf_nodes"": 7}",False,7,7,0.6517680986171952,1,2,1252,313,"{""learning_rate"": 0.05, ""max_leaf_nodes"": 7}","[""D"", ""B"", ""M"", ""A""]"
hgb|history_unavailable|budget=08,hgb,history_unavailable,8,False,D_B_M_C_A,hgb::D_B_M_C_A,hgb::D_B_M_C_A,D_B_M_C_A,"{""learning_rate"": 0.05, ""max_leaf_nodes"": 7}",False,8,8,0.64896437579857,1,2,1252,313,"{""learning_rate"": 0.05, ""max_leaf_nodes"": 7}","[""D"", ""B"", ""M"", ""C"", ""A""]"
hgb|history_unavailable|budget=09,hgb,history_unavailable,9,False,D_B_M_C_A,hgb::D_B_M_C_A,hgb::D_B_M_C_A,D_B_M_C_A,"{""learning_rate"": 0.05, ""max_leaf_nodes"": 7}",False,8,8,0.64896437579857,1,2,1252,313,"{""learning_rate"": 0.05, ""max_leaf_nodes"": 7}","[""D"", ""B"", ""M"", ""C"", ""A""]"
hgb|history_unavailable|budget=10,hgb,history_unavailable,10,False,D_B_M_C_A,hgb::D_B_M_C_A,hgb::D_B_M_C_A,D_B_M_C_A,"{""learning_rate"": 0.05, ""max_leaf_nodes"": 7}",False,8,8,0.64896437579857,1,2,1252,313,"{""learning_rate"": 0.05, ""max_leaf_nodes"": 7}","[""D"", ""B"", ""M"", ""C"", ""A""]"
hgb|history_unavailable|budget=11,hgb,history_unavailable,11,False,D_B_M_C_A,hgb::D_B_M_C_A,hgb::D_B_M_C_A,D_B_M_C_A,"{""learning_rate"": 0.05, ""max_leaf_nodes"": 7}",False,8,8,0.64896437579857,1,2,1252,313,"{""learning_rate"": 0.05, ""max_leaf_nodes"": 7}","[""D"", ""B"", ""M"", ""C"", ""A""]"
hgb|history_unavailable|budget=12,hgb,history_unavailable,12,False,D_B_M_C_A,hgb::D_B_M_C_A,hgb::D_B_M_C_A,D_B_M_C_A,"{""learning_rate"": 0.05, ""max_leaf_nodes"": 7}",False,8,8,0.64896437579857,1,2,1252,313,"{""learning_rate"": 0.05, ""max_leaf_nodes"": 7}","[""D"", ""B"", ""M"", ""C"", ""A""]"
hgb|history_unavailable|budget=13,hgb,history_unavailable,13,False,D_B_M_C_A,hgb::D_B_M_C_A,hgb::D_B_M_C_A,D_B_M_C_A,"{""learning_rate"": 0.05, ""max_leaf_nodes"": 7}",False,8,8,0.64896437579857,1,2,1252,313,"{""learning_rate"": 0.05, ""max_leaf_nodes"": 7}","[""D"", ""B"", ""M"", ""C"", ""A""]"
hgb|history_unavailable|budget=14,hgb,history_unavailable,14,False,D_B_M_C_A,hgb::D_B_M_C_A,hgb::D_B_M_C_A,D_B_M_C_A,"{""learning_rate"": 0.05, ""max_leaf_nodes"": 7}",False,8,8,0.64896437579857,1,2,1252,313,"{""learning_rate"": 0.05, ""max_leaf_nodes"": 7}","[""D"", ""B"", ""M"", ""C"", ""A""]"
hgb|history_unavailable|budget=15,hgb,history_unavailable,15,False,D_B_M_C_A,hgb::D_B_M_C_A,hgb::D_B_M_C_A,D_B_M_C_A,"{""learning_rate"": 0.05, ""max_leaf_nodes"": 7}",False,8,8,0.64896437579857,1,2,1252,313,"{""learning_rate"": 0.05, ""max_leaf_nodes"": 7}","[""D"", ""B"", ""M"", ""C"", ""A""]"
hgb|history_unavailable|budget=16,hgb,history_unavailable,16,False,D_A_K,hgb::D_A_K,hgb::D_A_K,D_A_K,"{""learning_rate"": 0.05, ""max_leaf_nodes"": 7}",False,16,16,0.6476255918664441,1,2,1252,313,"{""learning_rate"": 0.05, ""max_leaf_nodes"": 7}","[""D"", ""A"", ""K""]"
hgb|history_unavailable|budget=17,hgb,history_unavailable,17,False,D_B_A_K,hgb::D_B_A_K,hgb::D_B_A_K,D_B_A_K,"{""learning_rate"": 0.05, ""max_leaf_nodes"": 7}",False,17,17,0.6439506668299597,1,2,1252,313,"{""learning_rate"": 0.05, ""max_leaf_nodes"": 7}","[""D"", ""B"", ""A"", ""K""]"
hgb|history_unavailable|budget=18,hgb,history_unavailable,18,False,D_B_M_A_K,hgb::D_B_M_A_K,hgb::D_B_M_A_K,D_B_M_A_K,"{""learning_rate"": 0.05, ""max_leaf_nodes"": 7}",False,18,18,0.6431088557538759,1,2,1252,313,"{""learning_rate"": 0.05, ""max_leaf_nodes"": 7}","[""D"", ""B"", ""M"", ""A"", ""K""]"
hgb|history_unavailable|budget=19,hgb,history_unavailable,19,False,D_B_M_A_K,hgb::D_B_M_A_K,hgb::D_B_M_A_K,D_B_M_A_K,"{""learning_rate"": 0.05, ""max_leaf_nodes"": 7}",False,18,18,0.6431088557538759,1,2,1252,313,"{""learning_rate"": 0.05, ""max_leaf_nodes"": 7}","[""D"", ""B"", ""M"", ""A"", ""K""]"
hgb|history_unavailable|budget=20,hgb,history_unavailable,20,False,D_B_M_A_K,hgb::D_B_M_A_K,hgb::D_B_M_A_K,D_B_M_A_K,"{""learning_rate"": 0.05, ""max_leaf_nodes"": 7}",False,18,18,0.6431088557538759,1,2,1252,313,"{""learning_rate"": 0.05, ""max_leaf_nodes"": 7}","[""D"", ""B"", ""M"", ""A"", ""K""]"
hgb|history_unavailable|budget=21,hgb,history_unavailable,21,False,D_B_M_A_K,hgb::D_B_M_A_K,hgb::D_B_M_A_K,D_B_M_A_K,"{""learning_rate"": 0.05, ""max_leaf_nodes"": 7}",False,18,18,0.6431088557538759,1,2,1252,313,"{""learning_rate"": 0.05, ""max_leaf_nodes"": 7}","[""D"", ""B"", ""M"", ""A"", ""K""]"
hgb|history_unavailable|budget=22,hgb,history_unavailable,22,False,D_B_M_A_K,hgb::D_B_M_A_K,hgb::D_B_M_A_K,D_B_M_A_K,"{""learning_rate"": 0.05, ""max_leaf_nodes"": 7}",False,18,18,0.6431088557538759,1,2,1252,313,"{""learning_rate"": 0.05, ""max_leaf_nodes"": 7}","[""D"", ""B"", ""M"", ""A"", ""K""]"
hgb|history_unavailable|budget=23,hgb,history_unavailable,23,False,D_B_M_A_K,hgb::D_B_M_A_K,hgb::D_B_M_A_K,D_B_M_A_K,"{""learning_rate"": 0.05, ""max_leaf_nodes"": 7}",False,18,18,0.6431088557538759,1,2,1252,313,"{""learning_rate"": 0.05, ""max_leaf_nodes"": 7}","[""D"", ""B"", ""M"", ""A"", ""K""]"
hgb|history_unavailable|budget=24,hgb,history_unavailable,24,False,D_B_M_A_K,hgb::D_B_M_A_K,hgb::D_B_M_A_K,D_B_M_A_K,"{""learning_rate"": 0.05, ""max_leaf_nodes"": 7}",False,18,18,0.6431088557538759,1,2,1252,313,"{""learning_rate"": 0.05, ""max_leaf_nodes"": 7}","[""D"", ""B"", ""M"", ""A"", ""K""]"
hgb|history_unavailable|budget=25,hgb,history_unavailable,25,False,D_B_M_A_K,hgb::D_B_M_A_K,hgb::D_B_M_A_K,D_B_M_A_K,"{""learning_rate"": 0.05, ""max_leaf_nodes"": 7}",False,18,18,0.6431088557538759,1,2,1252,313,"{""learning_rate"": 0.05, ""max_leaf_nodes"": 7}","[""D"", ""B"", ""M"", ""A"", ""K""]"
hgb|history_unavailable|budget=26,hgb,history_unavailable,26,False,D_B_M_A_K,hgb::D_B_M_A_K,hgb::D_B_M_A_K,D_B_M_A_K,"{""learning_rate"": 0.05, ""max_leaf_nodes"": 7}",False,18,18,0.6431088557538759,1,2,1252,313,"{""learning_rate"": 0.05, ""max_leaf_nodes"": 7}","[""D"", ""B"", ""M"", ""A"", ""K""]"
hgb|history_unavailable|budget=27,hgb,history_unavailable,27,False,D_B_M_A_K,hgb::D_B_M_A_K,hgb::D_B_M_A_K,D_B_M_A_K,"{""learning_rate"": 0.05, ""max_leaf_nodes"": 7}",False,18,18,0.6431088557538759,1,2,1252,313,"{""learning_rate"": 0.05, ""max_leaf_nodes"": 7}","[""D"", ""B"", ""M"", ""A"", ""K""]"
hgb|history_unavailable|budget=28,hgb,history_unavailable,28,False,D_B_P_A_K,hgb::D_B_P_A_K,hgb::D_B_P_A_K,D_B_P_A_K,"{""learning_rate"": 0.05, ""max_leaf_nodes"": 7}",False,28,28,0.6397260828003628,1,2,1252,313,"{""learning_rate"": 0.05, ""max_leaf_nodes"": 7}","[""D"", ""B"", ""P"", ""A"", ""K""]"
hgb|history_unavailable|budget=29,hgb,history_unavailable,29,False,D_B_M_P_A_K,hgb::D_B_M_P_A_K,hgb::D_B_M_P_A_K,D_B_M_P_A_K,"{""learning_rate"": 0.05, ""max_leaf_nodes"": 7}",False,29,29,0.638530777250447,1,2,1252,313,"{""learning_rate"": 0.05, ""max_leaf_nodes"": 7}","[""D"", ""B"", ""M"", ""P"", ""A"", ""K""]"
hgb|history_unavailable|budget=30,hgb,history_unavailable,30,False,D_B_M_P_A_K,hgb::D_B_M_P_A_K,hgb::D_B_M_P_A_K,D_B_M_P_A_K,"{""learning_rate"": 0.05, ""max_leaf_nodes"": 7}",False,29,29,0.638530777250447,1,2,1252,313,"{""learning_rate"": 0.05, ""max_leaf_nodes"": 7}","[""D"", ""B"", ""M"", ""P"", ""A"", ""K""]"
ridge|history_available|budget=00,ridge,history_available,0,True,H,ridge::H,ridge::H,H,0.1,True,0,0,0.6658366559787836,1,3,1252,313,0.1,"[""H""]"
ridge|history_available|budget=01,ridge,history_available,1,True,H_B,ridge::H_B,ridge::H_B,H_B,0.1,True,1,1,0.6626722736658668,1,3,1252,313,0.1,"[""H"", ""B""]"
ridge|history_available|budget=02,ridge,history_available,2,True,H_B_A,ridge::H_B_A,ridge::H_B_A,H_B_A,0.1,True,2,2,0.6617639797075839,1,3,1252,313,0.1,"[""H"", ""B"", ""A""]"
ridge|history_available|budget=03,ridge,history_available,3,True,H_B_A,ridge::H_B_A,ridge::H_B_A,H_B_A,0.1,True,2,2,0.6617639797075839,1,3,1252,313,0.1,"[""H"", ""B"", ""A""]"
ridge|history_available|budget=04,ridge,history_available,4,True,H_D,ridge::H_D,ridge::H_D,H_D,1.0,True,4,4,0.6434313689688113,1,3,1252,313,1.0,"[""H"", ""D""]"
ridge|history_available|budget=05,ridge,history_available,5,True,H_D_B,ridge::H_D_B,ridge::H_D_B,H_D_B,1.0,True,5,5,0.6425131967413141,1,3,1252,313,1.0,"[""H"", ""D"", ""B""]"
ridge|history_available|budget=06,ridge,history_available,6,True,H_D_B_A,ridge::H_D_B_A,ridge::H_D_B_A,H_D_B_A,1.0,True,6,6,0.642048527145718,1,3,1252,313,1.0,"[""H"", ""D"", ""B"", ""A""]"
ridge|history_available|budget=07,ridge,history_available,7,True,H_D_B_C_A,ridge::H_D_B_C_A,ridge::H_D_B_C_A,H_D_B_C_A,1.0,True,7,7,0.6418761042473621,1,3,1252,313,1.0,"[""H"", ""D"", ""B"", ""C"", ""A""]"
ridge|history_available|budget=08,ridge,history_available,8,True,H_D_B_C_A,ridge::H_D_B_C_A,ridge::H_D_B_C_A,H_D_B_C_A,1.0,True,7,7,0.6418761042473621,1,3,1252,313,1.0,"[""H"", ""D"", ""B"", ""C"", ""A""]"
ridge|history_available|budget=09,ridge,history_available,9,True,H_D_B_C_A,ridge::H_D_B_C_A,ridge::H_D_B_C_A,H_D_B_C_A,1.0,True,7,7,0.6418761042473621,1,3,1252,313,1.0,"[""H"", ""D"", ""B"", ""C"", ""A""]"
ridge|history_available|budget=10,ridge,history_available,10,True,H_D_B_C_A,ridge::H_D_B_C_A,ridge::H_D_B_C_A,H_D_B_C_A,1.0,True,7,7,0.6418761042473621,1,3,1252,313,1.0,"[""H"", ""D"", ""B"", ""C"", ""A""]"
ridge|history_available|budget=11,ridge,history_available,11,True,H_D_B_C_A,ridge::H_D_B_C_A,ridge::H_D_B_C_A,H_D_B_C_A,1.0,True,7,7,0.6418761042473621,1,3,1252,313,1.0,"[""H"", ""D"", ""B"", ""C"", ""A""]"
ridge|history_available|budget=12,ridge,history_available,12,True,H_D_B_C_A,ridge::H_D_B_C_A,ridge::H_D_B_C_A,H_D_B_C_A,1.0,True,7,7,0.6418761042473621,1,3,1252,313,1.0,"[""H"", ""D"", ""B"", ""C"", ""A""]"
ridge|history_available|budget=13,ridge,history_available,13,True,H_D_B_C_A,ridge::H_D_B_C_A,ridge::H_D_B_C_A,H_D_B_C_A,1.0,True,7,7,0.6418761042473621,1,3,1252,313,1.0,"[""H"", ""D"", ""B"", ""C"", ""A""]"
ridge|history_available|budget=14,ridge,history_available,14,True,H_D_B_C_A,ridge::H_D_B_C_A,ridge::H_D_B_C_A,H_D_B_C_A,1.0,True,7,7,0.6418761042473621,1,3,1252,313,1.0,"[""H"", ""D"", ""B"", ""C"", ""A""]"
ridge|history_available|budget=15,ridge,history_available,15,True,H_D_K,ridge::H_D_K,ridge::H_D_K,H_D_K,1.0,True,15,15,0.6349337014213502,1,3,1252,313,1.0,"[""H"", ""D"", ""K""]"
ridge|history_available|budget=16,ridge,history_available,16,True,H_D_B_K,ridge::H_D_B_K,ridge::H_D_B_K,H_D_B_K,1.0,True,16,16,0.6342310538692991,1,3,1252,313,1.0,"[""H"", ""D"", ""B"", ""K""]"
ridge|history_available|budget=17,ridge,history_available,17,True,H_D_B_A_K,ridge::H_D_B_A_K,ridge::H_D_B_A_K,H_D_B_A_K,1.0,True,17,17,0.6334955892190569,1,3,1252,313,1.0,"[""H"", ""D"", ""B"", ""A"", ""K""]"
ridge|history_available|budget=18,ridge,history_available,18,True,H_D_B_A_K,ridge::H_D_B_A_K,ridge::H_D_B_A_K,H_D_B_A_K,1.0,True,17,17,0.6334955892190569,1,3,1252,313,1.0,"[""H"", ""D"", ""B"", ""A"", ""K""]"
ridge|history_available|budget=19,ridge,history_available,19,True,H_D_B_A_K,ridge::H_D_B_A_K,ridge::H_D_B_A_K,H_D_B_A_K,1.0,True,17,17,0.6334955892190569,1,3,1252,313,1.0,"[""H"", ""D"", ""B"", ""A"", ""K""]"
ridge|history_available|budget=20,ridge,history_available,20,True,H_D_B_A_K,ridge::H_D_B_A_K,ridge::H_D_B_A_K,H_D_B_A_K,1.0,True,17,17,0.6334955892190569,1,3,1252,313,1.0,"[""H"", ""D"", ""B"", ""A"", ""K""]"
ridge|history_available|budget=21,ridge,history_available,21,True,H_D_B_A_K,ridge::H_D_B_A_K,ridge::H_D_B_A_K,H_D_B_A_K,1.0,True,17,17,0.6334955892190569,1,3,1252,313,1.0,"[""H"", ""D"", ""B"", ""A"", ""K""]"
ridge|history_available|budget=22,ridge,history_available,22,True,H_D_B_A_K,ridge::H_D_B_A_K,ridge::H_D_B_A_K,H_D_B_A_K,1.0,True,17,17,0.6334955892190569,1,3,1252,313,1.0,"[""H"", ""D"", ""B"", ""A"", ""K""]"
ridge|history_available|budget=23,ridge,history_available,23,True,H_D_B_A_K,ridge::H_D_B_A_K,ridge::H_D_B_A_K,H_D_B_A_K,1.0,True,17,17,0.6334955892190569,1,3,1252,313,1.0,"[""H"", ""D"", ""B"", ""A"", ""K""]"
ridge|history_available|budget=24,ridge,history_available,24,True,H_D_B_A_K,ridge::H_D_B_A_K,ridge::H_D_B_A_K,H_D_B_A_K,1.0,True,17,17,0.6334955892190569,1,3,1252,313,1.0,"[""H"", ""D"", ""B"", ""A"", ""K""]"
ridge|history_available|budget=25,ridge,history_available,25,True,H_D_B_A_K,ridge::H_D_B_A_K,ridge::H_D_B_A_K,H_D_B_A_K,1.0,True,17,17,0.6334955892190569,1,3,1252,313,1.0,"[""H"", ""D"", ""B"", ""A"", ""K""]"
ridge|history_available|budget=26,ridge,history_available,26,True,H_D_B_A_K,ridge::H_D_B_A_K,ridge::H_D_B_A_K,H_D_B_A_K,1.0,True,17,17,0.6334955892190569,1,3,1252,313,1.0,"[""H"", ""D"", ""B"", ""A"", ""K""]"
ridge|history_available|budget=27,ridge,history_available,27,True,H_D_B_A_K,ridge::H_D_B_A_K,ridge::H_D_B_A_K,H_D_B_A_K,1.0,True,17,17,0.6334955892190569,1,3,1252,313,1.0,"[""H"", ""D"", ""B"", ""A"", ""K""]"
ridge|history_available|budget=28,ridge,history_available,28,True,H_D_B_P_A_K,ridge::H_D_B_P_A_K,ridge::H_D_B_P_A_K,H_D_B_P_A_K,1.0,True,28,28,0.633169116787135,1,3,1252,313,1.0,"[""H"", ""D"", ""B"", ""P"", ""A"", ""K""]"
ridge|history_available|budget=29,ridge,history_available,29,True,H_D_B_P_A_K,ridge::H_D_B_P_A_K,ridge::H_D_B_P_A_K,H_D_B_P_A_K,1.0,True,28,28,0.633169116787135,1,3,1252,313,1.0,"[""H"", ""D"", ""B"", ""P"", ""A"", ""K""]"
ridge|history_available|budget=30,ridge,history_available,30,True,H_D_B_P_A_K,ridge::H_D_B_P_A_K,ridge::H_D_B_P_A_K,H_D_B_P_A_K,1.0,True,28,28,0.633169116787135,1,3,1252,313,1.0,"[""H"", ""D"", ""B"", ""P"", ""A"", ""K""]"
ridge|history_unavailable|budget=00,ridge,history_unavailable,0,False,NONE,ridge::NONE,ridge::NONE,NONE,0.001,False,0,0,0.6853669918199291,1,3,1252,313,0.001,[]
ridge|history_unavailable|budget=01,ridge,history_unavailable,1,False,B,ridge::B,ridge::B,B,0.1,False,1,1,0.6794057425121067,1,3,1252,313,0.1,"[""B""]"
ridge|history_unavailable|budget=02,ridge,history_unavailable,2,False,B_A,ridge::B_A,ridge::B_A,B_A,0.1,False,2,2,0.6770070281829732,1,3,1252,313,0.1,"[""B"", ""A""]"
ridge|history_unavailable|budget=03,ridge,history_unavailable,3,False,B_C_A,ridge::B_C_A,ridge::B_C_A,B_C_A,1.0,False,3,3,0.6769315584580997,1,3,1252,313,1.0,"[""B"", ""C"", ""A""]"
ridge|history_unavailable|budget=04,ridge,history_unavailable,4,False,D,ridge::D,ridge::D,D,1.0,False,4,4,0.6618981245279396,1,3,1252,313,1.0,"[""D""]"
ridge|history_unavailable|budget=05,ridge,history_unavailable,5,False,D_B,ridge::D_B,ridge::D_B,D_B,1.0,False,5,5,0.6587350866476317,1,3,1252,313,1.0,"[""D"", ""B""]"
ridge|history_unavailable|budget=06,ridge,history_unavailable,6,False,D_B_A,ridge::D_B_A,ridge::D_B_A,D_B_A,1.0,False,6,6,0.6569828727290609,1,3,1252,313,1.0,"[""D"", ""B"", ""A""]"
ridge|history_unavailable|budget=07,ridge,history_unavailable,7,False,D_B_C_A,ridge::D_B_C_A,ridge::D_B_C_A,D_B_C_A,1.0,False,7,7,0.6569391158231345,1,3,1252,313,1.0,"[""D"", ""B"", ""C"", ""A""]"
ridge|history_unavailable|budget=08,ridge,history_unavailable,8,False,D_B_C_A,ridge::D_B_C_A,ridge::D_B_C_A,D_B_C_A,1.0,False,7,7,0.6569391158231345,1,3,1252,313,1.0,"[""D"", ""B"", ""C"", ""A""]"
ridge|history_unavailable|budget=09,ridge,history_unavailable,9,False,D_B_C_A,ridge::D_B_C_A,ridge::D_B_C_A,D_B_C_A,1.0,False,7,7,0.6569391158231345,1,3,1252,313,1.0,"[""D"", ""B"", ""C"", ""A""]"
ridge|history_unavailable|budget=10,ridge,history_unavailable,10,False,D_B_C_A,ridge::D_B_C_A,ridge::D_B_C_A,D_B_C_A,1.0,False,7,7,0.6569391158231345,1,3,1252,313,1.0,"[""D"", ""B"", ""C"", ""A""]"
ridge|history_unavailable|budget=11,ridge,history_unavailable,11,False,D_B_C_A,ridge::D_B_C_A,ridge::D_B_C_A,D_B_C_A,1.0,False,7,7,0.6569391158231345,1,3,1252,313,1.0,"[""D"", ""B"", ""C"", ""A""]"
ridge|history_unavailable|budget=12,ridge,history_unavailable,12,False,D_B_C_A,ridge::D_B_C_A,ridge::D_B_C_A,D_B_C_A,1.0,False,7,7,0.6569391158231345,1,3,1252,313,1.0,"[""D"", ""B"", ""C"", ""A""]"
ridge|history_unavailable|budget=13,ridge,history_unavailable,13,False,D_B_C_A,ridge::D_B_C_A,ridge::D_B_C_A,D_B_C_A,1.0,False,7,7,0.6569391158231345,1,3,1252,313,1.0,"[""D"", ""B"", ""C"", ""A""]"
ridge|history_unavailable|budget=14,ridge,history_unavailable,14,False,D_B_C_A,ridge::D_B_C_A,ridge::D_B_C_A,D_B_C_A,1.0,False,7,7,0.6569391158231345,1,3,1252,313,1.0,"[""D"", ""B"", ""C"", ""A""]"
ridge|history_unavailable|budget=15,ridge,history_unavailable,15,False,D_K,ridge::D_K,ridge::D_K,D_K,1.0,False,15,15,0.6505855352710059,1,3,1252,313,1.0,"[""D"", ""K""]"
ridge|history_unavailable|budget=16,ridge,history_unavailable,16,False,D_B_K,ridge::D_B_K,ridge::D_B_K,D_B_K,1.0,False,16,16,0.6481243032739691,1,3,1252,313,1.0,"[""D"", ""B"", ""K""]"
ridge|history_unavailable|budget=17,ridge,history_unavailable,17,False,D_B_A_K,ridge::D_B_A_K,ridge::D_B_A_K,D_B_A_K,1.0,False,17,17,0.6459448493333291,1,3,1252,313,1.0,"[""D"", ""B"", ""A"", ""K""]"
ridge|history_unavailable|budget=18,ridge,history_unavailable,18,False,D_B_A_K,ridge::D_B_A_K,ridge::D_B_A_K,D_B_A_K,1.0,False,17,17,0.6459448493333291,1,3,1252,313,1.0,"[""D"", ""B"", ""A"", ""K""]"
ridge|history_unavailable|budget=19,ridge,history_unavailable,19,False,D_B_A_K,ridge::D_B_A_K,ridge::D_B_A_K,D_B_A_K,1.0,False,17,17,0.6459448493333291,1,3,1252,313,1.0,"[""D"", ""B"", ""A"", ""K""]"
ridge|history_unavailable|budget=20,ridge,history_unavailable,20,False,D_B_A_K,ridge::D_B_A_K,ridge::D_B_A_K,D_B_A_K,1.0,False,17,17,0.6459448493333291,1,3,1252,313,1.0,"[""D"", ""B"", ""A"", ""K""]"
ridge|history_unavailable|budget=21,ridge,history_unavailable,21,False,D_B_A_K,ridge::D_B_A_K,ridge::D_B_A_K,D_B_A_K,1.0,False,17,17,0.6459448493333291,1,3,1252,313,1.0,"[""D"", ""B"", ""A"", ""K""]"
ridge|history_unavailable|budget=22,ridge,history_unavailable,22,False,D_B_A_K,ridge::D_B_A_K,ridge::D_B_A_K,D_B_A_K,1.0,False,17,17,0.6459448493333291,1,3,1252,313,1.0,"[""D"", ""B"", ""A"", ""K""]"
ridge|history_unavailable|budget=23,ridge,history_unavailable,23,False,D_B_A_K,ridge::D_B_A_K,ridge::D_B_A_K,D_B_A_K,1.0,False,17,17,0.6459448493333291,1,3,1252,313,1.0,"[""D"", ""B"", ""A"", ""K""]"
ridge|history_unavailable|budget=24,ridge,history_unavailable,24,False,D_B_A_K,ridge::D_B_A_K,ridge::D_B_A_K,D_B_A_K,1.0,False,17,17,0.6459448493333291,1,3,1252,313,1.0,"[""D"", ""B"", ""A"", ""K""]"
ridge|history_unavailable|budget=25,ridge,history_unavailable,25,False,D_B_A_K,ridge::D_B_A_K,ridge::D_B_A_K,D_B_A_K,1.0,False,17,17,0.6459448493333291,1,3,1252,313,1.0,"[""D"", ""B"", ""A"", ""K""]"
ridge|history_unavailable|budget=26,ridge,history_unavailable,26,False,D_B_A_K,ridge::D_B_A_K,ridge::D_B_A_K,D_B_A_K,1.0,False,17,17,0.6459448493333291,1,3,1252,313,1.0,"[""D"", ""B"", ""A"", ""K""]"
ridge|history_unavailable|budget=27,ridge,history_unavailable,27,False,D_B_A_K,ridge::D_B_A_K,ridge::D_B_A_K,D_B_A_K,1.0,False,17,17,0.6459448493333291,1,3,1252,313,1.0,"[""D"", ""B"", ""A"", ""K""]"
ridge|history_unavailable|budget=28,ridge,history_unavailable,28,False,D_B_P_A_K,ridge::D_B_P_A_K,ridge::D_B_P_A_K,D_B_P_A_K,1.0,False,28,28,0.6457284414473042,1,3,1252,313,1.0,"[""D"", ""B"", ""P"", ""A"", ""K""]"
ridge|history_unavailable|budget=29,ridge,history_unavailable,29,False,D_B_P_A_K,ridge::D_B_P_A_K,ridge::D_B_P_A_K,D_B_P_A_K,1.0,False,28,28,0.6457284414473042,1,3,1252,313,1.0,"[""D"", ""B"", ""P"", ""A"", ""K""]"
ridge|history_unavailable|budget=30,ridge,history_unavailable,30,False,D_B_P_A_K,ridge::D_B_P_A_K,ridge::D_B_P_A_K,D_B_P_A_K,1.0,False,28,28,0.6457284414473042,1,3,1252,313,1.0,"[""D"", ""B"", ""P"", ""A"", ""K""]"
hgb|history_available|budget=00,hgb,history_available,0,True,H,hgb::H,hgb::H,H,"{""learning_rate"": 0.05, ""max_leaf_nodes"": 3}",True,0,0,0.6658568899142383,1,3,1252,313,"{""learning_rate"": 0.05, ""max_leaf_nodes"": 3}","[""H""]"
hgb|history_available|budget=01,hgb,history_available,1,True,H_B,hgb::H_B,hgb::H_B,H_B,"{""learning_rate"": 0.05, ""max_leaf_nodes"": 3}",True,1,1,0.6618022469496566,1,3,1252,313,"{""learning_rate"": 0.05, ""max_leaf_nodes"": 3}","[""H"", ""B""]"
hgb|history_available|budget=02,hgb,history_available,2,True,H_B_M,hgb::H_B_M,hgb::H_B_M,H_B_M,"{""learning_rate"": 0.05, ""max_leaf_nodes"": 3}",True,2,2,0.6587954815409431,1,3,1252,313,"{""learning_rate"": 0.05, ""max_leaf_nodes"": 3}","[""H"", ""B"", ""M""]"
hgb|history_available|budget=03,hgb,history_available,3,True,H_B_M_A,hgb::H_B_M_A,hgb::H_B_M_A,H_B_M_A,"{""learning_rate"": 0.05, ""max_leaf_nodes"": 3}",True,3,3,0.6580320485824813,1,3,1252,313,"{""learning_rate"": 0.05, ""max_leaf_nodes"": 3}","[""H"", ""B"", ""M"", ""A""]"
hgb|history_available|budget=04,hgb,history_available,4,True,H_D,hgb::H_D,hgb::H_D,H_D,"{""learning_rate"": 0.05, ""max_leaf_nodes"": 7}",True,4,4,0.6487878814260583,1,3,1252,313,"{""learning_rate"": 0.05, ""max_leaf_nodes"": 7}","[""H"", ""D""]"
hgb|history_available|budget=05,hgb,history_available,5,True,H_D_C,hgb::H_D_C,hgb::H_D_C,H_D_C,"{""learning_rate"": 0.05, ""max_leaf_nodes"": 7}",True,5,5,0.6425619686590383,1,3,1252,313,"{""learning_rate"": 0.05, ""max_leaf_nodes"": 7}","[""H"", ""D"", ""C""]"
hgb|history_available|budget=06,hgb,history_available,6,True,H_D_M_A,hgb::H_D_M_A,hgb::H_D_M_A,H_D_M_A,"{""learning_rate"": 0.05, ""max_leaf_nodes"": 7}",True,6,6,0.6406319466795731,1,3,1252,313,"{""learning_rate"": 0.05, ""max_leaf_nodes"": 7}","[""H"", ""D"", ""M"", ""A""]"
hgb|history_available|budget=07,hgb,history_available,7,True,H_D_B_M_A,hgb::H_D_B_M_A,hgb::H_D_B_M_A,H_D_B_M_A,"{""learning_rate"": 0.05, ""max_leaf_nodes"": 7}",True,7,7,0.6364553084297874,1,3,1252,313,"{""learning_rate"": 0.05, ""max_leaf_nodes"": 7}","[""H"", ""D"", ""B"", ""M"", ""A""]"
hgb|history_available|budget=08,hgb,history_available,8,True,H_D_B_M_A,hgb::H_D_B_M_A,hgb::H_D_B_M_A,H_D_B_M_A,"{""learning_rate"": 0.05, ""max_leaf_nodes"": 7}",True,7,7,0.6364553084297874,1,3,1252,313,"{""learning_rate"": 0.05, ""max_leaf_nodes"": 7}","[""H"", ""D"", ""B"", ""M"", ""A""]"
hgb|history_available|budget=09,hgb,history_available,9,True,H_D_B_M_A,hgb::H_D_B_M_A,hgb::H_D_B_M_A,H_D_B_M_A,"{""learning_rate"": 0.05, ""max_leaf_nodes"": 7}",True,7,7,0.6364553084297874,1,3,1252,313,"{""learning_rate"": 0.05, ""max_leaf_nodes"": 7}","[""H"", ""D"", ""B"", ""M"", ""A""]"
hgb|history_available|budget=10,hgb,history_available,10,True,H_D_B_M_A,hgb::H_D_B_M_A,hgb::H_D_B_M_A,H_D_B_M_A,"{""learning_rate"": 0.05, ""max_leaf_nodes"": 7}",True,7,7,0.6364553084297874,1,3,1252,313,"{""learning_rate"": 0.05, ""max_leaf_nodes"": 7}","[""H"", ""D"", ""B"", ""M"", ""A""]"
hgb|history_available|budget=11,hgb,history_available,11,True,H_D_B_M_A,hgb::H_D_B_M_A,hgb::H_D_B_M_A,H_D_B_M_A,"{""learning_rate"": 0.05, ""max_leaf_nodes"": 7}",True,7,7,0.6364553084297874,1,3,1252,313,"{""learning_rate"": 0.05, ""max_leaf_nodes"": 7}","[""H"", ""D"", ""B"", ""M"", ""A""]"
hgb|history_available|budget=12,hgb,history_available,12,True,H_D_B_M_A,hgb::H_D_B_M_A,hgb::H_D_B_M_A,H_D_B_M_A,"{""learning_rate"": 0.05, ""max_leaf_nodes"": 7}",True,7,7,0.6364553084297874,1,3,1252,313,"{""learning_rate"": 0.05, ""max_leaf_nodes"": 7}","[""H"", ""D"", ""B"", ""M"", ""A""]"
hgb|history_available|budget=13,hgb,history_available,13,True,H_D_B_M_A,hgb::H_D_B_M_A,hgb::H_D_B_M_A,H_D_B_M_A,"{""learning_rate"": 0.05, ""max_leaf_nodes"": 7}",True,7,7,0.6364553084297874,1,3,1252,313,"{""learning_rate"": 0.05, ""max_leaf_nodes"": 7}","[""H"", ""D"", ""B"", ""M"", ""A""]"
hgb|history_available|budget=14,hgb,history_available,14,True,H_D_B_M_A,hgb::H_D_B_M_A,hgb::H_D_B_M_A,H_D_B_M_A,"{""learning_rate"": 0.05, ""max_leaf_nodes"": 7}",True,7,7,0.6364553084297874,1,3,1252,313,"{""learning_rate"": 0.05, ""max_leaf_nodes"": 7}","[""H"", ""D"", ""B"", ""M"", ""A""]"
hgb|history_available|budget=15,hgb,history_available,15,True,H_D_P,hgb::H_D_P,hgb::H_D_P,H_D_P,"{""learning_rate"": 0.05, ""max_leaf_nodes"": 7}",True,15,15,0.6346596392191619,1,3,1252,313,"{""learning_rate"": 0.05, ""max_leaf_nodes"": 7}","[""H"", ""D"", ""P""]"
hgb|history_available|budget=16,hgb,history_available,16,True,H_D_B_P,hgb::H_D_B_P,hgb::H_D_B_P,H_D_B_P,"{""learning_rate"": 0.05, ""max_leaf_nodes"": 7}",True,16,16,0.6318162751735273,1,3,1252,313,"{""learning_rate"": 0.05, ""max_leaf_nodes"": 7}","[""H"", ""D"", ""B"", ""P""]"
hgb|history_available|budget=17,hgb,history_available,17,True,H_D_B_P,hgb::H_D_B_P,hgb::H_D_B_P,H_D_B_P,"{""learning_rate"": 0.05, ""max_leaf_nodes"": 7}",True,16,16,0.6318162751735273,1,3,1252,313,"{""learning_rate"": 0.05, ""max_leaf_nodes"": 7}","[""H"", ""D"", ""B"", ""P""]"
hgb|history_available|budget=18,hgb,history_available,18,True,H_D_B_P,hgb::H_D_B_P,hgb::H_D_B_P,H_D_B_P,"{""learning_rate"": 0.05, ""max_leaf_nodes"": 7}",True,16,16,0.6318162751735273,1,3,1252,313,"{""learning_rate"": 0.05, ""max_leaf_nodes"": 7}","[""H"", ""D"", ""B"", ""P""]"
hgb|history_available|budget=19,hgb,history_available,19,True,H_D_B_P,hgb::H_D_B_P,hgb::H_D_B_P,H_D_B_P,"{""learning_rate"": 0.05, ""max_leaf_nodes"": 7}",True,16,16,0.6318162751735273,1,3,1252,313,"{""learning_rate"": 0.05, ""max_leaf_nodes"": 7}","[""H"", ""D"", ""B"", ""P""]"
hgb|history_available|budget=20,hgb,history_available,20,True,H_D_B_P,hgb::H_D_B_P,hgb::H_D_B_P,H_D_B_P,"{""learning_rate"": 0.05, ""max_leaf_nodes"": 7}",True,16,16,0.6318162751735273,1,3,1252,313,"{""learning_rate"": 0.05, ""max_leaf_nodes"": 7}","[""H"", ""D"", ""B"", ""P""]"
hgb|history_available|budget=21,hgb,history_available,21,True,H_D_B_P,hgb::H_D_B_P,hgb::H_D_B_P,H_D_B_P,"{""learning_rate"": 0.05, ""max_leaf_nodes"": 7}",True,16,16,0.6318162751735273,1,3,1252,313,"{""learning_rate"": 0.05, ""max_leaf_nodes"": 7}","[""H"", ""D"", ""B"", ""P""]"
hgb|history_available|budget=22,hgb,history_available,22,True,H_D_B_P,hgb::H_D_B_P,hgb::H_D_B_P,H_D_B_P,"{""learning_rate"": 0.05, ""max_leaf_nodes"": 7}",True,16,16,0.6318162751735273,1,3,1252,313,"{""learning_rate"": 0.05, ""max_leaf_nodes"": 7}","[""H"", ""D"", ""B"", ""P""]"
hgb|history_available|budget=23,hgb,history_available,23,True,H_D_B_P,hgb::H_D_B_P,hgb::H_D_B_P,H_D_B_P,"{""learning_rate"": 0.05, ""max_leaf_nodes"": 7}",True,16,16,0.6318162751735273,1,3,1252,313,"{""learning_rate"": 0.05, ""max_leaf_nodes"": 7}","[""H"", ""D"", ""B"", ""P""]"
hgb|history_available|budget=24,hgb,history_available,24,True,H_D_B_P,hgb::H_D_B_P,hgb::H_D_B_P,H_D_B_P,"{""learning_rate"": 0.05, ""max_leaf_nodes"": 7}",True,16,16,0.6318162751735273,1,3,1252,313,"{""learning_rate"": 0.05, ""max_leaf_nodes"": 7}","[""H"", ""D"", ""B"", ""P""]"
hgb|history_available|budget=25,hgb,history_available,25,True,H_D_B_P,hgb::H_D_B_P,hgb::H_D_B_P,H_D_B_P,"{""learning_rate"": 0.05, ""max_leaf_nodes"": 7}",True,16,16,0.6318162751735273,1,3,1252,313,"{""learning_rate"": 0.05, ""max_leaf_nodes"": 7}","[""H"", ""D"", ""B"", ""P""]"
hgb|history_available|budget=26,hgb,history_available,26,True,H_D_B_P,hgb::H_D_B_P,hgb::H_D_B_P,H_D_B_P,"{""learning_rate"": 0.05, ""max_leaf_nodes"": 7}",True,16,16,0.6318162751735273,1,3,1252,313,"{""learning_rate"": 0.05, ""max_leaf_nodes"": 7}","[""H"", ""D"", ""B"", ""P""]"
hgb|history_available|budget=27,hgb,history_available,27,True,H_D_B_P,hgb::H_D_B_P,hgb::H_D_B_P,H_D_B_P,"{""learning_rate"": 0.05, ""max_leaf_nodes"": 7}",True,16,16,0.6318162751735273,1,3,1252,313,"{""learning_rate"": 0.05, ""max_leaf_nodes"": 7}","[""H"", ""D"", ""B"", ""P""]"
hgb|history_available|budget=28,hgb,history_available,28,True,H_D_B_P,hgb::H_D_B_P,hgb::H_D_B_P,H_D_B_P,"{""learning_rate"": 0.05, ""max_leaf_nodes"": 7}",True,16,16,0.6318162751735273,1,3,1252,313,"{""learning_rate"": 0.05, ""max_leaf_nodes"": 7}","[""H"", ""D"", ""B"", ""P""]"
hgb|history_available|budget=29,hgb,history_available,29,True,H_D_B_P,hgb::H_D_B_P,hgb::H_D_B_P,H_D_B_P,"{""learning_rate"": 0.05, ""max_leaf_nodes"": 7}",True,16,16,0.6318162751735273,1,3,1252,313,"{""learning_rate"": 0.05, ""max_leaf_nodes"": 7}","[""H"", ""D"", ""B"", ""P""]"
hgb|history_available|budget=30,hgb,history_available,30,True,H_D_B_P,hgb::H_D_B_P,hgb::H_D_B_P,H_D_B_P,"{""learning_rate"": 0.05, ""max_leaf_nodes"": 7}",True,16,16,0.6318162751735273,1,3,1252,313,"{""learning_rate"": 0.05, ""max_leaf_nodes"": 7}","[""H"", ""D"", ""B"", ""P""]"
hgb|history_unavailable|budget=00,hgb,history_unavailable,0,False,NONE,hgb::NONE,hgb::NONE,NONE,"{""learning_rate"": 0.05, ""max_leaf_nodes"": 3}",False,0,0,0.6853669918199291,1,3,1252,313,"{""learning_rate"": 0.05, ""max_leaf_nodes"": 3}",[]
hgb|history_unavailable|budget=01,hgb,history_unavailable,1,False,B,hgb::B,hgb::B,B,"{""learning_rate"": 0.05, ""max_leaf_nodes"": 3}",False,1,1,0.6774307334540896,1,3,1252,313,"{""learning_rate"": 0.05, ""max_leaf_nodes"": 3}","[""B""]"
hgb|history_unavailable|budget=02,hgb,history_unavailable,2,False,B_A,hgb::B_A,hgb::B_A,B_A,"{""learning_rate"": 0.05, ""max_leaf_nodes"": 3}",False,2,2,0.6740244401537747,1,3,1252,313,"{""learning_rate"": 0.05, ""max_leaf_nodes"": 3}","[""B"", ""A""]"
hgb|history_unavailable|budget=03,hgb,history_unavailable,3,False,B_M_A,hgb::B_M_A,hgb::B_M_A,B_M_A,"{""learning_rate"": 0.05, ""max_leaf_nodes"": 3}",False,3,3,0.6739008444049077,1,3,1252,313,"{""learning_rate"": 0.05, ""max_leaf_nodes"": 3}","[""B"", ""M"", ""A""]"
hgb|history_unavailable|budget=04,hgb,history_unavailable,4,False,D,hgb::D,hgb::D,D,"{""learning_rate"": 0.05, ""max_leaf_nodes"": 3}",False,4,4,0.6675810446893194,1,3,1252,313,"{""learning_rate"": 0.05, ""max_leaf_nodes"": 3}","[""D""]"
hgb|history_unavailable|budget=05,hgb,history_unavailable,5,False,D_B,hgb::D_B,hgb::D_B,D_B,"{""learning_rate"": 0.05, ""max_leaf_nodes"": 7}",False,5,5,0.6600561815218322,1,3,1252,313,"{""learning_rate"": 0.05, ""max_leaf_nodes"": 7}","[""D"", ""B""]"
hgb|history_unavailable|budget=06,hgb,history_unavailable,6,False,D_B_C,hgb::D_B_C,hgb::D_B_C,D_B_C,"{""learning_rate"": 0.05, ""max_leaf_nodes"": 7}",False,6,6,0.6579275703690088,1,3,1252,313,"{""learning_rate"": 0.05, ""max_leaf_nodes"": 7}","[""D"", ""B"", ""C""]"
hgb|history_unavailable|budget=07,hgb,history_unavailable,7,False,D_B_C_A,hgb::D_B_C_A,hgb::D_B_C_A,D_B_C_A,"{""learning_rate"": 0.05, ""max_leaf_nodes"": 7}",False,7,7,0.6540999970111505,1,3,1252,313,"{""learning_rate"": 0.05, ""max_leaf_nodes"": 7}","[""D"", ""B"", ""C"", ""A""]"
hgb|history_unavailable|budget=08,hgb,history_unavailable,8,False,D_B_M_C_A,hgb::D_B_M_C_A,hgb::D_B_M_C_A,D_B_M_C_A,"{""learning_rate"": 0.05, ""max_leaf_nodes"": 7}",False,8,8,0.6534416772304263,1,3,1252,313,"{""learning_rate"": 0.05, ""max_leaf_nodes"": 7}","[""D"", ""B"", ""M"", ""C"", ""A""]"
hgb|history_unavailable|budget=09,hgb,history_unavailable,9,False,D_B_M_C_A,hgb::D_B_M_C_A,hgb::D_B_M_C_A,D_B_M_C_A,"{""learning_rate"": 0.05, ""max_leaf_nodes"": 7}",False,8,8,0.6534416772304263,1,3,1252,313,"{""learning_rate"": 0.05, ""max_leaf_nodes"": 7}","[""D"", ""B"", ""M"", ""C"", ""A""]"
hgb|history_unavailable|budget=10,hgb,history_unavailable,10,False,D_B_M_C_A,hgb::D_B_M_C_A,hgb::D_B_M_C_A,D_B_M_C_A,"{""learning_rate"": 0.05, ""max_leaf_nodes"": 7}",False,8,8,0.6534416772304263,1,3,1252,313,"{""learning_rate"": 0.05, ""max_leaf_nodes"": 7}","[""D"", ""B"", ""M"", ""C"", ""A""]"
hgb|history_unavailable|budget=11,hgb,history_unavailable,11,False,D_B_M_C_A,hgb::D_B_M_C_A,hgb::D_B_M_C_A,D_B_M_C_A,"{""learning_rate"": 0.05, ""max_leaf_nodes"": 7}",False,8,8,0.6534416772304263,1,3,1252,313,"{""learning_rate"": 0.05, ""max_leaf_nodes"": 7}","[""D"", ""B"", ""M"", ""C"", ""A""]"
hgb|history_unavailable|budget=12,hgb,history_unavailable,12,False,D_B_M_C_A,hgb::D_B_M_C_A,hgb::D_B_M_C_A,D_B_M_C_A,"{""learning_rate"": 0.05, ""max_leaf_nodes"": 7}",False,8,8,0.6534416772304263,1,3,1252,313,"{""learning_rate"": 0.05, ""max_leaf_nodes"": 7}","[""D"", ""B"", ""M"", ""C"", ""A""]"
hgb|history_unavailable|budget=13,hgb,history_unavailable,13,False,D_B_M_C_A,hgb::D_B_M_C_A,hgb::D_B_M_C_A,D_B_M_C_A,"{""learning_rate"": 0.05, ""max_leaf_nodes"": 7}",False,8,8,0.6534416772304263,1,3,1252,313,"{""learning_rate"": 0.05, ""max_leaf_nodes"": 7}","[""D"", ""B"", ""M"", ""C"", ""A""]"
hgb|history_unavailable|budget=14,hgb,history_unavailable,14,False,D_B_M_C_A,hgb::D_B_M_C_A,hgb::D_B_M_C_A,D_B_M_C_A,"{""learning_rate"": 0.05, ""max_leaf_nodes"": 7}",False,8,8,0.6534416772304263,1,3,1252,313,"{""learning_rate"": 0.05, ""max_leaf_nodes"": 7}","[""D"", ""B"", ""M"", ""C"", ""A""]"
hgb|history_unavailable|budget=15,hgb,history_unavailable,15,False,D_P,hgb::D_P,hgb::D_P,D_P,"{""learning_rate"": 0.05, ""max_leaf_nodes"": 7}",False,15,15,0.6453142538281328,1,3,1252,313,"{""learning_rate"": 0.05, ""max_leaf_nodes"": 7}","[""D"", ""P""]"
hgb|history_unavailable|budget=16,hgb,history_unavailable,16,False,D_P,hgb::D_P,hgb::D_P,D_P,"{""learning_rate"": 0.05, ""max_leaf_nodes"": 7}",False,15,15,0.6453142538281328,1,3,1252,313,"{""learning_rate"": 0.05, ""max_leaf_nodes"": 7}","[""D"", ""P""]"
hgb|history_unavailable|budget=17,hgb,history_unavailable,17,False,D_B_M_P,hgb::D_B_M_P,hgb::D_B_M_P,D_B_M_P,"{""learning_rate"": 0.05, ""max_leaf_nodes"": 7}",False,17,17,0.6436651591570115,1,3,1252,313,"{""learning_rate"": 0.05, ""max_leaf_nodes"": 7}","[""D"", ""B"", ""M"", ""P""]"
hgb|history_unavailable|budget=18,hgb,history_unavailable,18,False,D_B_M_P_A,hgb::D_B_M_P_A,hgb::D_B_M_P_A,D_B_M_P_A,"{""learning_rate"": 0.05, ""max_leaf_nodes"": 7}",False,18,18,0.6413327858495067,1,3,1252,313,"{""learning_rate"": 0.05, ""max_leaf_nodes"": 7}","[""D"", ""B"", ""M"", ""P"", ""A""]"
hgb|history_unavailable|budget=19,hgb,history_unavailable,19,False,D_B_M_P_A,hgb::D_B_M_P_A,hgb::D_B_M_P_A,D_B_M_P_A,"{""learning_rate"": 0.05, ""max_leaf_nodes"": 7}",False,18,18,0.6413327858495067,1,3,1252,313,"{""learning_rate"": 0.05, ""max_leaf_nodes"": 7}","[""D"", ""B"", ""M"", ""P"", ""A""]"
hgb|history_unavailable|budget=20,hgb,history_unavailable,20,False,D_B_M_P_A,hgb::D_B_M_P_A,hgb::D_B_M_P_A,D_B_M_P_A,"{""learning_rate"": 0.05, ""max_leaf_nodes"": 7}",False,18,18,0.6413327858495067,1,3,1252,313,"{""learning_rate"": 0.05, ""max_leaf_nodes"": 7}","[""D"", ""B"", ""M"", ""P"", ""A""]"
hgb|history_unavailable|budget=21,hgb,history_unavailable,21,False,D_B_M_P_A,hgb::D_B_M_P_A,hgb::D_B_M_P_A,D_B_M_P_A,"{""learning_rate"": 0.05, ""max_leaf_nodes"": 7}",False,18,18,0.6413327858495067,1,3,1252,313,"{""learning_rate"": 0.05, ""max_leaf_nodes"": 7}","[""D"", ""B"", ""M"", ""P"", ""A""]"
hgb|history_unavailable|budget=22,hgb,history_unavailable,22,False,D_B_M_P_A,hgb::D_B_M_P_A,hgb::D_B_M_P_A,D_B_M_P_A,"{""learning_rate"": 0.05, ""max_leaf_nodes"": 7}",False,18,18,0.6413327858495067,1,3,1252,313,"{""learning_rate"": 0.05, ""max_leaf_nodes"": 7}","[""D"", ""B"", ""M"", ""P"", ""A""]"
hgb|history_unavailable|budget=23,hgb,history_unavailable,23,False,D_B_M_P_A,hgb::D_B_M_P_A,hgb::D_B_M_P_A,D_B_M_P_A,"{""learning_rate"": 0.05, ""max_leaf_nodes"": 7}",False,18,18,0.6413327858495067,1,3,1252,313,"{""learning_rate"": 0.05, ""max_leaf_nodes"": 7}","[""D"", ""B"", ""M"", ""P"", ""A""]"
hgb|history_unavailable|budget=24,hgb,history_unavailable,24,False,D_B_M_P_A,hgb::D_B_M_P_A,hgb::D_B_M_P_A,D_B_M_P_A,"{""learning_rate"": 0.05, ""max_leaf_nodes"": 7}",False,18,18,0.6413327858495067,1,3,1252,313,"{""learning_rate"": 0.05, ""max_leaf_nodes"": 7}","[""D"", ""B"", ""M"", ""P"", ""A""]"
hgb|history_unavailable|budget=25,hgb,history_unavailable,25,False,D_B_M_P_A,hgb::D_B_M_P_A,hgb::D_B_M_P_A,D_B_M_P_A,"{""learning_rate"": 0.05, ""max_leaf_nodes"": 7}",False,18,18,0.6413327858495067,1,3,1252,313,"{""learning_rate"": 0.05, ""max_leaf_nodes"": 7}","[""D"", ""B"", ""M"", ""P"", ""A""]"
hgb|history_unavailable|budget=26,hgb,history_unavailable,26,False,D_B_M_P_A,hgb::D_B_M_P_A,hgb::D_B_M_P_A,D_B_M_P_A,"{""learning_rate"": 0.05, ""max_leaf_nodes"": 7}",False,18,18,0.6413327858495067,1,3,1252,313,"{""learning_rate"": 0.05, ""max_leaf_nodes"": 7}","[""D"", ""B"", ""M"", ""P"", ""A""]"
hgb|history_unavailable|budget=27,hgb,history_unavailable,27,False,D_B_M_P_A,hgb::D_B_M_P_A,hgb::D_B_M_P_A,D_B_M_P_A,"{""learning_rate"": 0.05, ""max_leaf_nodes"": 7}",False,18,18,0.6413327858495067,1,3,1252,313,"{""learning_rate"": 0.05, ""max_leaf_nodes"": 7}","[""D"", ""B"", ""M"", ""P"", ""A""]"
hgb|history_unavailable|budget=28,hgb,history_unavailable,28,False,D_B_M_P_A,hgb::D_B_M_P_A,hgb::D_B_M_P_A,D_B_M_P_A,"{""learning_rate"": 0.05, ""max_leaf_nodes"": 7}",False,18,18,0.6413327858495067,1,3,1252,313,"{""learning_rate"": 0.05, ""max_leaf_nodes"": 7}","[""D"", ""B"", ""M"", ""P"", ""A""]"
hgb|history_unavailable|budget=29,hgb,history_unavailable,29,False,D_B_M_P_A,hgb::D_B_M_P_A,hgb::D_B_M_P_A,D_B_M_P_A,"{""learning_rate"": 0.05, ""max_leaf_nodes"": 7}",False,18,18,0.6413327858495067,1,3,1252,313,"{""learning_rate"": 0.05, ""max_leaf_nodes"": 7}","[""D"", ""B"", ""M"", ""P"", ""A""]"
hgb|history_unavailable|budget=30,hgb,history_unavailable,30,False,D_B_M_P_A,hgb::D_B_M_P_A,hgb::D_B_M_P_A,D_B_M_P_A,"{""learning_rate"": 0.05, ""max_leaf_nodes"": 7}",False,18,18,0.6413327858495067,1,3,1252,313,"{""learning_rate"": 0.05, ""max_leaf_nodes"": 7}","[""D"", ""B"", ""M"", ""P"", ""A""]"
ridge|history_available|budget=00,ridge,history_available,0,True,H,ridge::H,ridge::H,H,0.1,True,0,0,0.6621162754580413,1,4,1252,313,0.1,"[""H""]"
ridge|history_available|budget=01,ridge,history_available,1,True,H_B,ridge::H_B,ridge::H_B,H_B,0.1,True,1,1,0.6575480420220738,1,4,1252,313,0.1,"[""H"", ""B""]"
ridge|history_available|budget=02,ridge,history_available,2,True,H_B_A,ridge::H_B_A,ridge::H_B_A,H_B_A,0.1,True,2,2,0.6553776322568325,1,4,1252,313,0.1,"[""H"", ""B"", ""A""]"
ridge|history_available|budget=03,ridge,history_available,3,True,H_B_A,ridge::H_B_A,ridge::H_B_A,H_B_A,0.1,True,2,2,0.6553776322568325,1,4,1252,313,0.1,"[""H"", ""B"", ""A""]"
ridge|history_available|budget=04,ridge,history_available,4,True,H_D,ridge::H_D,ridge::H_D,H_D,0.1,True,4,4,0.6484714505374846,1,4,1252,313,0.1,"[""H"", ""D""]"
ridge|history_available|budget=05,ridge,history_available,5,True,H_D_B,ridge::H_D_B,ridge::H_D_B,H_D_B,0.1,True,5,5,0.6451779655154187,1,4,1252,313,0.1,"[""H"", ""D"", ""B""]"
ridge|history_available|budget=06,ridge,history_available,6,True,H_D_B_A,ridge::H_D_B_A,ridge::H_D_B_A,H_D_B_A,0.1,True,6,6,0.6430784379729712,1,4,1252,313,0.1,"[""H"", ""D"", ""B"", ""A""]"
ridge|history_available|budget=07,ridge,history_available,7,True,H_D_B_A,ridge::H_D_B_A,ridge::H_D_B_A,H_D_B_A,0.1,True,6,6,0.6430784379729712,1,4,1252,313,0.1,"[""H"", ""D"", ""B"", ""A""]"
ridge|history_available|budget=08,ridge,history_available,8,True,H_D_B_A,ridge::H_D_B_A,ridge::H_D_B_A,H_D_B_A,0.1,True,6,6,0.6430784379729712,1,4,1252,313,0.1,"[""H"", ""D"", ""B"", ""A""]"
ridge|history_available|budget=09,ridge,history_available,9,True,H_D_B_A,ridge::H_D_B_A,ridge::H_D_B_A,H_D_B_A,0.1,True,6,6,0.6430784379729712,1,4,1252,313,0.1,"[""H"", ""D"", ""B"", ""A""]"
ridge|history_available|budget=10,ridge,history_available,10,True,H_D_B_A,ridge::H_D_B_A,ridge::H_D_B_A,H_D_B_A,0.1,True,6,6,0.6430784379729712,1,4,1252,313,0.1,"[""H"", ""D"", ""B"", ""A""]"
ridge|history_available|budget=11,ridge,history_available,11,True,H_D_B_A,ridge::H_D_B_A,ridge::H_D_B_A,H_D_B_A,0.1,True,6,6,0.6430784379729712,1,4,1252,313,0.1,"[""H"", ""D"", ""B"", ""A""]"
ridge|history_available|budget=12,ridge,history_available,12,True,H_D_B_A,ridge::H_D_B_A,ridge::H_D_B_A,H_D_B_A,0.1,True,6,6,0.6430784379729712,1,4,1252,313,0.1,"[""H"", ""D"", ""B"", ""A""]"
ridge|history_available|budget=13,ridge,history_available,13,True,H_D_B_A,ridge::H_D_B_A,ridge::H_D_B_A,H_D_B_A,0.1,True,6,6,0.6430784379729712,1,4,1252,313,0.1,"[""H"", ""D"", ""B"", ""A""]"
ridge|history_available|budget=14,ridge,history_available,14,True,H_D_B_A,ridge::H_D_B_A,ridge::H_D_B_A,H_D_B_A,0.1,True,6,6,0.6430784379729712,1,4,1252,313,0.1,"[""H"", ""D"", ""B"", ""A""]"
ridge|history_available|budget=15,ridge,history_available,15,True,H_D_K,ridge::H_D_K,ridge::H_D_K,H_D_K,0.1,True,15,15,0.6429514551686001,1,4,1252,313,0.1,"[""H"", ""D"", ""K""]"
ridge|history_available|budget=16,ridge,history_available,16,True,H_D_B_K,ridge::H_D_B_K,ridge::H_D_B_K,H_D_B_K,0.1,True,16,16,0.6400551288154718,1,4,1252,313,0.1,"[""H"", ""D"", ""B"", ""K""]"
ridge|history_available|budget=17,ridge,history_available,17,True,H_D_B_A_K,ridge::H_D_B_A_K,ridge::H_D_B_A_K,H_D_B_A_K,0.1,True,17,17,0.6378510942338627,1,4,1252,313,0.1,"[""H"", ""D"", ""B"", ""A"", ""K""]"
ridge|history_available|budget=18,ridge,history_available,18,True,H_D_B_A_K,ridge::H_D_B_A_K,ridge::H_D_B_A_K,H_D_B_A_K,0.1,True,17,17,0.6378510942338627,1,4,1252,313,0.1,"[""H"", ""D"", ""B"", ""A"", ""K""]"
ridge|history_available|budget=19,ridge,history_available,19,True,H_D_B_A_K,ridge::H_D_B_A_K,ridge::H_D_B_A_K,H_D_B_A_K,0.1,True,17,17,0.6378510942338627,1,4,1252,313,0.1,"[""H"", ""D"", ""B"", ""A"", ""K""]"
ridge|history_available|budget=20,ridge,history_available,20,True,H_D_B_A_K,ridge::H_D_B_A_K,ridge::H_D_B_A_K,H_D_B_A_K,0.1,True,17,17,0.6378510942338627,1,4,1252,313,0.1,"[""H"", ""D"", ""B"", ""A"", ""K""]"
ridge|history_available|budget=21,ridge,history_available,21,True,H_D_B_A_K,ridge::H_D_B_A_K,ridge::H_D_B_A_K,H_D_B_A_K,0.1,True,17,17,0.6378510942338627,1,4,1252,313,0.1,"[""H"", ""D"", ""B"", ""A"", ""K""]"
ridge|history_available|budget=22,ridge,history_available,22,True,H_D_B_A_K,ridge::H_D_B_A_K,ridge::H_D_B_A_K,H_D_B_A_K,0.1,True,17,17,0.6378510942338627,1,4,1252,313,0.1,"[""H"", ""D"", ""B"", ""A"", ""K""]"
ridge|history_available|budget=23,ridge,history_available,23,True,H_D_B_A_K,ridge::H_D_B_A_K,ridge::H_D_B_A_K,H_D_B_A_K,0.1,True,17,17,0.6378510942338627,1,4,1252,313,0.1,"[""H"", ""D"", ""B"", ""A"", ""K""]"
ridge|history_available|budget=24,ridge,history_available,24,True,H_D_B_A_K,ridge::H_D_B_A_K,ridge::H_D_B_A_K,H_D_B_A_K,0.1,True,17,17,0.6378510942338627,1,4,1252,313,0.1,"[""H"", ""D"", ""B"", ""A"", ""K""]"
ridge|history_available|budget=25,ridge,history_available,25,True,H_D_B_A_K,ridge::H_D_B_A_K,ridge::H_D_B_A_K,H_D_B_A_K,0.1,True,17,17,0.6378510942338627,1,4,1252,313,0.1,"[""H"", ""D"", ""B"", ""A"", ""K""]"
ridge|history_available|budget=26,ridge,history_available,26,True,H_D_B_A_K,ridge::H_D_B_A_K,ridge::H_D_B_A_K,H_D_B_A_K,0.1,True,17,17,0.6378510942338627,1,4,1252,313,0.1,"[""H"", ""D"", ""B"", ""A"", ""K""]"
ridge|history_available|budget=27,ridge,history_available,27,True,H_D_B_A_K,ridge::H_D_B_A_K,ridge::H_D_B_A_K,H_D_B_A_K,0.1,True,17,17,0.6378510942338627,1,4,1252,313,0.1,"[""H"", ""D"", ""B"", ""A"", ""K""]"
ridge|history_available|budget=28,ridge,history_available,28,True,H_D_B_P_A_K,ridge::H_D_B_P_A_K,ridge::H_D_B_P_A_K,H_D_B_P_A_K,0.1,True,28,28,0.636683029841208,1,4,1252,313,0.1,"[""H"", ""D"", ""B"", ""P"", ""A"", ""K""]"
ridge|history_available|budget=29,ridge,history_available,29,True,H_D_B_P_A_K,ridge::H_D_B_P_A_K,ridge::H_D_B_P_A_K,H_D_B_P_A_K,0.1,True,28,28,0.636683029841208,1,4,1252,313,0.1,"[""H"", ""D"", ""B"", ""P"", ""A"", ""K""]"
ridge|history_available|budget=30,ridge,history_available,30,True,H_D_B_P_A_K,ridge::H_D_B_P_A_K,ridge::H_D_B_P_A_K,H_D_B_P_A_K,0.1,True,28,28,0.636683029841208,1,4,1252,313,0.1,"[""H"", ""D"", ""B"", ""P"", ""A"", ""K""]"
ridge|history_unavailable|budget=00,ridge,history_unavailable,0,False,NONE,ridge::NONE,ridge::NONE,NONE,0.001,False,0,0,0.6853669918199292,1,4,1252,313,0.001,[]
ridge|history_unavailable|budget=01,ridge,history_unavailable,1,False,B,ridge::B,ridge::B,B,0.1,False,1,1,0.6770855728932783,1,4,1252,313,0.1,"[""B""]"
ridge|history_unavailable|budget=02,ridge,history_unavailable,2,False,B_A,ridge::B_A,ridge::B_A,B_A,0.1,False,2,2,0.6735844286342739,1,4,1252,313,0.1,"[""B"", ""A""]"
ridge|history_unavailable|budget=03,ridge,history_unavailable,3,False,B_A,ridge::B_A,ridge::B_A,B_A,0.1,False,2,2,0.6735844286342739,1,4,1252,313,0.1,"[""B"", ""A""]"
ridge|history_unavailable|budget=04,ridge,history_unavailable,4,False,D,ridge::D,ridge::D,D,0.1,False,4,4,0.6677576172536668,1,4,1252,313,0.1,"[""D""]"
ridge|history_unavailable|budget=05,ridge,history_unavailable,5,False,D_B,ridge::D_B,ridge::D_B,D_B,0.1,False,5,5,0.6618855871444718,1,4,1252,313,0.1,"[""D"", ""B""]"
ridge|history_unavailable|budget=06,ridge,history_unavailable,6,False,D_B_A,ridge::D_B_A,ridge::D_B_A,D_B_A,0.1,False,6,6,0.6586495766487441,1,4,1252,313,0.1,"[""D"", ""B"", ""A""]"
ridge|history_unavailable|budget=07,ridge,history_unavailable,7,False,D_B_A,ridge::D_B_A,ridge::D_B_A,D_B_A,0.1,False,6,6,0.6586495766487441,1,4,1252,313,0.1,"[""D"", ""B"", ""A""]"
ridge|history_unavailable|budget=08,ridge,history_unavailable,8,False,D_B_A,ridge::D_B_A,ridge::D_B_A,D_B_A,0.1,False,6,6,0.6586495766487441,1,4,1252,313,0.1,"[""D"", ""B"", ""A""]"
ridge|history_unavailable|budget=09,ridge,history_unavailable,9,False,D_B_A,ridge::D_B_A,ridge::D_B_A,D_B_A,0.1,False,6,6,0.6586495766487441,1,4,1252,313,0.1,"[""D"", ""B"", ""A""]"
ridge|history_unavailable|budget=10,ridge,history_unavailable,10,False,D_B_A,ridge::D_B_A,ridge::D_B_A,D_B_A,0.1,False,6,6,0.6586495766487441,1,4,1252,313,0.1,"[""D"", ""B"", ""A""]"
ridge|history_unavailable|budget=11,ridge,history_unavailable,11,False,D_B_A,ridge::D_B_A,ridge::D_B_A,D_B_A,0.1,False,6,6,0.6586495766487441,1,4,1252,313,0.1,"[""D"", ""B"", ""A""]"
ridge|history_unavailable|budget=12,ridge,history_unavailable,12,False,D_B_A,ridge::D_B_A,ridge::D_B_A,D_B_A,0.1,False,6,6,0.6586495766487441,1,4,1252,313,0.1,"[""D"", ""B"", ""A""]"
ridge|history_unavailable|budget=13,ridge,history_unavailable,13,False,D_B_A,ridge::D_B_A,ridge::D_B_A,D_B_A,0.1,False,6,6,0.6586495766487441,1,4,1252,313,0.1,"[""D"", ""B"", ""A""]"
ridge|history_unavailable|budget=14,ridge,history_unavailable,14,False,D_B_A,ridge::D_B_A,ridge::D_B_A,D_B_A,0.1,False,6,6,0.6586495766487441,1,4,1252,313,0.1,"[""D"", ""B"", ""A""]"
ridge|history_unavailable|budget=15,ridge,history_unavailable,15,False,D_B_A,ridge::D_B_A,ridge::D_B_A,D_B_A,0.1,False,6,6,0.6586495766487441,1,4,1252,313,0.1,"[""D"", ""B"", ""A""]"
ridge|history_unavailable|budget=16,ridge,history_unavailable,16,False,D_B_K,ridge::D_B_K,ridge::D_B_K,D_B_K,0.1,False,16,16,0.6552898577683964,1,4,1252,313,0.1,"[""D"", ""B"", ""K""]"
ridge|history_unavailable|budget=17,ridge,history_unavailable,17,False,D_B_A_K,ridge::D_B_A_K,ridge::D_B_A_K,D_B_A_K,0.1,False,17,17,0.6520090719783554,1,4,1252,313,0.1,"[""D"", ""B"", ""A"", ""K""]"
ridge|history_unavailable|budget=18,ridge,history_unavailable,18,False,D_B_A_K,ridge::D_B_A_K,ridge::D_B_A_K,D_B_A_K,0.1,False,17,17,0.6520090719783554,1,4,1252,313,0.1,"[""D"", ""B"", ""A"", ""K""]"
ridge|history_unavailable|budget=19,ridge,history_unavailable,19,False,D_B_A_K,ridge::D_B_A_K,ridge::D_B_A_K,D_B_A_K,0.1,False,17,17,0.6520090719783554,1,4,1252,313,0.1,"[""D"", ""B"", ""A"", ""K""]"
ridge|history_unavailable|budget=20,ridge,history_unavailable,20,False,D_B_A_K,ridge::D_B_A_K,ridge::D_B_A_K,D_B_A_K,0.1,False,17,17,0.6520090719783554,1,4,1252,313,0.1,"[""D"", ""B"", ""A"", ""K""]"
ridge|history_unavailable|budget=21,ridge,history_unavailable,21,False,D_B_A_K,ridge::D_B_A_K,ridge::D_B_A_K,D_B_A_K,0.1,False,17,17,0.6520090719783554,1,4,1252,313,0.1,"[""D"", ""B"", ""A"", ""K""]"
ridge|history_unavailable|budget=22,ridge,history_unavailable,22,False,D_B_A_K,ridge::D_B_A_K,ridge::D_B_A_K,D_B_A_K,0.1,False,17,17,0.6520090719783554,1,4,1252,313,0.1,"[""D"", ""B"", ""A"", ""K""]"
ridge|history_unavailable|budget=23,ridge,history_unavailable,23,False,D_B_A_K,ridge::D_B_A_K,ridge::D_B_A_K,D_B_A_K,0.1,False,17,17,0.6520090719783554,1,4,1252,313,0.1,"[""D"", ""B"", ""A"", ""K""]"
ridge|history_unavailable|budget=24,ridge,history_unavailable,24,False,D_B_A_K,ridge::D_B_A_K,ridge::D_B_A_K,D_B_A_K,0.1,False,17,17,0.6520090719783554,1,4,1252,313,0.1,"[""D"", ""B"", ""A"", ""K""]"
ridge|history_unavailable|budget=25,ridge,history_unavailable,25,False,D_B_A_K,ridge::D_B_A_K,ridge::D_B_A_K,D_B_A_K,0.1,False,17,17,0.6520090719783554,1,4,1252,313,0.1,"[""D"", ""B"", ""A"", ""K""]"
ridge|history_unavailable|budget=26,ridge,history_unavailable,26,False,D_B_A_K,ridge::D_B_A_K,ridge::D_B_A_K,D_B_A_K,0.1,False,17,17,0.6520090719783554,1,4,1252,313,0.1,"[""D"", ""B"", ""A"", ""K""]"
ridge|history_unavailable|budget=27,ridge,history_unavailable,27,False,D_B_A_K,ridge::D_B_A_K,ridge::D_B_A_K,D_B_A_K,0.1,False,17,17,0.6520090719783554,1,4,1252,313,0.1,"[""D"", ""B"", ""A"", ""K""]"
ridge|history_unavailable|budget=28,ridge,history_unavailable,28,False,D_B_P_A_K,ridge::D_B_P_A_K,ridge::D_B_P_A_K,D_B_P_A_K,0.1,False,28,28,0.650742231936962,1,4,1252,313,0.1,"[""D"", ""B"", ""P"", ""A"", ""K""]"
ridge|history_unavailable|budget=29,ridge,history_unavailable,29,False,D_B_P_A_K,ridge::D_B_P_A_K,ridge::D_B_P_A_K,D_B_P_A_K,0.1,False,28,28,0.650742231936962,1,4,1252,313,0.1,"[""D"", ""B"", ""P"", ""A"", ""K""]"
ridge|history_unavailable|budget=30,ridge,history_unavailable,30,False,D_B_P_A_K,ridge::D_B_P_A_K,ridge::D_B_P_A_K,D_B_P_A_K,0.1,False,28,28,0.650742231936962,1,4,1252,313,0.1,"[""D"", ""B"", ""P"", ""A"", ""K""]"
hgb|history_available|budget=00,hgb,history_available,0,True,H,hgb::H,hgb::H,H,"{""learning_rate"": 0.05, ""max_leaf_nodes"": 3}",True,0,0,0.6621269414329911,1,4,1252,313,"{""learning_rate"": 0.05, ""max_leaf_nodes"": 3}","[""H""]"
hgb|history_available|budget=01,hgb,history_available,1,True,H_B,hgb::H_B,hgb::H_B,H_B,"{""learning_rate"": 0.05, ""max_leaf_nodes"": 3}",True,1,1,0.6580470219645426,1,4,1252,313,"{""learning_rate"": 0.05, ""max_leaf_nodes"": 3}","[""H"", ""B""]"
hgb|history_available|budget=02,hgb,history_available,2,True,H_B_A,hgb::H_B_A,hgb::H_B_A,H_B_A,"{""learning_rate"": 0.05, ""max_leaf_nodes"": 3}",True,2,2,0.6548202311504924,1,4,1252,313,"{""learning_rate"": 0.05, ""max_leaf_nodes"": 3}","[""H"", ""B"", ""A""]"
hgb|history_available|budget=03,hgb,history_available,3,True,H_B_A,hgb::H_B_A,hgb::H_B_A,H_B_A,"{""learning_rate"": 0.05, ""max_leaf_nodes"": 3}",True,2,2,0.6548202311504924,1,4,1252,313,"{""learning_rate"": 0.05, ""max_leaf_nodes"": 3}","[""H"", ""B"", ""A""]"
hgb|history_available|budget=04,hgb,history_available,4,True,H_B_A,hgb::H_B_A,hgb::H_B_A,H_B_A,"{""learning_rate"": 0.05, ""max_leaf_nodes"": 3}",True,2,2,0.6548202311504924,1,4,1252,313,"{""learning_rate"": 0.05, ""max_leaf_nodes"": 3}","[""H"", ""B"", ""A""]"
hgb|history_available|budget=05,hgb,history_available,5,True,H_D_B,hgb::H_D_B,hgb::H_D_B,H_D_B,"{""learning_rate"": 0.05, ""max_leaf_nodes"": 3}",True,5,5,0.6510869347822532,1,4,1252,313,"{""learning_rate"": 0.05, ""max_leaf_nodes"": 3}","[""H"", ""D"", ""B""]"
hgb|history_available|budget=06,hgb,history_available,6,True,H_D_B_C,hgb::H_D_B_C,hgb::H_D_B_C,H_D_B_C,"{""learning_rate"": 0.05, ""max_leaf_nodes"": 3}",True,6,6,0.6489520459001583,1,4,1252,313,"{""learning_rate"": 0.05, ""max_leaf_nodes"": 3}","[""H"", ""D"", ""B"", ""C""]"
hgb|history_available|budget=07,hgb,history_available,7,True,H_D_B_C_A,hgb::H_D_B_C_A,hgb::H_D_B_C_A,H_D_B_C_A,"{""learning_rate"": 0.05, ""max_leaf_nodes"": 3}",True,7,7,0.6487793655422878,1,4,1252,313,"{""learning_rate"": 0.05, ""max_leaf_nodes"": 3}","[""H"", ""D"", ""B"", ""C"", ""A""]"
hgb|history_available|budget=08,hgb,history_available,8,True,H_D_B_C_A,hgb::H_D_B_C_A,hgb::H_D_B_C_A,H_D_B_C_A,"{""learning_rate"": 0.05, ""max_leaf_nodes"": 3}",True,7,7,0.6487793655422878,1,4,1252,313,"{""learning_rate"": 0.05, ""max_leaf_nodes"": 3}","[""H"", ""D"", ""B"", ""C"", ""A""]"
hgb|history_available|budget=09,hgb,history_available,9,True,H_D_B_C_A,hgb::H_D_B_C_A,hgb::H_D_B_C_A,H_D_B_C_A,"{""learning_rate"": 0.05, ""max_leaf_nodes"": 3}",True,7,7,0.6487793655422878,1,4,1252,313,"{""learning_rate"": 0.05, ""max_leaf_nodes"": 3}","[""H"", ""D"", ""B"", ""C"", ""A""]"
hgb|history_available|budget=10,hgb,history_available,10,True,H_D_B_C_A,hgb::H_D_B_C_A,hgb::H_D_B_C_A,H_D_B_C_A,"{""learning_rate"": 0.05, ""max_leaf_nodes"": 3}",True,7,7,0.6487793655422878,1,4,1252,313,"{""learning_rate"": 0.05, ""max_leaf_nodes"": 3}","[""H"", ""D"", ""B"", ""C"", ""A""]"
hgb|history_available|budget=11,hgb,history_available,11,True,H_D_B_C_A,hgb::H_D_B_C_A,hgb::H_D_B_C_A,H_D_B_C_A,"{""learning_rate"": 0.05, ""max_leaf_nodes"": 3}",True,7,7,0.6487793655422878,1,4,1252,313,"{""learning_rate"": 0.05, ""max_leaf_nodes"": 3}","[""H"", ""D"", ""B"", ""C"", ""A""]"
hgb|history_available|budget=12,hgb,history_available,12,True,H_D_B_C_A,hgb::H_D_B_C_A,hgb::H_D_B_C_A,H_D_B_C_A,"{""learning_rate"": 0.05, ""max_leaf_nodes"": 3}",True,7,7,0.6487793655422878,1,4,1252,313,"{""learning_rate"": 0.05, ""max_leaf_nodes"": 3}","[""H"", ""D"", ""B"", ""C"", ""A""]"
hgb|history_available|budget=13,hgb,history_available,13,True,H_D_B_C_A,hgb::H_D_B_C_A,hgb::H_D_B_C_A,H_D_B_C_A,"{""learning_rate"": 0.05, ""max_leaf_nodes"": 3}",True,7,7,0.6487793655422878,1,4,1252,313,"{""learning_rate"": 0.05, ""max_leaf_nodes"": 3}","[""H"", ""D"", ""B"", ""C"", ""A""]"
hgb|history_available|budget=14,hgb,history_available,14,True,H_B_M_P_A,hgb::H_B_M_P_A,hgb::H_B_M_P_A,H_B_M_P_A,"{""learning_rate"": 0.05, ""max_leaf_nodes"": 7}",True,14,14,0.648586368451382,1,4,1252,313,"{""learning_rate"": 0.05, ""max_leaf_nodes"": 7}","[""H"", ""B"", ""M"", ""P"", ""A""]"
hgb|history_available|budget=15,hgb,history_available,15,True,H_D_P,hgb::H_D_P,hgb::H_D_P,H_D_P,"{""learning_rate"": 0.05, ""max_leaf_nodes"": 7}",True,15,15,0.6480012870556635,1,4,1252,313,"{""learning_rate"": 0.05, ""max_leaf_nodes"": 7}","[""H"", ""D"", ""P""]"
hgb|history_available|budget=16,hgb,history_available,16,True,H_D_B_P,hgb::H_D_B_P,hgb::H_D_B_P,H_D_B_P,"{""learning_rate"": 0.05, ""max_leaf_nodes"": 7}",True,16,16,0.6421781299435112,1,4,1252,313,"{""learning_rate"": 0.05, ""max_leaf_nodes"": 7}","[""H"", ""D"", ""B"", ""P""]"
hgb|history_available|budget=17,hgb,history_available,17,True,H_D_B_P,hgb::H_D_B_P,hgb::H_D_B_P,H_D_B_P,"{""learning_rate"": 0.05, ""max_leaf_nodes"": 7}",True,16,16,0.6421781299435112,1,4,1252,313,"{""learning_rate"": 0.05, ""max_leaf_nodes"": 7}","[""H"", ""D"", ""B"", ""P""]"
hgb|history_available|budget=18,hgb,history_available,18,True,H_D_B_M_P_A,hgb::H_D_B_M_P_A,hgb::H_D_B_M_P_A,H_D_B_M_P_A,"{""learning_rate"": 0.05, ""max_leaf_nodes"": 7}",True,18,18,0.6421592880734577,1,4,1252,313,"{""learning_rate"": 0.05, ""max_leaf_nodes"": 7}","[""H"", ""D"", ""B"", ""M"", ""P"", ""A""]"
hgb|history_available|budget=19,hgb,history_available,19,True,H_D_B_M_P_A,hgb::H_D_B_M_P_A,hgb::H_D_B_M_P_A,H_D_B_M_P_A,"{""learning_rate"": 0.05, ""max_leaf_nodes"": 7}",True,18,18,0.6421592880734577,1,4,1252,313,"{""learning_rate"": 0.05, ""max_leaf_nodes"": 7}","[""H"", ""D"", ""B"", ""M"", ""P"", ""A""]"
hgb|history_available|budget=20,hgb,history_available,20,True,H_D_B_M_P_A,hgb::H_D_B_M_P_A,hgb::H_D_B_M_P_A,H_D_B_M_P_A,"{""learning_rate"": 0.05, ""max_leaf_nodes"": 7}",True,18,18,0.6421592880734577,1,4,1252,313,"{""learning_rate"": 0.05, ""max_leaf_nodes"": 7}","[""H"", ""D"", ""B"", ""M"", ""P"", ""A""]"
hgb|history_available|budget=21,hgb,history_available,21,True,H_D_B_M_P_A,hgb::H_D_B_M_P_A,hgb::H_D_B_M_P_A,H_D_B_M_P_A,"{""learning_rate"": 0.05, ""max_leaf_nodes"": 7}",True,18,18,0.6421592880734577,1,4,1252,313,"{""learning_rate"": 0.05, ""max_leaf_nodes"": 7}","[""H"", ""D"", ""B"", ""M"", ""P"", ""A""]"
hgb|history_available|budget=22,hgb,history_available,22,True,H_D_B_M_P_A,hgb::H_D_B_M_P_A,hgb::H_D_B_M_P_A,H_D_B_M_P_A,"{""learning_rate"": 0.05, ""max_leaf_nodes"": 7}",True,18,18,0.6421592880734577,1,4,1252,313,"{""learning_rate"": 0.05, ""max_leaf_nodes"": 7}","[""H"", ""D"", ""B"", ""M"", ""P"", ""A""]"
hgb|history_available|budget=23,hgb,history_available,23,True,H_D_B_M_P_A,hgb::H_D_B_M_P_A,hgb::H_D_B_M_P_A,H_D_B_M_P_A,"{""learning_rate"": 0.05, ""max_leaf_nodes"": 7}",True,18,18,0.6421592880734577,1,4,1252,313,"{""learning_rate"": 0.05, ""max_leaf_nodes"": 7}","[""H"", ""D"", ""B"", ""M"", ""P"", ""A""]"
hgb|history_available|budget=24,hgb,history_available,24,True,H_D_B_M_P_A,hgb::H_D_B_M_P_A,hgb::H_D_B_M_P_A,H_D_B_M_P_A,"{""learning_rate"": 0.05, ""max_leaf_nodes"": 7}",True,18,18,0.6421592880734577,1,4,1252,313,"{""learning_rate"": 0.05, ""max_leaf_nodes"": 7}","[""H"", ""D"", ""B"", ""M"", ""P"", ""A""]"
hgb|history_available|budget=25,hgb,history_available,25,True,H_D_B_M_P_A,hgb::H_D_B_M_P_A,hgb::H_D_B_M_P_A,H_D_B_M_P_A,"{""learning_rate"": 0.05, ""max_leaf_nodes"": 7}",True,18,18,0.6421592880734577,1,4,1252,313,"{""learning_rate"": 0.05, ""max_leaf_nodes"": 7}","[""H"", ""D"", ""B"", ""M"", ""P"", ""A""]"
hgb|history_available|budget=26,hgb,history_available,26,True,H_D_B_M_P_A,hgb::H_D_B_M_P_A,hgb::H_D_B_M_P_A,H_D_B_M_P_A,"{""learning_rate"": 0.05, ""max_leaf_nodes"": 7}",True,18,18,0.6421592880734577,1,4,1252,313,"{""learning_rate"": 0.05, ""max_leaf_nodes"": 7}","[""H"", ""D"", ""B"", ""M"", ""P"", ""A""]"
hgb|history_available|budget=27,hgb,history_available,27,True,H_D_B_P_K,hgb::H_D_B_P_K,hgb::H_D_B_P_K,H_D_B_P_K,"{""learning_rate"": 0.05, ""max_leaf_nodes"": 7}",True,27,27,0.6376916606508569,1,4,1252,313,"{""learning_rate"": 0.05, ""max_leaf_nodes"": 7}","[""H"", ""D"", ""B"", ""P"", ""K""]"
hgb|history_available|budget=28,hgb,history_available,28,True,H_D_B_M_P_K,hgb::H_D_B_M_P_K,hgb::H_D_B_M_P_K,H_D_B_M_P_K,"{""learning_rate"": 0.05, ""max_leaf_nodes"": 7}",True,28,28,0.6364244997845775,1,4,1252,313,"{""learning_rate"": 0.05, ""max_leaf_nodes"": 7}","[""H"", ""D"", ""B"", ""M"", ""P"", ""K""]"
hgb|history_available|budget=29,hgb,history_available,29,True,H_D_B_M_P_A_K,hgb::H_D_B_M_P_A_K,hgb::H_D_B_M_P_A_K,H_D_B_M_P_A_K,"{""learning_rate"": 0.05, ""max_leaf_nodes"": 7}",True,29,29,0.6361227526234711,1,4,1252,313,"{""learning_rate"": 0.05, ""max_leaf_nodes"": 7}","[""H"", ""D"", ""B"", ""M"", ""P"", ""A"", ""K""]"
hgb|history_available|budget=30,hgb,history_available,30,True,H_D_B_M_P_A_K,hgb::H_D_B_M_P_A_K,hgb::H_D_B_M_P_A_K,H_D_B_M_P_A_K,"{""learning_rate"": 0.05, ""max_leaf_nodes"": 7}",True,29,29,0.6361227526234711,1,4,1252,313,"{""learning_rate"": 0.05, ""max_leaf_nodes"": 7}","[""H"", ""D"", ""B"", ""M"", ""P"", ""A"", ""K""]"
hgb|history_unavailable|budget=00,hgb,history_unavailable,0,False,NONE,hgb::NONE,hgb::NONE,NONE,"{""learning_rate"": 0.05, ""max_leaf_nodes"": 3}",False,0,0,0.6853669918199292,1,4,1252,313,"{""learning_rate"": 0.05, ""max_leaf_nodes"": 3}",[]
hgb|history_unavailable|budget=01,hgb,history_unavailable,1,False,B,hgb::B,hgb::B,B,"{""learning_rate"": 0.05, ""max_leaf_nodes"": 3}",False,1,1,0.6768092498472197,1,4,1252,313,"{""learning_rate"": 0.05, ""max_leaf_nodes"": 3}","[""B""]"
hgb|history_unavailable|budget=02,hgb,history_unavailable,2,False,B_A,hgb::B_A,hgb::B_A,B_A,"{""learning_rate"": 0.05, ""max_leaf_nodes"": 3}",False,2,2,0.6718669674090171,1,4,1252,313,"{""learning_rate"": 0.05, ""max_leaf_nodes"": 3}","[""B"", ""A""]"
hgb|history_unavailable|budget=03,hgb,history_unavailable,3,False,B_M_A,hgb::B_M_A,hgb::B_M_A,B_M_A,"{""learning_rate"": 0.05, ""max_leaf_nodes"": 3}",False,3,3,0.6704495172696956,1,4,1252,313,"{""learning_rate"": 0.05, ""max_leaf_nodes"": 3}","[""B"", ""M"", ""A""]"
hgb|history_unavailable|budget=04,hgb,history_unavailable,4,False,B_M_A,hgb::B_M_A,hgb::B_M_A,B_M_A,"{""learning_rate"": 0.05, ""max_leaf_nodes"": 3}",False,3,3,0.6704495172696956,1,4,1252,313,"{""learning_rate"": 0.05, ""max_leaf_nodes"": 3}","[""B"", ""M"", ""A""]"
hgb|history_unavailable|budget=05,hgb,history_unavailable,5,False,D_B,hgb::D_B,hgb::D_B,D_B,"{""learning_rate"": 0.05, ""max_leaf_nodes"": 3}",False,5,5,0.6680759791835742,1,4,1252,313,"{""learning_rate"": 0.05, ""max_leaf_nodes"": 3}","[""D"", ""B""]"
hgb|history_unavailable|budget=06,hgb,history_unavailable,6,False,D_B_C,hgb::D_B_C,hgb::D_B_C,D_B_C,"{""learning_rate"": 0.05, ""max_leaf_nodes"": 7}",False,6,6,0.6644384306115279,1,4,1252,313,"{""learning_rate"": 0.05, ""max_leaf_nodes"": 7}","[""D"", ""B"", ""C""]"
hgb|history_unavailable|budget=07,hgb,history_unavailable,7,False,D_B_C_A,hgb::D_B_C_A,hgb::D_B_C_A,D_B_C_A,"{""learning_rate"": 0.05, ""max_leaf_nodes"": 7}",False,7,7,0.660829927964322,1,4,1252,313,"{""learning_rate"": 0.05, ""max_leaf_nodes"": 7}","[""D"", ""B"", ""C"", ""A""]"
hgb|history_unavailable|budget=08,hgb,history_unavailable,8,False,D_B_M_C_A,hgb::D_B_M_C_A,hgb::D_B_M_C_A,D_B_M_C_A,"{""learning_rate"": 0.05, ""max_leaf_nodes"": 7}",False,8,8,0.658371379168604,1,4,1252,313,"{""learning_rate"": 0.05, ""max_leaf_nodes"": 7}","[""D"", ""B"", ""M"", ""C"", ""A""]"
hgb|history_unavailable|budget=09,hgb,history_unavailable,9,False,D_B_M_C_A,hgb::D_B_M_C_A,hgb::D_B_M_C_A,D_B_M_C_A,"{""learning_rate"": 0.05, ""max_leaf_nodes"": 7}",False,8,8,0.658371379168604,1,4,1252,313,"{""learning_rate"": 0.05, ""max_leaf_nodes"": 7}","[""D"", ""B"", ""M"", ""C"", ""A""]"
hgb|history_unavailable|budget=10,hgb,history_unavailable,10,False,D_B_M_C_A,hgb::D_B_M_C_A,hgb::D_B_M_C_A,D_B_M_C_A,"{""learning_rate"": 0.05, ""max_leaf_nodes"": 7}",False,8,8,0.658371379168604,1,4,1252,313,"{""learning_rate"": 0.05, ""max_leaf_nodes"": 7}","[""D"", ""B"", ""M"", ""C"", ""A""]"
hgb|history_unavailable|budget=11,hgb,history_unavailable,11,False,D_B_M_C_A,hgb::D_B_M_C_A,hgb::D_B_M_C_A,D_B_M_C_A,"{""learning_rate"": 0.05, ""max_leaf_nodes"": 7}",False,8,8,0.658371379168604,1,4,1252,313,"{""learning_rate"": 0.05, ""max_leaf_nodes"": 7}","[""D"", ""B"", ""M"", ""C"", ""A""]"
hgb|history_unavailable|budget=12,hgb,history_unavailable,12,False,D_B_M_C_A,hgb::D_B_M_C_A,hgb::D_B_M_C_A,D_B_M_C_A,"{""learning_rate"": 0.05, ""max_leaf_nodes"": 7}",False,8,8,0.658371379168604,1,4,1252,313,"{""learning_rate"": 0.05, ""max_leaf_nodes"": 7}","[""D"", ""B"", ""M"", ""C"", ""A""]"
hgb|history_unavailable|budget=13,hgb,history_unavailable,13,False,D_B_M_C_A,hgb::D_B_M_C_A,hgb::D_B_M_C_A,D_B_M_C_A,"{""learning_rate"": 0.05, ""max_leaf_nodes"": 7}",False,8,8,0.658371379168604,1,4,1252,313,"{""learning_rate"": 0.05, ""max_leaf_nodes"": 7}","[""D"", ""B"", ""M"", ""C"", ""A""]"
hgb|history_unavailable|budget=14,hgb,history_unavailable,14,False,D_B_M_C_A,hgb::D_B_M_C_A,hgb::D_B_M_C_A,D_B_M_C_A,"{""learning_rate"": 0.05, ""max_leaf_nodes"": 7}",False,8,8,0.658371379168604,1,4,1252,313,"{""learning_rate"": 0.05, ""max_leaf_nodes"": 7}","[""D"", ""B"", ""M"", ""C"", ""A""]"
hgb|history_unavailable|budget=15,hgb,history_unavailable,15,False,D_B_M_C_A,hgb::D_B_M_C_A,hgb::D_B_M_C_A,D_B_M_C_A,"{""learning_rate"": 0.05, ""max_leaf_nodes"": 7}",False,8,8,0.658371379168604,1,4,1252,313,"{""learning_rate"": 0.05, ""max_leaf_nodes"": 7}","[""D"", ""B"", ""M"", ""C"", ""A""]"
hgb|history_unavailable|budget=16,hgb,history_unavailable,16,False,D_B_P,hgb::D_B_P,hgb::D_B_P,D_B_P,"{""learning_rate"": 0.05, ""max_leaf_nodes"": 7}",False,16,16,0.6579620997524286,1,4,1252,313,"{""learning_rate"": 0.05, ""max_leaf_nodes"": 7}","[""D"", ""B"", ""P""]"
hgb|history_unavailable|budget=17,hgb,history_unavailable,17,False,D_B_P_C,hgb::D_B_P_C,hgb::D_B_P_C,D_B_P_C,"{""learning_rate"": 0.05, ""max_leaf_nodes"": 7}",False,17,17,0.6545026237722225,1,4,1252,313,"{""learning_rate"": 0.05, ""max_leaf_nodes"": 7}","[""D"", ""B"", ""P"", ""C""]"
hgb|history_unavailable|budget=18,hgb,history_unavailable,18,False,D_B_M_P_C,hgb::D_B_M_P_C,hgb::D_B_M_P_C,D_B_M_P_C,"{""learning_rate"": 0.05, ""max_leaf_nodes"": 7}",False,18,18,0.6532361209635557,1,4,1252,313,"{""learning_rate"": 0.05, ""max_leaf_nodes"": 7}","[""D"", ""B"", ""M"", ""P"", ""C""]"
hgb|history_unavailable|budget=19,hgb,history_unavailable,19,False,D_B_M_P_C_A,hgb::D_B_M_P_C_A,hgb::D_B_M_P_C_A,D_B_M_P_C_A,"{""learning_rate"": 0.05, ""max_leaf_nodes"": 7}",False,19,19,0.6506169021126376,1,4,1252,313,"{""learning_rate"": 0.05, ""max_leaf_nodes"": 7}","[""D"", ""B"", ""M"", ""P"", ""C"", ""A""]"
hgb|history_unavailable|budget=20,hgb,history_unavailable,20,False,D_B_M_P_C_A,hgb::D_B_M_P_C_A,hgb::D_B_M_P_C_A,D_B_M_P_C_A,"{""learning_rate"": 0.05, ""max_leaf_nodes"": 7}",False,19,19,0.6506169021126376,1,4,1252,313,"{""learning_rate"": 0.05, ""max_leaf_nodes"": 7}","[""D"", ""B"", ""M"", ""P"", ""C"", ""A""]"
hgb|history_unavailable|budget=21,hgb,history_unavailable,21,False,D_B_M_P_C_A,hgb::D_B_M_P_C_A,hgb::D_B_M_P_C_A,D_B_M_P_C_A,"{""learning_rate"": 0.05, ""max_leaf_nodes"": 7}",False,19,19,0.6506169021126376,1,4,1252,313,"{""learning_rate"": 0.05, ""max_leaf_nodes"": 7}","[""D"", ""B"", ""M"", ""P"", ""C"", ""A""]"
hgb|history_unavailable|budget=22,hgb,history_unavailable,22,False,D_B_M_P_C_A,hgb::D_B_M_P_C_A,hgb::D_B_M_P_C_A,D_B_M_P_C_A,"{""learning_rate"": 0.05, ""max_leaf_nodes"": 7}",False,19,19,0.6506169021126376,1,4,1252,313,"{""learning_rate"": 0.05, ""max_leaf_nodes"": 7}","[""D"", ""B"", ""M"", ""P"", ""C"", ""A""]"
hgb|history_unavailable|budget=23,hgb,history_unavailable,23,False,D_B_M_P_C_A,hgb::D_B_M_P_C_A,hgb::D_B_M_P_C_A,D_B_M_P_C_A,"{""learning_rate"": 0.05, ""max_leaf_nodes"": 7}",False,19,19,0.6506169021126376,1,4,1252,313,"{""learning_rate"": 0.05, ""max_leaf_nodes"": 7}","[""D"", ""B"", ""M"", ""P"", ""C"", ""A""]"
hgb|history_unavailable|budget=24,hgb,history_unavailable,24,False,D_B_M_P_C_A,hgb::D_B_M_P_C_A,hgb::D_B_M_P_C_A,D_B_M_P_C_A,"{""learning_rate"": 0.05, ""max_leaf_nodes"": 7}",False,19,19,0.6506169021126376,1,4,1252,313,"{""learning_rate"": 0.05, ""max_leaf_nodes"": 7}","[""D"", ""B"", ""M"", ""P"", ""C"", ""A""]"
hgb|history_unavailable|budget=25,hgb,history_unavailable,25,False,D_B_M_P_C_A,hgb::D_B_M_P_C_A,hgb::D_B_M_P_C_A,D_B_M_P_C_A,"{""learning_rate"": 0.05, ""max_leaf_nodes"": 7}",False,19,19,0.6506169021126376,1,4,1252,313,"{""learning_rate"": 0.05, ""max_leaf_nodes"": 7}","[""D"", ""B"", ""M"", ""P"", ""C"", ""A""]"
hgb|history_unavailable|budget=26,hgb,history_unavailable,26,False,D_B_M_P_C_A,hgb::D_B_M_P_C_A,hgb::D_B_M_P_C_A,D_B_M_P_C_A,"{""learning_rate"": 0.05, ""max_leaf_nodes"": 7}",False,19,19,0.6506169021126376,1,4,1252,313,"{""learning_rate"": 0.05, ""max_leaf_nodes"": 7}","[""D"", ""B"", ""M"", ""P"", ""C"", ""A""]"
hgb|history_unavailable|budget=27,hgb,history_unavailable,27,False,D_B_P_K,hgb::D_B_P_K,hgb::D_B_P_K,D_B_P_K,"{""learning_rate"": 0.05, ""max_leaf_nodes"": 7}",False,27,27,0.6487979932658325,1,4,1252,313,"{""learning_rate"": 0.05, ""max_leaf_nodes"": 7}","[""D"", ""B"", ""P"", ""K""]"
hgb|history_unavailable|budget=28,hgb,history_unavailable,28,False,D_B_P_C_K,hgb::D_B_P_C_K,hgb::D_B_P_C_K,D_B_P_C_K,"{""learning_rate"": 0.05, ""max_leaf_nodes"": 7}",False,28,28,0.6458532820575484,1,4,1252,313,"{""learning_rate"": 0.05, ""max_leaf_nodes"": 7}","[""D"", ""B"", ""P"", ""C"", ""K""]"
hgb|history_unavailable|budget=29,hgb,history_unavailable,29,False,D_B_M_P_C_K,hgb::D_B_M_P_C_K,hgb::D_B_M_P_C_K,D_B_M_P_C_K,"{""learning_rate"": 0.05, ""max_leaf_nodes"": 7}",False,29,29,0.6451352618958436,1,4,1252,313,"{""learning_rate"": 0.05, ""max_leaf_nodes"": 7}","[""D"", ""B"", ""M"", ""P"", ""C"", ""K""]"
hgb|history_unavailable|budget=30,hgb,history_unavailable,30,False,D_B_M_P_C_A_K,hgb::D_B_M_P_C_A_K,hgb::D_B_M_P_C_A_K,D_B_M_P_C_A_K,"{""learning_rate"": 0.05, ""max_leaf_nodes"": 7}",False,30,30,0.6435048946185399,1,4,1252,313,"{""learning_rate"": 0.05, ""max_leaf_nodes"": 7}","[""D"", ""B"", ""M"", ""P"", ""C"", ""A"", ""K""]"
ridge|history_available|budget=00,ridge,history_available,0,True,P0,P0,P0,P0,null,True,0,0,0.6577354200360949,1,5,1252,313,null,"[""H""]"
ridge|history_available|budget=01,ridge,history_available,1,True,H_B,ridge::H_B,ridge::H_B,H_B,0.1,True,1,1,0.6547536580004337,1,5,1252,313,0.1,"[""H"", ""B""]"
ridge|history_available|budget=02,ridge,history_available,2,True,H_B_A,ridge::H_B_A,ridge::H_B_A,H_B_A,0.1,True,2,2,0.6525858552134602,1,5,1252,313,0.1,"[""H"", ""B"", ""A""]"
ridge|history_available|budget=03,ridge,history_available,3,True,H_B_C_A,ridge::H_B_C_A,ridge::H_B_C_A,H_B_C_A,0.1,True,3,3,0.6524790445635953,1,5,1252,313,0.1,"[""H"", ""B"", ""C"", ""A""]"
ridge|history_available|budget=04,ridge,history_available,4,True,H_D,ridge::H_D,ridge::H_D,H_D,1.0,True,4,4,0.6356573333654342,1,5,1252,313,1.0,"[""H"", ""D""]"
ridge|history_available|budget=05,ridge,history_available,5,True,H_D_A,ridge::H_D_A,ridge::H_D_A,H_D_A,1.0,True,5,5,0.6335887118729243,1,5,1252,313,1.0,"[""H"", ""D"", ""A""]"
ridge|history_available|budget=06,ridge,history_available,6,True,H_D_A,ridge::H_D_A,ridge::H_D_A,H_D_A,1.0,True,5,5,0.6335887118729243,1,5,1252,313,1.0,"[""H"", ""D"", ""A""]"
ridge|history_available|budget=07,ridge,history_available,7,True,H_D_A,ridge::H_D_A,ridge::H_D_A,H_D_A,1.0,True,5,5,0.6335887118729243,1,5,1252,313,1.0,"[""H"", ""D"", ""A""]"
ridge|history_available|budget=08,ridge,history_available,8,True,H_D_A,ridge::H_D_A,ridge::H_D_A,H_D_A,1.0,True,5,5,0.6335887118729243,1,5,1252,313,1.0,"[""H"", ""D"", ""A""]"
ridge|history_available|budget=09,ridge,history_available,9,True,H_D_A,ridge::H_D_A,ridge::H_D_A,H_D_A,1.0,True,5,5,0.6335887118729243,1,5,1252,313,1.0,"[""H"", ""D"", ""A""]"
ridge|history_available|budget=10,ridge,history_available,10,True,H_D_A,ridge::H_D_A,ridge::H_D_A,H_D_A,1.0,True,5,5,0.6335887118729243,1,5,1252,313,1.0,"[""H"", ""D"", ""A""]"
ridge|history_available|budget=11,ridge,history_available,11,True,H_D_A,ridge::H_D_A,ridge::H_D_A,H_D_A,1.0,True,5,5,0.6335887118729243,1,5,1252,313,1.0,"[""H"", ""D"", ""A""]"
ridge|history_available|budget=12,ridge,history_available,12,True,H_D_A,ridge::H_D_A,ridge::H_D_A,H_D_A,1.0,True,5,5,0.6335887118729243,1,5,1252,313,1.0,"[""H"", ""D"", ""A""]"
ridge|history_available|budget=13,ridge,history_available,13,True,H_D_A,ridge::H_D_A,ridge::H_D_A,H_D_A,1.0,True,5,5,0.6335887118729243,1,5,1252,313,1.0,"[""H"", ""D"", ""A""]"
ridge|history_available|budget=14,ridge,history_available,14,True,H_D_A,ridge::H_D_A,ridge::H_D_A,H_D_A,1.0,True,5,5,0.6335887118729243,1,5,1252,313,1.0,"[""H"", ""D"", ""A""]"
ridge|history_available|budget=15,ridge,history_available,15,True,H_D_K,ridge::H_D_K,ridge::H_D_K,H_D_K,1.0,True,15,15,0.6302575082122888,1,5,1252,313,1.0,"[""H"", ""D"", ""K""]"
ridge|history_available|budget=16,ridge,history_available,16,True,H_D_A_K,ridge::H_D_A_K,ridge::H_D_A_K,H_D_A_K,1.0,True,16,16,0.627983126453551,1,5,1252,313,1.0,"[""H"", ""D"", ""A"", ""K""]"
ridge|history_available|budget=17,ridge,history_available,17,True,H_D_A_K,ridge::H_D_A_K,ridge::H_D_A_K,H_D_A_K,1.0,True,16,16,0.627983126453551,1,5,1252,313,1.0,"[""H"", ""D"", ""A"", ""K""]"
ridge|history_available|budget=18,ridge,history_available,18,True,H_D_A_K,ridge::H_D_A_K,ridge::H_D_A_K,H_D_A_K,1.0,True,16,16,0.627983126453551,1,5,1252,313,1.0,"[""H"", ""D"", ""A"", ""K""]"
ridge|history_available|budget=19,ridge,history_available,19,True,H_D_A_K,ridge::H_D_A_K,ridge::H_D_A_K,H_D_A_K,1.0,True,16,16,0.627983126453551,1,5,1252,313,1.0,"[""H"", ""D"", ""A"", ""K""]"
ridge|history_available|budget=20,ridge,history_available,20,True,H_D_A_K,ridge::H_D_A_K,ridge::H_D_A_K,H_D_A_K,1.0,True,16,16,0.627983126453551,1,5,1252,313,1.0,"[""H"", ""D"", ""A"", ""K""]"
ridge|history_available|budget=21,ridge,history_available,21,True,H_D_A_K,ridge::H_D_A_K,ridge::H_D_A_K,H_D_A_K,1.0,True,16,16,0.627983126453551,1,5,1252,313,1.0,"[""H"", ""D"", ""A"", ""K""]"
ridge|history_available|budget=22,ridge,history_available,22,True,H_D_A_K,ridge::H_D_A_K,ridge::H_D_A_K,H_D_A_K,1.0,True,16,16,0.627983126453551,1,5,1252,313,1.0,"[""H"", ""D"", ""A"", ""K""]"
ridge|history_available|budget=23,ridge,history_available,23,True,H_D_A_K,ridge::H_D_A_K,ridge::H_D_A_K,H_D_A_K,1.0,True,16,16,0.627983126453551,1,5,1252,313,1.0,"[""H"", ""D"", ""A"", ""K""]"
ridge|history_available|budget=24,ridge,history_available,24,True,H_D_A_K,ridge::H_D_A_K,ridge::H_D_A_K,H_D_A_K,1.0,True,16,16,0.627983126453551,1,5,1252,313,1.0,"[""H"", ""D"", ""A"", ""K""]"
ridge|history_available|budget=25,ridge,history_available,25,True,H_D_A_K,ridge::H_D_A_K,ridge::H_D_A_K,H_D_A_K,1.0,True,16,16,0.627983126453551,1,5,1252,313,1.0,"[""H"", ""D"", ""A"", ""K""]"
ridge|history_available|budget=26,ridge,history_available,26,True,H_D_A_K,ridge::H_D_A_K,ridge::H_D_A_K,H_D_A_K,1.0,True,16,16,0.627983126453551,1,5,1252,313,1.0,"[""H"", ""D"", ""A"", ""K""]"
ridge|history_available|budget=27,ridge,history_available,27,True,H_D_P_A_K,ridge::H_D_P_A_K,ridge::H_D_P_A_K,H_D_P_A_K,1.0,True,27,27,0.6263927387595314,1,5,1252,313,1.0,"[""H"", ""D"", ""P"", ""A"", ""K""]"
ridge|history_available|budget=28,ridge,history_available,28,True,H_D_B_P_A_K,ridge::H_D_B_P_A_K,ridge::H_D_B_P_A_K,H_D_B_P_A_K,1.0,True,28,28,0.6261363780921921,1,5,1252,313,1.0,"[""H"", ""D"", ""B"", ""P"", ""A"", ""K""]"
ridge|history_available|budget=29,ridge,history_available,29,True,H_D_B_P_A_K,ridge::H_D_B_P_A_K,ridge::H_D_B_P_A_K,H_D_B_P_A_K,1.0,True,28,28,0.6261363780921921,1,5,1252,313,1.0,"[""H"", ""D"", ""B"", ""P"", ""A"", ""K""]"
ridge|history_available|budget=30,ridge,history_available,30,True,H_D_B_P_A_K,ridge::H_D_B_P_A_K,ridge::H_D_B_P_A_K,H_D_B_P_A_K,1.0,True,28,28,0.6261363780921921,1,5,1252,313,1.0,"[""H"", ""D"", ""B"", ""P"", ""A"", ""K""]"
ridge|history_unavailable|budget=00,ridge,history_unavailable,0,False,NONE,ridge::NONE,ridge::NONE,NONE,0.001,False,0,0,0.6853669918199291,1,5,1252,313,0.001,[]
ridge|history_unavailable|budget=01,ridge,history_unavailable,1,False,B,ridge::B,ridge::B,B,0.1,False,1,1,0.6774756664248323,1,5,1252,313,0.1,"[""B""]"
ridge|history_unavailable|budget=02,ridge,history_unavailable,2,False,B_A,ridge::B_A,ridge::B_A,B_A,0.1,False,2,2,0.6730106388053856,1,5,1252,313,0.1,"[""B"", ""A""]"
ridge|history_unavailable|budget=03,ridge,history_unavailable,3,False,B_C_A,ridge::B_C_A,ridge::B_C_A,B_C_A,0.1,False,3,3,0.6722235569667567,1,5,1252,313,0.1,"[""B"", ""C"", ""A""]"
ridge|history_unavailable|budget=04,ridge,history_unavailable,4,False,D,ridge::D,ridge::D,D,1.0,False,4,4,0.6638169283303054,1,5,1252,313,1.0,"[""D""]"
ridge|history_unavailable|budget=05,ridge,history_unavailable,5,False,D_A,ridge::D_A,ridge::D_A,D_A,1.0,False,5,5,0.65937097295455,1,5,1252,313,1.0,"[""D"", ""A""]"
ridge|history_unavailable|budget=06,ridge,history_unavailable,6,False,D_B_A,ridge::D_B_A,ridge::D_B_A,D_B_A,0.1,False,6,6,0.6562878404349861,1,5,1252,313,0.1,"[""D"", ""B"", ""A""]"
ridge|history_unavailable|budget=07,ridge,history_unavailable,7,False,D_B_C_A,ridge::D_B_C_A,ridge::D_B_C_A,D_B_C_A,0.1,False,7,7,0.6561283292750915,1,5,1252,313,0.1,"[""D"", ""B"", ""C"", ""A""]"
ridge|history_unavailable|budget=08,ridge,history_unavailable,8,False,D_B_C_A,ridge::D_B_C_A,ridge::D_B_C_A,D_B_C_A,0.1,False,7,7,0.6561283292750915,1,5,1252,313,0.1,"[""D"", ""B"", ""C"", ""A""]"
ridge|history_unavailable|budget=09,ridge,history_unavailable,9,False,D_B_C_A,ridge::D_B_C_A,ridge::D_B_C_A,D_B_C_A,0.1,False,7,7,0.6561283292750915,1,5,1252,313,0.1,"[""D"", ""B"", ""C"", ""A""]"
ridge|history_unavailable|budget=10,ridge,history_unavailable,10,False,D_B_C_A,ridge::D_B_C_A,ridge::D_B_C_A,D_B_C_A,0.1,False,7,7,0.6561283292750915,1,5,1252,313,0.1,"[""D"", ""B"", ""C"", ""A""]"
ridge|history_unavailable|budget=11,ridge,history_unavailable,11,False,D_B_C_A,ridge::D_B_C_A,ridge::D_B_C_A,D_B_C_A,0.1,False,7,7,0.6561283292750915,1,5,1252,313,0.1,"[""D"", ""B"", ""C"", ""A""]"
ridge|history_unavailable|budget=12,ridge,history_unavailable,12,False,D_B_C_A,ridge::D_B_C_A,ridge::D_B_C_A,D_B_C_A,0.1,False,7,7,0.6561283292750915,1,5,1252,313,0.1,"[""D"", ""B"", ""C"", ""A""]"
ridge|history_unavailable|budget=13,ridge,history_unavailable,13,False,D_B_C_A,ridge::D_B_C_A,ridge::D_B_C_A,D_B_C_A,0.1,False,7,7,0.6561283292750915,1,5,1252,313,0.1,"[""D"", ""B"", ""C"", ""A""]"
ridge|history_unavailable|budget=14,ridge,history_unavailable,14,False,D_B_C_A,ridge::D_B_C_A,ridge::D_B_C_A,D_B_C_A,0.1,False,7,7,0.6561283292750915,1,5,1252,313,0.1,"[""D"", ""B"", ""C"", ""A""]"
ridge|history_unavailable|budget=15,ridge,history_unavailable,15,False,D_B_C_A,ridge::D_B_C_A,ridge::D_B_C_A,D_B_C_A,0.1,False,7,7,0.6561283292750915,1,5,1252,313,0.1,"[""D"", ""B"", ""C"", ""A""]"
ridge|history_unavailable|budget=16,ridge,history_unavailable,16,False,D_A_K,ridge::D_A_K,ridge::D_A_K,D_A_K,0.1,False,16,16,0.6515105914308651,1,5,1252,313,0.1,"[""D"", ""A"", ""K""]"
ridge|history_unavailable|budget=17,ridge,history_unavailable,17,False,D_B_A_K,ridge::D_B_A_K,ridge::D_B_A_K,D_B_A_K,0.1,False,17,17,0.6485244057230811,1,5,1252,313,0.1,"[""D"", ""B"", ""A"", ""K""]"
ridge|history_unavailable|budget=18,ridge,history_unavailable,18,False,D_B_C_A_K,ridge::D_B_C_A_K,ridge::D_B_C_A_K,D_B_C_A_K,0.1,False,18,18,0.6484832968833779,1,5,1252,313,0.1,"[""D"", ""B"", ""C"", ""A"", ""K""]"
ridge|history_unavailable|budget=19,ridge,history_unavailable,19,False,D_B_C_A_K,ridge::D_B_C_A_K,ridge::D_B_C_A_K,D_B_C_A_K,0.1,False,18,18,0.6484832968833779,1,5,1252,313,0.1,"[""D"", ""B"", ""C"", ""A"", ""K""]"
ridge|history_unavailable|budget=20,ridge,history_unavailable,20,False,D_B_C_A_K,ridge::D_B_C_A_K,ridge::D_B_C_A_K,D_B_C_A_K,0.1,False,18,18,0.6484832968833779,1,5,1252,313,0.1,"[""D"", ""B"", ""C"", ""A"", ""K""]"
ridge|history_unavailable|budget=21,ridge,history_unavailable,21,False,D_B_C_A_K,ridge::D_B_C_A_K,ridge::D_B_C_A_K,D_B_C_A_K,0.1,False,18,18,0.6484832968833779,1,5,1252,313,0.1,"[""D"", ""B"", ""C"", ""A"", ""K""]"
ridge|history_unavailable|budget=22,ridge,history_unavailable,22,False,D_B_C_A_K,ridge::D_B_C_A_K,ridge::D_B_C_A_K,D_B_C_A_K,0.1,False,18,18,0.6484832968833779,1,5,1252,313,0.1,"[""D"", ""B"", ""C"", ""A"", ""K""]"
ridge|history_unavailable|budget=23,ridge,history_unavailable,23,False,D_B_C_A_K,ridge::D_B_C_A_K,ridge::D_B_C_A_K,D_B_C_A_K,0.1,False,18,18,0.6484832968833779,1,5,1252,313,0.1,"[""D"", ""B"", ""C"", ""A"", ""K""]"
ridge|history_unavailable|budget=24,ridge,history_unavailable,24,False,D_B_C_A_K,ridge::D_B_C_A_K,ridge::D_B_C_A_K,D_B_C_A_K,0.1,False,18,18,0.6484832968833779,1,5,1252,313,0.1,"[""D"", ""B"", ""C"", ""A"", ""K""]"
ridge|history_unavailable|budget=25,ridge,history_unavailable,25,False,D_B_C_A_K,ridge::D_B_C_A_K,ridge::D_B_C_A_K,D_B_C_A_K,0.1,False,18,18,0.6484832968833779,1,5,1252,313,0.1,"[""D"", ""B"", ""C"", ""A"", ""K""]"
ridge|history_unavailable|budget=26,ridge,history_unavailable,26,False,D_B_C_A_K,ridge::D_B_C_A_K,ridge::D_B_C_A_K,D_B_C_A_K,0.1,False,18,18,0.6484832968833779,1,5,1252,313,0.1,"[""D"", ""B"", ""C"", ""A"", ""K""]"
ridge|history_unavailable|budget=27,ridge,history_unavailable,27,False,D_B_C_A_K,ridge::D_B_C_A_K,ridge::D_B_C_A_K,D_B_C_A_K,0.1,False,18,18,0.6484832968833779,1,5,1252,313,0.1,"[""D"", ""B"", ""C"", ""A"", ""K""]"
ridge|history_unavailable|budget=28,ridge,history_unavailable,28,False,D_B_P_A_K,ridge::D_B_P_A_K,ridge::D_B_P_A_K,D_B_P_A_K,0.1,False,28,28,0.645490490039679,1,5,1252,313,0.1,"[""D"", ""B"", ""P"", ""A"", ""K""]"
ridge|history_unavailable|budget=29,ridge,history_unavailable,29,False,D_B_P_C_A_K,ridge::D_B_P_C_A_K,ridge::D_B_P_C_A_K,D_B_P_C_A_K,0.1,False,29,29,0.6453170011181347,1,5,1252,313,0.1,"[""D"", ""B"", ""P"", ""C"", ""A"", ""K""]"
ridge|history_unavailable|budget=30,ridge,history_unavailable,30,False,D_B_P_C_A_K,ridge::D_B_P_C_A_K,ridge::D_B_P_C_A_K,D_B_P_C_A_K,0.1,False,29,29,0.6453170011181347,1,5,1252,313,0.1,"[""D"", ""B"", ""P"", ""C"", ""A"", ""K""]"
hgb|history_available|budget=00,hgb,history_available,0,True,H,hgb::H,hgb::H,H,"{""learning_rate"": 0.05, ""max_leaf_nodes"": 3}",True,0,0,0.6577340445248395,1,5,1252,313,"{""learning_rate"": 0.05, ""max_leaf_nodes"": 3}","[""H""]"
hgb|history_available|budget=01,hgb,history_available,1,True,H_B,hgb::H_B,hgb::H_B,H_B,"{""learning_rate"": 0.05, ""max_leaf_nodes"": 3}",True,1,1,0.650468651822958,1,5,1252,313,"{""learning_rate"": 0.05, ""max_leaf_nodes"": 3}","[""H"", ""B""]"
hgb|history_available|budget=02,hgb,history_available,2,True,H_B_A,hgb::H_B_A,hgb::H_B_A,H_B_A,"{""learning_rate"": 0.05, ""max_leaf_nodes"": 7}",True,2,2,0.6502450146583444,1,5,1252,313,"{""learning_rate"": 0.05, ""max_leaf_nodes"": 7}","[""H"", ""B"", ""A""]"
hgb|history_available|budget=03,hgb,history_available,3,True,H_B_M_A,hgb::H_B_M_A,hgb::H_B_M_A,H_B_M_A,"{""learning_rate"": 0.05, ""max_leaf_nodes"": 7}",True,3,3,0.6484443831640281,1,5,1252,313,"{""learning_rate"": 0.05, ""max_leaf_nodes"": 7}","[""H"", ""B"", ""M"", ""A""]"
hgb|history_available|budget=04,hgb,history_available,4,True,H_D,hgb::H_D,hgb::H_D,H_D,"{""learning_rate"": 0.05, ""max_leaf_nodes"": 7}",True,4,4,0.643291030077063,1,5,1252,313,"{""learning_rate"": 0.05, ""max_leaf_nodes"": 7}","[""H"", ""D""]"
hgb|history_available|budget=05,hgb,history_available,5,True,H_D_A,hgb::H_D_A,hgb::H_D_A,H_D_A,"{""learning_rate"": 0.05, ""max_leaf_nodes"": 7}",True,5,5,0.6379155248701477,1,5,1252,313,"{""learning_rate"": 0.05, ""max_leaf_nodes"": 7}","[""H"", ""D"", ""A""]"
hgb|history_available|budget=06,hgb,history_available,6,True,H_D_B_C,hgb::H_D_B_C,hgb::H_D_B_C,H_D_B_C,"{""learning_rate"": 0.05, ""max_leaf_nodes"": 7}",True,6,6,0.635808467246423,1,5,1252,313,"{""learning_rate"": 0.05, ""max_leaf_nodes"": 7}","[""H"", ""D"", ""B"", ""C""]"
hgb|history_available|budget=07,hgb,history_available,7,True,H_D_B_M_A,hgb::H_D_B_M_A,hgb::H_D_B_M_A,H_D_B_M_A,"{""learning_rate"": 0.05, ""max_leaf_nodes"": 7}",True,7,7,0.6333017800757784,1,5,1252,313,"{""learning_rate"": 0.05, ""max_leaf_nodes"": 7}","[""H"", ""D"", ""B"", ""M"", ""A""]"
hgb|history_available|budget=08,hgb,history_available,8,True,H_D_B_M_C_A,hgb::H_D_B_M_C_A,hgb::H_D_B_M_C_A,H_D_B_M_C_A,"{""learning_rate"": 0.05, ""max_leaf_nodes"": 7}",True,8,8,0.6316884323905542,1,5,1252,313,"{""learning_rate"": 0.05, ""max_leaf_nodes"": 7}","[""H"", ""D"", ""B"", ""M"", ""C"", ""A""]"
hgb|history_available|budget=09,hgb,history_available,9,True,H_D_B_M_C_A,hgb::H_D_B_M_C_A,hgb::H_D_B_M_C_A,H_D_B_M_C_A,"{""learning_rate"": 0.05, ""max_leaf_nodes"": 7}",True,8,8,0.6316884323905542,1,5,1252,313,"{""learning_rate"": 0.05, ""max_leaf_nodes"": 7}","[""H"", ""D"", ""B"", ""M"", ""C"", ""A""]"
hgb|history_available|budget=10,hgb,history_available,10,True,H_D_B_M_C_A,hgb::H_D_B_M_C_A,hgb::H_D_B_M_C_A,H_D_B_M_C_A,"{""learning_rate"": 0.05, ""max_leaf_nodes"": 7}",True,8,8,0.6316884323905542,1,5,1252,313,"{""learning_rate"": 0.05, ""max_leaf_nodes"": 7}","[""H"", ""D"", ""B"", ""M"", ""C"", ""A""]"
hgb|history_available|budget=11,hgb,history_available,11,True,H_D_B_M_C_A,hgb::H_D_B_M_C_A,hgb::H_D_B_M_C_A,H_D_B_M_C_A,"{""learning_rate"": 0.05, ""max_leaf_nodes"": 7}",True,8,8,0.6316884323905542,1,5,1252,313,"{""learning_rate"": 0.05, ""max_leaf_nodes"": 7}","[""H"", ""D"", ""B"", ""M"", ""C"", ""A""]"
hgb|history_available|budget=12,hgb,history_available,12,True,H_D_B_M_C_A,hgb::H_D_B_M_C_A,hgb::H_D_B_M_C_A,H_D_B_M_C_A,"{""learning_rate"": 0.05, ""max_leaf_nodes"": 7}",True,8,8,0.6316884323905542,1,5,1252,313,"{""learning_rate"": 0.05, ""max_leaf_nodes"": 7}","[""H"", ""D"", ""B"", ""M"", ""C"", ""A""]"
hgb|history_available|budget=13,hgb,history_available,13,True,H_D_B_M_C_A,hgb::H_D_B_M_C_A,hgb::H_D_B_M_C_A,H_D_B_M_C_A,"{""learning_rate"": 0.05, ""max_leaf_nodes"": 7}",True,8,8,0.6316884323905542,1,5,1252,313,"{""learning_rate"": 0.05, ""max_leaf_nodes"": 7}","[""H"", ""D"", ""B"", ""M"", ""C"", ""A""]"
hgb|history_available|budget=14,hgb,history_available,14,True,H_D_B_M_C_A,hgb::H_D_B_M_C_A,hgb::H_D_B_M_C_A,H_D_B_M_C_A,"{""learning_rate"": 0.05, ""max_leaf_nodes"": 7}",True,8,8,0.6316884323905542,1,5,1252,313,"{""learning_rate"": 0.05, ""max_leaf_nodes"": 7}","[""H"", ""D"", ""B"", ""M"", ""C"", ""A""]"
hgb|history_available|budget=15,hgb,history_available,15,True,H_D_B_M_C_A,hgb::H_D_B_M_C_A,hgb::H_D_B_M_C_A,H_D_B_M_C_A,"{""learning_rate"": 0.05, ""max_leaf_nodes"": 7}",True,8,8,0.6316884323905542,1,5,1252,313,"{""learning_rate"": 0.05, ""max_leaf_nodes"": 7}","[""H"", ""D"", ""B"", ""M"", ""C"", ""A""]"
hgb|history_available|budget=16,hgb,history_available,16,True,H_D_B_P,hgb::H_D_B_P,hgb::H_D_B_P,H_D_B_P,"{""learning_rate"": 0.05, ""max_leaf_nodes"": 7}",True,16,16,0.6240465389247154,1,5,1252,313,"{""learning_rate"": 0.05, ""max_leaf_nodes"": 7}","[""H"", ""D"", ""B"", ""P""]"
hgb|history_available|budget=17,hgb,history_available,17,True,H_D_B_P,hgb::H_D_B_P,hgb::H_D_B_P,H_D_B_P,"{""learning_rate"": 0.05, ""max_leaf_nodes"": 7}",True,16,16,0.6240465389247154,1,5,1252,313,"{""learning_rate"": 0.05, ""max_leaf_nodes"": 7}","[""H"", ""D"", ""B"", ""P""]"
hgb|history_available|budget=18,hgb,history_available,18,True,H_D_B_P_C_A,hgb::H_D_B_P_C_A,hgb::H_D_B_P_C_A,H_D_B_P_C_A,"{""learning_rate"": 0.05, ""max_leaf_nodes"": 7}",True,18,18,0.623796544688164,1,5,1252,313,"{""learning_rate"": 0.05, ""max_leaf_nodes"": 7}","[""H"", ""D"", ""B"", ""P"", ""C"", ""A""]"
hgb|history_available|budget=19,hgb,history_available,19,True,H_D_B_P_C_A,hgb::H_D_B_P_C_A,hgb::H_D_B_P_C_A,H_D_B_P_C_A,"{""learning_rate"": 0.05, ""max_leaf_nodes"": 7}",True,18,18,0.623796544688164,1,5,1252,313,"{""learning_rate"": 0.05, ""max_leaf_nodes"": 7}","[""H"", ""D"", ""B"", ""P"", ""C"", ""A""]"
hgb|history_available|budget=20,hgb,history_available,20,True,H_D_B_P_C_A,hgb::H_D_B_P_C_A,hgb::H_D_B_P_C_A,H_D_B_P_C_A,"{""learning_rate"": 0.05, ""max_leaf_nodes"": 7}",True,18,18,0.623796544688164,1,5,1252,313,"{""learning_rate"": 0.05, ""max_leaf_nodes"": 7}","[""H"", ""D"", ""B"", ""P"", ""C"", ""A""]"
hgb|history_available|budget=21,hgb,history_available,21,True,H_D_B_P_C_A,hgb::H_D_B_P_C_A,hgb::H_D_B_P_C_A,H_D_B_P_C_A,"{""learning_rate"": 0.05, ""max_leaf_nodes"": 7}",True,18,18,0.623796544688164,1,5,1252,313,"{""learning_rate"": 0.05, ""max_leaf_nodes"": 7}","[""H"", ""D"", ""B"", ""P"", ""C"", ""A""]"
hgb|history_available|budget=22,hgb,history_available,22,True,H_D_B_P_C_A,hgb::H_D_B_P_C_A,hgb::H_D_B_P_C_A,H_D_B_P_C_A,"{""learning_rate"": 0.05, ""max_leaf_nodes"": 7}",True,18,18,0.623796544688164,1,5,1252,313,"{""learning_rate"": 0.05, ""max_leaf_nodes"": 7}","[""H"", ""D"", ""B"", ""P"", ""C"", ""A""]"
hgb|history_available|budget=23,hgb,history_available,23,True,H_D_B_P_C_A,hgb::H_D_B_P_C_A,hgb::H_D_B_P_C_A,H_D_B_P_C_A,"{""learning_rate"": 0.05, ""max_leaf_nodes"": 7}",True,18,18,0.623796544688164,1,5,1252,313,"{""learning_rate"": 0.05, ""max_leaf_nodes"": 7}","[""H"", ""D"", ""B"", ""P"", ""C"", ""A""]"
hgb|history_available|budget=24,hgb,history_available,24,True,H_D_B_P_C_A,hgb::H_D_B_P_C_A,hgb::H_D_B_P_C_A,H_D_B_P_C_A,"{""learning_rate"": 0.05, ""max_leaf_nodes"": 7}",True,18,18,0.623796544688164,1,5,1252,313,"{""learning_rate"": 0.05, ""max_leaf_nodes"": 7}","[""H"", ""D"", ""B"", ""P"", ""C"", ""A""]"
hgb|history_available|budget=25,hgb,history_available,25,True,H_D_B_P_C_A,hgb::H_D_B_P_C_A,hgb::H_D_B_P_C_A,H_D_B_P_C_A,"{""learning_rate"": 0.05, ""max_leaf_nodes"": 7}",True,18,18,0.623796544688164,1,5,1252,313,"{""learning_rate"": 0.05, ""max_leaf_nodes"": 7}","[""H"", ""D"", ""B"", ""P"", ""C"", ""A""]"
hgb|history_available|budget=26,hgb,history_available,26,True,H_D_B_P_C_A,hgb::H_D_B_P_C_A,hgb::H_D_B_P_C_A,H_D_B_P_C_A,"{""learning_rate"": 0.05, ""max_leaf_nodes"": 7}",True,18,18,0.623796544688164,1,5,1252,313,"{""learning_rate"": 0.05, ""max_leaf_nodes"": 7}","[""H"", ""D"", ""B"", ""P"", ""C"", ""A""]"
hgb|history_available|budget=27,hgb,history_available,27,True,H_D_B_P_K,hgb::H_D_B_P_K,hgb::H_D_B_P_K,H_D_B_P_K,"{""learning_rate"": 0.05, ""max_leaf_nodes"": 7}",True,27,27,0.6202545561821664,1,5,1252,313,"{""learning_rate"": 0.05, ""max_leaf_nodes"": 7}","[""H"", ""D"", ""B"", ""P"", ""K""]"
hgb|history_available|budget=28,hgb,history_available,28,True,H_D_B_P_C_K,hgb::H_D_B_P_C_K,hgb::H_D_B_P_C_K,H_D_B_P_C_K,"{""learning_rate"": 0.05, ""max_leaf_nodes"": 7}",True,28,28,0.6180355122478981,1,5,1252,313,"{""learning_rate"": 0.05, ""max_leaf_nodes"": 7}","[""H"", ""D"", ""B"", ""P"", ""C"", ""K""]"
hgb|history_available|budget=29,hgb,history_available,29,True,H_D_B_P_C_K,hgb::H_D_B_P_C_K,hgb::H_D_B_P_C_K,H_D_B_P_C_K,"{""learning_rate"": 0.05, ""max_leaf_nodes"": 7}",True,28,28,0.6180355122478981,1,5,1252,313,"{""learning_rate"": 0.05, ""max_leaf_nodes"": 7}","[""H"", ""D"", ""B"", ""P"", ""C"", ""K""]"
hgb|history_available|budget=30,hgb,history_available,30,True,H_D_B_P_C_K,hgb::H_D_B_P_C_K,hgb::H_D_B_P_C_K,H_D_B_P_C_K,"{""learning_rate"": 0.05, ""max_leaf_nodes"": 7}",True,28,28,0.6180355122478981,1,5,1252,313,"{""learning_rate"": 0.05, ""max_leaf_nodes"": 7}","[""H"", ""D"", ""B"", ""P"", ""C"", ""K""]"
hgb|history_unavailable|budget=00,hgb,history_unavailable,0,False,NONE,hgb::NONE,hgb::NONE,NONE,"{""learning_rate"": 0.05, ""max_leaf_nodes"": 3}",False,0,0,0.6853669918199291,1,5,1252,313,"{""learning_rate"": 0.05, ""max_leaf_nodes"": 3}",[]
hgb|history_unavailable|budget=01,hgb,history_unavailable,1,False,B,hgb::B,hgb::B,B,"{""learning_rate"": 0.05, ""max_leaf_nodes"": 3}",False,1,1,0.675041212860065,1,5,1252,313,"{""learning_rate"": 0.05, ""max_leaf_nodes"": 3}","[""B""]"
hgb|history_unavailable|budget=02,hgb,history_unavailable,2,False,B_A,hgb::B_A,hgb::B_A,B_A,"{""learning_rate"": 0.05, ""max_leaf_nodes"": 3}",False,2,2,0.6714195261104839,1,5,1252,313,"{""learning_rate"": 0.05, ""max_leaf_nodes"": 3}","[""B"", ""A""]"
hgb|history_unavailable|budget=03,hgb,history_unavailable,3,False,B_C_A,hgb::B_C_A,hgb::B_C_A,B_C_A,"{""learning_rate"": 0.05, ""max_leaf_nodes"": 3}",False,3,3,0.6692773424333762,1,5,1252,313,"{""learning_rate"": 0.05, ""max_leaf_nodes"": 3}","[""B"", ""C"", ""A""]"
hgb|history_unavailable|budget=04,hgb,history_unavailable,4,False,B_C_A,hgb::B_C_A,hgb::B_C_A,B_C_A,"{""learning_rate"": 0.05, ""max_leaf_nodes"": 3}",False,3,3,0.6692773424333762,1,5,1252,313,"{""learning_rate"": 0.05, ""max_leaf_nodes"": 3}","[""B"", ""C"", ""A""]"
hgb|history_unavailable|budget=05,hgb,history_unavailable,5,False,D_B,hgb::D_B,hgb::D_B,D_B,"{""learning_rate"": 0.05, ""max_leaf_nodes"": 7}",False,5,5,0.6631246452600276,1,5,1252,313,"{""learning_rate"": 0.05, ""max_leaf_nodes"": 7}","[""D"", ""B""]"
hgb|history_unavailable|budget=06,hgb,history_unavailable,6,False,D_C_A,hgb::D_C_A,hgb::D_C_A,D_C_A,"{""learning_rate"": 0.05, ""max_leaf_nodes"": 7}",False,6,6,0.6565322827276386,1,5,1252,313,"{""learning_rate"": 0.05, ""max_leaf_nodes"": 7}","[""D"", ""C"", ""A""]"
hgb|history_unavailable|budget=07,hgb,history_unavailable,7,False,D_B_C_A,hgb::D_B_C_A,hgb::D_B_C_A,D_B_C_A,"{""learning_rate"": 0.05, ""max_leaf_nodes"": 7}",False,7,7,0.654382657427284,1,5,1252,313,"{""learning_rate"": 0.05, ""max_leaf_nodes"": 7}","[""D"", ""B"", ""C"", ""A""]"
hgb|history_unavailable|budget=08,hgb,history_unavailable,8,False,D_B_M_C_A,hgb::D_B_M_C_A,hgb::D_B_M_C_A,D_B_M_C_A,"{""learning_rate"": 0.05, ""max_leaf_nodes"": 7}",False,8,8,0.6526399818161134,1,5,1252,313,"{""learning_rate"": 0.05, ""max_leaf_nodes"": 7}","[""D"", ""B"", ""M"", ""C"", ""A""]"
hgb|history_unavailable|budget=09,hgb,history_unavailable,9,False,D_B_M_C_A,hgb::D_B_M_C_A,hgb::D_B_M_C_A,D_B_M_C_A,"{""learning_rate"": 0.05, ""max_leaf_nodes"": 7}",False,8,8,0.6526399818161134,1,5,1252,313,"{""learning_rate"": 0.05, ""max_leaf_nodes"": 7}","[""D"", ""B"", ""M"", ""C"", ""A""]"
hgb|history_unavailable|budget=10,hgb,history_unavailable,10,False,D_B_M_C_A,hgb::D_B_M_C_A,hgb::D_B_M_C_A,D_B_M_C_A,"{""learning_rate"": 0.05, ""max_leaf_nodes"": 7}",False,8,8,0.6526399818161134,1,5,1252,313,"{""learning_rate"": 0.05, ""max_leaf_nodes"": 7}","[""D"", ""B"", ""M"", ""C"", ""A""]"
hgb|history_unavailable|budget=11,hgb,history_unavailable,11,False,D_B_M_C_A,hgb::D_B_M_C_A,hgb::D_B_M_C_A,D_B_M_C_A,"{""learning_rate"": 0.05, ""max_leaf_nodes"": 7}",False,8,8,0.6526399818161134,1,5,1252,313,"{""learning_rate"": 0.05, ""max_leaf_nodes"": 7}","[""D"", ""B"", ""M"", ""C"", ""A""]"
hgb|history_unavailable|budget=12,hgb,history_unavailable,12,False,D_B_M_C_A,hgb::D_B_M_C_A,hgb::D_B_M_C_A,D_B_M_C_A,"{""learning_rate"": 0.05, ""max_leaf_nodes"": 7}",False,8,8,0.6526399818161134,1,5,1252,313,"{""learning_rate"": 0.05, ""max_leaf_nodes"": 7}","[""D"", ""B"", ""M"", ""C"", ""A""]"
hgb|history_unavailable|budget=13,hgb,history_unavailable,13,False,D_B_M_C_A,hgb::D_B_M_C_A,hgb::D_B_M_C_A,D_B_M_C_A,"{""learning_rate"": 0.05, ""max_leaf_nodes"": 7}",False,8,8,0.6526399818161134,1,5,1252,313,"{""learning_rate"": 0.05, ""max_leaf_nodes"": 7}","[""D"", ""B"", ""M"", ""C"", ""A""]"
hgb|history_unavailable|budget=14,hgb,history_unavailable,14,False,D_B_M_C_A,hgb::D_B_M_C_A,hgb::D_B_M_C_A,D_B_M_C_A,"{""learning_rate"": 0.05, ""max_leaf_nodes"": 7}",False,8,8,0.6526399818161134,1,5,1252,313,"{""learning_rate"": 0.05, ""max_leaf_nodes"": 7}","[""D"", ""B"", ""M"", ""C"", ""A""]"
hgb|history_unavailable|budget=15,hgb,history_unavailable,15,False,D_B_M_C_A,hgb::D_B_M_C_A,hgb::D_B_M_C_A,D_B_M_C_A,"{""learning_rate"": 0.05, ""max_leaf_nodes"": 7}",False,8,8,0.6526399818161134,1,5,1252,313,"{""learning_rate"": 0.05, ""max_leaf_nodes"": 7}","[""D"", ""B"", ""M"", ""C"", ""A""]"
hgb|history_unavailable|budget=16,hgb,history_unavailable,16,False,D_B_P,hgb::D_B_P,hgb::D_B_P,D_B_P,"{""learning_rate"": 0.05, ""max_leaf_nodes"": 7}",False,16,16,0.645242198109174,1,5,1252,313,"{""learning_rate"": 0.05, ""max_leaf_nodes"": 7}","[""D"", ""B"", ""P""]"
hgb|history_unavailable|budget=17,hgb,history_unavailable,17,False,D_B_P_A,hgb::D_B_P_A,hgb::D_B_P_A,D_B_P_A,"{""learning_rate"": 0.05, ""max_leaf_nodes"": 7}",False,17,17,0.642046146099812,1,5,1252,313,"{""learning_rate"": 0.05, ""max_leaf_nodes"": 7}","[""D"", ""B"", ""P"", ""A""]"
hgb|history_unavailable|budget=18,hgb,history_unavailable,18,False,D_B_P_C_A,hgb::D_B_P_C_A,hgb::D_B_P_C_A,D_B_P_C_A,"{""learning_rate"": 0.05, ""max_leaf_nodes"": 7}",False,18,18,0.6398329700188601,1,5,1252,313,"{""learning_rate"": 0.05, ""max_leaf_nodes"": 7}","[""D"", ""B"", ""P"", ""C"", ""A""]"
hgb|history_unavailable|budget=19,hgb,history_unavailable,19,False,D_B_P_C_A,hgb::D_B_P_C_A,hgb::D_B_P_C_A,D_B_P_C_A,"{""learning_rate"": 0.05, ""max_leaf_nodes"": 7}",False,18,18,0.6398329700188601,1,5,1252,313,"{""learning_rate"": 0.05, ""max_leaf_nodes"": 7}","[""D"", ""B"", ""P"", ""C"", ""A""]"
hgb|history_unavailable|budget=20,hgb,history_unavailable,20,False,D_B_P_C_A,hgb::D_B_P_C_A,hgb::D_B_P_C_A,D_B_P_C_A,"{""learning_rate"": 0.05, ""max_leaf_nodes"": 7}",False,18,18,0.6398329700188601,1,5,1252,313,"{""learning_rate"": 0.05, ""max_leaf_nodes"": 7}","[""D"", ""B"", ""P"", ""C"", ""A""]"
hgb|history_unavailable|budget=21,hgb,history_unavailable,21,False,D_B_P_C_A,hgb::D_B_P_C_A,hgb::D_B_P_C_A,D_B_P_C_A,"{""learning_rate"": 0.05, ""max_leaf_nodes"": 7}",False,18,18,0.6398329700188601,1,5,1252,313,"{""learning_rate"": 0.05, ""max_leaf_nodes"": 7}","[""D"", ""B"", ""P"", ""C"", ""A""]"
hgb|history_unavailable|budget=22,hgb,history_unavailable,22,False,D_B_P_C_A,hgb::D_B_P_C_A,hgb::D_B_P_C_A,D_B_P_C_A,"{""learning_rate"": 0.05, ""max_leaf_nodes"": 7}",False,18,18,0.6398329700188601,1,5,1252,313,"{""learning_rate"": 0.05, ""max_leaf_nodes"": 7}","[""D"", ""B"", ""P"", ""C"", ""A""]"
hgb|history_unavailable|budget=23,hgb,history_unavailable,23,False,D_B_P_C_A,hgb::D_B_P_C_A,hgb::D_B_P_C_A,D_B_P_C_A,"{""learning_rate"": 0.05, ""max_leaf_nodes"": 7}",False,18,18,0.6398329700188601,1,5,1252,313,"{""learning_rate"": 0.05, ""max_leaf_nodes"": 7}","[""D"", ""B"", ""P"", ""C"", ""A""]"
hgb|history_unavailable|budget=24,hgb,history_unavailable,24,False,D_B_P_C_A,hgb::D_B_P_C_A,hgb::D_B_P_C_A,D_B_P_C_A,"{""learning_rate"": 0.05, ""max_leaf_nodes"": 7}",False,18,18,0.6398329700188601,1,5,1252,313,"{""learning_rate"": 0.05, ""max_leaf_nodes"": 7}","[""D"", ""B"", ""P"", ""C"", ""A""]"
hgb|history_unavailable|budget=25,hgb,history_unavailable,25,False,D_B_P_C_A,hgb::D_B_P_C_A,hgb::D_B_P_C_A,D_B_P_C_A,"{""learning_rate"": 0.05, ""max_leaf_nodes"": 7}",False,18,18,0.6398329700188601,1,5,1252,313,"{""learning_rate"": 0.05, ""max_leaf_nodes"": 7}","[""D"", ""B"", ""P"", ""C"", ""A""]"
hgb|history_unavailable|budget=26,hgb,history_unavailable,26,False,D_B_P_C_A,hgb::D_B_P_C_A,hgb::D_B_P_C_A,D_B_P_C_A,"{""learning_rate"": 0.05, ""max_leaf_nodes"": 7}",False,18,18,0.6398329700188601,1,5,1252,313,"{""learning_rate"": 0.05, ""max_leaf_nodes"": 7}","[""D"", ""B"", ""P"", ""C"", ""A""]"
hgb|history_unavailable|budget=27,hgb,history_unavailable,27,False,D_B_P_K,hgb::D_B_P_K,hgb::D_B_P_K,D_B_P_K,"{""learning_rate"": 0.05, ""max_leaf_nodes"": 7}",False,27,27,0.6355868774512641,1,5,1252,313,"{""learning_rate"": 0.05, ""max_leaf_nodes"": 7}","[""D"", ""B"", ""P"", ""K""]"
hgb|history_unavailable|budget=28,hgb,history_unavailable,28,False,D_B_P_C_K,hgb::D_B_P_C_K,hgb::D_B_P_C_K,D_B_P_C_K,"{""learning_rate"": 0.05, ""max_leaf_nodes"": 7}",False,28,28,0.6351874253401437,1,5,1252,313,"{""learning_rate"": 0.05, ""max_leaf_nodes"": 7}","[""D"", ""B"", ""P"", ""C"", ""K""]"
hgb|history_unavailable|budget=29,hgb,history_unavailable,29,False,D_B_P_C_A_K,hgb::D_B_P_C_A_K,hgb::D_B_P_C_A_K,D_B_P_C_A_K,"{""learning_rate"": 0.05, ""max_leaf_nodes"": 7}",False,29,29,0.6337655493592088,1,5,1252,313,"{""learning_rate"": 0.05, ""max_leaf_nodes"": 7}","[""D"", ""B"", ""P"", ""C"", ""A"", ""K""]"
hgb|history_unavailable|budget=30,hgb,history_unavailable,30,False,D_B_P_C_A_K,hgb::D_B_P_C_A_K,hgb::D_B_P_C_A_K,D_B_P_C_A_K,"{""learning_rate"": 0.05, ""max_leaf_nodes"": 7}",False,29,29,0.6337655493592088,1,5,1252,313,"{""learning_rate"": 0.05, ""max_leaf_nodes"": 7}","[""D"", ""B"", ""P"", ""C"", ""A"", ""K""]"
ridge|history_available|budget=00,ridge,history_available,0,True,P0,P0,P0,P0,null,True,0,0,0.6647758505756662,2,1,1252,313,null,"[""H""]"
ridge|history_available|budget=01,ridge,history_available,1,True,H_B,ridge::H_B,ridge::H_B,H_B,0.1,True,1,1,0.6615667135698989,2,1,1252,313,0.1,"[""H"", ""B""]"
ridge|history_available|budget=02,ridge,history_available,2,True,H_B_A,ridge::H_B_A,ridge::H_B_A,H_B_A,0.1,True,2,2,0.6612813499422497,2,1,1252,313,0.1,"[""H"", ""B"", ""A""]"
ridge|history_available|budget=03,ridge,history_available,3,True,H_B_A,ridge::H_B_A,ridge::H_B_A,H_B_A,0.1,True,2,2,0.6612813499422497,2,1,1252,313,0.1,"[""H"", ""B"", ""A""]"
ridge|history_available|budget=04,ridge,history_available,4,True,H_D,ridge::H_D,ridge::H_D,H_D,1.0,True,4,4,0.6488737572133292,2,1,1252,313,1.0,"[""H"", ""D""]"
ridge|history_available|budget=05,ridge,history_available,5,True,H_D_B,ridge::H_D_B,ridge::H_D_B,H_D_B,1.0,True,5,5,0.6478514296361125,2,1,1252,313,1.0,"[""H"", ""D"", ""B""]"
ridge|history_available|budget=06,ridge,history_available,6,True,H_D_B_M,ridge::H_D_B_M,ridge::H_D_B_M,H_D_B_M,1.0,True,6,6,0.647171680632395,2,1,1252,313,1.0,"[""H"", ""D"", ""B"", ""M""]"
ridge|history_available|budget=07,ridge,history_available,7,True,H_D_B_M_A,ridge::H_D_B_M_A,ridge::H_D_B_M_A,H_D_B_M_A,1.0,True,7,7,0.6469285848429667,2,1,1252,313,1.0,"[""H"", ""D"", ""B"", ""M"", ""A""]"
ridge|history_available|budget=08,ridge,history_available,8,True,H_D_B_M_A,ridge::H_D_B_M_A,ridge::H_D_B_M_A,H_D_B_M_A,1.0,True,7,7,0.6469285848429667,2,1,1252,313,1.0,"[""H"", ""D"", ""B"", ""M"", ""A""]"
ridge|history_available|budget=09,ridge,history_available,9,True,H_D_B_M_A,ridge::H_D_B_M_A,ridge::H_D_B_M_A,H_D_B_M_A,1.0,True,7,7,0.6469285848429667,2,1,1252,313,1.0,"[""H"", ""D"", ""B"", ""M"", ""A""]"
ridge|history_available|budget=10,ridge,history_available,10,True,H_D_B_M_A,ridge::H_D_B_M_A,ridge::H_D_B_M_A,H_D_B_M_A,1.0,True,7,7,0.6469285848429667,2,1,1252,313,1.0,"[""H"", ""D"", ""B"", ""M"", ""A""]"
ridge|history_available|budget=11,ridge,history_available,11,True,H_D_B_M_A,ridge::H_D_B_M_A,ridge::H_D_B_M_A,H_D_B_M_A,1.0,True,7,7,0.6469285848429667,2,1,1252,313,1.0,"[""H"", ""D"", ""B"", ""M"", ""A""]"
ridge|history_available|budget=12,ridge,history_available,12,True,H_D_B_M_A,ridge::H_D_B_M_A,ridge::H_D_B_M_A,H_D_B_M_A,1.0,True,7,7,0.6469285848429667,2,1,1252,313,1.0,"[""H"", ""D"", ""B"", ""M"", ""A""]"
ridge|history_available|budget=13,ridge,history_available,13,True,H_D_B_M_A,ridge::H_D_B_M_A,ridge::H_D_B_M_A,H_D_B_M_A,1.0,True,7,7,0.6469285848429667,2,1,1252,313,1.0,"[""H"", ""D"", ""B"", ""M"", ""A""]"
ridge|history_available|budget=14,ridge,history_available,14,True,H_D_B_M_A,ridge::H_D_B_M_A,ridge::H_D_B_M_A,H_D_B_M_A,1.0,True,7,7,0.6469285848429667,2,1,1252,313,1.0,"[""H"", ""D"", ""B"", ""M"", ""A""]"
ridge|history_available|budget=15,ridge,history_available,15,True,H_D_K,ridge::H_D_K,ridge::H_D_K,H_D_K,0.1,True,15,15,0.6463597474248339,2,1,1252,313,0.1,"[""H"", ""D"", ""K""]"
ridge|history_available|budget=16,ridge,history_available,16,True,H_D_B_K,ridge::H_D_B_K,ridge::H_D_B_K,H_D_B_K,0.1,True,16,16,0.6453666702384925,2,1,1252,313,0.1,"[""H"", ""D"", ""B"", ""K""]"
ridge|history_available|budget=17,ridge,history_available,17,True,H_D_B_M_K,ridge::H_D_B_M_K,ridge::H_D_B_M_K,H_D_B_M_K,0.1,True,17,17,0.644436149285443,2,1,1252,313,0.1,"[""H"", ""D"", ""B"", ""M"", ""K""]"
ridge|history_available|budget=18,ridge,history_available,18,True,H_D_B_M_A_K,ridge::H_D_B_M_A_K,ridge::H_D_B_M_A_K,H_D_B_M_A_K,0.1,True,18,18,0.6442258752853947,2,1,1252,313,0.1,"[""H"", ""D"", ""B"", ""M"", ""A"", ""K""]"
ridge|history_available|budget=19,ridge,history_available,19,True,H_D_B_M_A_K,ridge::H_D_B_M_A_K,ridge::H_D_B_M_A_K,H_D_B_M_A_K,0.1,True,18,18,0.6442258752853947,2,1,1252,313,0.1,"[""H"", ""D"", ""B"", ""M"", ""A"", ""K""]"
ridge|history_available|budget=20,ridge,history_available,20,True,H_D_B_M_A_K,ridge::H_D_B_M_A_K,ridge::H_D_B_M_A_K,H_D_B_M_A_K,0.1,True,18,18,0.6442258752853947,2,1,1252,313,0.1,"[""H"", ""D"", ""B"", ""M"", ""A"", ""K""]"
ridge|history_available|budget=21,ridge,history_available,21,True,H_D_B_M_A_K,ridge::H_D_B_M_A_K,ridge::H_D_B_M_A_K,H_D_B_M_A_K,0.1,True,18,18,0.6442258752853947,2,1,1252,313,0.1,"[""H"", ""D"", ""B"", ""M"", ""A"", ""K""]"
ridge|history_available|budget=22,ridge,history_available,22,True,H_D_B_M_A_K,ridge::H_D_B_M_A_K,ridge::H_D_B_M_A_K,H_D_B_M_A_K,0.1,True,18,18,0.6442258752853947,2,1,1252,313,0.1,"[""H"", ""D"", ""B"", ""M"", ""A"", ""K""]"
ridge|history_available|budget=23,ridge,history_available,23,True,H_D_B_M_A_K,ridge::H_D_B_M_A_K,ridge::H_D_B_M_A_K,H_D_B_M_A_K,0.1,True,18,18,0.6442258752853947,2,1,1252,313,0.1,"[""H"", ""D"", ""B"", ""M"", ""A"", ""K""]"
ridge|history_available|budget=24,ridge,history_available,24,True,H_D_B_M_A_K,ridge::H_D_B_M_A_K,ridge::H_D_B_M_A_K,H_D_B_M_A_K,0.1,True,18,18,0.6442258752853947,2,1,1252,313,0.1,"[""H"", ""D"", ""B"", ""M"", ""A"", ""K""]"
ridge|history_available|budget=25,ridge,history_available,25,True,H_D_B_M_A_K,ridge::H_D_B_M_A_K,ridge::H_D_B_M_A_K,H_D_B_M_A_K,0.1,True,18,18,0.6442258752853947,2,1,1252,313,0.1,"[""H"", ""D"", ""B"", ""M"", ""A"", ""K""]"
ridge|history_available|budget=26,ridge,history_available,26,True,H_D_B_M_A_K,ridge::H_D_B_M_A_K,ridge::H_D_B_M_A_K,H_D_B_M_A_K,0.1,True,18,18,0.6442258752853947,2,1,1252,313,0.1,"[""H"", ""D"", ""B"", ""M"", ""A"", ""K""]"
ridge|history_available|budget=27,ridge,history_available,27,True,H_D_B_M_A_K,ridge::H_D_B_M_A_K,ridge::H_D_B_M_A_K,H_D_B_M_A_K,0.1,True,18,18,0.6442258752853947,2,1,1252,313,0.1,"[""H"", ""D"", ""B"", ""M"", ""A"", ""K""]"
ridge|history_available|budget=28,ridge,history_available,28,True,H_D_B_M_P_K,ridge::H_D_B_M_P_K,ridge::H_D_B_M_P_K,H_D_B_M_P_K,0.1,True,28,28,0.6435844309465453,2,1,1252,313,0.1,"[""H"", ""D"", ""B"", ""M"", ""P"", ""K""]"
ridge|history_available|budget=29,ridge,history_available,29,True,H_D_B_M_P_A_K,ridge::H_D_B_M_P_A_K,ridge::H_D_B_M_P_A_K,H_D_B_M_P_A_K,0.1,True,29,29,0.643389970082721,2,1,1252,313,0.1,"[""H"", ""D"", ""B"", ""M"", ""P"", ""A"", ""K""]"
ridge|history_available|budget=30,ridge,history_available,30,True,H_D_B_M_P_A_K,ridge::H_D_B_M_P_A_K,ridge::H_D_B_M_P_A_K,H_D_B_M_P_A_K,0.1,True,29,29,0.643389970082721,2,1,1252,313,0.1,"[""H"", ""D"", ""B"", ""M"", ""P"", ""A"", ""K""]"
ridge|history_unavailable|budget=00,ridge,history_unavailable,0,False,NONE,ridge::NONE,ridge::NONE,NONE,0.001,False,0,0,0.6853669918199291,2,1,1252,313,0.001,[]
ridge|history_unavailable|budget=01,ridge,history_unavailable,1,False,B,ridge::B,ridge::B,B,0.1,False,1,1,0.6793091972943077,2,1,1252,313,0.1,"[""B""]"
ridge|history_unavailable|budget=02,ridge,history_unavailable,2,False,B_A,ridge::B_A,ridge::B_A,B_A,0.1,False,2,2,0.6773402500845166,2,1,1252,313,0.1,"[""B"", ""A""]"
ridge|history_unavailable|budget=03,ridge,history_unavailable,3,False,B_C_A,ridge::B_C_A,ridge::B_C_A,B_C_A,10.0,False,3,3,0.6769901419201476,2,1,1252,313,10.0,"[""B"", ""C"", ""A""]"
ridge|history_unavailable|budget=04,ridge,history_unavailable,4,False,D,ridge::D,ridge::D,D,1.0,False,4,4,0.665631365590569,2,1,1252,313,1.0,"[""D""]"
ridge|history_unavailable|budget=05,ridge,history_unavailable,5,False,D_B,ridge::D_B,ridge::D_B,D_B,0.1,False,5,5,0.6627947012410946,2,1,1252,313,0.1,"[""D"", ""B""]"
ridge|history_unavailable|budget=06,ridge,history_unavailable,6,False,D_B_A,ridge::D_B_A,ridge::D_B_A,D_B_A,0.1,False,6,6,0.6609750134337073,2,1,1252,313,0.1,"[""D"", ""B"", ""A""]"
ridge|history_unavailable|budget=07,ridge,history_unavailable,7,False,D_B_A,ridge::D_B_A,ridge::D_B_A,D_B_A,0.1,False,6,6,0.6609750134337073,2,1,1252,313,0.1,"[""D"", ""B"", ""A""]"
ridge|history_unavailable|budget=08,ridge,history_unavailable,8,False,D_B_A,ridge::D_B_A,ridge::D_B_A,D_B_A,0.1,False,6,6,0.6609750134337073,2,1,1252,313,0.1,"[""D"", ""B"", ""A""]"
ridge|history_unavailable|budget=09,ridge,history_unavailable,9,False,D_B_A,ridge::D_B_A,ridge::D_B_A,D_B_A,0.1,False,6,6,0.6609750134337073,2,1,1252,313,0.1,"[""D"", ""B"", ""A""]"
ridge|history_unavailable|budget=10,ridge,history_unavailable,10,False,D_B_A,ridge::D_B_A,ridge::D_B_A,D_B_A,0.1,False,6,6,0.6609750134337073,2,1,1252,313,0.1,"[""D"", ""B"", ""A""]"
ridge|history_unavailable|budget=11,ridge,history_unavailable,11,False,D_B_A,ridge::D_B_A,ridge::D_B_A,D_B_A,0.1,False,6,6,0.6609750134337073,2,1,1252,313,0.1,"[""D"", ""B"", ""A""]"
ridge|history_unavailable|budget=12,ridge,history_unavailable,12,False,D_B_A,ridge::D_B_A,ridge::D_B_A,D_B_A,0.1,False,6,6,0.6609750134337073,2,1,1252,313,0.1,"[""D"", ""B"", ""A""]"
ridge|history_unavailable|budget=13,ridge,history_unavailable,13,False,D_B_A,ridge::D_B_A,ridge::D_B_A,D_B_A,0.1,False,6,6,0.6609750134337073,2,1,1252,313,0.1,"[""D"", ""B"", ""A""]"
ridge|history_unavailable|budget=14,ridge,history_unavailable,14,False,D_B_A,ridge::D_B_A,ridge::D_B_A,D_B_A,0.1,False,6,6,0.6609750134337073,2,1,1252,313,0.1,"[""D"", ""B"", ""A""]"
ridge|history_unavailable|budget=15,ridge,history_unavailable,15,False,D_B_A,ridge::D_B_A,ridge::D_B_A,D_B_A,0.1,False,6,6,0.6609750134337073,2,1,1252,313,0.1,"[""D"", ""B"", ""A""]"
ridge|history_unavailable|budget=16,ridge,history_unavailable,16,False,D_B_K,ridge::D_B_K,ridge::D_B_K,D_B_K,0.1,False,16,16,0.6588191613225599,2,1,1252,313,0.1,"[""D"", ""B"", ""K""]"
ridge|history_unavailable|budget=17,ridge,history_unavailable,17,False,D_B_A_K,ridge::D_B_A_K,ridge::D_B_A_K,D_B_A_K,0.1,False,17,17,0.6569107938431359,2,1,1252,313,0.1,"[""D"", ""B"", ""A"", ""K""]"
ridge|history_unavailable|budget=18,ridge,history_unavailable,18,False,D_B_M_A_K,ridge::D_B_M_A_K,ridge::D_B_M_A_K,D_B_M_A_K,0.1,False,18,18,0.656591173000909,2,1,1252,313,0.1,"[""D"", ""B"", ""M"", ""A"", ""K""]"
ridge|history_unavailable|budget=19,ridge,history_unavailable,19,False,D_B_M_A_K,ridge::D_B_M_A_K,ridge::D_B_M_A_K,D_B_M_A_K,0.1,False,18,18,0.656591173000909,2,1,1252,313,0.1,"[""D"", ""B"", ""M"", ""A"", ""K""]"
ridge|history_unavailable|budget=20,ridge,history_unavailable,20,False,D_B_M_A_K,ridge::D_B_M_A_K,ridge::D_B_M_A_K,D_B_M_A_K,0.1,False,18,18,0.656591173000909,2,1,1252,313,0.1,"[""D"", ""B"", ""M"", ""A"", ""K""]"
ridge|history_unavailable|budget=21,ridge,history_unavailable,21,False,D_B_M_A_K,ridge::D_B_M_A_K,ridge::D_B_M_A_K,D_B_M_A_K,0.1,False,18,18,0.656591173000909,2,1,1252,313,0.1,"[""D"", ""B"", ""M"", ""A"", ""K""]"
ridge|history_unavailable|budget=22,ridge,history_unavailable,22,False,D_B_M_A_K,ridge::D_B_M_A_K,ridge::D_B_M_A_K,D_B_M_A_K,0.1,False,18,18,0.656591173000909,2,1,1252,313,0.1,"[""D"", ""B"", ""M"", ""A"", ""K""]"
ridge|history_unavailable|budget=23,ridge,history_unavailable,23,False,D_B_M_A_K,ridge::D_B_M_A_K,ridge::D_B_M_A_K,D_B_M_A_K,0.1,False,18,18,0.656591173000909,2,1,1252,313,0.1,"[""D"", ""B"", ""M"", ""A"", ""K""]"
ridge|history_unavailable|budget=24,ridge,history_unavailable,24,False,D_B_M_A_K,ridge::D_B_M_A_K,ridge::D_B_M_A_K,D_B_M_A_K,0.1,False,18,18,0.656591173000909,2,1,1252,313,0.1,"[""D"", ""B"", ""M"", ""A"", ""K""]"
ridge|history_unavailable|budget=25,ridge,history_unavailable,25,False,D_B_M_A_K,ridge::D_B_M_A_K,ridge::D_B_M_A_K,D_B_M_A_K,0.1,False,18,18,0.656591173000909,2,1,1252,313,0.1,"[""D"", ""B"", ""M"", ""A"", ""K""]"
ridge|history_unavailable|budget=26,ridge,history_unavailable,26,False,D_B_M_A_K,ridge::D_B_M_A_K,ridge::D_B_M_A_K,D_B_M_A_K,0.1,False,18,18,0.656591173000909,2,1,1252,313,0.1,"[""D"", ""B"", ""M"", ""A"", ""K""]"
ridge|history_unavailable|budget=27,ridge,history_unavailable,27,False,D_B_M_A_K,ridge::D_B_M_A_K,ridge::D_B_M_A_K,D_B_M_A_K,0.1,False,18,18,0.656591173000909,2,1,1252,313,0.1,"[""D"", ""B"", ""M"", ""A"", ""K""]"
ridge|history_unavailable|budget=28,ridge,history_unavailable,28,False,D_B_P_A_K,ridge::D_B_P_A_K,ridge::D_B_P_A_K,D_B_P_A_K,0.1,False,28,28,0.6555345415931113,2,1,1252,313,0.1,"[""D"", ""B"", ""P"", ""A"", ""K""]"
ridge|history_unavailable|budget=29,ridge,history_unavailable,29,False,D_B_M_P_A_K,ridge::D_B_M_P_A_K,ridge::D_B_M_P_A_K,D_B_M_P_A_K,0.1,False,29,29,0.6553739619053796,2,1,1252,313,0.1,"[""D"", ""B"", ""M"", ""P"", ""A"", ""K""]"
ridge|history_unavailable|budget=30,ridge,history_unavailable,30,False,D_B_M_P_A_K,ridge::D_B_M_P_A_K,ridge::D_B_M_P_A_K,D_B_M_P_A_K,0.1,False,29,29,0.6553739619053796,2,1,1252,313,0.1,"[""D"", ""B"", ""M"", ""P"", ""A"", ""K""]"
hgb|history_available|budget=00,hgb,history_available,0,True,H,hgb::H,hgb::H,H,"{""learning_rate"": 0.05, ""max_leaf_nodes"": 3}",True,0,0,0.6647753626027347,2,1,1252,313,"{""learning_rate"": 0.05, ""max_leaf_nodes"": 3}","[""H""]"
hgb|history_available|budget=01,hgb,history_available,1,True,H_B,hgb::H_B,hgb::H_B,H_B,"{""learning_rate"": 0.05, ""max_leaf_nodes"": 3}",True,1,1,0.660385697495059,2,1,1252,313,"{""learning_rate"": 0.05, ""max_leaf_nodes"": 3}","[""H"", ""B""]"
hgb|history_available|budget=02,hgb,history_available,2,True,H_B_A,hgb::H_B_A,hgb::H_B_A,H_B_A,"{""learning_rate"": 0.05, ""max_leaf_nodes"": 3}",True,2,2,0.6595293514622406,2,1,1252,313,"{""learning_rate"": 0.05, ""max_leaf_nodes"": 3}","[""H"", ""B"", ""A""]"
hgb|history_available|budget=03,hgb,history_available,3,True,H_B_A,hgb::H_B_A,hgb::H_B_A,H_B_A,"{""learning_rate"": 0.05, ""max_leaf_nodes"": 3}",True,2,2,0.6595293514622406,2,1,1252,313,"{""learning_rate"": 0.05, ""max_leaf_nodes"": 3}","[""H"", ""B"", ""A""]"
hgb|history_available|budget=04,hgb,history_available,4,True,H_D,hgb::H_D,hgb::H_D,H_D,"{""learning_rate"": 0.05, ""max_leaf_nodes"": 3}",True,4,4,0.6583372769446597,2,1,1252,313,"{""learning_rate"": 0.05, ""max_leaf_nodes"": 3}","[""H"", ""D""]"
hgb|history_available|budget=05,hgb,history_available,5,True,H_D_B,hgb::H_D_B,hgb::H_D_B,H_D_B,"{""learning_rate"": 0.05, ""max_leaf_nodes"": 3}",True,5,5,0.6549140204284014,2,1,1252,313,"{""learning_rate"": 0.05, ""max_leaf_nodes"": 3}","[""H"", ""D"", ""B""]"
hgb|history_available|budget=06,hgb,history_available,6,True,H_D_B_C,hgb::H_D_B_C,hgb::H_D_B_C,H_D_B_C,"{""learning_rate"": 0.05, ""max_leaf_nodes"": 7}",True,6,6,0.6531265885758751,2,1,1252,313,"{""learning_rate"": 0.05, ""max_leaf_nodes"": 7}","[""H"", ""D"", ""B"", ""C""]"
hgb|history_available|budget=07,hgb,history_available,7,True,H_D_B_C,hgb::H_D_B_C,hgb::H_D_B_C,H_D_B_C,"{""learning_rate"": 0.05, ""max_leaf_nodes"": 7}",True,6,6,0.6531265885758751,2,1,1252,313,"{""learning_rate"": 0.05, ""max_leaf_nodes"": 7}","[""H"", ""D"", ""B"", ""C""]"
hgb|history_available|budget=08,hgb,history_available,8,True,H_D_B_C,hgb::H_D_B_C,hgb::H_D_B_C,H_D_B_C,"{""learning_rate"": 0.05, ""max_leaf_nodes"": 7}",True,6,6,0.6531265885758751,2,1,1252,313,"{""learning_rate"": 0.05, ""max_leaf_nodes"": 7}","[""H"", ""D"", ""B"", ""C""]"
hgb|history_available|budget=09,hgb,history_available,9,True,H_D_B_C,hgb::H_D_B_C,hgb::H_D_B_C,H_D_B_C,"{""learning_rate"": 0.05, ""max_leaf_nodes"": 7}",True,6,6,0.6531265885758751,2,1,1252,313,"{""learning_rate"": 0.05, ""max_leaf_nodes"": 7}","[""H"", ""D"", ""B"", ""C""]"
hgb|history_available|budget=10,hgb,history_available,10,True,H_D_B_C,hgb::H_D_B_C,hgb::H_D_B_C,H_D_B_C,"{""learning_rate"": 0.05, ""max_leaf_nodes"": 7}",True,6,6,0.6531265885758751,2,1,1252,313,"{""learning_rate"": 0.05, ""max_leaf_nodes"": 7}","[""H"", ""D"", ""B"", ""C""]"
hgb|history_available|budget=11,hgb,history_available,11,True,H_D_B_C,hgb::H_D_B_C,hgb::H_D_B_C,H_D_B_C,"{""learning_rate"": 0.05, ""max_leaf_nodes"": 7}",True,6,6,0.6531265885758751,2,1,1252,313,"{""learning_rate"": 0.05, ""max_leaf_nodes"": 7}","[""H"", ""D"", ""B"", ""C""]"
hgb|history_available|budget=12,hgb,history_available,12,True,H_D_B_C,hgb::H_D_B_C,hgb::H_D_B_C,H_D_B_C,"{""learning_rate"": 0.05, ""max_leaf_nodes"": 7}",True,6,6,0.6531265885758751,2,1,1252,313,"{""learning_rate"": 0.05, ""max_leaf_nodes"": 7}","[""H"", ""D"", ""B"", ""C""]"
hgb|history_available|budget=13,hgb,history_available,13,True,H_D_B_C,hgb::H_D_B_C,hgb::H_D_B_C,H_D_B_C,"{""learning_rate"": 0.05, ""max_leaf_nodes"": 7}",True,6,6,0.6531265885758751,2,1,1252,313,"{""learning_rate"": 0.05, ""max_leaf_nodes"": 7}","[""H"", ""D"", ""B"", ""C""]"
hgb|history_available|budget=14,hgb,history_available,14,True,H_D_B_C,hgb::H_D_B_C,hgb::H_D_B_C,H_D_B_C,"{""learning_rate"": 0.05, ""max_leaf_nodes"": 7}",True,6,6,0.6531265885758751,2,1,1252,313,"{""learning_rate"": 0.05, ""max_leaf_nodes"": 7}","[""H"", ""D"", ""B"", ""C""]"
hgb|history_available|budget=15,hgb,history_available,15,True,H_D_P,hgb::H_D_P,hgb::H_D_P,H_D_P,"{""learning_rate"": 0.05, ""max_leaf_nodes"": 7}",True,15,15,0.6502706524377849,2,1,1252,313,"{""learning_rate"": 0.05, ""max_leaf_nodes"": 7}","[""H"", ""D"", ""P""]"
hgb|history_available|budget=16,hgb,history_available,16,True,H_D_B_P,hgb::H_D_B_P,hgb::H_D_B_P,H_D_B_P,"{""learning_rate"": 0.05, ""max_leaf_nodes"": 3}",True,16,16,0.6494915449804172,2,1,1252,313,"{""learning_rate"": 0.05, ""max_leaf_nodes"": 3}","[""H"", ""D"", ""B"", ""P""]"
hgb|history_available|budget=17,hgb,history_available,17,True,H_D_B_P_C,hgb::H_D_B_P_C,hgb::H_D_B_P_C,H_D_B_P_C,"{""learning_rate"": 0.05, ""max_leaf_nodes"": 7}",True,17,17,0.6485505372630941,2,1,1252,313,"{""learning_rate"": 0.05, ""max_leaf_nodes"": 7}","[""H"", ""D"", ""B"", ""P"", ""C""]"
hgb|history_available|budget=18,hgb,history_available,18,True,H_D_B_P_C,hgb::H_D_B_P_C,hgb::H_D_B_P_C,H_D_B_P_C,"{""learning_rate"": 0.05, ""max_leaf_nodes"": 7}",True,17,17,0.6485505372630941,2,1,1252,313,"{""learning_rate"": 0.05, ""max_leaf_nodes"": 7}","[""H"", ""D"", ""B"", ""P"", ""C""]"
hgb|history_available|budget=19,hgb,history_available,19,True,H_D_B_P_C,hgb::H_D_B_P_C,hgb::H_D_B_P_C,H_D_B_P_C,"{""learning_rate"": 0.05, ""max_leaf_nodes"": 7}",True,17,17,0.6485505372630941,2,1,1252,313,"{""learning_rate"": 0.05, ""max_leaf_nodes"": 7}","[""H"", ""D"", ""B"", ""P"", ""C""]"
hgb|history_available|budget=20,hgb,history_available,20,True,H_D_B_P_C,hgb::H_D_B_P_C,hgb::H_D_B_P_C,H_D_B_P_C,"{""learning_rate"": 0.05, ""max_leaf_nodes"": 7}",True,17,17,0.6485505372630941,2,1,1252,313,"{""learning_rate"": 0.05, ""max_leaf_nodes"": 7}","[""H"", ""D"", ""B"", ""P"", ""C""]"
hgb|history_available|budget=21,hgb,history_available,21,True,H_D_B_P_C,hgb::H_D_B_P_C,hgb::H_D_B_P_C,H_D_B_P_C,"{""learning_rate"": 0.05, ""max_leaf_nodes"": 7}",True,17,17,0.6485505372630941,2,1,1252,313,"{""learning_rate"": 0.05, ""max_leaf_nodes"": 7}","[""H"", ""D"", ""B"", ""P"", ""C""]"
hgb|history_available|budget=22,hgb,history_available,22,True,H_D_B_P_C,hgb::H_D_B_P_C,hgb::H_D_B_P_C,H_D_B_P_C,"{""learning_rate"": 0.05, ""max_leaf_nodes"": 7}",True,17,17,0.6485505372630941,2,1,1252,313,"{""learning_rate"": 0.05, ""max_leaf_nodes"": 7}","[""H"", ""D"", ""B"", ""P"", ""C""]"
hgb|history_available|budget=23,hgb,history_available,23,True,H_D_B_P_C,hgb::H_D_B_P_C,hgb::H_D_B_P_C,H_D_B_P_C,"{""learning_rate"": 0.05, ""max_leaf_nodes"": 7}",True,17,17,0.6485505372630941,2,1,1252,313,"{""learning_rate"": 0.05, ""max_leaf_nodes"": 7}","[""H"", ""D"", ""B"", ""P"", ""C""]"
hgb|history_available|budget=24,hgb,history_available,24,True,H_D_B_P_C,hgb::H_D_B_P_C,hgb::H_D_B_P_C,H_D_B_P_C,"{""learning_rate"": 0.05, ""max_leaf_nodes"": 7}",True,17,17,0.6485505372630941,2,1,1252,313,"{""learning_rate"": 0.05, ""max_leaf_nodes"": 7}","[""H"", ""D"", ""B"", ""P"", ""C""]"
hgb|history_available|budget=25,hgb,history_available,25,True,H_D_B_P_C,hgb::H_D_B_P_C,hgb::H_D_B_P_C,H_D_B_P_C,"{""learning_rate"": 0.05, ""max_leaf_nodes"": 7}",True,17,17,0.6485505372630941,2,1,1252,313,"{""learning_rate"": 0.05, ""max_leaf_nodes"": 7}","[""H"", ""D"", ""B"", ""P"", ""C""]"
hgb|history_available|budget=26,hgb,history_available,26,True,H_D_B_P_C,hgb::H_D_B_P_C,hgb::H_D_B_P_C,H_D_B_P_C,"{""learning_rate"": 0.05, ""max_leaf_nodes"": 7}",True,17,17,0.6485505372630941,2,1,1252,313,"{""learning_rate"": 0.05, ""max_leaf_nodes"": 7}","[""H"", ""D"", ""B"", ""P"", ""C""]"
hgb|history_available|budget=27,hgb,history_available,27,True,H_D_B_P_K,hgb::H_D_B_P_K,hgb::H_D_B_P_K,H_D_B_P_K,"{""learning_rate"": 0.05, ""max_leaf_nodes"": 3}",True,27,27,0.6465602947170406,2,1,1252,313,"{""learning_rate"": 0.05, ""max_leaf_nodes"": 3}","[""H"", ""D"", ""B"", ""P"", ""K""]"
hgb|history_available|budget=28,hgb,history_available,28,True,H_D_B_P_C_K,hgb::H_D_B_P_C_K,hgb::H_D_B_P_C_K,H_D_B_P_C_K,"{""learning_rate"": 0.05, ""max_leaf_nodes"": 3}",True,28,28,0.6464934140106523,2,1,1252,313,"{""learning_rate"": 0.05, ""max_leaf_nodes"": 3}","[""H"", ""D"", ""B"", ""P"", ""C"", ""K""]"
hgb|history_available|budget=29,hgb,history_available,29,True,H_D_B_P_C_K,hgb::H_D_B_P_C_K,hgb::H_D_B_P_C_K,H_D_B_P_C_K,"{""learning_rate"": 0.05, ""max_leaf_nodes"": 3}",True,28,28,0.6464934140106523,2,1,1252,313,"{""learning_rate"": 0.05, ""max_leaf_nodes"": 3}","[""H"", ""D"", ""B"", ""P"", ""C"", ""K""]"
hgb|history_available|budget=30,hgb,history_available,30,True,H_D_B_P_C_K,hgb::H_D_B_P_C_K,hgb::H_D_B_P_C_K,H_D_B_P_C_K,"{""learning_rate"": 0.05, ""max_leaf_nodes"": 3}",True,28,28,0.6464934140106523,2,1,1252,313,"{""learning_rate"": 0.05, ""max_leaf_nodes"": 3}","[""H"", ""D"", ""B"", ""P"", ""C"", ""K""]"
hgb|history_unavailable|budget=00,hgb,history_unavailable,0,False,NONE,hgb::NONE,hgb::NONE,NONE,"{""learning_rate"": 0.05, ""max_leaf_nodes"": 3}",False,0,0,0.6853669918199291,2,1,1252,313,"{""learning_rate"": 0.05, ""max_leaf_nodes"": 3}",[]
hgb|history_unavailable|budget=01,hgb,history_unavailable,1,False,B,hgb::B,hgb::B,B,"{""learning_rate"": 0.05, ""max_leaf_nodes"": 3}",False,1,1,0.678666293887759,2,1,1252,313,"{""learning_rate"": 0.05, ""max_leaf_nodes"": 3}","[""B""]"
hgb|history_unavailable|budget=02,hgb,history_unavailable,2,False,B_A,hgb::B_A,hgb::B_A,B_A,"{""learning_rate"": 0.05, ""max_leaf_nodes"": 3}",False,2,2,0.6763295284663057,2,1,1252,313,"{""learning_rate"": 0.05, ""max_leaf_nodes"": 3}","[""B"", ""A""]"
hgb|history_unavailable|budget=03,hgb,history_unavailable,3,False,B_A,hgb::B_A,hgb::B_A,B_A,"{""learning_rate"": 0.05, ""max_leaf_nodes"": 3}",False,2,2,0.6763295284663057,2,1,1252,313,"{""learning_rate"": 0.05, ""max_leaf_nodes"": 3}","[""B"", ""A""]"
hgb|history_unavailable|budget=04,hgb,history_unavailable,4,False,D,hgb::D,hgb::D,D,"{""learning_rate"": 0.05, ""max_leaf_nodes"": 3}",False,4,4,0.6750641194916566,2,1,1252,313,"{""learning_rate"": 0.05, ""max_leaf_nodes"": 3}","[""D""]"
hgb|history_unavailable|budget=05,hgb,history_unavailable,5,False,D_B,hgb::D_B,hgb::D_B,D_B,"{""learning_rate"": 0.05, ""max_leaf_nodes"": 3}",False,5,5,0.6698037880469223,2,1,1252,313,"{""learning_rate"": 0.05, ""max_leaf_nodes"": 3}","[""D"", ""B""]"
hgb|history_unavailable|budget=06,hgb,history_unavailable,6,False,D_B_C,hgb::D_B_C,hgb::D_B_C,D_B_C,"{""learning_rate"": 0.05, ""max_leaf_nodes"": 7}",False,6,6,0.6674105597529852,2,1,1252,313,"{""learning_rate"": 0.05, ""max_leaf_nodes"": 7}","[""D"", ""B"", ""C""]"
hgb|history_unavailable|budget=07,hgb,history_unavailable,7,False,D_B_C,hgb::D_B_C,hgb::D_B_C,D_B_C,"{""learning_rate"": 0.05, ""max_leaf_nodes"": 7}",False,6,6,0.6674105597529852,2,1,1252,313,"{""learning_rate"": 0.05, ""max_leaf_nodes"": 7}","[""D"", ""B"", ""C""]"
hgb|history_unavailable|budget=08,hgb,history_unavailable,8,False,D_B_C,hgb::D_B_C,hgb::D_B_C,D_B_C,"{""learning_rate"": 0.05, ""max_leaf_nodes"": 7}",False,6,6,0.6674105597529852,2,1,1252,313,"{""learning_rate"": 0.05, ""max_leaf_nodes"": 7}","[""D"", ""B"", ""C""]"
hgb|history_unavailable|budget=09,hgb,history_unavailable,9,False,D_B_C,hgb::D_B_C,hgb::D_B_C,D_B_C,"{""learning_rate"": 0.05, ""max_leaf_nodes"": 7}",False,6,6,0.6674105597529852,2,1,1252,313,"{""learning_rate"": 0.05, ""max_leaf_nodes"": 7}","[""D"", ""B"", ""C""]"
hgb|history_unavailable|budget=10,hgb,history_unavailable,10,False,D_B_C,hgb::D_B_C,hgb::D_B_C,D_B_C,"{""learning_rate"": 0.05, ""max_leaf_nodes"": 7}",False,6,6,0.6674105597529852,2,1,1252,313,"{""learning_rate"": 0.05, ""max_leaf_nodes"": 7}","[""D"", ""B"", ""C""]"
hgb|history_unavailable|budget=11,hgb,history_unavailable,11,False,D_B_C,hgb::D_B_C,hgb::D_B_C,D_B_C,"{""learning_rate"": 0.05, ""max_leaf_nodes"": 7}",False,6,6,0.6674105597529852,2,1,1252,313,"{""learning_rate"": 0.05, ""max_leaf_nodes"": 7}","[""D"", ""B"", ""C""]"
hgb|history_unavailable|budget=12,hgb,history_unavailable,12,False,D_B_C,hgb::D_B_C,hgb::D_B_C,D_B_C,"{""learning_rate"": 0.05, ""max_leaf_nodes"": 7}",False,6,6,0.6674105597529852,2,1,1252,313,"{""learning_rate"": 0.05, ""max_leaf_nodes"": 7}","[""D"", ""B"", ""C""]"
hgb|history_unavailable|budget=13,hgb,history_unavailable,13,False,B_A_K,hgb::B_A_K,hgb::B_A_K,B_A_K,"{""learning_rate"": 0.05, ""max_leaf_nodes"": 3}",False,13,13,0.666258932991513,2,1,1252,313,"{""learning_rate"": 0.05, ""max_leaf_nodes"": 3}","[""B"", ""A"", ""K""]"
hgb|history_unavailable|budget=14,hgb,history_unavailable,14,False,B_A_K,hgb::B_A_K,hgb::B_A_K,B_A_K,"{""learning_rate"": 0.05, ""max_leaf_nodes"": 3}",False,13,13,0.666258932991513,2,1,1252,313,"{""learning_rate"": 0.05, ""max_leaf_nodes"": 3}","[""B"", ""A"", ""K""]"
hgb|history_unavailable|budget=15,hgb,history_unavailable,15,False,D_P,hgb::D_P,hgb::D_P,D_P,"{""learning_rate"": 0.05, ""max_leaf_nodes"": 7}",False,15,15,0.6647880689560094,2,1,1252,313,"{""learning_rate"": 0.05, ""max_leaf_nodes"": 7}","[""D"", ""P""]"
hgb|history_unavailable|budget=16,hgb,history_unavailable,16,False,D_B_P,hgb::D_B_P,hgb::D_B_P,D_B_P,"{""learning_rate"": 0.05, ""max_leaf_nodes"": 3}",False,16,16,0.6596746226413245,2,1,1252,313,"{""learning_rate"": 0.05, ""max_leaf_nodes"": 3}","[""D"", ""B"", ""P""]"
hgb|history_unavailable|budget=17,hgb,history_unavailable,17,False,D_B_P_C,hgb::D_B_P_C,hgb::D_B_P_C,D_B_P_C,"{""learning_rate"": 0.05, ""max_leaf_nodes"": 3}",False,17,17,0.6588455621080155,2,1,1252,313,"{""learning_rate"": 0.05, ""max_leaf_nodes"": 3}","[""D"", ""B"", ""P"", ""C""]"
hgb|history_unavailable|budget=18,hgb,history_unavailable,18,False,D_B_P_C,hgb::D_B_P_C,hgb::D_B_P_C,D_B_P_C,"{""learning_rate"": 0.05, ""max_leaf_nodes"": 3}",False,17,17,0.6588455621080155,2,1,1252,313,"{""learning_rate"": 0.05, ""max_leaf_nodes"": 3}","[""D"", ""B"", ""P"", ""C""]"
hgb|history_unavailable|budget=19,hgb,history_unavailable,19,False,D_B_P_C,hgb::D_B_P_C,hgb::D_B_P_C,D_B_P_C,"{""learning_rate"": 0.05, ""max_leaf_nodes"": 3}",False,17,17,0.6588455621080155,2,1,1252,313,"{""learning_rate"": 0.05, ""max_leaf_nodes"": 3}","[""D"", ""B"", ""P"", ""C""]"
hgb|history_unavailable|budget=20,hgb,history_unavailable,20,False,D_B_P_C,hgb::D_B_P_C,hgb::D_B_P_C,D_B_P_C,"{""learning_rate"": 0.05, ""max_leaf_nodes"": 3}",False,17,17,0.6588455621080155,2,1,1252,313,"{""learning_rate"": 0.05, ""max_leaf_nodes"": 3}","[""D"", ""B"", ""P"", ""C""]"
hgb|history_unavailable|budget=21,hgb,history_unavailable,21,False,D_B_P_C,hgb::D_B_P_C,hgb::D_B_P_C,D_B_P_C,"{""learning_rate"": 0.05, ""max_leaf_nodes"": 3}",False,17,17,0.6588455621080155,2,1,1252,313,"{""learning_rate"": 0.05, ""max_leaf_nodes"": 3}","[""D"", ""B"", ""P"", ""C""]"
hgb|history_unavailable|budget=22,hgb,history_unavailable,22,False,D_B_P_C,hgb::D_B_P_C,hgb::D_B_P_C,D_B_P_C,"{""learning_rate"": 0.05, ""max_leaf_nodes"": 3}",False,17,17,0.6588455621080155,2,1,1252,313,"{""learning_rate"": 0.05, ""max_leaf_nodes"": 3}","[""D"", ""B"", ""P"", ""C""]"
hgb|history_unavailable|budget=23,hgb,history_unavailable,23,False,D_B_P_C,hgb::D_B_P_C,hgb::D_B_P_C,D_B_P_C,"{""learning_rate"": 0.05, ""max_leaf_nodes"": 3}",False,17,17,0.6588455621080155,2,1,1252,313,"{""learning_rate"": 0.05, ""max_leaf_nodes"": 3}","[""D"", ""B"", ""P"", ""C""]"
hgb|history_unavailable|budget=24,hgb,history_unavailable,24,False,D_B_P_C,hgb::D_B_P_C,hgb::D_B_P_C,D_B_P_C,"{""learning_rate"": 0.05, ""max_leaf_nodes"": 3}",False,17,17,0.6588455621080155,2,1,1252,313,"{""learning_rate"": 0.05, ""max_leaf_nodes"": 3}","[""D"", ""B"", ""P"", ""C""]"
hgb|history_unavailable|budget=25,hgb,history_unavailable,25,False,D_B_P_C,hgb::D_B_P_C,hgb::D_B_P_C,D_B_P_C,"{""learning_rate"": 0.05, ""max_leaf_nodes"": 3}",False,17,17,0.6588455621080155,2,1,1252,313,"{""learning_rate"": 0.05, ""max_leaf_nodes"": 3}","[""D"", ""B"", ""P"", ""C""]"
hgb|history_unavailable|budget=26,hgb,history_unavailable,26,False,D_P_K,hgb::D_P_K,hgb::D_P_K,D_P_K,"{""learning_rate"": 0.05, ""max_leaf_nodes"": 7}",False,26,26,0.6552254349041587,2,1,1252,313,"{""learning_rate"": 0.05, ""max_leaf_nodes"": 7}","[""D"", ""P"", ""K""]"
hgb|history_unavailable|budget=27,hgb,history_unavailable,27,False,D_B_P_K,hgb::D_B_P_K,hgb::D_B_P_K,D_B_P_K,"{""learning_rate"": 0.05, ""max_leaf_nodes"": 7}",False,27,27,0.652658113884119,2,1,1252,313,"{""learning_rate"": 0.05, ""max_leaf_nodes"": 7}","[""D"", ""B"", ""P"", ""K""]"
hgb|history_unavailable|budget=28,hgb,history_unavailable,28,False,D_B_P_C_K,hgb::D_B_P_C_K,hgb::D_B_P_C_K,D_B_P_C_K,"{""learning_rate"": 0.05, ""max_leaf_nodes"": 7}",False,28,28,0.6506847952964017,2,1,1252,313,"{""learning_rate"": 0.05, ""max_leaf_nodes"": 7}","[""D"", ""B"", ""P"", ""C"", ""K""]"
hgb|history_unavailable|budget=29,hgb,history_unavailable,29,False,D_B_P_C_K,hgb::D_B_P_C_K,hgb::D_B_P_C_K,D_B_P_C_K,"{""learning_rate"": 0.05, ""max_leaf_nodes"": 7}",False,28,28,0.6506847952964017,2,1,1252,313,"{""learning_rate"": 0.05, ""max_leaf_nodes"": 7}","[""D"", ""B"", ""P"", ""C"", ""K""]"
hgb|history_unavailable|budget=30,hgb,history_unavailable,30,False,D_B_P_C_K,hgb::D_B_P_C_K,hgb::D_B_P_C_K,D_B_P_C_K,"{""learning_rate"": 0.05, ""max_leaf_nodes"": 7}",False,28,28,0.6506847952964017,2,1,1252,313,"{""learning_rate"": 0.05, ""max_leaf_nodes"": 7}","[""D"", ""B"", ""P"", ""C"", ""K""]"
ridge|history_available|budget=00,ridge,history_available,0,True,P0,P0,P0,P0,null,True,0,0,0.6644652966000225,2,2,1252,313,null,"[""H""]"
ridge|history_available|budget=01,ridge,history_available,1,True,H_B,ridge::H_B,ridge::H_B,H_B,0.1,True,1,1,0.6603053655409176,2,2,1252,313,0.1,"[""H"", ""B""]"
ridge|history_available|budget=02,ridge,history_available,2,True,H_B_A,ridge::H_B_A,ridge::H_B_A,H_B_A,0.1,True,2,2,0.6596407390672302,2,2,1252,313,0.1,"[""H"", ""B"", ""A""]"
ridge|history_available|budget=03,ridge,history_available,3,True,H_B_A,ridge::H_B_A,ridge::H_B_A,H_B_A,0.1,True,2,2,0.6596407390672302,2,2,1252,313,0.1,"[""H"", ""B"", ""A""]"
ridge|history_available|budget=04,ridge,history_available,4,True,H_D,ridge::H_D,ridge::H_D,H_D,0.1,True,4,4,0.6489556384311532,2,2,1252,313,0.1,"[""H"", ""D""]"
ridge|history_available|budget=05,ridge,history_available,5,True,H_D_B,ridge::H_D_B,ridge::H_D_B,H_D_B,0.1,True,5,5,0.646734355658715,2,2,1252,313,0.1,"[""H"", ""D"", ""B""]"
ridge|history_available|budget=06,ridge,history_available,6,True,H_D_B_A,ridge::H_D_B_A,ridge::H_D_B_A,H_D_B_A,0.1,True,6,6,0.6459063189001778,2,2,1252,313,0.1,"[""H"", ""D"", ""B"", ""A""]"
ridge|history_available|budget=07,ridge,history_available,7,True,H_D_B_A,ridge::H_D_B_A,ridge::H_D_B_A,H_D_B_A,0.1,True,6,6,0.6459063189001778,2,2,1252,313,0.1,"[""H"", ""D"", ""B"", ""A""]"
ridge|history_available|budget=08,ridge,history_available,8,True,H_D_B_A,ridge::H_D_B_A,ridge::H_D_B_A,H_D_B_A,0.1,True,6,6,0.6459063189001778,2,2,1252,313,0.1,"[""H"", ""D"", ""B"", ""A""]"
ridge|history_available|budget=09,ridge,history_available,9,True,H_D_B_A,ridge::H_D_B_A,ridge::H_D_B_A,H_D_B_A,0.1,True,6,6,0.6459063189001778,2,2,1252,313,0.1,"[""H"", ""D"", ""B"", ""A""]"
ridge|history_available|budget=10,ridge,history_available,10,True,H_D_B_A,ridge::H_D_B_A,ridge::H_D_B_A,H_D_B_A,0.1,True,6,6,0.6459063189001778,2,2,1252,313,0.1,"[""H"", ""D"", ""B"", ""A""]"
ridge|history_available|budget=11,ridge,history_available,11,True,H_D_B_A,ridge::H_D_B_A,ridge::H_D_B_A,H_D_B_A,0.1,True,6,6,0.6459063189001778,2,2,1252,313,0.1,"[""H"", ""D"", ""B"", ""A""]"
ridge|history_available|budget=12,ridge,history_available,12,True,H_D_B_A,ridge::H_D_B_A,ridge::H_D_B_A,H_D_B_A,0.1,True,6,6,0.6459063189001778,2,2,1252,313,0.1,"[""H"", ""D"", ""B"", ""A""]"
ridge|history_available|budget=13,ridge,history_available,13,True,H_B_A_K,ridge::H_B_A_K,ridge::H_B_A_K,H_B_A_K,0.1,True,13,13,0.6454760174863408,2,2,1252,313,0.1,"[""H"", ""B"", ""A"", ""K""]"
ridge|history_available|budget=14,ridge,history_available,14,True,H_B_M_A_K,ridge::H_B_M_A_K,ridge::H_B_M_A_K,H_B_M_A_K,0.1,True,14,14,0.6452696893290265,2,2,1252,313,0.1,"[""H"", ""B"", ""M"", ""A"", ""K""]"
ridge|history_available|budget=15,ridge,history_available,15,True,H_D_K,ridge::H_D_K,ridge::H_D_K,H_D_K,0.1,True,15,15,0.6401257523579784,2,2,1252,313,0.1,"[""H"", ""D"", ""K""]"
ridge|history_available|budget=16,ridge,history_available,16,True,H_D_B_K,ridge::H_D_B_K,ridge::H_D_B_K,H_D_B_K,0.1,True,16,16,0.6386672379166137,2,2,1252,313,0.1,"[""H"", ""D"", ""B"", ""K""]"
ridge|history_available|budget=17,ridge,history_available,17,True,H_D_B_A_K,ridge::H_D_B_A_K,ridge::H_D_B_A_K,H_D_B_A_K,0.1,True,17,17,0.6379891374879261,2,2,1252,313,0.1,"[""H"", ""D"", ""B"", ""A"", ""K""]"
ridge|history_available|budget=18,ridge,history_available,18,True,H_D_B_A_K,ridge::H_D_B_A_K,ridge::H_D_B_A_K,H_D_B_A_K,0.1,True,17,17,0.6379891374879261,2,2,1252,313,0.1,"[""H"", ""D"", ""B"", ""A"", ""K""]"
ridge|history_available|budget=19,ridge,history_available,19,True,H_D_B_A_K,ridge::H_D_B_A_K,ridge::H_D_B_A_K,H_D_B_A_K,0.1,True,17,17,0.6379891374879261,2,2,1252,313,0.1,"[""H"", ""D"", ""B"", ""A"", ""K""]"
ridge|history_available|budget=20,ridge,history_available,20,True,H_D_B_A_K,ridge::H_D_B_A_K,ridge::H_D_B_A_K,H_D_B_A_K,0.1,True,17,17,0.6379891374879261,2,2,1252,313,0.1,"[""H"", ""D"", ""B"", ""A"", ""K""]"
ridge|history_available|budget=21,ridge,history_available,21,True,H_D_B_A_K,ridge::H_D_B_A_K,ridge::H_D_B_A_K,H_D_B_A_K,0.1,True,17,17,0.6379891374879261,2,2,1252,313,0.1,"[""H"", ""D"", ""B"", ""A"", ""K""]"
ridge|history_available|budget=22,ridge,history_available,22,True,H_D_B_A_K,ridge::H_D_B_A_K,ridge::H_D_B_A_K,H_D_B_A_K,0.1,True,17,17,0.6379891374879261,2,2,1252,313,0.1,"[""H"", ""D"", ""B"", ""A"", ""K""]"
ridge|history_available|budget=23,ridge,history_available,23,True,H_D_B_A_K,ridge::H_D_B_A_K,ridge::H_D_B_A_K,H_D_B_A_K,0.1,True,17,17,0.6379891374879261,2,2,1252,313,0.1,"[""H"", ""D"", ""B"", ""A"", ""K""]"
ridge|history_available|budget=24,ridge,history_available,24,True,H_D_B_A_K,ridge::H_D_B_A_K,ridge::H_D_B_A_K,H_D_B_A_K,0.1,True,17,17,0.6379891374879261,2,2,1252,313,0.1,"[""H"", ""D"", ""B"", ""A"", ""K""]"
ridge|history_available|budget=25,ridge,history_available,25,True,H_D_B_A_K,ridge::H_D_B_A_K,ridge::H_D_B_A_K,H_D_B_A_K,0.1,True,17,17,0.6379891374879261,2,2,1252,313,0.1,"[""H"", ""D"", ""B"", ""A"", ""K""]"
ridge|history_available|budget=26,ridge,history_available,26,True,H_D_B_A_K,ridge::H_D_B_A_K,ridge::H_D_B_A_K,H_D_B_A_K,0.1,True,17,17,0.6379891374879261,2,2,1252,313,0.1,"[""H"", ""D"", ""B"", ""A"", ""K""]"
ridge|history_available|budget=27,ridge,history_available,27,True,H_D_B_P_K,ridge::H_D_B_P_K,ridge::H_D_B_P_K,H_D_B_P_K,0.1,True,27,27,0.6377826871002735,2,2,1252,313,0.1,"[""H"", ""D"", ""B"", ""P"", ""K""]"
ridge|history_available|budget=28,ridge,history_available,28,True,H_D_B_P_A_K,ridge::H_D_B_P_A_K,ridge::H_D_B_P_A_K,H_D_B_P_A_K,0.1,True,28,28,0.6371510682325288,2,2,1252,313,0.1,"[""H"", ""D"", ""B"", ""P"", ""A"", ""K""]"
ridge|history_available|budget=29,ridge,history_available,29,True,H_D_B_P_A_K,ridge::H_D_B_P_A_K,ridge::H_D_B_P_A_K,H_D_B_P_A_K,0.1,True,28,28,0.6371510682325288,2,2,1252,313,0.1,"[""H"", ""D"", ""B"", ""P"", ""A"", ""K""]"
ridge|history_available|budget=30,ridge,history_available,30,True,H_D_B_P_A_K,ridge::H_D_B_P_A_K,ridge::H_D_B_P_A_K,H_D_B_P_A_K,0.1,True,28,28,0.6371510682325288,2,2,1252,313,0.1,"[""H"", ""D"", ""B"", ""P"", ""A"", ""K""]"
ridge|history_unavailable|budget=00,ridge,history_unavailable,0,False,NONE,ridge::NONE,ridge::NONE,NONE,0.001,False,0,0,0.6853669918199292,2,2,1252,313,0.001,[]
ridge|history_unavailable|budget=01,ridge,history_unavailable,1,False,B,ridge::B,ridge::B,B,0.1,False,1,1,0.6781187371066505,2,2,1252,313,0.1,"[""B""]"
ridge|history_unavailable|budget=02,ridge,history_unavailable,2,False,B_A,ridge::B_A,ridge::B_A,B_A,0.1,False,2,2,0.6752681566860306,2,2,1252,313,0.1,"[""B"", ""A""]"
ridge|history_unavailable|budget=03,ridge,history_unavailable,3,False,B_A,ridge::B_A,ridge::B_A,B_A,0.1,False,2,2,0.6752681566860306,2,2,1252,313,0.1,"[""B"", ""A""]"
ridge|history_unavailable|budget=04,ridge,history_unavailable,4,False,D,ridge::D,ridge::D,D,0.1,False,4,4,0.6679357269037259,2,2,1252,313,0.1,"[""D""]"
ridge|history_unavailable|budget=05,ridge,history_unavailable,5,False,D_B,ridge::D_B,ridge::D_B,D_B,0.1,False,5,5,0.6636962208414672,2,2,1252,313,0.1,"[""D"", ""B""]"
ridge|history_unavailable|budget=06,ridge,history_unavailable,6,False,D_B_A,ridge::D_B_A,ridge::D_B_A,D_B_A,0.1,False,6,6,0.6610052900448345,2,2,1252,313,0.1,"[""D"", ""B"", ""A""]"
ridge|history_unavailable|budget=07,ridge,history_unavailable,7,False,D_B_A,ridge::D_B_A,ridge::D_B_A,D_B_A,0.1,False,6,6,0.6610052900448345,2,2,1252,313,0.1,"[""D"", ""B"", ""A""]"
ridge|history_unavailable|budget=08,ridge,history_unavailable,8,False,D_B_A,ridge::D_B_A,ridge::D_B_A,D_B_A,0.1,False,6,6,0.6610052900448345,2,2,1252,313,0.1,"[""D"", ""B"", ""A""]"
ridge|history_unavailable|budget=09,ridge,history_unavailable,9,False,D_B_A,ridge::D_B_A,ridge::D_B_A,D_B_A,0.1,False,6,6,0.6610052900448345,2,2,1252,313,0.1,"[""D"", ""B"", ""A""]"
ridge|history_unavailable|budget=10,ridge,history_unavailable,10,False,D_B_A,ridge::D_B_A,ridge::D_B_A,D_B_A,0.1,False,6,6,0.6610052900448345,2,2,1252,313,0.1,"[""D"", ""B"", ""A""]"
ridge|history_unavailable|budget=11,ridge,history_unavailable,11,False,D_B_A,ridge::D_B_A,ridge::D_B_A,D_B_A,0.1,False,6,6,0.6610052900448345,2,2,1252,313,0.1,"[""D"", ""B"", ""A""]"
ridge|history_unavailable|budget=12,ridge,history_unavailable,12,False,D_B_A,ridge::D_B_A,ridge::D_B_A,D_B_A,0.1,False,6,6,0.6610052900448345,2,2,1252,313,0.1,"[""D"", ""B"", ""A""]"
ridge|history_unavailable|budget=13,ridge,history_unavailable,13,False,B_A_K,ridge::B_A_K,ridge::B_A_K,B_A_K,0.1,False,13,13,0.6585512661965414,2,2,1252,313,0.1,"[""B"", ""A"", ""K""]"
ridge|history_unavailable|budget=14,ridge,history_unavailable,14,False,B_A_K,ridge::B_A_K,ridge::B_A_K,B_A_K,0.1,False,13,13,0.6585512661965414,2,2,1252,313,0.1,"[""B"", ""A"", ""K""]"
ridge|history_unavailable|budget=15,ridge,history_unavailable,15,False,D_K,ridge::D_K,ridge::D_K,D_K,0.1,False,15,15,0.6561489046697674,2,2,1252,313,0.1,"[""D"", ""K""]"
ridge|history_unavailable|budget=16,ridge,history_unavailable,16,False,D_B_K,ridge::D_B_K,ridge::D_B_K,D_B_K,0.1,False,16,16,0.6531532031647936,2,2,1252,313,0.1,"[""D"", ""B"", ""K""]"
ridge|history_unavailable|budget=17,ridge,history_unavailable,17,False,D_B_A_K,ridge::D_B_A_K,ridge::D_B_A_K,D_B_A_K,0.1,False,17,17,0.6507335024347467,2,2,1252,313,0.1,"[""D"", ""B"", ""A"", ""K""]"
ridge|history_unavailable|budget=18,ridge,history_unavailable,18,False,D_B_A_K,ridge::D_B_A_K,ridge::D_B_A_K,D_B_A_K,0.1,False,17,17,0.6507335024347467,2,2,1252,313,0.1,"[""D"", ""B"", ""A"", ""K""]"
ridge|history_unavailable|budget=19,ridge,history_unavailable,19,False,D_B_A_K,ridge::D_B_A_K,ridge::D_B_A_K,D_B_A_K,0.1,False,17,17,0.6507335024347467,2,2,1252,313,0.1,"[""D"", ""B"", ""A"", ""K""]"
ridge|history_unavailable|budget=20,ridge,history_unavailable,20,False,D_B_A_K,ridge::D_B_A_K,ridge::D_B_A_K,D_B_A_K,0.1,False,17,17,0.6507335024347467,2,2,1252,313,0.1,"[""D"", ""B"", ""A"", ""K""]"
ridge|history_unavailable|budget=21,ridge,history_unavailable,21,False,D_B_A_K,ridge::D_B_A_K,ridge::D_B_A_K,D_B_A_K,0.1,False,17,17,0.6507335024347467,2,2,1252,313,0.1,"[""D"", ""B"", ""A"", ""K""]"
ridge|history_unavailable|budget=22,ridge,history_unavailable,22,False,D_B_A_K,ridge::D_B_A_K,ridge::D_B_A_K,D_B_A_K,0.1,False,17,17,0.6507335024347467,2,2,1252,313,0.1,"[""D"", ""B"", ""A"", ""K""]"
ridge|history_unavailable|budget=23,ridge,history_unavailable,23,False,D_B_A_K,ridge::D_B_A_K,ridge::D_B_A_K,D_B_A_K,0.1,False,17,17,0.6507335024347467,2,2,1252,313,0.1,"[""D"", ""B"", ""A"", ""K""]"
ridge|history_unavailable|budget=24,ridge,history_unavailable,24,False,D_B_A_K,ridge::D_B_A_K,ridge::D_B_A_K,D_B_A_K,0.1,False,17,17,0.6507335024347467,2,2,1252,313,0.1,"[""D"", ""B"", ""A"", ""K""]"
ridge|history_unavailable|budget=25,ridge,history_unavailable,25,False,D_B_A_K,ridge::D_B_A_K,ridge::D_B_A_K,D_B_A_K,0.1,False,17,17,0.6507335024347467,2,2,1252,313,0.1,"[""D"", ""B"", ""A"", ""K""]"
ridge|history_unavailable|budget=26,ridge,history_unavailable,26,False,D_B_A_K,ridge::D_B_A_K,ridge::D_B_A_K,D_B_A_K,0.1,False,17,17,0.6507335024347467,2,2,1252,313,0.1,"[""D"", ""B"", ""A"", ""K""]"
ridge|history_unavailable|budget=27,ridge,history_unavailable,27,False,D_B_A_K,ridge::D_B_A_K,ridge::D_B_A_K,D_B_A_K,0.1,False,17,17,0.6507335024347467,2,2,1252,313,0.1,"[""D"", ""B"", ""A"", ""K""]"
ridge|history_unavailable|budget=28,ridge,history_unavailable,28,False,D_B_P_A_K,ridge::D_B_P_A_K,ridge::D_B_P_A_K,D_B_P_A_K,0.1,False,28,28,0.6496768322445327,2,2,1252,313,0.1,"[""D"", ""B"", ""P"", ""A"", ""K""]"
ridge|history_unavailable|budget=29,ridge,history_unavailable,29,False,D_B_P_A_K,ridge::D_B_P_A_K,ridge::D_B_P_A_K,D_B_P_A_K,0.1,False,28,28,0.6496768322445327,2,2,1252,313,0.1,"[""D"", ""B"", ""P"", ""A"", ""K""]"
ridge|history_unavailable|budget=30,ridge,history_unavailable,30,False,D_B_P_A_K,ridge::D_B_P_A_K,ridge::D_B_P_A_K,D_B_P_A_K,0.1,False,28,28,0.6496768322445327,2,2,1252,313,0.1,"[""D"", ""B"", ""P"", ""A"", ""K""]"
hgb|history_available|budget=00,hgb,history_available,0,True,H,hgb::H,hgb::H,H,"{""learning_rate"": 0.05, ""max_leaf_nodes"": 3}",True,0,0,0.6644642658221247,2,2,1252,313,"{""learning_rate"": 0.05, ""max_leaf_nodes"": 3}","[""H""]"
hgb|history_available|budget=01,hgb,history_available,1,True,H_B,hgb::H_B,hgb::H_B,H_B,"{""learning_rate"": 0.05, ""max_leaf_nodes"": 3}",True,1,1,0.6589679820766338,2,2,1252,313,"{""learning_rate"": 0.05, ""max_leaf_nodes"": 3}","[""H"", ""B""]"
hgb|history_available|budget=02,hgb,history_available,2,True,H_M_A,hgb::H_M_A,hgb::H_M_A,H_M_A,"{""learning_rate"": 0.05, ""max_leaf_nodes"": 7}",True,2,2,0.6573837103287464,2,2,1252,313,"{""learning_rate"": 0.05, ""max_leaf_nodes"": 7}","[""H"", ""M"", ""A""]"
hgb|history_available|budget=03,hgb,history_available,3,True,H_B_M_A,hgb::H_B_M_A,hgb::H_B_M_A,H_B_M_A,"{""learning_rate"": 0.05, ""max_leaf_nodes"": 3}",True,3,3,0.657046248205488,2,2,1252,313,"{""learning_rate"": 0.05, ""max_leaf_nodes"": 3}","[""H"", ""B"", ""M"", ""A""]"
hgb|history_available|budget=04,hgb,history_available,4,True,H_D,hgb::H_D,hgb::H_D,H_D,"{""learning_rate"": 0.05, ""max_leaf_nodes"": 3}",True,4,4,0.6562758392945314,2,2,1252,313,"{""learning_rate"": 0.05, ""max_leaf_nodes"": 3}","[""H"", ""D""]"
hgb|history_available|budget=05,hgb,history_available,5,True,H_D_B,hgb::H_D_B,hgb::H_D_B,H_D_B,"{""learning_rate"": 0.05, ""max_leaf_nodes"": 3}",True,5,5,0.6513320091923832,2,2,1252,313,"{""learning_rate"": 0.05, ""max_leaf_nodes"": 3}","[""H"", ""D"", ""B""]"
hgb|history_available|budget=06,hgb,history_available,6,True,H_D_B_M,hgb::H_D_B_M,hgb::H_D_B_M,H_D_B_M,"{""learning_rate"": 0.05, ""max_leaf_nodes"": 7}",True,6,6,0.6500091249807806,2,2,1252,313,"{""learning_rate"": 0.05, ""max_leaf_nodes"": 7}","[""H"", ""D"", ""B"", ""M""]"
hgb|history_available|budget=07,hgb,history_available,7,True,H_D_B_M_A,hgb::H_D_B_M_A,hgb::H_D_B_M_A,H_D_B_M_A,"{""learning_rate"": 0.05, ""max_leaf_nodes"": 7}",True,7,7,0.6479875620436064,2,2,1252,313,"{""learning_rate"": 0.05, ""max_leaf_nodes"": 7}","[""H"", ""D"", ""B"", ""M"", ""A""]"
hgb|history_available|budget=08,hgb,history_available,8,True,H_D_B_M_A,hgb::H_D_B_M_A,hgb::H_D_B_M_A,H_D_B_M_A,"{""learning_rate"": 0.05, ""max_leaf_nodes"": 7}",True,7,7,0.6479875620436064,2,2,1252,313,"{""learning_rate"": 0.05, ""max_leaf_nodes"": 7}","[""H"", ""D"", ""B"", ""M"", ""A""]"
hgb|history_available|budget=09,hgb,history_available,9,True,H_D_B_M_A,hgb::H_D_B_M_A,hgb::H_D_B_M_A,H_D_B_M_A,"{""learning_rate"": 0.05, ""max_leaf_nodes"": 7}",True,7,7,0.6479875620436064,2,2,1252,313,"{""learning_rate"": 0.05, ""max_leaf_nodes"": 7}","[""H"", ""D"", ""B"", ""M"", ""A""]"
hgb|history_available|budget=10,hgb,history_available,10,True,H_D_B_M_A,hgb::H_D_B_M_A,hgb::H_D_B_M_A,H_D_B_M_A,"{""learning_rate"": 0.05, ""max_leaf_nodes"": 7}",True,7,7,0.6479875620436064,2,2,1252,313,"{""learning_rate"": 0.05, ""max_leaf_nodes"": 7}","[""H"", ""D"", ""B"", ""M"", ""A""]"
hgb|history_available|budget=11,hgb,history_available,11,True,H_D_B_M_A,hgb::H_D_B_M_A,hgb::H_D_B_M_A,H_D_B_M_A,"{""learning_rate"": 0.05, ""max_leaf_nodes"": 7}",True,7,7,0.6479875620436064,2,2,1252,313,"{""learning_rate"": 0.05, ""max_leaf_nodes"": 7}","[""H"", ""D"", ""B"", ""M"", ""A""]"
hgb|history_available|budget=12,hgb,history_available,12,True,H_D_B_M_A,hgb::H_D_B_M_A,hgb::H_D_B_M_A,H_D_B_M_A,"{""learning_rate"": 0.05, ""max_leaf_nodes"": 7}",True,7,7,0.6479875620436064,2,2,1252,313,"{""learning_rate"": 0.05, ""max_leaf_nodes"": 7}","[""H"", ""D"", ""B"", ""M"", ""A""]"
hgb|history_available|budget=13,hgb,history_available,13,True,H_D_B_M_A,hgb::H_D_B_M_A,hgb::H_D_B_M_A,H_D_B_M_A,"{""learning_rate"": 0.05, ""max_leaf_nodes"": 7}",True,7,7,0.6479875620436064,2,2,1252,313,"{""learning_rate"": 0.05, ""max_leaf_nodes"": 7}","[""H"", ""D"", ""B"", ""M"", ""A""]"
hgb|history_available|budget=14,hgb,history_available,14,True,H_D_B_M_A,hgb::H_D_B_M_A,hgb::H_D_B_M_A,H_D_B_M_A,"{""learning_rate"": 0.05, ""max_leaf_nodes"": 7}",True,7,7,0.6479875620436064,2,2,1252,313,"{""learning_rate"": 0.05, ""max_leaf_nodes"": 7}","[""H"", ""D"", ""B"", ""M"", ""A""]"
hgb|history_available|budget=15,hgb,history_available,15,True,H_D_K,hgb::H_D_K,hgb::H_D_K,H_D_K,"{""learning_rate"": 0.05, ""max_leaf_nodes"": 3}",True,15,15,0.6434079383046036,2,2,1252,313,"{""learning_rate"": 0.05, ""max_leaf_nodes"": 3}","[""H"", ""D"", ""K""]"
hgb|history_available|budget=16,hgb,history_available,16,True,H_D_A_K,hgb::H_D_A_K,hgb::H_D_A_K,H_D_A_K,"{""learning_rate"": 0.05, ""max_leaf_nodes"": 7}",True,16,16,0.6413680607180218,2,2,1252,313,"{""learning_rate"": 0.05, ""max_leaf_nodes"": 7}","[""H"", ""D"", ""A"", ""K""]"
hgb|history_available|budget=17,hgb,history_available,17,True,H_D_M_C_K,hgb::H_D_M_C_K,hgb::H_D_M_C_K,H_D_M_C_K,"{""learning_rate"": 0.05, ""max_leaf_nodes"": 7}",True,17,17,0.6379415835963042,2,2,1252,313,"{""learning_rate"": 0.05, ""max_leaf_nodes"": 7}","[""H"", ""D"", ""M"", ""C"", ""K""]"
hgb|history_available|budget=18,hgb,history_available,18,True,H_D_B_M_A_K,hgb::H_D_B_M_A_K,hgb::H_D_B_M_A_K,H_D_B_M_A_K,"{""learning_rate"": 0.05, ""max_leaf_nodes"": 7}",True,18,18,0.6374744878744528,2,2,1252,313,"{""learning_rate"": 0.05, ""max_leaf_nodes"": 7}","[""H"", ""D"", ""B"", ""M"", ""A"", ""K""]"
hgb|history_available|budget=19,hgb,history_available,19,True,H_D_B_M_A_K,hgb::H_D_B_M_A_K,hgb::H_D_B_M_A_K,H_D_B_M_A_K,"{""learning_rate"": 0.05, ""max_leaf_nodes"": 7}",True,18,18,0.6374744878744528,2,2,1252,313,"{""learning_rate"": 0.05, ""max_leaf_nodes"": 7}","[""H"", ""D"", ""B"", ""M"", ""A"", ""K""]"
hgb|history_available|budget=20,hgb,history_available,20,True,H_D_B_M_A_K,hgb::H_D_B_M_A_K,hgb::H_D_B_M_A_K,H_D_B_M_A_K,"{""learning_rate"": 0.05, ""max_leaf_nodes"": 7}",True,18,18,0.6374744878744528,2,2,1252,313,"{""learning_rate"": 0.05, ""max_leaf_nodes"": 7}","[""H"", ""D"", ""B"", ""M"", ""A"", ""K""]"
hgb|history_available|budget=21,hgb,history_available,21,True,H_D_B_M_A_K,hgb::H_D_B_M_A_K,hgb::H_D_B_M_A_K,H_D_B_M_A_K,"{""learning_rate"": 0.05, ""max_leaf_nodes"": 7}",True,18,18,0.6374744878744528,2,2,1252,313,"{""learning_rate"": 0.05, ""max_leaf_nodes"": 7}","[""H"", ""D"", ""B"", ""M"", ""A"", ""K""]"
hgb|history_available|budget=22,hgb,history_available,22,True,H_D_B_M_A_K,hgb::H_D_B_M_A_K,hgb::H_D_B_M_A_K,H_D_B_M_A_K,"{""learning_rate"": 0.05, ""max_leaf_nodes"": 7}",True,18,18,0.6374744878744528,2,2,1252,313,"{""learning_rate"": 0.05, ""max_leaf_nodes"": 7}","[""H"", ""D"", ""B"", ""M"", ""A"", ""K""]"
hgb|history_available|budget=23,hgb,history_available,23,True,H_D_B_M_A_K,hgb::H_D_B_M_A_K,hgb::H_D_B_M_A_K,H_D_B_M_A_K,"{""learning_rate"": 0.05, ""max_leaf_nodes"": 7}",True,18,18,0.6374744878744528,2,2,1252,313,"{""learning_rate"": 0.05, ""max_leaf_nodes"": 7}","[""H"", ""D"", ""B"", ""M"", ""A"", ""K""]"
hgb|history_available|budget=24,hgb,history_available,24,True,H_D_B_M_A_K,hgb::H_D_B_M_A_K,hgb::H_D_B_M_A_K,H_D_B_M_A_K,"{""learning_rate"": 0.05, ""max_leaf_nodes"": 7}",True,18,18,0.6374744878744528,2,2,1252,313,"{""learning_rate"": 0.05, ""max_leaf_nodes"": 7}","[""H"", ""D"", ""B"", ""M"", ""A"", ""K""]"
hgb|history_available|budget=25,hgb,history_available,25,True,H_D_B_M_A_K,hgb::H_D_B_M_A_K,hgb::H_D_B_M_A_K,H_D_B_M_A_K,"{""learning_rate"": 0.05, ""max_leaf_nodes"": 7}",True,18,18,0.6374744878744528,2,2,1252,313,"{""learning_rate"": 0.05, ""max_leaf_nodes"": 7}","[""H"", ""D"", ""B"", ""M"", ""A"", ""K""]"
hgb|history_available|budget=26,hgb,history_available,26,True,H_D_B_M_A_K,hgb::H_D_B_M_A_K,hgb::H_D_B_M_A_K,H_D_B_M_A_K,"{""learning_rate"": 0.05, ""max_leaf_nodes"": 7}",True,18,18,0.6374744878744528,2,2,1252,313,"{""learning_rate"": 0.05, ""max_leaf_nodes"": 7}","[""H"", ""D"", ""B"", ""M"", ""A"", ""K""]"
hgb|history_available|budget=27,hgb,history_available,27,True,H_D_B_P_K,hgb::H_D_B_P_K,hgb::H_D_B_P_K,H_D_B_P_K,"{""learning_rate"": 0.05, ""max_leaf_nodes"": 7}",True,27,27,0.6343552855525253,2,2,1252,313,"{""learning_rate"": 0.05, ""max_leaf_nodes"": 7}","[""H"", ""D"", ""B"", ""P"", ""K""]"
hgb|history_available|budget=28,hgb,history_available,28,True,H_D_B_M_P_K,hgb::H_D_B_M_P_K,hgb::H_D_B_M_P_K,H_D_B_M_P_K,"{""learning_rate"": 0.05, ""max_leaf_nodes"": 7}",True,28,28,0.6342301424225176,2,2,1252,313,"{""learning_rate"": 0.05, ""max_leaf_nodes"": 7}","[""H"", ""D"", ""B"", ""M"", ""P"", ""K""]"
hgb|history_available|budget=29,hgb,history_available,29,True,H_D_B_M_P_A_K,hgb::H_D_B_M_P_A_K,hgb::H_D_B_M_P_A_K,H_D_B_M_P_A_K,"{""learning_rate"": 0.05, ""max_leaf_nodes"": 7}",True,29,29,0.6339470236622229,2,2,1252,313,"{""learning_rate"": 0.05, ""max_leaf_nodes"": 7}","[""H"", ""D"", ""B"", ""M"", ""P"", ""A"", ""K""]"
hgb|history_available|budget=30,hgb,history_available,30,True,H_D_B_M_P_C_A_K,hgb::H_D_B_M_P_C_A_K,hgb::H_D_B_M_P_C_A_K,H_D_B_M_P_C_A_K,"{""learning_rate"": 0.05, ""max_leaf_nodes"": 7}",True,30,30,0.633388351749522,2,2,1252,313,"{""learning_rate"": 0.05, ""max_leaf_nodes"": 7}","[""H"", ""D"", ""B"", ""M"", ""P"", ""C"", ""A"", ""K""]"
hgb|history_unavailable|budget=00,hgb,history_unavailable,0,False,NONE,hgb::NONE,hgb::NONE,NONE,"{""learning_rate"": 0.05, ""max_leaf_nodes"": 3}",False,0,0,0.6853669918199292,2,2,1252,313,"{""learning_rate"": 0.05, ""max_leaf_nodes"": 3}",[]
hgb|history_unavailable|budget=01,hgb,history_unavailable,1,False,B,hgb::B,hgb::B,B,"{""learning_rate"": 0.05, ""max_leaf_nodes"": 3}",False,1,1,0.6771046342067162,2,2,1252,313,"{""learning_rate"": 0.05, ""max_leaf_nodes"": 3}","[""B""]"
hgb|history_unavailable|budget=02,hgb,history_unavailable,2,False,B_A,hgb::B_A,hgb::B_A,B_A,"{""learning_rate"": 0.05, ""max_leaf_nodes"": 3}",False,2,2,0.6744829293039818,2,2,1252,313,"{""learning_rate"": 0.05, ""max_leaf_nodes"": 3}","[""B"", ""A""]"
hgb|history_unavailable|budget=03,hgb,history_unavailable,3,False,B_M_A,hgb::B_M_A,hgb::B_M_A,B_M_A,"{""learning_rate"": 0.05, ""max_leaf_nodes"": 3}",False,3,3,0.6731580406017871,2,2,1252,313,"{""learning_rate"": 0.05, ""max_leaf_nodes"": 3}","[""B"", ""M"", ""A""]"
hgb|history_unavailable|budget=04,hgb,history_unavailable,4,False,B_M_A,hgb::B_M_A,hgb::B_M_A,B_M_A,"{""learning_rate"": 0.05, ""max_leaf_nodes"": 3}",False,3,3,0.6731580406017871,2,2,1252,313,"{""learning_rate"": 0.05, ""max_leaf_nodes"": 3}","[""B"", ""M"", ""A""]"
hgb|history_unavailable|budget=05,hgb,history_unavailable,5,False,D_B,hgb::D_B,hgb::D_B,D_B,"{""learning_rate"": 0.05, ""max_leaf_nodes"": 3}",False,5,5,0.6688499306528267,2,2,1252,313,"{""learning_rate"": 0.05, ""max_leaf_nodes"": 3}","[""D"", ""B""]"
hgb|history_unavailable|budget=06,hgb,history_unavailable,6,False,D_B_A,hgb::D_B_A,hgb::D_B_A,D_B_A,"{""learning_rate"": 0.05, ""max_leaf_nodes"": 7}",False,6,6,0.6650015413125329,2,2,1252,313,"{""learning_rate"": 0.05, ""max_leaf_nodes"": 7}","[""D"", ""B"", ""A""]"
hgb|history_unavailable|budget=07,hgb,history_unavailable,7,False,D_B_M_A,hgb::D_B_M_A,hgb::D_B_M_A,D_B_M_A,"{""learning_rate"": 0.05, ""max_leaf_nodes"": 7}",False,7,7,0.6638831068609602,2,2,1252,313,"{""learning_rate"": 0.05, ""max_leaf_nodes"": 7}","[""D"", ""B"", ""M"", ""A""]"
hgb|history_unavailable|budget=08,hgb,history_unavailable,8,False,D_B_M_C_A,hgb::D_B_M_C_A,hgb::D_B_M_C_A,D_B_M_C_A,"{""learning_rate"": 0.05, ""max_leaf_nodes"": 7}",False,8,8,0.663161489628214,2,2,1252,313,"{""learning_rate"": 0.05, ""max_leaf_nodes"": 7}","[""D"", ""B"", ""M"", ""C"", ""A""]"
hgb|history_unavailable|budget=09,hgb,history_unavailable,9,False,D_B_M_C_A,hgb::D_B_M_C_A,hgb::D_B_M_C_A,D_B_M_C_A,"{""learning_rate"": 0.05, ""max_leaf_nodes"": 7}",False,8,8,0.663161489628214,2,2,1252,313,"{""learning_rate"": 0.05, ""max_leaf_nodes"": 7}","[""D"", ""B"", ""M"", ""C"", ""A""]"
hgb|history_unavailable|budget=10,hgb,history_unavailable,10,False,D_B_M_C_A,hgb::D_B_M_C_A,hgb::D_B_M_C_A,D_B_M_C_A,"{""learning_rate"": 0.05, ""max_leaf_nodes"": 7}",False,8,8,0.663161489628214,2,2,1252,313,"{""learning_rate"": 0.05, ""max_leaf_nodes"": 7}","[""D"", ""B"", ""M"", ""C"", ""A""]"
hgb|history_unavailable|budget=11,hgb,history_unavailable,11,False,D_B_M_C_A,hgb::D_B_M_C_A,hgb::D_B_M_C_A,D_B_M_C_A,"{""learning_rate"": 0.05, ""max_leaf_nodes"": 7}",False,8,8,0.663161489628214,2,2,1252,313,"{""learning_rate"": 0.05, ""max_leaf_nodes"": 7}","[""D"", ""B"", ""M"", ""C"", ""A""]"
hgb|history_unavailable|budget=12,hgb,history_unavailable,12,False,B_K,hgb::B_K,hgb::B_K,B_K,"{""learning_rate"": 0.05, ""max_leaf_nodes"": 3}",False,12,12,0.6620347168551296,2,2,1252,313,"{""learning_rate"": 0.05, ""max_leaf_nodes"": 3}","[""B"", ""K""]"
hgb|history_unavailable|budget=13,hgb,history_unavailable,13,False,B_A_K,hgb::B_A_K,hgb::B_A_K,B_A_K,"{""learning_rate"": 0.05, ""max_leaf_nodes"": 3}",False,13,13,0.6602283745163364,2,2,1252,313,"{""learning_rate"": 0.05, ""max_leaf_nodes"": 3}","[""B"", ""A"", ""K""]"
hgb|history_unavailable|budget=14,hgb,history_unavailable,14,False,B_M_A_K,hgb::B_M_A_K,hgb::B_M_A_K,B_M_A_K,"{""learning_rate"": 0.05, ""max_leaf_nodes"": 3}",False,14,14,0.6598969467026167,2,2,1252,313,"{""learning_rate"": 0.05, ""max_leaf_nodes"": 3}","[""B"", ""M"", ""A"", ""K""]"
hgb|history_unavailable|budget=15,hgb,history_unavailable,15,False,D_K,hgb::D_K,hgb::D_K,D_K,"{""learning_rate"": 0.05, ""max_leaf_nodes"": 7}",False,15,15,0.6554524102147787,2,2,1252,313,"{""learning_rate"": 0.05, ""max_leaf_nodes"": 7}","[""D"", ""K""]"
hgb|history_unavailable|budget=16,hgb,history_unavailable,16,False,D_A_K,hgb::D_A_K,hgb::D_A_K,D_A_K,"{""learning_rate"": 0.05, ""max_leaf_nodes"": 7}",False,16,16,0.6504713278019889,2,2,1252,313,"{""learning_rate"": 0.05, ""max_leaf_nodes"": 7}","[""D"", ""A"", ""K""]"
hgb|history_unavailable|budget=17,hgb,history_unavailable,17,False,D_B_A_K,hgb::D_B_A_K,hgb::D_B_A_K,D_B_A_K,"{""learning_rate"": 0.05, ""max_leaf_nodes"": 7}",False,17,17,0.6491711739127186,2,2,1252,313,"{""learning_rate"": 0.05, ""max_leaf_nodes"": 7}","[""D"", ""B"", ""A"", ""K""]"
hgb|history_unavailable|budget=18,hgb,history_unavailable,18,False,D_B_M_A_K,hgb::D_B_M_A_K,hgb::D_B_M_A_K,D_B_M_A_K,"{""learning_rate"": 0.05, ""max_leaf_nodes"": 7}",False,18,18,0.6486617223177484,2,2,1252,313,"{""learning_rate"": 0.05, ""max_leaf_nodes"": 7}","[""D"", ""B"", ""M"", ""A"", ""K""]"
hgb|history_unavailable|budget=19,hgb,history_unavailable,19,False,D_B_M_A_K,hgb::D_B_M_A_K,hgb::D_B_M_A_K,D_B_M_A_K,"{""learning_rate"": 0.05, ""max_leaf_nodes"": 7}",False,18,18,0.6486617223177484,2,2,1252,313,"{""learning_rate"": 0.05, ""max_leaf_nodes"": 7}","[""D"", ""B"", ""M"", ""A"", ""K""]"
hgb|history_unavailable|budget=20,hgb,history_unavailable,20,False,D_B_M_A_K,hgb::D_B_M_A_K,hgb::D_B_M_A_K,D_B_M_A_K,"{""learning_rate"": 0.05, ""max_leaf_nodes"": 7}",False,18,18,0.6486617223177484,2,2,1252,313,"{""learning_rate"": 0.05, ""max_leaf_nodes"": 7}","[""D"", ""B"", ""M"", ""A"", ""K""]"
hgb|history_unavailable|budget=21,hgb,history_unavailable,21,False,D_B_M_A_K,hgb::D_B_M_A_K,hgb::D_B_M_A_K,D_B_M_A_K,"{""learning_rate"": 0.05, ""max_leaf_nodes"": 7}",False,18,18,0.6486617223177484,2,2,1252,313,"{""learning_rate"": 0.05, ""max_leaf_nodes"": 7}","[""D"", ""B"", ""M"", ""A"", ""K""]"
hgb|history_unavailable|budget=22,hgb,history_unavailable,22,False,D_B_M_A_K,hgb::D_B_M_A_K,hgb::D_B_M_A_K,D_B_M_A_K,"{""learning_rate"": 0.05, ""max_leaf_nodes"": 7}",False,18,18,0.6486617223177484,2,2,1252,313,"{""learning_rate"": 0.05, ""max_leaf_nodes"": 7}","[""D"", ""B"", ""M"", ""A"", ""K""]"
hgb|history_unavailable|budget=23,hgb,history_unavailable,23,False,D_B_M_A_K,hgb::D_B_M_A_K,hgb::D_B_M_A_K,D_B_M_A_K,"{""learning_rate"": 0.05, ""max_leaf_nodes"": 7}",False,18,18,0.6486617223177484,2,2,1252,313,"{""learning_rate"": 0.05, ""max_leaf_nodes"": 7}","[""D"", ""B"", ""M"", ""A"", ""K""]"
hgb|history_unavailable|budget=24,hgb,history_unavailable,24,False,D_B_M_A_K,hgb::D_B_M_A_K,hgb::D_B_M_A_K,D_B_M_A_K,"{""learning_rate"": 0.05, ""max_leaf_nodes"": 7}",False,18,18,0.6486617223177484,2,2,1252,313,"{""learning_rate"": 0.05, ""max_leaf_nodes"": 7}","[""D"", ""B"", ""M"", ""A"", ""K""]"
hgb|history_unavailable|budget=25,hgb,history_unavailable,25,False,D_B_M_A_K,hgb::D_B_M_A_K,hgb::D_B_M_A_K,D_B_M_A_K,"{""learning_rate"": 0.05, ""max_leaf_nodes"": 7}",False,18,18,0.6486617223177484,2,2,1252,313,"{""learning_rate"": 0.05, ""max_leaf_nodes"": 7}","[""D"", ""B"", ""M"", ""A"", ""K""]"
hgb|history_unavailable|budget=26,hgb,history_unavailable,26,False,D_P_K,hgb::D_P_K,hgb::D_P_K,D_P_K,"{""learning_rate"": 0.05, ""max_leaf_nodes"": 7}",False,26,26,0.646252243135414,2,2,1252,313,"{""learning_rate"": 0.05, ""max_leaf_nodes"": 7}","[""D"", ""P"", ""K""]"
hgb|history_unavailable|budget=27,hgb,history_unavailable,27,False,D_B_P_K,hgb::D_B_P_K,hgb::D_B_P_K,D_B_P_K,"{""learning_rate"": 0.05, ""max_leaf_nodes"": 7}",False,27,27,0.64326182559017,2,2,1252,313,"{""learning_rate"": 0.05, ""max_leaf_nodes"": 7}","[""D"", ""B"", ""P"", ""K""]"
hgb|history_unavailable|budget=28,hgb,history_unavailable,28,False,D_B_M_P_K,hgb::D_B_M_P_K,hgb::D_B_M_P_K,D_B_M_P_K,"{""learning_rate"": 0.05, ""max_leaf_nodes"": 7}",False,28,28,0.6425406409027155,2,2,1252,313,"{""learning_rate"": 0.05, ""max_leaf_nodes"": 7}","[""D"", ""B"", ""M"", ""P"", ""K""]"
hgb|history_unavailable|budget=29,hgb,history_unavailable,29,False,D_B_M_P_K,hgb::D_B_M_P_K,hgb::D_B_M_P_K,D_B_M_P_K,"{""learning_rate"": 0.05, ""max_leaf_nodes"": 7}",False,28,28,0.6425406409027155,2,2,1252,313,"{""learning_rate"": 0.05, ""max_leaf_nodes"": 7}","[""D"", ""B"", ""M"", ""P"", ""K""]"
hgb|history_unavailable|budget=30,hgb,history_unavailable,30,False,D_B_M_P_K,hgb::D_B_M_P_K,hgb::D_B_M_P_K,D_B_M_P_K,"{""learning_rate"": 0.05, ""max_leaf_nodes"": 7}",False,28,28,0.6425406409027155,2,2,1252,313,"{""learning_rate"": 0.05, ""max_leaf_nodes"": 7}","[""D"", ""B"", ""M"", ""P"", ""K""]"
ridge|history_available|budget=00,ridge,history_available,0,True,H,ridge::H,ridge::H,H,0.1,True,0,0,0.6625134547599035,2,3,1252,313,0.1,"[""H""]"
ridge|history_available|budget=01,ridge,history_available,1,True,H_A,ridge::H_A,ridge::H_A,H_A,0.1,True,1,1,0.658775120016533,2,3,1252,313,0.1,"[""H"", ""A""]"
ridge|history_available|budget=02,ridge,history_available,2,True,H_B_A,ridge::H_B_A,ridge::H_B_A,H_B_A,0.1,True,2,2,0.655386716788068,2,3,1252,313,0.1,"[""H"", ""B"", ""A""]"
ridge|history_available|budget=03,ridge,history_available,3,True,H_B_A,ridge::H_B_A,ridge::H_B_A,H_B_A,0.1,True,2,2,0.655386716788068,2,3,1252,313,0.1,"[""H"", ""B"", ""A""]"
ridge|history_available|budget=04,ridge,history_available,4,True,H_D,ridge::H_D,ridge::H_D,H_D,1.0,True,4,4,0.6482311400653266,2,3,1252,313,1.0,"[""H"", ""D""]"
ridge|history_available|budget=05,ridge,history_available,5,True,H_D_A,ridge::H_D_A,ridge::H_D_A,H_D_A,1.0,True,5,5,0.6444336837204062,2,3,1252,313,1.0,"[""H"", ""D"", ""A""]"
ridge|history_available|budget=06,ridge,history_available,6,True,H_D_B_A,ridge::H_D_B_A,ridge::H_D_B_A,H_D_B_A,1.0,True,6,6,0.6433495098592098,2,3,1252,313,1.0,"[""H"", ""D"", ""B"", ""A""]"
ridge|history_available|budget=07,ridge,history_available,7,True,H_D_B_A,ridge::H_D_B_A,ridge::H_D_B_A,H_D_B_A,1.0,True,6,6,0.6433495098592098,2,3,1252,313,1.0,"[""H"", ""D"", ""B"", ""A""]"
ridge|history_available|budget=08,ridge,history_available,8,True,H_D_B_A,ridge::H_D_B_A,ridge::H_D_B_A,H_D_B_A,1.0,True,6,6,0.6433495098592098,2,3,1252,313,1.0,"[""H"", ""D"", ""B"", ""A""]"
ridge|history_available|budget=09,ridge,history_available,9,True,H_D_B_A,ridge::H_D_B_A,ridge::H_D_B_A,H_D_B_A,1.0,True,6,6,0.6433495098592098,2,3,1252,313,1.0,"[""H"", ""D"", ""B"", ""A""]"
ridge|history_available|budget=10,ridge,history_available,10,True,H_D_B_A,ridge::H_D_B_A,ridge::H_D_B_A,H_D_B_A,1.0,True,6,6,0.6433495098592098,2,3,1252,313,1.0,"[""H"", ""D"", ""B"", ""A""]"
ridge|history_available|budget=11,ridge,history_available,11,True,H_D_B_A,ridge::H_D_B_A,ridge::H_D_B_A,H_D_B_A,1.0,True,6,6,0.6433495098592098,2,3,1252,313,1.0,"[""H"", ""D"", ""B"", ""A""]"
ridge|history_available|budget=12,ridge,history_available,12,True,H_D_B_A,ridge::H_D_B_A,ridge::H_D_B_A,H_D_B_A,1.0,True,6,6,0.6433495098592098,2,3,1252,313,1.0,"[""H"", ""D"", ""B"", ""A""]"
ridge|history_available|budget=13,ridge,history_available,13,True,H_B_A_K,ridge::H_B_A_K,ridge::H_B_A_K,H_B_A_K,0.1,True,13,13,0.6423202415885445,2,3,1252,313,0.1,"[""H"", ""B"", ""A"", ""K""]"
ridge|history_available|budget=14,ridge,history_available,14,True,H_B_A_K,ridge::H_B_A_K,ridge::H_B_A_K,H_B_A_K,0.1,True,13,13,0.6423202415885445,2,3,1252,313,0.1,"[""H"", ""B"", ""A"", ""K""]"
ridge|history_available|budget=15,ridge,history_available,15,True,H_D_K,ridge::H_D_K,ridge::H_D_K,H_D_K,0.1,True,15,15,0.641706477312596,2,3,1252,313,0.1,"[""H"", ""D"", ""K""]"
ridge|history_available|budget=16,ridge,history_available,16,True,H_D_A_K,ridge::H_D_A_K,ridge::H_D_A_K,H_D_A_K,0.1,True,16,16,0.6379659321511557,2,3,1252,313,0.1,"[""H"", ""D"", ""A"", ""K""]"
ridge|history_available|budget=17,ridge,history_available,17,True,H_D_B_A_K,ridge::H_D_B_A_K,ridge::H_D_B_A_K,H_D_B_A_K,0.1,True,17,17,0.6364414864587894,2,3,1252,313,0.1,"[""H"", ""D"", ""B"", ""A"", ""K""]"
ridge|history_available|budget=18,ridge,history_available,18,True,H_D_B_A_K,ridge::H_D_B_A_K,ridge::H_D_B_A_K,H_D_B_A_K,0.1,True,17,17,0.6364414864587894,2,3,1252,313,0.1,"[""H"", ""D"", ""B"", ""A"", ""K""]"
ridge|history_available|budget=19,ridge,history_available,19,True,H_D_B_A_K,ridge::H_D_B_A_K,ridge::H_D_B_A_K,H_D_B_A_K,0.1,True,17,17,0.6364414864587894,2,3,1252,313,0.1,"[""H"", ""D"", ""B"", ""A"", ""K""]"
ridge|history_available|budget=20,ridge,history_available,20,True,H_D_B_A_K,ridge::H_D_B_A_K,ridge::H_D_B_A_K,H_D_B_A_K,0.1,True,17,17,0.6364414864587894,2,3,1252,313,0.1,"[""H"", ""D"", ""B"", ""A"", ""K""]"
ridge|history_available|budget=21,ridge,history_available,21,True,H_D_B_A_K,ridge::H_D_B_A_K,ridge::H_D_B_A_K,H_D_B_A_K,0.1,True,17,17,0.6364414864587894,2,3,1252,313,0.1,"[""H"", ""D"", ""B"", ""A"", ""K""]"
ridge|history_available|budget=22,ridge,history_available,22,True,H_D_B_A_K,ridge::H_D_B_A_K,ridge::H_D_B_A_K,H_D_B_A_K,0.1,True,17,17,0.6364414864587894,2,3,1252,313,0.1,"[""H"", ""D"", ""B"", ""A"", ""K""]"
ridge|history_available|budget=23,ridge,history_available,23,True,H_D_B_A_K,ridge::H_D_B_A_K,ridge::H_D_B_A_K,H_D_B_A_K,0.1,True,17,17,0.6364414864587894,2,3,1252,313,0.1,"[""H"", ""D"", ""B"", ""A"", ""K""]"
ridge|history_available|budget=24,ridge,history_available,24,True,H_D_B_A_K,ridge::H_D_B_A_K,ridge::H_D_B_A_K,H_D_B_A_K,0.1,True,17,17,0.6364414864587894,2,3,1252,313,0.1,"[""H"", ""D"", ""B"", ""A"", ""K""]"
ridge|history_available|budget=25,ridge,history_available,25,True,H_D_B_A_K,ridge::H_D_B_A_K,ridge::H_D_B_A_K,H_D_B_A_K,0.1,True,17,17,0.6364414864587894,2,3,1252,313,0.1,"[""H"", ""D"", ""B"", ""A"", ""K""]"
ridge|history_available|budget=26,ridge,history_available,26,True,H_D_B_A_K,ridge::H_D_B_A_K,ridge::H_D_B_A_K,H_D_B_A_K,0.1,True,17,17,0.6364414864587894,2,3,1252,313,0.1,"[""H"", ""D"", ""B"", ""A"", ""K""]"
ridge|history_available|budget=27,ridge,history_available,27,True,H_D_B_A_K,ridge::H_D_B_A_K,ridge::H_D_B_A_K,H_D_B_A_K,0.1,True,17,17,0.6364414864587894,2,3,1252,313,0.1,"[""H"", ""D"", ""B"", ""A"", ""K""]"
ridge|history_available|budget=28,ridge,history_available,28,True,H_D_B_A_K,ridge::H_D_B_A_K,ridge::H_D_B_A_K,H_D_B_A_K,0.1,True,17,17,0.6364414864587894,2,3,1252,313,0.1,"[""H"", ""D"", ""B"", ""A"", ""K""]"
ridge|history_available|budget=29,ridge,history_available,29,True,H_D_B_A_K,ridge::H_D_B_A_K,ridge::H_D_B_A_K,H_D_B_A_K,0.1,True,17,17,0.6364414864587894,2,3,1252,313,0.1,"[""H"", ""D"", ""B"", ""A"", ""K""]"
ridge|history_available|budget=30,ridge,history_available,30,True,H_D_B_A_K,ridge::H_D_B_A_K,ridge::H_D_B_A_K,H_D_B_A_K,0.1,True,17,17,0.6364414864587894,2,3,1252,313,0.1,"[""H"", ""D"", ""B"", ""A"", ""K""]"
ridge|history_unavailable|budget=00,ridge,history_unavailable,0,False,NONE,ridge::NONE,ridge::NONE,NONE,0.001,False,0,0,0.6853669918199292,2,3,1252,313,0.001,[]
ridge|history_unavailable|budget=01,ridge,history_unavailable,1,False,B,ridge::B,ridge::B,B,0.1,False,1,1,0.6786851759988022,2,3,1252,313,0.1,"[""B""]"
ridge|history_unavailable|budget=02,ridge,history_unavailable,2,False,B_A,ridge::B_A,ridge::B_A,B_A,0.1,False,2,2,0.6734834731819559,2,3,1252,313,0.1,"[""B"", ""A""]"
ridge|history_unavailable|budget=03,ridge,history_unavailable,3,False,B_A,ridge::B_A,ridge::B_A,B_A,0.1,False,2,2,0.6734834731819559,2,3,1252,313,0.1,"[""B"", ""A""]"
ridge|history_unavailable|budget=04,ridge,history_unavailable,4,False,D,ridge::D,ridge::D,D,0.1,False,4,4,0.6702835113582777,2,3,1252,313,0.1,"[""D""]"
ridge|history_unavailable|budget=05,ridge,history_unavailable,5,False,D_A,ridge::D_A,ridge::D_A,D_A,0.1,False,5,5,0.6647938815325135,2,3,1252,313,0.1,"[""D"", ""A""]"
ridge|history_unavailable|budget=06,ridge,history_unavailable,6,False,D_B_A,ridge::D_B_A,ridge::D_B_A,D_B_A,0.1,False,6,6,0.6610362173578803,2,3,1252,313,0.1,"[""D"", ""B"", ""A""]"
ridge|history_unavailable|budget=07,ridge,history_unavailable,7,False,D_B_A,ridge::D_B_A,ridge::D_B_A,D_B_A,0.1,False,6,6,0.6610362173578803,2,3,1252,313,0.1,"[""D"", ""B"", ""A""]"
ridge|history_unavailable|budget=08,ridge,history_unavailable,8,False,D_B_A,ridge::D_B_A,ridge::D_B_A,D_B_A,0.1,False,6,6,0.6610362173578803,2,3,1252,313,0.1,"[""D"", ""B"", ""A""]"
ridge|history_unavailable|budget=09,ridge,history_unavailable,9,False,D_B_A,ridge::D_B_A,ridge::D_B_A,D_B_A,0.1,False,6,6,0.6610362173578803,2,3,1252,313,0.1,"[""D"", ""B"", ""A""]"
ridge|history_unavailable|budget=10,ridge,history_unavailable,10,False,D_B_A,ridge::D_B_A,ridge::D_B_A,D_B_A,0.1,False,6,6,0.6610362173578803,2,3,1252,313,0.1,"[""D"", ""B"", ""A""]"
ridge|history_unavailable|budget=11,ridge,history_unavailable,11,False,D_B_A,ridge::D_B_A,ridge::D_B_A,D_B_A,0.1,False,6,6,0.6610362173578803,2,3,1252,313,0.1,"[""D"", ""B"", ""A""]"
ridge|history_unavailable|budget=12,ridge,history_unavailable,12,False,D_B_A,ridge::D_B_A,ridge::D_B_A,D_B_A,0.1,False,6,6,0.6610362173578803,2,3,1252,313,0.1,"[""D"", ""B"", ""A""]"
ridge|history_unavailable|budget=13,ridge,history_unavailable,13,False,B_A_K,ridge::B_A_K,ridge::B_A_K,B_A_K,0.1,False,13,13,0.6585518974280828,2,3,1252,313,0.1,"[""B"", ""A"", ""K""]"
ridge|history_unavailable|budget=14,ridge,history_unavailable,14,False,B_A_K,ridge::B_A_K,ridge::B_A_K,B_A_K,0.1,False,13,13,0.6585518974280828,2,3,1252,313,0.1,"[""B"", ""A"", ""K""]"
ridge|history_unavailable|budget=15,ridge,history_unavailable,15,False,B_A_K,ridge::B_A_K,ridge::B_A_K,B_A_K,0.1,False,13,13,0.6585518974280828,2,3,1252,313,0.1,"[""B"", ""A"", ""K""]"
ridge|history_unavailable|budget=16,ridge,history_unavailable,16,False,D_A_K,ridge::D_A_K,ridge::D_A_K,D_A_K,0.1,False,16,16,0.6554456848900952,2,3,1252,313,0.1,"[""D"", ""A"", ""K""]"
ridge|history_unavailable|budget=17,ridge,history_unavailable,17,False,D_B_A_K,ridge::D_B_A_K,ridge::D_B_A_K,D_B_A_K,0.1,False,17,17,0.652288832938639,2,3,1252,313,0.1,"[""D"", ""B"", ""A"", ""K""]"
ridge|history_unavailable|budget=18,ridge,history_unavailable,18,False,D_B_A_K,ridge::D_B_A_K,ridge::D_B_A_K,D_B_A_K,0.1,False,17,17,0.652288832938639,2,3,1252,313,0.1,"[""D"", ""B"", ""A"", ""K""]"
ridge|history_unavailable|budget=19,ridge,history_unavailable,19,False,D_B_A_K,ridge::D_B_A_K,ridge::D_B_A_K,D_B_A_K,0.1,False,17,17,0.652288832938639,2,3,1252,313,0.1,"[""D"", ""B"", ""A"", ""K""]"
ridge|history_unavailable|budget=20,ridge,history_unavailable,20,False,D_B_A_K,ridge::D_B_A_K,ridge::D_B_A_K,D_B_A_K,0.1,False,17,17,0.652288832938639,2,3,1252,313,0.1,"[""D"", ""B"", ""A"", ""K""]"
ridge|history_unavailable|budget=21,ridge,history_unavailable,21,False,D_B_A_K,ridge::D_B_A_K,ridge::D_B_A_K,D_B_A_K,0.1,False,17,17,0.652288832938639,2,3,1252,313,0.1,"[""D"", ""B"", ""A"", ""K""]"
ridge|history_unavailable|budget=22,ridge,history_unavailable,22,False,D_B_A_K,ridge::D_B_A_K,ridge::D_B_A_K,D_B_A_K,0.1,False,17,17,0.652288832938639,2,3,1252,313,0.1,"[""D"", ""B"", ""A"", ""K""]"
ridge|history_unavailable|budget=23,ridge,history_unavailable,23,False,D_B_A_K,ridge::D_B_A_K,ridge::D_B_A_K,D_B_A_K,0.1,False,17,17,0.652288832938639,2,3,1252,313,0.1,"[""D"", ""B"", ""A"", ""K""]"
ridge|history_unavailable|budget=24,ridge,history_unavailable,24,False,D_B_A_K,ridge::D_B_A_K,ridge::D_B_A_K,D_B_A_K,0.1,False,17,17,0.652288832938639,2,3,1252,313,0.1,"[""D"", ""B"", ""A"", ""K""]"
ridge|history_unavailable|budget=25,ridge,history_unavailable,25,False,D_B_A_K,ridge::D_B_A_K,ridge::D_B_A_K,D_B_A_K,0.1,False,17,17,0.652288832938639,2,3,1252,313,0.1,"[""D"", ""B"", ""A"", ""K""]"
ridge|history_unavailable|budget=26,ridge,history_unavailable,26,False,D_B_A_K,ridge::D_B_A_K,ridge::D_B_A_K,D_B_A_K,0.1,False,17,17,0.652288832938639,2,3,1252,313,0.1,"[""D"", ""B"", ""A"", ""K""]"
ridge|history_unavailable|budget=27,ridge,history_unavailable,27,False,D_B_A_K,ridge::D_B_A_K,ridge::D_B_A_K,D_B_A_K,0.1,False,17,17,0.652288832938639,2,3,1252,313,0.1,"[""D"", ""B"", ""A"", ""K""]"
ridge|history_unavailable|budget=28,ridge,history_unavailable,28,False,D_B_A_K,ridge::D_B_A_K,ridge::D_B_A_K,D_B_A_K,0.1,False,17,17,0.652288832938639,2,3,1252,313,0.1,"[""D"", ""B"", ""A"", ""K""]"
ridge|history_unavailable|budget=29,ridge,history_unavailable,29,False,D_B_A_K,ridge::D_B_A_K,ridge::D_B_A_K,D_B_A_K,0.1,False,17,17,0.652288832938639,2,3,1252,313,0.1,"[""D"", ""B"", ""A"", ""K""]"
ridge|history_unavailable|budget=30,ridge,history_unavailable,30,False,D_B_A_K,ridge::D_B_A_K,ridge::D_B_A_K,D_B_A_K,0.1,False,17,17,0.652288832938639,2,3,1252,313,0.1,"[""D"", ""B"", ""A"", ""K""]"
hgb|history_available|budget=00,hgb,history_available,0,True,H,hgb::H,hgb::H,H,"{""learning_rate"": 0.05, ""max_leaf_nodes"": 3}",True,0,0,0.6625198155400067,2,3,1252,313,"{""learning_rate"": 0.05, ""max_leaf_nodes"": 3}","[""H""]"
hgb|history_available|budget=01,hgb,history_available,1,True,H_B,hgb::H_B,hgb::H_B,H_B,"{""learning_rate"": 0.05, ""max_leaf_nodes"": 7}",True,1,1,0.6572896872766133,2,3,1252,313,"{""learning_rate"": 0.05, ""max_leaf_nodes"": 7}","[""H"", ""B""]"
hgb|history_available|budget=02,hgb,history_available,2,True,H_B_A,hgb::H_B_A,hgb::H_B_A,H_B_A,"{""learning_rate"": 0.05, ""max_leaf_nodes"": 7}",True,2,2,0.6529564427435318,2,3,1252,313,"{""learning_rate"": 0.05, ""max_leaf_nodes"": 7}","[""H"", ""B"", ""A""]"
hgb|history_available|budget=03,hgb,history_available,3,True,H_B_M_A,hgb::H_B_M_A,hgb::H_B_M_A,H_B_M_A,"{""learning_rate"": 0.05, ""max_leaf_nodes"": 7}",True,3,3,0.6524189535835517,2,3,1252,313,"{""learning_rate"": 0.05, ""max_leaf_nodes"": 7}","[""H"", ""B"", ""M"", ""A""]"
hgb|history_available|budget=04,hgb,history_available,4,True,H_D,hgb::H_D,hgb::H_D,H_D,"{""learning_rate"": 0.05, ""max_leaf_nodes"": 3}",True,4,4,0.6494676759834538,2,3,1252,313,"{""learning_rate"": 0.05, ""max_leaf_nodes"": 3}","[""H"", ""D""]"
hgb|history_available|budget=05,hgb,history_available,5,True,H_D_B,hgb::H_D_B,hgb::H_D_B,H_D_B,"{""learning_rate"": 0.05, ""max_leaf_nodes"": 3}",True,5,5,0.6461811138378797,2,3,1252,313,"{""learning_rate"": 0.05, ""max_leaf_nodes"": 3}","[""H"", ""D"", ""B""]"
hgb|history_available|budget=06,hgb,history_available,6,True,H_D_B_A,hgb::H_D_B_A,hgb::H_D_B_A,H_D_B_A,"{""learning_rate"": 0.05, ""max_leaf_nodes"": 3}",True,6,6,0.6440221519846275,2,3,1252,313,"{""learning_rate"": 0.05, ""max_leaf_nodes"": 3}","[""H"", ""D"", ""B"", ""A""]"
hgb|history_available|budget=07,hgb,history_available,7,True,H_D_B_A,hgb::H_D_B_A,hgb::H_D_B_A,H_D_B_A,"{""learning_rate"": 0.05, ""max_leaf_nodes"": 3}",True,6,6,0.6440221519846275,2,3,1252,313,"{""learning_rate"": 0.05, ""max_leaf_nodes"": 3}","[""H"", ""D"", ""B"", ""A""]"
hgb|history_available|budget=08,hgb,history_available,8,True,H_D_B_A,hgb::H_D_B_A,hgb::H_D_B_A,H_D_B_A,"{""learning_rate"": 0.05, ""max_leaf_nodes"": 3}",True,6,6,0.6440221519846275,2,3,1252,313,"{""learning_rate"": 0.05, ""max_leaf_nodes"": 3}","[""H"", ""D"", ""B"", ""A""]"
hgb|history_available|budget=09,hgb,history_available,9,True,H_D_B_A,hgb::H_D_B_A,hgb::H_D_B_A,H_D_B_A,"{""learning_rate"": 0.05, ""max_leaf_nodes"": 3}",True,6,6,0.6440221519846275,2,3,1252,313,"{""learning_rate"": 0.05, ""max_leaf_nodes"": 3}","[""H"", ""D"", ""B"", ""A""]"
hgb|history_available|budget=10,hgb,history_available,10,True,H_D_B_A,hgb::H_D_B_A,hgb::H_D_B_A,H_D_B_A,"{""learning_rate"": 0.05, ""max_leaf_nodes"": 3}",True,6,6,0.6440221519846275,2,3,1252,313,"{""learning_rate"": 0.05, ""max_leaf_nodes"": 3}","[""H"", ""D"", ""B"", ""A""]"
hgb|history_available|budget=11,hgb,history_available,11,True,H_D_B_A,hgb::H_D_B_A,hgb::H_D_B_A,H_D_B_A,"{""learning_rate"": 0.05, ""max_leaf_nodes"": 3}",True,6,6,0.6440221519846275,2,3,1252,313,"{""learning_rate"": 0.05, ""max_leaf_nodes"": 3}","[""H"", ""D"", ""B"", ""A""]"
hgb|history_available|budget=12,hgb,history_available,12,True,H_D_B_A,hgb::H_D_B_A,hgb::H_D_B_A,H_D_B_A,"{""learning_rate"": 0.05, ""max_leaf_nodes"": 3}",True,6,6,0.6440221519846275,2,3,1252,313,"{""learning_rate"": 0.05, ""max_leaf_nodes"": 3}","[""H"", ""D"", ""B"", ""A""]"
hgb|history_available|budget=13,hgb,history_available,13,True,H_D_B_A,hgb::H_D_B_A,hgb::H_D_B_A,H_D_B_A,"{""learning_rate"": 0.05, ""max_leaf_nodes"": 3}",True,6,6,0.6440221519846275,2,3,1252,313,"{""learning_rate"": 0.05, ""max_leaf_nodes"": 3}","[""H"", ""D"", ""B"", ""A""]"
hgb|history_available|budget=14,hgb,history_available,14,True,H_D_B_A,hgb::H_D_B_A,hgb::H_D_B_A,H_D_B_A,"{""learning_rate"": 0.05, ""max_leaf_nodes"": 3}",True,6,6,0.6440221519846275,2,3,1252,313,"{""learning_rate"": 0.05, ""max_leaf_nodes"": 3}","[""H"", ""D"", ""B"", ""A""]"
hgb|history_available|budget=15,hgb,history_available,15,True,H_D_B_A,hgb::H_D_B_A,hgb::H_D_B_A,H_D_B_A,"{""learning_rate"": 0.05, ""max_leaf_nodes"": 3}",True,6,6,0.6440221519846275,2,3,1252,313,"{""learning_rate"": 0.05, ""max_leaf_nodes"": 3}","[""H"", ""D"", ""B"", ""A""]"
hgb|history_available|budget=16,hgb,history_available,16,True,H_D_A_K,hgb::H_D_A_K,hgb::H_D_A_K,H_D_A_K,"{""learning_rate"": 0.05, ""max_leaf_nodes"": 3}",True,16,16,0.6411040122792501,2,3,1252,313,"{""learning_rate"": 0.05, ""max_leaf_nodes"": 3}","[""H"", ""D"", ""A"", ""K""]"
hgb|history_available|budget=17,hgb,history_available,17,True,H_D_C_A_K,hgb::H_D_C_A_K,hgb::H_D_C_A_K,H_D_C_A_K,"{""learning_rate"": 0.05, ""max_leaf_nodes"": 7}",True,17,17,0.6375688985770717,2,3,1252,313,"{""learning_rate"": 0.05, ""max_leaf_nodes"": 7}","[""H"", ""D"", ""C"", ""A"", ""K""]"
hgb|history_available|budget=18,hgb,history_available,18,True,H_D_C_A_K,hgb::H_D_C_A_K,hgb::H_D_C_A_K,H_D_C_A_K,"{""learning_rate"": 0.05, ""max_leaf_nodes"": 7}",True,17,17,0.6375688985770717,2,3,1252,313,"{""learning_rate"": 0.05, ""max_leaf_nodes"": 7}","[""H"", ""D"", ""C"", ""A"", ""K""]"
hgb|history_available|budget=19,hgb,history_available,19,True,H_D_C_A_K,hgb::H_D_C_A_K,hgb::H_D_C_A_K,H_D_C_A_K,"{""learning_rate"": 0.05, ""max_leaf_nodes"": 7}",True,17,17,0.6375688985770717,2,3,1252,313,"{""learning_rate"": 0.05, ""max_leaf_nodes"": 7}","[""H"", ""D"", ""C"", ""A"", ""K""]"
hgb|history_available|budget=20,hgb,history_available,20,True,H_D_C_A_K,hgb::H_D_C_A_K,hgb::H_D_C_A_K,H_D_C_A_K,"{""learning_rate"": 0.05, ""max_leaf_nodes"": 7}",True,17,17,0.6375688985770717,2,3,1252,313,"{""learning_rate"": 0.05, ""max_leaf_nodes"": 7}","[""H"", ""D"", ""C"", ""A"", ""K""]"
hgb|history_available|budget=21,hgb,history_available,21,True,H_D_C_A_K,hgb::H_D_C_A_K,hgb::H_D_C_A_K,H_D_C_A_K,"{""learning_rate"": 0.05, ""max_leaf_nodes"": 7}",True,17,17,0.6375688985770717,2,3,1252,313,"{""learning_rate"": 0.05, ""max_leaf_nodes"": 7}","[""H"", ""D"", ""C"", ""A"", ""K""]"
hgb|history_available|budget=22,hgb,history_available,22,True,H_D_C_A_K,hgb::H_D_C_A_K,hgb::H_D_C_A_K,H_D_C_A_K,"{""learning_rate"": 0.05, ""max_leaf_nodes"": 7}",True,17,17,0.6375688985770717,2,3,1252,313,"{""learning_rate"": 0.05, ""max_leaf_nodes"": 7}","[""H"", ""D"", ""C"", ""A"", ""K""]"
hgb|history_available|budget=23,hgb,history_available,23,True,H_D_C_A_K,hgb::H_D_C_A_K,hgb::H_D_C_A_K,H_D_C_A_K,"{""learning_rate"": 0.05, ""max_leaf_nodes"": 7}",True,17,17,0.6375688985770717,2,3,1252,313,"{""learning_rate"": 0.05, ""max_leaf_nodes"": 7}","[""H"", ""D"", ""C"", ""A"", ""K""]"
hgb|history_available|budget=24,hgb,history_available,24,True,H_D_C_A_K,hgb::H_D_C_A_K,hgb::H_D_C_A_K,H_D_C_A_K,"{""learning_rate"": 0.05, ""max_leaf_nodes"": 7}",True,17,17,0.6375688985770717,2,3,1252,313,"{""learning_rate"": 0.05, ""max_leaf_nodes"": 7}","[""H"", ""D"", ""C"", ""A"", ""K""]"
hgb|history_available|budget=25,hgb,history_available,25,True,H_D_C_A_K,hgb::H_D_C_A_K,hgb::H_D_C_A_K,H_D_C_A_K,"{""learning_rate"": 0.05, ""max_leaf_nodes"": 7}",True,17,17,0.6375688985770717,2,3,1252,313,"{""learning_rate"": 0.05, ""max_leaf_nodes"": 7}","[""H"", ""D"", ""C"", ""A"", ""K""]"
hgb|history_available|budget=26,hgb,history_available,26,True,H_D_C_A_K,hgb::H_D_C_A_K,hgb::H_D_C_A_K,H_D_C_A_K,"{""learning_rate"": 0.05, ""max_leaf_nodes"": 7}",True,17,17,0.6375688985770717,2,3,1252,313,"{""learning_rate"": 0.05, ""max_leaf_nodes"": 7}","[""H"", ""D"", ""C"", ""A"", ""K""]"
hgb|history_available|budget=27,hgb,history_available,27,True,H_D_B_P_K,hgb::H_D_B_P_K,hgb::H_D_B_P_K,H_D_B_P_K,"{""learning_rate"": 0.05, ""max_leaf_nodes"": 7}",True,27,27,0.6368669414247655,2,3,1252,313,"{""learning_rate"": 0.05, ""max_leaf_nodes"": 7}","[""H"", ""D"", ""B"", ""P"", ""K""]"
hgb|history_available|budget=28,hgb,history_available,28,True,H_D_B_P_A_K,hgb::H_D_B_P_A_K,hgb::H_D_B_P_A_K,H_D_B_P_A_K,"{""learning_rate"": 0.05, ""max_leaf_nodes"": 7}",True,28,28,0.6364030604854751,2,3,1252,313,"{""learning_rate"": 0.05, ""max_leaf_nodes"": 7}","[""H"", ""D"", ""B"", ""P"", ""A"", ""K""]"
hgb|history_available|budget=29,hgb,history_available,29,True,H_D_B_P_A_K,hgb::H_D_B_P_A_K,hgb::H_D_B_P_A_K,H_D_B_P_A_K,"{""learning_rate"": 0.05, ""max_leaf_nodes"": 7}",True,28,28,0.6364030604854751,2,3,1252,313,"{""learning_rate"": 0.05, ""max_leaf_nodes"": 7}","[""H"", ""D"", ""B"", ""P"", ""A"", ""K""]"
hgb|history_available|budget=30,hgb,history_available,30,True,H_D_B_P_A_K,hgb::H_D_B_P_A_K,hgb::H_D_B_P_A_K,H_D_B_P_A_K,"{""learning_rate"": 0.05, ""max_leaf_nodes"": 7}",True,28,28,0.6364030604854751,2,3,1252,313,"{""learning_rate"": 0.05, ""max_leaf_nodes"": 7}","[""H"", ""D"", ""B"", ""P"", ""A"", ""K""]"
hgb|history_unavailable|budget=00,hgb,history_unavailable,0,False,NONE,hgb::NONE,hgb::NONE,NONE,"{""learning_rate"": 0.05, ""max_leaf_nodes"": 3}",False,0,0,0.6853669918199292,2,3,1252,313,"{""learning_rate"": 0.05, ""max_leaf_nodes"": 3}",[]
hgb|history_unavailable|budget=01,hgb,history_unavailable,1,False,B,hgb::B,hgb::B,B,"{""learning_rate"": 0.05, ""max_leaf_nodes"": 3}",False,1,1,0.6760748839473182,2,3,1252,313,"{""learning_rate"": 0.05, ""max_leaf_nodes"": 3}","[""B""]"
hgb|history_unavailable|budget=02,hgb,history_unavailable,2,False,B_A,hgb::B_A,hgb::B_A,B_A,"{""learning_rate"": 0.05, ""max_leaf_nodes"": 7}",False,2,2,0.6691377439225514,2,3,1252,313,"{""learning_rate"": 0.05, ""max_leaf_nodes"": 7}","[""B"", ""A""]"
hgb|history_unavailable|budget=03,hgb,history_unavailable,3,False,B_A,hgb::B_A,hgb::B_A,B_A,"{""learning_rate"": 0.05, ""max_leaf_nodes"": 7}",False,2,2,0.6691377439225514,2,3,1252,313,"{""learning_rate"": 0.05, ""max_leaf_nodes"": 7}","[""B"", ""A""]"
hgb|history_unavailable|budget=04,hgb,history_unavailable,4,False,B_A,hgb::B_A,hgb::B_A,B_A,"{""learning_rate"": 0.05, ""max_leaf_nodes"": 7}",False,2,2,0.6691377439225514,2,3,1252,313,"{""learning_rate"": 0.05, ""max_leaf_nodes"": 7}","[""B"", ""A""]"
hgb|history_unavailable|budget=05,hgb,history_unavailable,5,False,D_B,hgb::D_B,hgb::D_B,D_B,"{""learning_rate"": 0.05, ""max_leaf_nodes"": 3}",False,5,5,0.666261595502294,2,3,1252,313,"{""learning_rate"": 0.05, ""max_leaf_nodes"": 3}","[""D"", ""B""]"
hgb|history_unavailable|budget=06,hgb,history_unavailable,6,False,D_B_A,hgb::D_B_A,hgb::D_B_A,D_B_A,"{""learning_rate"": 0.05, ""max_leaf_nodes"": 3}",False,6,6,0.6619392706174277,2,3,1252,313,"{""learning_rate"": 0.05, ""max_leaf_nodes"": 3}","[""D"", ""B"", ""A""]"
hgb|history_unavailable|budget=07,hgb,history_unavailable,7,False,D_B_C_A,hgb::D_B_C_A,hgb::D_B_C_A,D_B_C_A,"{""learning_rate"": 0.05, ""max_leaf_nodes"": 3}",False,7,7,0.6613614353599486,2,3,1252,313,"{""learning_rate"": 0.05, ""max_leaf_nodes"": 3}","[""D"", ""B"", ""C"", ""A""]"
hgb|history_unavailable|budget=08,hgb,history_unavailable,8,False,D_B_C_A,hgb::D_B_C_A,hgb::D_B_C_A,D_B_C_A,"{""learning_rate"": 0.05, ""max_leaf_nodes"": 3}",False,7,7,0.6613614353599486,2,3,1252,313,"{""learning_rate"": 0.05, ""max_leaf_nodes"": 3}","[""D"", ""B"", ""C"", ""A""]"
hgb|history_unavailable|budget=09,hgb,history_unavailable,9,False,D_B_C_A,hgb::D_B_C_A,hgb::D_B_C_A,D_B_C_A,"{""learning_rate"": 0.05, ""max_leaf_nodes"": 3}",False,7,7,0.6613614353599486,2,3,1252,313,"{""learning_rate"": 0.05, ""max_leaf_nodes"": 3}","[""D"", ""B"", ""C"", ""A""]"
hgb|history_unavailable|budget=10,hgb,history_unavailable,10,False,D_B_C_A,hgb::D_B_C_A,hgb::D_B_C_A,D_B_C_A,"{""learning_rate"": 0.05, ""max_leaf_nodes"": 3}",False,7,7,0.6613614353599486,2,3,1252,313,"{""learning_rate"": 0.05, ""max_leaf_nodes"": 3}","[""D"", ""B"", ""C"", ""A""]"
hgb|history_unavailable|budget=11,hgb,history_unavailable,11,False,D_B_C_A,hgb::D_B_C_A,hgb::D_B_C_A,D_B_C_A,"{""learning_rate"": 0.05, ""max_leaf_nodes"": 3}",False,7,7,0.6613614353599486,2,3,1252,313,"{""learning_rate"": 0.05, ""max_leaf_nodes"": 3}","[""D"", ""B"", ""C"", ""A""]"
hgb|history_unavailable|budget=12,hgb,history_unavailable,12,False,D_B_C_A,hgb::D_B_C_A,hgb::D_B_C_A,D_B_C_A,"{""learning_rate"": 0.05, ""max_leaf_nodes"": 3}",False,7,7,0.6613614353599486,2,3,1252,313,"{""learning_rate"": 0.05, ""max_leaf_nodes"": 3}","[""D"", ""B"", ""C"", ""A""]"
hgb|history_unavailable|budget=13,hgb,history_unavailable,13,False,B_A_K,hgb::B_A_K,hgb::B_A_K,B_A_K,"{""learning_rate"": 0.05, ""max_leaf_nodes"": 3}",False,13,13,0.6565204470724052,2,3,1252,313,"{""learning_rate"": 0.05, ""max_leaf_nodes"": 3}","[""B"", ""A"", ""K""]"
hgb|history_unavailable|budget=14,hgb,history_unavailable,14,False,B_A_K,hgb::B_A_K,hgb::B_A_K,B_A_K,"{""learning_rate"": 0.05, ""max_leaf_nodes"": 3}",False,13,13,0.6565204470724052,2,3,1252,313,"{""learning_rate"": 0.05, ""max_leaf_nodes"": 3}","[""B"", ""A"", ""K""]"
hgb|history_unavailable|budget=15,hgb,history_unavailable,15,False,B_A_K,hgb::B_A_K,hgb::B_A_K,B_A_K,"{""learning_rate"": 0.05, ""max_leaf_nodes"": 3}",False,13,13,0.6565204470724052,2,3,1252,313,"{""learning_rate"": 0.05, ""max_leaf_nodes"": 3}","[""B"", ""A"", ""K""]"
hgb|history_unavailable|budget=16,hgb,history_unavailable,16,False,B_A_K,hgb::B_A_K,hgb::B_A_K,B_A_K,"{""learning_rate"": 0.05, ""max_leaf_nodes"": 3}",False,13,13,0.6565204470724052,2,3,1252,313,"{""learning_rate"": 0.05, ""max_leaf_nodes"": 3}","[""B"", ""A"", ""K""]"
hgb|history_unavailable|budget=17,hgb,history_unavailable,17,False,D_B_A_K,hgb::D_B_A_K,hgb::D_B_A_K,D_B_A_K,"{""learning_rate"": 0.05, ""max_leaf_nodes"": 3}",False,17,17,0.6530879811140715,2,3,1252,313,"{""learning_rate"": 0.05, ""max_leaf_nodes"": 3}","[""D"", ""B"", ""A"", ""K""]"
hgb|history_unavailable|budget=18,hgb,history_unavailable,18,False,D_B_C_A_K,hgb::D_B_C_A_K,hgb::D_B_C_A_K,D_B_C_A_K,"{""learning_rate"": 0.05, ""max_leaf_nodes"": 3}",False,18,18,0.6516677848374022,2,3,1252,313,"{""learning_rate"": 0.05, ""max_leaf_nodes"": 3}","[""D"", ""B"", ""C"", ""A"", ""K""]"
hgb|history_unavailable|budget=19,hgb,history_unavailable,19,False,D_B_C_A_K,hgb::D_B_C_A_K,hgb::D_B_C_A_K,D_B_C_A_K,"{""learning_rate"": 0.05, ""max_leaf_nodes"": 3}",False,18,18,0.6516677848374022,2,3,1252,313,"{""learning_rate"": 0.05, ""max_leaf_nodes"": 3}","[""D"", ""B"", ""C"", ""A"", ""K""]"
hgb|history_unavailable|budget=20,hgb,history_unavailable,20,False,D_B_C_A_K,hgb::D_B_C_A_K,hgb::D_B_C_A_K,D_B_C_A_K,"{""learning_rate"": 0.05, ""max_leaf_nodes"": 3}",False,18,18,0.6516677848374022,2,3,1252,313,"{""learning_rate"": 0.05, ""max_leaf_nodes"": 3}","[""D"", ""B"", ""C"", ""A"", ""K""]"
hgb|history_unavailable|budget=21,hgb,history_unavailable,21,False,D_B_C_A_K,hgb::D_B_C_A_K,hgb::D_B_C_A_K,D_B_C_A_K,"{""learning_rate"": 0.05, ""max_leaf_nodes"": 3}",False,18,18,0.6516677848374022,2,3,1252,313,"{""learning_rate"": 0.05, ""max_leaf_nodes"": 3}","[""D"", ""B"", ""C"", ""A"", ""K""]"
hgb|history_unavailable|budget=22,hgb,history_unavailable,22,False,D_B_C_A_K,hgb::D_B_C_A_K,hgb::D_B_C_A_K,D_B_C_A_K,"{""learning_rate"": 0.05, ""max_leaf_nodes"": 3}",False,18,18,0.6516677848374022,2,3,1252,313,"{""learning_rate"": 0.05, ""max_leaf_nodes"": 3}","[""D"", ""B"", ""C"", ""A"", ""K""]"
hgb|history_unavailable|budget=23,hgb,history_unavailable,23,False,D_B_C_A_K,hgb::D_B_C_A_K,hgb::D_B_C_A_K,D_B_C_A_K,"{""learning_rate"": 0.05, ""max_leaf_nodes"": 3}",False,18,18,0.6516677848374022,2,3,1252,313,"{""learning_rate"": 0.05, ""max_leaf_nodes"": 3}","[""D"", ""B"", ""C"", ""A"", ""K""]"
hgb|history_unavailable|budget=24,hgb,history_unavailable,24,False,D_B_C_A_K,hgb::D_B_C_A_K,hgb::D_B_C_A_K,D_B_C_A_K,"{""learning_rate"": 0.05, ""max_leaf_nodes"": 3}",False,18,18,0.6516677848374022,2,3,1252,313,"{""learning_rate"": 0.05, ""max_leaf_nodes"": 3}","[""D"", ""B"", ""C"", ""A"", ""K""]"
hgb|history_unavailable|budget=25,hgb,history_unavailable,25,False,D_B_C_A_K,hgb::D_B_C_A_K,hgb::D_B_C_A_K,D_B_C_A_K,"{""learning_rate"": 0.05, ""max_leaf_nodes"": 3}",False,18,18,0.6516677848374022,2,3,1252,313,"{""learning_rate"": 0.05, ""max_leaf_nodes"": 3}","[""D"", ""B"", ""C"", ""A"", ""K""]"
hgb|history_unavailable|budget=26,hgb,history_unavailable,26,False,D_B_C_A_K,hgb::D_B_C_A_K,hgb::D_B_C_A_K,D_B_C_A_K,"{""learning_rate"": 0.05, ""max_leaf_nodes"": 3}",False,18,18,0.6516677848374022,2,3,1252,313,"{""learning_rate"": 0.05, ""max_leaf_nodes"": 3}","[""D"", ""B"", ""C"", ""A"", ""K""]"
hgb|history_unavailable|budget=27,hgb,history_unavailable,27,False,D_B_C_A_K,hgb::D_B_C_A_K,hgb::D_B_C_A_K,D_B_C_A_K,"{""learning_rate"": 0.05, ""max_leaf_nodes"": 3}",False,18,18,0.6516677848374022,2,3,1252,313,"{""learning_rate"": 0.05, ""max_leaf_nodes"": 3}","[""D"", ""B"", ""C"", ""A"", ""K""]"
hgb|history_unavailable|budget=28,hgb,history_unavailable,28,False,D_B_P_A_K,hgb::D_B_P_A_K,hgb::D_B_P_A_K,D_B_P_A_K,"{""learning_rate"": 0.05, ""max_leaf_nodes"": 7}",False,28,28,0.6514389460805156,2,3,1252,313,"{""learning_rate"": 0.05, ""max_leaf_nodes"": 7}","[""D"", ""B"", ""P"", ""A"", ""K""]"
hgb|history_unavailable|budget=29,hgb,history_unavailable,29,False,D_B_P_C_A_K,hgb::D_B_P_C_A_K,hgb::D_B_P_C_A_K,D_B_P_C_A_K,"{""learning_rate"": 0.05, ""max_leaf_nodes"": 7}",False,29,29,0.6511012835824311,2,3,1252,313,"{""learning_rate"": 0.05, ""max_leaf_nodes"": 7}","[""D"", ""B"", ""P"", ""C"", ""A"", ""K""]"
hgb|history_unavailable|budget=30,hgb,history_unavailable,30,False,D_B_P_C_A_K,hgb::D_B_P_C_A_K,hgb::D_B_P_C_A_K,D_B_P_C_A_K,"{""learning_rate"": 0.05, ""max_leaf_nodes"": 7}",False,29,29,0.6511012835824311,2,3,1252,313,"{""learning_rate"": 0.05, ""max_leaf_nodes"": 7}","[""D"", ""B"", ""P"", ""C"", ""A"", ""K""]"
ridge|history_available|budget=00,ridge,history_available,0,True,P0,P0,P0,P0,null,True,0,0,0.6620934969260914,2,4,1252,313,null,"[""H""]"
ridge|history_available|budget=01,ridge,history_available,1,True,H_B,ridge::H_B,ridge::H_B,H_B,0.1,True,1,1,0.658550698283649,2,4,1252,313,0.1,"[""H"", ""B""]"
ridge|history_available|budget=02,ridge,history_available,2,True,H_B_A,ridge::H_B_A,ridge::H_B_A,H_B_A,0.1,True,2,2,0.6575639310991557,2,4,1252,313,0.1,"[""H"", ""B"", ""A""]"
ridge|history_available|budget=03,ridge,history_available,3,True,H_B_A,ridge::H_B_A,ridge::H_B_A,H_B_A,0.1,True,2,2,0.6575639310991557,2,4,1252,313,0.1,"[""H"", ""B"", ""A""]"
ridge|history_available|budget=04,ridge,history_available,4,True,H_D,ridge::H_D,ridge::H_D,H_D,1.0,True,4,4,0.6315456395456933,2,4,1252,313,1.0,"[""H"", ""D""]"
ridge|history_available|budget=05,ridge,history_available,5,True,H_D_B,ridge::H_D_B,ridge::H_D_B,H_D_B,1.0,True,5,5,0.6302961036083021,2,4,1252,313,1.0,"[""H"", ""D"", ""B""]"
ridge|history_available|budget=06,ridge,history_available,6,True,H_D_B_A,ridge::H_D_B_A,ridge::H_D_B_A,H_D_B_A,1.0,True,6,6,0.6297356278729415,2,4,1252,313,1.0,"[""H"", ""D"", ""B"", ""A""]"
ridge|history_available|budget=07,ridge,history_available,7,True,H_D_B_A,ridge::H_D_B_A,ridge::H_D_B_A,H_D_B_A,1.0,True,6,6,0.6297356278729415,2,4,1252,313,1.0,"[""H"", ""D"", ""B"", ""A""]"
ridge|history_available|budget=08,ridge,history_available,8,True,H_D_B_A,ridge::H_D_B_A,ridge::H_D_B_A,H_D_B_A,1.0,True,6,6,0.6297356278729415,2,4,1252,313,1.0,"[""H"", ""D"", ""B"", ""A""]"
ridge|history_available|budget=09,ridge,history_available,9,True,H_D_B_A,ridge::H_D_B_A,ridge::H_D_B_A,H_D_B_A,1.0,True,6,6,0.6297356278729415,2,4,1252,313,1.0,"[""H"", ""D"", ""B"", ""A""]"
ridge|history_available|budget=10,ridge,history_available,10,True,H_D_B_A,ridge::H_D_B_A,ridge::H_D_B_A,H_D_B_A,1.0,True,6,6,0.6297356278729415,2,4,1252,313,1.0,"[""H"", ""D"", ""B"", ""A""]"
ridge|history_available|budget=11,ridge,history_available,11,True,H_D_B_A,ridge::H_D_B_A,ridge::H_D_B_A,H_D_B_A,1.0,True,6,6,0.6297356278729415,2,4,1252,313,1.0,"[""H"", ""D"", ""B"", ""A""]"
ridge|history_available|budget=12,ridge,history_available,12,True,H_D_B_A,ridge::H_D_B_A,ridge::H_D_B_A,H_D_B_A,1.0,True,6,6,0.6297356278729415,2,4,1252,313,1.0,"[""H"", ""D"", ""B"", ""A""]"
ridge|history_available|budget=13,ridge,history_available,13,True,H_D_B_A,ridge::H_D_B_A,ridge::H_D_B_A,H_D_B_A,1.0,True,6,6,0.6297356278729415,2,4,1252,313,1.0,"[""H"", ""D"", ""B"", ""A""]"
ridge|history_available|budget=14,ridge,history_available,14,True,H_D_B_A,ridge::H_D_B_A,ridge::H_D_B_A,H_D_B_A,1.0,True,6,6,0.6297356278729415,2,4,1252,313,1.0,"[""H"", ""D"", ""B"", ""A""]"
ridge|history_available|budget=15,ridge,history_available,15,True,H_D_K,ridge::H_D_K,ridge::H_D_K,H_D_K,1.0,True,15,15,0.6250063347499374,2,4,1252,313,1.0,"[""H"", ""D"", ""K""]"
ridge|history_available|budget=16,ridge,history_available,16,True,H_D_A_K,ridge::H_D_A_K,ridge::H_D_A_K,H_D_A_K,1.0,True,16,16,0.624227116897123,2,4,1252,313,1.0,"[""H"", ""D"", ""A"", ""K""]"
ridge|history_available|budget=17,ridge,history_available,17,True,H_D_B_A_K,ridge::H_D_B_A_K,ridge::H_D_B_A_K,H_D_B_A_K,1.0,True,17,17,0.623444328979552,2,4,1252,313,1.0,"[""H"", ""D"", ""B"", ""A"", ""K""]"
ridge|history_available|budget=18,ridge,history_available,18,True,H_D_B_A_K,ridge::H_D_B_A_K,ridge::H_D_B_A_K,H_D_B_A_K,1.0,True,17,17,0.623444328979552,2,4,1252,313,1.0,"[""H"", ""D"", ""B"", ""A"", ""K""]"
ridge|history_available|budget=19,ridge,history_available,19,True,H_D_B_A_K,ridge::H_D_B_A_K,ridge::H_D_B_A_K,H_D_B_A_K,1.0,True,17,17,0.623444328979552,2,4,1252,313,1.0,"[""H"", ""D"", ""B"", ""A"", ""K""]"
ridge|history_available|budget=20,ridge,history_available,20,True,H_D_B_A_K,ridge::H_D_B_A_K,ridge::H_D_B_A_K,H_D_B_A_K,1.0,True,17,17,0.623444328979552,2,4,1252,313,1.0,"[""H"", ""D"", ""B"", ""A"", ""K""]"
ridge|history_available|budget=21,ridge,history_available,21,True,H_D_B_A_K,ridge::H_D_B_A_K,ridge::H_D_B_A_K,H_D_B_A_K,1.0,True,17,17,0.623444328979552,2,4,1252,313,1.0,"[""H"", ""D"", ""B"", ""A"", ""K""]"
ridge|history_available|budget=22,ridge,history_available,22,True,H_D_B_A_K,ridge::H_D_B_A_K,ridge::H_D_B_A_K,H_D_B_A_K,1.0,True,17,17,0.623444328979552,2,4,1252,313,1.0,"[""H"", ""D"", ""B"", ""A"", ""K""]"
ridge|history_available|budget=23,ridge,history_available,23,True,H_D_B_A_K,ridge::H_D_B_A_K,ridge::H_D_B_A_K,H_D_B_A_K,1.0,True,17,17,0.623444328979552,2,4,1252,313,1.0,"[""H"", ""D"", ""B"", ""A"", ""K""]"
ridge|history_available|budget=24,ridge,history_available,24,True,H_D_B_A_K,ridge::H_D_B_A_K,ridge::H_D_B_A_K,H_D_B_A_K,1.0,True,17,17,0.623444328979552,2,4,1252,313,1.0,"[""H"", ""D"", ""B"", ""A"", ""K""]"
ridge|history_available|budget=25,ridge,history_available,25,True,H_D_B_A_K,ridge::H_D_B_A_K,ridge::H_D_B_A_K,H_D_B_A_K,1.0,True,17,17,0.623444328979552,2,4,1252,313,1.0,"[""H"", ""D"", ""B"", ""A"", ""K""]"
ridge|history_available|budget=26,ridge,history_available,26,True,H_D_B_A_K,ridge::H_D_B_A_K,ridge::H_D_B_A_K,H_D_B_A_K,1.0,True,17,17,0.623444328979552,2,4,1252,313,1.0,"[""H"", ""D"", ""B"", ""A"", ""K""]"
ridge|history_available|budget=27,ridge,history_available,27,True,H_D_B_A_K,ridge::H_D_B_A_K,ridge::H_D_B_A_K,H_D_B_A_K,1.0,True,17,17,0.623444328979552,2,4,1252,313,1.0,"[""H"", ""D"", ""B"", ""A"", ""K""]"
ridge|history_available|budget=28,ridge,history_available,28,True,H_D_B_P_A_K,ridge::H_D_B_P_A_K,ridge::H_D_B_P_A_K,H_D_B_P_A_K,1.0,True,28,28,0.6232510390992908,2,4,1252,313,1.0,"[""H"", ""D"", ""B"", ""P"", ""A"", ""K""]"
ridge|history_available|budget=29,ridge,history_available,29,True,H_D_B_P_A_K,ridge::H_D_B_P_A_K,ridge::H_D_B_P_A_K,H_D_B_P_A_K,1.0,True,28,28,0.6232510390992908,2,4,1252,313,1.0,"[""H"", ""D"", ""B"", ""P"", ""A"", ""K""]"
ridge|history_available|budget=30,ridge,history_available,30,True,H_D_B_P_A_K,ridge::H_D_B_P_A_K,ridge::H_D_B_P_A_K,H_D_B_P_A_K,1.0,True,28,28,0.6232510390992908,2,4,1252,313,1.0,"[""H"", ""D"", ""B"", ""P"", ""A"", ""K""]"
ridge|history_unavailable|budget=00,ridge,history_unavailable,0,False,NONE,ridge::NONE,ridge::NONE,NONE,0.001,False,0,0,0.6853669918199291,2,4,1252,313,0.001,[]
ridge|history_unavailable|budget=01,ridge,history_unavailable,1,False,B,ridge::B,ridge::B,B,0.1,False,1,1,0.6780499536462314,2,4,1252,313,0.1,"[""B""]"
ridge|history_unavailable|budget=02,ridge,history_unavailable,2,False,B_A,ridge::B_A,ridge::B_A,B_A,0.1,False,2,2,0.6750189680423996,2,4,1252,313,0.1,"[""B"", ""A""]"
ridge|history_unavailable|budget=03,ridge,history_unavailable,3,False,B_A,ridge::B_A,ridge::B_A,B_A,0.1,False,2,2,0.6750189680423996,2,4,1252,313,0.1,"[""B"", ""A""]"
ridge|history_unavailable|budget=04,ridge,history_unavailable,4,False,D,ridge::D,ridge::D,D,1.0,False,4,4,0.6522111343719301,2,4,1252,313,1.0,"[""D""]"
ridge|history_unavailable|budget=05,ridge,history_unavailable,5,False,D_B,ridge::D_B,ridge::D_B,D_B,1.0,False,5,5,0.6488307060259673,2,4,1252,313,1.0,"[""D"", ""B""]"
ridge|history_unavailable|budget=06,ridge,history_unavailable,6,False,D_B_A,ridge::D_B_A,ridge::D_B_A,D_B_A,1.0,False,6,6,0.646468245849006,2,4,1252,313,1.0,"[""D"", ""B"", ""A""]"
ridge|history_unavailable|budget=07,ridge,history_unavailable,7,False,D_B_M_A,ridge::D_B_M_A,ridge::D_B_M_A,D_B_M_A,1.0,False,7,7,0.6464347207625681,2,4,1252,313,1.0,"[""D"", ""B"", ""M"", ""A""]"
ridge|history_unavailable|budget=08,ridge,history_unavailable,8,False,D_B_M_A,ridge::D_B_M_A,ridge::D_B_M_A,D_B_M_A,1.0,False,7,7,0.6464347207625681,2,4,1252,313,1.0,"[""D"", ""B"", ""M"", ""A""]"
ridge|history_unavailable|budget=09,ridge,history_unavailable,9,False,D_B_M_A,ridge::D_B_M_A,ridge::D_B_M_A,D_B_M_A,1.0,False,7,7,0.6464347207625681,2,4,1252,313,1.0,"[""D"", ""B"", ""M"", ""A""]"
ridge|history_unavailable|budget=10,ridge,history_unavailable,10,False,D_B_M_A,ridge::D_B_M_A,ridge::D_B_M_A,D_B_M_A,1.0,False,7,7,0.6464347207625681,2,4,1252,313,1.0,"[""D"", ""B"", ""M"", ""A""]"
ridge|history_unavailable|budget=11,ridge,history_unavailable,11,False,D_B_M_A,ridge::D_B_M_A,ridge::D_B_M_A,D_B_M_A,1.0,False,7,7,0.6464347207625681,2,4,1252,313,1.0,"[""D"", ""B"", ""M"", ""A""]"
ridge|history_unavailable|budget=12,ridge,history_unavailable,12,False,D_B_M_A,ridge::D_B_M_A,ridge::D_B_M_A,D_B_M_A,1.0,False,7,7,0.6464347207625681,2,4,1252,313,1.0,"[""D"", ""B"", ""M"", ""A""]"
ridge|history_unavailable|budget=13,ridge,history_unavailable,13,False,D_B_M_A,ridge::D_B_M_A,ridge::D_B_M_A,D_B_M_A,1.0,False,7,7,0.6464347207625681,2,4,1252,313,1.0,"[""D"", ""B"", ""M"", ""A""]"
ridge|history_unavailable|budget=14,ridge,history_unavailable,14,False,D_B_M_A,ridge::D_B_M_A,ridge::D_B_M_A,D_B_M_A,1.0,False,7,7,0.6464347207625681,2,4,1252,313,1.0,"[""D"", ""B"", ""M"", ""A""]"
ridge|history_unavailable|budget=15,ridge,history_unavailable,15,False,D_K,ridge::D_K,ridge::D_K,D_K,1.0,False,15,15,0.6424139898064815,2,4,1252,313,1.0,"[""D"", ""K""]"
ridge|history_unavailable|budget=16,ridge,history_unavailable,16,False,D_A_K,ridge::D_A_K,ridge::D_A_K,D_A_K,1.0,False,16,16,0.6399771006404095,2,4,1252,313,1.0,"[""D"", ""A"", ""K""]"
ridge|history_unavailable|budget=17,ridge,history_unavailable,17,False,D_B_A_K,ridge::D_B_A_K,ridge::D_B_A_K,D_B_A_K,1.0,False,17,17,0.6375598810889309,2,4,1252,313,1.0,"[""D"", ""B"", ""A"", ""K""]"
ridge|history_unavailable|budget=18,ridge,history_unavailable,18,False,D_B_A_K,ridge::D_B_A_K,ridge::D_B_A_K,D_B_A_K,1.0,False,17,17,0.6375598810889309,2,4,1252,313,1.0,"[""D"", ""B"", ""A"", ""K""]"
ridge|history_unavailable|budget=19,ridge,history_unavailable,19,False,D_B_A_K,ridge::D_B_A_K,ridge::D_B_A_K,D_B_A_K,1.0,False,17,17,0.6375598810889309,2,4,1252,313,1.0,"[""D"", ""B"", ""A"", ""K""]"
ridge|history_unavailable|budget=20,ridge,history_unavailable,20,False,D_B_A_K,ridge::D_B_A_K,ridge::D_B_A_K,D_B_A_K,1.0,False,17,17,0.6375598810889309,2,4,1252,313,1.0,"[""D"", ""B"", ""A"", ""K""]"
ridge|history_unavailable|budget=21,ridge,history_unavailable,21,False,D_B_A_K,ridge::D_B_A_K,ridge::D_B_A_K,D_B_A_K,1.0,False,17,17,0.6375598810889309,2,4,1252,313,1.0,"[""D"", ""B"", ""A"", ""K""]"
ridge|history_unavailable|budget=22,ridge,history_unavailable,22,False,D_B_A_K,ridge::D_B_A_K,ridge::D_B_A_K,D_B_A_K,1.0,False,17,17,0.6375598810889309,2,4,1252,313,1.0,"[""D"", ""B"", ""A"", ""K""]"
ridge|history_unavailable|budget=23,ridge,history_unavailable,23,False,D_B_A_K,ridge::D_B_A_K,ridge::D_B_A_K,D_B_A_K,1.0,False,17,17,0.6375598810889309,2,4,1252,313,1.0,"[""D"", ""B"", ""A"", ""K""]"
ridge|history_unavailable|budget=24,ridge,history_unavailable,24,False,D_B_A_K,ridge::D_B_A_K,ridge::D_B_A_K,D_B_A_K,1.0,False,17,17,0.6375598810889309,2,4,1252,313,1.0,"[""D"", ""B"", ""A"", ""K""]"
ridge|history_unavailable|budget=25,ridge,history_unavailable,25,False,D_B_A_K,ridge::D_B_A_K,ridge::D_B_A_K,D_B_A_K,1.0,False,17,17,0.6375598810889309,2,4,1252,313,1.0,"[""D"", ""B"", ""A"", ""K""]"
ridge|history_unavailable|budget=26,ridge,history_unavailable,26,False,D_B_A_K,ridge::D_B_A_K,ridge::D_B_A_K,D_B_A_K,1.0,False,17,17,0.6375598810889309,2,4,1252,313,1.0,"[""D"", ""B"", ""A"", ""K""]"
ridge|history_unavailable|budget=27,ridge,history_unavailable,27,False,D_B_A_K,ridge::D_B_A_K,ridge::D_B_A_K,D_B_A_K,1.0,False,17,17,0.6375598810889309,2,4,1252,313,1.0,"[""D"", ""B"", ""A"", ""K""]"
ridge|history_unavailable|budget=28,ridge,history_unavailable,28,False,D_B_P_A_K,ridge::D_B_P_A_K,ridge::D_B_P_A_K,D_B_P_A_K,1.0,False,28,28,0.6373778247877708,2,4,1252,313,1.0,"[""D"", ""B"", ""P"", ""A"", ""K""]"
ridge|history_unavailable|budget=29,ridge,history_unavailable,29,False,D_B_P_A_K,ridge::D_B_P_A_K,ridge::D_B_P_A_K,D_B_P_A_K,1.0,False,28,28,0.6373778247877708,2,4,1252,313,1.0,"[""D"", ""B"", ""P"", ""A"", ""K""]"
ridge|history_unavailable|budget=30,ridge,history_unavailable,30,False,D_B_P_A_K,ridge::D_B_P_A_K,ridge::D_B_P_A_K,D_B_P_A_K,1.0,False,28,28,0.6373778247877708,2,4,1252,313,1.0,"[""D"", ""B"", ""P"", ""A"", ""K""]"
hgb|history_available|budget=00,hgb,history_available,0,True,H,hgb::H,hgb::H,H,"{""learning_rate"": 0.05, ""max_leaf_nodes"": 3}",True,0,0,0.6620923998288902,2,4,1252,313,"{""learning_rate"": 0.05, ""max_leaf_nodes"": 3}","[""H""]"
hgb|history_available|budget=01,hgb,history_available,1,True,H_B,hgb::H_B,hgb::H_B,H_B,"{""learning_rate"": 0.05, ""max_leaf_nodes"": 3}",True,1,1,0.658493668564809,2,4,1252,313,"{""learning_rate"": 0.05, ""max_leaf_nodes"": 3}","[""H"", ""B""]"
hgb|history_available|budget=02,hgb,history_available,2,True,H_B_A,hgb::H_B_A,hgb::H_B_A,H_B_A,"{""learning_rate"": 0.05, ""max_leaf_nodes"": 3}",True,2,2,0.6566145025255297,2,4,1252,313,"{""learning_rate"": 0.05, ""max_leaf_nodes"": 3}","[""H"", ""B"", ""A""]"
hgb|history_available|budget=03,hgb,history_available,3,True,H_B_M_A,hgb::H_B_M_A,hgb::H_B_M_A,H_B_M_A,"{""learning_rate"": 0.05, ""max_leaf_nodes"": 3}",True,3,3,0.6546610171551418,2,4,1252,313,"{""learning_rate"": 0.05, ""max_leaf_nodes"": 3}","[""H"", ""B"", ""M"", ""A""]"
hgb|history_available|budget=04,hgb,history_available,4,True,H_D,hgb::H_D,hgb::H_D,H_D,"{""learning_rate"": 0.05, ""max_leaf_nodes"": 7}",True,4,4,0.64345787355125,2,4,1252,313,"{""learning_rate"": 0.05, ""max_leaf_nodes"": 7}","[""H"", ""D""]"
hgb|history_available|budget=05,hgb,history_available,5,True,H_D_B,hgb::H_D_B,hgb::H_D_B,H_D_B,"{""learning_rate"": 0.05, ""max_leaf_nodes"": 7}",True,5,5,0.6388016305820966,2,4,1252,313,"{""learning_rate"": 0.05, ""max_leaf_nodes"": 7}","[""H"", ""D"", ""B""]"
hgb|history_available|budget=06,hgb,history_available,6,True,H_D_B_C,hgb::H_D_B_C,hgb::H_D_B_C,H_D_B_C,"{""learning_rate"": 0.05, ""max_leaf_nodes"": 7}",True,6,6,0.6378172711511522,2,4,1252,313,"{""learning_rate"": 0.05, ""max_leaf_nodes"": 7}","[""H"", ""D"", ""B"", ""C""]"
hgb|history_available|budget=07,hgb,history_available,7,True,H_D_B_M_A,hgb::H_D_B_M_A,hgb::H_D_B_M_A,H_D_B_M_A,"{""learning_rate"": 0.05, ""max_leaf_nodes"": 7}",True,7,7,0.6375630979991358,2,4,1252,313,"{""learning_rate"": 0.05, ""max_leaf_nodes"": 7}","[""H"", ""D"", ""B"", ""M"", ""A""]"
hgb|history_available|budget=08,hgb,history_available,8,True,H_D_B_M_A,hgb::H_D_B_M_A,hgb::H_D_B_M_A,H_D_B_M_A,"{""learning_rate"": 0.05, ""max_leaf_nodes"": 7}",True,7,7,0.6375630979991358,2,4,1252,313,"{""learning_rate"": 0.05, ""max_leaf_nodes"": 7}","[""H"", ""D"", ""B"", ""M"", ""A""]"
hgb|history_available|budget=09,hgb,history_available,9,True,H_D_B_M_A,hgb::H_D_B_M_A,hgb::H_D_B_M_A,H_D_B_M_A,"{""learning_rate"": 0.05, ""max_leaf_nodes"": 7}",True,7,7,0.6375630979991358,2,4,1252,313,"{""learning_rate"": 0.05, ""max_leaf_nodes"": 7}","[""H"", ""D"", ""B"", ""M"", ""A""]"
hgb|history_available|budget=10,hgb,history_available,10,True,H_D_B_M_A,hgb::H_D_B_M_A,hgb::H_D_B_M_A,H_D_B_M_A,"{""learning_rate"": 0.05, ""max_leaf_nodes"": 7}",True,7,7,0.6375630979991358,2,4,1252,313,"{""learning_rate"": 0.05, ""max_leaf_nodes"": 7}","[""H"", ""D"", ""B"", ""M"", ""A""]"
hgb|history_available|budget=11,hgb,history_available,11,True,H_D_B_M_A,hgb::H_D_B_M_A,hgb::H_D_B_M_A,H_D_B_M_A,"{""learning_rate"": 0.05, ""max_leaf_nodes"": 7}",True,7,7,0.6375630979991358,2,4,1252,313,"{""learning_rate"": 0.05, ""max_leaf_nodes"": 7}","[""H"", ""D"", ""B"", ""M"", ""A""]"
hgb|history_available|budget=12,hgb,history_available,12,True,H_D_B_M_A,hgb::H_D_B_M_A,hgb::H_D_B_M_A,H_D_B_M_A,"{""learning_rate"": 0.05, ""max_leaf_nodes"": 7}",True,7,7,0.6375630979991358,2,4,1252,313,"{""learning_rate"": 0.05, ""max_leaf_nodes"": 7}","[""H"", ""D"", ""B"", ""M"", ""A""]"
hgb|history_available|budget=13,hgb,history_available,13,True,H_D_B_M_A,hgb::H_D_B_M_A,hgb::H_D_B_M_A,H_D_B_M_A,"{""learning_rate"": 0.05, ""max_leaf_nodes"": 7}",True,7,7,0.6375630979991358,2,4,1252,313,"{""learning_rate"": 0.05, ""max_leaf_nodes"": 7}","[""H"", ""D"", ""B"", ""M"", ""A""]"
hgb|history_available|budget=14,hgb,history_available,14,True,H_D_B_M_A,hgb::H_D_B_M_A,hgb::H_D_B_M_A,H_D_B_M_A,"{""learning_rate"": 0.05, ""max_leaf_nodes"": 7}",True,7,7,0.6375630979991358,2,4,1252,313,"{""learning_rate"": 0.05, ""max_leaf_nodes"": 7}","[""H"", ""D"", ""B"", ""M"", ""A""]"
hgb|history_available|budget=15,hgb,history_available,15,True,H_D_P,hgb::H_D_P,hgb::H_D_P,H_D_P,"{""learning_rate"": 0.05, ""max_leaf_nodes"": 7}",True,15,15,0.630729856367265,2,4,1252,313,"{""learning_rate"": 0.05, ""max_leaf_nodes"": 7}","[""H"", ""D"", ""P""]"
hgb|history_available|budget=16,hgb,history_available,16,True,H_D_B_P,hgb::H_D_B_P,hgb::H_D_B_P,H_D_B_P,"{""learning_rate"": 0.05, ""max_leaf_nodes"": 7}",True,16,16,0.629513948148894,2,4,1252,313,"{""learning_rate"": 0.05, ""max_leaf_nodes"": 7}","[""H"", ""D"", ""B"", ""P""]"
hgb|history_available|budget=17,hgb,history_available,17,True,H_D_B_M_P,hgb::H_D_B_M_P,hgb::H_D_B_M_P,H_D_B_M_P,"{""learning_rate"": 0.05, ""max_leaf_nodes"": 7}",True,17,17,0.6289825479521425,2,4,1252,313,"{""learning_rate"": 0.05, ""max_leaf_nodes"": 7}","[""H"", ""D"", ""B"", ""M"", ""P""]"
hgb|history_available|budget=18,hgb,history_available,18,True,H_D_B_M_P,hgb::H_D_B_M_P,hgb::H_D_B_M_P,H_D_B_M_P,"{""learning_rate"": 0.05, ""max_leaf_nodes"": 7}",True,17,17,0.6289825479521425,2,4,1252,313,"{""learning_rate"": 0.05, ""max_leaf_nodes"": 7}","[""H"", ""D"", ""B"", ""M"", ""P""]"
hgb|history_available|budget=19,hgb,history_available,19,True,H_D_B_M_P,hgb::H_D_B_M_P,hgb::H_D_B_M_P,H_D_B_M_P,"{""learning_rate"": 0.05, ""max_leaf_nodes"": 7}",True,17,17,0.6289825479521425,2,4,1252,313,"{""learning_rate"": 0.05, ""max_leaf_nodes"": 7}","[""H"", ""D"", ""B"", ""M"", ""P""]"
hgb|history_available|budget=20,hgb,history_available,20,True,H_D_B_M_P,hgb::H_D_B_M_P,hgb::H_D_B_M_P,H_D_B_M_P,"{""learning_rate"": 0.05, ""max_leaf_nodes"": 7}",True,17,17,0.6289825479521425,2,4,1252,313,"{""learning_rate"": 0.05, ""max_leaf_nodes"": 7}","[""H"", ""D"", ""B"", ""M"", ""P""]"
hgb|history_available|budget=21,hgb,history_available,21,True,H_D_B_M_P,hgb::H_D_B_M_P,hgb::H_D_B_M_P,H_D_B_M_P,"{""learning_rate"": 0.05, ""max_leaf_nodes"": 7}",True,17,17,0.6289825479521425,2,4,1252,313,"{""learning_rate"": 0.05, ""max_leaf_nodes"": 7}","[""H"", ""D"", ""B"", ""M"", ""P""]"
hgb|history_available|budget=22,hgb,history_available,22,True,H_D_B_M_P,hgb::H_D_B_M_P,hgb::H_D_B_M_P,H_D_B_M_P,"{""learning_rate"": 0.05, ""max_leaf_nodes"": 7}",True,17,17,0.6289825479521425,2,4,1252,313,"{""learning_rate"": 0.05, ""max_leaf_nodes"": 7}","[""H"", ""D"", ""B"", ""M"", ""P""]"
hgb|history_available|budget=23,hgb,history_available,23,True,H_D_B_M_P,hgb::H_D_B_M_P,hgb::H_D_B_M_P,H_D_B_M_P,"{""learning_rate"": 0.05, ""max_leaf_nodes"": 7}",True,17,17,0.6289825479521425,2,4,1252,313,"{""learning_rate"": 0.05, ""max_leaf_nodes"": 7}","[""H"", ""D"", ""B"", ""M"", ""P""]"
hgb|history_available|budget=24,hgb,history_available,24,True,H_D_B_M_P,hgb::H_D_B_M_P,hgb::H_D_B_M_P,H_D_B_M_P,"{""learning_rate"": 0.05, ""max_leaf_nodes"": 7}",True,17,17,0.6289825479521425,2,4,1252,313,"{""learning_rate"": 0.05, ""max_leaf_nodes"": 7}","[""H"", ""D"", ""B"", ""M"", ""P""]"
hgb|history_available|budget=25,hgb,history_available,25,True,H_D_B_M_P,hgb::H_D_B_M_P,hgb::H_D_B_M_P,H_D_B_M_P,"{""learning_rate"": 0.05, ""max_leaf_nodes"": 7}",True,17,17,0.6289825479521425,2,4,1252,313,"{""learning_rate"": 0.05, ""max_leaf_nodes"": 7}","[""H"", ""D"", ""B"", ""M"", ""P""]"
hgb|history_available|budget=26,hgb,history_available,26,True,H_D_B_M_P,hgb::H_D_B_M_P,hgb::H_D_B_M_P,H_D_B_M_P,"{""learning_rate"": 0.05, ""max_leaf_nodes"": 7}",True,17,17,0.6289825479521425,2,4,1252,313,"{""learning_rate"": 0.05, ""max_leaf_nodes"": 7}","[""H"", ""D"", ""B"", ""M"", ""P""]"
hgb|history_available|budget=27,hgb,history_available,27,True,H_D_B_M_P,hgb::H_D_B_M_P,hgb::H_D_B_M_P,H_D_B_M_P,"{""learning_rate"": 0.05, ""max_leaf_nodes"": 7}",True,17,17,0.6289825479521425,2,4,1252,313,"{""learning_rate"": 0.05, ""max_leaf_nodes"": 7}","[""H"", ""D"", ""B"", ""M"", ""P""]"
hgb|history_available|budget=28,hgb,history_available,28,True,H_D_B_M_P,hgb::H_D_B_M_P,hgb::H_D_B_M_P,H_D_B_M_P,"{""learning_rate"": 0.05, ""max_leaf_nodes"": 7}",True,17,17,0.6289825479521425,2,4,1252,313,"{""learning_rate"": 0.05, ""max_leaf_nodes"": 7}","[""H"", ""D"", ""B"", ""M"", ""P""]"
hgb|history_available|budget=29,hgb,history_available,29,True,H_D_B_M_P,hgb::H_D_B_M_P,hgb::H_D_B_M_P,H_D_B_M_P,"{""learning_rate"": 0.05, ""max_leaf_nodes"": 7}",True,17,17,0.6289825479521425,2,4,1252,313,"{""learning_rate"": 0.05, ""max_leaf_nodes"": 7}","[""H"", ""D"", ""B"", ""M"", ""P""]"
hgb|history_available|budget=30,hgb,history_available,30,True,H_D_B_M_P,hgb::H_D_B_M_P,hgb::H_D_B_M_P,H_D_B_M_P,"{""learning_rate"": 0.05, ""max_leaf_nodes"": 7}",True,17,17,0.6289825479521425,2,4,1252,313,"{""learning_rate"": 0.05, ""max_leaf_nodes"": 7}","[""H"", ""D"", ""B"", ""M"", ""P""]"
hgb|history_unavailable|budget=00,hgb,history_unavailable,0,False,NONE,hgb::NONE,hgb::NONE,NONE,"{""learning_rate"": 0.05, ""max_leaf_nodes"": 3}",False,0,0,0.6853669918199291,2,4,1252,313,"{""learning_rate"": 0.05, ""max_leaf_nodes"": 3}",[]
hgb|history_unavailable|budget=01,hgb,history_unavailable,1,False,B,hgb::B,hgb::B,B,"{""learning_rate"": 0.05, ""max_leaf_nodes"": 3}",False,1,1,0.6762901039206995,2,4,1252,313,"{""learning_rate"": 0.05, ""max_leaf_nodes"": 3}","[""B""]"
hgb|history_unavailable|budget=02,hgb,history_unavailable,2,False,B_A,hgb::B_A,hgb::B_A,B_A,"{""learning_rate"": 0.05, ""max_leaf_nodes"": 3}",False,2,2,0.671125180127722,2,4,1252,313,"{""learning_rate"": 0.05, ""max_leaf_nodes"": 3}","[""B"", ""A""]"
hgb|history_unavailable|budget=03,hgb,history_unavailable,3,False,B_M_A,hgb::B_M_A,hgb::B_M_A,B_M_A,"{""learning_rate"": 0.05, ""max_leaf_nodes"": 3}",False,3,3,0.6696415384419567,2,4,1252,313,"{""learning_rate"": 0.05, ""max_leaf_nodes"": 3}","[""B"", ""M"", ""A""]"
hgb|history_unavailable|budget=04,hgb,history_unavailable,4,False,D,hgb::D,hgb::D,D,"{""learning_rate"": 0.05, ""max_leaf_nodes"": 7}",False,4,4,0.6589973415626132,2,4,1252,313,"{""learning_rate"": 0.05, ""max_leaf_nodes"": 7}","[""D""]"
hgb|history_unavailable|budget=05,hgb,history_unavailable,5,False,D_B,hgb::D_B,hgb::D_B,D_B,"{""learning_rate"": 0.05, ""max_leaf_nodes"": 7}",False,5,5,0.6540973094104288,2,4,1252,313,"{""learning_rate"": 0.05, ""max_leaf_nodes"": 7}","[""D"", ""B""]"
hgb|history_unavailable|budget=06,hgb,history_unavailable,6,False,D_B_A,hgb::D_B_A,hgb::D_B_A,D_B_A,"{""learning_rate"": 0.05, ""max_leaf_nodes"": 7}",False,6,6,0.6513206334637031,2,4,1252,313,"{""learning_rate"": 0.05, ""max_leaf_nodes"": 7}","[""D"", ""B"", ""A""]"
hgb|history_unavailable|budget=07,hgb,history_unavailable,7,False,D_B_M_A,hgb::D_B_M_A,hgb::D_B_M_A,D_B_M_A,"{""learning_rate"": 0.05, ""max_leaf_nodes"": 7}",False,7,7,0.6488409663018289,2,4,1252,313,"{""learning_rate"": 0.05, ""max_leaf_nodes"": 7}","[""D"", ""B"", ""M"", ""A""]"
hgb|history_unavailable|budget=08,hgb,history_unavailable,8,False,D_B_M_A,hgb::D_B_M_A,hgb::D_B_M_A,D_B_M_A,"{""learning_rate"": 0.05, ""max_leaf_nodes"": 7}",False,7,7,0.6488409663018289,2,4,1252,313,"{""learning_rate"": 0.05, ""max_leaf_nodes"": 7}","[""D"", ""B"", ""M"", ""A""]"
hgb|history_unavailable|budget=09,hgb,history_unavailable,9,False,D_B_M_A,hgb::D_B_M_A,hgb::D_B_M_A,D_B_M_A,"{""learning_rate"": 0.05, ""max_leaf_nodes"": 7}",False,7,7,0.6488409663018289,2,4,1252,313,"{""learning_rate"": 0.05, ""max_leaf_nodes"": 7}","[""D"", ""B"", ""M"", ""A""]"
hgb|history_unavailable|budget=10,hgb,history_unavailable,10,False,D_B_M_A,hgb::D_B_M_A,hgb::D_B_M_A,D_B_M_A,"{""learning_rate"": 0.05, ""max_leaf_nodes"": 7}",False,7,7,0.6488409663018289,2,4,1252,313,"{""learning_rate"": 0.05, ""max_leaf_nodes"": 7}","[""D"", ""B"", ""M"", ""A""]"
hgb|history_unavailable|budget=11,hgb,history_unavailable,11,False,D_B_M_A,hgb::D_B_M_A,hgb::D_B_M_A,D_B_M_A,"{""learning_rate"": 0.05, ""max_leaf_nodes"": 7}",False,7,7,0.6488409663018289,2,4,1252,313,"{""learning_rate"": 0.05, ""max_leaf_nodes"": 7}","[""D"", ""B"", ""M"", ""A""]"
hgb|history_unavailable|budget=12,hgb,history_unavailable,12,False,D_B_M_A,hgb::D_B_M_A,hgb::D_B_M_A,D_B_M_A,"{""learning_rate"": 0.05, ""max_leaf_nodes"": 7}",False,7,7,0.6488409663018289,2,4,1252,313,"{""learning_rate"": 0.05, ""max_leaf_nodes"": 7}","[""D"", ""B"", ""M"", ""A""]"
hgb|history_unavailable|budget=13,hgb,history_unavailable,13,False,D_B_M_A,hgb::D_B_M_A,hgb::D_B_M_A,D_B_M_A,"{""learning_rate"": 0.05, ""max_leaf_nodes"": 7}",False,7,7,0.6488409663018289,2,4,1252,313,"{""learning_rate"": 0.05, ""max_leaf_nodes"": 7}","[""D"", ""B"", ""M"", ""A""]"
hgb|history_unavailable|budget=14,hgb,history_unavailable,14,False,D_B_M_A,hgb::D_B_M_A,hgb::D_B_M_A,D_B_M_A,"{""learning_rate"": 0.05, ""max_leaf_nodes"": 7}",False,7,7,0.6488409663018289,2,4,1252,313,"{""learning_rate"": 0.05, ""max_leaf_nodes"": 7}","[""D"", ""B"", ""M"", ""A""]"
hgb|history_unavailable|budget=15,hgb,history_unavailable,15,False,D_P,hgb::D_P,hgb::D_P,D_P,"{""learning_rate"": 0.05, ""max_leaf_nodes"": 7}",False,15,15,0.6458457294226189,2,4,1252,313,"{""learning_rate"": 0.05, ""max_leaf_nodes"": 7}","[""D"", ""P""]"
hgb|history_unavailable|budget=16,hgb,history_unavailable,16,False,D_B_P,hgb::D_B_P,hgb::D_B_P,D_B_P,"{""learning_rate"": 0.05, ""max_leaf_nodes"": 7}",False,16,16,0.6421569510173126,2,4,1252,313,"{""learning_rate"": 0.05, ""max_leaf_nodes"": 7}","[""D"", ""B"", ""P""]"
hgb|history_unavailable|budget=17,hgb,history_unavailable,17,False,D_B_M_P,hgb::D_B_M_P,hgb::D_B_M_P,D_B_M_P,"{""learning_rate"": 0.05, ""max_leaf_nodes"": 7}",False,17,17,0.6395762861125661,2,4,1252,313,"{""learning_rate"": 0.05, ""max_leaf_nodes"": 7}","[""D"", ""B"", ""M"", ""P""]"
hgb|history_unavailable|budget=18,hgb,history_unavailable,18,False,D_B_M_P_A,hgb::D_B_M_P_A,hgb::D_B_M_P_A,D_B_M_P_A,"{""learning_rate"": 0.05, ""max_leaf_nodes"": 7}",False,18,18,0.6377398226217093,2,4,1252,313,"{""learning_rate"": 0.05, ""max_leaf_nodes"": 7}","[""D"", ""B"", ""M"", ""P"", ""A""]"
hgb|history_unavailable|budget=19,hgb,history_unavailable,19,False,D_B_M_P_A,hgb::D_B_M_P_A,hgb::D_B_M_P_A,D_B_M_P_A,"{""learning_rate"": 0.05, ""max_leaf_nodes"": 7}",False,18,18,0.6377398226217093,2,4,1252,313,"{""learning_rate"": 0.05, ""max_leaf_nodes"": 7}","[""D"", ""B"", ""M"", ""P"", ""A""]"
hgb|history_unavailable|budget=20,hgb,history_unavailable,20,False,D_B_M_P_A,hgb::D_B_M_P_A,hgb::D_B_M_P_A,D_B_M_P_A,"{""learning_rate"": 0.05, ""max_leaf_nodes"": 7}",False,18,18,0.6377398226217093,2,4,1252,313,"{""learning_rate"": 0.05, ""max_leaf_nodes"": 7}","[""D"", ""B"", ""M"", ""P"", ""A""]"
hgb|history_unavailable|budget=21,hgb,history_unavailable,21,False,D_B_M_P_A,hgb::D_B_M_P_A,hgb::D_B_M_P_A,D_B_M_P_A,"{""learning_rate"": 0.05, ""max_leaf_nodes"": 7}",False,18,18,0.6377398226217093,2,4,1252,313,"{""learning_rate"": 0.05, ""max_leaf_nodes"": 7}","[""D"", ""B"", ""M"", ""P"", ""A""]"
hgb|history_unavailable|budget=22,hgb,history_unavailable,22,False,D_B_M_P_A,hgb::D_B_M_P_A,hgb::D_B_M_P_A,D_B_M_P_A,"{""learning_rate"": 0.05, ""max_leaf_nodes"": 7}",False,18,18,0.6377398226217093,2,4,1252,313,"{""learning_rate"": 0.05, ""max_leaf_nodes"": 7}","[""D"", ""B"", ""M"", ""P"", ""A""]"
hgb|history_unavailable|budget=23,hgb,history_unavailable,23,False,D_B_M_P_A,hgb::D_B_M_P_A,hgb::D_B_M_P_A,D_B_M_P_A,"{""learning_rate"": 0.05, ""max_leaf_nodes"": 7}",False,18,18,0.6377398226217093,2,4,1252,313,"{""learning_rate"": 0.05, ""max_leaf_nodes"": 7}","[""D"", ""B"", ""M"", ""P"", ""A""]"
hgb|history_unavailable|budget=24,hgb,history_unavailable,24,False,D_B_M_P_A,hgb::D_B_M_P_A,hgb::D_B_M_P_A,D_B_M_P_A,"{""learning_rate"": 0.05, ""max_leaf_nodes"": 7}",False,18,18,0.6377398226217093,2,4,1252,313,"{""learning_rate"": 0.05, ""max_leaf_nodes"": 7}","[""D"", ""B"", ""M"", ""P"", ""A""]"
hgb|history_unavailable|budget=25,hgb,history_unavailable,25,False,D_B_M_P_A,hgb::D_B_M_P_A,hgb::D_B_M_P_A,D_B_M_P_A,"{""learning_rate"": 0.05, ""max_leaf_nodes"": 7}",False,18,18,0.6377398226217093,2,4,1252,313,"{""learning_rate"": 0.05, ""max_leaf_nodes"": 7}","[""D"", ""B"", ""M"", ""P"", ""A""]"
hgb|history_unavailable|budget=26,hgb,history_unavailable,26,False,D_B_M_P_A,hgb::D_B_M_P_A,hgb::D_B_M_P_A,D_B_M_P_A,"{""learning_rate"": 0.05, ""max_leaf_nodes"": 7}",False,18,18,0.6377398226217093,2,4,1252,313,"{""learning_rate"": 0.05, ""max_leaf_nodes"": 7}","[""D"", ""B"", ""M"", ""P"", ""A""]"
hgb|history_unavailable|budget=27,hgb,history_unavailable,27,False,D_B_M_P_A,hgb::D_B_M_P_A,hgb::D_B_M_P_A,D_B_M_P_A,"{""learning_rate"": 0.05, ""max_leaf_nodes"": 7}",False,18,18,0.6377398226217093,2,4,1252,313,"{""learning_rate"": 0.05, ""max_leaf_nodes"": 7}","[""D"", ""B"", ""M"", ""P"", ""A""]"
hgb|history_unavailable|budget=28,hgb,history_unavailable,28,False,D_B_M_P_A,hgb::D_B_M_P_A,hgb::D_B_M_P_A,D_B_M_P_A,"{""learning_rate"": 0.05, ""max_leaf_nodes"": 7}",False,18,18,0.6377398226217093,2,4,1252,313,"{""learning_rate"": 0.05, ""max_leaf_nodes"": 7}","[""D"", ""B"", ""M"", ""P"", ""A""]"
hgb|history_unavailable|budget=29,hgb,history_unavailable,29,False,D_B_M_P_A,hgb::D_B_M_P_A,hgb::D_B_M_P_A,D_B_M_P_A,"{""learning_rate"": 0.05, ""max_leaf_nodes"": 7}",False,18,18,0.6377398226217093,2,4,1252,313,"{""learning_rate"": 0.05, ""max_leaf_nodes"": 7}","[""D"", ""B"", ""M"", ""P"", ""A""]"
hgb|history_unavailable|budget=30,hgb,history_unavailable,30,False,D_B_M_P_A,hgb::D_B_M_P_A,hgb::D_B_M_P_A,D_B_M_P_A,"{""learning_rate"": 0.05, ""max_leaf_nodes"": 7}",False,18,18,0.6377398226217093,2,4,1252,313,"{""learning_rate"": 0.05, ""max_leaf_nodes"": 7}","[""D"", ""B"", ""M"", ""P"", ""A""]"
ridge|history_available|budget=00,ridge,history_available,0,True,P0,P0,P0,P0,null,True,0,0,0.6584656469826785,2,5,1252,313,null,"[""H""]"
ridge|history_available|budget=01,ridge,history_available,1,True,H_B,ridge::H_B,ridge::H_B,H_B,1.0,True,1,1,0.65372863578935,2,5,1252,313,1.0,"[""H"", ""B""]"
ridge|history_available|budget=02,ridge,history_available,2,True,H_B_A,ridge::H_B_A,ridge::H_B_A,H_B_A,0.1,True,2,2,0.6507790752178652,2,5,1252,313,0.1,"[""H"", ""B"", ""A""]"
ridge|history_available|budget=03,ridge,history_available,3,True,H_B_C_A,ridge::H_B_C_A,ridge::H_B_C_A,H_B_C_A,0.1,True,3,3,0.6501448375019188,2,5,1252,313,0.1,"[""H"", ""B"", ""C"", ""A""]"
ridge|history_available|budget=04,ridge,history_available,4,True,H_D,ridge::H_D,ridge::H_D,H_D,1.0,True,4,4,0.6348314837868801,2,5,1252,313,1.0,"[""H"", ""D""]"
ridge|history_available|budget=05,ridge,history_available,5,True,H_D_B,ridge::H_D_B,ridge::H_D_B,H_D_B,1.0,True,5,5,0.632096533103253,2,5,1252,313,1.0,"[""H"", ""D"", ""B""]"
ridge|history_available|budget=06,ridge,history_available,6,True,H_D_B_A,ridge::H_D_B_A,ridge::H_D_B_A,H_D_B_A,1.0,True,6,6,0.630005716881154,2,5,1252,313,1.0,"[""H"", ""D"", ""B"", ""A""]"
ridge|history_available|budget=07,ridge,history_available,7,True,H_D_B_C_A,ridge::H_D_B_C_A,ridge::H_D_B_C_A,H_D_B_C_A,1.0,True,7,7,0.6299025876836618,2,5,1252,313,1.0,"[""H"", ""D"", ""B"", ""C"", ""A""]"
ridge|history_available|budget=08,ridge,history_available,8,True,H_D_B_M_C_A,ridge::H_D_B_M_C_A,ridge::H_D_B_M_C_A,H_D_B_M_C_A,1.0,True,8,8,0.6298791884110382,2,5,1252,313,1.0,"[""H"", ""D"", ""B"", ""M"", ""C"", ""A""]"
ridge|history_available|budget=09,ridge,history_available,9,True,H_D_B_M_C_A,ridge::H_D_B_M_C_A,ridge::H_D_B_M_C_A,H_D_B_M_C_A,1.0,True,8,8,0.6298791884110382,2,5,1252,313,1.0,"[""H"", ""D"", ""B"", ""M"", ""C"", ""A""]"
ridge|history_available|budget=10,ridge,history_available,10,True,H_D_B_M_C_A,ridge::H_D_B_M_C_A,ridge::H_D_B_M_C_A,H_D_B_M_C_A,1.0,True,8,8,0.6298791884110382,2,5,1252,313,1.0,"[""H"", ""D"", ""B"", ""M"", ""C"", ""A""]"
ridge|history_available|budget=11,ridge,history_available,11,True,H_D_B_M_C_A,ridge::H_D_B_M_C_A,ridge::H_D_B_M_C_A,H_D_B_M_C_A,1.0,True,8,8,0.6298791884110382,2,5,1252,313,1.0,"[""H"", ""D"", ""B"", ""M"", ""C"", ""A""]"
ridge|history_available|budget=12,ridge,history_available,12,True,H_D_B_M_C_A,ridge::H_D_B_M_C_A,ridge::H_D_B_M_C_A,H_D_B_M_C_A,1.0,True,8,8,0.6298791884110382,2,5,1252,313,1.0,"[""H"", ""D"", ""B"", ""M"", ""C"", ""A""]"
ridge|history_available|budget=13,ridge,history_available,13,True,H_D_B_M_C_A,ridge::H_D_B_M_C_A,ridge::H_D_B_M_C_A,H_D_B_M_C_A,1.0,True,8,8,0.6298791884110382,2,5,1252,313,1.0,"[""H"", ""D"", ""B"", ""M"", ""C"", ""A""]"
ridge|history_available|budget=14,ridge,history_available,14,True,H_D_B_M_C_A,ridge::H_D_B_M_C_A,ridge::H_D_B_M_C_A,H_D_B_M_C_A,1.0,True,8,8,0.6298791884110382,2,5,1252,313,1.0,"[""H"", ""D"", ""B"", ""M"", ""C"", ""A""]"
ridge|history_available|budget=15,ridge,history_available,15,True,H_D_B_M_C_A,ridge::H_D_B_M_C_A,ridge::H_D_B_M_C_A,H_D_B_M_C_A,1.0,True,8,8,0.6298791884110382,2,5,1252,313,1.0,"[""H"", ""D"", ""B"", ""M"", ""C"", ""A""]"
ridge|history_available|budget=16,ridge,history_available,16,True,H_D_A_K,ridge::H_D_A_K,ridge::H_D_A_K,H_D_A_K,1.0,True,16,16,0.6286622292081944,2,5,1252,313,1.0,"[""H"", ""D"", ""A"", ""K""]"
ridge|history_available|budget=17,ridge,history_available,17,True,H_D_B_A_K,ridge::H_D_B_A_K,ridge::H_D_B_A_K,H_D_B_A_K,1.0,True,17,17,0.626545894236404,2,5,1252,313,1.0,"[""H"", ""D"", ""B"", ""A"", ""K""]"
ridge|history_available|budget=18,ridge,history_available,18,True,H_D_B_M_A_K,ridge::H_D_B_M_A_K,ridge::H_D_B_M_A_K,H_D_B_M_A_K,1.0,True,18,18,0.6260488691307684,2,5,1252,313,1.0,"[""H"", ""D"", ""B"", ""M"", ""A"", ""K""]"
ridge|history_available|budget=19,ridge,history_available,19,True,H_D_B_M_A_K,ridge::H_D_B_M_A_K,ridge::H_D_B_M_A_K,H_D_B_M_A_K,1.0,True,18,18,0.6260488691307684,2,5,1252,313,1.0,"[""H"", ""D"", ""B"", ""M"", ""A"", ""K""]"
ridge|history_available|budget=20,ridge,history_available,20,True,H_D_B_M_A_K,ridge::H_D_B_M_A_K,ridge::H_D_B_M_A_K,H_D_B_M_A_K,1.0,True,18,18,0.6260488691307684,2,5,1252,313,1.0,"[""H"", ""D"", ""B"", ""M"", ""A"", ""K""]"
ridge|history_available|budget=21,ridge,history_available,21,True,H_D_B_M_A_K,ridge::H_D_B_M_A_K,ridge::H_D_B_M_A_K,H_D_B_M_A_K,1.0,True,18,18,0.6260488691307684,2,5,1252,313,1.0,"[""H"", ""D"", ""B"", ""M"", ""A"", ""K""]"
ridge|history_available|budget=22,ridge,history_available,22,True,H_D_B_M_A_K,ridge::H_D_B_M_A_K,ridge::H_D_B_M_A_K,H_D_B_M_A_K,1.0,True,18,18,0.6260488691307684,2,5,1252,313,1.0,"[""H"", ""D"", ""B"", ""M"", ""A"", ""K""]"
ridge|history_available|budget=23,ridge,history_available,23,True,H_D_B_M_A_K,ridge::H_D_B_M_A_K,ridge::H_D_B_M_A_K,H_D_B_M_A_K,1.0,True,18,18,0.6260488691307684,2,5,1252,313,1.0,"[""H"", ""D"", ""B"", ""M"", ""A"", ""K""]"
ridge|history_available|budget=24,ridge,history_available,24,True,H_D_B_M_A_K,ridge::H_D_B_M_A_K,ridge::H_D_B_M_A_K,H_D_B_M_A_K,1.0,True,18,18,0.6260488691307684,2,5,1252,313,1.0,"[""H"", ""D"", ""B"", ""M"", ""A"", ""K""]"
ridge|history_available|budget=25,ridge,history_available,25,True,H_D_B_M_A_K,ridge::H_D_B_M_A_K,ridge::H_D_B_M_A_K,H_D_B_M_A_K,1.0,True,18,18,0.6260488691307684,2,5,1252,313,1.0,"[""H"", ""D"", ""B"", ""M"", ""A"", ""K""]"
ridge|history_available|budget=26,ridge,history_available,26,True,H_D_B_M_A_K,ridge::H_D_B_M_A_K,ridge::H_D_B_M_A_K,H_D_B_M_A_K,1.0,True,18,18,0.6260488691307684,2,5,1252,313,1.0,"[""H"", ""D"", ""B"", ""M"", ""A"", ""K""]"
ridge|history_available|budget=27,ridge,history_available,27,True,H_D_B_M_A_K,ridge::H_D_B_M_A_K,ridge::H_D_B_M_A_K,H_D_B_M_A_K,1.0,True,18,18,0.6260488691307684,2,5,1252,313,1.0,"[""H"", ""D"", ""B"", ""M"", ""A"", ""K""]"
ridge|history_available|budget=28,ridge,history_available,28,True,H_D_B_P_A_K,ridge::H_D_B_P_A_K,ridge::H_D_B_P_A_K,H_D_B_P_A_K,1.0,True,28,28,0.624239245741036,2,5,1252,313,1.0,"[""H"", ""D"", ""B"", ""P"", ""A"", ""K""]"
ridge|history_available|budget=29,ridge,history_available,29,True,H_D_B_P_A_K,ridge::H_D_B_P_A_K,ridge::H_D_B_P_A_K,H_D_B_P_A_K,1.0,True,28,28,0.624239245741036,2,5,1252,313,1.0,"[""H"", ""D"", ""B"", ""P"", ""A"", ""K""]"
ridge|history_available|budget=30,ridge,history_available,30,True,H_D_B_P_A_K,ridge::H_D_B_P_A_K,ridge::H_D_B_P_A_K,H_D_B_P_A_K,1.0,True,28,28,0.624239245741036,2,5,1252,313,1.0,"[""H"", ""D"", ""B"", ""P"", ""A"", ""K""]"
ridge|history_unavailable|budget=00,ridge,history_unavailable,0,False,NONE,ridge::NONE,ridge::NONE,NONE,0.001,False,0,0,0.6853669918199292,2,5,1252,313,0.001,[]
ridge|history_unavailable|budget=01,ridge,history_unavailable,1,False,B,ridge::B,ridge::B,B,1.0,False,1,1,0.6764757871910948,2,5,1252,313,1.0,"[""B""]"
ridge|history_unavailable|budget=02,ridge,history_unavailable,2,False,B_A,ridge::B_A,ridge::B_A,B_A,0.1,False,2,2,0.6713476624126685,2,5,1252,313,0.1,"[""B"", ""A""]"
ridge|history_unavailable|budget=03,ridge,history_unavailable,3,False,B_C_A,ridge::B_C_A,ridge::B_C_A,B_C_A,0.1,False,3,3,0.6701954882649447,2,5,1252,313,0.1,"[""B"", ""C"", ""A""]"
ridge|history_unavailable|budget=04,ridge,history_unavailable,4,False,D,ridge::D,ridge::D,D,1.0,False,4,4,0.6594188327595192,2,5,1252,313,1.0,"[""D""]"
ridge|history_unavailable|budget=05,ridge,history_unavailable,5,False,D_B,ridge::D_B,ridge::D_B,D_B,1.0,False,5,5,0.6534663033254936,2,5,1252,313,1.0,"[""D"", ""B""]"
ridge|history_unavailable|budget=06,ridge,history_unavailable,6,False,D_B_A,ridge::D_B_A,ridge::D_B_A,D_B_A,1.0,False,6,6,0.6495230255010207,2,5,1252,313,1.0,"[""D"", ""B"", ""A""]"
ridge|history_unavailable|budget=07,ridge,history_unavailable,7,False,D_B_C_A,ridge::D_B_C_A,ridge::D_B_C_A,D_B_C_A,1.0,False,7,7,0.6489918104113176,2,5,1252,313,1.0,"[""D"", ""B"", ""C"", ""A""]"
ridge|history_unavailable|budget=08,ridge,history_unavailable,8,False,D_B_C_A,ridge::D_B_C_A,ridge::D_B_C_A,D_B_C_A,1.0,False,7,7,0.6489918104113176,2,5,1252,313,1.0,"[""D"", ""B"", ""C"", ""A""]"
ridge|history_unavailable|budget=09,ridge,history_unavailable,9,False,D_B_C_A,ridge::D_B_C_A,ridge::D_B_C_A,D_B_C_A,1.0,False,7,7,0.6489918104113176,2,5,1252,313,1.0,"[""D"", ""B"", ""C"", ""A""]"
ridge|history_unavailable|budget=10,ridge,history_unavailable,10,False,D_B_C_A,ridge::D_B_C_A,ridge::D_B_C_A,D_B_C_A,1.0,False,7,7,0.6489918104113176,2,5,1252,313,1.0,"[""D"", ""B"", ""C"", ""A""]"
ridge|history_unavailable|budget=11,ridge,history_unavailable,11,False,D_B_C_A,ridge::D_B_C_A,ridge::D_B_C_A,D_B_C_A,1.0,False,7,7,0.6489918104113176,2,5,1252,313,1.0,"[""D"", ""B"", ""C"", ""A""]"
ridge|history_unavailable|budget=12,ridge,history_unavailable,12,False,D_B_C_A,ridge::D_B_C_A,ridge::D_B_C_A,D_B_C_A,1.0,False,7,7,0.6489918104113176,2,5,1252,313,1.0,"[""D"", ""B"", ""C"", ""A""]"
ridge|history_unavailable|budget=13,ridge,history_unavailable,13,False,D_B_C_A,ridge::D_B_C_A,ridge::D_B_C_A,D_B_C_A,1.0,False,7,7,0.6489918104113176,2,5,1252,313,1.0,"[""D"", ""B"", ""C"", ""A""]"
ridge|history_unavailable|budget=14,ridge,history_unavailable,14,False,D_B_C_A,ridge::D_B_C_A,ridge::D_B_C_A,D_B_C_A,1.0,False,7,7,0.6489918104113176,2,5,1252,313,1.0,"[""D"", ""B"", ""C"", ""A""]"
ridge|history_unavailable|budget=15,ridge,history_unavailable,15,False,D_B_C_A,ridge::D_B_C_A,ridge::D_B_C_A,D_B_C_A,1.0,False,7,7,0.6489918104113176,2,5,1252,313,1.0,"[""D"", ""B"", ""C"", ""A""]"
ridge|history_unavailable|budget=16,ridge,history_unavailable,16,False,D_B_C_A,ridge::D_B_C_A,ridge::D_B_C_A,D_B_C_A,1.0,False,7,7,0.6489918104113176,2,5,1252,313,1.0,"[""D"", ""B"", ""C"", ""A""]"
ridge|history_unavailable|budget=17,ridge,history_unavailable,17,False,D_B_A_K,ridge::D_B_A_K,ridge::D_B_A_K,D_B_A_K,1.0,False,17,17,0.6452806311943592,2,5,1252,313,1.0,"[""D"", ""B"", ""A"", ""K""]"
ridge|history_unavailable|budget=18,ridge,history_unavailable,18,False,D_B_C_A_K,ridge::D_B_C_A_K,ridge::D_B_C_A_K,D_B_C_A_K,1.0,False,18,18,0.6451813486151022,2,5,1252,313,1.0,"[""D"", ""B"", ""C"", ""A"", ""K""]"
ridge|history_unavailable|budget=19,ridge,history_unavailable,19,False,D_B_C_A_K,ridge::D_B_C_A_K,ridge::D_B_C_A_K,D_B_C_A_K,1.0,False,18,18,0.6451813486151022,2,5,1252,313,1.0,"[""D"", ""B"", ""C"", ""A"", ""K""]"
ridge|history_unavailable|budget=20,ridge,history_unavailable,20,False,D_B_C_A_K,ridge::D_B_C_A_K,ridge::D_B_C_A_K,D_B_C_A_K,1.0,False,18,18,0.6451813486151022,2,5,1252,313,1.0,"[""D"", ""B"", ""C"", ""A"", ""K""]"
ridge|history_unavailable|budget=21,ridge,history_unavailable,21,False,D_B_C_A_K,ridge::D_B_C_A_K,ridge::D_B_C_A_K,D_B_C_A_K,1.0,False,18,18,0.6451813486151022,2,5,1252,313,1.0,"[""D"", ""B"", ""C"", ""A"", ""K""]"
ridge|history_unavailable|budget=22,ridge,history_unavailable,22,False,D_B_C_A_K,ridge::D_B_C_A_K,ridge::D_B_C_A_K,D_B_C_A_K,1.0,False,18,18,0.6451813486151022,2,5,1252,313,1.0,"[""D"", ""B"", ""C"", ""A"", ""K""]"
ridge|history_unavailable|budget=23,ridge,history_unavailable,23,False,D_B_C_A_K,ridge::D_B_C_A_K,ridge::D_B_C_A_K,D_B_C_A_K,1.0,False,18,18,0.6451813486151022,2,5,1252,313,1.0,"[""D"", ""B"", ""C"", ""A"", ""K""]"
ridge|history_unavailable|budget=24,ridge,history_unavailable,24,False,D_B_C_A_K,ridge::D_B_C_A_K,ridge::D_B_C_A_K,D_B_C_A_K,1.0,False,18,18,0.6451813486151022,2,5,1252,313,1.0,"[""D"", ""B"", ""C"", ""A"", ""K""]"
ridge|history_unavailable|budget=25,ridge,history_unavailable,25,False,D_B_C_A_K,ridge::D_B_C_A_K,ridge::D_B_C_A_K,D_B_C_A_K,1.0,False,18,18,0.6451813486151022,2,5,1252,313,1.0,"[""D"", ""B"", ""C"", ""A"", ""K""]"
ridge|history_unavailable|budget=26,ridge,history_unavailable,26,False,D_B_C_A_K,ridge::D_B_C_A_K,ridge::D_B_C_A_K,D_B_C_A_K,1.0,False,18,18,0.6451813486151022,2,5,1252,313,1.0,"[""D"", ""B"", ""C"", ""A"", ""K""]"
ridge|history_unavailable|budget=27,ridge,history_unavailable,27,False,D_B_C_A_K,ridge::D_B_C_A_K,ridge::D_B_C_A_K,D_B_C_A_K,1.0,False,18,18,0.6451813486151022,2,5,1252,313,1.0,"[""D"", ""B"", ""C"", ""A"", ""K""]"
ridge|history_unavailable|budget=28,ridge,history_unavailable,28,False,D_B_P_A_K,ridge::D_B_P_A_K,ridge::D_B_P_A_K,D_B_P_A_K,1.0,False,28,28,0.6425507329843405,2,5,1252,313,1.0,"[""D"", ""B"", ""P"", ""A"", ""K""]"
ridge|history_unavailable|budget=29,ridge,history_unavailable,29,False,D_B_P_C_A_K,ridge::D_B_P_C_A_K,ridge::D_B_P_C_A_K,D_B_P_C_A_K,1.0,False,29,29,0.6425177121960951,2,5,1252,313,1.0,"[""D"", ""B"", ""P"", ""C"", ""A"", ""K""]"
ridge|history_unavailable|budget=30,ridge,history_unavailable,30,False,D_B_P_C_A_K,ridge::D_B_P_C_A_K,ridge::D_B_P_C_A_K,D_B_P_C_A_K,1.0,False,29,29,0.6425177121960951,2,5,1252,313,1.0,"[""D"", ""B"", ""P"", ""C"", ""A"", ""K""]"
hgb|history_available|budget=00,hgb,history_available,0,True,H,hgb::H,hgb::H,H,"{""learning_rate"": 0.05, ""max_leaf_nodes"": 3}",True,0,0,0.6584653289730049,2,5,1252,313,"{""learning_rate"": 0.05, ""max_leaf_nodes"": 3}","[""H""]"
hgb|history_available|budget=01,hgb,history_available,1,True,H_B,hgb::H_B,hgb::H_B,H_B,"{""learning_rate"": 0.05, ""max_leaf_nodes"": 3}",True,1,1,0.6530785843599929,2,5,1252,313,"{""learning_rate"": 0.05, ""max_leaf_nodes"": 3}","[""H"", ""B""]"
hgb|history_available|budget=02,hgb,history_available,2,True,H_B_A,hgb::H_B_A,hgb::H_B_A,H_B_A,"{""learning_rate"": 0.05, ""max_leaf_nodes"": 3}",True,2,2,0.6513925633549973,2,5,1252,313,"{""learning_rate"": 0.05, ""max_leaf_nodes"": 3}","[""H"", ""B"", ""A""]"
hgb|history_available|budget=03,hgb,history_available,3,True,H_B_M_A,hgb::H_B_M_A,hgb::H_B_M_A,H_B_M_A,"{""learning_rate"": 0.05, ""max_leaf_nodes"": 3}",True,3,3,0.6493194893134658,2,5,1252,313,"{""learning_rate"": 0.05, ""max_leaf_nodes"": 3}","[""H"", ""B"", ""M"", ""A""]"
hgb|history_available|budget=04,hgb,history_available,4,True,H_D,hgb::H_D,hgb::H_D,H_D,"{""learning_rate"": 0.05, ""max_leaf_nodes"": 3}",True,4,4,0.6421595033418628,2,5,1252,313,"{""learning_rate"": 0.05, ""max_leaf_nodes"": 3}","[""H"", ""D""]"
hgb|history_available|budget=05,hgb,history_available,5,True,H_D_C,hgb::H_D_C,hgb::H_D_C,H_D_C,"{""learning_rate"": 0.05, ""max_leaf_nodes"": 7}",True,5,5,0.6299157460955264,2,5,1252,313,"{""learning_rate"": 0.05, ""max_leaf_nodes"": 7}","[""H"", ""D"", ""C""]"
hgb|history_available|budget=06,hgb,history_available,6,True,H_D_B_C,hgb::H_D_B_C,hgb::H_D_B_C,H_D_B_C,"{""learning_rate"": 0.05, ""max_leaf_nodes"": 7}",True,6,6,0.6286472315631213,2,5,1252,313,"{""learning_rate"": 0.05, ""max_leaf_nodes"": 7}","[""H"", ""D"", ""B"", ""C""]"
hgb|history_available|budget=07,hgb,history_available,7,True,H_D_B_C_A,hgb::H_D_B_C_A,hgb::H_D_B_C_A,H_D_B_C_A,"{""learning_rate"": 0.05, ""max_leaf_nodes"": 7}",True,7,7,0.6281347616076774,2,5,1252,313,"{""learning_rate"": 0.05, ""max_leaf_nodes"": 7}","[""H"", ""D"", ""B"", ""C"", ""A""]"
hgb|history_available|budget=08,hgb,history_available,8,True,H_D_B_M_C_A,hgb::H_D_B_M_C_A,hgb::H_D_B_M_C_A,H_D_B_M_C_A,"{""learning_rate"": 0.05, ""max_leaf_nodes"": 7}",True,8,8,0.6268362172102291,2,5,1252,313,"{""learning_rate"": 0.05, ""max_leaf_nodes"": 7}","[""H"", ""D"", ""B"", ""M"", ""C"", ""A""]"
hgb|history_available|budget=09,hgb,history_available,9,True,H_D_B_M_C_A,hgb::H_D_B_M_C_A,hgb::H_D_B_M_C_A,H_D_B_M_C_A,"{""learning_rate"": 0.05, ""max_leaf_nodes"": 7}",True,8,8,0.6268362172102291,2,5,1252,313,"{""learning_rate"": 0.05, ""max_leaf_nodes"": 7}","[""H"", ""D"", ""B"", ""M"", ""C"", ""A""]"
hgb|history_available|budget=10,hgb,history_available,10,True,H_D_B_M_C_A,hgb::H_D_B_M_C_A,hgb::H_D_B_M_C_A,H_D_B_M_C_A,"{""learning_rate"": 0.05, ""max_leaf_nodes"": 7}",True,8,8,0.6268362172102291,2,5,1252,313,"{""learning_rate"": 0.05, ""max_leaf_nodes"": 7}","[""H"", ""D"", ""B"", ""M"", ""C"", ""A""]"
hgb|history_available|budget=11,hgb,history_available,11,True,H_D_B_M_C_A,hgb::H_D_B_M_C_A,hgb::H_D_B_M_C_A,H_D_B_M_C_A,"{""learning_rate"": 0.05, ""max_leaf_nodes"": 7}",True,8,8,0.6268362172102291,2,5,1252,313,"{""learning_rate"": 0.05, ""max_leaf_nodes"": 7}","[""H"", ""D"", ""B"", ""M"", ""C"", ""A""]"
hgb|history_available|budget=12,hgb,history_available,12,True,H_D_B_M_C_A,hgb::H_D_B_M_C_A,hgb::H_D_B_M_C_A,H_D_B_M_C_A,"{""learning_rate"": 0.05, ""max_leaf_nodes"": 7}",True,8,8,0.6268362172102291,2,5,1252,313,"{""learning_rate"": 0.05, ""max_leaf_nodes"": 7}","[""H"", ""D"", ""B"", ""M"", ""C"", ""A""]"
hgb|history_available|budget=13,hgb,history_available,13,True,H_D_B_M_C_A,hgb::H_D_B_M_C_A,hgb::H_D_B_M_C_A,H_D_B_M_C_A,"{""learning_rate"": 0.05, ""max_leaf_nodes"": 7}",True,8,8,0.6268362172102291,2,5,1252,313,"{""learning_rate"": 0.05, ""max_leaf_nodes"": 7}","[""H"", ""D"", ""B"", ""M"", ""C"", ""A""]"
hgb|history_available|budget=14,hgb,history_available,14,True,H_D_B_M_C_A,hgb::H_D_B_M_C_A,hgb::H_D_B_M_C_A,H_D_B_M_C_A,"{""learning_rate"": 0.05, ""max_leaf_nodes"": 7}",True,8,8,0.6268362172102291,2,5,1252,313,"{""learning_rate"": 0.05, ""max_leaf_nodes"": 7}","[""H"", ""D"", ""B"", ""M"", ""C"", ""A""]"
hgb|history_available|budget=15,hgb,history_available,15,True,H_D_B_M_C_A,hgb::H_D_B_M_C_A,hgb::H_D_B_M_C_A,H_D_B_M_C_A,"{""learning_rate"": 0.05, ""max_leaf_nodes"": 7}",True,8,8,0.6268362172102291,2,5,1252,313,"{""learning_rate"": 0.05, ""max_leaf_nodes"": 7}","[""H"", ""D"", ""B"", ""M"", ""C"", ""A""]"
hgb|history_available|budget=16,hgb,history_available,16,True,H_D_P_C,hgb::H_D_P_C,hgb::H_D_P_C,H_D_P_C,"{""learning_rate"": 0.05, ""max_leaf_nodes"": 7}",True,16,16,0.6220423563852885,2,5,1252,313,"{""learning_rate"": 0.05, ""max_leaf_nodes"": 7}","[""H"", ""D"", ""P"", ""C""]"
hgb|history_available|budget=17,hgb,history_available,17,True,H_D_B_P_C,hgb::H_D_B_P_C,hgb::H_D_B_P_C,H_D_B_P_C,"{""learning_rate"": 0.05, ""max_leaf_nodes"": 7}",True,17,17,0.6197830017308683,2,5,1252,313,"{""learning_rate"": 0.05, ""max_leaf_nodes"": 7}","[""H"", ""D"", ""B"", ""P"", ""C""]"
hgb|history_available|budget=18,hgb,history_available,18,True,H_D_B_P_C_A,hgb::H_D_B_P_C_A,hgb::H_D_B_P_C_A,H_D_B_P_C_A,"{""learning_rate"": 0.05, ""max_leaf_nodes"": 7}",True,18,18,0.6188025318791406,2,5,1252,313,"{""learning_rate"": 0.05, ""max_leaf_nodes"": 7}","[""H"", ""D"", ""B"", ""P"", ""C"", ""A""]"
hgb|history_available|budget=19,hgb,history_available,19,True,H_D_B_P_C_A,hgb::H_D_B_P_C_A,hgb::H_D_B_P_C_A,H_D_B_P_C_A,"{""learning_rate"": 0.05, ""max_leaf_nodes"": 7}",True,18,18,0.6188025318791406,2,5,1252,313,"{""learning_rate"": 0.05, ""max_leaf_nodes"": 7}","[""H"", ""D"", ""B"", ""P"", ""C"", ""A""]"
hgb|history_available|budget=20,hgb,history_available,20,True,H_D_B_P_C_A,hgb::H_D_B_P_C_A,hgb::H_D_B_P_C_A,H_D_B_P_C_A,"{""learning_rate"": 0.05, ""max_leaf_nodes"": 7}",True,18,18,0.6188025318791406,2,5,1252,313,"{""learning_rate"": 0.05, ""max_leaf_nodes"": 7}","[""H"", ""D"", ""B"", ""P"", ""C"", ""A""]"
hgb|history_available|budget=21,hgb,history_available,21,True,H_D_B_P_C_A,hgb::H_D_B_P_C_A,hgb::H_D_B_P_C_A,H_D_B_P_C_A,"{""learning_rate"": 0.05, ""max_leaf_nodes"": 7}",True,18,18,0.6188025318791406,2,5,1252,313,"{""learning_rate"": 0.05, ""max_leaf_nodes"": 7}","[""H"", ""D"", ""B"", ""P"", ""C"", ""A""]"
hgb|history_available|budget=22,hgb,history_available,22,True,H_D_B_P_C_A,hgb::H_D_B_P_C_A,hgb::H_D_B_P_C_A,H_D_B_P_C_A,"{""learning_rate"": 0.05, ""max_leaf_nodes"": 7}",True,18,18,0.6188025318791406,2,5,1252,313,"{""learning_rate"": 0.05, ""max_leaf_nodes"": 7}","[""H"", ""D"", ""B"", ""P"", ""C"", ""A""]"
hgb|history_available|budget=23,hgb,history_available,23,True,H_D_B_P_C_A,hgb::H_D_B_P_C_A,hgb::H_D_B_P_C_A,H_D_B_P_C_A,"{""learning_rate"": 0.05, ""max_leaf_nodes"": 7}",True,18,18,0.6188025318791406,2,5,1252,313,"{""learning_rate"": 0.05, ""max_leaf_nodes"": 7}","[""H"", ""D"", ""B"", ""P"", ""C"", ""A""]"
hgb|history_available|budget=24,hgb,history_available,24,True,H_D_B_P_C_A,hgb::H_D_B_P_C_A,hgb::H_D_B_P_C_A,H_D_B_P_C_A,"{""learning_rate"": 0.05, ""max_leaf_nodes"": 7}",True,18,18,0.6188025318791406,2,5,1252,313,"{""learning_rate"": 0.05, ""max_leaf_nodes"": 7}","[""H"", ""D"", ""B"", ""P"", ""C"", ""A""]"
hgb|history_available|budget=25,hgb,history_available,25,True,H_D_B_P_C_A,hgb::H_D_B_P_C_A,hgb::H_D_B_P_C_A,H_D_B_P_C_A,"{""learning_rate"": 0.05, ""max_leaf_nodes"": 7}",True,18,18,0.6188025318791406,2,5,1252,313,"{""learning_rate"": 0.05, ""max_leaf_nodes"": 7}","[""H"", ""D"", ""B"", ""P"", ""C"", ""A""]"
hgb|history_available|budget=26,hgb,history_available,26,True,H_D_B_P_C_A,hgb::H_D_B_P_C_A,hgb::H_D_B_P_C_A,H_D_B_P_C_A,"{""learning_rate"": 0.05, ""max_leaf_nodes"": 7}",True,18,18,0.6188025318791406,2,5,1252,313,"{""learning_rate"": 0.05, ""max_leaf_nodes"": 7}","[""H"", ""D"", ""B"", ""P"", ""C"", ""A""]"
hgb|history_available|budget=27,hgb,history_available,27,True,H_D_B_P_C_A,hgb::H_D_B_P_C_A,hgb::H_D_B_P_C_A,H_D_B_P_C_A,"{""learning_rate"": 0.05, ""max_leaf_nodes"": 7}",True,18,18,0.6188025318791406,2,5,1252,313,"{""learning_rate"": 0.05, ""max_leaf_nodes"": 7}","[""H"", ""D"", ""B"", ""P"", ""C"", ""A""]"
hgb|history_available|budget=28,hgb,history_available,28,True,H_D_B_P_C_A,hgb::H_D_B_P_C_A,hgb::H_D_B_P_C_A,H_D_B_P_C_A,"{""learning_rate"": 0.05, ""max_leaf_nodes"": 7}",True,18,18,0.6188025318791406,2,5,1252,313,"{""learning_rate"": 0.05, ""max_leaf_nodes"": 7}","[""H"", ""D"", ""B"", ""P"", ""C"", ""A""]"
hgb|history_available|budget=29,hgb,history_available,29,True,H_D_B_P_C_A,hgb::H_D_B_P_C_A,hgb::H_D_B_P_C_A,H_D_B_P_C_A,"{""learning_rate"": 0.05, ""max_leaf_nodes"": 7}",True,18,18,0.6188025318791406,2,5,1252,313,"{""learning_rate"": 0.05, ""max_leaf_nodes"": 7}","[""H"", ""D"", ""B"", ""P"", ""C"", ""A""]"
hgb|history_available|budget=30,hgb,history_available,30,True,H_D_B_P_C_A,hgb::H_D_B_P_C_A,hgb::H_D_B_P_C_A,H_D_B_P_C_A,"{""learning_rate"": 0.05, ""max_leaf_nodes"": 7}",True,18,18,0.6188025318791406,2,5,1252,313,"{""learning_rate"": 0.05, ""max_leaf_nodes"": 7}","[""H"", ""D"", ""B"", ""P"", ""C"", ""A""]"
hgb|history_unavailable|budget=00,hgb,history_unavailable,0,False,NONE,hgb::NONE,hgb::NONE,NONE,"{""learning_rate"": 0.05, ""max_leaf_nodes"": 3}",False,0,0,0.6853669918199292,2,5,1252,313,"{""learning_rate"": 0.05, ""max_leaf_nodes"": 3}",[]
hgb|history_unavailable|budget=01,hgb,history_unavailable,1,False,B,hgb::B,hgb::B,B,"{""learning_rate"": 0.05, ""max_leaf_nodes"": 3}",False,1,1,0.6757726662799923,2,5,1252,313,"{""learning_rate"": 0.05, ""max_leaf_nodes"": 3}","[""B""]"
hgb|history_unavailable|budget=02,hgb,history_unavailable,2,False,B_A,hgb::B_A,hgb::B_A,B_A,"{""learning_rate"": 0.05, ""max_leaf_nodes"": 3}",False,2,2,0.6707679804975408,2,5,1252,313,"{""learning_rate"": 0.05, ""max_leaf_nodes"": 3}","[""B"", ""A""]"
hgb|history_unavailable|budget=03,hgb,history_unavailable,3,False,B_M_A,hgb::B_M_A,hgb::B_M_A,B_M_A,"{""learning_rate"": 0.05, ""max_leaf_nodes"": 3}",False,3,3,0.6686557694548774,2,5,1252,313,"{""learning_rate"": 0.05, ""max_leaf_nodes"": 3}","[""B"", ""M"", ""A""]"
hgb|history_unavailable|budget=04,hgb,history_unavailable,4,False,D,hgb::D,hgb::D,D,"{""learning_rate"": 0.05, ""max_leaf_nodes"": 3}",False,4,4,0.6665118676448784,2,5,1252,313,"{""learning_rate"": 0.05, ""max_leaf_nodes"": 3}","[""D""]"
hgb|history_unavailable|budget=05,hgb,history_unavailable,5,False,D_C,hgb::D_C,hgb::D_C,D_C,"{""learning_rate"": 0.05, ""max_leaf_nodes"": 7}",False,5,5,0.6509965353318209,2,5,1252,313,"{""learning_rate"": 0.05, ""max_leaf_nodes"": 7}","[""D"", ""C""]"
hgb|history_unavailable|budget=06,hgb,history_unavailable,6,False,D_C_A,hgb::D_C_A,hgb::D_C_A,D_C_A,"{""learning_rate"": 0.05, ""max_leaf_nodes"": 7}",False,6,6,0.6485361040697588,2,5,1252,313,"{""learning_rate"": 0.05, ""max_leaf_nodes"": 7}","[""D"", ""C"", ""A""]"
hgb|history_unavailable|budget=07,hgb,history_unavailable,7,False,D_B_C_A,hgb::D_B_C_A,hgb::D_B_C_A,D_B_C_A,"{""learning_rate"": 0.05, ""max_leaf_nodes"": 7}",False,7,7,0.6442891522150679,2,5,1252,313,"{""learning_rate"": 0.05, ""max_leaf_nodes"": 7}","[""D"", ""B"", ""C"", ""A""]"
hgb|history_unavailable|budget=08,hgb,history_unavailable,8,False,D_B_C_A,hgb::D_B_C_A,hgb::D_B_C_A,D_B_C_A,"{""learning_rate"": 0.05, ""max_leaf_nodes"": 7}",False,7,7,0.6442891522150679,2,5,1252,313,"{""learning_rate"": 0.05, ""max_leaf_nodes"": 7}","[""D"", ""B"", ""C"", ""A""]"
hgb|history_unavailable|budget=09,hgb,history_unavailable,9,False,D_B_C_A,hgb::D_B_C_A,hgb::D_B_C_A,D_B_C_A,"{""learning_rate"": 0.05, ""max_leaf_nodes"": 7}",False,7,7,0.6442891522150679,2,5,1252,313,"{""learning_rate"": 0.05, ""max_leaf_nodes"": 7}","[""D"", ""B"", ""C"", ""A""]"
hgb|history_unavailable|budget=10,hgb,history_unavailable,10,False,D_B_C_A,hgb::D_B_C_A,hgb::D_B_C_A,D_B_C_A,"{""learning_rate"": 0.05, ""max_leaf_nodes"": 7}",False,7,7,0.6442891522150679,2,5,1252,313,"{""learning_rate"": 0.05, ""max_leaf_nodes"": 7}","[""D"", ""B"", ""C"", ""A""]"
hgb|history_unavailable|budget=11,hgb,history_unavailable,11,False,D_B_C_A,hgb::D_B_C_A,hgb::D_B_C_A,D_B_C_A,"{""learning_rate"": 0.05, ""max_leaf_nodes"": 7}",False,7,7,0.6442891522150679,2,5,1252,313,"{""learning_rate"": 0.05, ""max_leaf_nodes"": 7}","[""D"", ""B"", ""C"", ""A""]"
hgb|history_unavailable|budget=12,hgb,history_unavailable,12,False,D_B_C_A,hgb::D_B_C_A,hgb::D_B_C_A,D_B_C_A,"{""learning_rate"": 0.05, ""max_leaf_nodes"": 7}",False,7,7,0.6442891522150679,2,5,1252,313,"{""learning_rate"": 0.05, ""max_leaf_nodes"": 7}","[""D"", ""B"", ""C"", ""A""]"
hgb|history_unavailable|budget=13,hgb,history_unavailable,13,False,D_B_C_A,hgb::D_B_C_A,hgb::D_B_C_A,D_B_C_A,"{""learning_rate"": 0.05, ""max_leaf_nodes"": 7}",False,7,7,0.6442891522150679,2,5,1252,313,"{""learning_rate"": 0.05, ""max_leaf_nodes"": 7}","[""D"", ""B"", ""C"", ""A""]"
hgb|history_unavailable|budget=14,hgb,history_unavailable,14,False,D_B_C_A,hgb::D_B_C_A,hgb::D_B_C_A,D_B_C_A,"{""learning_rate"": 0.05, ""max_leaf_nodes"": 7}",False,7,7,0.6442891522150679,2,5,1252,313,"{""learning_rate"": 0.05, ""max_leaf_nodes"": 7}","[""D"", ""B"", ""C"", ""A""]"
hgb|history_unavailable|budget=15,hgb,history_unavailable,15,False,D_B_C_A,hgb::D_B_C_A,hgb::D_B_C_A,D_B_C_A,"{""learning_rate"": 0.05, ""max_leaf_nodes"": 7}",False,7,7,0.6442891522150679,2,5,1252,313,"{""learning_rate"": 0.05, ""max_leaf_nodes"": 7}","[""D"", ""B"", ""C"", ""A""]"
hgb|history_unavailable|budget=16,hgb,history_unavailable,16,False,D_P_C,hgb::D_P_C,hgb::D_P_C,D_P_C,"{""learning_rate"": 0.05, ""max_leaf_nodes"": 7}",False,16,16,0.6439255175210458,2,5,1252,313,"{""learning_rate"": 0.05, ""max_leaf_nodes"": 7}","[""D"", ""P"", ""C""]"
hgb|history_unavailable|budget=17,hgb,history_unavailable,17,False,D_B_P_C,hgb::D_B_P_C,hgb::D_B_P_C,D_B_P_C,"{""learning_rate"": 0.05, ""max_leaf_nodes"": 7}",False,17,17,0.6376516950248544,2,5,1252,313,"{""learning_rate"": 0.05, ""max_leaf_nodes"": 7}","[""D"", ""B"", ""P"", ""C""]"
hgb|history_unavailable|budget=18,hgb,history_unavailable,18,False,D_B_P_C,hgb::D_B_P_C,hgb::D_B_P_C,D_B_P_C,"{""learning_rate"": 0.05, ""max_leaf_nodes"": 7}",False,17,17,0.6376516950248544,2,5,1252,313,"{""learning_rate"": 0.05, ""max_leaf_nodes"": 7}","[""D"", ""B"", ""P"", ""C""]"
hgb|history_unavailable|budget=19,hgb,history_unavailable,19,False,D_B_P_C,hgb::D_B_P_C,hgb::D_B_P_C,D_B_P_C,"{""learning_rate"": 0.05, ""max_leaf_nodes"": 7}",False,17,17,0.6376516950248544,2,5,1252,313,"{""learning_rate"": 0.05, ""max_leaf_nodes"": 7}","[""D"", ""B"", ""P"", ""C""]"
hgb|history_unavailable|budget=20,hgb,history_unavailable,20,False,D_B_P_C,hgb::D_B_P_C,hgb::D_B_P_C,D_B_P_C,"{""learning_rate"": 0.05, ""max_leaf_nodes"": 7}",False,17,17,0.6376516950248544,2,5,1252,313,"{""learning_rate"": 0.05, ""max_leaf_nodes"": 7}","[""D"", ""B"", ""P"", ""C""]"
hgb|history_unavailable|budget=21,hgb,history_unavailable,21,False,D_B_P_C,hgb::D_B_P_C,hgb::D_B_P_C,D_B_P_C,"{""learning_rate"": 0.05, ""max_leaf_nodes"": 7}",False,17,17,0.6376516950248544,2,5,1252,313,"{""learning_rate"": 0.05, ""max_leaf_nodes"": 7}","[""D"", ""B"", ""P"", ""C""]"
hgb|history_unavailable|budget=22,hgb,history_unavailable,22,False,D_B_P_C,hgb::D_B_P_C,hgb::D_B_P_C,D_B_P_C,"{""learning_rate"": 0.05, ""max_leaf_nodes"": 7}",False,17,17,0.6376516950248544,2,5,1252,313,"{""learning_rate"": 0.05, ""max_leaf_nodes"": 7}","[""D"", ""B"", ""P"", ""C""]"
hgb|history_unavailable|budget=23,hgb,history_unavailable,23,False,D_B_P_C,hgb::D_B_P_C,hgb::D_B_P_C,D_B_P_C,"{""learning_rate"": 0.05, ""max_leaf_nodes"": 7}",False,17,17,0.6376516950248544,2,5,1252,313,"{""learning_rate"": 0.05, ""max_leaf_nodes"": 7}","[""D"", ""B"", ""P"", ""C""]"
hgb|history_unavailable|budget=24,hgb,history_unavailable,24,False,D_B_P_C,hgb::D_B_P_C,hgb::D_B_P_C,D_B_P_C,"{""learning_rate"": 0.05, ""max_leaf_nodes"": 7}",False,17,17,0.6376516950248544,2,5,1252,313,"{""learning_rate"": 0.05, ""max_leaf_nodes"": 7}","[""D"", ""B"", ""P"", ""C""]"
hgb|history_unavailable|budget=25,hgb,history_unavailable,25,False,D_B_P_C,hgb::D_B_P_C,hgb::D_B_P_C,D_B_P_C,"{""learning_rate"": 0.05, ""max_leaf_nodes"": 7}",False,17,17,0.6376516950248544,2,5,1252,313,"{""learning_rate"": 0.05, ""max_leaf_nodes"": 7}","[""D"", ""B"", ""P"", ""C""]"
hgb|history_unavailable|budget=26,hgb,history_unavailable,26,False,D_B_P_C,hgb::D_B_P_C,hgb::D_B_P_C,D_B_P_C,"{""learning_rate"": 0.05, ""max_leaf_nodes"": 7}",False,17,17,0.6376516950248544,2,5,1252,313,"{""learning_rate"": 0.05, ""max_leaf_nodes"": 7}","[""D"", ""B"", ""P"", ""C""]"
hgb|history_unavailable|budget=27,hgb,history_unavailable,27,False,D_B_P_C,hgb::D_B_P_C,hgb::D_B_P_C,D_B_P_C,"{""learning_rate"": 0.05, ""max_leaf_nodes"": 7}",False,17,17,0.6376516950248544,2,5,1252,313,"{""learning_rate"": 0.05, ""max_leaf_nodes"": 7}","[""D"", ""B"", ""P"", ""C""]"
hgb|history_unavailable|budget=28,hgb,history_unavailable,28,False,D_B_P_C_K,hgb::D_B_P_C_K,hgb::D_B_P_C_K,D_B_P_C_K,"{""learning_rate"": 0.05, ""max_leaf_nodes"": 7}",False,28,28,0.6373034132887514,2,5,1252,313,"{""learning_rate"": 0.05, ""max_leaf_nodes"": 7}","[""D"", ""B"", ""P"", ""C"", ""K""]"
hgb|history_unavailable|budget=29,hgb,history_unavailable,29,False,D_B_P_C_A_K,hgb::D_B_P_C_A_K,hgb::D_B_P_C_A_K,D_B_P_C_A_K,"{""learning_rate"": 0.05, ""max_leaf_nodes"": 7}",False,29,29,0.635519798099758,2,5,1252,313,"{""learning_rate"": 0.05, ""max_leaf_nodes"": 7}","[""D"", ""B"", ""P"", ""C"", ""A"", ""K""]"
hgb|history_unavailable|budget=30,hgb,history_unavailable,30,False,D_B_P_C_A_K,hgb::D_B_P_C_A_K,hgb::D_B_P_C_A_K,D_B_P_C_A_K,"{""learning_rate"": 0.05, ""max_leaf_nodes"": 7}",False,29,29,0.635519798099758,2,5,1252,313,"{""learning_rate"": 0.05, ""max_leaf_nodes"": 7}","[""D"", ""B"", ""P"", ""C"", ""A"", ""K""]"
