policy_id,algorithm,availability,budget,history_available,selected_subset,source_model,chosen_model,chosen_subset,chosen_config,uses_history,selected_additional_items,selected_items,development_oof_log_loss,selected_config_json,blocks_json,domain,n,baseline,full,family_contrasts,standardized_critical_value,delta_vs_full,bootstrap_se_vs_full,primary_upper95_vs_full,standardized_upper95_vs_full,delta_vs_benchmark,bootstrap_se_vs_benchmark,primary_upper95_vs_benchmark,standardized_upper95_vs_benchmark,primary_superior_to_benchmark,standardized_superior_to_benchmark,primary_noninferior_margin_0.01,standardized_noninferior_margin_0.01,primary_dual_pass_margin_0.01,standardized_dual_pass_margin_0.01,status
ridge|history_unavailable|budget=00,ridge,history_unavailable,0,False,NONE,ridge::NONE,ridge::NONE,NONE,0.001,False,0,0,0.6853643289188563,0.001,[],whole,1520,ridge::NONE,ridge::D_B_M_P_C_A_K,21,2.606807609085381,-0.02346741632869842,0.011054424953440644,-0.0003423611843739,0.005349342753993961,0.0,0.0,0.0,0.0,False,False,True,True,False,False,post-primary retrospective sensitivity; retain primary result; fixed fitted predictions
ridge|history_unavailable|budget=01,ridge,history_unavailable,1,False,B,ridge::B,ridge::B,B,0.1,False,1,1,0.6777381954029948,0.1,"[""B""]",whole,1520,ridge::NONE,ridge::D_B_M_P_C_A_K,21,2.606807609085381,-0.0316711721471814,0.010174815228550975,-0.0085461170028569,-0.0051473863883569095,-0.008203755818482983,0.0032422692333455025,0.0149212993258414,0.0002482162897054982,False,False,True,True,False,False,post-primary retrospective sensitivity; retain primary result; fixed fitted predictions
ridge|history_unavailable|budget=02,ridge,history_unavailable,2,False,B_A,ridge::B_A,ridge::B_A,B_A,0.1,False,2,2,0.6736656514353723,0.1,"[""B"", ""A""]",whole,1520,ridge::NONE,ridge::D_B_M_P_C_A_K,21,2.606807609085381,-0.01946810853291736,0.008602885534543586,0.003656946611407,0.0029579589386214133,0.00399930779578106,0.005414805425124162,0.0271243629401054,0.018114663779711528,False,False,True,True,False,False,post-primary retrospective sensitivity; retain primary result; fixed fitted predictions
ridge|history_unavailable|budget=03,ridge,history_unavailable,3,False,B_C_A,ridge::B_C_A,ridge::B_C_A,B_C_A,0.1,False,3,3,0.6735209745197117,0.1,"[""B"", ""C"", ""A""]",whole,1520,ridge::NONE,ridge::D_B_M_P_C_A_K,21,2.606807609085381,-0.01969787210042584,0.008511371672728234,0.0034271830438985,0.0024896363397958893,0.003769544228272581,0.005590785564260851,0.026894599372597,0.018343646577952472,False,False,True,True,False,False,post-primary retrospective sensitivity; retain primary result; fixed fitted predictions
ridge|history_unavailable|budget=04,ridge,history_unavailable,4,False,D,ridge::D,ridge::D,D,1.0,False,4,4,0.6621656516928427,1.0,"[""D""]",whole,1520,ridge::NONE,ridge::D_B_M_P_C_A_K,21,2.606807609085381,0.0015501640250100701,0.005988456818122667,0.0246752191693345,0.01716091882517147,0.02501758035370849,0.007864672637809855,0.0481426354980329,0.04551926882891681,False,False,False,False,False,False,post-primary retrospective sensitivity; retain primary result; fixed fitted predictions
ridge|history_unavailable|budget=05,ridge,history_unavailable,5,False,D_B,ridge::D_B,ridge::D_B,D_B,1.0,False,5,5,0.6582120307239033,1.0,"[""D"", ""B""]",whole,1520,ridge::NONE,ridge::D_B_M_P_C_A_K,21,2.606807609085381,-0.00813060994130077,0.005204117695459641,0.0149944452030236,0.005435523665799299,0.01533680638739765,0.008433744070039753,0.038461861531722,0.03732195460225599,False,False,False,True,False,False,post-primary retrospective sensitivity; retain primary result; fixed fitted predictions
ridge|history_unavailable|budget=06,ridge,history_unavailable,6,False,D_B_A,ridge::D_B_A,ridge::D_B_A,D_B_A,1.0,False,6,6,0.6545563941969289,1.0,"[""D"", ""B"", ""A""]",whole,1520,ridge::NONE,ridge::D_B_M_P_C_A_K,21,2.606807609085381,0.011916375111418631,0.0038616817939663853,0.035041430255743,0.021983036595796687,0.03538379144011705,0.010673211288085358,0.0585088465844414,0.06320679983927394,False,False,False,False,False,False,post-primary retrospective sensitivity; retain primary result; fixed fitted predictions
ridge|history_unavailable|budget=07,ridge,history_unavailable,7,False,D_B_A,ridge::D_B_A,ridge::D_B_A,D_B_A,1.0,False,6,6,0.6545563941969289,1.0,"[""D"", ""B"", ""A""]",whole,1520,ridge::NONE,ridge::D_B_M_P_C_A_K,21,2.606807609085381,0.011916375111418631,0.0038616817939663853,0.035041430255743,0.021983036595796687,0.03538379144011705,0.010673211288085358,0.0585088465844414,0.06320679983927394,False,False,False,False,False,False,post-primary retrospective sensitivity; retain primary result; fixed fitted predictions
ridge|history_unavailable|budget=08,ridge,history_unavailable,8,False,D_B_A,ridge::D_B_A,ridge::D_B_A,D_B_A,1.0,False,6,6,0.6545563941969289,1.0,"[""D"", ""B"", ""A""]",whole,1520,ridge::NONE,ridge::D_B_M_P_C_A_K,21,2.606807609085381,0.011916375111418631,0.0038616817939663853,0.035041430255743,0.021983036595796687,0.03538379144011705,0.010673211288085358,0.0585088465844414,0.06320679983927394,False,False,False,False,False,False,post-primary retrospective sensitivity; retain primary result; fixed fitted predictions
ridge|history_unavailable|budget=09,ridge,history_unavailable,9,False,D_B_A,ridge::D_B_A,ridge::D_B_A,D_B_A,1.0,False,6,6,0.6545563941969289,1.0,"[""D"", ""B"", ""A""]",whole,1520,ridge::NONE,ridge::D_B_M_P_C_A_K,21,2.606807609085381,0.011916375111418631,0.0038616817939663853,0.035041430255743,0.021983036595796687,0.03538379144011705,0.010673211288085358,0.0585088465844414,0.06320679983927394,False,False,False,False,False,False,post-primary retrospective sensitivity; retain primary result; fixed fitted predictions
ridge|history_unavailable|budget=10,ridge,history_unavailable,10,False,D_B_A,ridge::D_B_A,ridge::D_B_A,D_B_A,1.0,False,6,6,0.6545563941969289,1.0,"[""D"", ""B"", ""A""]",whole,1520,ridge::NONE,ridge::D_B_M_P_C_A_K,21,2.606807609085381,0.011916375111418631,0.0038616817939663853,0.035041430255743,0.021983036595796687,0.03538379144011705,0.010673211288085358,0.0585088465844414,0.06320679983927394,False,False,False,False,False,False,post-primary retrospective sensitivity; retain primary result; fixed fitted predictions
ridge|history_unavailable|budget=11,ridge,history_unavailable,11,False,D_B_A,ridge::D_B_A,ridge::D_B_A,D_B_A,1.0,False,6,6,0.6545563941969289,1.0,"[""D"", ""B"", ""A""]",whole,1520,ridge::NONE,ridge::D_B_M_P_C_A_K,21,2.606807609085381,0.011916375111418631,0.0038616817939663853,0.035041430255743,0.021983036595796687,0.03538379144011705,0.010673211288085358,0.0585088465844414,0.06320679983927394,False,False,False,False,False,False,post-primary retrospective sensitivity; retain primary result; fixed fitted predictions
ridge|history_unavailable|budget=12,ridge,history_unavailable,12,False,D_B_A,ridge::D_B_A,ridge::D_B_A,D_B_A,1.0,False,6,6,0.6545563941969289,1.0,"[""D"", ""B"", ""A""]",whole,1520,ridge::NONE,ridge::D_B_M_P_C_A_K,21,2.606807609085381,0.011916375111418631,0.0038616817939663853,0.035041430255743,0.021983036595796687,0.03538379144011705,0.010673211288085358,0.0585088465844414,0.06320679983927394,False,False,False,False,False,False,post-primary retrospective sensitivity; retain primary result; fixed fitted predictions
ridge|history_unavailable|budget=13,ridge,history_unavailable,13,False,D_B_A,ridge::D_B_A,ridge::D_B_A,D_B_A,1.0,False,6,6,0.6545563941969289,1.0,"[""D"", ""B"", ""A""]",whole,1520,ridge::NONE,ridge::D_B_M_P_C_A_K,21,2.606807609085381,0.011916375111418631,0.0038616817939663853,0.035041430255743,0.021983036595796687,0.03538379144011705,0.010673211288085358,0.0585088465844414,0.06320679983927394,False,False,False,False,False,False,post-primary retrospective sensitivity; retain primary result; fixed fitted predictions
ridge|history_unavailable|budget=14,ridge,history_unavailable,14,False,D_B_A,ridge::D_B_A,ridge::D_B_A,D_B_A,1.0,False,6,6,0.6545563941969289,1.0,"[""D"", ""B"", ""A""]",whole,1520,ridge::NONE,ridge::D_B_M_P_C_A_K,21,2.606807609085381,0.011916375111418631,0.0038616817939663853,0.035041430255743,0.021983036595796687,0.03538379144011705,0.010673211288085358,0.0585088465844414,0.06320679983927394,False,False,False,False,False,False,post-primary retrospective sensitivity; retain primary result; fixed fitted predictions
ridge|history_unavailable|budget=15,ridge,history_unavailable,15,False,D_K,ridge::D_K,ridge::D_K,D_K,1.0,False,15,15,0.6534616584557627,1.0,"[""D"", ""K""]",whole,1520,ridge::NONE,ridge::D_B_M_P_C_A_K,21,2.606807609085381,-0.01973928363528954,0.005133350804380385,0.0033857715090348,-0.006357625698326189,0.003728132693408881,0.008488538957172786,0.0268531878377333,0.025856120636984586,False,False,True,True,False,False,post-primary retrospective sensitivity; retain primary result; fixed fitted predictions
ridge|history_unavailable|budget=16,ridge,history_unavailable,16,False,D_A_K,ridge::D_A_K,ridge::D_A_K,D_A_K,1.0,False,16,16,0.6495521869548352,1.0,"[""D"", ""A"", ""K""]",whole,1520,ridge::NONE,ridge::D_B_M_P_C_A_K,21,2.606807609085381,0.0009274614581034069,0.002891983981731301,0.0240525166024278,0.008466307307033601,0.024394877786801827,0.010500515823298157,0.0475199329311262,0.05176770233429691,False,False,False,True,False,False,post-primary retrospective sensitivity; retain primary result; fixed fitted predictions
ridge|history_unavailable|budget=17,ridge,history_unavailable,17,False,D_B_A_K,ridge::D_B_A_K,ridge::D_B_A_K,D_B_A_K,1.0,False,17,17,0.6465315444142528,1.0,"[""D"", ""B"", ""A"", ""K""]",whole,1520,ridge::NONE,ridge::D_B_M_P_C_A_K,21,2.606807609085381,-0.007252262169917478,0.0017756173498039577,0.0158727929744069,-0.002623569351624503,0.016215154158780942,0.010860992491170736,0.0393402093031053,0.044527672026984,False,False,False,True,False,False,post-primary retrospective sensitivity; retain primary result; fixed fitted predictions
ridge|history_unavailable|budget=18,ridge,history_unavailable,18,False,D_B_A_K,ridge::D_B_A_K,ridge::D_B_A_K,D_B_A_K,1.0,False,17,17,0.6465315444142528,1.0,"[""D"", ""B"", ""A"", ""K""]",whole,1520,ridge::NONE,ridge::D_B_M_P_C_A_K,21,2.606807609085381,-0.007252262169917478,0.0017756173498039577,0.0158727929744069,-0.002623569351624503,0.016215154158780942,0.010860992491170736,0.0393402093031053,0.044527672026984,False,False,False,True,False,False,post-primary retrospective sensitivity; retain primary result; fixed fitted predictions
ridge|history_unavailable|budget=19,ridge,history_unavailable,19,False,D_B_A_K,ridge::D_B_A_K,ridge::D_B_A_K,D_B_A_K,1.0,False,17,17,0.6465315444142528,1.0,"[""D"", ""B"", ""A"", ""K""]",whole,1520,ridge::NONE,ridge::D_B_M_P_C_A_K,21,2.606807609085381,-0.007252262169917478,0.0017756173498039577,0.0158727929744069,-0.002623569351624503,0.016215154158780942,0.010860992491170736,0.0393402093031053,0.044527672026984,False,False,False,True,False,False,post-primary retrospective sensitivity; retain primary result; fixed fitted predictions
ridge|history_unavailable|budget=20,ridge,history_unavailable,20,False,D_B_A_K,ridge::D_B_A_K,ridge::D_B_A_K,D_B_A_K,1.0,False,17,17,0.6465315444142528,1.0,"[""D"", ""B"", ""A"", ""K""]",whole,1520,ridge::NONE,ridge::D_B_M_P_C_A_K,21,2.606807609085381,-0.007252262169917478,0.0017756173498039577,0.0158727929744069,-0.002623569351624503,0.016215154158780942,0.010860992491170736,0.0393402093031053,0.044527672026984,False,False,False,True,False,False,post-primary retrospective sensitivity; retain primary result; fixed fitted predictions
ridge|history_unavailable|budget=21,ridge,history_unavailable,21,False,D_B_A_K,ridge::D_B_A_K,ridge::D_B_A_K,D_B_A_K,1.0,False,17,17,0.6465315444142528,1.0,"[""D"", ""B"", ""A"", ""K""]",whole,1520,ridge::NONE,ridge::D_B_M_P_C_A_K,21,2.606807609085381,-0.007252262169917478,0.0017756173498039577,0.0158727929744069,-0.002623569351624503,0.016215154158780942,0.010860992491170736,0.0393402093031053,0.044527672026984,False,False,False,True,False,False,post-primary retrospective sensitivity; retain primary result; fixed fitted predictions
ridge|history_unavailable|budget=22,ridge,history_unavailable,22,False,D_B_A_K,ridge::D_B_A_K,ridge::D_B_A_K,D_B_A_K,1.0,False,17,17,0.6465315444142528,1.0,"[""D"", ""B"", ""A"", ""K""]",whole,1520,ridge::NONE,ridge::D_B_M_P_C_A_K,21,2.606807609085381,-0.007252262169917478,0.0017756173498039577,0.0158727929744069,-0.002623569351624503,0.016215154158780942,0.010860992491170736,0.0393402093031053,0.044527672026984,False,False,False,True,False,False,post-primary retrospective sensitivity; retain primary result; fixed fitted predictions
ridge|history_unavailable|budget=23,ridge,history_unavailable,23,False,D_B_A_K,ridge::D_B_A_K,ridge::D_B_A_K,D_B_A_K,1.0,False,17,17,0.6465315444142528,1.0,"[""D"", ""B"", ""A"", ""K""]",whole,1520,ridge::NONE,ridge::D_B_M_P_C_A_K,21,2.606807609085381,-0.007252262169917478,0.0017756173498039577,0.0158727929744069,-0.002623569351624503,0.016215154158780942,0.010860992491170736,0.0393402093031053,0.044527672026984,False,False,False,True,False,False,post-primary retrospective sensitivity; retain primary result; fixed fitted predictions
ridge|history_unavailable|budget=24,ridge,history_unavailable,24,False,D_B_A_K,ridge::D_B_A_K,ridge::D_B_A_K,D_B_A_K,1.0,False,17,17,0.6465315444142528,1.0,"[""D"", ""B"", ""A"", ""K""]",whole,1520,ridge::NONE,ridge::D_B_M_P_C_A_K,21,2.606807609085381,-0.007252262169917478,0.0017756173498039577,0.0158727929744069,-0.002623569351624503,0.016215154158780942,0.010860992491170736,0.0393402093031053,0.044527672026984,False,False,False,True,False,False,post-primary retrospective sensitivity; retain primary result; fixed fitted predictions
ridge|history_unavailable|budget=25,ridge,history_unavailable,25,False,D_B_A_K,ridge::D_B_A_K,ridge::D_B_A_K,D_B_A_K,1.0,False,17,17,0.6465315444142528,1.0,"[""D"", ""B"", ""A"", ""K""]",whole,1520,ridge::NONE,ridge::D_B_M_P_C_A_K,21,2.606807609085381,-0.007252262169917478,0.0017756173498039577,0.0158727929744069,-0.002623569351624503,0.016215154158780942,0.010860992491170736,0.0393402093031053,0.044527672026984,False,False,False,True,False,False,post-primary retrospective sensitivity; retain primary result; fixed fitted predictions
ridge|history_unavailable|budget=26,ridge,history_unavailable,26,False,D_B_A_K,ridge::D_B_A_K,ridge::D_B_A_K,D_B_A_K,1.0,False,17,17,0.6465315444142528,1.0,"[""D"", ""B"", ""A"", ""K""]",whole,1520,ridge::NONE,ridge::D_B_M_P_C_A_K,21,2.606807609085381,-0.007252262169917478,0.0017756173498039577,0.0158727929744069,-0.002623569351624503,0.016215154158780942,0.010860992491170736,0.0393402093031053,0.044527672026984,False,False,False,True,False,False,post-primary retrospective sensitivity; retain primary result; fixed fitted predictions
ridge|history_unavailable|budget=27,ridge,history_unavailable,27,False,D_B_A_K,ridge::D_B_A_K,ridge::D_B_A_K,D_B_A_K,1.0,False,17,17,0.6465315444142528,1.0,"[""D"", ""B"", ""A"", ""K""]",whole,1520,ridge::NONE,ridge::D_B_M_P_C_A_K,21,2.606807609085381,-0.007252262169917478,0.0017756173498039577,0.0158727929744069,-0.002623569351624503,0.016215154158780942,0.010860992491170736,0.0393402093031053,0.044527672026984,False,False,False,True,False,False,post-primary retrospective sensitivity; retain primary result; fixed fitted predictions
ridge|history_unavailable|budget=28,ridge,history_unavailable,28,False,D_B_P_A_K,ridge::D_B_P_A_K,ridge::D_B_P_A_K,D_B_P_A_K,1.0,False,28,28,0.645554504910448,1.0,"[""D"", ""B"", ""P"", ""A"", ""K""]",whole,1520,ridge::NONE,ridge::D_B_M_P_C_A_K,21,2.606807609085381,-0.003230092339159718,0.0009112663688491308,0.0198949628051647,-0.0008545962349401984,0.020237323989538702,0.010930418510579284,0.0433623791338631,0.048730822133404475,False,False,False,True,False,False,post-primary retrospective sensitivity; retain primary result; fixed fitted predictions
ridge|history_unavailable|budget=29,ridge,history_unavailable,29,False,D_B_P_A_K,ridge::D_B_P_A_K,ridge::D_B_P_A_K,D_B_P_A_K,1.0,False,28,28,0.645554504910448,1.0,"[""D"", ""B"", ""P"", ""A"", ""K""]",whole,1520,ridge::NONE,ridge::D_B_M_P_C_A_K,21,2.606807609085381,-0.003230092339159718,0.0009112663688491308,0.0198949628051647,-0.0008545962349401984,0.020237323989538702,0.010930418510579284,0.0433623791338631,0.048730822133404475,False,False,False,True,False,False,post-primary retrospective sensitivity; retain primary result; fixed fitted predictions
ridge|history_unavailable|budget=30,ridge,history_unavailable,30,False,D_B_P_A_K,ridge::D_B_P_A_K,ridge::D_B_P_A_K,D_B_P_A_K,1.0,False,28,28,0.645554504910448,1.0,"[""D"", ""B"", ""P"", ""A"", ""K""]",whole,1520,ridge::NONE,ridge::D_B_M_P_C_A_K,21,2.606807609085381,-0.003230092339159718,0.0009112663688491308,0.0198949628051647,-0.0008545962349401984,0.020237323989538702,0.010930418510579284,0.0433623791338631,0.048730822133404475,False,False,False,True,False,False,post-primary retrospective sensitivity; retain primary result; fixed fitted predictions
ridge|history_unavailable|budget=00,ridge,history_unavailable,0,False,NONE,ridge::NONE,ridge::NONE,NONE,0.001,False,0,0,0.6853643289188563,0.001,[],disjoint,879,ridge::NONE,ridge::D_B_M_P_C_A_K,21,2.5752381693336783,-0.058974120088800985,0.014907533904921808,-0.0279396133726204,-0.020583669766210407,0.0,0.0,0.0,0.0,False,False,True,True,False,False,post-primary retrospective sensitivity; retain primary result; fixed fitted predictions
ridge|history_unavailable|budget=01,ridge,history_unavailable,1,False,B,ridge::B,ridge::B,B,0.1,False,1,1,0.6777381954029948,0.1,"[""B""]",disjoint,879,ridge::NONE,ridge::D_B_M_P_C_A_K,21,2.5752381693336783,-0.06603486608162867,0.013945850116627757,-0.0350003593654481,-0.030120980557482344,-0.007060745992827688,0.00430974809302541,0.0239737607233528,0.004037881796544379,False,False,True,True,False,False,post-primary retrospective sensitivity; retain primary result; fixed fitted predictions
ridge|history_unavailable|budget=02,ridge,history_unavailable,2,False,B_A,ridge::B_A,ridge::B_A,B_A,0.1,False,2,2,0.6736656514353723,0.1,"[""B"", ""A""]",disjoint,879,ridge::NONE,ridge::D_B_M_P_C_A_K,21,2.5752381693336783,-0.048966433693686806,0.012268512896948677,-0.0179319269775062,-0.01737209100050207,0.01000768639511418,0.006927991922481009,0.0410421931112947,0.027848915630722684,False,False,True,True,False,False,post-primary retrospective sensitivity; retain primary result; fixed fitted predictions
ridge|history_unavailable|budget=03,ridge,history_unavailable,3,False,B_C_A,ridge::B_C_A,ridge::B_C_A,B_C_A,0.1,False,3,3,0.6735209745197117,0.1,"[""B"", ""C"", ""A""]",disjoint,879,ridge::NONE,ridge::D_B_M_P_C_A_K,21,2.5752381693336783,-0.050122511441648254,0.012199888413199638,-0.0190880047254676,-0.01870489313836486,0.008851608647152731,0.007131248125612444,0.0398861153633333,0.027216271015219146,False,False,True,True,False,False,post-primary retrospective sensitivity; retain primary result; fixed fitted predictions
ridge|history_unavailable|budget=04,ridge,history_unavailable,4,False,D,ridge::D,ridge::D,D,1.0,False,4,4,0.6621656516928427,1.0,"[""D""]",disjoint,879,ridge::NONE,ridge::D_B_M_P_C_A_K,21,2.5752381693336783,-0.007746120843344029,0.007972941494833817,0.0232883858728365,0.01278610241601633,0.05122799924545696,0.011036531504008927,0.0822625059616375,0.07964969643163437,False,False,False,False,False,False,post-primary retrospective sensitivity; retain primary result; fixed fitted predictions
ridge|history_unavailable|budget=05,ridge,history_unavailable,5,False,D_B,ridge::D_B,ridge::D_B,D_B,1.0,False,5,5,0.6582120307239033,1.0,"[""D"", ""B""]",disjoint,879,ridge::NONE,ridge::D_B_M_P_C_A_K,21,2.5752381693336783,-0.01816748898036602,0.007080106683775855,0.0128670177358145,6.54719946480524e-05,0.040806631108434965,0.011660105799098174,0.0718411378246155,0.07083418062074155,False,False,False,True,False,False,post-primary retrospective sensitivity; retain primary result; fixed fitted predictions
ridge|history_unavailable|budget=06,ridge,history_unavailable,6,False,D_B_A,ridge::D_B_A,ridge::D_B_A,D_B_A,1.0,False,6,6,0.6545563941969289,1.0,"[""D"", ""B"", ""A""]",disjoint,879,ridge::NONE,ridge::D_B_M_P_C_A_K,21,2.5752381693336783,0.006494038611554953,0.005642385273800972,0.0375285453277355,0.021024524534733476,0.06546815870035594,0.014258230685424667,0.0965026654165365,0.10218649858862623,False,False,False,False,False,False,post-primary retrospective sensitivity; retain primary result; fixed fitted predictions
ridge|history_unavailable|budget=07,ridge,history_unavailable,7,False,D_B_A,ridge::D_B_A,ridge::D_B_A,D_B_A,1.0,False,6,6,0.6545563941969289,1.0,"[""D"", ""B"", ""A""]",disjoint,879,ridge::NONE,ridge::D_B_M_P_C_A_K,21,2.5752381693336783,0.006494038611554953,0.005642385273800972,0.0375285453277355,0.021024524534733476,0.06546815870035594,0.014258230685424667,0.0965026654165365,0.10218649858862623,False,False,False,False,False,False,post-primary retrospective sensitivity; retain primary result; fixed fitted predictions
ridge|history_unavailable|budget=08,ridge,history_unavailable,8,False,D_B_A,ridge::D_B_A,ridge::D_B_A,D_B_A,1.0,False,6,6,0.6545563941969289,1.0,"[""D"", ""B"", ""A""]",disjoint,879,ridge::NONE,ridge::D_B_M_P_C_A_K,21,2.5752381693336783,0.006494038611554953,0.005642385273800972,0.0375285453277355,0.021024524534733476,0.06546815870035594,0.014258230685424667,0.0965026654165365,0.10218649858862623,False,False,False,False,False,False,post-primary retrospective sensitivity; retain primary result; fixed fitted predictions
ridge|history_unavailable|budget=09,ridge,history_unavailable,9,False,D_B_A,ridge::D_B_A,ridge::D_B_A,D_B_A,1.0,False,6,6,0.6545563941969289,1.0,"[""D"", ""B"", ""A""]",disjoint,879,ridge::NONE,ridge::D_B_M_P_C_A_K,21,2.5752381693336783,0.006494038611554953,0.005642385273800972,0.0375285453277355,0.021024524534733476,0.06546815870035594,0.014258230685424667,0.0965026654165365,0.10218649858862623,False,False,False,False,False,False,post-primary retrospective sensitivity; retain primary result; fixed fitted predictions
ridge|history_unavailable|budget=10,ridge,history_unavailable,10,False,D_B_A,ridge::D_B_A,ridge::D_B_A,D_B_A,1.0,False,6,6,0.6545563941969289,1.0,"[""D"", ""B"", ""A""]",disjoint,879,ridge::NONE,ridge::D_B_M_P_C_A_K,21,2.5752381693336783,0.006494038611554953,0.005642385273800972,0.0375285453277355,0.021024524534733476,0.06546815870035594,0.014258230685424667,0.0965026654165365,0.10218649858862623,False,False,False,False,False,False,post-primary retrospective sensitivity; retain primary result; fixed fitted predictions
ridge|history_unavailable|budget=11,ridge,history_unavailable,11,False,D_B_A,ridge::D_B_A,ridge::D_B_A,D_B_A,1.0,False,6,6,0.6545563941969289,1.0,"[""D"", ""B"", ""A""]",disjoint,879,ridge::NONE,ridge::D_B_M_P_C_A_K,21,2.5752381693336783,0.006494038611554953,0.005642385273800972,0.0375285453277355,0.021024524534733476,0.06546815870035594,0.014258230685424667,0.0965026654165365,0.10218649858862623,False,False,False,False,False,False,post-primary retrospective sensitivity; retain primary result; fixed fitted predictions
ridge|history_unavailable|budget=12,ridge,history_unavailable,12,False,D_B_A,ridge::D_B_A,ridge::D_B_A,D_B_A,1.0,False,6,6,0.6545563941969289,1.0,"[""D"", ""B"", ""A""]",disjoint,879,ridge::NONE,ridge::D_B_M_P_C_A_K,21,2.5752381693336783,0.006494038611554953,0.005642385273800972,0.0375285453277355,0.021024524534733476,0.06546815870035594,0.014258230685424667,0.0965026654165365,0.10218649858862623,False,False,False,False,False,False,post-primary retrospective sensitivity; retain primary result; fixed fitted predictions
ridge|history_unavailable|budget=13,ridge,history_unavailable,13,False,D_B_A,ridge::D_B_A,ridge::D_B_A,D_B_A,1.0,False,6,6,0.6545563941969289,1.0,"[""D"", ""B"", ""A""]",disjoint,879,ridge::NONE,ridge::D_B_M_P_C_A_K,21,2.5752381693336783,0.006494038611554953,0.005642385273800972,0.0375285453277355,0.021024524534733476,0.06546815870035594,0.014258230685424667,0.0965026654165365,0.10218649858862623,False,False,False,False,False,False,post-primary retrospective sensitivity; retain primary result; fixed fitted predictions
ridge|history_unavailable|budget=14,ridge,history_unavailable,14,False,D_B_A,ridge::D_B_A,ridge::D_B_A,D_B_A,1.0,False,6,6,0.6545563941969289,1.0,"[""D"", ""B"", ""A""]",disjoint,879,ridge::NONE,ridge::D_B_M_P_C_A_K,21,2.5752381693336783,0.006494038611554953,0.005642385273800972,0.0375285453277355,0.021024524534733476,0.06546815870035594,0.014258230685424667,0.0965026654165365,0.10218649858862623,False,False,False,False,False,False,post-primary retrospective sensitivity; retain primary result; fixed fitted predictions
ridge|history_unavailable|budget=15,ridge,history_unavailable,15,False,D_K,ridge::D_K,ridge::D_K,D_K,1.0,False,15,15,0.6534616584557627,1.0,"[""D"", ""K""]",disjoint,879,ridge::NONE,ridge::D_B_M_P_C_A_K,21,2.5752381693336783,-0.025754518686933903,0.006802935609240571,0.0052799880292466,-0.008235339242498325,0.03321960140186708,0.011952628681215056,0.0642541081180476,0.06400046700560456,False,False,True,True,False,False,post-primary retrospective sensitivity; retain primary result; fixed fitted predictions
ridge|history_unavailable|budget=16,ridge,history_unavailable,16,False,D_A_K,ridge::D_A_K,ridge::D_A_K,D_A_K,1.0,False,16,16,0.6495521869548352,1.0,"[""D"", ""A"", ""K""]",disjoint,879,ridge::NONE,ridge::D_B_M_P_C_A_K,21,2.5752381693336783,-0.00021081816641377316,0.004041630549587717,0.0308236885497667,0.010197343091229568,0.05876330192238721,0.014161439747219725,0.0897978086385677,0.09523238209214652,False,False,False,False,False,False,post-primary retrospective sensitivity; retain primary result; fixed fitted predictions
ridge|history_unavailable|budget=17,ridge,history_unavailable,17,False,D_B_A_K,ridge::D_B_A_K,ridge::D_B_A_K,D_B_A_K,1.0,False,17,17,0.6465315444142528,1.0,"[""D"", ""B"", ""A"", ""K""]",disjoint,879,ridge::NONE,ridge::D_B_M_P_C_A_K,21,2.5752381693336783,-0.010227334395447985,0.0024845439890805654,0.0208071723207325,-0.0038290418813791546,0.048746785693353,0.01446948804610418,0.0797812924095335,0.08600916360039787,False,False,False,True,False,False,post-primary retrospective sensitivity; retain primary result; fixed fitted predictions
ridge|history_unavailable|budget=18,ridge,history_unavailable,18,False,D_B_A_K,ridge::D_B_A_K,ridge::D_B_A_K,D_B_A_K,1.0,False,17,17,0.6465315444142528,1.0,"[""D"", ""B"", ""A"", ""K""]",disjoint,879,ridge::NONE,ridge::D_B_M_P_C_A_K,21,2.5752381693336783,-0.010227334395447985,0.0024845439890805654,0.0208071723207325,-0.0038290418813791546,0.048746785693353,0.01446948804610418,0.0797812924095335,0.08600916360039787,False,False,False,True,False,False,post-primary retrospective sensitivity; retain primary result; fixed fitted predictions
ridge|history_unavailable|budget=19,ridge,history_unavailable,19,False,D_B_A_K,ridge::D_B_A_K,ridge::D_B_A_K,D_B_A_K,1.0,False,17,17,0.6465315444142528,1.0,"[""D"", ""B"", ""A"", ""K""]",disjoint,879,ridge::NONE,ridge::D_B_M_P_C_A_K,21,2.5752381693336783,-0.010227334395447985,0.0024845439890805654,0.0208071723207325,-0.0038290418813791546,0.048746785693353,0.01446948804610418,0.0797812924095335,0.08600916360039787,False,False,False,True,False,False,post-primary retrospective sensitivity; retain primary result; fixed fitted predictions
ridge|history_unavailable|budget=20,ridge,history_unavailable,20,False,D_B_A_K,ridge::D_B_A_K,ridge::D_B_A_K,D_B_A_K,1.0,False,17,17,0.6465315444142528,1.0,"[""D"", ""B"", ""A"", ""K""]",disjoint,879,ridge::NONE,ridge::D_B_M_P_C_A_K,21,2.5752381693336783,-0.010227334395447985,0.0024845439890805654,0.0208071723207325,-0.0038290418813791546,0.048746785693353,0.01446948804610418,0.0797812924095335,0.08600916360039787,False,False,False,True,False,False,post-primary retrospective sensitivity; retain primary result; fixed fitted predictions
ridge|history_unavailable|budget=21,ridge,history_unavailable,21,False,D_B_A_K,ridge::D_B_A_K,ridge::D_B_A_K,D_B_A_K,1.0,False,17,17,0.6465315444142528,1.0,"[""D"", ""B"", ""A"", ""K""]",disjoint,879,ridge::NONE,ridge::D_B_M_P_C_A_K,21,2.5752381693336783,-0.010227334395447985,0.0024845439890805654,0.0208071723207325,-0.0038290418813791546,0.048746785693353,0.01446948804610418,0.0797812924095335,0.08600916360039787,False,False,False,True,False,False,post-primary retrospective sensitivity; retain primary result; fixed fitted predictions
ridge|history_unavailable|budget=22,ridge,history_unavailable,22,False,D_B_A_K,ridge::D_B_A_K,ridge::D_B_A_K,D_B_A_K,1.0,False,17,17,0.6465315444142528,1.0,"[""D"", ""B"", ""A"", ""K""]",disjoint,879,ridge::NONE,ridge::D_B_M_P_C_A_K,21,2.5752381693336783,-0.010227334395447985,0.0024845439890805654,0.0208071723207325,-0.0038290418813791546,0.048746785693353,0.01446948804610418,0.0797812924095335,0.08600916360039787,False,False,False,True,False,False,post-primary retrospective sensitivity; retain primary result; fixed fitted predictions
ridge|history_unavailable|budget=23,ridge,history_unavailable,23,False,D_B_A_K,ridge::D_B_A_K,ridge::D_B_A_K,D_B_A_K,1.0,False,17,17,0.6465315444142528,1.0,"[""D"", ""B"", ""A"", ""K""]",disjoint,879,ridge::NONE,ridge::D_B_M_P_C_A_K,21,2.5752381693336783,-0.010227334395447985,0.0024845439890805654,0.0208071723207325,-0.0038290418813791546,0.048746785693353,0.01446948804610418,0.0797812924095335,0.08600916360039787,False,False,False,True,False,False,post-primary retrospective sensitivity; retain primary result; fixed fitted predictions
ridge|history_unavailable|budget=24,ridge,history_unavailable,24,False,D_B_A_K,ridge::D_B_A_K,ridge::D_B_A_K,D_B_A_K,1.0,False,17,17,0.6465315444142528,1.0,"[""D"", ""B"", ""A"", ""K""]",disjoint,879,ridge::NONE,ridge::D_B_M_P_C_A_K,21,2.5752381693336783,-0.010227334395447985,0.0024845439890805654,0.0208071723207325,-0.0038290418813791546,0.048746785693353,0.01446948804610418,0.0797812924095335,0.08600916360039787,False,False,False,True,False,False,post-primary retrospective sensitivity; retain primary result; fixed fitted predictions
ridge|history_unavailable|budget=25,ridge,history_unavailable,25,False,D_B_A_K,ridge::D_B_A_K,ridge::D_B_A_K,D_B_A_K,1.0,False,17,17,0.6465315444142528,1.0,"[""D"", ""B"", ""A"", ""K""]",disjoint,879,ridge::NONE,ridge::D_B_M_P_C_A_K,21,2.5752381693336783,-0.010227334395447985,0.0024845439890805654,0.0208071723207325,-0.0038290418813791546,0.048746785693353,0.01446948804610418,0.0797812924095335,0.08600916360039787,False,False,False,True,False,False,post-primary retrospective sensitivity; retain primary result; fixed fitted predictions
ridge|history_unavailable|budget=26,ridge,history_unavailable,26,False,D_B_A_K,ridge::D_B_A_K,ridge::D_B_A_K,D_B_A_K,1.0,False,17,17,0.6465315444142528,1.0,"[""D"", ""B"", ""A"", ""K""]",disjoint,879,ridge::NONE,ridge::D_B_M_P_C_A_K,21,2.5752381693336783,-0.010227334395447985,0.0024845439890805654,0.0208071723207325,-0.0038290418813791546,0.048746785693353,0.01446948804610418,0.0797812924095335,0.08600916360039787,False,False,False,True,False,False,post-primary retrospective sensitivity; retain primary result; fixed fitted predictions
ridge|history_unavailable|budget=27,ridge,history_unavailable,27,False,D_B_A_K,ridge::D_B_A_K,ridge::D_B_A_K,D_B_A_K,1.0,False,17,17,0.6465315444142528,1.0,"[""D"", ""B"", ""A"", ""K""]",disjoint,879,ridge::NONE,ridge::D_B_M_P_C_A_K,21,2.5752381693336783,-0.010227334395447985,0.0024845439890805654,0.0208071723207325,-0.0038290418813791546,0.048746785693353,0.01446948804610418,0.0797812924095335,0.08600916360039787,False,False,False,True,False,False,post-primary retrospective sensitivity; retain primary result; fixed fitted predictions
ridge|history_unavailable|budget=28,ridge,history_unavailable,28,False,D_B_P_A_K,ridge::D_B_P_A_K,ridge::D_B_P_A_K,D_B_P_A_K,1.0,False,28,28,0.645554504910448,1.0,"[""D"", ""B"", ""P"", ""A"", ""K""]",disjoint,879,ridge::NONE,ridge::D_B_M_P_C_A_K,21,2.5752381693336783,-0.002913101428580589,0.0013519519740668566,0.0281214052875999,0.0005684968981423955,0.056061018660220396,0.014790922744475809,0.0870955253764009,0.09415116747146014,False,False,False,True,False,False,post-primary retrospective sensitivity; retain primary result; fixed fitted predictions
ridge|history_unavailable|budget=29,ridge,history_unavailable,29,False,D_B_P_A_K,ridge::D_B_P_A_K,ridge::D_B_P_A_K,D_B_P_A_K,1.0,False,28,28,0.645554504910448,1.0,"[""D"", ""B"", ""P"", ""A"", ""K""]",disjoint,879,ridge::NONE,ridge::D_B_M_P_C_A_K,21,2.5752381693336783,-0.002913101428580589,0.0013519519740668566,0.0281214052875999,0.0005684968981423955,0.056061018660220396,0.014790922744475809,0.0870955253764009,0.09415116747146014,False,False,False,True,False,False,post-primary retrospective sensitivity; retain primary result; fixed fitted predictions
ridge|history_unavailable|budget=30,ridge,history_unavailable,30,False,D_B_P_A_K,ridge::D_B_P_A_K,ridge::D_B_P_A_K,D_B_P_A_K,1.0,False,28,28,0.645554504910448,1.0,"[""D"", ""B"", ""P"", ""A"", ""K""]",disjoint,879,ridge::NONE,ridge::D_B_M_P_C_A_K,21,2.5752381693336783,-0.002913101428580589,0.0013519519740668566,0.0281214052875999,0.0005684968981423955,0.056061018660220396,0.014790922744475809,0.0870955253764009,0.09415116747146014,False,False,False,True,False,False,post-primary retrospective sensitivity; retain primary result; fixed fitted predictions
ridge|history_available|budget=00,ridge,history_available,0,True,P0,P0,P0,P0,,True,0,0,0.6620828063230408,,"[""H""]",whole,1520,P0,ridge::H_D_B_M_P_C_A_K,25,2.65580397971585,-0.038987217708090216,0.010575285651947966,-0.016695069545866,-0.01090133198701488,0.0,0.0,0.0,0.0,False,False,True,True,False,False,post-primary retrospective sensitivity; retain primary result; fixed fitted predictions
ridge|history_available|budget=01,ridge,history_available,1,True,H_B,ridge::H_B,ridge::H_B,H_B,1.0,True,1,1,0.6578158495921907,1.0,"[""H"", ""B""]",whole,1520,P0,ridge::H_D_B_M_P_C_A_K,25,2.65580397971585,-0.04236810420889159,0.01004400263599375,-0.0200759560466674,-0.015693202035942898,-0.003380886500801372,0.0024230667534464326,0.0189112616614227,0.0030543038261188274,False,False,True,True,False,False,post-primary retrospective sensitivity; retain primary result; fixed fitted predictions
ridge|history_available|budget=02,ridge,history_available,2,True,H_B_A,ridge::H_B_A,ridge::H_B_A,H_B_A,0.1,True,2,2,0.6557119973590803,0.1,"[""H"", ""B"", ""A""]",whole,1520,P0,ridge::H_D_B_M_P_C_A_K,25,2.65580397971585,-0.02870995657471831,0.008842383206171645,-0.0064178084124941,-0.00522632006559506,0.010277261133371907,0.0041345615407442655,0.032569409295596,0.021257846127660622,False,False,True,True,False,False,post-primary retrospective sensitivity; retain primary result; fixed fitted predictions
ridge|history_available|budget=03,ridge,history_available,3,True,H_B_A,ridge::H_B_A,ridge::H_B_A,H_B_A,0.1,True,2,2,0.6557119973590803,0.1,"[""H"", ""B"", ""A""]",whole,1520,P0,ridge::H_D_B_M_P_C_A_K,25,2.65580397971585,-0.02870995657471831,0.008842383206171645,-0.0064178084124941,-0.00522632006559506,0.010277261133371907,0.0041345615407442655,0.032569409295596,0.021257846127660622,False,False,True,True,False,False,post-primary retrospective sensitivity; retain primary result; fixed fitted predictions
ridge|history_available|budget=04,ridge,history_available,4,True,H_D,ridge::H_D,ridge::H_D,H_D,1.0,True,4,4,0.6396754472363618,1.0,"[""H"", ""D""]",whole,1520,P0,ridge::H_D_B_M_P_C_A_K,25,2.65580397971585,-0.0032762751193714523,0.004738898270474741,0.0190158730428527,0.009309309766823922,0.035710942588718764,0.008321102579471584,0.0580030907509429,0.057810159934903224,False,False,False,True,False,False,post-primary retrospective sensitivity; retain primary result; fixed fitted predictions
ridge|history_available|budget=05,ridge,history_available,5,True,H_D_B,ridge::H_D_B,ridge::H_D_B,H_D_B,1.0,True,5,5,0.6379948075675399,1.0,"[""H"", ""D"", ""B""]",whole,1520,P0,ridge::H_D_B_M_P_C_A_K,25,2.65580397971585,-0.008977919000090484,0.004312014443449202,0.0133142291621336,0.0024739461194141325,0.030009298707999732,0.0085029544729023,0.0523014468702238,0.052591479036476346,False,False,False,True,False,False,post-primary retrospective sensitivity; retain primary result; fixed fitted predictions
ridge|history_available|budget=06,ridge,history_available,6,True,H_D_B_A,ridge::H_D_B_A,ridge::H_D_B_A,H_D_B_A,1.0,True,6,6,0.6362755316368176,1.0,"[""H"", ""D"", ""B"", ""A""]",whole,1520,P0,ridge::H_D_B_M_P_C_A_K,25,2.65580397971585,0.010247036400673926,0.003571331043872158,0.032539184562898,0.019731791599872366,0.04923425410876414,0.010296756331351619,0.0715264022709883,0.07658042055173214,False,False,False,False,False,False,post-primary retrospective sensitivity; retain primary result; fixed fitted predictions
ridge|history_available|budget=07,ridge,history_available,7,True,H_D_B_M_A,ridge::H_D_B_M_A,ridge::H_D_B_M_A,H_D_B_M_A,1.0,True,7,7,0.6362310759849575,1.0,"[""H"", ""D"", ""B"", ""M"", ""A""]",whole,1520,P0,ridge::H_D_B_M_P_C_A_K,25,2.65580397971585,0.014281677147523486,0.0035906056237889226,0.0365738253097476,0.023817621852772218,0.0532688948556137,0.01035219431447045,0.0755610430178378,0.08076229371477611,False,False,False,False,False,False,post-primary retrospective sensitivity; retain primary result; fixed fitted predictions
ridge|history_available|budget=08,ridge,history_available,8,True,H_D_B_M_A,ridge::H_D_B_M_A,ridge::H_D_B_M_A,H_D_B_M_A,1.0,True,7,7,0.6362310759849575,1.0,"[""H"", ""D"", ""B"", ""M"", ""A""]",whole,1520,P0,ridge::H_D_B_M_P_C_A_K,25,2.65580397971585,0.014281677147523486,0.0035906056237889226,0.0365738253097476,0.023817621852772218,0.0532688948556137,0.01035219431447045,0.0755610430178378,0.08076229371477611,False,False,False,False,False,False,post-primary retrospective sensitivity; retain primary result; fixed fitted predictions
ridge|history_available|budget=09,ridge,history_available,9,True,H_D_B_M_A,ridge::H_D_B_M_A,ridge::H_D_B_M_A,H_D_B_M_A,1.0,True,7,7,0.6362310759849575,1.0,"[""H"", ""D"", ""B"", ""M"", ""A""]",whole,1520,P0,ridge::H_D_B_M_P_C_A_K,25,2.65580397971585,0.014281677147523486,0.0035906056237889226,0.0365738253097476,0.023817621852772218,0.0532688948556137,0.01035219431447045,0.0755610430178378,0.08076229371477611,False,False,False,False,False,False,post-primary retrospective sensitivity; retain primary result; fixed fitted predictions
ridge|history_available|budget=10,ridge,history_available,10,True,H_D_B_M_A,ridge::H_D_B_M_A,ridge::H_D_B_M_A,H_D_B_M_A,1.0,True,7,7,0.6362310759849575,1.0,"[""H"", ""D"", ""B"", ""M"", ""A""]",whole,1520,P0,ridge::H_D_B_M_P_C_A_K,25,2.65580397971585,0.014281677147523486,0.0035906056237889226,0.0365738253097476,0.023817621852772218,0.0532688948556137,0.01035219431447045,0.0755610430178378,0.08076229371477611,False,False,False,False,False,False,post-primary retrospective sensitivity; retain primary result; fixed fitted predictions
ridge|history_available|budget=11,ridge,history_available,11,True,H_D_B_M_A,ridge::H_D_B_M_A,ridge::H_D_B_M_A,H_D_B_M_A,1.0,True,7,7,0.6362310759849575,1.0,"[""H"", ""D"", ""B"", ""M"", ""A""]",whole,1520,P0,ridge::H_D_B_M_P_C_A_K,25,2.65580397971585,0.014281677147523486,0.0035906056237889226,0.0365738253097476,0.023817621852772218,0.0532688948556137,0.01035219431447045,0.0755610430178378,0.08076229371477611,False,False,False,False,False,False,post-primary retrospective sensitivity; retain primary result; fixed fitted predictions
ridge|history_available|budget=12,ridge,history_available,12,True,H_D_B_M_A,ridge::H_D_B_M_A,ridge::H_D_B_M_A,H_D_B_M_A,1.0,True,7,7,0.6362310759849575,1.0,"[""H"", ""D"", ""B"", ""M"", ""A""]",whole,1520,P0,ridge::H_D_B_M_P_C_A_K,25,2.65580397971585,0.014281677147523486,0.0035906056237889226,0.0365738253097476,0.023817621852772218,0.0532688948556137,0.01035219431447045,0.0755610430178378,0.08076229371477611,False,False,False,False,False,False,post-primary retrospective sensitivity; retain primary result; fixed fitted predictions
ridge|history_available|budget=13,ridge,history_available,13,True,H_D_B_M_A,ridge::H_D_B_M_A,ridge::H_D_B_M_A,H_D_B_M_A,1.0,True,7,7,0.6362310759849575,1.0,"[""H"", ""D"", ""B"", ""M"", ""A""]",whole,1520,P0,ridge::H_D_B_M_P_C_A_K,25,2.65580397971585,0.014281677147523486,0.0035906056237889226,0.0365738253097476,0.023817621852772218,0.0532688948556137,0.01035219431447045,0.0755610430178378,0.08076229371477611,False,False,False,False,False,False,post-primary retrospective sensitivity; retain primary result; fixed fitted predictions
ridge|history_available|budget=14,ridge,history_available,14,True,H_D_B_M_A,ridge::H_D_B_M_A,ridge::H_D_B_M_A,H_D_B_M_A,1.0,True,7,7,0.6362310759849575,1.0,"[""H"", ""D"", ""B"", ""M"", ""A""]",whole,1520,P0,ridge::H_D_B_M_P_C_A_K,25,2.65580397971585,0.014281677147523486,0.0035906056237889226,0.0365738253097476,0.023817621852772218,0.0532688948556137,0.01035219431447045,0.0755610430178378,0.08076229371477611,False,False,False,False,False,False,post-primary retrospective sensitivity; retain primary result; fixed fitted predictions
ridge|history_available|budget=15,ridge,history_available,15,True,H_D_K,ridge::H_D_K,ridge::H_D_K,H_D_K,1.0,True,15,15,0.633478707878488,1.0,"[""H"", ""D"", ""K""]",whole,1520,P0,ridge::H_D_B_M_P_C_A_K,25,2.65580397971585,-0.02342257605671627,0.003909447693090332,-0.0011304278944921,-0.01303984931491602,0.015564641651373945,0.008683702905832162,0.0378567898135981,0.038626854387353096,False,False,True,True,False,False,post-primary retrospective sensitivity; retain primary result; fixed fitted predictions
ridge|history_available|budget=16,ridge,history_available,16,True,H_D_A_K,ridge::H_D_A_K,ridge::H_D_A_K,H_D_A_K,1.0,True,16,16,0.6316089221778484,1.0,"[""H"", ""D"", ""A"", ""K""]",whole,1520,P0,ridge::H_D_B_M_P_C_A_K,25,2.65580397971585,-0.003985548313498621,0.00233165800278537,0.0183065998487255,0.0022068782896350744,0.035001669394591595,0.010261685539156728,0.0572938175568157,0.06225469468807662,False,False,False,True,False,False,post-primary retrospective sensitivity; retain primary result; fixed fitted predictions
ridge|history_available|budget=17,ridge,history_available,17,True,H_D_B_A_K,ridge::H_D_B_A_K,ridge::H_D_B_A_K,H_D_B_A_K,1.0,True,17,17,0.6303176464587247,1.0,"[""H"", ""D"", ""B"", ""A"", ""K""]",whole,1520,P0,ridge::H_D_B_M_P_C_A_K,25,2.65580397971585,-0.008023949274609699,0.0017265181579970948,0.0142681988876144,-0.0034386554795493357,0.030963268433480517,0.010465198790732861,0.0532554165957046,0.05875678503042635,False,False,False,True,False,False,post-primary retrospective sensitivity; retain primary result; fixed fitted predictions
ridge|history_available|budget=18,ridge,history_available,18,True,H_D_B_M_A_K,ridge::H_D_B_M_A_K,ridge::H_D_B_M_A_K,H_D_B_M_A_K,1.0,True,18,18,0.6297690531788611,1.0,"[""H"", ""D"", ""B"", ""M"", ""A"", ""K""]",whole,1520,P0,ridge::H_D_B_M_P_C_A_K,25,2.65580397971585,-0.0006678158039821191,0.0015732584089912817,0.021624332358242,0.003510450139738353,0.0383194019041081,0.010571644882660786,0.0606115500663322,0.06639561845562131,False,False,False,True,False,False,post-primary retrospective sensitivity; retain primary result; fixed fitted predictions
ridge|history_available|budget=19,ridge,history_available,19,True,H_D_B_M_A_K,ridge::H_D_B_M_A_K,ridge::H_D_B_M_A_K,H_D_B_M_A_K,1.0,True,18,18,0.6297690531788611,1.0,"[""H"", ""D"", ""B"", ""M"", ""A"", ""K""]",whole,1520,P0,ridge::H_D_B_M_P_C_A_K,25,2.65580397971585,-0.0006678158039821191,0.0015732584089912817,0.021624332358242,0.003510450139738353,0.0383194019041081,0.010571644882660786,0.0606115500663322,0.06639561845562131,False,False,False,True,False,False,post-primary retrospective sensitivity; retain primary result; fixed fitted predictions
ridge|history_available|budget=20,ridge,history_available,20,True,H_D_B_M_A_K,ridge::H_D_B_M_A_K,ridge::H_D_B_M_A_K,H_D_B_M_A_K,1.0,True,18,18,0.6297690531788611,1.0,"[""H"", ""D"", ""B"", ""M"", ""A"", ""K""]",whole,1520,P0,ridge::H_D_B_M_P_C_A_K,25,2.65580397971585,-0.0006678158039821191,0.0015732584089912817,0.021624332358242,0.003510450139738353,0.0383194019041081,0.010571644882660786,0.0606115500663322,0.06639561845562131,False,False,False,True,False,False,post-primary retrospective sensitivity; retain primary result; fixed fitted predictions
ridge|history_available|budget=21,ridge,history_available,21,True,H_D_B_M_A_K,ridge::H_D_B_M_A_K,ridge::H_D_B_M_A_K,H_D_B_M_A_K,1.0,True,18,18,0.6297690531788611,1.0,"[""H"", ""D"", ""B"", ""M"", ""A"", ""K""]",whole,1520,P0,ridge::H_D_B_M_P_C_A_K,25,2.65580397971585,-0.0006678158039821191,0.0015732584089912817,0.021624332358242,0.003510450139738353,0.0383194019041081,0.010571644882660786,0.0606115500663322,0.06639561845562131,False,False,False,True,False,False,post-primary retrospective sensitivity; retain primary result; fixed fitted predictions
ridge|history_available|budget=22,ridge,history_available,22,True,H_D_B_M_A_K,ridge::H_D_B_M_A_K,ridge::H_D_B_M_A_K,H_D_B_M_A_K,1.0,True,18,18,0.6297690531788611,1.0,"[""H"", ""D"", ""B"", ""M"", ""A"", ""K""]",whole,1520,P0,ridge::H_D_B_M_P_C_A_K,25,2.65580397971585,-0.0006678158039821191,0.0015732584089912817,0.021624332358242,0.003510450139738353,0.0383194019041081,0.010571644882660786,0.0606115500663322,0.06639561845562131,False,False,False,True,False,False,post-primary retrospective sensitivity; retain primary result; fixed fitted predictions
ridge|history_available|budget=23,ridge,history_available,23,True,H_D_B_M_A_K,ridge::H_D_B_M_A_K,ridge::H_D_B_M_A_K,H_D_B_M_A_K,1.0,True,18,18,0.6297690531788611,1.0,"[""H"", ""D"", ""B"", ""M"", ""A"", ""K""]",whole,1520,P0,ridge::H_D_B_M_P_C_A_K,25,2.65580397971585,-0.0006678158039821191,0.0015732584089912817,0.021624332358242,0.003510450139738353,0.0383194019041081,0.010571644882660786,0.0606115500663322,0.06639561845562131,False,False,False,True,False,False,post-primary retrospective sensitivity; retain primary result; fixed fitted predictions
ridge|history_available|budget=24,ridge,history_available,24,True,H_D_B_M_A_K,ridge::H_D_B_M_A_K,ridge::H_D_B_M_A_K,H_D_B_M_A_K,1.0,True,18,18,0.6297690531788611,1.0,"[""H"", ""D"", ""B"", ""M"", ""A"", ""K""]",whole,1520,P0,ridge::H_D_B_M_P_C_A_K,25,2.65580397971585,-0.0006678158039821191,0.0015732584089912817,0.021624332358242,0.003510450139738353,0.0383194019041081,0.010571644882660786,0.0606115500663322,0.06639561845562131,False,False,False,True,False,False,post-primary retrospective sensitivity; retain primary result; fixed fitted predictions
ridge|history_available|budget=25,ridge,history_available,25,True,H_D_B_M_A_K,ridge::H_D_B_M_A_K,ridge::H_D_B_M_A_K,H_D_B_M_A_K,1.0,True,18,18,0.6297690531788611,1.0,"[""H"", ""D"", ""B"", ""M"", ""A"", ""K""]",whole,1520,P0,ridge::H_D_B_M_P_C_A_K,25,2.65580397971585,-0.0006678158039821191,0.0015732584089912817,0.021624332358242,0.003510450139738353,0.0383194019041081,0.010571644882660786,0.0606115500663322,0.06639561845562131,False,False,False,True,False,False,post-primary retrospective sensitivity; retain primary result; fixed fitted predictions
ridge|history_available|budget=26,ridge,history_available,26,True,H_D_B_M_A_K,ridge::H_D_B_M_A_K,ridge::H_D_B_M_A_K,H_D_B_M_A_K,1.0,True,18,18,0.6297690531788611,1.0,"[""H"", ""D"", ""B"", ""M"", ""A"", ""K""]",whole,1520,P0,ridge::H_D_B_M_P_C_A_K,25,2.65580397971585,-0.0006678158039821191,0.0015732584089912817,0.021624332358242,0.003510450139738353,0.0383194019041081,0.010571644882660786,0.0606115500663322,0.06639561845562131,False,False,False,True,False,False,post-primary retrospective sensitivity; retain primary result; fixed fitted predictions
ridge|history_available|budget=27,ridge,history_available,27,True,H_D_B_M_A_K,ridge::H_D_B_M_A_K,ridge::H_D_B_M_A_K,H_D_B_M_A_K,1.0,True,18,18,0.6297690531788611,1.0,"[""H"", ""D"", ""B"", ""M"", ""A"", ""K""]",whole,1520,P0,ridge::H_D_B_M_P_C_A_K,25,2.65580397971585,-0.0006678158039821191,0.0015732584089912817,0.021624332358242,0.003510450139738353,0.0383194019041081,0.010571644882660786,0.0606115500663322,0.06639561845562131,False,False,False,True,False,False,post-primary retrospective sensitivity; retain primary result; fixed fitted predictions
ridge|history_available|budget=28,ridge,history_available,28,True,H_D_B_P_A_K,ridge::H_D_B_P_A_K,ridge::H_D_B_P_A_K,H_D_B_P_A_K,1.0,True,28,28,0.6294674622760528,1.0,"[""H"", ""D"", ""B"", ""P"", ""A"", ""K""]",whole,1520,P0,ridge::H_D_B_M_P_C_A_K,25,2.65580397971585,-0.005940529371703196,0.0011559389753784555,0.0163516187905209,-0.002870582040584432,0.03304668833638702,0.010483525350922718,0.0553388364986111,0.06088887668481958,False,False,False,True,False,False,post-primary retrospective sensitivity; retain primary result; fixed fitted predictions
ridge|history_available|budget=29,ridge,history_available,29,True,H_D_B_M_P_A_K,ridge::H_D_B_M_P_A_K,ridge::H_D_B_M_P_A_K,H_D_B_M_P_A_K,1.0,True,29,29,0.6292921291184919,1.0,"[""H"", ""D"", ""B"", ""M"", ""P"", ""A"", ""K""]",whole,1520,P0,ridge::H_D_B_M_P_C_A_K,25,2.65580397971585,-0.0005301792756530199,0.00035922490433771805,0.0217619688865711,0.0004238516549001371,0.038457038432437196,0.01052621769592646,0.0607491865946613,0.0664126092806341,False,False,False,True,False,False,post-primary retrospective sensitivity; retain primary result; fixed fitted predictions
ridge|history_available|budget=30,ridge,history_available,30,True,H_D_B_M_P_A_K,ridge::H_D_B_M_P_A_K,ridge::H_D_B_M_P_A_K,H_D_B_M_P_A_K,1.0,True,29,29,0.6292921291184919,1.0,"[""H"", ""D"", ""B"", ""M"", ""P"", ""A"", ""K""]",whole,1520,P0,ridge::H_D_B_M_P_C_A_K,25,2.65580397971585,-0.0005301792756530199,0.00035922490433771805,0.0217619688865711,0.0004238516549001371,0.038457038432437196,0.01052621769592646,0.0607491865946613,0.0664126092806341,False,False,False,True,False,False,post-primary retrospective sensitivity; retain primary result; fixed fitted predictions
ridge|history_available|budget=00,ridge,history_available,0,True,P0,P0,P0,P0,,True,0,0,0.6620828063230408,,"[""H""]",disjoint,879,P0,ridge::H_D_B_M_P_C_A_K,25,2.623851463746673,-0.06260187166830444,0.01428164411046526,-0.0328668476416861,-0.02512895886435112,0.0,0.0,0.0,0.0,False,False,True,True,False,False,post-primary retrospective sensitivity; retain primary result; fixed fitted predictions
ridge|history_available|budget=01,ridge,history_available,1,True,H_B,ridge::H_B,ridge::H_B,H_B,1.0,True,1,1,0.6578158495921907,1.0,"[""H"", ""B""]",disjoint,879,P0,ridge::H_D_B_M_P_C_A_K,25,2.623851463746673,-0.06641707284460452,0.013710457419252229,-0.0366820488179862,-0.030442869076463125,-0.003815201176300076,0.0032844730092763965,0.0259198228503181,0.004802768136726237,False,False,True,True,False,False,post-primary retrospective sensitivity; retain primary result; fixed fitted predictions
ridge|history_available|budget=02,ridge,history_available,2,True,H_B_A,ridge::H_B_A,ridge::H_B_A,H_B_A,0.1,True,2,2,0.6557119973590803,0.1,"[""H"", ""B"", ""A""]",disjoint,879,P0,ridge::H_D_B_M_P_C_A_K,25,2.623851463746673,-0.049411595180267054,0.012456292028015186,-0.0196765711536488,-0.01672813510970339,0.013190276488037389,0.005345511018037668,0.0429253005146556,0.027216103397189495,False,False,True,True,False,False,post-primary retrospective sensitivity; retain primary result; fixed fitted predictions
ridge|history_available|budget=03,ridge,history_available,3,True,H_B_A,ridge::H_B_A,ridge::H_B_A,H_B_A,0.1,True,2,2,0.6557119973590803,0.1,"[""H"", ""B"", ""A""]",disjoint,879,P0,ridge::H_D_B_M_P_C_A_K,25,2.623851463746673,-0.049411595180267054,0.012456292028015186,-0.0196765711536488,-0.01672813510970339,0.013190276488037389,0.005345511018037668,0.0429253005146556,0.027216103397189495,False,False,True,True,False,False,post-primary retrospective sensitivity; retain primary result; fixed fitted predictions
ridge|history_available|budget=04,ridge,history_available,4,True,H_D,ridge::H_D,ridge::H_D,H_D,1.0,True,4,4,0.6396754472363618,1.0,"[""H"", ""D""]",disjoint,879,P0,ridge::H_D_B_M_P_C_A_K,25,2.623851463746673,-0.012722203781118657,0.006435819758750473,0.0170128202454995,0.004164431313288534,0.049879667887185786,0.011481266504554919,0.079614691913804,0.08000480581082786,False,False,False,True,False,False,post-primary retrospective sensitivity; retain primary result; fixed fitted predictions
ridge|history_available|budget=05,ridge,history_available,5,True,H_D_B,ridge::H_D_B,ridge::H_D_B,H_D_B,1.0,True,5,5,0.6379948075675399,1.0,"[""H"", ""D"", ""B""]",disjoint,879,P0,ridge::H_D_B_M_P_C_A_K,25,2.623851463746673,-0.01927459821132471,0.005944958373096252,0.0104604258152935,-0.003675910482163069,0.04332727345697973,0.01163783724997228,0.073062297483598,0.07386322976016506,False,False,False,True,False,False,post-primary retrospective sensitivity; retain primary result; fixed fitted predictions
ridge|history_available|budget=06,ridge,history_available,6,True,H_D_B_A,ridge::H_D_B_A,ridge::H_D_B_A,H_D_B_A,1.0,True,6,6,0.6362755316368176,1.0,"[""H"", ""D"", ""B"", ""A""]",disjoint,879,P0,ridge::H_D_B_M_P_C_A_K,25,2.623851463746673,0.0034593905033358796,0.005260068477296833,0.0331944145299541,0.01726102887689891,0.06606126217164032,0.013720159247817816,0.0957962861982585,0.10206092209686456,False,False,False,False,False,False,post-primary retrospective sensitivity; retain primary result; fixed fitted predictions
ridge|history_available|budget=07,ridge,history_available,7,True,H_D_B_M_A,ridge::H_D_B_M_A,ridge::H_D_B_M_A,H_D_B_M_A,1.0,True,7,7,0.6362310759849575,1.0,"[""H"", ""D"", ""B"", ""M"", ""A""]",disjoint,879,P0,ridge::H_D_B_M_P_C_A_K,25,2.623851463746673,0.00943960630464813,0.005297384490038593,0.0391746303312663,0.023339156352864814,0.07204147797295257,0.0138243506476883,0.1017765019995708,0.10831452065523678,False,False,False,False,False,False,post-primary retrospective sensitivity; retain primary result; fixed fitted predictions
ridge|history_available|budget=08,ridge,history_available,8,True,H_D_B_M_A,ridge::H_D_B_M_A,ridge::H_D_B_M_A,H_D_B_M_A,1.0,True,7,7,0.6362310759849575,1.0,"[""H"", ""D"", ""B"", ""M"", ""A""]",disjoint,879,P0,ridge::H_D_B_M_P_C_A_K,25,2.623851463746673,0.00943960630464813,0.005297384490038593,0.0391746303312663,0.023339156352864814,0.07204147797295257,0.0138243506476883,0.1017765019995708,0.10831452065523678,False,False,False,False,False,False,post-primary retrospective sensitivity; retain primary result; fixed fitted predictions
ridge|history_available|budget=09,ridge,history_available,9,True,H_D_B_M_A,ridge::H_D_B_M_A,ridge::H_D_B_M_A,H_D_B_M_A,1.0,True,7,7,0.6362310759849575,1.0,"[""H"", ""D"", ""B"", ""M"", ""A""]",disjoint,879,P0,ridge::H_D_B_M_P_C_A_K,25,2.623851463746673,0.00943960630464813,0.005297384490038593,0.0391746303312663,0.023339156352864814,0.07204147797295257,0.0138243506476883,0.1017765019995708,0.10831452065523678,False,False,False,False,False,False,post-primary retrospective sensitivity; retain primary result; fixed fitted predictions
ridge|history_available|budget=10,ridge,history_available,10,True,H_D_B_M_A,ridge::H_D_B_M_A,ridge::H_D_B_M_A,H_D_B_M_A,1.0,True,7,7,0.6362310759849575,1.0,"[""H"", ""D"", ""B"", ""M"", ""A""]",disjoint,879,P0,ridge::H_D_B_M_P_C_A_K,25,2.623851463746673,0.00943960630464813,0.005297384490038593,0.0391746303312663,0.023339156352864814,0.07204147797295257,0.0138243506476883,0.1017765019995708,0.10831452065523678,False,False,False,False,False,False,post-primary retrospective sensitivity; retain primary result; fixed fitted predictions
ridge|history_available|budget=11,ridge,history_available,11,True,H_D_B_M_A,ridge::H_D_B_M_A,ridge::H_D_B_M_A,H_D_B_M_A,1.0,True,7,7,0.6362310759849575,1.0,"[""H"", ""D"", ""B"", ""M"", ""A""]",disjoint,879,P0,ridge::H_D_B_M_P_C_A_K,25,2.623851463746673,0.00943960630464813,0.005297384490038593,0.0391746303312663,0.023339156352864814,0.07204147797295257,0.0138243506476883,0.1017765019995708,0.10831452065523678,False,False,False,False,False,False,post-primary retrospective sensitivity; retain primary result; fixed fitted predictions
ridge|history_available|budget=12,ridge,history_available,12,True,H_D_B_M_A,ridge::H_D_B_M_A,ridge::H_D_B_M_A,H_D_B_M_A,1.0,True,7,7,0.6362310759849575,1.0,"[""H"", ""D"", ""B"", ""M"", ""A""]",disjoint,879,P0,ridge::H_D_B_M_P_C_A_K,25,2.623851463746673,0.00943960630464813,0.005297384490038593,0.0391746303312663,0.023339156352864814,0.07204147797295257,0.0138243506476883,0.1017765019995708,0.10831452065523678,False,False,False,False,False,False,post-primary retrospective sensitivity; retain primary result; fixed fitted predictions
ridge|history_available|budget=13,ridge,history_available,13,True,H_D_B_M_A,ridge::H_D_B_M_A,ridge::H_D_B_M_A,H_D_B_M_A,1.0,True,7,7,0.6362310759849575,1.0,"[""H"", ""D"", ""B"", ""M"", ""A""]",disjoint,879,P0,ridge::H_D_B_M_P_C_A_K,25,2.623851463746673,0.00943960630464813,0.005297384490038593,0.0391746303312663,0.023339156352864814,0.07204147797295257,0.0138243506476883,0.1017765019995708,0.10831452065523678,False,False,False,False,False,False,post-primary retrospective sensitivity; retain primary result; fixed fitted predictions
ridge|history_available|budget=14,ridge,history_available,14,True,H_D_B_M_A,ridge::H_D_B_M_A,ridge::H_D_B_M_A,H_D_B_M_A,1.0,True,7,7,0.6362310759849575,1.0,"[""H"", ""D"", ""B"", ""M"", ""A""]",disjoint,879,P0,ridge::H_D_B_M_P_C_A_K,25,2.623851463746673,0.00943960630464813,0.005297384490038593,0.0391746303312663,0.023339156352864814,0.07204147797295257,0.0138243506476883,0.1017765019995708,0.10831452065523678,False,False,False,False,False,False,post-primary retrospective sensitivity; retain primary result; fixed fitted predictions
ridge|history_available|budget=15,ridge,history_available,15,True,H_D_K,ridge::H_D_K,ridge::H_D_K,H_D_K,1.0,True,15,15,0.633478707878488,1.0,"[""H"", ""D"", ""K""]",disjoint,879,P0,ridge::H_D_B_M_P_C_A_K,25,2.623851463746673,-0.03095103082633932,0.0052179566132235095,-0.001216006799721,-0.01725988772896618,0.03165084084196512,0.011995926860005973,0.0613858648685833,0.06312637109258983,False,False,True,True,False,False,post-primary retrospective sensitivity; retain primary result; fixed fitted predictions
ridge|history_available|budget=16,ridge,history_available,16,True,H_D_A_K,ridge::H_D_A_K,ridge::H_D_A_K,H_D_A_K,1.0,True,16,16,0.6316089221778484,1.0,"[""H"", ""D"", ""A"", ""K""]",disjoint,879,P0,ridge::H_D_B_M_P_C_A_K,25,2.623851463746673,-0.007952479697858283,0.0032794600323413532,0.0217825443287599,0.0006523363082992888,0.05464939197044616,0.013724801618239567,0.0843844159970644,0.09066123278609675,False,False,False,True,False,False,post-primary retrospective sensitivity; retain primary result; fixed fitted predictions
ridge|history_available|budget=17,ridge,history_available,17,True,H_D_B_A_K,ridge::H_D_B_A_K,ridge::H_D_B_A_K,H_D_B_A_K,1.0,True,17,17,0.6303176464587247,1.0,"[""H"", ""D"", ""B"", ""A"", ""K""]",disjoint,879,P0,ridge::H_D_B_M_P_C_A_K,25,2.623851463746673,-0.013195566538378944,0.002411236883257322,0.0165394574882393,-0.006868839112804254,0.0494063051299255,0.013888360489807575,0.0791413291565437,0.08584730013014857,False,False,False,True,False,False,post-primary retrospective sensitivity; retain primary result; fixed fitted predictions
ridge|history_available|budget=18,ridge,history_available,18,True,H_D_B_M_A_K,ridge::H_D_B_M_A_K,ridge::H_D_B_M_A_K,H_D_B_M_A_K,1.0,True,18,18,0.6297690531788611,1.0,"[""H"", ""D"", ""B"", ""M"", ""A"", ""K""]",disjoint,879,P0,ridge::H_D_B_M_P_C_A_K,25,2.623851463746673,-0.001688359014916263,0.0021646498812666276,0.0280466650117019,0.00399136074454424,0.06091351265338818,0.01408989186592145,0.0906485366800064,0.09788329604981852,False,False,False,True,False,False,post-primary retrospective sensitivity; retain primary result; fixed fitted predictions
ridge|history_available|budget=19,ridge,history_available,19,True,H_D_B_M_A_K,ridge::H_D_B_M_A_K,ridge::H_D_B_M_A_K,H_D_B_M_A_K,1.0,True,18,18,0.6297690531788611,1.0,"[""H"", ""D"", ""B"", ""M"", ""A"", ""K""]",disjoint,879,P0,ridge::H_D_B_M_P_C_A_K,25,2.623851463746673,-0.001688359014916263,0.0021646498812666276,0.0280466650117019,0.00399136074454424,0.06091351265338818,0.01408989186592145,0.0906485366800064,0.09788329604981852,False,False,False,True,False,False,post-primary retrospective sensitivity; retain primary result; fixed fitted predictions
ridge|history_available|budget=20,ridge,history_available,20,True,H_D_B_M_A_K,ridge::H_D_B_M_A_K,ridge::H_D_B_M_A_K,H_D_B_M_A_K,1.0,True,18,18,0.6297690531788611,1.0,"[""H"", ""D"", ""B"", ""M"", ""A"", ""K""]",disjoint,879,P0,ridge::H_D_B_M_P_C_A_K,25,2.623851463746673,-0.001688359014916263,0.0021646498812666276,0.0280466650117019,0.00399136074454424,0.06091351265338818,0.01408989186592145,0.0906485366800064,0.09788329604981852,False,False,False,True,False,False,post-primary retrospective sensitivity; retain primary result; fixed fitted predictions
ridge|history_available|budget=21,ridge,history_available,21,True,H_D_B_M_A_K,ridge::H_D_B_M_A_K,ridge::H_D_B_M_A_K,H_D_B_M_A_K,1.0,True,18,18,0.6297690531788611,1.0,"[""H"", ""D"", ""B"", ""M"", ""A"", ""K""]",disjoint,879,P0,ridge::H_D_B_M_P_C_A_K,25,2.623851463746673,-0.001688359014916263,0.0021646498812666276,0.0280466650117019,0.00399136074454424,0.06091351265338818,0.01408989186592145,0.0906485366800064,0.09788329604981852,False,False,False,True,False,False,post-primary retrospective sensitivity; retain primary result; fixed fitted predictions
ridge|history_available|budget=22,ridge,history_available,22,True,H_D_B_M_A_K,ridge::H_D_B_M_A_K,ridge::H_D_B_M_A_K,H_D_B_M_A_K,1.0,True,18,18,0.6297690531788611,1.0,"[""H"", ""D"", ""B"", ""M"", ""A"", ""K""]",disjoint,879,P0,ridge::H_D_B_M_P_C_A_K,25,2.623851463746673,-0.001688359014916263,0.0021646498812666276,0.0280466650117019,0.00399136074454424,0.06091351265338818,0.01408989186592145,0.0906485366800064,0.09788329604981852,False,False,False,True,False,False,post-primary retrospective sensitivity; retain primary result; fixed fitted predictions
ridge|history_available|budget=23,ridge,history_available,23,True,H_D_B_M_A_K,ridge::H_D_B_M_A_K,ridge::H_D_B_M_A_K,H_D_B_M_A_K,1.0,True,18,18,0.6297690531788611,1.0,"[""H"", ""D"", ""B"", ""M"", ""A"", ""K""]",disjoint,879,P0,ridge::H_D_B_M_P_C_A_K,25,2.623851463746673,-0.001688359014916263,0.0021646498812666276,0.0280466650117019,0.00399136074454424,0.06091351265338818,0.01408989186592145,0.0906485366800064,0.09788329604981852,False,False,False,True,False,False,post-primary retrospective sensitivity; retain primary result; fixed fitted predictions
ridge|history_available|budget=24,ridge,history_available,24,True,H_D_B_M_A_K,ridge::H_D_B_M_A_K,ridge::H_D_B_M_A_K,H_D_B_M_A_K,1.0,True,18,18,0.6297690531788611,1.0,"[""H"", ""D"", ""B"", ""M"", ""A"", ""K""]",disjoint,879,P0,ridge::H_D_B_M_P_C_A_K,25,2.623851463746673,-0.001688359014916263,0.0021646498812666276,0.0280466650117019,0.00399136074454424,0.06091351265338818,0.01408989186592145,0.0906485366800064,0.09788329604981852,False,False,False,True,False,False,post-primary retrospective sensitivity; retain primary result; fixed fitted predictions
ridge|history_available|budget=25,ridge,history_available,25,True,H_D_B_M_A_K,ridge::H_D_B_M_A_K,ridge::H_D_B_M_A_K,H_D_B_M_A_K,1.0,True,18,18,0.6297690531788611,1.0,"[""H"", ""D"", ""B"", ""M"", ""A"", ""K""]",disjoint,879,P0,ridge::H_D_B_M_P_C_A_K,25,2.623851463746673,-0.001688359014916263,0.0021646498812666276,0.0280466650117019,0.00399136074454424,0.06091351265338818,0.01408989186592145,0.0906485366800064,0.09788329604981852,False,False,False,True,False,False,post-primary retrospective sensitivity; retain primary result; fixed fitted predictions
ridge|history_available|budget=26,ridge,history_available,26,True,H_D_B_M_A_K,ridge::H_D_B_M_A_K,ridge::H_D_B_M_A_K,H_D_B_M_A_K,1.0,True,18,18,0.6297690531788611,1.0,"[""H"", ""D"", ""B"", ""M"", ""A"", ""K""]",disjoint,879,P0,ridge::H_D_B_M_P_C_A_K,25,2.623851463746673,-0.001688359014916263,0.0021646498812666276,0.0280466650117019,0.00399136074454424,0.06091351265338818,0.01408989186592145,0.0906485366800064,0.09788329604981852,False,False,False,True,False,False,post-primary retrospective sensitivity; retain primary result; fixed fitted predictions
ridge|history_available|budget=27,ridge,history_available,27,True,H_D_B_M_A_K,ridge::H_D_B_M_A_K,ridge::H_D_B_M_A_K,H_D_B_M_A_K,1.0,True,18,18,0.6297690531788611,1.0,"[""H"", ""D"", ""B"", ""M"", ""A"", ""K""]",disjoint,879,P0,ridge::H_D_B_M_P_C_A_K,25,2.623851463746673,-0.001688359014916263,0.0021646498812666276,0.0280466650117019,0.00399136074454424,0.06091351265338818,0.01408989186592145,0.0906485366800064,0.09788329604981852,False,False,False,True,False,False,post-primary retrospective sensitivity; retain primary result; fixed fitted predictions
ridge|history_available|budget=28,ridge,history_available,28,True,H_D_B_P_A_K,ridge::H_D_B_P_A_K,ridge::H_D_B_P_A_K,H_D_B_P_A_K,1.0,True,28,28,0.6294674622760528,1.0,"[""H"", ""D"", ""B"", ""P"", ""A"", ""K""]",disjoint,879,P0,ridge::H_D_B_M_P_C_A_K,25,2.623851463746673,-0.008615692953436893,0.001651647167564499,0.0211193310731813,-0.004282016115229736,0.05398617871486755,0.01415779516097481,0.0837212027414858,0.09113413027141687,False,False,False,True,False,False,post-primary retrospective sensitivity; retain primary result; fixed fitted predictions
ridge|history_available|budget=29,ridge,history_available,29,True,H_D_B_M_P_A_K,ridge::H_D_B_M_P_A_K,ridge::H_D_B_M_P_A_K,H_D_B_M_P_A_K,1.0,True,29,29,0.6292921291184919,1.0,"[""H"", ""D"", ""B"", ""M"", ""P"", ""A"", ""K""]",disjoint,879,P0,ridge::H_D_B_M_P_C_A_K,25,2.623851463746673,3.794070236273761e-05,0.0005261953324369135,0.0297729647289809,0.0014185990955940006,0.06263981237066718,0.014246879578770928,0.0923748363972854,0.10002150820724787,False,False,False,True,False,False,post-primary retrospective sensitivity; retain primary result; fixed fitted predictions
ridge|history_available|budget=30,ridge,history_available,30,True,H_D_B_M_P_A_K,ridge::H_D_B_M_P_A_K,ridge::H_D_B_M_P_A_K,H_D_B_M_P_A_K,1.0,True,29,29,0.6292921291184919,1.0,"[""H"", ""D"", ""B"", ""M"", ""P"", ""A"", ""K""]",disjoint,879,P0,ridge::H_D_B_M_P_C_A_K,25,2.623851463746673,3.794070236273761e-05,0.0005261953324369135,0.0297729647289809,0.0014185990955940006,0.06263981237066718,0.014246879578770928,0.0923748363972854,0.10002150820724787,False,False,False,True,False,False,post-primary retrospective sensitivity; retain primary result; fixed fitted predictions
hgb|history_unavailable|budget=00,hgb,history_unavailable,0,False,NONE,hgb::NONE,hgb::NONE,NONE,"{""learning_rate"": 0.05, ""max_leaf_nodes"": 3}",False,0,0,0.6853643289188563,"{""learning_rate"": 0.05, ""max_leaf_nodes"": 3}",[],whole,1520,hgb::NONE,hgb::D_B_M_P_C_A_K,31,2.756492256429987,-0.02716175373235097,0.009504116257798446,-0.004191255336237,-0.0009637308635192035,0.0,0.0,0.0,0.0,False,False,True,True,False,False,post-primary retrospective sensitivity; retain primary result; fixed fitted predictions
hgb|history_unavailable|budget=01,hgb,history_unavailable,1,False,B,hgb::B,hgb::B,B,"{""learning_rate"": 0.05, ""max_leaf_nodes"": 3}",False,1,1,0.6760966845523163,"{""learning_rate"": 0.05, ""max_leaf_nodes"": 3}","[""B""]",whole,1520,hgb::NONE,hgb::D_B_M_P_C_A_K,31,2.756492256429987,-0.030908911021171548,0.008910887792856013,-0.0079384126250576,-0.006346117822247449,-0.0037471572888205795,0.0038053495079238982,0.0192233411072933,0.006742259162781308,False,False,True,True,False,False,post-primary retrospective sensitivity; retain primary result; fixed fitted predictions
hgb|history_unavailable|budget=02,hgb,history_unavailable,2,False,B_A,hgb::B_A,hgb::B_A,B_A,"{""learning_rate"": 0.05, ""max_leaf_nodes"": 7}",False,2,2,0.6710019459030957,"{""learning_rate"": 0.05, ""max_leaf_nodes"": 7}","[""B"", ""A""]",whole,1520,hgb::NONE,hgb::D_B_M_P_C_A_K,31,2.756492256429987,-0.025378481608076653,0.008026468841897116,-0.0024079832119627,-0.0032535823989106837,0.0017832721242743155,0.005617259099361553,0.0247537705203882,0.017267203334025323,False,False,True,True,False,False,post-primary retrospective sensitivity; retain primary result; fixed fitted predictions
hgb|history_unavailable|budget=03,hgb,history_unavailable,3,False,B_M_A,hgb::B_M_A,hgb::B_M_A,B_M_A,"{""learning_rate"": 0.05, ""max_leaf_nodes"": 3}",False,3,3,0.6681826337714976,"{""learning_rate"": 0.05, ""max_leaf_nodes"": 3}","[""B"", ""M"", ""A""]",whole,1520,hgb::NONE,hgb::D_B_M_P_C_A_K,31,2.756492256429987,-0.010099164142120087,0.008496599555297848,0.0128713342539938,0.013321646738044902,0.01706258959023088,0.007059567057156841,0.0400330879863448,0.03652223151703195,False,False,False,False,False,False,post-primary retrospective sensitivity; retain primary result; fixed fitted predictions
hgb|history_unavailable|budget=04,hgb,history_unavailable,4,False,D,hgb::D,hgb::D,D,"{""learning_rate"": 0.05, ""max_leaf_nodes"": 7}",False,4,4,0.6641680792622449,"{""learning_rate"": 0.05, ""max_leaf_nodes"": 7}","[""D""]",whole,1520,hgb::NONE,hgb::D_B_M_P_C_A_K,31,2.756492256429987,0.00271506738283811,0.00629983234927326,0.025685565778952,0.020080506470416985,0.02987682111518908,0.008368907312763837,0.052847319511303,0.052945649317602886,False,False,False,False,False,False,post-primary retrospective sensitivity; retain primary result; fixed fitted predictions
hgb|history_unavailable|budget=05,hgb,history_unavailable,5,False,D_C,hgb::D_C,hgb::D_C,D_C,"{""learning_rate"": 0.05, ""max_leaf_nodes"": 7}",False,5,5,0.6579254494910797,"{""learning_rate"": 0.05, ""max_leaf_nodes"": 7}","[""D"", ""C""]",whole,1520,hgb::NONE,hgb::D_B_M_P_C_A_K,31,2.756492256429987,-0.003781139075018758,0.006484165747406969,0.0191893593210951,0.01409241359711711,0.02338061465733221,0.008274289167446944,0.0463511130534461,0.04618862867486224,False,False,False,False,False,False,post-primary retrospective sensitivity; retain primary result; fixed fitted predictions
hgb|history_unavailable|budget=06,hgb,history_unavailable,6,False,D_B_C,hgb::D_B_C,hgb::D_B_C,D_B_C,"{""learning_rate"": 0.05, ""max_leaf_nodes"": 7}",False,6,6,0.6529262330125998,"{""learning_rate"": 0.05, ""max_leaf_nodes"": 7}","[""D"", ""B"", ""C""]",whole,1520,hgb::NONE,hgb::D_B_M_P_C_A_K,31,2.756492256429987,-0.003041883823019176,0.006109959911587275,0.0199286145730947,0.013800173360368796,0.024119869909331793,0.009076907005124757,0.0470903683054457,0.049140293781293296,False,False,False,False,False,False,post-primary retrospective sensitivity; retain primary result; fixed fitted predictions
hgb|history_unavailable|budget=07,hgb,history_unavailable,7,False,D_M_C_A,hgb::D_M_C_A,hgb::D_M_C_A,D_M_C_A,"{""learning_rate"": 0.05, ""max_leaf_nodes"": 7}",False,7,7,0.650369538146649,"{""learning_rate"": 0.05, ""max_leaf_nodes"": 7}","[""D"", ""M"", ""C"", ""A""]",whole,1520,hgb::NONE,hgb::D_B_M_P_C_A_K,31,2.756492256429987,0.029491399203866453,0.006853853812356683,0.0524618975999803,0.0483839941643308,0.05665315293621742,0.010703862188066167,0.0796236513323313,0.08615826617151555,False,False,False,False,False,False,post-primary retrospective sensitivity; retain primary result; fixed fitted predictions
hgb|history_unavailable|budget=08,hgb,history_unavailable,8,False,D_B_M_C_A,hgb::D_B_M_C_A,hgb::D_B_M_C_A,D_B_M_C_A,"{""learning_rate"": 0.05, ""max_leaf_nodes"": 7}",False,8,8,0.6485929332417237,"{""learning_rate"": 0.05, ""max_leaf_nodes"": 7}","[""D"", ""B"", ""M"", ""C"", ""A""]",whole,1520,hgb::NONE,hgb::D_B_M_P_C_A_K,31,2.756492256429987,0.026135924853206594,0.006435242504345094,0.0491064232493205,0.04387462098468296,0.05329767858555756,0.01099474358550129,0.0762681769816714,0.08360460414042514,False,False,False,False,False,False,post-primary retrospective sensitivity; retain primary result; fixed fitted predictions
hgb|history_unavailable|budget=09,hgb,history_unavailable,9,False,D_B_M_C_A,hgb::D_B_M_C_A,hgb::D_B_M_C_A,D_B_M_C_A,"{""learning_rate"": 0.05, ""max_leaf_nodes"": 7}",False,8,8,0.6485929332417237,"{""learning_rate"": 0.05, ""max_leaf_nodes"": 7}","[""D"", ""B"", ""M"", ""C"", ""A""]",whole,1520,hgb::NONE,hgb::D_B_M_P_C_A_K,31,2.756492256429987,0.026135924853206594,0.006435242504345094,0.0491064232493205,0.04387462098468296,0.05329767858555756,0.01099474358550129,0.0762681769816714,0.08360460414042514,False,False,False,False,False,False,post-primary retrospective sensitivity; retain primary result; fixed fitted predictions
hgb|history_unavailable|budget=10,hgb,history_unavailable,10,False,D_B_M_C_A,hgb::D_B_M_C_A,hgb::D_B_M_C_A,D_B_M_C_A,"{""learning_rate"": 0.05, ""max_leaf_nodes"": 7}",False,8,8,0.6485929332417237,"{""learning_rate"": 0.05, ""max_leaf_nodes"": 7}","[""D"", ""B"", ""M"", ""C"", ""A""]",whole,1520,hgb::NONE,hgb::D_B_M_P_C_A_K,31,2.756492256429987,0.026135924853206594,0.006435242504345094,0.0491064232493205,0.04387462098468296,0.05329767858555756,0.01099474358550129,0.0762681769816714,0.08360460414042514,False,False,False,False,False,False,post-primary retrospective sensitivity; retain primary result; fixed fitted predictions
hgb|history_unavailable|budget=11,hgb,history_unavailable,11,False,D_B_M_C_A,hgb::D_B_M_C_A,hgb::D_B_M_C_A,D_B_M_C_A,"{""learning_rate"": 0.05, ""max_leaf_nodes"": 7}",False,8,8,0.6485929332417237,"{""learning_rate"": 0.05, ""max_leaf_nodes"": 7}","[""D"", ""B"", ""M"", ""C"", ""A""]",whole,1520,hgb::NONE,hgb::D_B_M_P_C_A_K,31,2.756492256429987,0.026135924853206594,0.006435242504345094,0.0491064232493205,0.04387462098468296,0.05329767858555756,0.01099474358550129,0.0762681769816714,0.08360460414042514,False,False,False,False,False,False,post-primary retrospective sensitivity; retain primary result; fixed fitted predictions
hgb|history_unavailable|budget=12,hgb,history_unavailable,12,False,D_B_M_C_A,hgb::D_B_M_C_A,hgb::D_B_M_C_A,D_B_M_C_A,"{""learning_rate"": 0.05, ""max_leaf_nodes"": 7}",False,8,8,0.6485929332417237,"{""learning_rate"": 0.05, ""max_leaf_nodes"": 7}","[""D"", ""B"", ""M"", ""C"", ""A""]",whole,1520,hgb::NONE,hgb::D_B_M_P_C_A_K,31,2.756492256429987,0.026135924853206594,0.006435242504345094,0.0491064232493205,0.04387462098468296,0.05329767858555756,0.01099474358550129,0.0762681769816714,0.08360460414042514,False,False,False,False,False,False,post-primary retrospective sensitivity; retain primary result; fixed fitted predictions
hgb|history_unavailable|budget=13,hgb,history_unavailable,13,False,D_B_M_C_A,hgb::D_B_M_C_A,hgb::D_B_M_C_A,D_B_M_C_A,"{""learning_rate"": 0.05, ""max_leaf_nodes"": 7}",False,8,8,0.6485929332417237,"{""learning_rate"": 0.05, ""max_leaf_nodes"": 7}","[""D"", ""B"", ""M"", ""C"", ""A""]",whole,1520,hgb::NONE,hgb::D_B_M_P_C_A_K,31,2.756492256429987,0.026135924853206594,0.006435242504345094,0.0491064232493205,0.04387462098468296,0.05329767858555756,0.01099474358550129,0.0762681769816714,0.08360460414042514,False,False,False,False,False,False,post-primary retrospective sensitivity; retain primary result; fixed fitted predictions
hgb|history_unavailable|budget=14,hgb,history_unavailable,14,False,D_B_M_C_A,hgb::D_B_M_C_A,hgb::D_B_M_C_A,D_B_M_C_A,"{""learning_rate"": 0.05, ""max_leaf_nodes"": 7}",False,8,8,0.6485929332417237,"{""learning_rate"": 0.05, ""max_leaf_nodes"": 7}","[""D"", ""B"", ""M"", ""C"", ""A""]",whole,1520,hgb::NONE,hgb::D_B_M_P_C_A_K,31,2.756492256429987,0.026135924853206594,0.006435242504345094,0.0491064232493205,0.04387462098468296,0.05329767858555756,0.01099474358550129,0.0762681769816714,0.08360460414042514,False,False,False,False,False,False,post-primary retrospective sensitivity; retain primary result; fixed fitted predictions
hgb|history_unavailable|budget=15,hgb,history_unavailable,15,False,D_P,hgb::D_P,hgb::D_P,D_P,"{""learning_rate"": 0.05, ""max_leaf_nodes"": 7}",False,15,15,0.6465103724542357,"{""learning_rate"": 0.05, ""max_leaf_nodes"": 7}","[""D"", ""P""]",whole,1520,hgb::NONE,hgb::D_B_M_P_C_A_K,31,2.756492256429987,0.009442001319974636,0.005959829054664641,0.0324124997160885,0.02587022395880417,0.036603755052325604,0.009025630719505262,0.0595742534484395,0.061482836240038474,False,False,False,False,False,False,post-primary retrospective sensitivity; retain primary result; fixed fitted predictions
hgb|history_unavailable|budget=16,hgb,history_unavailable,16,False,D_P_C,hgb::D_P_C,hgb::D_P_C,D_P_C,"{""learning_rate"": 0.05, ""max_leaf_nodes"": 7}",False,16,16,0.6441902261965382,"{""learning_rate"": 0.05, ""max_leaf_nodes"": 7}","[""D"", ""P"", ""C""]",whole,1520,hgb::NONE,hgb::D_B_M_P_C_A_K,31,2.756492256429987,0.00663339534777152,0.006006526618387624,0.0296038937438854,0.023190339459397604,0.03379514908012249,0.008901005045586287,0.0567656474762364,0.05833070056272533,False,False,False,False,False,False,post-primary retrospective sensitivity; retain primary result; fixed fitted predictions
hgb|history_unavailable|budget=17,hgb,history_unavailable,17,False,D_M_P_A,hgb::D_M_P_A,hgb::D_M_P_A,D_M_P_A,"{""learning_rate"": 0.05, ""max_leaf_nodes"": 7}",False,17,17,0.640925623536283,"{""learning_rate"": 0.05, ""max_leaf_nodes"": 7}","[""D"", ""M"", ""P"", ""A""]",whole,1520,hgb::NONE,hgb::D_B_M_P_C_A_K,31,2.756492256429987,0.022976741211683693,0.004937751715165624,0.0459472396077976,0.036587615578711624,0.05013849494403466,0.009815936540563286,0.0731089933401485,0.07719604800770552,False,False,False,False,False,False,post-primary retrospective sensitivity; retain primary result; fixed fitted predictions
hgb|history_unavailable|budget=18,hgb,history_unavailable,18,False,D_M_P_C_A,hgb::D_M_P_C_A,hgb::D_M_P_C_A,D_M_P_C_A,"{""learning_rate"": 0.05, ""max_leaf_nodes"": 7}",False,18,18,0.6379512231708448,"{""learning_rate"": 0.05, ""max_leaf_nodes"": 7}","[""D"", ""M"", ""P"", ""C"", ""A""]",whole,1520,hgb::NONE,hgb::D_B_M_P_C_A_K,31,2.756492256429987,0.025102184125525673,0.004981559249246148,0.0480726825216395,0.03883381362101986,0.05226393785787664,0.009841399764589474,0.0752344362539905,0.07939168010139942,False,False,False,False,False,False,post-primary retrospective sensitivity; retain primary result; fixed fitted predictions
hgb|history_unavailable|budget=19,hgb,history_unavailable,19,False,D_M_P_C_A,hgb::D_M_P_C_A,hgb::D_M_P_C_A,D_M_P_C_A,"{""learning_rate"": 0.05, ""max_leaf_nodes"": 7}",False,18,18,0.6379512231708448,"{""learning_rate"": 0.05, ""max_leaf_nodes"": 7}","[""D"", ""M"", ""P"", ""C"", ""A""]",whole,1520,hgb::NONE,hgb::D_B_M_P_C_A_K,31,2.756492256429987,0.025102184125525673,0.004981559249246148,0.0480726825216395,0.03883381362101986,0.05226393785787664,0.009841399764589474,0.0752344362539905,0.07939168010139942,False,False,False,False,False,False,post-primary retrospective sensitivity; retain primary result; fixed fitted predictions
hgb|history_unavailable|budget=20,hgb,history_unavailable,20,False,D_M_P_C_A,hgb::D_M_P_C_A,hgb::D_M_P_C_A,D_M_P_C_A,"{""learning_rate"": 0.05, ""max_leaf_nodes"": 7}",False,18,18,0.6379512231708448,"{""learning_rate"": 0.05, ""max_leaf_nodes"": 7}","[""D"", ""M"", ""P"", ""C"", ""A""]",whole,1520,hgb::NONE,hgb::D_B_M_P_C_A_K,31,2.756492256429987,0.025102184125525673,0.004981559249246148,0.0480726825216395,0.03883381362101986,0.05226393785787664,0.009841399764589474,0.0752344362539905,0.07939168010139942,False,False,False,False,False,False,post-primary retrospective sensitivity; retain primary result; fixed fitted predictions
hgb|history_unavailable|budget=21,hgb,history_unavailable,21,False,D_M_P_C_A,hgb::D_M_P_C_A,hgb::D_M_P_C_A,D_M_P_C_A,"{""learning_rate"": 0.05, ""max_leaf_nodes"": 7}",False,18,18,0.6379512231708448,"{""learning_rate"": 0.05, ""max_leaf_nodes"": 7}","[""D"", ""M"", ""P"", ""C"", ""A""]",whole,1520,hgb::NONE,hgb::D_B_M_P_C_A_K,31,2.756492256429987,0.025102184125525673,0.004981559249246148,0.0480726825216395,0.03883381362101986,0.05226393785787664,0.009841399764589474,0.0752344362539905,0.07939168010139942,False,False,False,False,False,False,post-primary retrospective sensitivity; retain primary result; fixed fitted predictions
hgb|history_unavailable|budget=22,hgb,history_unavailable,22,False,D_M_P_C_A,hgb::D_M_P_C_A,hgb::D_M_P_C_A,D_M_P_C_A,"{""learning_rate"": 0.05, ""max_leaf_nodes"": 7}",False,18,18,0.6379512231708448,"{""learning_rate"": 0.05, ""max_leaf_nodes"": 7}","[""D"", ""M"", ""P"", ""C"", ""A""]",whole,1520,hgb::NONE,hgb::D_B_M_P_C_A_K,31,2.756492256429987,0.025102184125525673,0.004981559249246148,0.0480726825216395,0.03883381362101986,0.05226393785787664,0.009841399764589474,0.0752344362539905,0.07939168010139942,False,False,False,False,False,False,post-primary retrospective sensitivity; retain primary result; fixed fitted predictions
hgb|history_unavailable|budget=23,hgb,history_unavailable,23,False,D_M_P_C_A,hgb::D_M_P_C_A,hgb::D_M_P_C_A,D_M_P_C_A,"{""learning_rate"": 0.05, ""max_leaf_nodes"": 7}",False,18,18,0.6379512231708448,"{""learning_rate"": 0.05, ""max_leaf_nodes"": 7}","[""D"", ""M"", ""P"", ""C"", ""A""]",whole,1520,hgb::NONE,hgb::D_B_M_P_C_A_K,31,2.756492256429987,0.025102184125525673,0.004981559249246148,0.0480726825216395,0.03883381362101986,0.05226393785787664,0.009841399764589474,0.0752344362539905,0.07939168010139942,False,False,False,False,False,False,post-primary retrospective sensitivity; retain primary result; fixed fitted predictions
hgb|history_unavailable|budget=24,hgb,history_unavailable,24,False,D_M_P_C_A,hgb::D_M_P_C_A,hgb::D_M_P_C_A,D_M_P_C_A,"{""learning_rate"": 0.05, ""max_leaf_nodes"": 7}",False,18,18,0.6379512231708448,"{""learning_rate"": 0.05, ""max_leaf_nodes"": 7}","[""D"", ""M"", ""P"", ""C"", ""A""]",whole,1520,hgb::NONE,hgb::D_B_M_P_C_A_K,31,2.756492256429987,0.025102184125525673,0.004981559249246148,0.0480726825216395,0.03883381362101986,0.05226393785787664,0.009841399764589474,0.0752344362539905,0.07939168010139942,False,False,False,False,False,False,post-primary retrospective sensitivity; retain primary result; fixed fitted predictions
hgb|history_unavailable|budget=25,hgb,history_unavailable,25,False,D_M_P_C_A,hgb::D_M_P_C_A,hgb::D_M_P_C_A,D_M_P_C_A,"{""learning_rate"": 0.05, ""max_leaf_nodes"": 7}",False,18,18,0.6379512231708448,"{""learning_rate"": 0.05, ""max_leaf_nodes"": 7}","[""D"", ""M"", ""P"", ""C"", ""A""]",whole,1520,hgb::NONE,hgb::D_B_M_P_C_A_K,31,2.756492256429987,0.025102184125525673,0.004981559249246148,0.0480726825216395,0.03883381362101986,0.05226393785787664,0.009841399764589474,0.0752344362539905,0.07939168010139942,False,False,False,False,False,False,post-primary retrospective sensitivity; retain primary result; fixed fitted predictions
hgb|history_unavailable|budget=26,hgb,history_unavailable,26,False,D_M_P_C_A,hgb::D_M_P_C_A,hgb::D_M_P_C_A,D_M_P_C_A,"{""learning_rate"": 0.05, ""max_leaf_nodes"": 7}",False,18,18,0.6379512231708448,"{""learning_rate"": 0.05, ""max_leaf_nodes"": 7}","[""D"", ""M"", ""P"", ""C"", ""A""]",whole,1520,hgb::NONE,hgb::D_B_M_P_C_A_K,31,2.756492256429987,0.025102184125525673,0.004981559249246148,0.0480726825216395,0.03883381362101986,0.05226393785787664,0.009841399764589474,0.0752344362539905,0.07939168010139942,False,False,False,False,False,False,post-primary retrospective sensitivity; retain primary result; fixed fitted predictions
hgb|history_unavailable|budget=27,hgb,history_unavailable,27,False,D_P_C_K,hgb::D_P_C_K,hgb::D_P_C_K,D_P_C_K,"{""learning_rate"": 0.05, ""max_leaf_nodes"": 7}",False,27,27,0.6370776595795395,"{""learning_rate"": 0.05, ""max_leaf_nodes"": 7}","[""D"", ""P"", ""C"", ""K""]",whole,1520,hgb::NONE,hgb::D_B_M_P_C_A_K,31,2.756492256429987,-0.006213877280310642,0.005193818647253326,0.0167566211158032,0.008102843602144822,0.020947876452040326,0.008876911123700192,0.0439183748481542,0.04541701322553712,False,False,False,True,False,False,post-primary retrospective sensitivity; retain primary result; fixed fitted predictions
hgb|history_unavailable|budget=28,hgb,history_unavailable,28,False,D_M_P_A_K,hgb::D_M_P_A_K,hgb::D_M_P_A_K,D_M_P_A_K,"{""learning_rate"": 0.05, ""max_leaf_nodes"": 7}",False,28,28,0.6344975802563864,"{""learning_rate"": 0.05, ""max_leaf_nodes"": 7}","[""D"", ""M"", ""P"", ""A"", ""K""]",whole,1520,hgb::NONE,hgb::D_B_M_P_C_A_K,31,2.756492256429987,0.011185911680678395,0.0032000860556537438,0.0341564100767923,0.020006924112997523,0.038347665413029364,0.009459099223528373,0.0613181638091432,0.06442159917548823,False,False,False,False,False,False,post-primary retrospective sensitivity; retain primary result; fixed fitted predictions
hgb|history_unavailable|budget=29,hgb,history_unavailable,29,False,D_M_P_C_A_K,hgb::D_M_P_C_A_K,hgb::D_M_P_C_A_K,D_M_P_C_A_K,"{""learning_rate"": 0.05, ""max_leaf_nodes"": 7}",False,29,29,0.6317969039258379,"{""learning_rate"": 0.05, ""max_leaf_nodes"": 7}","[""D"", ""M"", ""P"", ""C"", ""A"", ""K""]",whole,1520,hgb::NONE,hgb::D_B_M_P_C_A_K,31,2.756492256429987,0.009996276348219757,0.0030667152134065245,0.0329667747443336,0.018449653086650877,0.037158030080570725,0.009416028071759702,0.0601285284766846,0.06311323854670373,False,False,False,False,False,False,post-primary retrospective sensitivity; retain primary result; fixed fitted predictions
hgb|history_unavailable|budget=30,hgb,history_unavailable,30,False,D_M_P_C_A_K,hgb::D_M_P_C_A_K,hgb::D_M_P_C_A_K,D_M_P_C_A_K,"{""learning_rate"": 0.05, ""max_leaf_nodes"": 7}",False,29,29,0.6317969039258379,"{""learning_rate"": 0.05, ""max_leaf_nodes"": 7}","[""D"", ""M"", ""P"", ""C"", ""A"", ""K""]",whole,1520,hgb::NONE,hgb::D_B_M_P_C_A_K,31,2.756492256429987,0.009996276348219757,0.0030667152134065245,0.0329667747443336,0.018449653086650877,0.037158030080570725,0.009416028071759702,0.0601285284766846,0.06311323854670373,False,False,False,False,False,False,post-primary retrospective sensitivity; retain primary result; fixed fitted predictions
hgb|history_unavailable|budget=00,hgb,history_unavailable,0,False,NONE,hgb::NONE,hgb::NONE,NONE,"{""learning_rate"": 0.05, ""max_leaf_nodes"": 3}",False,0,0,0.6853643289188563,"{""learning_rate"": 0.05, ""max_leaf_nodes"": 3}",[],disjoint,879,hgb::NONE,hgb::D_B_M_P_C_A_K,31,2.747916138595601,-0.06360040353177321,0.012475469837213987,-0.0328678390912998,-0.029318858629530264,0.0,0.0,0.0,0.0,False,False,True,True,False,False,post-primary retrospective sensitivity; retain primary result; fixed fitted predictions
hgb|history_unavailable|budget=01,hgb,history_unavailable,1,False,B,hgb::B,hgb::B,B,"{""learning_rate"": 0.05, ""max_leaf_nodes"": 3}",False,1,1,0.6760966845523163,"{""learning_rate"": 0.05, ""max_leaf_nodes"": 3}","[""B""]",disjoint,879,hgb::NONE,hgb::D_B_M_P_C_A_K,31,2.747916138595601,-0.06651656338082235,0.011995496302701428,-0.0357839989403489,-0.03355394550016523,-0.002916159849049138,0.00494440511256013,0.0278164045914242,0.010670650755509442,False,False,True,True,False,False,post-primary retrospective sensitivity; retain primary result; fixed fitted predictions
hgb|history_unavailable|budget=02,hgb,history_unavailable,2,False,B_A,hgb::B_A,hgb::B_A,B_A,"{""learning_rate"": 0.05, ""max_leaf_nodes"": 7}",False,2,2,0.6710019459030957,"{""learning_rate"": 0.05, ""max_leaf_nodes"": 7}","[""B"", ""A""]",disjoint,879,hgb::NONE,hgb::D_B_M_P_C_A_K,31,2.747916138595601,-0.052898802213326435,0.010857950195536462,-0.022166237772853,-0.023062065638944532,0.010701601318446774,0.007473605609612952,0.0414341657589201,0.031238442786600817,False,False,True,True,False,False,post-primary retrospective sensitivity; retain primary result; fixed fitted predictions
hgb|history_unavailable|budget=03,hgb,history_unavailable,3,False,B_M_A,hgb::B_M_A,hgb::B_M_A,B_M_A,"{""learning_rate"": 0.05, ""max_leaf_nodes"": 3}",False,3,3,0.6681826337714976,"{""learning_rate"": 0.05, ""max_leaf_nodes"": 3}","[""B"", ""M"", ""A""]",disjoint,879,hgb::NONE,hgb::D_B_M_P_C_A_K,31,2.747916138595601,-0.03536125959952363,0.011527594045431968,-0.0046286951590502,-0.0036843978829025764,0.028239143932249577,0.009461547740428228,0.0589717083727229,0.05423868366426504,False,False,True,True,False,False,post-primary retrospective sensitivity; retain primary result; fixed fitted predictions
hgb|history_unavailable|budget=04,hgb,history_unavailable,4,False,D,hgb::D,hgb::D,D,"{""learning_rate"": 0.05, ""max_leaf_nodes"": 7}",False,4,4,0.6641680792622449,"{""learning_rate"": 0.05, ""max_leaf_nodes"": 7}","[""D""]",disjoint,879,hgb::NONE,hgb::D_B_M_P_C_A_K,31,2.747916138595601,-0.012159414271326052,0.008510851650572603,0.0185731501691473,0.01122769233247541,0.051440989260447156,0.011325353201033367,0.0821735537009205,0.0825621100968621,False,False,False,False,False,False,post-primary retrospective sensitivity; retain primary result; fixed fitted predictions
hgb|history_unavailable|budget=05,hgb,history_unavailable,5,False,D_C,hgb::D_C,hgb::D_C,D_C,"{""learning_rate"": 0.05, ""max_leaf_nodes"": 7}",False,5,5,0.6579254494910797,"{""learning_rate"": 0.05, ""max_leaf_nodes"": 7}","[""D"", ""C""]",disjoint,879,hgb::NONE,hgb::D_B_M_P_C_A_K,31,2.747916138595601,-0.02136666876693938,0.008804158548365871,0.009365895673534,0.002826420594869615,0.04223373476483383,0.011185792769636353,0.0729662992053072,0.07297135523950354,False,False,True,True,False,False,post-primary retrospective sensitivity; retain primary result; fixed fitted predictions
hgb|history_unavailable|budget=06,hgb,history_unavailable,6,False,D_B_C,hgb::D_B_C,hgb::D_B_C,D_B_C,"{""learning_rate"": 0.05, ""max_leaf_nodes"": 7}",False,6,6,0.6529262330125998,"{""learning_rate"": 0.05, ""max_leaf_nodes"": 7}","[""D"", ""B"", ""C""]",disjoint,879,hgb::NONE,hgb::D_B_M_P_C_A_K,31,2.747916138595601,-0.020289727730345986,0.00858178245543509,0.0104428367101274,0.0032922907768606798,0.04331067580142722,0.01198344326014979,0.0740432402419006,0.07624017293193752,False,False,False,True,False,False,post-primary retrospective sensitivity; retain primary result; fixed fitted predictions
hgb|history_unavailable|budget=07,hgb,history_unavailable,7,False,D_M_C_A,hgb::D_M_C_A,hgb::D_M_C_A,D_M_C_A,"{""learning_rate"": 0.05, ""max_leaf_nodes"": 7}",False,7,7,0.650369538146649,"{""learning_rate"": 0.05, ""max_leaf_nodes"": 7}","[""D"", ""M"", ""C"", ""A""]",disjoint,879,hgb::NONE,hgb::D_B_M_P_C_A_K,31,2.747916138595601,0.025546301720560494,0.009681119639194121,0.0562788661610338,0.05214920661677684,0.0891467052523337,0.01443879789126754,0.1198792696928071,0.1288233109996679,False,False,False,False,False,False,post-primary retrospective sensitivity; retain primary result; fixed fitted predictions
hgb|history_unavailable|budget=08,hgb,history_unavailable,8,False,D_B_M_C_A,hgb::D_B_M_C_A,hgb::D_B_M_C_A,D_B_M_C_A,"{""learning_rate"": 0.05, ""max_leaf_nodes"": 7}",False,8,8,0.6485929332417237,"{""learning_rate"": 0.05, ""max_leaf_nodes"": 7}","[""D"", ""B"", ""M"", ""C"", ""A""]",disjoint,879,hgb::NONE,hgb::D_B_M_P_C_A_K,31,2.747916138595601,0.018493615707697364,0.00903587287678385,0.0492261801481707,0.04332343661210997,0.08209401923947057,0.014581947382775025,0.1128265836799439,0.12216398778474995,False,False,False,False,False,False,post-primary retrospective sensitivity; retain primary result; fixed fitted predictions
hgb|history_unavailable|budget=09,hgb,history_unavailable,9,False,D_B_M_C_A,hgb::D_B_M_C_A,hgb::D_B_M_C_A,D_B_M_C_A,"{""learning_rate"": 0.05, ""max_leaf_nodes"": 7}",False,8,8,0.6485929332417237,"{""learning_rate"": 0.05, ""max_leaf_nodes"": 7}","[""D"", ""B"", ""M"", ""C"", ""A""]",disjoint,879,hgb::NONE,hgb::D_B_M_P_C_A_K,31,2.747916138595601,0.018493615707697364,0.00903587287678385,0.0492261801481707,0.04332343661210997,0.08209401923947057,0.014581947382775025,0.1128265836799439,0.12216398778474995,False,False,False,False,False,False,post-primary retrospective sensitivity; retain primary result; fixed fitted predictions
hgb|history_unavailable|budget=10,hgb,history_unavailable,10,False,D_B_M_C_A,hgb::D_B_M_C_A,hgb::D_B_M_C_A,D_B_M_C_A,"{""learning_rate"": 0.05, ""max_leaf_nodes"": 7}",False,8,8,0.6485929332417237,"{""learning_rate"": 0.05, ""max_leaf_nodes"": 7}","[""D"", ""B"", ""M"", ""C"", ""A""]",disjoint,879,hgb::NONE,hgb::D_B_M_P_C_A_K,31,2.747916138595601,0.018493615707697364,0.00903587287678385,0.0492261801481707,0.04332343661210997,0.08209401923947057,0.014581947382775025,0.1128265836799439,0.12216398778474995,False,False,False,False,False,False,post-primary retrospective sensitivity; retain primary result; fixed fitted predictions
hgb|history_unavailable|budget=11,hgb,history_unavailable,11,False,D_B_M_C_A,hgb::D_B_M_C_A,hgb::D_B_M_C_A,D_B_M_C_A,"{""learning_rate"": 0.05, ""max_leaf_nodes"": 7}",False,8,8,0.6485929332417237,"{""learning_rate"": 0.05, ""max_leaf_nodes"": 7}","[""D"", ""B"", ""M"", ""C"", ""A""]",disjoint,879,hgb::NONE,hgb::D_B_M_P_C_A_K,31,2.747916138595601,0.018493615707697364,0.00903587287678385,0.0492261801481707,0.04332343661210997,0.08209401923947057,0.014581947382775025,0.1128265836799439,0.12216398778474995,False,False,False,False,False,False,post-primary retrospective sensitivity; retain primary result; fixed fitted predictions
hgb|history_unavailable|budget=12,hgb,history_unavailable,12,False,D_B_M_C_A,hgb::D_B_M_C_A,hgb::D_B_M_C_A,D_B_M_C_A,"{""learning_rate"": 0.05, ""max_leaf_nodes"": 7}",False,8,8,0.6485929332417237,"{""learning_rate"": 0.05, ""max_leaf_nodes"": 7}","[""D"", ""B"", ""M"", ""C"", ""A""]",disjoint,879,hgb::NONE,hgb::D_B_M_P_C_A_K,31,2.747916138595601,0.018493615707697364,0.00903587287678385,0.0492261801481707,0.04332343661210997,0.08209401923947057,0.014581947382775025,0.1128265836799439,0.12216398778474995,False,False,False,False,False,False,post-primary retrospective sensitivity; retain primary result; fixed fitted predictions
hgb|history_unavailable|budget=13,hgb,history_unavailable,13,False,D_B_M_C_A,hgb::D_B_M_C_A,hgb::D_B_M_C_A,D_B_M_C_A,"{""learning_rate"": 0.05, ""max_leaf_nodes"": 7}",False,8,8,0.6485929332417237,"{""learning_rate"": 0.05, ""max_leaf_nodes"": 7}","[""D"", ""B"", ""M"", ""C"", ""A""]",disjoint,879,hgb::NONE,hgb::D_B_M_P_C_A_K,31,2.747916138595601,0.018493615707697364,0.00903587287678385,0.0492261801481707,0.04332343661210997,0.08209401923947057,0.014581947382775025,0.1128265836799439,0.12216398778474995,False,False,False,False,False,False,post-primary retrospective sensitivity; retain primary result; fixed fitted predictions
hgb|history_unavailable|budget=14,hgb,history_unavailable,14,False,D_B_M_C_A,hgb::D_B_M_C_A,hgb::D_B_M_C_A,D_B_M_C_A,"{""learning_rate"": 0.05, ""max_leaf_nodes"": 7}",False,8,8,0.6485929332417237,"{""learning_rate"": 0.05, ""max_leaf_nodes"": 7}","[""D"", ""B"", ""M"", ""C"", ""A""]",disjoint,879,hgb::NONE,hgb::D_B_M_P_C_A_K,31,2.747916138595601,0.018493615707697364,0.00903587287678385,0.0492261801481707,0.04332343661210997,0.08209401923947057,0.014581947382775025,0.1128265836799439,0.12216398778474995,False,False,False,False,False,False,post-primary retrospective sensitivity; retain primary result; fixed fitted predictions
hgb|history_unavailable|budget=15,hgb,history_unavailable,15,False,D_P,hgb::D_P,hgb::D_P,D_P,"{""learning_rate"": 0.05, ""max_leaf_nodes"": 7}",False,15,15,0.6465103724542357,"{""learning_rate"": 0.05, ""max_leaf_nodes"": 7}","[""D"", ""P""]",disjoint,879,hgb::NONE,hgb::D_B_M_P_C_A_K,31,2.747916138595601,0.0004672644049100727,0.008151664035259487,0.0311998288453834,0.022867353563808958,0.06406766793668328,0.012203368468203815,0.0948002323771566,0.09760150109568921,False,False,False,False,False,False,post-primary retrospective sensitivity; retain primary result; fixed fitted predictions
hgb|history_unavailable|budget=16,hgb,history_unavailable,16,False,D_P_C,hgb::D_P_C,hgb::D_P_C,D_P_C,"{""learning_rate"": 0.05, ""max_leaf_nodes"": 7}",False,16,16,0.6441902261965382,"{""learning_rate"": 0.05, ""max_leaf_nodes"": 7}","[""D"", ""P"", ""C""]",disjoint,879,hgb::NONE,hgb::D_B_M_P_C_A_K,31,2.747916138595601,-0.003510501380959319,0.008297854559128546,0.027222063059514,0.019291307077789095,0.06008990215081389,0.012022547215124876,0.0908224665912872,0.09312685367028313,False,False,False,False,False,False,post-primary retrospective sensitivity; retain primary result; fixed fitted predictions
hgb|history_unavailable|budget=17,hgb,history_unavailable,17,False,D_M_P_A,hgb::D_M_P_A,hgb::D_M_P_A,D_M_P_A,"{""learning_rate"": 0.05, ""max_leaf_nodes"": 7}",False,17,17,0.640925623536283,"{""learning_rate"": 0.05, ""max_leaf_nodes"": 7}","[""D"", ""M"", ""P"", ""A""]",disjoint,879,hgb::NONE,hgb::D_B_M_P_C_A_K,31,2.747916138595601,0.019483949255736488,0.006826543395155395,0.0502165136962098,0.0382427180221072,0.0830843527875097,0.013197549281657246,0.1138169172279831,0.11935011144848642,False,False,False,False,False,False,post-primary retrospective sensitivity; retain primary result; fixed fitted predictions
hgb|history_unavailable|budget=18,hgb,history_unavailable,18,False,D_M_P_C_A,hgb::D_M_P_C_A,hgb::D_M_P_C_A,D_M_P_C_A,"{""learning_rate"": 0.05, ""max_leaf_nodes"": 7}",False,18,18,0.6379512231708448,"{""learning_rate"": 0.05, ""max_leaf_nodes"": 7}","[""D"", ""M"", ""P"", ""C"", ""A""]",disjoint,879,hgb::NONE,hgb::D_B_M_P_C_A_K,31,2.747916138595601,0.020507623810945286,0.00693334022426929,0.0512401882514186,0.039559861307588914,0.0841080273427185,0.013139888491119696,0.1148405917831918,0.12021533898681291,False,False,False,False,False,False,post-primary retrospective sensitivity; retain primary result; fixed fitted predictions
hgb|history_unavailable|budget=19,hgb,history_unavailable,19,False,D_M_P_C_A,hgb::D_M_P_C_A,hgb::D_M_P_C_A,D_M_P_C_A,"{""learning_rate"": 0.05, ""max_leaf_nodes"": 7}",False,18,18,0.6379512231708448,"{""learning_rate"": 0.05, ""max_leaf_nodes"": 7}","[""D"", ""M"", ""P"", ""C"", ""A""]",disjoint,879,hgb::NONE,hgb::D_B_M_P_C_A_K,31,2.747916138595601,0.020507623810945286,0.00693334022426929,0.0512401882514186,0.039559861307588914,0.0841080273427185,0.013139888491119696,0.1148405917831918,0.12021533898681291,False,False,False,False,False,False,post-primary retrospective sensitivity; retain primary result; fixed fitted predictions
hgb|history_unavailable|budget=20,hgb,history_unavailable,20,False,D_M_P_C_A,hgb::D_M_P_C_A,hgb::D_M_P_C_A,D_M_P_C_A,"{""learning_rate"": 0.05, ""max_leaf_nodes"": 7}",False,18,18,0.6379512231708448,"{""learning_rate"": 0.05, ""max_leaf_nodes"": 7}","[""D"", ""M"", ""P"", ""C"", ""A""]",disjoint,879,hgb::NONE,hgb::D_B_M_P_C_A_K,31,2.747916138595601,0.020507623810945286,0.00693334022426929,0.0512401882514186,0.039559861307588914,0.0841080273427185,0.013139888491119696,0.1148405917831918,0.12021533898681291,False,False,False,False,False,False,post-primary retrospective sensitivity; retain primary result; fixed fitted predictions
hgb|history_unavailable|budget=21,hgb,history_unavailable,21,False,D_M_P_C_A,hgb::D_M_P_C_A,hgb::D_M_P_C_A,D_M_P_C_A,"{""learning_rate"": 0.05, ""max_leaf_nodes"": 7}",False,18,18,0.6379512231708448,"{""learning_rate"": 0.05, ""max_leaf_nodes"": 7}","[""D"", ""M"", ""P"", ""C"", ""A""]",disjoint,879,hgb::NONE,hgb::D_B_M_P_C_A_K,31,2.747916138595601,0.020507623810945286,0.00693334022426929,0.0512401882514186,0.039559861307588914,0.0841080273427185,0.013139888491119696,0.1148405917831918,0.12021533898681291,False,False,False,False,False,False,post-primary retrospective sensitivity; retain primary result; fixed fitted predictions
hgb|history_unavailable|budget=22,hgb,history_unavailable,22,False,D_M_P_C_A,hgb::D_M_P_C_A,hgb::D_M_P_C_A,D_M_P_C_A,"{""learning_rate"": 0.05, ""max_leaf_nodes"": 7}",False,18,18,0.6379512231708448,"{""learning_rate"": 0.05, ""max_leaf_nodes"": 7}","[""D"", ""M"", ""P"", ""C"", ""A""]",disjoint,879,hgb::NONE,hgb::D_B_M_P_C_A_K,31,2.747916138595601,0.020507623810945286,0.00693334022426929,0.0512401882514186,0.039559861307588914,0.0841080273427185,0.013139888491119696,0.1148405917831918,0.12021533898681291,False,False,False,False,False,False,post-primary retrospective sensitivity; retain primary result; fixed fitted predictions
hgb|history_unavailable|budget=23,hgb,history_unavailable,23,False,D_M_P_C_A,hgb::D_M_P_C_A,hgb::D_M_P_C_A,D_M_P_C_A,"{""learning_rate"": 0.05, ""max_leaf_nodes"": 7}",False,18,18,0.6379512231708448,"{""learning_rate"": 0.05, ""max_leaf_nodes"": 7}","[""D"", ""M"", ""P"", ""C"", ""A""]",disjoint,879,hgb::NONE,hgb::D_B_M_P_C_A_K,31,2.747916138595601,0.020507623810945286,0.00693334022426929,0.0512401882514186,0.039559861307588914,0.0841080273427185,0.013139888491119696,0.1148405917831918,0.12021533898681291,False,False,False,False,False,False,post-primary retrospective sensitivity; retain primary result; fixed fitted predictions
hgb|history_unavailable|budget=24,hgb,history_unavailable,24,False,D_M_P_C_A,hgb::D_M_P_C_A,hgb::D_M_P_C_A,D_M_P_C_A,"{""learning_rate"": 0.05, ""max_leaf_nodes"": 7}",False,18,18,0.6379512231708448,"{""learning_rate"": 0.05, ""max_leaf_nodes"": 7}","[""D"", ""M"", ""P"", ""C"", ""A""]",disjoint,879,hgb::NONE,hgb::D_B_M_P_C_A_K,31,2.747916138595601,0.020507623810945286,0.00693334022426929,0.0512401882514186,0.039559861307588914,0.0841080273427185,0.013139888491119696,0.1148405917831918,0.12021533898681291,False,False,False,False,False,False,post-primary retrospective sensitivity; retain primary result; fixed fitted predictions
hgb|history_unavailable|budget=25,hgb,history_unavailable,25,False,D_M_P_C_A,hgb::D_M_P_C_A,hgb::D_M_P_C_A,D_M_P_C_A,"{""learning_rate"": 0.05, ""max_leaf_nodes"": 7}",False,18,18,0.6379512231708448,"{""learning_rate"": 0.05, ""max_leaf_nodes"": 7}","[""D"", ""M"", ""P"", ""C"", ""A""]",disjoint,879,hgb::NONE,hgb::D_B_M_P_C_A_K,31,2.747916138595601,0.020507623810945286,0.00693334022426929,0.0512401882514186,0.039559861307588914,0.0841080273427185,0.013139888491119696,0.1148405917831918,0.12021533898681291,False,False,False,False,False,False,post-primary retrospective sensitivity; retain primary result; fixed fitted predictions
hgb|history_unavailable|budget=26,hgb,history_unavailable,26,False,D_M_P_C_A,hgb::D_M_P_C_A,hgb::D_M_P_C_A,D_M_P_C_A,"{""learning_rate"": 0.05, ""max_leaf_nodes"": 7}",False,18,18,0.6379512231708448,"{""learning_rate"": 0.05, ""max_leaf_nodes"": 7}","[""D"", ""M"", ""P"", ""C"", ""A""]",disjoint,879,hgb::NONE,hgb::D_B_M_P_C_A_K,31,2.747916138595601,0.020507623810945286,0.00693334022426929,0.0512401882514186,0.039559861307588914,0.0841080273427185,0.013139888491119696,0.1148405917831918,0.12021533898681291,False,False,False,False,False,False,post-primary retrospective sensitivity; retain primary result; fixed fitted predictions
hgb|history_unavailable|budget=27,hgb,history_unavailable,27,False,D_P_C_K,hgb::D_P_C_K,hgb::D_P_C_K,D_P_C_K,"{""learning_rate"": 0.05, ""max_leaf_nodes"": 7}",False,27,27,0.6370776595795395,"{""learning_rate"": 0.05, ""max_leaf_nodes"": 7}","[""D"", ""P"", ""C"", ""K""]",disjoint,879,hgb::NONE,hgb::D_B_M_P_C_A_K,31,2.747916138595601,-0.01170277903780903,0.0070857858912225045,0.0190297854026643,0.007768366367314303,0.05189762449396418,0.012089085771321034,0.0826301889344375,0.08511741838584369,False,False,False,True,False,False,post-primary retrospective sensitivity; retain primary result; fixed fitted predictions
hgb|history_unavailable|budget=28,hgb,history_unavailable,28,False,D_M_P_A_K,hgb::D_M_P_A_K,hgb::D_M_P_A_K,D_M_P_A_K,"{""learning_rate"": 0.05, ""max_leaf_nodes"": 7}",False,28,28,0.6344975802563864,"{""learning_rate"": 0.05, ""max_leaf_nodes"": 7}","[""D"", ""M"", ""P"", ""A"", ""K""]",disjoint,879,hgb::NONE,hgb::D_B_M_P_C_A_K,31,2.747916138595601,0.013712140172318588,0.0043130778479129345,0.0444447046127919,0.02556411639761772,0.0773125437040918,0.012627921247062858,0.1080451081445652,0.11201301229581011,False,False,False,False,False,False,post-primary retrospective sensitivity; retain primary result; fixed fitted predictions
hgb|history_unavailable|budget=29,hgb,history_unavailable,29,False,D_M_P_C_A_K,hgb::D_M_P_C_A_K,hgb::D_M_P_C_A_K,D_M_P_C_A_K,"{""learning_rate"": 0.05, ""max_leaf_nodes"": 7}",False,29,29,0.6317969039258379,"{""learning_rate"": 0.05, ""max_leaf_nodes"": 7}","[""D"", ""M"", ""P"", ""C"", ""A"", ""K""]",disjoint,879,hgb::NONE,hgb::D_B_M_P_C_A_K,31,2.747916138595601,0.011507976668910347,0.004042411141930899,0.0422405411093837,0.022616183484660938,0.07510838020068356,0.01255036387740954,0.1058409446411569,0.10959572764466449,False,False,False,False,False,False,post-primary retrospective sensitivity; retain primary result; fixed fitted predictions
hgb|history_unavailable|budget=30,hgb,history_unavailable,30,False,D_M_P_C_A_K,hgb::D_M_P_C_A_K,hgb::D_M_P_C_A_K,D_M_P_C_A_K,"{""learning_rate"": 0.05, ""max_leaf_nodes"": 7}",False,29,29,0.6317969039258379,"{""learning_rate"": 0.05, ""max_leaf_nodes"": 7}","[""D"", ""M"", ""P"", ""C"", ""A"", ""K""]",disjoint,879,hgb::NONE,hgb::D_B_M_P_C_A_K,31,2.747916138595601,0.011507976668910347,0.004042411141930899,0.0422405411093837,0.022616183484660938,0.07510838020068356,0.01255036387740954,0.1058409446411569,0.10959572764466449,False,False,False,False,False,False,post-primary retrospective sensitivity; retain primary result; fixed fitted predictions
hgb|history_available|budget=00,hgb,history_available,0,True,H,hgb::H,hgb::H,H,"{""learning_rate"": 0.05, ""max_leaf_nodes"": 3}",True,0,0,0.6620826133717034,"{""learning_rate"": 0.05, ""max_leaf_nodes"": 3}","[""H""]",whole,1520,P0,hgb::H_D_B_M_P_C_A_K,28,2.71628024333187,-0.009985737583641408,0.0069108446681650755,0.0106472037827665,0.008786053253230782,1.583604954491502e-05,1.991546034497497e-05,0.0206487774159528,6.993202101682984e-05,False,False,False,True,False,False,post-primary retrospective sensitivity; retain primary result; fixed fitted predictions
hgb|history_available|budget=01,hgb,history_available,1,True,H_B,hgb::H_B,hgb::H_B,H_B,"{""learning_rate"": 0.05, ""max_leaf_nodes"": 3}",True,1,1,0.656149609502737,"{""learning_rate"": 0.05, ""max_leaf_nodes"": 3}","[""H"", ""B""]",whole,1520,P0,hgb::H_D_B_M_P_C_A_K,28,2.71628024333187,-0.013755914853956108,0.006657092403424333,0.0068770265124518,0.004326613719500081,-0.0037543412207697857,0.002972902931316419,0.0168786001456381,0.004320896276908405,False,False,True,True,False,False,post-primary retrospective sensitivity; retain primary result; fixed fitted predictions
hgb|history_available|budget=02,hgb,history_available,2,True,H_B_M,hgb::H_B_M,hgb::H_B_M,H_B_M,"{""learning_rate"": 0.05, ""max_leaf_nodes"": 3}",True,2,2,0.6526472365345142,"{""learning_rate"": 0.05, ""max_leaf_nodes"": 3}","[""H"", ""B"", ""M""]",whole,1520,P0,hgb::H_D_B_M_P_C_A_K,28,2.71628024333187,-0.006609457817613795,0.006745782134476293,0.0140234835487941,0.011713976920085252,0.0033921158155725273,0.0037184874770621818,0.0240250571819805,0.013492569884593502,False,False,False,False,False,False,post-primary retrospective sensitivity; retain primary result; fixed fitted predictions
hgb|history_available|budget=03,hgb,history_available,3,True,H_B_M_A,hgb::H_B_M_A,hgb::H_B_M_A,H_B_M_A,"{""learning_rate"": 0.05, ""max_leaf_nodes"": 7}",True,3,3,0.6499456254601639,"{""learning_rate"": 0.05, ""max_leaf_nodes"": 7}","[""H"", ""B"", ""M"", ""A""]",whole,1520,P0,hgb::H_D_B_M_P_C_A_K,28,2.71628024333187,0.052913382350428306,0.010363299933325791,0.0735463237168362,0.08106300921504364,0.06291495598361463,0.010842566008116845,0.0835478973500226,0.09236640381848411,False,False,False,False,False,False,post-primary retrospective sensitivity; retain primary result; fixed fitted predictions
hgb|history_available|budget=04,hgb,history_available,4,True,H_D,hgb::H_D,hgb::H_D,H_D,"{""learning_rate"": 0.05, ""max_leaf_nodes"": 7}",True,4,4,0.6440872421067338,"{""learning_rate"": 0.05, ""max_leaf_nodes"": 7}","[""H"", ""D""]",whole,1520,P0,hgb::H_D_B_M_P_C_A_K,28,2.71628024333187,0.008319848347565384,0.005072128031229963,0.0289527897139733,0.022097169510445106,0.018321421980751706,0.006096311994445124,0.0389543633471596,0.034880713808450106,False,False,False,False,False,False,post-primary retrospective sensitivity; retain primary result; fixed fitted predictions
hgb|history_available|budget=05,hgb,history_available,5,True,H_D_M,hgb::H_D_M,hgb::H_D_M,H_D_M,"{""learning_rate"": 0.05, ""max_leaf_nodes"": 7}",True,5,5,0.6378678578039242,"{""learning_rate"": 0.05, ""max_leaf_nodes"": 7}","[""H"", ""D"", ""M""]",whole,1520,P0,hgb::H_D_B_M_P_C_A_K,28,2.71628024333187,0.004191560485332646,0.005061325478460246,0.0248245018517406,0.017939538887546437,0.014193134118518969,0.006054399706427956,0.0348260754849269,0.0306385804263235,False,False,False,False,False,False,post-primary retrospective sensitivity; retain primary result; fixed fitted predictions
hgb|history_available|budget=06,hgb,history_available,6,True,H_D_M_A,hgb::H_D_M_A,hgb::H_D_M_A,H_D_M_A,"{""learning_rate"": 0.05, ""max_leaf_nodes"": 7}",True,6,6,0.6353580028168152,"{""learning_rate"": 0.05, ""max_leaf_nodes"": 7}","[""H"", ""D"", ""M"", ""A""]",whole,1520,P0,hgb::H_D_B_M_P_C_A_K,28,2.71628024333187,0.041743460153655265,0.0063309311288446265,0.0623764015200632,0.058940043300830657,0.05174503378684159,0.008670973271093209,0.0723779751532495,0.0752978271735708,False,False,False,False,False,False,post-primary retrospective sensitivity; retain primary result; fixed fitted predictions
hgb|history_available|budget=07,hgb,history_available,7,True,H_D_M_C_A,hgb::H_D_M_C_A,hgb::H_D_M_C_A,H_D_M_C_A,"{""learning_rate"": 0.05, ""max_leaf_nodes"": 7}",True,7,7,0.6332706689577972,"{""learning_rate"": 0.05, ""max_leaf_nodes"": 7}","[""H"", ""D"", ""M"", ""C"", ""A""]",whole,1520,P0,hgb::H_D_B_M_P_C_A_K,28,2.71628024333187,0.03888291767082719,0.006213364880492952,0.0595158590372351,0.05576015794032228,0.04888449130401351,0.008483939118876157,0.0695174326704214,0.07192924751824721,False,False,False,False,False,False,post-primary retrospective sensitivity; retain primary result; fixed fitted predictions
hgb|history_available|budget=08,hgb,history_available,8,True,H_D_B_M_C_A,hgb::H_D_B_M_C_A,hgb::H_D_B_M_C_A,H_D_B_M_C_A,"{""learning_rate"": 0.05, ""max_leaf_nodes"": 7}",True,8,8,0.6314904390595096,"{""learning_rate"": 0.05, ""max_leaf_nodes"": 7}","[""H"", ""D"", ""B"", ""M"", ""C"", ""A""]",whole,1520,P0,hgb::H_D_B_M_P_C_A_K,28,2.71628024333187,0.031705962189744086,0.005563782497570095,0.052338903556152,0.04681875466608938,0.04170753582293041,0.008295566044380356,0.0623404771893383,0.06424061797653548,False,False,False,False,False,False,post-primary retrospective sensitivity; retain primary result; fixed fitted predictions
hgb|history_available|budget=09,hgb,history_available,9,True,H_D_B_M_C_A,hgb::H_D_B_M_C_A,hgb::H_D_B_M_C_A,H_D_B_M_C_A,"{""learning_rate"": 0.05, ""max_leaf_nodes"": 7}",True,8,8,0.6314904390595096,"{""learning_rate"": 0.05, ""max_leaf_nodes"": 7}","[""H"", ""D"", ""B"", ""M"", ""C"", ""A""]",whole,1520,P0,hgb::H_D_B_M_P_C_A_K,28,2.71628024333187,0.031705962189744086,0.005563782497570095,0.052338903556152,0.04681875466608938,0.04170753582293041,0.008295566044380356,0.0623404771893383,0.06424061797653548,False,False,False,False,False,False,post-primary retrospective sensitivity; retain primary result; fixed fitted predictions
hgb|history_available|budget=10,hgb,history_available,10,True,H_D_B_M_C_A,hgb::H_D_B_M_C_A,hgb::H_D_B_M_C_A,H_D_B_M_C_A,"{""learning_rate"": 0.05, ""max_leaf_nodes"": 7}",True,8,8,0.6314904390595096,"{""learning_rate"": 0.05, ""max_leaf_nodes"": 7}","[""H"", ""D"", ""B"", ""M"", ""C"", ""A""]",whole,1520,P0,hgb::H_D_B_M_P_C_A_K,28,2.71628024333187,0.031705962189744086,0.005563782497570095,0.052338903556152,0.04681875466608938,0.04170753582293041,0.008295566044380356,0.0623404771893383,0.06424061797653548,False,False,False,False,False,False,post-primary retrospective sensitivity; retain primary result; fixed fitted predictions
hgb|history_available|budget=11,hgb,history_available,11,True,H_D_B_M_C_A,hgb::H_D_B_M_C_A,hgb::H_D_B_M_C_A,H_D_B_M_C_A,"{""learning_rate"": 0.05, ""max_leaf_nodes"": 7}",True,8,8,0.6314904390595096,"{""learning_rate"": 0.05, ""max_leaf_nodes"": 7}","[""H"", ""D"", ""B"", ""M"", ""C"", ""A""]",whole,1520,P0,hgb::H_D_B_M_P_C_A_K,28,2.71628024333187,0.031705962189744086,0.005563782497570095,0.052338903556152,0.04681875466608938,0.04170753582293041,0.008295566044380356,0.0623404771893383,0.06424061797653548,False,False,False,False,False,False,post-primary retrospective sensitivity; retain primary result; fixed fitted predictions
hgb|history_available|budget=12,hgb,history_available,12,True,H_D_B_M_C_A,hgb::H_D_B_M_C_A,hgb::H_D_B_M_C_A,H_D_B_M_C_A,"{""learning_rate"": 0.05, ""max_leaf_nodes"": 7}",True,8,8,0.6314904390595096,"{""learning_rate"": 0.05, ""max_leaf_nodes"": 7}","[""H"", ""D"", ""B"", ""M"", ""C"", ""A""]",whole,1520,P0,hgb::H_D_B_M_P_C_A_K,28,2.71628024333187,0.031705962189744086,0.005563782497570095,0.052338903556152,0.04681875466608938,0.04170753582293041,0.008295566044380356,0.0623404771893383,0.06424061797653548,False,False,False,False,False,False,post-primary retrospective sensitivity; retain primary result; fixed fitted predictions
hgb|history_available|budget=13,hgb,history_available,13,True,H_D_B_M_C_A,hgb::H_D_B_M_C_A,hgb::H_D_B_M_C_A,H_D_B_M_C_A,"{""learning_rate"": 0.05, ""max_leaf_nodes"": 7}",True,8,8,0.6314904390595096,"{""learning_rate"": 0.05, ""max_leaf_nodes"": 7}","[""H"", ""D"", ""B"", ""M"", ""C"", ""A""]",whole,1520,P0,hgb::H_D_B_M_P_C_A_K,28,2.71628024333187,0.031705962189744086,0.005563782497570095,0.052338903556152,0.04681875466608938,0.04170753582293041,0.008295566044380356,0.0623404771893383,0.06424061797653548,False,False,False,False,False,False,post-primary retrospective sensitivity; retain primary result; fixed fitted predictions
hgb|history_available|budget=14,hgb,history_available,14,True,H_D_B_M_C_A,hgb::H_D_B_M_C_A,hgb::H_D_B_M_C_A,H_D_B_M_C_A,"{""learning_rate"": 0.05, ""max_leaf_nodes"": 7}",True,8,8,0.6314904390595096,"{""learning_rate"": 0.05, ""max_leaf_nodes"": 7}","[""H"", ""D"", ""B"", ""M"", ""C"", ""A""]",whole,1520,P0,hgb::H_D_B_M_P_C_A_K,28,2.71628024333187,0.031705962189744086,0.005563782497570095,0.052338903556152,0.04681875466608938,0.04170753582293041,0.008295566044380356,0.0623404771893383,0.06424061797653548,False,False,False,False,False,False,post-primary retrospective sensitivity; retain primary result; fixed fitted predictions
hgb|history_available|budget=15,hgb,history_available,15,True,H_D_P,hgb::H_D_P,hgb::H_D_P,H_D_P,"{""learning_rate"": 0.05, ""max_leaf_nodes"": 7}",True,15,15,0.6284341422186445,"{""learning_rate"": 0.05, ""max_leaf_nodes"": 7}","[""H"", ""D"", ""P""]",whole,1520,P0,hgb::H_D_B_M_P_C_A_K,28,2.71628024333187,0.011923174554020921,0.004382128091971109,0.0325561159204288,0.023826262513991628,0.021924748187207244,0.0065708729808689895,0.0425576895536152,0.03977308064658487,False,False,False,False,False,False,post-primary retrospective sensitivity; retain primary result; fixed fitted predictions
hgb|history_available|budget=16,hgb,history_available,16,True,H_D_M_P,hgb::H_D_M_P,hgb::H_D_M_P,H_D_M_P,"{""learning_rate"": 0.05, ""max_leaf_nodes"": 7}",True,16,16,0.6263444622412933,"{""learning_rate"": 0.05, ""max_leaf_nodes"": 7}","[""H"", ""D"", ""M"", ""P""]",whole,1520,P0,hgb::H_D_B_M_P_C_A_K,28,2.71628024333187,0.006697533335013883,0.004441180362595394,0.0273304747014218,0.018761023811005223,0.016699106968200206,0.006505890107624572,0.0373320483346081,0.034370927732829085,False,False,False,False,False,False,post-primary retrospective sensitivity; retain primary result; fixed fitted predictions
hgb|history_available|budget=17,hgb,history_available,17,True,H_D_M_P_A,hgb::H_D_M_P_A,hgb::H_D_M_P_A,H_D_M_P_A,"{""learning_rate"": 0.05, ""max_leaf_nodes"": 7}",True,17,17,0.6241806893132597,"{""learning_rate"": 0.05, ""max_leaf_nodes"": 7}","[""H"", ""D"", ""M"", ""P"", ""A""]",whole,1520,P0,hgb::H_D_B_M_P_C_A_K,28,2.71628024333187,0.03214923873273756,0.004537682829347297,0.0527821800991455,0.04447485695259989,0.042150812365923884,0.007760395438877564,0.0627837537323318,0.06323022117698977,False,False,False,False,False,False,post-primary retrospective sensitivity; retain primary result; fixed fitted predictions
hgb|history_available|budget=18,hgb,history_available,18,True,H_D_M_P_A,hgb::H_D_M_P_A,hgb::H_D_M_P_A,H_D_M_P_A,"{""learning_rate"": 0.05, ""max_leaf_nodes"": 7}",True,17,17,0.6241806893132597,"{""learning_rate"": 0.05, ""max_leaf_nodes"": 7}","[""H"", ""D"", ""M"", ""P"", ""A""]",whole,1520,P0,hgb::H_D_B_M_P_C_A_K,28,2.71628024333187,0.03214923873273756,0.004537682829347297,0.0527821800991455,0.04447485695259989,0.042150812365923884,0.007760395438877564,0.0627837537323318,0.06323022117698977,False,False,False,False,False,False,post-primary retrospective sensitivity; retain primary result; fixed fitted predictions
hgb|history_available|budget=19,hgb,history_available,19,True,H_D_M_P_A,hgb::H_D_M_P_A,hgb::H_D_M_P_A,H_D_M_P_A,"{""learning_rate"": 0.05, ""max_leaf_nodes"": 7}",True,17,17,0.6241806893132597,"{""learning_rate"": 0.05, ""max_leaf_nodes"": 7}","[""H"", ""D"", ""M"", ""P"", ""A""]",whole,1520,P0,hgb::H_D_B_M_P_C_A_K,28,2.71628024333187,0.03214923873273756,0.004537682829347297,0.0527821800991455,0.04447485695259989,0.042150812365923884,0.007760395438877564,0.0627837537323318,0.06323022117698977,False,False,False,False,False,False,post-primary retrospective sensitivity; retain primary result; fixed fitted predictions
hgb|history_available|budget=20,hgb,history_available,20,True,H_D_M_P_A,hgb::H_D_M_P_A,hgb::H_D_M_P_A,H_D_M_P_A,"{""learning_rate"": 0.05, ""max_leaf_nodes"": 7}",True,17,17,0.6241806893132597,"{""learning_rate"": 0.05, ""max_leaf_nodes"": 7}","[""H"", ""D"", ""M"", ""P"", ""A""]",whole,1520,P0,hgb::H_D_B_M_P_C_A_K,28,2.71628024333187,0.03214923873273756,0.004537682829347297,0.0527821800991455,0.04447485695259989,0.042150812365923884,0.007760395438877564,0.0627837537323318,0.06323022117698977,False,False,False,False,False,False,post-primary retrospective sensitivity; retain primary result; fixed fitted predictions
hgb|history_available|budget=21,hgb,history_available,21,True,H_D_M_P_A,hgb::H_D_M_P_A,hgb::H_D_M_P_A,H_D_M_P_A,"{""learning_rate"": 0.05, ""max_leaf_nodes"": 7}",True,17,17,0.6241806893132597,"{""learning_rate"": 0.05, ""max_leaf_nodes"": 7}","[""H"", ""D"", ""M"", ""P"", ""A""]",whole,1520,P0,hgb::H_D_B_M_P_C_A_K,28,2.71628024333187,0.03214923873273756,0.004537682829347297,0.0527821800991455,0.04447485695259989,0.042150812365923884,0.007760395438877564,0.0627837537323318,0.06323022117698977,False,False,False,False,False,False,post-primary retrospective sensitivity; retain primary result; fixed fitted predictions
hgb|history_available|budget=22,hgb,history_available,22,True,H_D_M_P_A,hgb::H_D_M_P_A,hgb::H_D_M_P_A,H_D_M_P_A,"{""learning_rate"": 0.05, ""max_leaf_nodes"": 7}",True,17,17,0.6241806893132597,"{""learning_rate"": 0.05, ""max_leaf_nodes"": 7}","[""H"", ""D"", ""M"", ""P"", ""A""]",whole,1520,P0,hgb::H_D_B_M_P_C_A_K,28,2.71628024333187,0.03214923873273756,0.004537682829347297,0.0527821800991455,0.04447485695259989,0.042150812365923884,0.007760395438877564,0.0627837537323318,0.06323022117698977,False,False,False,False,False,False,post-primary retrospective sensitivity; retain primary result; fixed fitted predictions
hgb|history_available|budget=23,hgb,history_available,23,True,H_D_M_P_A,hgb::H_D_M_P_A,hgb::H_D_M_P_A,H_D_M_P_A,"{""learning_rate"": 0.05, ""max_leaf_nodes"": 7}",True,17,17,0.6241806893132597,"{""learning_rate"": 0.05, ""max_leaf_nodes"": 7}","[""H"", ""D"", ""M"", ""P"", ""A""]",whole,1520,P0,hgb::H_D_B_M_P_C_A_K,28,2.71628024333187,0.03214923873273756,0.004537682829347297,0.0527821800991455,0.04447485695259989,0.042150812365923884,0.007760395438877564,0.0627837537323318,0.06323022117698977,False,False,False,False,False,False,post-primary retrospective sensitivity; retain primary result; fixed fitted predictions
hgb|history_available|budget=24,hgb,history_available,24,True,H_D_M_P_A,hgb::H_D_M_P_A,hgb::H_D_M_P_A,H_D_M_P_A,"{""learning_rate"": 0.05, ""max_leaf_nodes"": 7}",True,17,17,0.6241806893132597,"{""learning_rate"": 0.05, ""max_leaf_nodes"": 7}","[""H"", ""D"", ""M"", ""P"", ""A""]",whole,1520,P0,hgb::H_D_B_M_P_C_A_K,28,2.71628024333187,0.03214923873273756,0.004537682829347297,0.0527821800991455,0.04447485695259989,0.042150812365923884,0.007760395438877564,0.0627837537323318,0.06323022117698977,False,False,False,False,False,False,post-primary retrospective sensitivity; retain primary result; fixed fitted predictions
hgb|history_available|budget=25,hgb,history_available,25,True,H_D_M_P_A,hgb::H_D_M_P_A,hgb::H_D_M_P_A,H_D_M_P_A,"{""learning_rate"": 0.05, ""max_leaf_nodes"": 7}",True,17,17,0.6241806893132597,"{""learning_rate"": 0.05, ""max_leaf_nodes"": 7}","[""H"", ""D"", ""M"", ""P"", ""A""]",whole,1520,P0,hgb::H_D_B_M_P_C_A_K,28,2.71628024333187,0.03214923873273756,0.004537682829347297,0.0527821800991455,0.04447485695259989,0.042150812365923884,0.007760395438877564,0.0627837537323318,0.06323022117698977,False,False,False,False,False,False,post-primary retrospective sensitivity; retain primary result; fixed fitted predictions
hgb|history_available|budget=26,hgb,history_available,26,True,H_D_M_P_A,hgb::H_D_M_P_A,hgb::H_D_M_P_A,H_D_M_P_A,"{""learning_rate"": 0.05, ""max_leaf_nodes"": 7}",True,17,17,0.6241806893132597,"{""learning_rate"": 0.05, ""max_leaf_nodes"": 7}","[""H"", ""D"", ""M"", ""P"", ""A""]",whole,1520,P0,hgb::H_D_B_M_P_C_A_K,28,2.71628024333187,0.03214923873273756,0.004537682829347297,0.0527821800991455,0.04447485695259989,0.042150812365923884,0.007760395438877564,0.0627837537323318,0.06323022117698977,False,False,False,False,False,False,post-primary retrospective sensitivity; retain primary result; fixed fitted predictions
hgb|history_available|budget=27,hgb,history_available,27,True,H_D_M_P_A,hgb::H_D_M_P_A,hgb::H_D_M_P_A,H_D_M_P_A,"{""learning_rate"": 0.05, ""max_leaf_nodes"": 7}",True,17,17,0.6241806893132597,"{""learning_rate"": 0.05, ""max_leaf_nodes"": 7}","[""H"", ""D"", ""M"", ""P"", ""A""]",whole,1520,P0,hgb::H_D_B_M_P_C_A_K,28,2.71628024333187,0.03214923873273756,0.004537682829347297,0.0527821800991455,0.04447485695259989,0.042150812365923884,0.007760395438877564,0.0627837537323318,0.06323022117698977,False,False,False,False,False,False,post-primary retrospective sensitivity; retain primary result; fixed fitted predictions
hgb|history_available|budget=28,hgb,history_available,28,True,H_D_M_P_C_K,hgb::H_D_M_P_C_K,hgb::H_D_M_P_C_K,H_D_M_P_C_K,"{""learning_rate"": 0.05, ""max_leaf_nodes"": 7}",True,28,28,0.6221157681523305,"{""learning_rate"": 0.05, ""max_leaf_nodes"": 7}","[""H"", ""D"", ""M"", ""P"", ""C"", ""K""]",whole,1520,P0,hgb::H_D_B_M_P_C_A_K,28,2.71628024333187,-0.010220548722622458,0.0034729840236041778,0.0104123926437855,-0.0007869508338992047,-0.0002189750894361353,0.006451912246232469,0.0204139662769718,0.017306226676716066,False,False,False,True,False,False,post-primary retrospective sensitivity; retain primary result; fixed fitted predictions
hgb|history_available|budget=29,hgb,history_available,29,True,H_D_M_P_C_A_K,hgb::H_D_M_P_C_A_K,hgb::H_D_M_P_C_A_K,H_D_M_P_C_A_K,"{""learning_rate"": 0.05, ""max_leaf_nodes"": 7}",True,29,29,0.620817620210149,"{""learning_rate"": 0.05, ""max_leaf_nodes"": 7}","[""H"", ""D"", ""M"", ""P"", ""C"", ""A"", ""K""]",whole,1520,P0,hgb::H_D_B_M_P_C_A_K,28,2.71628024333187,0.009842315620027575,0.0023194643228419266,0.0304752569864355,0.016142630735276234,0.019843889253213898,0.00711928875397107,0.0404768306196218,0.039181872642200286,False,False,False,False,False,False,post-primary retrospective sensitivity; retain primary result; fixed fitted predictions
hgb|history_available|budget=30,hgb,history_available,30,True,H_D_M_P_C_A_K,hgb::H_D_M_P_C_A_K,hgb::H_D_M_P_C_A_K,H_D_M_P_C_A_K,"{""learning_rate"": 0.05, ""max_leaf_nodes"": 7}",True,29,29,0.620817620210149,"{""learning_rate"": 0.05, ""max_leaf_nodes"": 7}","[""H"", ""D"", ""M"", ""P"", ""C"", ""A"", ""K""]",whole,1520,P0,hgb::H_D_B_M_P_C_A_K,28,2.71628024333187,0.009842315620027575,0.0023194643228419266,0.0304752569864355,0.016142630735276234,0.019843889253213898,0.00711928875397107,0.0404768306196218,0.039181872642200286,False,False,False,False,False,False,post-primary retrospective sensitivity; retain primary result; fixed fitted predictions
hgb|history_available|budget=00,hgb,history_available,0,True,H,hgb::H,hgb::H,H,"{""learning_rate"": 0.05, ""max_leaf_nodes"": 3}",True,0,0,0.6620826133717034,"{""learning_rate"": 0.05, ""max_leaf_nodes"": 3}","[""H""]",disjoint,879,P0,hgb::H_D_B_M_P_C_A_K,28,2.7606178470648786,-0.029184866931170172,0.00928691023709365,-0.0008170339992599,-0.0035472567865599235,-1.921092013490444e-05,2.688627641626557e-05,0.0283486220117753,5.5011814380957844e-05,False,False,True,True,False,False,post-primary retrospective sensitivity; retain primary result; fixed fitted predictions
hgb|history_available|budget=01,hgb,history_available,1,True,H_B,hgb::H_B,hgb::H_B,H_B,"{""learning_rate"": 0.05, ""max_leaf_nodes"": 3}",True,1,1,0.656149609502737,"{""learning_rate"": 0.05, ""max_leaf_nodes"": 3}","[""H"", ""B""]",disjoint,879,P0,hgb::H_D_B_M_P_C_A_K,28,2.7606178470648786,-0.03534089536035734,0.009083792979335379,-0.006973062428447,-0.010264014342561446,-0.00617523934932207,0.0039900167978448075,0.0221925935825881,0.004839672232896964,False,False,True,True,False,False,post-primary retrospective sensitivity; retain primary result; fixed fitted predictions
hgb|history_available|budget=02,hgb,history_available,2,True,H_B_M,hgb::H_B_M,hgb::H_B_M,H_B_M,"{""learning_rate"": 0.05, ""max_leaf_nodes"": 3}",True,2,2,0.6526472365345142,"{""learning_rate"": 0.05, ""max_leaf_nodes"": 3}","[""H"", ""B"", ""M""]",disjoint,879,P0,hgb::H_D_B_M_P_C_A_K,28,2.7606178470648786,-0.028620165556805466,0.009286695889028763,-0.0002523326248952,-0.0029831471452886234,0.0005454904542298022,0.004958002135278904,0.02891332338614,0.01423263963466652,False,False,True,True,False,False,post-primary retrospective sensitivity; retain primary result; fixed fitted predictions
hgb|history_available|budget=03,hgb,history_available,3,True,H_B_M_A,hgb::H_B_M_A,hgb::H_B_M_A,H_B_M_A,"{""learning_rate"": 0.05, ""max_leaf_nodes"": 7}",True,3,3,0.6499456254601639,"{""learning_rate"": 0.05, ""max_leaf_nodes"": 7}","[""H"", ""B"", ""M"", ""A""]",disjoint,879,P0,hgb::H_D_B_M_P_C_A_K,28,2.7606178470648786,0.04954388063453441,0.014518371552420566,0.0779117135664446,0.08962355625246565,0.07870953664556968,0.014944146719124002,0.1070773695774799,0.11996461478753945,False,False,False,False,False,False,post-primary retrospective sensitivity; retain primary result; fixed fitted predictions
hgb|history_available|budget=04,hgb,history_available,4,True,H_D,hgb::H_D,hgb::H_D,H_D,"{""learning_rate"": 0.05, ""max_leaf_nodes"": 7}",True,4,4,0.6440872421067338,"{""learning_rate"": 0.05, ""max_leaf_nodes"": 7}","[""H"", ""D""]",disjoint,879,P0,hgb::H_D_B_M_P_C_A_K,28,2.7606178470648786,0.0003998852095341565,0.006744982033376437,0.0287677181414444,0.019020202989005103,0.029565541220569425,0.008396550083967058,0.0579333741524796,0.05274520723614299,False,False,False,False,False,False,post-primary retrospective sensitivity; retain primary result; fixed fitted predictions
hgb|history_available|budget=05,hgb,history_available,5,True,H_D_M,hgb::H_D_M,hgb::H_D_M,H_D_M,"{""learning_rate"": 0.05, ""max_leaf_nodes"": 7}",True,5,5,0.6378678578039242,"{""learning_rate"": 0.05, ""max_leaf_nodes"": 7}","[""H"", ""D"", ""M""]",disjoint,879,P0,hgb::H_D_B_M_P_C_A_K,28,2.7606178470648786,-0.005388127564804779,0.0067983646148666995,0.0229797053671054,0.013379559121850581,0.02377752844623049,0.008349860193296381,0.0521453613781407,0.04682830151634108,False,False,False,False,False,False,post-primary retrospective sensitivity; retain primary result; fixed fitted predictions
hgb|history_available|budget=06,hgb,history_available,6,True,H_D_M_A,hgb::H_D_M_A,hgb::H_D_M_A,H_D_M_A,"{""learning_rate"": 0.05, ""max_leaf_nodes"": 7}",True,6,6,0.6353580028168152,"{""learning_rate"": 0.05, ""max_leaf_nodes"": 7}","[""H"", ""D"", ""M"", ""A""]",disjoint,879,P0,hgb::H_D_B_M_P_C_A_K,28,2.7606178470648786,0.04597736178232237,0.008992236071774457,0.0743451947142326,0.07080148916708351,0.07514301779335764,0.011943395875923307,0.1035108507252679,0.10811416960299258,False,False,False,False,False,False,post-primary retrospective sensitivity; retain primary result; fixed fitted predictions
hgb|history_available|budget=07,hgb,history_available,7,True,H_D_M_C_A,hgb::H_D_M_C_A,hgb::H_D_M_C_A,H_D_M_C_A,"{""learning_rate"": 0.05, ""max_leaf_nodes"": 7}",True,7,7,0.6332706689577972,"{""learning_rate"": 0.05, ""max_leaf_nodes"": 7}","[""H"", ""D"", ""M"", ""C"", ""A""]",disjoint,879,P0,hgb::H_D_B_M_P_C_A_K,28,2.7606178470648786,0.04144446313603467,0.008747237847718838,0.0698122960679449,0.06559224405096867,0.07061011914706994,0.011572982525424904,0.0989779520789802,0.1025587012505279,False,False,False,False,False,False,post-primary retrospective sensitivity; retain primary result; fixed fitted predictions
hgb|history_available|budget=08,hgb,history_available,8,True,H_D_B_M_C_A,hgb::H_D_B_M_C_A,hgb::H_D_B_M_C_A,H_D_B_M_C_A,"{""learning_rate"": 0.05, ""max_leaf_nodes"": 7}",True,8,8,0.6314904390595096,"{""learning_rate"": 0.05, ""max_leaf_nodes"": 7}","[""H"", ""D"", ""B"", ""M"", ""C"", ""A""]",disjoint,879,P0,hgb::H_D_B_M_P_C_A_K,28,2.7606178470648786,0.029358507470656714,0.007911176645928204,0.0577263404025669,0.05119824291068898,0.05852416348169198,0.011289407901410238,0.0868919964136022,0.08968990441712034,False,False,False,False,False,False,post-primary retrospective sensitivity; retain primary result; fixed fitted predictions
hgb|history_available|budget=09,hgb,history_available,9,True,H_D_B_M_C_A,hgb::H_D_B_M_C_A,hgb::H_D_B_M_C_A,H_D_B_M_C_A,"{""learning_rate"": 0.05, ""max_leaf_nodes"": 7}",True,8,8,0.6314904390595096,"{""learning_rate"": 0.05, ""max_leaf_nodes"": 7}","[""H"", ""D"", ""B"", ""M"", ""C"", ""A""]",disjoint,879,P0,hgb::H_D_B_M_P_C_A_K,28,2.7606178470648786,0.029358507470656714,0.007911176645928204,0.0577263404025669,0.05119824291068898,0.05852416348169198,0.011289407901410238,0.0868919964136022,0.08968990441712034,False,False,False,False,False,False,post-primary retrospective sensitivity; retain primary result; fixed fitted predictions
hgb|history_available|budget=10,hgb,history_available,10,True,H_D_B_M_C_A,hgb::H_D_B_M_C_A,hgb::H_D_B_M_C_A,H_D_B_M_C_A,"{""learning_rate"": 0.05, ""max_leaf_nodes"": 7}",True,8,8,0.6314904390595096,"{""learning_rate"": 0.05, ""max_leaf_nodes"": 7}","[""H"", ""D"", ""B"", ""M"", ""C"", ""A""]",disjoint,879,P0,hgb::H_D_B_M_P_C_A_K,28,2.7606178470648786,0.029358507470656714,0.007911176645928204,0.0577263404025669,0.05119824291068898,0.05852416348169198,0.011289407901410238,0.0868919964136022,0.08968990441712034,False,False,False,False,False,False,post-primary retrospective sensitivity; retain primary result; fixed fitted predictions
hgb|history_available|budget=11,hgb,history_available,11,True,H_D_B_M_C_A,hgb::H_D_B_M_C_A,hgb::H_D_B_M_C_A,H_D_B_M_C_A,"{""learning_rate"": 0.05, ""max_leaf_nodes"": 7}",True,8,8,0.6314904390595096,"{""learning_rate"": 0.05, ""max_leaf_nodes"": 7}","[""H"", ""D"", ""B"", ""M"", ""C"", ""A""]",disjoint,879,P0,hgb::H_D_B_M_P_C_A_K,28,2.7606178470648786,0.029358507470656714,0.007911176645928204,0.0577263404025669,0.05119824291068898,0.05852416348169198,0.011289407901410238,0.0868919964136022,0.08968990441712034,False,False,False,False,False,False,post-primary retrospective sensitivity; retain primary result; fixed fitted predictions
hgb|history_available|budget=12,hgb,history_available,12,True,H_D_B_M_C_A,hgb::H_D_B_M_C_A,hgb::H_D_B_M_C_A,H_D_B_M_C_A,"{""learning_rate"": 0.05, ""max_leaf_nodes"": 7}",True,8,8,0.6314904390595096,"{""learning_rate"": 0.05, ""max_leaf_nodes"": 7}","[""H"", ""D"", ""B"", ""M"", ""C"", ""A""]",disjoint,879,P0,hgb::H_D_B_M_P_C_A_K,28,2.7606178470648786,0.029358507470656714,0.007911176645928204,0.0577263404025669,0.05119824291068898,0.05852416348169198,0.011289407901410238,0.0868919964136022,0.08968990441712034,False,False,False,False,False,False,post-primary retrospective sensitivity; retain primary result; fixed fitted predictions
hgb|history_available|budget=13,hgb,history_available,13,True,H_D_B_M_C_A,hgb::H_D_B_M_C_A,hgb::H_D_B_M_C_A,H_D_B_M_C_A,"{""learning_rate"": 0.05, ""max_leaf_nodes"": 7}",True,8,8,0.6314904390595096,"{""learning_rate"": 0.05, ""max_leaf_nodes"": 7}","[""H"", ""D"", ""B"", ""M"", ""C"", ""A""]",disjoint,879,P0,hgb::H_D_B_M_P_C_A_K,28,2.7606178470648786,0.029358507470656714,0.007911176645928204,0.0577263404025669,0.05119824291068898,0.05852416348169198,0.011289407901410238,0.0868919964136022,0.08968990441712034,False,False,False,False,False,False,post-primary retrospective sensitivity; retain primary result; fixed fitted predictions
hgb|history_available|budget=14,hgb,history_available,14,True,H_D_B_M_C_A,hgb::H_D_B_M_C_A,hgb::H_D_B_M_C_A,H_D_B_M_C_A,"{""learning_rate"": 0.05, ""max_leaf_nodes"": 7}",True,8,8,0.6314904390595096,"{""learning_rate"": 0.05, ""max_leaf_nodes"": 7}","[""H"", ""D"", ""B"", ""M"", ""C"", ""A""]",disjoint,879,P0,hgb::H_D_B_M_P_C_A_K,28,2.7606178470648786,0.029358507470656714,0.007911176645928204,0.0577263404025669,0.05119824291068898,0.05852416348169198,0.011289407901410238,0.0868919964136022,0.08968990441712034,False,False,False,False,False,False,post-primary retrospective sensitivity; retain primary result; fixed fitted predictions
hgb|history_available|budget=15,hgb,history_available,15,True,H_D_P,hgb::H_D_P,hgb::H_D_P,H_D_P,"{""learning_rate"": 0.05, ""max_leaf_nodes"": 7}",True,15,15,0.6284341422186445,"{""learning_rate"": 0.05, ""max_leaf_nodes"": 7}","[""H"", ""D"", ""P""]",disjoint,879,P0,hgb::H_D_B_M_P_C_A_K,28,2.7606178470648786,0.006064240230603146,0.005588751300542746,0.0344320731625134,0.021492646813688503,0.035229896241638414,0.008939939958733776,0.0635977291735486,0.059909654043407326,False,False,False,False,False,False,post-primary retrospective sensitivity; retain primary result; fixed fitted predictions
hgb|history_available|budget=16,hgb,history_available,16,True,H_D_M_P,hgb::H_D_M_P,hgb::H_D_M_P,H_D_M_P,"{""learning_rate"": 0.05, ""max_leaf_nodes"": 7}",True,16,16,0.6263444622412933,"{""learning_rate"": 0.05, ""max_leaf_nodes"": 7}","[""H"", ""D"", ""M"", ""P""]",disjoint,879,P0,hgb::H_D_B_M_P_C_A_K,28,2.7606178470648786,-0.002127702015809474,0.005650730069119605,0.0262401309161007,0.013471804261948262,0.027037953995225794,0.008782388746497354,0.055405786927136,0.051282773108668134,False,False,False,False,False,False,post-primary retrospective sensitivity; retain primary result; fixed fitted predictions
hgb|history_available|budget=17,hgb,history_available,17,True,H_D_M_P_A,hgb::H_D_M_P_A,hgb::H_D_M_P_A,H_D_M_P_A,"{""learning_rate"": 0.05, ""max_leaf_nodes"": 7}",True,17,17,0.6241806893132597,"{""learning_rate"": 0.05, ""max_leaf_nodes"": 7}","[""H"", ""D"", ""M"", ""P"", ""A""]",disjoint,879,P0,hgb::H_D_B_M_P_C_A_K,28,2.7606178470648786,0.034729524438006365,0.006397723178568862,0.0630973573699166,0.052391193225344204,0.06389518044904163,0.010688821694976553,0.0922630133809519,0.09340293238428818,False,False,False,False,False,False,post-primary retrospective sensitivity; retain primary result; fixed fitted predictions
hgb|history_available|budget=18,hgb,history_available,18,True,H_D_M_P_A,hgb::H_D_M_P_A,hgb::H_D_M_P_A,H_D_M_P_A,"{""learning_rate"": 0.05, ""max_leaf_nodes"": 7}",True,17,17,0.6241806893132597,"{""learning_rate"": 0.05, ""max_leaf_nodes"": 7}","[""H"", ""D"", ""M"", ""P"", ""A""]",disjoint,879,P0,hgb::H_D_B_M_P_C_A_K,28,2.7606178470648786,0.034729524438006365,0.006397723178568862,0.0630973573699166,0.052391193225344204,0.06389518044904163,0.010688821694976553,0.0922630133809519,0.09340293238428818,False,False,False,False,False,False,post-primary retrospective sensitivity; retain primary result; fixed fitted predictions
hgb|history_available|budget=19,hgb,history_available,19,True,H_D_M_P_A,hgb::H_D_M_P_A,hgb::H_D_M_P_A,H_D_M_P_A,"{""learning_rate"": 0.05, ""max_leaf_nodes"": 7}",True,17,17,0.6241806893132597,"{""learning_rate"": 0.05, ""max_leaf_nodes"": 7}","[""H"", ""D"", ""M"", ""P"", ""A""]",disjoint,879,P0,hgb::H_D_B_M_P_C_A_K,28,2.7606178470648786,0.034729524438006365,0.006397723178568862,0.0630973573699166,0.052391193225344204,0.06389518044904163,0.010688821694976553,0.0922630133809519,0.09340293238428818,False,False,False,False,False,False,post-primary retrospective sensitivity; retain primary result; fixed fitted predictions
hgb|history_available|budget=20,hgb,history_available,20,True,H_D_M_P_A,hgb::H_D_M_P_A,hgb::H_D_M_P_A,H_D_M_P_A,"{""learning_rate"": 0.05, ""max_leaf_nodes"": 7}",True,17,17,0.6241806893132597,"{""learning_rate"": 0.05, ""max_leaf_nodes"": 7}","[""H"", ""D"", ""M"", ""P"", ""A""]",disjoint,879,P0,hgb::H_D_B_M_P_C_A_K,28,2.7606178470648786,0.034729524438006365,0.006397723178568862,0.0630973573699166,0.052391193225344204,0.06389518044904163,0.010688821694976553,0.0922630133809519,0.09340293238428818,False,False,False,False,False,False,post-primary retrospective sensitivity; retain primary result; fixed fitted predictions
hgb|history_available|budget=21,hgb,history_available,21,True,H_D_M_P_A,hgb::H_D_M_P_A,hgb::H_D_M_P_A,H_D_M_P_A,"{""learning_rate"": 0.05, ""max_leaf_nodes"": 7}",True,17,17,0.6241806893132597,"{""learning_rate"": 0.05, ""max_leaf_nodes"": 7}","[""H"", ""D"", ""M"", ""P"", ""A""]",disjoint,879,P0,hgb::H_D_B_M_P_C_A_K,28,2.7606178470648786,0.034729524438006365,0.006397723178568862,0.0630973573699166,0.052391193225344204,0.06389518044904163,0.010688821694976553,0.0922630133809519,0.09340293238428818,False,False,False,False,False,False,post-primary retrospective sensitivity; retain primary result; fixed fitted predictions
hgb|history_available|budget=22,hgb,history_available,22,True,H_D_M_P_A,hgb::H_D_M_P_A,hgb::H_D_M_P_A,H_D_M_P_A,"{""learning_rate"": 0.05, ""max_leaf_nodes"": 7}",True,17,17,0.6241806893132597,"{""learning_rate"": 0.05, ""max_leaf_nodes"": 7}","[""H"", ""D"", ""M"", ""P"", ""A""]",disjoint,879,P0,hgb::H_D_B_M_P_C_A_K,28,2.7606178470648786,0.034729524438006365,0.006397723178568862,0.0630973573699166,0.052391193225344204,0.06389518044904163,0.010688821694976553,0.0922630133809519,0.09340293238428818,False,False,False,False,False,False,post-primary retrospective sensitivity; retain primary result; fixed fitted predictions
hgb|history_available|budget=23,hgb,history_available,23,True,H_D_M_P_A,hgb::H_D_M_P_A,hgb::H_D_M_P_A,H_D_M_P_A,"{""learning_rate"": 0.05, ""max_leaf_nodes"": 7}",True,17,17,0.6241806893132597,"{""learning_rate"": 0.05, ""max_leaf_nodes"": 7}","[""H"", ""D"", ""M"", ""P"", ""A""]",disjoint,879,P0,hgb::H_D_B_M_P_C_A_K,28,2.7606178470648786,0.034729524438006365,0.006397723178568862,0.0630973573699166,0.052391193225344204,0.06389518044904163,0.010688821694976553,0.0922630133809519,0.09340293238428818,False,False,False,False,False,False,post-primary retrospective sensitivity; retain primary result; fixed fitted predictions
hgb|history_available|budget=24,hgb,history_available,24,True,H_D_M_P_A,hgb::H_D_M_P_A,hgb::H_D_M_P_A,H_D_M_P_A,"{""learning_rate"": 0.05, ""max_leaf_nodes"": 7}",True,17,17,0.6241806893132597,"{""learning_rate"": 0.05, ""max_leaf_nodes"": 7}","[""H"", ""D"", ""M"", ""P"", ""A""]",disjoint,879,P0,hgb::H_D_B_M_P_C_A_K,28,2.7606178470648786,0.034729524438006365,0.006397723178568862,0.0630973573699166,0.052391193225344204,0.06389518044904163,0.010688821694976553,0.0922630133809519,0.09340293238428818,False,False,False,False,False,False,post-primary retrospective sensitivity; retain primary result; fixed fitted predictions
hgb|history_available|budget=25,hgb,history_available,25,True,H_D_M_P_A,hgb::H_D_M_P_A,hgb::H_D_M_P_A,H_D_M_P_A,"{""learning_rate"": 0.05, ""max_leaf_nodes"": 7}",True,17,17,0.6241806893132597,"{""learning_rate"": 0.05, ""max_leaf_nodes"": 7}","[""H"", ""D"", ""M"", ""P"", ""A""]",disjoint,879,P0,hgb::H_D_B_M_P_C_A_K,28,2.7606178470648786,0.034729524438006365,0.006397723178568862,0.0630973573699166,0.052391193225344204,0.06389518044904163,0.010688821694976553,0.0922630133809519,0.09340293238428818,False,False,False,False,False,False,post-primary retrospective sensitivity; retain primary result; fixed fitted predictions
hgb|history_available|budget=26,hgb,history_available,26,True,H_D_M_P_A,hgb::H_D_M_P_A,hgb::H_D_M_P_A,H_D_M_P_A,"{""learning_rate"": 0.05, ""max_leaf_nodes"": 7}",True,17,17,0.6241806893132597,"{""learning_rate"": 0.05, ""max_leaf_nodes"": 7}","[""H"", ""D"", ""M"", ""P"", ""A""]",disjoint,879,P0,hgb::H_D_B_M_P_C_A_K,28,2.7606178470648786,0.034729524438006365,0.006397723178568862,0.0630973573699166,0.052391193225344204,0.06389518044904163,0.010688821694976553,0.0922630133809519,0.09340293238428818,False,False,False,False,False,False,post-primary retrospective sensitivity; retain primary result; fixed fitted predictions
hgb|history_available|budget=27,hgb,history_available,27,True,H_D_M_P_A,hgb::H_D_M_P_A,hgb::H_D_M_P_A,H_D_M_P_A,"{""learning_rate"": 0.05, ""max_leaf_nodes"": 7}",True,17,17,0.6241806893132597,"{""learning_rate"": 0.05, ""max_leaf_nodes"": 7}","[""H"", ""D"", ""M"", ""P"", ""A""]",disjoint,879,P0,hgb::H_D_B_M_P_C_A_K,28,2.7606178470648786,0.034729524438006365,0.006397723178568862,0.0630973573699166,0.052391193225344204,0.06389518044904163,0.010688821694976553,0.0922630133809519,0.09340293238428818,False,False,False,False,False,False,post-primary retrospective sensitivity; retain primary result; fixed fitted predictions
hgb|history_available|budget=28,hgb,history_available,28,True,H_D_M_P_C_K,hgb::H_D_M_P_C_K,hgb::H_D_M_P_C_K,H_D_M_P_C_K,"{""learning_rate"": 0.05, ""max_leaf_nodes"": 7}",True,28,28,0.6221157681523305,"{""learning_rate"": 0.05, ""max_leaf_nodes"": 7}","[""H"", ""D"", ""M"", ""P"", ""C"", ""K""]",disjoint,879,P0,hgb::H_D_B_M_P_C_A_K,28,2.7606178470648786,-0.015501621491165518,0.0044998128600014144,0.0128662114407447,-0.0030793578013935605,0.01366403451986975,0.008831276820934045,0.04203186745178,0.03804381492411066,False,False,False,True,False,False,post-primary retrospective sensitivity; retain primary result; fixed fitted predictions
hgb|history_available|budget=29,hgb,history_available,29,True,H_D_M_P_C_A_K,hgb::H_D_M_P_C_A_K,hgb::H_D_M_P_C_A_K,H_D_M_P_C_A_K,"{""learning_rate"": 0.05, ""max_leaf_nodes"": 7}",True,29,29,0.620817620210149,"{""learning_rate"": 0.05, ""max_leaf_nodes"": 7}","[""H"", ""D"", ""M"", ""P"", ""C"", ""A"", ""K""]",disjoint,879,P0,hgb::H_D_B_M_P_C_A_K,28,2.7606178470648786,0.011555966617881053,0.0031168797275205763,0.0399237995497913,0.02016048042082907,0.04072162262891632,0.009570572352229901,0.0690894555608265,0.06714231547110788,False,False,False,False,False,False,post-primary retrospective sensitivity; retain primary result; fixed fitted predictions
hgb|history_available|budget=30,hgb,history_available,30,True,H_D_M_P_C_A_K,hgb::H_D_M_P_C_A_K,hgb::H_D_M_P_C_A_K,H_D_M_P_C_A_K,"{""learning_rate"": 0.05, ""max_leaf_nodes"": 7}",True,29,29,0.620817620210149,"{""learning_rate"": 0.05, ""max_leaf_nodes"": 7}","[""H"", ""D"", ""M"", ""P"", ""C"", ""A"", ""K""]",disjoint,879,P0,hgb::H_D_B_M_P_C_A_K,28,2.7606178470648786,0.011555966617881053,0.0031168797275205763,0.0399237995497913,0.02016048042082907,0.04072162262891632,0.009570572352229901,0.0690894555608265,0.06714231547110788,False,False,False,False,False,False,post-primary retrospective sensitivity; retain primary result; fixed fitted predictions
