policy_id,algorithm,availability,budget,selected_subset,source_model,uses_history,selected_additional_items,development_oof_log_loss,evaluation_domain,n,events,event_rate,log_loss,brier,roc_auc,average_precision,calibration_intercept,calibration_slope,full_model,baseline_model,unrestricted_policy_source,delta_full_log_loss,delta_baseline_log_loss,delta_budget30_policy_log_loss
ridge|history_available|budget=00,ridge,history_available,0,P0,P0,True,0,0.6620828063230408,all,1520,853,0.5611842105263158,0.6606246186097116,0.2339267641349458,0.6069046367789143,0.6211904240601227,-0.0796930407733823,1.080387736924288,ridge::H_D_B_M_P_C_A_K,P0,ridge::H_D_B_M_P_A_K,-0.03898721770809532,0.0,-0.03845703843244175
ridge|history_available|budget=01,ridge,history_available,1,H_B,ridge::H_B,True,1,0.6578158495921907,all,1520,853,0.5611842105263158,0.6572437321089197,0.23228174764553453,0.622201208891451,0.6331735139207219,-0.06749369310982954,1.0168351503426765,ridge::H_D_B_M_P_C_A_K,P0,ridge::H_D_B_M_P_A_K,-0.04236810420888715,-0.0033808865007918243,-0.04183792493323357
ridge|history_available|budget=02,ridge,history_available,2,H_B_A,ridge::H_B_A,True,2,0.6557119973590803,all,1520,853,0.5611842105263158,0.670901879743086,0.237589265113106,0.5987018214222314,0.6046835653703918,-0.037991430713266945,0.7267678513604272,ridge::H_D_B_M_P_C_A_K,P0,ridge::H_D_B_M_P_A_K,-0.028709956574720863,0.01027726113337446,-0.028179777299067288
ridge|history_available|budget=03,ridge,history_available,3,H_B_A,ridge::H_B_A,True,2,0.6557119973590803,all,1520,853,0.5611842105263158,0.670901879743086,0.237589265113106,0.5987018214222314,0.6046835653703918,-0.037991430713266945,0.7267678513604272,ridge::H_D_B_M_P_C_A_K,P0,ridge::H_D_B_M_P_A_K,-0.028709956574720863,0.01027726113337446,-0.028179777299067288
ridge|history_available|budget=04,ridge,history_available,4,H_D,ridge::H_D,True,4,0.6396754472363618,all,1520,853,0.5611842105263158,0.696335561198437,0.2443954024786482,0.6011317319066141,0.6079220115969909,0.09915729478709413,0.4110314273390901,ridge::H_D_B_M_P_C_A_K,P0,ridge::H_D_B_M_P_A_K,-0.003276275119369898,0.035710942588725425,-0.002746095843716323
ridge|history_available|budget=05,ridge,history_available,5,H_D_B,ridge::H_D_B,True,5,0.6379948075675399,all,1520,853,0.5611842105263158,0.6906339173177158,0.24193363364065953,0.6112020191545493,0.6165756781182509,0.08404034811146811,0.4525525413436202,ridge::H_D_B_M_P_C_A_K,P0,ridge::H_D_B_M_P_A_K,-0.00897791900009104,0.030009298708004284,-0.008447739724437464
ridge|history_available|budget=06,ridge,history_available,6,H_D_B_A,ridge::H_D_B_A,True,6,0.6362755316368176,all,1520,853,0.5611842105263158,0.7098588727184805,0.24648444866638955,0.601496438181847,0.597059623132559,0.08650164121639513,0.3575780089198818,ridge::H_D_B_M_P_C_A_K,P0,ridge::H_D_B_M_P_A_K,0.010247036400673593,0.049234254108768916,0.010777215676327168
ridge|history_available|budget=07,ridge,history_available,7,H_D_B_M_A,ridge::H_D_B_M_A,True,7,0.6362310759849575,all,1520,853,0.5611842105263158,0.7138935134653298,0.24819095078505732,0.5967886513952871,0.5923178047193032,0.09602047931111407,0.3357150721950441,ridge::H_D_B_M_P_C_A_K,P0,ridge::H_D_B_M_P_A_K,0.014281677147522931,0.053268894855618254,0.014811856423176506
ridge|history_available|budget=08,ridge,history_available,8,H_D_B_M_A,ridge::H_D_B_M_A,True,7,0.6362310759849575,all,1520,853,0.5611842105263158,0.7138935134653298,0.24819095078505732,0.5967886513952871,0.5923178047193032,0.09602047931111407,0.3357150721950441,ridge::H_D_B_M_P_C_A_K,P0,ridge::H_D_B_M_P_A_K,0.014281677147522931,0.053268894855618254,0.014811856423176506
ridge|history_available|budget=09,ridge,history_available,9,H_D_B_M_A,ridge::H_D_B_M_A,True,7,0.6362310759849575,all,1520,853,0.5611842105263158,0.7138935134653298,0.24819095078505732,0.5967886513952871,0.5923178047193032,0.09602047931111407,0.3357150721950441,ridge::H_D_B_M_P_C_A_K,P0,ridge::H_D_B_M_P_A_K,0.014281677147522931,0.053268894855618254,0.014811856423176506
ridge|history_available|budget=10,ridge,history_available,10,H_D_B_M_A,ridge::H_D_B_M_A,True,7,0.6362310759849575,all,1520,853,0.5611842105263158,0.7138935134653298,0.24819095078505732,0.5967886513952871,0.5923178047193032,0.09602047931111407,0.3357150721950441,ridge::H_D_B_M_P_C_A_K,P0,ridge::H_D_B_M_P_A_K,0.014281677147522931,0.053268894855618254,0.014811856423176506
ridge|history_available|budget=11,ridge,history_available,11,H_D_B_M_A,ridge::H_D_B_M_A,True,7,0.6362310759849575,all,1520,853,0.5611842105263158,0.7138935134653298,0.24819095078505732,0.5967886513952871,0.5923178047193032,0.09602047931111407,0.3357150721950441,ridge::H_D_B_M_P_C_A_K,P0,ridge::H_D_B_M_P_A_K,0.014281677147522931,0.053268894855618254,0.014811856423176506
ridge|history_available|budget=12,ridge,history_available,12,H_D_B_M_A,ridge::H_D_B_M_A,True,7,0.6362310759849575,all,1520,853,0.5611842105263158,0.7138935134653298,0.24819095078505732,0.5967886513952871,0.5923178047193032,0.09602047931111407,0.3357150721950441,ridge::H_D_B_M_P_C_A_K,P0,ridge::H_D_B_M_P_A_K,0.014281677147522931,0.053268894855618254,0.014811856423176506
ridge|history_available|budget=13,ridge,history_available,13,H_D_B_M_A,ridge::H_D_B_M_A,True,7,0.6362310759849575,all,1520,853,0.5611842105263158,0.7138935134653298,0.24819095078505732,0.5967886513952871,0.5923178047193032,0.09602047931111407,0.3357150721950441,ridge::H_D_B_M_P_C_A_K,P0,ridge::H_D_B_M_P_A_K,0.014281677147522931,0.053268894855618254,0.014811856423176506
ridge|history_available|budget=14,ridge,history_available,14,H_D_B_M_A,ridge::H_D_B_M_A,True,7,0.6362310759849575,all,1520,853,0.5611842105263158,0.7138935134653298,0.24819095078505732,0.5967886513952871,0.5923178047193032,0.09602047931111407,0.3357150721950441,ridge::H_D_B_M_P_C_A_K,P0,ridge::H_D_B_M_P_A_K,0.014281677147522931,0.053268894855618254,0.014811856423176506
ridge|history_available|budget=15,ridge,history_available,15,H_D_K,ridge::H_D_K,True,15,0.633478707878488,all,1520,853,0.5611842105263158,0.6761892602610897,0.2358684873628712,0.6400146937082455,0.6486365320713354,0.08040714145312908,0.5436678970966448,ridge::H_D_B_M_P_C_A_K,P0,ridge::H_D_B_M_P_A_K,-0.02342257605671716,0.015564641651378164,-0.022892396781063584
ridge|history_available|budget=16,ridge,history_available,16,H_D_A_K,ridge::H_D_A_K,True,16,0.6316089221778484,all,1520,853,0.5611842105263158,0.695626288004309,0.24153106610661715,0.6235431522222477,0.6258585601237732,0.07679326723948438,0.4292844714252603,ridge::H_D_B_M_P_C_A_K,P0,ridge::H_D_B_M_P_A_K,-0.003985548313497844,0.03500166939459748,-0.003455369037844269
ridge|history_available|budget=17,ridge,history_available,17,H_D_B_A_K,ridge::H_D_B_A_K,True,17,0.6303176464587247,all,1520,853,0.5611842105263158,0.6915878870431961,0.23949968900611449,0.6291552348093246,0.6279990748356353,0.06684935042138317,0.45211526935217994,ridge::H_D_B_M_P_C_A_K,P0,ridge::H_D_B_M_P_A_K,-0.008023949274610809,0.030963268433484514,-0.007493769998957234
ridge|history_available|budget=18,ridge,history_available,18,H_D_B_M_A_K,ridge::H_D_B_M_A_K,True,18,0.6297690531788611,all,1520,853,0.5611842105263158,0.6989440205138234,0.24272669108152925,0.6197502069598261,0.6209328408225947,0.08249731476981398,0.41348936940435704,ridge::H_D_B_M_P_C_A_K,P0,ridge::H_D_B_M_P_A_K,-0.0006678158039834514,0.03831940190411187,-0.00013763652832987638
ridge|history_available|budget=19,ridge,history_available,19,H_D_B_M_A_K,ridge::H_D_B_M_A_K,True,18,0.6297690531788611,all,1520,853,0.5611842105263158,0.6989440205138234,0.24272669108152925,0.6197502069598261,0.6209328408225947,0.08249731476981398,0.41348936940435704,ridge::H_D_B_M_P_C_A_K,P0,ridge::H_D_B_M_P_A_K,-0.0006678158039834514,0.03831940190411187,-0.00013763652832987638
ridge|history_available|budget=20,ridge,history_available,20,H_D_B_M_A_K,ridge::H_D_B_M_A_K,True,18,0.6297690531788611,all,1520,853,0.5611842105263158,0.6989440205138234,0.24272669108152925,0.6197502069598261,0.6209328408225947,0.08249731476981398,0.41348936940435704,ridge::H_D_B_M_P_C_A_K,P0,ridge::H_D_B_M_P_A_K,-0.0006678158039834514,0.03831940190411187,-0.00013763652832987638
ridge|history_available|budget=21,ridge,history_available,21,H_D_B_M_A_K,ridge::H_D_B_M_A_K,True,18,0.6297690531788611,all,1520,853,0.5611842105263158,0.6989440205138234,0.24272669108152925,0.6197502069598261,0.6209328408225947,0.08249731476981398,0.41348936940435704,ridge::H_D_B_M_P_C_A_K,P0,ridge::H_D_B_M_P_A_K,-0.0006678158039834514,0.03831940190411187,-0.00013763652832987638
ridge|history_available|budget=22,ridge,history_available,22,H_D_B_M_A_K,ridge::H_D_B_M_A_K,True,18,0.6297690531788611,all,1520,853,0.5611842105263158,0.6989440205138234,0.24272669108152925,0.6197502069598261,0.6209328408225947,0.08249731476981398,0.41348936940435704,ridge::H_D_B_M_P_C_A_K,P0,ridge::H_D_B_M_P_A_K,-0.0006678158039834514,0.03831940190411187,-0.00013763652832987638
ridge|history_available|budget=23,ridge,history_available,23,H_D_B_M_A_K,ridge::H_D_B_M_A_K,True,18,0.6297690531788611,all,1520,853,0.5611842105263158,0.6989440205138234,0.24272669108152925,0.6197502069598261,0.6209328408225947,0.08249731476981398,0.41348936940435704,ridge::H_D_B_M_P_C_A_K,P0,ridge::H_D_B_M_P_A_K,-0.0006678158039834514,0.03831940190411187,-0.00013763652832987638
ridge|history_available|budget=24,ridge,history_available,24,H_D_B_M_A_K,ridge::H_D_B_M_A_K,True,18,0.6297690531788611,all,1520,853,0.5611842105263158,0.6989440205138234,0.24272669108152925,0.6197502069598261,0.6209328408225947,0.08249731476981398,0.41348936940435704,ridge::H_D_B_M_P_C_A_K,P0,ridge::H_D_B_M_P_A_K,-0.0006678158039834514,0.03831940190411187,-0.00013763652832987638
ridge|history_available|budget=25,ridge,history_available,25,H_D_B_M_A_K,ridge::H_D_B_M_A_K,True,18,0.6297690531788611,all,1520,853,0.5611842105263158,0.6989440205138234,0.24272669108152925,0.6197502069598261,0.6209328408225947,0.08249731476981398,0.41348936940435704,ridge::H_D_B_M_P_C_A_K,P0,ridge::H_D_B_M_P_A_K,-0.0006678158039834514,0.03831940190411187,-0.00013763652832987638
ridge|history_available|budget=26,ridge,history_available,26,H_D_B_M_A_K,ridge::H_D_B_M_A_K,True,18,0.6297690531788611,all,1520,853,0.5611842105263158,0.6989440205138234,0.24272669108152925,0.6197502069598261,0.6209328408225947,0.08249731476981398,0.41348936940435704,ridge::H_D_B_M_P_C_A_K,P0,ridge::H_D_B_M_P_A_K,-0.0006678158039834514,0.03831940190411187,-0.00013763652832987638
ridge|history_available|budget=27,ridge,history_available,27,H_D_B_M_A_K,ridge::H_D_B_M_A_K,True,18,0.6297690531788611,all,1520,853,0.5611842105263158,0.6989440205138234,0.24272669108152925,0.6197502069598261,0.6209328408225947,0.08249731476981398,0.41348936940435704,ridge::H_D_B_M_P_C_A_K,P0,ridge::H_D_B_M_P_A_K,-0.0006678158039834514,0.03831940190411187,-0.00013763652832987638
ridge|history_available|budget=28,ridge,history_available,28,H_D_B_P_A_K,ridge::H_D_B_P_A_K,True,28,0.6294674622760528,all,1520,853,0.5611842105263158,0.6936713069461021,0.24089162107765733,0.6257551177517923,0.6300149266295988,0.08036302546131459,0.43843164707573445,ridge::H_D_B_M_P_C_A_K,P0,ridge::H_D_B_M_P_A_K,-0.00594052937170475,0.03304668833639057,-0.005410350096051175
ridge|history_available|budget=29,ridge,history_available,29,H_D_B_M_P_A_K,ridge::H_D_B_M_P_A_K,True,29,0.6292921291184919,all,1520,853,0.5611842105263158,0.6990816570421533,0.2433204910487976,0.6186191781014534,0.6247415009313724,0.09074600822664923,0.4103266295234491,ridge::H_D_B_M_P_C_A_K,P0,ridge::H_D_B_M_P_A_K,-0.000530179275653575,0.03845703843244175,0.0
ridge|history_available|budget=30,ridge,history_available,30,H_D_B_M_P_A_K,ridge::H_D_B_M_P_A_K,True,29,0.6292921291184919,all,1520,853,0.5611842105263158,0.6990816570421533,0.2433204910487976,0.6186191781014534,0.6247415009313724,0.09074600822664923,0.4103266295234491,ridge::H_D_B_M_P_C_A_K,P0,ridge::H_D_B_M_P_A_K,-0.000530179275653575,0.03845703843244175,0.0
ridge|history_unavailable|budget=00,ridge,history_unavailable,0,NONE,ridge::NONE,False,0,0.6853643289188563,all,1520,853,0.5611842105263158,0.6856435498450167,0.24625756690847586,0.5,0.5611842105263158,,,ridge::D_B_M_P_C_A_K,prevalence,ridge::D_B_P_A_K,-0.02346741632870808,0.0,-0.020237323989548583
ridge|history_unavailable|budget=01,ridge,history_unavailable,1,B,ridge::B,False,1,0.6777381954029948,all,1520,853,0.5611842105263158,0.677439794026549,0.24220151807036033,0.5628964532973841,0.5956643760292615,-0.02213055077393926,1.025536456226468,ridge::D_B_M_P_C_A_K,prevalence,ridge::D_B_P_A_K,-0.03167117214717585,-0.008203755818467773,-0.028441079808016356
ridge|history_unavailable|budget=02,ridge,history_unavailable,2,B_A,ridge::B_A,False,2,0.6736656514353723,all,1520,853,0.5611842105263158,0.6896428576408007,0.24728119311783991,0.5498478779367644,0.579561626043997,0.08554290065293013,0.43175161980812987,ridge::D_B_M_P_C_A_K,prevalence,ridge::D_B_P_A_K,-0.019468108532924133,0.003999307795783946,-0.016238016193764637
ridge|history_unavailable|budget=03,ridge,history_unavailable,3,B_C_A,ridge::B_C_A,False,3,0.6735209745197117,all,1520,853,0.5611842105263158,0.689413094073297,0.2470093559967353,0.5575181342505771,0.5779087967008568,0.07983728976481437,0.442579892403741,ridge::D_B_M_P_C_A_K,prevalence,ridge::D_B_P_A_K,-0.019697872100427838,0.0037695442282802416,-0.016467779761268342
ridge|history_unavailable|budget=04,ridge,history_unavailable,4,D,ridge::D,False,4,0.6621656516928427,all,1520,853,0.5611842105263158,0.7106611301987357,0.255033793709848,0.5383750094472107,0.5741672182055861,0.1885442066048283,0.19224154190833376,ridge::D_B_M_P_C_A_K,prevalence,ridge::D_B_P_A_K,0.0015501640250108473,0.025017580353718927,0.004780256364170343
ridge|history_unavailable|budget=05,ridge,history_unavailable,5,D_B,ridge::D_B,False,5,0.6582120307239033,all,1520,853,0.5611842105263158,0.7009803562324246,0.25018642229815796,0.5651189645505501,0.5891436473084286,0.14752313866430455,0.32325646135350383,ridge::D_B_M_P_C_A_K,prevalence,ridge::D_B_P_A_K,-0.008130609941300215,0.015336806387407864,-0.004900517602140719
ridge|history_unavailable|budget=06,ridge,history_unavailable,6,D_B_A,ridge::D_B_A,False,6,0.6545563941969289,all,1520,853,0.5611842105263158,0.721027341285142,0.25554711388593504,0.5598091927072806,0.5741083368886817,0.15287533034882347,0.22295742961221499,ridge::D_B_M_P_C_A_K,prevalence,ridge::D_B_P_A_K,0.011916375111417188,0.03538379144012527,0.015146467450576684
ridge|history_unavailable|budget=07,ridge,history_unavailable,7,D_B_A,ridge::D_B_A,False,6,0.6545563941969289,all,1520,853,0.5611842105263158,0.721027341285142,0.25554711388593504,0.5598091927072806,0.5741083368886817,0.15287533034882347,0.22295742961221499,ridge::D_B_M_P_C_A_K,prevalence,ridge::D_B_P_A_K,0.011916375111417188,0.03538379144012527,0.015146467450576684
ridge|history_unavailable|budget=08,ridge,history_unavailable,8,D_B_A,ridge::D_B_A,False,6,0.6545563941969289,all,1520,853,0.5611842105263158,0.721027341285142,0.25554711388593504,0.5598091927072806,0.5741083368886817,0.15287533034882347,0.22295742961221499,ridge::D_B_M_P_C_A_K,prevalence,ridge::D_B_P_A_K,0.011916375111417188,0.03538379144012527,0.015146467450576684
ridge|history_unavailable|budget=09,ridge,history_unavailable,9,D_B_A,ridge::D_B_A,False,6,0.6545563941969289,all,1520,853,0.5611842105263158,0.721027341285142,0.25554711388593504,0.5598091927072806,0.5741083368886817,0.15287533034882347,0.22295742961221499,ridge::D_B_M_P_C_A_K,prevalence,ridge::D_B_P_A_K,0.011916375111417188,0.03538379144012527,0.015146467450576684
ridge|history_unavailable|budget=10,ridge,history_unavailable,10,D_B_A,ridge::D_B_A,False,6,0.6545563941969289,all,1520,853,0.5611842105263158,0.721027341285142,0.25554711388593504,0.5598091927072806,0.5741083368886817,0.15287533034882347,0.22295742961221499,ridge::D_B_M_P_C_A_K,prevalence,ridge::D_B_P_A_K,0.011916375111417188,0.03538379144012527,0.015146467450576684
ridge|history_unavailable|budget=11,ridge,history_unavailable,11,D_B_A,ridge::D_B_A,False,6,0.6545563941969289,all,1520,853,0.5611842105263158,0.721027341285142,0.25554711388593504,0.5598091927072806,0.5741083368886817,0.15287533034882347,0.22295742961221499,ridge::D_B_M_P_C_A_K,prevalence,ridge::D_B_P_A_K,0.011916375111417188,0.03538379144012527,0.015146467450576684
ridge|history_unavailable|budget=12,ridge,history_unavailable,12,D_B_A,ridge::D_B_A,False,6,0.6545563941969289,all,1520,853,0.5611842105263158,0.721027341285142,0.25554711388593504,0.5598091927072806,0.5741083368886817,0.15287533034882347,0.22295742961221499,ridge::D_B_M_P_C_A_K,prevalence,ridge::D_B_P_A_K,0.011916375111417188,0.03538379144012527,0.015146467450576684
ridge|history_unavailable|budget=13,ridge,history_unavailable,13,D_B_A,ridge::D_B_A,False,6,0.6545563941969289,all,1520,853,0.5611842105263158,0.721027341285142,0.25554711388593504,0.5598091927072806,0.5741083368886817,0.15287533034882347,0.22295742961221499,ridge::D_B_M_P_C_A_K,prevalence,ridge::D_B_P_A_K,0.011916375111417188,0.03538379144012527,0.015146467450576684
ridge|history_unavailable|budget=14,ridge,history_unavailable,14,D_B_A,ridge::D_B_A,False,6,0.6545563941969289,all,1520,853,0.5611842105263158,0.721027341285142,0.25554711388593504,0.5598091927072806,0.5741083368886817,0.15287533034882347,0.22295742961221499,ridge::D_B_M_P_C_A_K,prevalence,ridge::D_B_P_A_K,0.011916375111417188,0.03538379144012527,0.015146467450576684
ridge|history_unavailable|budget=15,ridge,history_unavailable,15,D_K,ridge::D_K,False,15,0.6534616584557627,all,1520,853,0.5611842105263158,0.6893716825384361,0.2452977720171479,0.5964687644454443,0.6292062787495348,0.1371528921870726,0.44825176079993473,ridge::D_B_M_P_C_A_K,prevalence,ridge::D_B_P_A_K,-0.019739283635288762,0.003728132693419317,-0.016509191296129266
ridge|history_unavailable|budget=16,ridge,history_unavailable,16,D_A_K,ridge::D_A_K,False,16,0.6495521869548352,all,1520,853,0.5611842105263158,0.7100384276318275,0.252096572201968,0.5793099933034654,0.6070750491343417,0.13263280545300526,0.313257749337922,ridge::D_B_M_P_C_A_K,prevalence,ridge::D_B_P_A_K,0.0009274614581026297,0.02439487778681071,0.004157553797262126
ridge|history_unavailable|budget=17,ridge,history_unavailable,17,D_B_A_K,ridge::D_B_A_K,False,17,0.6465315444142528,all,1520,853,0.5611842105263158,0.7018587040038085,0.24778524566006993,0.5954537385469048,0.6139730940455793,0.10923762715360451,0.37552022211224595,ridge::D_B_M_P_C_A_K,prevalence,ridge::D_B_P_A_K,-0.007252262169916368,0.01621515415879171,-0.004022169830756872
ridge|history_unavailable|budget=18,ridge,history_unavailable,18,D_B_A_K,ridge::D_B_A_K,False,17,0.6465315444142528,all,1520,853,0.5611842105263158,0.7018587040038085,0.24778524566006993,0.5954537385469048,0.6139730940455793,0.10923762715360451,0.37552022211224595,ridge::D_B_M_P_C_A_K,prevalence,ridge::D_B_P_A_K,-0.007252262169916368,0.01621515415879171,-0.004022169830756872
ridge|history_unavailable|budget=19,ridge,history_unavailable,19,D_B_A_K,ridge::D_B_A_K,False,17,0.6465315444142528,all,1520,853,0.5611842105263158,0.7018587040038085,0.24778524566006993,0.5954537385469048,0.6139730940455793,0.10923762715360451,0.37552022211224595,ridge::D_B_M_P_C_A_K,prevalence,ridge::D_B_P_A_K,-0.007252262169916368,0.01621515415879171,-0.004022169830756872
ridge|history_unavailable|budget=20,ridge,history_unavailable,20,D_B_A_K,ridge::D_B_A_K,False,17,0.6465315444142528,all,1520,853,0.5611842105263158,0.7018587040038085,0.24778524566006993,0.5954537385469048,0.6139730940455793,0.10923762715360451,0.37552022211224595,ridge::D_B_M_P_C_A_K,prevalence,ridge::D_B_P_A_K,-0.007252262169916368,0.01621515415879171,-0.004022169830756872
ridge|history_unavailable|budget=21,ridge,history_unavailable,21,D_B_A_K,ridge::D_B_A_K,False,17,0.6465315444142528,all,1520,853,0.5611842105263158,0.7018587040038085,0.24778524566006993,0.5954537385469048,0.6139730940455793,0.10923762715360451,0.37552022211224595,ridge::D_B_M_P_C_A_K,prevalence,ridge::D_B_P_A_K,-0.007252262169916368,0.01621515415879171,-0.004022169830756872
ridge|history_unavailable|budget=22,ridge,history_unavailable,22,D_B_A_K,ridge::D_B_A_K,False,17,0.6465315444142528,all,1520,853,0.5611842105263158,0.7018587040038085,0.24778524566006993,0.5954537385469048,0.6139730940455793,0.10923762715360451,0.37552022211224595,ridge::D_B_M_P_C_A_K,prevalence,ridge::D_B_P_A_K,-0.007252262169916368,0.01621515415879171,-0.004022169830756872
ridge|history_unavailable|budget=23,ridge,history_unavailable,23,D_B_A_K,ridge::D_B_A_K,False,17,0.6465315444142528,all,1520,853,0.5611842105263158,0.7018587040038085,0.24778524566006993,0.5954537385469048,0.6139730940455793,0.10923762715360451,0.37552022211224595,ridge::D_B_M_P_C_A_K,prevalence,ridge::D_B_P_A_K,-0.007252262169916368,0.01621515415879171,-0.004022169830756872
ridge|history_unavailable|budget=24,ridge,history_unavailable,24,D_B_A_K,ridge::D_B_A_K,False,17,0.6465315444142528,all,1520,853,0.5611842105263158,0.7018587040038085,0.24778524566006993,0.5954537385469048,0.6139730940455793,0.10923762715360451,0.37552022211224595,ridge::D_B_M_P_C_A_K,prevalence,ridge::D_B_P_A_K,-0.007252262169916368,0.01621515415879171,-0.004022169830756872
ridge|history_unavailable|budget=25,ridge,history_unavailable,25,D_B_A_K,ridge::D_B_A_K,False,17,0.6465315444142528,all,1520,853,0.5611842105263158,0.7018587040038085,0.24778524566006993,0.5954537385469048,0.6139730940455793,0.10923762715360451,0.37552022211224595,ridge::D_B_M_P_C_A_K,prevalence,ridge::D_B_P_A_K,-0.007252262169916368,0.01621515415879171,-0.004022169830756872
ridge|history_unavailable|budget=26,ridge,history_unavailable,26,D_B_A_K,ridge::D_B_A_K,False,17,0.6465315444142528,all,1520,853,0.5611842105263158,0.7018587040038085,0.24778524566006993,0.5954537385469048,0.6139730940455793,0.10923762715360451,0.37552022211224595,ridge::D_B_M_P_C_A_K,prevalence,ridge::D_B_P_A_K,-0.007252262169916368,0.01621515415879171,-0.004022169830756872
ridge|history_unavailable|budget=27,ridge,history_unavailable,27,D_B_A_K,ridge::D_B_A_K,False,17,0.6465315444142528,all,1520,853,0.5611842105263158,0.7018587040038085,0.24778524566006993,0.5954537385469048,0.6139730940455793,0.10923762715360451,0.37552022211224595,ridge::D_B_M_P_C_A_K,prevalence,ridge::D_B_P_A_K,-0.007252262169916368,0.01621515415879171,-0.004022169830756872
ridge|history_unavailable|budget=28,ridge,history_unavailable,28,D_B_P_A_K,ridge::D_B_P_A_K,False,28,0.645554504910448,all,1520,853,0.5611842105263158,0.7058808738345653,0.24994794047464883,0.5899453555754363,0.6161062617778498,0.1248610418629192,0.34969402463492266,ridge::D_B_M_P_C_A_K,prevalence,ridge::D_B_P_A_K,-0.003230092339159496,0.020237323989548583,0.0
ridge|history_unavailable|budget=29,ridge,history_unavailable,29,D_B_P_A_K,ridge::D_B_P_A_K,False,28,0.645554504910448,all,1520,853,0.5611842105263158,0.7058808738345653,0.24994794047464883,0.5899453555754363,0.6161062617778498,0.1248610418629192,0.34969402463492266,ridge::D_B_M_P_C_A_K,prevalence,ridge::D_B_P_A_K,-0.003230092339159496,0.020237323989548583,0.0
ridge|history_unavailable|budget=30,ridge,history_unavailable,30,D_B_P_A_K,ridge::D_B_P_A_K,False,28,0.645554504910448,all,1520,853,0.5611842105263158,0.7058808738345653,0.24994794047464883,0.5899453555754363,0.6161062617778498,0.1248610418629192,0.34969402463492266,ridge::D_B_M_P_C_A_K,prevalence,ridge::D_B_P_A_K,-0.003230092339159496,0.020237323989548583,0.0
hgb|history_available|budget=00,hgb,history_available,0,H,hgb::H,True,0,0.6620826133717034,all,1520,853,0.5611842105263158,0.6606404546592651,0.2339346493805511,0.6069046367789143,0.6211904240601227,-0.0811179968483887,1.084395362146343,hgb::H_D_B_M_P_C_A_K,P0,hgb::H_D_M_P_C_A_K,-0.009985737583636967,1.583604955357476e-05,-0.019828053203663987
hgb|history_available|budget=01,hgb,history_available,1,H_B,hgb::H_B,True,1,0.656149609502737,all,1520,853,0.5611842105263158,0.6568702773889398,0.23214007317496338,0.6239403744786458,0.6341535533299149,-0.06393425303776036,1.0144943686537435,hgb::H_D_B_M_P_C_A_K,P0,hgb::H_D_M_P_C_A_K,-0.013755914853962325,-0.003754341220771784,-0.023598230473989346
hgb|history_available|budget=02,hgb,history_available,2,H_B_M,hgb::H_B_M,True,2,0.6526472365345142,all,1520,853,0.5611842105263158,0.6640167344252859,0.23537606846223047,0.5928375202785477,0.6202880533657253,-0.023719370843862005,0.8370545009924377,hgb::H_D_B_M_P_C_A_K,P0,hgb::H_D_M_P_C_A_K,-0.006609457817616238,0.0033921158155743036,-0.016451773437643258
hgb|history_available|budget=03,hgb,history_available,3,H_B_M_A,hgb::H_B_M_A,True,3,0.6499456254601639,all,1520,853,0.5611842105263158,0.7235395745933321,0.24925297325866982,0.5819815766208337,0.5859780978289865,0.13166799639612314,0.24595023256477044,hgb::H_D_B_M_P_C_A_K,P0,hgb::H_D_M_P_C_A_K,0.05291338235042997,0.06291495598362051,0.04307106673040295
hgb|history_available|budget=04,hgb,history_available,4,H_D,hgb::H_D,True,4,0.6440872421067338,all,1520,853,0.5611842105263158,0.678946040590467,0.24067778051406727,0.6059449759293858,0.6147655179549928,0.0753915937157538,0.5530972018618944,hgb::H_D_B_M_P_C_A_K,P0,hgb::H_D_M_P_C_A_K,0.00831984834756494,0.01832142198075548,-0.0015224672724620802
hgb|history_available|budget=05,hgb,history_available,5,H_D_M,hgb::H_D_M,True,5,0.6378678578039242,all,1520,853,0.5611842105263158,0.6748177527282346,0.2390383847551827,0.6170048035771094,0.629365672009744,0.060265667511235306,0.5904491978062353,hgb::H_D_B_M_P_C_A_K,P0,hgb::H_D_M_P_C_A_K,0.004191560485332535,0.014193134118523076,-0.005650755134694485
hgb|history_available|budget=06,hgb,history_available,6,H_D_M_A,hgb::H_D_M_A,True,6,0.6353580028168152,all,1520,853,0.5611842105263158,0.712369652396558,0.2506018133102561,0.5921423813298509,0.5899289983646403,0.11042828177531444,0.3229145849878335,hgb::H_D_B_M_P_C_A_K,P0,hgb::H_D_M_P_C_A_K,0.04174346015365593,0.05174503378684647,0.03190114453362891
hgb|history_available|budget=07,hgb,history_available,7,H_D_M_C_A,hgb::H_D_M_C_A,True,7,0.6332706689577972,all,1520,853,0.5611842105263158,0.7095091099137313,0.2496942673935083,0.591916527082297,0.5839834645274528,0.11023718342907418,0.3352441240105277,hgb::H_D_B_M_P_C_A_K,P0,hgb::H_D_M_P_C_A_K,0.03888291767082919,0.04888449130401973,0.029040602050802167
hgb|history_available|budget=08,hgb,history_available,8,H_D_B_M_C_A,hgb::H_D_B_M_C_A,True,8,0.6314904390595096,all,1520,853,0.5611842105263158,0.7023321544326471,0.2474330469193881,0.5938850621582527,0.5906384405914374,0.08985931024671474,0.38307192411838764,hgb::H_D_B_M_P_C_A_K,P0,hgb::H_D_M_P_C_A_K,0.031705962189744974,0.041707535822935515,0.021863646569717954
hgb|history_available|budget=09,hgb,history_available,9,H_D_B_M_C_A,hgb::H_D_B_M_C_A,True,8,0.6314904390595096,all,1520,853,0.5611842105263158,0.7023321544326471,0.2474330469193881,0.5938850621582527,0.5906384405914374,0.08985931024671474,0.38307192411838764,hgb::H_D_B_M_P_C_A_K,P0,hgb::H_D_M_P_C_A_K,0.031705962189744974,0.041707535822935515,0.021863646569717954
hgb|history_available|budget=10,hgb,history_available,10,H_D_B_M_C_A,hgb::H_D_B_M_C_A,True,8,0.6314904390595096,all,1520,853,0.5611842105263158,0.7023321544326471,0.2474330469193881,0.5938850621582527,0.5906384405914374,0.08985931024671474,0.38307192411838764,hgb::H_D_B_M_P_C_A_K,P0,hgb::H_D_M_P_C_A_K,0.031705962189744974,0.041707535822935515,0.021863646569717954
hgb|history_available|budget=11,hgb,history_available,11,H_D_B_M_C_A,hgb::H_D_B_M_C_A,True,8,0.6314904390595096,all,1520,853,0.5611842105263158,0.7023321544326471,0.2474330469193881,0.5938850621582527,0.5906384405914374,0.08985931024671474,0.38307192411838764,hgb::H_D_B_M_P_C_A_K,P0,hgb::H_D_M_P_C_A_K,0.031705962189744974,0.041707535822935515,0.021863646569717954
hgb|history_available|budget=12,hgb,history_available,12,H_D_B_M_C_A,hgb::H_D_B_M_C_A,True,8,0.6314904390595096,all,1520,853,0.5611842105263158,0.7023321544326471,0.2474330469193881,0.5938850621582527,0.5906384405914374,0.08985931024671474,0.38307192411838764,hgb::H_D_B_M_P_C_A_K,P0,hgb::H_D_M_P_C_A_K,0.031705962189744974,0.041707535822935515,0.021863646569717954
hgb|history_available|budget=13,hgb,history_available,13,H_D_B_M_C_A,hgb::H_D_B_M_C_A,True,8,0.6314904390595096,all,1520,853,0.5611842105263158,0.7023321544326471,0.2474330469193881,0.5938850621582527,0.5906384405914374,0.08985931024671474,0.38307192411838764,hgb::H_D_B_M_P_C_A_K,P0,hgb::H_D_M_P_C_A_K,0.031705962189744974,0.041707535822935515,0.021863646569717954
hgb|history_available|budget=14,hgb,history_available,14,H_D_B_M_C_A,hgb::H_D_B_M_C_A,True,8,0.6314904390595096,all,1520,853,0.5611842105263158,0.7023321544326471,0.2474330469193881,0.5938850621582527,0.5906384405914374,0.08985931024671474,0.38307192411838764,hgb::H_D_B_M_P_C_A_K,P0,hgb::H_D_M_P_C_A_K,0.031705962189744974,0.041707535822935515,0.021863646569717954
hgb|history_available|budget=15,hgb,history_available,15,H_D_P,hgb::H_D_P,True,15,0.6284341422186445,all,1520,853,0.5611842105263158,0.6825493667969228,0.2427845928414737,0.6084074023949338,0.6276596148261616,0.09973420806225891,0.5177890550959312,hgb::H_D_B_M_P_C_A_K,P0,hgb::H_D_M_P_C_A_K,0.011923174554020699,0.02192474818721124,0.002080858933993679
hgb|history_available|budget=16,hgb,history_available,16,H_D_M_P,hgb::H_D_M_P,True,16,0.6263444622412933,all,1520,853,0.5611842105263158,0.6773237255779168,0.24028473018400187,0.6153860350012568,0.6291050931861693,0.0822115092224648,0.5643301330286763,hgb::H_D_B_M_P_C_A_K,P0,hgb::H_D_M_P_C_A_K,0.00669753333501466,0.016699106968205202,-0.0031447822850123597
hgb|history_available|budget=17,hgb,history_available,17,H_D_M_P_A,hgb::H_D_M_P_A,True,17,0.6241806893132597,all,1520,853,0.5611842105263158,0.7027754309756401,0.24911187644552246,0.5899471131960398,0.5963112443613977,0.11089343392822637,0.367747889865887,hgb::H_D_B_M_P_C_A_K,P0,hgb::H_D_M_P_C_A_K,0.032149238732738006,0.04215081236592855,0.022306923112710986
hgb|history_available|budget=18,hgb,history_available,18,H_D_M_P_A,hgb::H_D_M_P_A,True,17,0.6241806893132597,all,1520,853,0.5611842105263158,0.7027754309756401,0.24911187644552246,0.5899471131960398,0.5963112443613977,0.11089343392822637,0.367747889865887,hgb::H_D_B_M_P_C_A_K,P0,hgb::H_D_M_P_C_A_K,0.032149238732738006,0.04215081236592855,0.022306923112710986
hgb|history_available|budget=19,hgb,history_available,19,H_D_M_P_A,hgb::H_D_M_P_A,True,17,0.6241806893132597,all,1520,853,0.5611842105263158,0.7027754309756401,0.24911187644552246,0.5899471131960398,0.5963112443613977,0.11089343392822637,0.367747889865887,hgb::H_D_B_M_P_C_A_K,P0,hgb::H_D_M_P_C_A_K,0.032149238732738006,0.04215081236592855,0.022306923112710986
hgb|history_available|budget=20,hgb,history_available,20,H_D_M_P_A,hgb::H_D_M_P_A,True,17,0.6241806893132597,all,1520,853,0.5611842105263158,0.7027754309756401,0.24911187644552246,0.5899471131960398,0.5963112443613977,0.11089343392822637,0.367747889865887,hgb::H_D_B_M_P_C_A_K,P0,hgb::H_D_M_P_C_A_K,0.032149238732738006,0.04215081236592855,0.022306923112710986
hgb|history_available|budget=21,hgb,history_available,21,H_D_M_P_A,hgb::H_D_M_P_A,True,17,0.6241806893132597,all,1520,853,0.5611842105263158,0.7027754309756401,0.24911187644552246,0.5899471131960398,0.5963112443613977,0.11089343392822637,0.367747889865887,hgb::H_D_B_M_P_C_A_K,P0,hgb::H_D_M_P_C_A_K,0.032149238732738006,0.04215081236592855,0.022306923112710986
hgb|history_available|budget=22,hgb,history_available,22,H_D_M_P_A,hgb::H_D_M_P_A,True,17,0.6241806893132597,all,1520,853,0.5611842105263158,0.7027754309756401,0.24911187644552246,0.5899471131960398,0.5963112443613977,0.11089343392822637,0.367747889865887,hgb::H_D_B_M_P_C_A_K,P0,hgb::H_D_M_P_C_A_K,0.032149238732738006,0.04215081236592855,0.022306923112710986
hgb|history_available|budget=23,hgb,history_available,23,H_D_M_P_A,hgb::H_D_M_P_A,True,17,0.6241806893132597,all,1520,853,0.5611842105263158,0.7027754309756401,0.24911187644552246,0.5899471131960398,0.5963112443613977,0.11089343392822637,0.367747889865887,hgb::H_D_B_M_P_C_A_K,P0,hgb::H_D_M_P_C_A_K,0.032149238732738006,0.04215081236592855,0.022306923112710986
hgb|history_available|budget=24,hgb,history_available,24,H_D_M_P_A,hgb::H_D_M_P_A,True,17,0.6241806893132597,all,1520,853,0.5611842105263158,0.7027754309756401,0.24911187644552246,0.5899471131960398,0.5963112443613977,0.11089343392822637,0.367747889865887,hgb::H_D_B_M_P_C_A_K,P0,hgb::H_D_M_P_C_A_K,0.032149238732738006,0.04215081236592855,0.022306923112710986
hgb|history_available|budget=25,hgb,history_available,25,H_D_M_P_A,hgb::H_D_M_P_A,True,17,0.6241806893132597,all,1520,853,0.5611842105263158,0.7027754309756401,0.24911187644552246,0.5899471131960398,0.5963112443613977,0.11089343392822637,0.367747889865887,hgb::H_D_B_M_P_C_A_K,P0,hgb::H_D_M_P_C_A_K,0.032149238732738006,0.04215081236592855,0.022306923112710986
hgb|history_available|budget=26,hgb,history_available,26,H_D_M_P_A,hgb::H_D_M_P_A,True,17,0.6241806893132597,all,1520,853,0.5611842105263158,0.7027754309756401,0.24911187644552246,0.5899471131960398,0.5963112443613977,0.11089343392822637,0.367747889865887,hgb::H_D_B_M_P_C_A_K,P0,hgb::H_D_M_P_C_A_K,0.032149238732738006,0.04215081236592855,0.022306923112710986
hgb|history_available|budget=27,hgb,history_available,27,H_D_M_P_A,hgb::H_D_M_P_A,True,17,0.6241806893132597,all,1520,853,0.5611842105263158,0.7027754309756401,0.24911187644552246,0.5899471131960398,0.5963112443613977,0.11089343392822637,0.367747889865887,hgb::H_D_B_M_P_C_A_K,P0,hgb::H_D_M_P_C_A_K,0.032149238732738006,0.04215081236592855,0.022306923112710986
hgb|history_available|budget=28,hgb,history_available,28,H_D_M_P_C_K,hgb::H_D_M_P_C_K,True,28,0.6221157681523305,all,1520,853,0.5611842105263158,0.6604056435202801,0.2336389001373965,0.6409506266796262,0.681814628244052,0.06917466167947978,0.7364053636768806,hgb::H_D_B_M_P_C_A_K,P0,hgb::H_D_M_P_C_A_K,-0.010220548722622014,-0.00021897508943147237,-0.020062864342649034
hgb|history_available|budget=29,hgb,history_available,29,H_D_M_P_C_A_K,hgb::H_D_M_P_C_A_K,True,29,0.620817620210149,all,1520,853,0.5611842105263158,0.6804685078629291,0.24124649457925287,0.6135299876439272,0.6329191388382875,0.07093716234616299,0.5341421881465279,hgb::H_D_B_M_P_C_A_K,P0,hgb::H_D_M_P_C_A_K,0.00984231562002702,0.01984388925321756,0.0
hgb|history_available|budget=30,hgb,history_available,30,H_D_M_P_C_A_K,hgb::H_D_M_P_C_A_K,True,29,0.620817620210149,all,1520,853,0.5611842105263158,0.6804685078629291,0.24124649457925287,0.6135299876439272,0.6329191388382875,0.07093716234616299,0.5341421881465279,hgb::H_D_B_M_P_C_A_K,P0,hgb::H_D_M_P_C_A_K,0.00984231562002702,0.01984388925321756,0.0
hgb|history_unavailable|budget=00,hgb,history_unavailable,0,NONE,hgb::NONE,False,0,0.6853643289188563,all,1520,853,0.5611842105263158,0.6856435498450167,0.24625756690847586,0.5,0.5611842105263158,,,hgb::D_B_M_P_C_A_K,prevalence,hgb::D_M_P_C_A_K,-0.027161753732361515,0.0,-0.03715803008058105
hgb|history_unavailable|budget=01,hgb,history_unavailable,1,B,hgb::B,False,1,0.6760966845523163,all,1520,853,0.5611842105263158,0.6818963925562068,0.24438463309810907,0.5628648161265205,0.5956103880310231,0.06484168204439124,0.6722019939140648,hgb::D_B_M_P_C_A_K,prevalence,hgb::D_M_P_C_A_K,-0.030908911021171437,-0.0037471572888099214,-0.04090518736939097
hgb|history_unavailable|budget=02,hgb,history_unavailable,2,B_A,hgb::B_A,False,2,0.6710019459030957,all,1520,853,0.5611842105263158,0.6874268219693076,0.24663678251608295,0.556001307669729,0.5900967902660735,0.052858664971874754,0.5041277987173353,hgb::D_B_M_P_C_A_K,prevalence,hgb::D_M_P_C_A_K,-0.025378481608070658,0.0017832721242908578,-0.03537475795629019
hgb|history_unavailable|budget=03,hgb,history_unavailable,3,B_M_A,hgb::B_M_A,False,3,0.6681826337714976,all,1520,853,0.5611842105263158,0.7027061394352583,0.25163572453539035,0.5653993050368133,0.5806579772875571,0.15889570175760592,0.22059818246576143,hgb::D_B_M_P_C_A_K,prevalence,hgb::D_M_P_C_A_K,-0.010099164142119976,0.01706258959024154,-0.02009544049033951
hgb|history_unavailable|budget=04,hgb,history_unavailable,4,D,hgb::D,False,4,0.6641680792622449,all,1520,853,0.5611842105263158,0.7155203709602128,0.2556306860152753,0.5405078820495965,0.5743955177580684,0.2060226187862699,0.13335914191494674,hgb::D_B_M_P_C_A_K,prevalence,hgb::D_M_P_C_A_K,0.0027150673828345573,0.029876821115196073,-0.007281208965384978
hgb|history_unavailable|budget=05,hgb,history_unavailable,5,D_C,hgb::D_C,False,5,0.6579254494910797,all,1520,853,0.5611842105263158,0.709024164502359,0.2527537314611031,0.5525730686825403,0.5791211092595161,0.18681914207348777,0.20620942090228794,hgb::D_B_M_P_C_A_K,prevalence,hgb::D_M_P_C_A_K,-0.003781139075019313,0.023380614657342202,-0.013777415423238848
hgb|history_unavailable|budget=06,hgb,history_unavailable,6,D_B_C,hgb::D_B_C,False,6,0.6529262330125998,all,1520,853,0.5611842105263158,0.7097634197543591,0.2523562604732708,0.5629087566416089,0.5812318559617446,0.17141173120107958,0.23278566662779948,hgb::D_B_M_P_C_A_K,prevalence,hgb::D_M_P_C_A_K,-0.003041883823019176,0.02411986990934234,-0.01303816017123871
hgb|history_unavailable|budget=07,hgb,history_unavailable,7,D_M_C_A,hgb::D_M_C_A,False,7,0.650369538146649,all,1520,853,0.5611842105263158,0.7422967027812452,0.26362909261690054,0.5411335949844539,0.5570790934309582,0.2276604500128925,0.043970542213299726,hgb::D_B_M_P_C_A_K,prevalence,hgb::D_M_P_C_A_K,0.029491399203866897,0.05665315293622841,0.019495122855647362
hgb|history_unavailable|budget=08,hgb,history_unavailable,8,D_B_M_C_A,hgb::D_B_M_C_A,False,8,0.6485929332417237,all,1520,853,0.5611842105263158,0.7389412284305829,0.26222493174171246,0.5458150174619607,0.5585632994154737,0.20584461397197118,0.08973201632675346,hgb::D_B_M_P_C_A_K,prevalence,hgb::D_M_P_C_A_K,0.026135924853204595,0.05329767858556611,0.01613964850498506
hgb|history_unavailable|budget=09,hgb,history_unavailable,9,D_B_M_C_A,hgb::D_B_M_C_A,False,8,0.6485929332417237,all,1520,853,0.5611842105263158,0.7389412284305829,0.26222493174171246,0.5458150174619607,0.5585632994154737,0.20584461397197118,0.08973201632675346,hgb::D_B_M_P_C_A_K,prevalence,hgb::D_M_P_C_A_K,0.026135924853204595,0.05329767858556611,0.01613964850498506
hgb|history_unavailable|budget=10,hgb,history_unavailable,10,D_B_M_C_A,hgb::D_B_M_C_A,False,8,0.6485929332417237,all,1520,853,0.5611842105263158,0.7389412284305829,0.26222493174171246,0.5458150174619607,0.5585632994154737,0.20584461397197118,0.08973201632675346,hgb::D_B_M_P_C_A_K,prevalence,hgb::D_M_P_C_A_K,0.026135924853204595,0.05329767858556611,0.01613964850498506
hgb|history_unavailable|budget=11,hgb,history_unavailable,11,D_B_M_C_A,hgb::D_B_M_C_A,False,8,0.6485929332417237,all,1520,853,0.5611842105263158,0.7389412284305829,0.26222493174171246,0.5458150174619607,0.5585632994154737,0.20584461397197118,0.08973201632675346,hgb::D_B_M_P_C_A_K,prevalence,hgb::D_M_P_C_A_K,0.026135924853204595,0.05329767858556611,0.01613964850498506
hgb|history_unavailable|budget=12,hgb,history_unavailable,12,D_B_M_C_A,hgb::D_B_M_C_A,False,8,0.6485929332417237,all,1520,853,0.5611842105263158,0.7389412284305829,0.26222493174171246,0.5458150174619607,0.5585632994154737,0.20584461397197118,0.08973201632675346,hgb::D_B_M_P_C_A_K,prevalence,hgb::D_M_P_C_A_K,0.026135924853204595,0.05329767858556611,0.01613964850498506
hgb|history_unavailable|budget=13,hgb,history_unavailable,13,D_B_M_C_A,hgb::D_B_M_C_A,False,8,0.6485929332417237,all,1520,853,0.5611842105263158,0.7389412284305829,0.26222493174171246,0.5458150174619607,0.5585632994154737,0.20584461397197118,0.08973201632675346,hgb::D_B_M_P_C_A_K,prevalence,hgb::D_M_P_C_A_K,0.026135924853204595,0.05329767858556611,0.01613964850498506
hgb|history_unavailable|budget=14,hgb,history_unavailable,14,D_B_M_C_A,hgb::D_B_M_C_A,False,8,0.6485929332417237,all,1520,853,0.5611842105263158,0.7389412284305829,0.26222493174171246,0.5458150174619607,0.5585632994154737,0.20584461397197118,0.08973201632675346,hgb::D_B_M_P_C_A_K,prevalence,hgb::D_M_P_C_A_K,0.026135924853204595,0.05329767858556611,0.01613964850498506
hgb|history_unavailable|budget=15,hgb,history_unavailable,15,D_P,hgb::D_P,False,15,0.6465103724542357,all,1520,853,0.5611842105263158,0.7222473048973507,0.25925720667057034,0.5461691780135723,0.5843592608337662,0.20810867206375958,0.13654637466635944,hgb::D_B_M_P_C_A_K,prevalence,hgb::D_M_P_C_A_K,0.009442001319972415,0.03660375505233393,-0.0005542750282471198
hgb|history_unavailable|budget=16,hgb,history_unavailable,16,D_P_C,hgb::D_P_C,False,16,0.6441902261965382,all,1520,853,0.5611842105263158,0.7194386989251496,0.2581261189632415,0.5480225889399966,0.583791246278796,0.20406810115189378,0.15375594868818826,hgb::D_B_M_P_C_A_K,prevalence,hgb::D_M_P_C_A_K,0.006633395347771298,0.033795149080132814,-0.003362881000448237
hgb|history_unavailable|budget=17,hgb,history_unavailable,17,D_M_P_A,hgb::D_M_P_A,False,17,0.640925623536283,all,1520,853,0.5611842105263158,0.7357820447890608,0.26402792148630333,0.5312056750054047,0.5652184300682268,0.22046798194895273,0.0707950935319827,hgb::D_B_M_P_C_A_K,prevalence,hgb::D_M_P_C_A_K,0.022976741211682583,0.0501384949440441,0.012980464863463048
hgb|history_unavailable|budget=18,hgb,history_unavailable,18,D_M_P_C_A,hgb::D_M_P_C_A,False,18,0.6379512231708448,all,1520,853,0.5611842105263158,0.7379074877029027,0.2647155583797594,0.5283249348362161,0.5621736110285432,0.2260638751005567,0.054063772728899645,hgb::D_B_M_P_C_A_K,prevalence,hgb::D_M_P_C_A_K,0.02510218412552445,0.05226393785788597,0.015105907777304917
hgb|history_unavailable|budget=19,hgb,history_unavailable,19,D_M_P_C_A,hgb::D_M_P_C_A,False,18,0.6379512231708448,all,1520,853,0.5611842105263158,0.7379074877029027,0.2647155583797594,0.5283249348362161,0.5621736110285432,0.2260638751005567,0.054063772728899645,hgb::D_B_M_P_C_A_K,prevalence,hgb::D_M_P_C_A_K,0.02510218412552445,0.05226393785788597,0.015105907777304917
hgb|history_unavailable|budget=20,hgb,history_unavailable,20,D_M_P_C_A,hgb::D_M_P_C_A,False,18,0.6379512231708448,all,1520,853,0.5611842105263158,0.7379074877029027,0.2647155583797594,0.5283249348362161,0.5621736110285432,0.2260638751005567,0.054063772728899645,hgb::D_B_M_P_C_A_K,prevalence,hgb::D_M_P_C_A_K,0.02510218412552445,0.05226393785788597,0.015105907777304917
hgb|history_unavailable|budget=21,hgb,history_unavailable,21,D_M_P_C_A,hgb::D_M_P_C_A,False,18,0.6379512231708448,all,1520,853,0.5611842105263158,0.7379074877029027,0.2647155583797594,0.5283249348362161,0.5621736110285432,0.2260638751005567,0.054063772728899645,hgb::D_B_M_P_C_A_K,prevalence,hgb::D_M_P_C_A_K,0.02510218412552445,0.05226393785788597,0.015105907777304917
hgb|history_unavailable|budget=22,hgb,history_unavailable,22,D_M_P_C_A,hgb::D_M_P_C_A,False,18,0.6379512231708448,all,1520,853,0.5611842105263158,0.7379074877029027,0.2647155583797594,0.5283249348362161,0.5621736110285432,0.2260638751005567,0.054063772728899645,hgb::D_B_M_P_C_A_K,prevalence,hgb::D_M_P_C_A_K,0.02510218412552445,0.05226393785788597,0.015105907777304917
hgb|history_unavailable|budget=23,hgb,history_unavailable,23,D_M_P_C_A,hgb::D_M_P_C_A,False,18,0.6379512231708448,all,1520,853,0.5611842105263158,0.7379074877029027,0.2647155583797594,0.5283249348362161,0.5621736110285432,0.2260638751005567,0.054063772728899645,hgb::D_B_M_P_C_A_K,prevalence,hgb::D_M_P_C_A_K,0.02510218412552445,0.05226393785788597,0.015105907777304917
hgb|history_unavailable|budget=24,hgb,history_unavailable,24,D_M_P_C_A,hgb::D_M_P_C_A,False,18,0.6379512231708448,all,1520,853,0.5611842105263158,0.7379074877029027,0.2647155583797594,0.5283249348362161,0.5621736110285432,0.2260638751005567,0.054063772728899645,hgb::D_B_M_P_C_A_K,prevalence,hgb::D_M_P_C_A_K,0.02510218412552445,0.05226393785788597,0.015105907777304917
hgb|history_unavailable|budget=25,hgb,history_unavailable,25,D_M_P_C_A,hgb::D_M_P_C_A,False,18,0.6379512231708448,all,1520,853,0.5611842105263158,0.7379074877029027,0.2647155583797594,0.5283249348362161,0.5621736110285432,0.2260638751005567,0.054063772728899645,hgb::D_B_M_P_C_A_K,prevalence,hgb::D_M_P_C_A_K,0.02510218412552445,0.05226393785788597,0.015105907777304917
hgb|history_unavailable|budget=26,hgb,history_unavailable,26,D_M_P_C_A,hgb::D_M_P_C_A,False,18,0.6379512231708448,all,1520,853,0.5611842105263158,0.7379074877029027,0.2647155583797594,0.5283249348362161,0.5621736110285432,0.2260638751005567,0.054063772728899645,hgb::D_B_M_P_C_A_K,prevalence,hgb::D_M_P_C_A_K,0.02510218412552445,0.05226393785788597,0.015105907777304917
hgb|history_unavailable|budget=27,hgb,history_unavailable,27,D_P_C_K,hgb::D_P_C_K,False,27,0.6370776595795395,all,1520,853,0.5611842105263158,0.706591426297066,0.2531822068401457,0.5736091508759102,0.6251122430378915,0.18432821526403845,0.28795302750118545,hgb::D_B_M_P_C_A_K,prevalence,hgb::D_M_P_C_A_K,-0.006213877280312308,0.020947876452049208,-0.016210153628531843
hgb|history_unavailable|budget=28,hgb,history_unavailable,28,D_M_P_A_K,hgb::D_M_P_A_K,False,28,0.6344975802563864,all,1520,853,0.5611842105263158,0.7239912152580551,0.26071897451750714,0.5456278308676845,0.5929007320500432,0.19248591327369247,0.17071508650079978,hgb::D_B_M_P_C_A_K,prevalence,hgb::D_M_P_C_A_K,0.011185911680676841,0.038347665413038357,0.0011896353324573061
hgb|history_unavailable|budget=29,hgb,history_unavailable,29,D_M_P_C_A_K,hgb::D_M_P_C_A_K,False,29,0.6317969039258379,all,1520,853,0.5611842105263158,0.7228015799255978,0.2601222744294738,0.5482194424475921,0.5956288465679509,0.18986407716472575,0.17589164449264186,hgb::D_B_M_P_C_A_K,prevalence,hgb::D_M_P_C_A_K,0.009996276348219535,0.03715803008058105,0.0
hgb|history_unavailable|budget=30,hgb,history_unavailable,30,D_M_P_C_A_K,hgb::D_M_P_C_A_K,False,29,0.6317969039258379,all,1520,853,0.5611842105263158,0.7228015799255978,0.2601222744294738,0.5482194424475921,0.5956288465679509,0.18986407716472575,0.17589164449264186,hgb::D_B_M_P_C_A_K,prevalence,hgb::D_M_P_C_A_K,0.009996276348219535,0.03715803008058105,0.0
ridge|history_available|budget=00,ridge,history_available,0,P0,P0,True,0,0.6620828063230408,development_disjoint_id,879,471,0.5358361774744027,0.6792964560352486,0.2429983377977798,0.5816785312851256,0.5810244792658218,-0.11374721524927148,0.8310644602975442,ridge::H_D_B_M_P_C_A_K,P0,ridge::H_D_B_M_P_A_K,-0.06260187166830744,0.0,-0.06263981237066962
ridge|history_available|budget=01,ridge,history_available,1,H_B,ridge::H_B,True,1,0.6578158495921907,development_disjoint_id,879,471,0.5358361774744027,0.6754812548589502,0.2410629235091362,0.5978440739353066,0.5923299344429761,-0.11571218567040253,0.8305121983813483,ridge::H_D_B_M_P_C_A_K,P0,ridge::H_D_B_M_P_A_K,-0.06641707284460585,-0.0038152011762984106,-0.06645501354696803
ridge|history_available|budget=02,ridge,history_available,2,H_B_A,ridge::H_B_A,True,2,0.6557119973590803,development_disjoint_id,879,471,0.5358361774744027,0.6924867325232882,0.24781845293469115,0.5718173681362142,0.5633596120191661,-0.08130782206890785,0.5677445303038047,ridge::H_D_B_M_P_C_A_K,P0,ridge::H_D_B_M_P_A_K,-0.04941159518026783,0.01319027648803961,-0.049449535882630014
ridge|history_available|budget=03,ridge,history_available,3,H_B_A,ridge::H_B_A,True,2,0.6557119973590803,development_disjoint_id,879,471,0.5358361774744027,0.6924867325232882,0.24781845293469115,0.5718173681362142,0.5633596120191661,-0.08130782206890785,0.5677445303038047,ridge::H_D_B_M_P_C_A_K,P0,ridge::H_D_B_M_P_A_K,-0.04941159518026783,0.01319027648803961,-0.049449535882630014
ridge|history_available|budget=04,ridge,history_available,4,H_D,ridge::H_D,True,4,0.6396754472363618,development_disjoint_id,879,471,0.5358361774744027,0.7291761239224367,0.259439201358289,0.559887702427043,0.5558222218173108,0.06906673196293085,0.2288044461637454,ridge::H_D_B_M_P_C_A_K,P0,ridge::H_D_B_M_P_A_K,-0.012722203781119323,0.04987966788718812,-0.012760144483481506
ridge|history_available|budget=05,ridge,history_available,5,H_D_B,ridge::H_D_B,True,5,0.6379948075675399,development_disjoint_id,879,471,0.5358361774744027,0.7226237294922304,0.25671391030675567,0.5713152033637234,0.5647715918244537,0.05313846096231601,0.2816004752830271,ridge::H_D_B_M_P_C_A_K,P0,ridge::H_D_B_M_P_A_K,-0.0192745982113256,0.04332727345698184,-0.019312538913687782
ridge|history_available|budget=06,ridge,history_available,6,H_D_B_A,ridge::H_D_B_A,True,6,0.6362755316368176,development_disjoint_id,879,471,0.5358361774744027,0.7453577182068911,0.2628522641994703,0.5599605553474043,0.5422020248679726,0.06032474871773024,0.20373500314878726,ridge::H_D_B_M_P_C_A_K,P0,ridge::H_D_B_M_P_A_K,0.0034593905033351025,0.06606126217164254,0.00342144980097292
ridge|history_available|budget=07,ridge,history_available,7,H_D_B_M_A,ridge::H_D_B_M_A,True,7,0.6362310759849575,development_disjoint_id,879,471,0.5358361774744027,0.751337934008204,0.2653526333528357,0.553398588734857,0.5378000186318561,0.07130556669568557,0.17546051035721766,ridge::H_D_B_M_P_C_A_K,P0,ridge::H_D_B_M_P_A_K,0.009439606304648018,0.07204147797295546,0.009401665602285836
ridge|history_available|budget=08,ridge,history_available,8,H_D_B_M_A,ridge::H_D_B_M_A,True,7,0.6362310759849575,development_disjoint_id,879,471,0.5358361774744027,0.751337934008204,0.2653526333528357,0.553398588734857,0.5378000186318561,0.07130556669568557,0.17546051035721766,ridge::H_D_B_M_P_C_A_K,P0,ridge::H_D_B_M_P_A_K,0.009439606304648018,0.07204147797295546,0.009401665602285836
ridge|history_available|budget=09,ridge,history_available,9,H_D_B_M_A,ridge::H_D_B_M_A,True,7,0.6362310759849575,development_disjoint_id,879,471,0.5358361774744027,0.751337934008204,0.2653526333528357,0.553398588734857,0.5378000186318561,0.07130556669568557,0.17546051035721766,ridge::H_D_B_M_P_C_A_K,P0,ridge::H_D_B_M_P_A_K,0.009439606304648018,0.07204147797295546,0.009401665602285836
ridge|history_available|budget=10,ridge,history_available,10,H_D_B_M_A,ridge::H_D_B_M_A,True,7,0.6362310759849575,development_disjoint_id,879,471,0.5358361774744027,0.751337934008204,0.2653526333528357,0.553398588734857,0.5378000186318561,0.07130556669568557,0.17546051035721766,ridge::H_D_B_M_P_C_A_K,P0,ridge::H_D_B_M_P_A_K,0.009439606304648018,0.07204147797295546,0.009401665602285836
ridge|history_available|budget=11,ridge,history_available,11,H_D_B_M_A,ridge::H_D_B_M_A,True,7,0.6362310759849575,development_disjoint_id,879,471,0.5358361774744027,0.751337934008204,0.2653526333528357,0.553398588734857,0.5378000186318561,0.07130556669568557,0.17546051035721766,ridge::H_D_B_M_P_C_A_K,P0,ridge::H_D_B_M_P_A_K,0.009439606304648018,0.07204147797295546,0.009401665602285836
ridge|history_available|budget=12,ridge,history_available,12,H_D_B_M_A,ridge::H_D_B_M_A,True,7,0.6362310759849575,development_disjoint_id,879,471,0.5358361774744027,0.751337934008204,0.2653526333528357,0.553398588734857,0.5378000186318561,0.07130556669568557,0.17546051035721766,ridge::H_D_B_M_P_C_A_K,P0,ridge::H_D_B_M_P_A_K,0.009439606304648018,0.07204147797295546,0.009401665602285836
ridge|history_available|budget=13,ridge,history_available,13,H_D_B_M_A,ridge::H_D_B_M_A,True,7,0.6362310759849575,development_disjoint_id,879,471,0.5358361774744027,0.751337934008204,0.2653526333528357,0.553398588734857,0.5378000186318561,0.07130556669568557,0.17546051035721766,ridge::H_D_B_M_P_C_A_K,P0,ridge::H_D_B_M_P_A_K,0.009439606304648018,0.07204147797295546,0.009401665602285836
ridge|history_available|budget=14,ridge,history_available,14,H_D_B_M_A,ridge::H_D_B_M_A,True,7,0.6362310759849575,development_disjoint_id,879,471,0.5358361774744027,0.751337934008204,0.2653526333528357,0.553398588734857,0.5378000186318561,0.07130556669568557,0.17546051035721766,ridge::H_D_B_M_P_C_A_K,P0,ridge::H_D_B_M_P_A_K,0.009439606304648018,0.07204147797295546,0.009401665602285836
ridge|history_available|budget=15,ridge,history_available,15,H_D_K,ridge::H_D_K,True,15,0.633478707878488,development_disjoint_id,879,471,0.5358361774744027,0.7109472968772172,0.2518497143213415,0.595387889763124,0.5941694081030162,0.057638738054747785,0.34865153416572014,ridge::H_D_B_M_P_C_A_K,P0,ridge::H_D_B_M_P_A_K,-0.030951030826338766,0.031650840841968675,-0.030988971528700948
ridge|history_available|budget=16,ridge,history_available,16,H_D_A_K,ridge::H_D_A_K,True,16,0.6316089221778484,development_disjoint_id,879,471,0.5358361774744027,0.733945848005697,0.2593455249047774,0.5785952916198326,0.5708398156227709,0.05736666874617524,0.2577642486710419,ridge::H_D_B_M_P_C_A_K,P0,ridge::H_D_B_M_P_A_K,-0.00795247969785906,0.05464939197044838,-0.007990420400221243
ridge|history_available|budget=17,ridge,history_available,17,H_D_B_A_K,ridge::H_D_B_A_K,True,17,0.6303176464587247,development_disjoint_id,879,471,0.5358361774744027,0.7287027611651765,0.25699747618807406,0.5849491070313475,0.5726991686117531,0.04664339312800335,0.29043765384182046,ridge::H_D_B_M_P_C_A_K,P0,ridge::H_D_B_M_P_A_K,-0.0131955665383795,0.04940630512992794,-0.013233507240741682
ridge|history_available|budget=18,ridge,history_available,18,H_D_B_M_A_K,ridge::H_D_B_M_A_K,True,18,0.6297690531788611,development_disjoint_id,879,471,0.5358361774744027,0.7402099686886393,0.2619825516245424,0.5706829440905874,0.5619060318026482,0.06358693450829606,0.23735056547118477,ridge::H_D_B_M_P_C_A_K,P0,ridge::H_D_B_M_P_A_K,-0.0016883590149167071,0.06091351265339073,-0.0017262997172788896
ridge|history_available|budget=19,ridge,history_available,19,H_D_B_M_A_K,ridge::H_D_B_M_A_K,True,18,0.6297690531788611,development_disjoint_id,879,471,0.5358361774744027,0.7402099686886393,0.2619825516245424,0.5706829440905874,0.5619060318026482,0.06358693450829606,0.23735056547118477,ridge::H_D_B_M_P_C_A_K,P0,ridge::H_D_B_M_P_A_K,-0.0016883590149167071,0.06091351265339073,-0.0017262997172788896
ridge|history_available|budget=20,ridge,history_available,20,H_D_B_M_A_K,ridge::H_D_B_M_A_K,True,18,0.6297690531788611,development_disjoint_id,879,471,0.5358361774744027,0.7402099686886393,0.2619825516245424,0.5706829440905874,0.5619060318026482,0.06358693450829606,0.23735056547118477,ridge::H_D_B_M_P_C_A_K,P0,ridge::H_D_B_M_P_A_K,-0.0016883590149167071,0.06091351265339073,-0.0017262997172788896
ridge|history_available|budget=21,ridge,history_available,21,H_D_B_M_A_K,ridge::H_D_B_M_A_K,True,18,0.6297690531788611,development_disjoint_id,879,471,0.5358361774744027,0.7402099686886393,0.2619825516245424,0.5706829440905874,0.5619060318026482,0.06358693450829606,0.23735056547118477,ridge::H_D_B_M_P_C_A_K,P0,ridge::H_D_B_M_P_A_K,-0.0016883590149167071,0.06091351265339073,-0.0017262997172788896
ridge|history_available|budget=22,ridge,history_available,22,H_D_B_M_A_K,ridge::H_D_B_M_A_K,True,18,0.6297690531788611,development_disjoint_id,879,471,0.5358361774744027,0.7402099686886393,0.2619825516245424,0.5706829440905874,0.5619060318026482,0.06358693450829606,0.23735056547118477,ridge::H_D_B_M_P_C_A_K,P0,ridge::H_D_B_M_P_A_K,-0.0016883590149167071,0.06091351265339073,-0.0017262997172788896
ridge|history_available|budget=23,ridge,history_available,23,H_D_B_M_A_K,ridge::H_D_B_M_A_K,True,18,0.6297690531788611,development_disjoint_id,879,471,0.5358361774744027,0.7402099686886393,0.2619825516245424,0.5706829440905874,0.5619060318026482,0.06358693450829606,0.23735056547118477,ridge::H_D_B_M_P_C_A_K,P0,ridge::H_D_B_M_P_A_K,-0.0016883590149167071,0.06091351265339073,-0.0017262997172788896
ridge|history_available|budget=24,ridge,history_available,24,H_D_B_M_A_K,ridge::H_D_B_M_A_K,True,18,0.6297690531788611,development_disjoint_id,879,471,0.5358361774744027,0.7402099686886393,0.2619825516245424,0.5706829440905874,0.5619060318026482,0.06358693450829606,0.23735056547118477,ridge::H_D_B_M_P_C_A_K,P0,ridge::H_D_B_M_P_A_K,-0.0016883590149167071,0.06091351265339073,-0.0017262997172788896
ridge|history_available|budget=25,ridge,history_available,25,H_D_B_M_A_K,ridge::H_D_B_M_A_K,True,18,0.6297690531788611,development_disjoint_id,879,471,0.5358361774744027,0.7402099686886393,0.2619825516245424,0.5706829440905874,0.5619060318026482,0.06358693450829606,0.23735056547118477,ridge::H_D_B_M_P_C_A_K,P0,ridge::H_D_B_M_P_A_K,-0.0016883590149167071,0.06091351265339073,-0.0017262997172788896
ridge|history_available|budget=26,ridge,history_available,26,H_D_B_M_A_K,ridge::H_D_B_M_A_K,True,18,0.6297690531788611,development_disjoint_id,879,471,0.5358361774744027,0.7402099686886393,0.2619825516245424,0.5706829440905874,0.5619060318026482,0.06358693450829606,0.23735056547118477,ridge::H_D_B_M_P_C_A_K,P0,ridge::H_D_B_M_P_A_K,-0.0016883590149167071,0.06091351265339073,-0.0017262997172788896
ridge|history_available|budget=27,ridge,history_available,27,H_D_B_M_A_K,ridge::H_D_B_M_A_K,True,18,0.6297690531788611,development_disjoint_id,879,471,0.5358361774744027,0.7402099686886393,0.2619825516245424,0.5706829440905874,0.5619060318026482,0.06358693450829606,0.23735056547118477,ridge::H_D_B_M_P_C_A_K,P0,ridge::H_D_B_M_P_A_K,-0.0016883590149167071,0.06091351265339073,-0.0017262997172788896
ridge|history_available|budget=28,ridge,history_available,28,H_D_B_P_A_K,ridge::H_D_B_P_A_K,True,28,0.6294674622760528,development_disjoint_id,879,471,0.5358361774744027,0.7332826347501185,0.2591065462386618,0.5792275508929686,0.5722828695852409,0.059793873124523916,0.2644566129433269,ridge::H_D_B_M_P_C_A_K,P0,ridge::H_D_B_M_P_A_K,-0.00861569295343756,0.05398617871486988,-0.008653633655799742
ridge|history_available|budget=29,ridge,history_available,29,H_D_B_M_P_A_K,ridge::H_D_B_M_P_A_K,True,29,0.6292921291184919,development_disjoint_id,879,471,0.5358361774744027,0.7419362684059182,0.2629529626124035,0.5682683901586112,0.5645952467038565,0.07143155766661695,0.22499499370539852,ridge::H_D_B_M_P_C_A_K,P0,ridge::H_D_B_M_P_A_K,3.79407023621825e-05,0.06263981237066962,0.0
ridge|history_available|budget=30,ridge,history_available,30,H_D_B_M_P_A_K,ridge::H_D_B_M_P_A_K,True,29,0.6292921291184919,development_disjoint_id,879,471,0.5358361774744027,0.7419362684059182,0.2629529626124035,0.5682683901586112,0.5645952467038565,0.07143155766661695,0.22499499370539852,ridge::H_D_B_M_P_C_A_K,P0,ridge::H_D_B_M_P_A_K,3.79407023621825e-05,0.06263981237066962,0.0
ridge|history_unavailable|budget=00,ridge,history_unavailable,0,NONE,ridge::NONE,False,0,0.6853643289188563,development_disjoint_id,879,471,0.5358361774744027,0.6919851207085788,0.24941191690536357,0.5,0.5358361774744027,,,ridge::D_B_M_P_C_A_K,prevalence,ridge::D_B_P_A_K,-0.058974120088804316,0.0,-0.05606101866022373
ridge|history_unavailable|budget=01,ridge,history_unavailable,1,B,ridge::B,False,1,0.6777381954029948,development_disjoint_id,879,471,0.5358361774744027,0.6849243747157531,0.24588642455854912,0.5586934349111194,0.5686568804316146,-0.09895811707327243,0.9451993142646293,ridge::D_B_M_P_C_A_K,prevalence,ridge::D_B_P_A_K,-0.06603486608163,-0.00706074599282569,-0.06312176465304942
ridge|history_unavailable|budget=02,ridge,history_unavailable,2,B_A,ridge::B_A,False,2,0.6736656514353723,development_disjoint_id,879,471,0.5358361774744027,0.7019928071036946,0.25325027519385085,0.5376285333666375,0.5486651842684886,0.017595439638001087,0.3421179776701484,ridge::D_B_M_P_C_A_K,prevalence,ridge::D_B_P_A_K,-0.04896643369368847,0.010007686395115845,-0.04605333226510788
ridge|history_unavailable|budget=03,ridge,history_unavailable,3,B_C_A,ridge::B_C_A,False,3,0.6735209745197117,development_disjoint_id,879,471,0.5358361774744027,0.7008367293557343,0.25255804357181244,0.5456787810665668,0.5476634560250477,0.00850635600998792,0.37184511179446283,ridge::D_B_M_P_C_A_K,prevalence,ridge::D_B_P_A_K,-0.05012251144164881,0.008851608647155507,-0.04720941001306822
ridge|history_unavailable|budget=04,ridge,history_unavailable,4,D,ridge::D,False,4,0.6621656516928427,development_disjoint_id,879,471,0.5358361774744027,0.7432131199540394,0.26996247150651526,0.4911978060863411,0.5159959864931893,0.1658576217570664,-0.08737428143458217,ridge::D_B_M_P_C_A_K,prevalence,ridge::D_B_P_A_K,-0.007746120843343696,0.05122799924546062,-0.004833019414763107
ridge|history_unavailable|budget=05,ridge,history_unavailable,5,D_B,ridge::D_B,False,5,0.6582120307239033,development_disjoint_id,879,471,0.5358361774744027,0.7327917518170181,0.2648428167226856,0.5200943965696683,0.5318465404500601,0.12532200912874114,0.07176571097954128,ridge::D_B_M_P_C_A_K,prevalence,ridge::D_B_P_A_K,-0.01816748898036502,0.040806631108439295,-0.015254387551784432
ridge|history_unavailable|budget=06,ridge,history_unavailable,6,D_B_A,ridge::D_B_A,False,6,0.6545563941969289,development_disjoint_id,879,471,0.5358361774744027,0.7574532794089385,0.272226805943763,0.5127336497231589,0.5162478592901284,0.13797345908774616,0.015476062451506685,ridge::D_B_M_P_C_A_K,prevalence,ridge::D_B_P_A_K,0.006494038611555397,0.06546815870035971,0.009407140040135986
ridge|history_unavailable|budget=07,ridge,history_unavailable,7,D_B_A,ridge::D_B_A,False,6,0.6545563941969289,development_disjoint_id,879,471,0.5358361774744027,0.7574532794089385,0.272226805943763,0.5127336497231589,0.5162478592901284,0.13797345908774616,0.015476062451506685,ridge::D_B_M_P_C_A_K,prevalence,ridge::D_B_P_A_K,0.006494038611555397,0.06546815870035971,0.009407140040135986
ridge|history_unavailable|budget=08,ridge,history_unavailable,8,D_B_A,ridge::D_B_A,False,6,0.6545563941969289,development_disjoint_id,879,471,0.5358361774744027,0.7574532794089385,0.272226805943763,0.5127336497231589,0.5162478592901284,0.13797345908774616,0.015476062451506685,ridge::D_B_M_P_C_A_K,prevalence,ridge::D_B_P_A_K,0.006494038611555397,0.06546815870035971,0.009407140040135986
ridge|history_unavailable|budget=09,ridge,history_unavailable,9,D_B_A,ridge::D_B_A,False,6,0.6545563941969289,development_disjoint_id,879,471,0.5358361774744027,0.7574532794089385,0.272226805943763,0.5127336497231589,0.5162478592901284,0.13797345908774616,0.015476062451506685,ridge::D_B_M_P_C_A_K,prevalence,ridge::D_B_P_A_K,0.006494038611555397,0.06546815870035971,0.009407140040135986
ridge|history_unavailable|budget=10,ridge,history_unavailable,10,D_B_A,ridge::D_B_A,False,6,0.6545563941969289,development_disjoint_id,879,471,0.5358361774744027,0.7574532794089385,0.272226805943763,0.5127336497231589,0.5162478592901284,0.13797345908774616,0.015476062451506685,ridge::D_B_M_P_C_A_K,prevalence,ridge::D_B_P_A_K,0.006494038611555397,0.06546815870035971,0.009407140040135986
ridge|history_unavailable|budget=11,ridge,history_unavailable,11,D_B_A,ridge::D_B_A,False,6,0.6545563941969289,development_disjoint_id,879,471,0.5358361774744027,0.7574532794089385,0.272226805943763,0.5127336497231589,0.5162478592901284,0.13797345908774616,0.015476062451506685,ridge::D_B_M_P_C_A_K,prevalence,ridge::D_B_P_A_K,0.006494038611555397,0.06546815870035971,0.009407140040135986
ridge|history_unavailable|budget=12,ridge,history_unavailable,12,D_B_A,ridge::D_B_A,False,6,0.6545563941969289,development_disjoint_id,879,471,0.5358361774744027,0.7574532794089385,0.272226805943763,0.5127336497231589,0.5162478592901284,0.13797345908774616,0.015476062451506685,ridge::D_B_M_P_C_A_K,prevalence,ridge::D_B_P_A_K,0.006494038611555397,0.06546815870035971,0.009407140040135986
ridge|history_unavailable|budget=13,ridge,history_unavailable,13,D_B_A,ridge::D_B_A,False,6,0.6545563941969289,development_disjoint_id,879,471,0.5358361774744027,0.7574532794089385,0.272226805943763,0.5127336497231589,0.5162478592901284,0.13797345908774616,0.015476062451506685,ridge::D_B_M_P_C_A_K,prevalence,ridge::D_B_P_A_K,0.006494038611555397,0.06546815870035971,0.009407140040135986
ridge|history_unavailable|budget=14,ridge,history_unavailable,14,D_B_A,ridge::D_B_A,False,6,0.6545563941969289,development_disjoint_id,879,471,0.5358361774744027,0.7574532794089385,0.272226805943763,0.5127336497231589,0.5162478592901284,0.13797345908774616,0.015476062451506685,ridge::D_B_M_P_C_A_K,prevalence,ridge::D_B_P_A_K,0.006494038611555397,0.06546815870035971,0.009407140040135986
ridge|history_unavailable|budget=15,ridge,history_unavailable,15,D_K,ridge::D_K,False,15,0.6534616584557627,development_disjoint_id,879,471,0.5358361774744027,0.725204722110449,0.26162528397380586,0.5439016901877524,0.5608346018585912,0.11560277683630547,0.16540175831050793,ridge::D_B_M_P_C_A_K,prevalence,ridge::D_B_P_A_K,-0.025754518686934125,0.03321960140187019,-0.022841417258353536
ridge|history_unavailable|budget=16,ridge,history_unavailable,16,D_A_K,ridge::D_A_K,False,16,0.6495521869548352,development_disjoint_id,879,471,0.5358361774744027,0.7507484226309695,0.27087131845513823,0.5273120394654677,0.5450863272643556,0.11835285783583774,0.08813900818324974,ridge::D_B_M_P_C_A_K,prevalence,ridge::D_B_P_A_K,-0.0002108181664135511,0.058763301922390765,0.002702283262167038
ridge|history_unavailable|budget=17,ridge,history_unavailable,17,D_B_A_K,ridge::D_B_A_K,False,17,0.6465315444142528,development_disjoint_id,879,471,0.5358361774744027,0.7407319064019358,0.2659547818500884,0.5456475583864119,0.5536368910377215,0.09657002705303039,0.16469691791555255,ridge::D_B_M_P_C_A_K,prevalence,ridge::D_B_P_A_K,-0.010227334395447318,0.048746785693357,-0.007314232966866729
ridge|history_unavailable|budget=18,ridge,history_unavailable,18,D_B_A_K,ridge::D_B_A_K,False,17,0.6465315444142528,development_disjoint_id,879,471,0.5358361774744027,0.7407319064019358,0.2659547818500884,0.5456475583864119,0.5536368910377215,0.09657002705303039,0.16469691791555255,ridge::D_B_M_P_C_A_K,prevalence,ridge::D_B_P_A_K,-0.010227334395447318,0.048746785693357,-0.007314232966866729
ridge|history_unavailable|budget=19,ridge,history_unavailable,19,D_B_A_K,ridge::D_B_A_K,False,17,0.6465315444142528,development_disjoint_id,879,471,0.5358361774744027,0.7407319064019358,0.2659547818500884,0.5456475583864119,0.5536368910377215,0.09657002705303039,0.16469691791555255,ridge::D_B_M_P_C_A_K,prevalence,ridge::D_B_P_A_K,-0.010227334395447318,0.048746785693357,-0.007314232966866729
ridge|history_unavailable|budget=20,ridge,history_unavailable,20,D_B_A_K,ridge::D_B_A_K,False,17,0.6465315444142528,development_disjoint_id,879,471,0.5358361774744027,0.7407319064019358,0.2659547818500884,0.5456475583864119,0.5536368910377215,0.09657002705303039,0.16469691791555255,ridge::D_B_M_P_C_A_K,prevalence,ridge::D_B_P_A_K,-0.010227334395447318,0.048746785693357,-0.007314232966866729
ridge|history_unavailable|budget=21,ridge,history_unavailable,21,D_B_A_K,ridge::D_B_A_K,False,17,0.6465315444142528,development_disjoint_id,879,471,0.5358361774744027,0.7407319064019358,0.2659547818500884,0.5456475583864119,0.5536368910377215,0.09657002705303039,0.16469691791555255,ridge::D_B_M_P_C_A_K,prevalence,ridge::D_B_P_A_K,-0.010227334395447318,0.048746785693357,-0.007314232966866729
ridge|history_unavailable|budget=22,ridge,history_unavailable,22,D_B_A_K,ridge::D_B_A_K,False,17,0.6465315444142528,development_disjoint_id,879,471,0.5358361774744027,0.7407319064019358,0.2659547818500884,0.5456475583864119,0.5536368910377215,0.09657002705303039,0.16469691791555255,ridge::D_B_M_P_C_A_K,prevalence,ridge::D_B_P_A_K,-0.010227334395447318,0.048746785693357,-0.007314232966866729
ridge|history_unavailable|budget=23,ridge,history_unavailable,23,D_B_A_K,ridge::D_B_A_K,False,17,0.6465315444142528,development_disjoint_id,879,471,0.5358361774744027,0.7407319064019358,0.2659547818500884,0.5456475583864119,0.5536368910377215,0.09657002705303039,0.16469691791555255,ridge::D_B_M_P_C_A_K,prevalence,ridge::D_B_P_A_K,-0.010227334395447318,0.048746785693357,-0.007314232966866729
ridge|history_unavailable|budget=24,ridge,history_unavailable,24,D_B_A_K,ridge::D_B_A_K,False,17,0.6465315444142528,development_disjoint_id,879,471,0.5358361774744027,0.7407319064019358,0.2659547818500884,0.5456475583864119,0.5536368910377215,0.09657002705303039,0.16469691791555255,ridge::D_B_M_P_C_A_K,prevalence,ridge::D_B_P_A_K,-0.010227334395447318,0.048746785693357,-0.007314232966866729
ridge|history_unavailable|budget=25,ridge,history_unavailable,25,D_B_A_K,ridge::D_B_A_K,False,17,0.6465315444142528,development_disjoint_id,879,471,0.5358361774744027,0.7407319064019358,0.2659547818500884,0.5456475583864119,0.5536368910377215,0.09657002705303039,0.16469691791555255,ridge::D_B_M_P_C_A_K,prevalence,ridge::D_B_P_A_K,-0.010227334395447318,0.048746785693357,-0.007314232966866729
ridge|history_unavailable|budget=26,ridge,history_unavailable,26,D_B_A_K,ridge::D_B_A_K,False,17,0.6465315444142528,development_disjoint_id,879,471,0.5358361774744027,0.7407319064019358,0.2659547818500884,0.5456475583864119,0.5536368910377215,0.09657002705303039,0.16469691791555255,ridge::D_B_M_P_C_A_K,prevalence,ridge::D_B_P_A_K,-0.010227334395447318,0.048746785693357,-0.007314232966866729
ridge|history_unavailable|budget=27,ridge,history_unavailable,27,D_B_A_K,ridge::D_B_A_K,False,17,0.6465315444142528,development_disjoint_id,879,471,0.5358361774744027,0.7407319064019358,0.2659547818500884,0.5456475583864119,0.5536368910377215,0.09657002705303039,0.16469691791555255,ridge::D_B_M_P_C_A_K,prevalence,ridge::D_B_P_A_K,-0.010227334395447318,0.048746785693357,-0.007314232966866729
ridge|history_unavailable|budget=28,ridge,history_unavailable,28,D_B_P_A_K,ridge::D_B_P_A_K,False,28,0.645554504910448,development_disjoint_id,879,471,0.5358361774744027,0.7480461393688025,0.2691527102544747,0.5383050247699929,0.5532981301139266,0.10851050477510141,0.1304001028212236,ridge::D_B_M_P_C_A_K,prevalence,ridge::D_B_P_A_K,-0.002913101428580589,0.05606101866022373,0.0
ridge|history_unavailable|budget=29,ridge,history_unavailable,29,D_B_P_A_K,ridge::D_B_P_A_K,False,28,0.645554504910448,development_disjoint_id,879,471,0.5358361774744027,0.7480461393688025,0.2691527102544747,0.5383050247699929,0.5532981301139266,0.10851050477510141,0.1304001028212236,ridge::D_B_M_P_C_A_K,prevalence,ridge::D_B_P_A_K,-0.002913101428580589,0.05606101866022373,0.0
ridge|history_unavailable|budget=30,ridge,history_unavailable,30,D_B_P_A_K,ridge::D_B_P_A_K,False,28,0.645554504910448,development_disjoint_id,879,471,0.5358361774744027,0.7480461393688025,0.2691527102544747,0.5383050247699929,0.5532981301139266,0.10851050477510141,0.1304001028212236,ridge::D_B_M_P_C_A_K,prevalence,ridge::D_B_P_A_K,-0.002913101428580589,0.05606101866022373,0.0
hgb|history_available|budget=00,hgb,history_available,0,H,hgb::H,True,0,0.6620826133717034,development_disjoint_id,879,471,0.5358361774744027,0.6792772451151128,0.24298995328863007,0.5816785312851256,0.5810244792658218,-0.1148423471491505,0.8341471396671067,hgb::H_D_B_M_P_C_A_K,P0,hgb::H_D_M_P_C_A_K,-0.02918486693117428,-1.921092013579262e-05,-0.04074083354905356
hgb|history_available|budget=01,hgb,history_available,1,H_B,hgb::H_B,True,1,0.656149609502737,development_disjoint_id,879,471,0.5358361774744027,0.6731212166859277,0.23998759495877237,0.6021606094667167,0.5946084611990128,-0.13071321350243345,0.8754061672214093,hgb::H_D_B_M_P_C_A_K,P0,hgb::H_D_M_P_C_A_K,-0.03534089536035934,-0.006175239349320849,-0.04689686197823861
hgb|history_available|budget=02,hgb,history_available,2,H_B_M,hgb::H_B_M,True,2,0.6526472365345142,development_disjoint_id,879,471,0.5358361774744027,0.6798419464894816,0.24305772340925555,0.5723377461387953,0.5877174900401368,-0.09861095833041045,0.7262099747933477,hgb::H_D_B_M_P_C_A_K,P0,hgb::H_D_M_P_C_A_K,-0.028620165556805466,0.0005454904542330219,-0.04017613217468474
hgb|history_available|budget=03,hgb,history_available,3,H_B_M_A,hgb::H_B_M_A,True,3,0.6499456254601639,development_disjoint_id,879,471,0.5358361774744027,0.7580059926808222,0.26174611621825106,0.5558209483368719,0.5428550055921858,0.07421153113068438,0.13929780468517275,hgb::H_D_B_M_P_C_A_K,P0,hgb::H_D_M_P_C_A_K,0.04954388063453519,0.07870953664557367,0.03798791401665591
hgb|history_available|budget=04,hgb,history_available,4,H_D,hgb::H_D,True,4,0.6440872421067338,development_disjoint_id,879,471,0.5358361774744027,0.7088619972558207,0.2545275103305595,0.5681330918779401,0.5669500601272593,0.04316049125812811,0.343965522326745,hgb::H_D_B_M_P_C_A_K,P0,hgb::H_D_M_P_C_A_K,0.0003998852095336014,0.02956554122057209,-0.011156081408345675
hgb|history_available|budget=05,hgb,history_available,5,H_D_M,hgb::H_D_M,True,5,0.6378678578039242,development_disjoint_id,879,471,0.5358361774744027,0.703073984481481,0.2521426846176771,0.5793316264934848,0.5810586386738749,0.025535128827500267,0.3967505449965833,hgb::H_D_B_M_P_C_A_K,P0,hgb::H_D_M_P_C_A_K,-0.005388127564806111,0.023777528446232377,-0.016944094182685387
hgb|history_available|budget=06,hgb,history_available,6,H_D_M_A,hgb::H_D_M_A,True,6,0.6353580028168152,development_disjoint_id,879,471,0.5358361774744027,0.7544394738286085,0.26831773599880854,0.5529250447525081,0.5403010752213113,0.09396805703487376,0.11975212254529514,hgb::H_D_B_M_P_C_A_K,P0,hgb::H_D_M_P_C_A_K,0.04597736178232148,0.07514301779335997,0.0344213951644422
hgb|history_available|budget=07,hgb,history_available,7,H_D_M_C_A,hgb::H_D_M_C_A,True,7,0.6332706689577972,development_disjoint_id,879,471,0.5358361774744027,0.7499065751823221,0.2669034235595691,0.5534480246451022,0.5353406997224379,0.09154146335483446,0.13332060084454514,hgb::H_D_B_M_P_C_A_K,P0,hgb::H_D_M_P_C_A_K,0.041444463136035004,0.07061011914707349,0.029888496518155727
hgb|history_available|budget=08,hgb,history_available,8,H_D_B_M_C_A,hgb::H_D_B_M_C_A,True,8,0.6314904390595096,development_disjoint_id,879,471,0.5358361774744027,0.737820619516944,0.26276451336856377,0.5598720910869656,0.5439563412629402,0.06099123619469274,0.20673576666764876,hgb::H_D_B_M_P_C_A_K,P0,hgb::H_D_M_P_C_A_K,0.029358507470656936,0.058524163481695424,0.01780254085277766
hgb|history_available|budget=09,hgb,history_available,9,H_D_B_M_C_A,hgb::H_D_B_M_C_A,True,8,0.6314904390595096,development_disjoint_id,879,471,0.5358361774744027,0.737820619516944,0.26276451336856377,0.5598720910869656,0.5439563412629402,0.06099123619469274,0.20673576666764876,hgb::H_D_B_M_P_C_A_K,P0,hgb::H_D_M_P_C_A_K,0.029358507470656936,0.058524163481695424,0.01780254085277766
hgb|history_available|budget=10,hgb,history_available,10,H_D_B_M_C_A,hgb::H_D_B_M_C_A,True,8,0.6314904390595096,development_disjoint_id,879,471,0.5358361774744027,0.737820619516944,0.26276451336856377,0.5598720910869656,0.5439563412629402,0.06099123619469274,0.20673576666764876,hgb::H_D_B_M_P_C_A_K,P0,hgb::H_D_M_P_C_A_K,0.029358507470656936,0.058524163481695424,0.01780254085277766
hgb|history_available|budget=11,hgb,history_available,11,H_D_B_M_C_A,hgb::H_D_B_M_C_A,True,8,0.6314904390595096,development_disjoint_id,879,471,0.5358361774744027,0.737820619516944,0.26276451336856377,0.5598720910869656,0.5439563412629402,0.06099123619469274,0.20673576666764876,hgb::H_D_B_M_P_C_A_K,P0,hgb::H_D_M_P_C_A_K,0.029358507470656936,0.058524163481695424,0.01780254085277766
hgb|history_available|budget=12,hgb,history_available,12,H_D_B_M_C_A,hgb::H_D_B_M_C_A,True,8,0.6314904390595096,development_disjoint_id,879,471,0.5358361774744027,0.737820619516944,0.26276451336856377,0.5598720910869656,0.5439563412629402,0.06099123619469274,0.20673576666764876,hgb::H_D_B_M_P_C_A_K,P0,hgb::H_D_M_P_C_A_K,0.029358507470656936,0.058524163481695424,0.01780254085277766
hgb|history_available|budget=13,hgb,history_available,13,H_D_B_M_C_A,hgb::H_D_B_M_C_A,True,8,0.6314904390595096,development_disjoint_id,879,471,0.5358361774744027,0.737820619516944,0.26276451336856377,0.5598720910869656,0.5439563412629402,0.06099123619469274,0.20673576666764876,hgb::H_D_B_M_P_C_A_K,P0,hgb::H_D_M_P_C_A_K,0.029358507470656936,0.058524163481695424,0.01780254085277766
hgb|history_available|budget=14,hgb,history_available,14,H_D_B_M_C_A,hgb::H_D_B_M_C_A,True,8,0.6314904390595096,development_disjoint_id,879,471,0.5358361774744027,0.737820619516944,0.26276451336856377,0.5598720910869656,0.5439563412629402,0.06099123619469274,0.20673576666764876,hgb::H_D_B_M_P_C_A_K,P0,hgb::H_D_M_P_C_A_K,0.029358507470656936,0.058524163481695424,0.01780254085277766
hgb|history_available|budget=15,hgb,history_available,15,H_D_P,hgb::H_D_P,True,15,0.6284341422186445,development_disjoint_id,879,471,0.5358361774744027,0.7145263522768887,0.2577153584523902,0.5588495483118938,0.5659806140206564,0.07379664871871955,0.27800518989947454,hgb::H_D_B_M_P_C_A_K,P0,hgb::H_D_M_P_C_A_K,0.006064240230601592,0.03522989624164008,-0.0054917263872776845
hgb|history_available|budget=16,hgb,history_available,16,H_D_M_P,hgb::H_D_M_P,True,16,0.6263444622412933,development_disjoint_id,879,471,0.5358361774744027,0.7063344100304773,0.25401786979053503,0.5710263935722909,0.5773979937600944,0.04985452775755662,0.355361874969969,hgb::H_D_B_M_P_C_A_K,P0,hgb::H_D_M_P_C_A_K,-0.002127702015809807,0.02703795399522868,-0.013683668633689083
hgb|history_available|budget=17,hgb,history_available,17,H_D_M_P_A,hgb::H_D_M_P_A,True,17,0.6241806893132597,development_disjoint_id,879,471,0.5358361774744027,0.7431916364842923,0.26683508174321047,0.5427698680321386,0.5392543938750539,0.09778268706465215,0.13080943805696083,hgb::H_D_B_M_P_C_A_K,P0,hgb::H_D_M_P_C_A_K,0.034729524438005255,0.06389518044904374,0.02317355782012598
hgb|history_available|budget=18,hgb,history_available,18,H_D_M_P_A,hgb::H_D_M_P_A,True,17,0.6241806893132597,development_disjoint_id,879,471,0.5358361774744027,0.7431916364842923,0.26683508174321047,0.5427698680321386,0.5392543938750539,0.09778268706465215,0.13080943805696083,hgb::H_D_B_M_P_C_A_K,P0,hgb::H_D_M_P_C_A_K,0.034729524438005255,0.06389518044904374,0.02317355782012598
hgb|history_available|budget=19,hgb,history_available,19,H_D_M_P_A,hgb::H_D_M_P_A,True,17,0.6241806893132597,development_disjoint_id,879,471,0.5358361774744027,0.7431916364842923,0.26683508174321047,0.5427698680321386,0.5392543938750539,0.09778268706465215,0.13080943805696083,hgb::H_D_B_M_P_C_A_K,P0,hgb::H_D_M_P_C_A_K,0.034729524438005255,0.06389518044904374,0.02317355782012598
hgb|history_available|budget=20,hgb,history_available,20,H_D_M_P_A,hgb::H_D_M_P_A,True,17,0.6241806893132597,development_disjoint_id,879,471,0.5358361774744027,0.7431916364842923,0.26683508174321047,0.5427698680321386,0.5392543938750539,0.09778268706465215,0.13080943805696083,hgb::H_D_B_M_P_C_A_K,P0,hgb::H_D_M_P_C_A_K,0.034729524438005255,0.06389518044904374,0.02317355782012598
hgb|history_available|budget=21,hgb,history_available,21,H_D_M_P_A,hgb::H_D_M_P_A,True,17,0.6241806893132597,development_disjoint_id,879,471,0.5358361774744027,0.7431916364842923,0.26683508174321047,0.5427698680321386,0.5392543938750539,0.09778268706465215,0.13080943805696083,hgb::H_D_B_M_P_C_A_K,P0,hgb::H_D_M_P_C_A_K,0.034729524438005255,0.06389518044904374,0.02317355782012598
hgb|history_available|budget=22,hgb,history_available,22,H_D_M_P_A,hgb::H_D_M_P_A,True,17,0.6241806893132597,development_disjoint_id,879,471,0.5358361774744027,0.7431916364842923,0.26683508174321047,0.5427698680321386,0.5392543938750539,0.09778268706465215,0.13080943805696083,hgb::H_D_B_M_P_C_A_K,P0,hgb::H_D_M_P_C_A_K,0.034729524438005255,0.06389518044904374,0.02317355782012598
hgb|history_available|budget=23,hgb,history_available,23,H_D_M_P_A,hgb::H_D_M_P_A,True,17,0.6241806893132597,development_disjoint_id,879,471,0.5358361774744027,0.7431916364842923,0.26683508174321047,0.5427698680321386,0.5392543938750539,0.09778268706465215,0.13080943805696083,hgb::H_D_B_M_P_C_A_K,P0,hgb::H_D_M_P_C_A_K,0.034729524438005255,0.06389518044904374,0.02317355782012598
hgb|history_available|budget=24,hgb,history_available,24,H_D_M_P_A,hgb::H_D_M_P_A,True,17,0.6241806893132597,development_disjoint_id,879,471,0.5358361774744027,0.7431916364842923,0.26683508174321047,0.5427698680321386,0.5392543938750539,0.09778268706465215,0.13080943805696083,hgb::H_D_B_M_P_C_A_K,P0,hgb::H_D_M_P_C_A_K,0.034729524438005255,0.06389518044904374,0.02317355782012598
hgb|history_available|budget=25,hgb,history_available,25,H_D_M_P_A,hgb::H_D_M_P_A,True,17,0.6241806893132597,development_disjoint_id,879,471,0.5358361774744027,0.7431916364842923,0.26683508174321047,0.5427698680321386,0.5392543938750539,0.09778268706465215,0.13080943805696083,hgb::H_D_B_M_P_C_A_K,P0,hgb::H_D_M_P_C_A_K,0.034729524438005255,0.06389518044904374,0.02317355782012598
hgb|history_available|budget=26,hgb,history_available,26,H_D_M_P_A,hgb::H_D_M_P_A,True,17,0.6241806893132597,development_disjoint_id,879,471,0.5358361774744027,0.7431916364842923,0.26683508174321047,0.5427698680321386,0.5392543938750539,0.09778268706465215,0.13080943805696083,hgb::H_D_B_M_P_C_A_K,P0,hgb::H_D_M_P_C_A_K,0.034729524438005255,0.06389518044904374,0.02317355782012598
hgb|history_available|budget=27,hgb,history_available,27,H_D_M_P_A,hgb::H_D_M_P_A,True,17,0.6241806893132597,development_disjoint_id,879,471,0.5358361774744027,0.7431916364842923,0.26683508174321047,0.5427698680321386,0.5392543938750539,0.09778268706465215,0.13080943805696083,hgb::H_D_B_M_P_C_A_K,P0,hgb::H_D_M_P_C_A_K,0.034729524438005255,0.06389518044904374,0.02317355782012598
hgb|history_available|budget=28,hgb,history_available,28,H_D_M_P_C_K,hgb::H_D_M_P_C_K,True,28,0.6221157681523305,development_disjoint_id,879,471,0.5358361774744027,0.6929604905551218,0.2488838148340135,0.5867001790100328,0.6214759480564249,0.05201774642782643,0.46682239104516526,hgb::H_D_B_M_P_C_A_K,P0,hgb::H_D_M_P_C_A_K,-0.015501621491165296,0.013664034519873192,-0.027057588109044572
hgb|history_available|budget=29,hgb,history_available,29,H_D_M_P_C_A_K,hgb::H_D_M_P_C_A_K,True,29,0.620817620210149,development_disjoint_id,879,471,0.5358361774744027,0.7200180786641663,0.25925271580678366,0.5581366304483576,0.5668525484520317,0.07005611440901308,0.25366998362253507,hgb::H_D_B_M_P_C_A_K,P0,hgb::H_D_M_P_C_A_K,0.011555966617879276,0.040721622628917764,0.0
hgb|history_available|budget=30,hgb,history_available,30,H_D_M_P_C_A_K,hgb::H_D_M_P_C_A_K,True,29,0.620817620210149,development_disjoint_id,879,471,0.5358361774744027,0.7200180786641663,0.25925271580678366,0.5581366304483576,0.5668525484520317,0.07005611440901308,0.25366998362253507,hgb::H_D_B_M_P_C_A_K,P0,hgb::H_D_M_P_C_A_K,0.011555966617879276,0.040721622628917764,0.0
hgb|history_unavailable|budget=00,hgb,history_unavailable,0,NONE,hgb::NONE,False,0,0.6853643289188563,development_disjoint_id,879,471,0.5358361774744027,0.6919851207085788,0.24941191690536357,0.5,0.5358361774744027,,,hgb::D_B_M_P_C_A_K,prevalence,hgb::D_M_P_C_A_K,-0.06360040353177732,0.0,-0.07510838020068833
hgb|history_unavailable|budget=01,hgb,history_unavailable,1,B,hgb::B,False,1,0.6760966845523163,development_disjoint_id,879,471,0.5358361774744027,0.6890689608595347,0.24786908907745112,0.5584878856000999,0.568526348994058,-0.027616381487037267,0.6459211964708802,hgb::D_B_M_P_C_A_K,prevalence,hgb::D_M_P_C_A_K,-0.06651656338082135,-0.002916159849044031,-0.07802454004973236
hgb|history_unavailable|budget=02,hgb,history_unavailable,2,B_A,hgb::B_A,False,2,0.6710019459030957,development_disjoint_id,879,471,0.5358361774744027,0.7026867220270306,0.25384327312491717,0.5401107364389492,0.5550041894139828,-0.0058761548599300245,0.3811986487715376,hgb::D_B_M_P_C_A_K,prevalence,hgb::D_M_P_C_A_K,-0.052898802213325435,0.010701601318451881,-0.06440677888223645
hgb|history_unavailable|budget=03,hgb,history_unavailable,3,B_M_A,hgb::B_M_A,False,3,0.6681826337714976,development_disjoint_id,879,471,0.5358361774744027,0.720224264640833,0.2593433497405643,0.5558938012572332,0.547984749827396,0.09873560156451187,0.11183669969390633,hgb::D_B_M_P_C_A_K,prevalence,hgb::D_M_P_C_A_K,-0.035361259599523076,0.02823914393225424,-0.04686923626843409
hgb|history_unavailable|budget=04,hgb,history_unavailable,4,D,hgb::D,False,4,0.6641680792622449,development_disjoint_id,879,471,0.5358361774744027,0.7434261099690316,0.26903210937283495,0.4936123600183173,0.521040887898593,0.1731537727019186,-0.11617123011340401,hgb::D_B_M_P_C_A_K,prevalence,hgb::D_M_P_C_A_K,-0.012159414271324498,0.05144098926045282,-0.02366739094023551
hgb|history_unavailable|budget=05,hgb,history_unavailable,5,D_C,hgb::D_C,False,5,0.6579254494910797,development_disjoint_id,879,471,0.5358361774744027,0.7342188554734144,0.26495933874984445,0.5075116564672578,0.5271935222610514,0.1504727675901058,-0.02916170391604992,hgb::D_B_M_P_C_A_K,prevalence,hgb::D_M_P_C_A_K,-0.02136666876694171,0.042233734764835607,-0.03287464543585272
hgb|history_unavailable|budget=06,hgb,history_unavailable,6,D_B_C,hgb::D_B_C,False,6,0.6529262330125998,development_disjoint_id,879,471,0.5358361774744027,0.7352957965100098,0.26489845194058614,0.5238801465384455,0.5343419503726909,0.1342991244998209,0.03440568202116039,hgb::D_B_M_P_C_A_K,prevalence,hgb::D_M_P_C_A_K,-0.02028972773034632,0.043310675801431,-0.03179770439925733
hgb|history_unavailable|budget=07,hgb,history_unavailable,7,D_M_C_A,hgb::D_M_C_A,False,7,0.650369538146649,development_disjoint_id,879,471,0.5358361774744027,0.7811318259609172,0.2806165890058316,0.49754901960784315,0.5053573287480368,0.20573426704978368,-0.16589936299921013,hgb::D_B_M_P_C_A_K,prevalence,hgb::D_M_P_C_A_K,0.02554630172056116,0.08914670525233848,0.014038325051650147
hgb|history_unavailable|budget=08,hgb,history_unavailable,8,D_B_M_C_A,hgb::D_B_M_C_A,False,8,0.6485929332417237,development_disjoint_id,879,471,0.5358361774744027,0.7740791399480531,0.27805316271475,0.5082037592106907,0.512266933604518,0.17879766804395308,-0.08569261279349634,hgb::D_B_M_P_C_A_K,prevalence,hgb::D_M_P_C_A_K,0.01849361570769703,0.08209401923947435,0.006985639038786018
hgb|history_unavailable|budget=09,hgb,history_unavailable,9,D_B_M_C_A,hgb::D_B_M_C_A,False,8,0.6485929332417237,development_disjoint_id,879,471,0.5358361774744027,0.7740791399480531,0.27805316271475,0.5082037592106907,0.512266933604518,0.17879766804395308,-0.08569261279349634,hgb::D_B_M_P_C_A_K,prevalence,hgb::D_M_P_C_A_K,0.01849361570769703,0.08209401923947435,0.006985639038786018
hgb|history_unavailable|budget=10,hgb,history_unavailable,10,D_B_M_C_A,hgb::D_B_M_C_A,False,8,0.6485929332417237,development_disjoint_id,879,471,0.5358361774744027,0.7740791399480531,0.27805316271475,0.5082037592106907,0.512266933604518,0.17879766804395308,-0.08569261279349634,hgb::D_B_M_P_C_A_K,prevalence,hgb::D_M_P_C_A_K,0.01849361570769703,0.08209401923947435,0.006985639038786018
hgb|history_unavailable|budget=11,hgb,history_unavailable,11,D_B_M_C_A,hgb::D_B_M_C_A,False,8,0.6485929332417237,development_disjoint_id,879,471,0.5358361774744027,0.7740791399480531,0.27805316271475,0.5082037592106907,0.512266933604518,0.17879766804395308,-0.08569261279349634,hgb::D_B_M_P_C_A_K,prevalence,hgb::D_M_P_C_A_K,0.01849361570769703,0.08209401923947435,0.006985639038786018
hgb|history_unavailable|budget=12,hgb,history_unavailable,12,D_B_M_C_A,hgb::D_B_M_C_A,False,8,0.6485929332417237,development_disjoint_id,879,471,0.5358361774744027,0.7740791399480531,0.27805316271475,0.5082037592106907,0.512266933604518,0.17879766804395308,-0.08569261279349634,hgb::D_B_M_P_C_A_K,prevalence,hgb::D_M_P_C_A_K,0.01849361570769703,0.08209401923947435,0.006985639038786018
hgb|history_unavailable|budget=13,hgb,history_unavailable,13,D_B_M_C_A,hgb::D_B_M_C_A,False,8,0.6485929332417237,development_disjoint_id,879,471,0.5358361774744027,0.7740791399480531,0.27805316271475,0.5082037592106907,0.512266933604518,0.17879766804395308,-0.08569261279349634,hgb::D_B_M_P_C_A_K,prevalence,hgb::D_M_P_C_A_K,0.01849361570769703,0.08209401923947435,0.006985639038786018
hgb|history_unavailable|budget=14,hgb,history_unavailable,14,D_B_M_C_A,hgb::D_B_M_C_A,False,8,0.6485929332417237,development_disjoint_id,879,471,0.5358361774744027,0.7740791399480531,0.27805316271475,0.5082037592106907,0.512266933604518,0.17879766804395308,-0.08569261279349634,hgb::D_B_M_P_C_A_K,prevalence,hgb::D_M_P_C_A_K,0.01849361570769703,0.08209401923947435,0.006985639038786018
hgb|history_unavailable|budget=15,hgb,history_unavailable,15,D_P,hgb::D_P,False,15,0.6465103724542357,development_disjoint_id,879,471,0.5358361774744027,0.7560527886452653,0.27517922244587006,0.4916999708588319,0.5224658842951319,0.16854332862290128,-0.1192005880091716,hgb::D_B_M_P_C_A_K,prevalence,hgb::D_M_P_C_A_K,0.00046726440490918453,0.0640676679366865,-0.011040712264001828
hgb|history_unavailable|budget=16,hgb,history_unavailable,16,D_P_C,hgb::D_P_C,False,16,0.6441902261965382,development_disjoint_id,879,471,0.5358361774744027,0.7520750228593962,0.2736572647367986,0.4945490404229632,0.5238234150183089,0.164988749118564,-0.10476282224328745,hgb::D_B_M_P_C_A_K,prevalence,hgb::D_M_P_C_A_K,-0.003510501380959874,0.06008990215081744,-0.015018478049870887
hgb|history_unavailable|budget=17,hgb,history_unavailable,17,D_M_P_A,hgb::D_M_P_A,False,17,0.640925623536283,development_disjoint_id,879,471,0.5358361774744027,0.7750694734960916,0.2821941088264001,0.4741476208317722,0.5046425985213498,0.1959653525263004,-0.17477072073537703,hgb::D_B_M_P_C_A_K,prevalence,hgb::D_M_P_C_A_K,0.01948394925573549,0.0830843527875128,0.007975972586824476
hgb|history_unavailable|budget=18,hgb,history_unavailable,18,D_M_P_C_A,hgb::D_M_P_C_A,False,18,0.6379512231708448,development_disjoint_id,879,471,0.5358361774744027,0.776093148051301,0.2824843122026207,0.47273219266475164,0.5023057247718892,0.20260924495778504,-0.19040111452034902,hgb::D_B_M_P_C_A_K,prevalence,hgb::D_M_P_C_A_K,0.020507623810944953,0.08410802734272227,0.00899964714203394
hgb|history_unavailable|budget=19,hgb,history_unavailable,19,D_M_P_C_A,hgb::D_M_P_C_A,False,18,0.6379512231708448,development_disjoint_id,879,471,0.5358361774744027,0.776093148051301,0.2824843122026207,0.47273219266475164,0.5023057247718892,0.20260924495778504,-0.19040111452034902,hgb::D_B_M_P_C_A_K,prevalence,hgb::D_M_P_C_A_K,0.020507623810944953,0.08410802734272227,0.00899964714203394
hgb|history_unavailable|budget=20,hgb,history_unavailable,20,D_M_P_C_A,hgb::D_M_P_C_A,False,18,0.6379512231708448,development_disjoint_id,879,471,0.5358361774744027,0.776093148051301,0.2824843122026207,0.47273219266475164,0.5023057247718892,0.20260924495778504,-0.19040111452034902,hgb::D_B_M_P_C_A_K,prevalence,hgb::D_M_P_C_A_K,0.020507623810944953,0.08410802734272227,0.00899964714203394
hgb|history_unavailable|budget=21,hgb,history_unavailable,21,D_M_P_C_A,hgb::D_M_P_C_A,False,18,0.6379512231708448,development_disjoint_id,879,471,0.5358361774744027,0.776093148051301,0.2824843122026207,0.47273219266475164,0.5023057247718892,0.20260924495778504,-0.19040111452034902,hgb::D_B_M_P_C_A_K,prevalence,hgb::D_M_P_C_A_K,0.020507623810944953,0.08410802734272227,0.00899964714203394
hgb|history_unavailable|budget=22,hgb,history_unavailable,22,D_M_P_C_A,hgb::D_M_P_C_A,False,18,0.6379512231708448,development_disjoint_id,879,471,0.5358361774744027,0.776093148051301,0.2824843122026207,0.47273219266475164,0.5023057247718892,0.20260924495778504,-0.19040111452034902,hgb::D_B_M_P_C_A_K,prevalence,hgb::D_M_P_C_A_K,0.020507623810944953,0.08410802734272227,0.00899964714203394
hgb|history_unavailable|budget=23,hgb,history_unavailable,23,D_M_P_C_A,hgb::D_M_P_C_A,False,18,0.6379512231708448,development_disjoint_id,879,471,0.5358361774744027,0.776093148051301,0.2824843122026207,0.47273219266475164,0.5023057247718892,0.20260924495778504,-0.19040111452034902,hgb::D_B_M_P_C_A_K,prevalence,hgb::D_M_P_C_A_K,0.020507623810944953,0.08410802734272227,0.00899964714203394
hgb|history_unavailable|budget=24,hgb,history_unavailable,24,D_M_P_C_A,hgb::D_M_P_C_A,False,18,0.6379512231708448,development_disjoint_id,879,471,0.5358361774744027,0.776093148051301,0.2824843122026207,0.47273219266475164,0.5023057247718892,0.20260924495778504,-0.19040111452034902,hgb::D_B_M_P_C_A_K,prevalence,hgb::D_M_P_C_A_K,0.020507623810944953,0.08410802734272227,0.00899964714203394
hgb|history_unavailable|budget=25,hgb,history_unavailable,25,D_M_P_C_A,hgb::D_M_P_C_A,False,18,0.6379512231708448,development_disjoint_id,879,471,0.5358361774744027,0.776093148051301,0.2824843122026207,0.47273219266475164,0.5023057247718892,0.20260924495778504,-0.19040111452034902,hgb::D_B_M_P_C_A_K,prevalence,hgb::D_M_P_C_A_K,0.020507623810944953,0.08410802734272227,0.00899964714203394
hgb|history_unavailable|budget=26,hgb,history_unavailable,26,D_M_P_C_A,hgb::D_M_P_C_A,False,18,0.6379512231708448,development_disjoint_id,879,471,0.5358361774744027,0.776093148051301,0.2824843122026207,0.47273219266475164,0.5023057247718892,0.20260924495778504,-0.19040111452034902,hgb::D_B_M_P_C_A_K,prevalence,hgb::D_M_P_C_A_K,0.020507623810944953,0.08410802734272227,0.00899964714203394
hgb|history_unavailable|budget=27,hgb,history_unavailable,27,D_P_C_K,hgb::D_P_C_K,False,27,0.6370776595795395,development_disjoint_id,879,471,0.5358361774744027,0.7438827452025459,0.2704175520887334,0.5115601973273386,0.5609904190884952,0.14681295898848282,-0.023062271080218126,hgb::D_B_M_P_C_A_K,prevalence,hgb::D_M_P_C_A_K,-0.01170277903781014,0.051897624493967176,-0.023210755706721153
hgb|history_unavailable|budget=28,hgb,history_unavailable,28,D_M_P_A_K,hgb::D_M_P_A_K,False,28,0.6344975802563864,development_disjoint_id,879,471,0.5358361774744027,0.7692976644126719,0.2815117101802358,0.4782742183922401,0.5213200062067136,0.18126703904688857,-0.15059392102723076,hgb::D_B_M_P_C_A_K,prevalence,hgb::D_M_P_C_A_K,0.013712140172315812,0.07731254370409313,0.002204163503404799
hgb|history_unavailable|budget=29,hgb,history_unavailable,29,D_M_P_C_A_K,hgb::D_M_P_C_A_K,False,29,0.6317969039258379,development_disjoint_id,879,471,0.5358361774744027,0.7670935009092671,0.28046031964899804,0.4806315307439324,0.5236320354383216,0.1817799233452553,-0.14735129331520627,hgb::D_B_M_P_C_A_K,prevalence,hgb::D_M_P_C_A_K,0.011507976668911013,0.07510838020068833,0.0
hgb|history_unavailable|budget=30,hgb,history_unavailable,30,D_M_P_C_A_K,hgb::D_M_P_C_A_K,False,29,0.6317969039258379,development_disjoint_id,879,471,0.5358361774744027,0.7670935009092671,0.28046031964899804,0.4806315307439324,0.5236320354383216,0.1817799233452553,-0.14735129331520627,hgb::D_B_M_P_C_A_K,prevalence,hgb::D_M_P_C_A_K,0.011507976668911013,0.07510838020068833,0.0
ridge|history_available|budget=00,ridge,history_available,0,P0,P0,True,0,0.6620828063230408,development_shared_id,641,382,0.5959438377535101,0.6350200240745368,0.22148696187343087,0.6442570094402555,0.6775742459495945,-0.025098639092252926,1.444894612094706,ridge::H_D_B_M_P_C_A_K,P0,ridge::H_D_B_M_P_A_K,-0.006604564305557781,0.0,-0.005295325028849884
ridge|history_available|budget=01,ridge,history_available,1,H_B,ridge::H_B,True,1,0.6578158495921907,development_shared_id,641,382,0.5959438377535101,0.6322347110523255,0.2202401663910792,0.6547282136287372,0.6872835655421452,0.006668215365401728,1.2790966180908339,ridge::H_D_B_M_P_C_A_K,P0,ridge::H_D_B_M_P_A_K,-0.00938987732776908,-0.0027853130222113,-0.008080638051061184
ridge|history_available|budget=02,ridge,history_available,2,H_B_A,ridge::H_B_A,True,2,0.6557119973590803,development_shared_id,641,382,0.5959438377535101,0.6413026822488617,0.22356203251533158,0.6362924255594413,0.660161731651561,0.02900883400717288,0.9507930386333926,ridge::H_D_B_M_P_C_A_K,P0,ridge::H_D_B_M_P_A_K,-0.00032190613123295186,0.006282658174324829,0.0009873331454749446
ridge|history_available|budget=03,ridge,history_available,3,H_B_A,ridge::H_B_A,True,2,0.6557119973590803,development_shared_id,641,382,0.5959438377535101,0.6413026822488617,0.22356203251533158,0.6362924255594413,0.660161731651561,0.02900883400717288,0.9507930386333926,ridge::H_D_B_M_P_C_A_K,P0,ridge::H_D_B_M_P_A_K,-0.00032190613123295186,0.006282658174324829,0.0009873331454749446
ridge|history_available|budget=04,ridge,history_available,4,H_D,ridge::H_D,True,4,0.6396754472363618,development_shared_id,641,382,0.5959438377535101,0.6513014666049959,0.22376591852357133,0.6509480684873356,0.6721875663411715,0.13612404696290853,0.6477438302699193,ridge::H_D_B_M_P_C_A_K,P0,ridge::H_D_B_M_P_A_K,0.009676878224901264,0.016281442530459045,0.01098611750160916
ridge|history_available|budget=05,ridge,history_available,5,H_D_B,ridge::H_D_B,True,5,0.6379948075675399,development_shared_id,641,382,0.5959438377535101,0.646766452572945,0.22166551634034978,0.6585386807899897,0.679082152221825,0.12138571087929681,0.6723898770975587,ridge::H_D_B_M_P_C_A_K,P0,ridge::H_D_B_M_P_A_K,0.005141864192850343,0.011746428498408124,0.006451103469558239
ridge|history_available|budget=06,ridge,history_available,6,H_D_B_A,ridge::H_D_B_A,True,6,0.6362755316368176,development_shared_id,641,382,0.5959438377535101,0.6611794886555896,0.22403934749076101,0.6540004851523177,0.667433640967902,0.11943853133542116,0.5552829830556206,ridge::H_D_B_M_P_C_A_K,P0,ridge::H_D_B_M_P_A_K,0.019554900275495002,0.026159464581052783,0.0208641395522029
ridge|history_available|budget=07,ridge,history_available,7,H_D_B_M_A,ridge::H_D_B_M_A,True,7,0.6362310759849575,development_shared_id,641,382,0.5959438377535101,0.6625461723464743,0.22465722383173878,0.6524439547999757,0.6630135947077275,0.12536846249342,0.5470749755060665,ridge::H_D_B_M_P_C_A_K,P0,ridge::H_D_B_M_P_A_K,0.020921583966379664,0.027526148271937445,0.02223082324308756
ridge|history_available|budget=08,ridge,history_available,8,H_D_B_M_A,ridge::H_D_B_M_A,True,7,0.6362310759849575,development_shared_id,641,382,0.5959438377535101,0.6625461723464743,0.22465722383173878,0.6524439547999757,0.6630135947077275,0.12536846249342,0.5470749755060665,ridge::H_D_B_M_P_C_A_K,P0,ridge::H_D_B_M_P_A_K,0.020921583966379664,0.027526148271937445,0.02223082324308756
ridge|history_available|budget=09,ridge,history_available,9,H_D_B_M_A,ridge::H_D_B_M_A,True,7,0.6362310759849575,development_shared_id,641,382,0.5959438377535101,0.6625461723464743,0.22465722383173878,0.6524439547999757,0.6630135947077275,0.12536846249342,0.5470749755060665,ridge::H_D_B_M_P_C_A_K,P0,ridge::H_D_B_M_P_A_K,0.020921583966379664,0.027526148271937445,0.02223082324308756
ridge|history_available|budget=10,ridge,history_available,10,H_D_B_M_A,ridge::H_D_B_M_A,True,7,0.6362310759849575,development_shared_id,641,382,0.5959438377535101,0.6625461723464743,0.22465722383173878,0.6524439547999757,0.6630135947077275,0.12536846249342,0.5470749755060665,ridge::H_D_B_M_P_C_A_K,P0,ridge::H_D_B_M_P_A_K,0.020921583966379664,0.027526148271937445,0.02223082324308756
ridge|history_available|budget=11,ridge,history_available,11,H_D_B_M_A,ridge::H_D_B_M_A,True,7,0.6362310759849575,development_shared_id,641,382,0.5959438377535101,0.6625461723464743,0.22465722383173878,0.6524439547999757,0.6630135947077275,0.12536846249342,0.5470749755060665,ridge::H_D_B_M_P_C_A_K,P0,ridge::H_D_B_M_P_A_K,0.020921583966379664,0.027526148271937445,0.02223082324308756
ridge|history_available|budget=12,ridge,history_available,12,H_D_B_M_A,ridge::H_D_B_M_A,True,7,0.6362310759849575,development_shared_id,641,382,0.5959438377535101,0.6625461723464743,0.22465722383173878,0.6524439547999757,0.6630135947077275,0.12536846249342,0.5470749755060665,ridge::H_D_B_M_P_C_A_K,P0,ridge::H_D_B_M_P_A_K,0.020921583966379664,0.027526148271937445,0.02223082324308756
ridge|history_available|budget=13,ridge,history_available,13,H_D_B_M_A,ridge::H_D_B_M_A,True,7,0.6362310759849575,development_shared_id,641,382,0.5959438377535101,0.6625461723464743,0.22465722383173878,0.6524439547999757,0.6630135947077275,0.12536846249342,0.5470749755060665,ridge::H_D_B_M_P_C_A_K,P0,ridge::H_D_B_M_P_A_K,0.020921583966379664,0.027526148271937445,0.02223082324308756
ridge|history_available|budget=14,ridge,history_available,14,H_D_B_M_A,ridge::H_D_B_M_A,True,7,0.6362310759849575,development_shared_id,641,382,0.5959438377535101,0.6625461723464743,0.22465722383173878,0.6524439547999757,0.6630135947077275,0.12536846249342,0.5470749755060665,ridge::H_D_B_M_P_C_A_K,P0,ridge::H_D_B_M_P_A_K,0.020921583966379664,0.027526148271937445,0.02223082324308756
ridge|history_available|budget=15,ridge,history_available,15,H_D_K,ridge::H_D_K,True,15,0.633478707878488,development_shared_id,641,382,0.5959438377535101,0.6285257435909241,0.21395351310936817,0.6890173644100346,0.706320864995416,0.08948148172766171,0.8042128860576093,ridge::H_D_B_M_P_C_A_K,P0,ridge::H_D_B_M_P_A_K,-0.01309884478917056,-0.00649428048361278,-0.011789605512462664
ridge|history_available|budget=16,ridge,history_available,16,H_D_A_K,ridge::H_D_A_K,True,16,0.6316089221778484,development_shared_id,641,382,0.5959438377535101,0.6430788726513917,0.21710219046920237,0.6772574743778932,0.6893492969163999,0.08461167379939627,0.6583334349245868,ridge::H_D_B_M_P_C_A_K,P0,ridge::H_D_B_M_P_A_K,0.0014542842712971238,0.008058848576854905,0.00276352354800502
ridge|history_available|budget=17,ridge,history_available,17,H_D_B_A_K,ridge::H_D_B_A_K,True,17,0.6303176464587247,development_shared_id,641,382,0.5959438377535101,0.6406924512347393,0.21550506352570503,0.6809517071297176,0.6905988308836237,0.07736486494524143,0.6655065406589568,ridge::H_D_B_M_P_C_A_K,P0,ridge::H_D_B_M_P_A_K,-0.0009321371453553384,0.005672427160202442,0.000377102131352558
ridge|history_available|budget=18,ridge,history_available,18,H_D_B_M_A_K,ridge::H_D_B_M_A_K,True,18,0.6297690531788611,development_shared_id,641,382,0.5959438377535101,0.6423562382272977,0.21632122865203066,0.6804160181123533,0.6908697271753126,0.0872988101600033,0.6557126191124862,ridge::H_D_B_M_P_C_A_K,P0,ridge::H_D_B_M_P_A_K,0.0007316498472030863,0.007336214152760867,0.0020408891239109828
ridge|history_available|budget=19,ridge,history_available,19,H_D_B_M_A_K,ridge::H_D_B_M_A_K,True,18,0.6297690531788611,development_shared_id,641,382,0.5959438377535101,0.6423562382272977,0.21632122865203066,0.6804160181123533,0.6908697271753126,0.0872988101600033,0.6557126191124862,ridge::H_D_B_M_P_C_A_K,P0,ridge::H_D_B_M_P_A_K,0.0007316498472030863,0.007336214152760867,0.0020408891239109828
ridge|history_available|budget=20,ridge,history_available,20,H_D_B_M_A_K,ridge::H_D_B_M_A_K,True,18,0.6297690531788611,development_shared_id,641,382,0.5959438377535101,0.6423562382272977,0.21632122865203066,0.6804160181123533,0.6908697271753126,0.0872988101600033,0.6557126191124862,ridge::H_D_B_M_P_C_A_K,P0,ridge::H_D_B_M_P_A_K,0.0007316498472030863,0.007336214152760867,0.0020408891239109828
ridge|history_available|budget=21,ridge,history_available,21,H_D_B_M_A_K,ridge::H_D_B_M_A_K,True,18,0.6297690531788611,development_shared_id,641,382,0.5959438377535101,0.6423562382272977,0.21632122865203066,0.6804160181123533,0.6908697271753126,0.0872988101600033,0.6557126191124862,ridge::H_D_B_M_P_C_A_K,P0,ridge::H_D_B_M_P_A_K,0.0007316498472030863,0.007336214152760867,0.0020408891239109828
ridge|history_available|budget=22,ridge,history_available,22,H_D_B_M_A_K,ridge::H_D_B_M_A_K,True,18,0.6297690531788611,development_shared_id,641,382,0.5959438377535101,0.6423562382272977,0.21632122865203066,0.6804160181123533,0.6908697271753126,0.0872988101600033,0.6557126191124862,ridge::H_D_B_M_P_C_A_K,P0,ridge::H_D_B_M_P_A_K,0.0007316498472030863,0.007336214152760867,0.0020408891239109828
ridge|history_available|budget=23,ridge,history_available,23,H_D_B_M_A_K,ridge::H_D_B_M_A_K,True,18,0.6297690531788611,development_shared_id,641,382,0.5959438377535101,0.6423562382272977,0.21632122865203066,0.6804160181123533,0.6908697271753126,0.0872988101600033,0.6557126191124862,ridge::H_D_B_M_P_C_A_K,P0,ridge::H_D_B_M_P_A_K,0.0007316498472030863,0.007336214152760867,0.0020408891239109828
ridge|history_available|budget=24,ridge,history_available,24,H_D_B_M_A_K,ridge::H_D_B_M_A_K,True,18,0.6297690531788611,development_shared_id,641,382,0.5959438377535101,0.6423562382272977,0.21632122865203066,0.6804160181123533,0.6908697271753126,0.0872988101600033,0.6557126191124862,ridge::H_D_B_M_P_C_A_K,P0,ridge::H_D_B_M_P_A_K,0.0007316498472030863,0.007336214152760867,0.0020408891239109828
ridge|history_available|budget=25,ridge,history_available,25,H_D_B_M_A_K,ridge::H_D_B_M_A_K,True,18,0.6297690531788611,development_shared_id,641,382,0.5959438377535101,0.6423562382272977,0.21632122865203066,0.6804160181123533,0.6908697271753126,0.0872988101600033,0.6557126191124862,ridge::H_D_B_M_P_C_A_K,P0,ridge::H_D_B_M_P_A_K,0.0007316498472030863,0.007336214152760867,0.0020408891239109828
ridge|history_available|budget=26,ridge,history_available,26,H_D_B_M_A_K,ridge::H_D_B_M_A_K,True,18,0.6297690531788611,development_shared_id,641,382,0.5959438377535101,0.6423562382272977,0.21632122865203066,0.6804160181123533,0.6908697271753126,0.0872988101600033,0.6557126191124862,ridge::H_D_B_M_P_C_A_K,P0,ridge::H_D_B_M_P_A_K,0.0007316498472030863,0.007336214152760867,0.0020408891239109828
ridge|history_available|budget=27,ridge,history_available,27,H_D_B_M_A_K,ridge::H_D_B_M_A_K,True,18,0.6297690531788611,development_shared_id,641,382,0.5959438377535101,0.6423562382272977,0.21632122865203066,0.6804160181123533,0.6908697271753126,0.0872988101600033,0.6557126191124862,ridge::H_D_B_M_P_C_A_K,P0,ridge::H_D_B_M_P_A_K,0.0007316498472030863,0.007336214152760867,0.0020408891239109828
ridge|history_available|budget=28,ridge,history_available,28,H_D_B_P_A_K,ridge::H_D_B_P_A_K,True,28,0.6294674622760528,development_shared_id,641,382,0.5959438377535101,0.6393524970557273,0.2159135879785576,0.6814722351371566,0.6968652282379076,0.08820179980941321,0.6723588666640584,ridge::H_D_B_M_P_C_A_K,P0,ridge::H_D_B_M_P_A_K,-0.0022720913243673424,0.004332472981190438,-0.000962852047659446
ridge|history_available|budget=29,ridge,history_available,29,H_D_B_M_P_A_K,ridge::H_D_B_M_P_A_K,True,29,0.6292921291184919,development_shared_id,641,382,0.5959438377535101,0.6403153491033867,0.21639858386563132,0.6803604277426267,0.6963351955703745,0.09378569158620809,0.6678422630697417,ridge::H_D_B_M_P_C_A_K,P0,ridge::H_D_B_M_P_A_K,-0.0013092392767078964,0.005295325028849884,0.0
ridge|history_available|budget=30,ridge,history_available,30,H_D_B_M_P_A_K,ridge::H_D_B_M_P_A_K,True,29,0.6292921291184919,development_shared_id,641,382,0.5959438377535101,0.6403153491033867,0.21639858386563132,0.6803604277426267,0.6963351955703745,0.09378569158620809,0.6678422630697417,ridge::H_D_B_M_P_C_A_K,P0,ridge::H_D_B_M_P_A_K,-0.0013092392767078964,0.005295325028849884,0.0
ridge|history_unavailable|budget=00,ridge,history_unavailable,0,NONE,ridge::NONE,False,0,0.6853643289188563,development_shared_id,641,382,0.5959438377535101,0.6769473863675266,0.24193202299698707,0.5,0.5959438377535101,,,ridge::D_B_M_P_C_A_K,prevalence,ridge::D_B_P_A_K,0.02522274374168898,0.0,0.0288875240845905
ridge|history_unavailable|budget=01,ridge,history_unavailable,1,B,ridge::B,False,1,0.6777381954029948,development_shared_id,641,382,0.5959438377535101,0.6671762270596066,0.23714842477376447,0.5672592936990842,0.6315156866376005,0.0886665920987377,1.1196024211826494,ridge::D_B_M_P_C_A_K,prevalence,ridge::D_B_P_A_K,0.015451584433768928,-0.009771159307920052,0.019116364776670447
ridge|history_unavailable|budget=02,ridge,history_unavailable,2,B_A,ridge::B_A,False,2,0.6736656514353723,development_shared_id,641,382,0.5959438377535101,0.6727074355224173,0.2390958215970698,0.5667589803715458,0.6205830688232401,0.18268073498974127,0.5491265990822614,ridge::D_B_M_P_C_A_K,prevalence,ridge::D_B_P_A_K,0.02098279289657967,-0.004239950845109308,0.02464757323948119
ridge|history_unavailable|budget=03,ridge,history_unavailable,3,B_C_A,ridge::B_C_A,False,3,0.6735209745197117,development_shared_id,641,382,0.5959438377535101,0.6737479218217173,0.23940046929081818,0.5707968626816795,0.6152505068517858,0.18641502235380408,0.51816957487483,ridge::D_B_M_P_C_A_K,prevalence,ridge::D_B_P_A_K,0.022023279195879653,-0.0031994645458093274,0.02568805953878117
ridge|history_unavailable|budget=04,ridge,history_unavailable,4,D,ridge::D,False,4,0.6621656516928427,development_shared_id,641,382,0.5959438377535101,0.6660227542316345,0.23456217470318574,0.5991327902322666,0.65073110994432,0.17494676895630026,0.6074341944905689,ridge::D_B_M_P_C_A_K,prevalence,ridge::D_B_P_A_K,0.01429811160579686,-0.01092463213589212,0.01796289194869838
ridge|history_unavailable|budget=05,ridge,history_unavailable,5,D_B,ridge::D_B,False,5,0.6582120307239033,development_shared_id,641,382,0.5959438377535101,0.6573575532388864,0.23008818407793993,0.6224706381774444,0.6621459076302472,0.13443725047600477,0.6998445845603085,ridge::D_B_M_P_C_A_K,prevalence,ridge::D_B_P_A_K,0.005632910613048825,-0.019589833128640155,0.009297690955950344
ridge|history_unavailable|budget=06,ridge,history_unavailable,6,D_B_A,ridge::D_B_A,False,6,0.6545563941969289,development_shared_id,641,382,0.5959438377535101,0.6710766398642104,0.23267433803752513,0.6220410762295578,0.650975990789965,0.1432221967144074,0.5137402913013641,ridge::D_B_M_P_C_A_K,prevalence,ridge::D_B_P_A_K,0.019351997238372776,-0.005870746503316204,0.023016777581274295
ridge|history_unavailable|budget=07,ridge,history_unavailable,7,D_B_A,ridge::D_B_A,False,6,0.6545563941969289,development_shared_id,641,382,0.5959438377535101,0.6710766398642104,0.23267433803752513,0.6220410762295578,0.650975990789965,0.1432221967144074,0.5137402913013641,ridge::D_B_M_P_C_A_K,prevalence,ridge::D_B_P_A_K,0.019351997238372776,-0.005870746503316204,0.023016777581274295
ridge|history_unavailable|budget=08,ridge,history_unavailable,8,D_B_A,ridge::D_B_A,False,6,0.6545563941969289,development_shared_id,641,382,0.5959438377535101,0.6710766398642104,0.23267433803752513,0.6220410762295578,0.650975990789965,0.1432221967144074,0.5137402913013641,ridge::D_B_M_P_C_A_K,prevalence,ridge::D_B_P_A_K,0.019351997238372776,-0.005870746503316204,0.023016777581274295
ridge|history_unavailable|budget=09,ridge,history_unavailable,9,D_B_A,ridge::D_B_A,False,6,0.6545563941969289,development_shared_id,641,382,0.5959438377535101,0.6710766398642104,0.23267433803752513,0.6220410762295578,0.650975990789965,0.1432221967144074,0.5137402913013641,ridge::D_B_M_P_C_A_K,prevalence,ridge::D_B_P_A_K,0.019351997238372776,-0.005870746503316204,0.023016777581274295
ridge|history_unavailable|budget=10,ridge,history_unavailable,10,D_B_A,ridge::D_B_A,False,6,0.6545563941969289,development_shared_id,641,382,0.5959438377535101,0.6710766398642104,0.23267433803752513,0.6220410762295578,0.650975990789965,0.1432221967144074,0.5137402913013641,ridge::D_B_M_P_C_A_K,prevalence,ridge::D_B_P_A_K,0.019351997238372776,-0.005870746503316204,0.023016777581274295
ridge|history_unavailable|budget=11,ridge,history_unavailable,11,D_B_A,ridge::D_B_A,False,6,0.6545563941969289,development_shared_id,641,382,0.5959438377535101,0.6710766398642104,0.23267433803752513,0.6220410762295578,0.650975990789965,0.1432221967144074,0.5137402913013641,ridge::D_B_M_P_C_A_K,prevalence,ridge::D_B_P_A_K,0.019351997238372776,-0.005870746503316204,0.023016777581274295
ridge|history_unavailable|budget=12,ridge,history_unavailable,12,D_B_A,ridge::D_B_A,False,6,0.6545563941969289,development_shared_id,641,382,0.5959438377535101,0.6710766398642104,0.23267433803752513,0.6220410762295578,0.650975990789965,0.1432221967144074,0.5137402913013641,ridge::D_B_M_P_C_A_K,prevalence,ridge::D_B_P_A_K,0.019351997238372776,-0.005870746503316204,0.023016777581274295
ridge|history_unavailable|budget=13,ridge,history_unavailable,13,D_B_A,ridge::D_B_A,False,6,0.6545563941969289,development_shared_id,641,382,0.5959438377535101,0.6710766398642104,0.23267433803752513,0.6220410762295578,0.650975990789965,0.1432221967144074,0.5137402913013641,ridge::D_B_M_P_C_A_K,prevalence,ridge::D_B_P_A_K,0.019351997238372776,-0.005870746503316204,0.023016777581274295
ridge|history_unavailable|budget=14,ridge,history_unavailable,14,D_B_A,ridge::D_B_A,False,6,0.6545563941969289,development_shared_id,641,382,0.5959438377535101,0.6710766398642104,0.23267433803752513,0.6220410762295578,0.650975990789965,0.1432221967144074,0.5137402913013641,ridge::D_B_M_P_C_A_K,prevalence,ridge::D_B_P_A_K,0.019351997238372776,-0.005870746503316204,0.023016777581274295
ridge|history_unavailable|budget=15,ridge,history_unavailable,15,D_K,ridge::D_K,False,15,0.6534616584557627,development_shared_id,641,382,0.5959438377535101,0.6402340198492014,0.22290793892837654,0.6615152924053448,0.7089919408408203,0.08991777388140426,0.8956350143469132,ridge::D_B_M_P_C_A_K,prevalence,ridge::D_B_P_A_K,-0.011490622776636261,-0.03671336651832524,-0.007825842433734742
ridge|history_unavailable|budget=16,ridge,history_unavailable,16,D_A_K,ridge::D_A_K,False,16,0.6495521869548352,development_shared_id,641,382,0.5959438377535101,0.6542130210729417,0.22635085932125562,0.648289838080414,0.6826430699163969,0.09473219584200977,0.6508508385813242,ridge::D_B_M_P_C_A_K,prevalence,ridge::D_B_P_A_K,0.0024883784471040338,-0.022734365294584946,0.006153158790005553
ridge|history_unavailable|budget=17,ridge,history_unavailable,17,D_B_A_K,ridge::D_B_A_K,False,17,0.6465315444142528,development_shared_id,641,382,0.5959438377535101,0.6485520816825072,0.2228694542232115,0.6606056318098202,0.6869367870884311,0.07463375859331518,0.6857011766441343,ridge::D_B_M_P_C_A_K,prevalence,ridge::D_B_P_A_K,-0.0031725609433304047,-0.028395304685019385,0.0004922193995711144
ridge|history_unavailable|budget=18,ridge,history_unavailable,18,D_B_A_K,ridge::D_B_A_K,False,17,0.6465315444142528,development_shared_id,641,382,0.5959438377535101,0.6485520816825072,0.2228694542232115,0.6606056318098202,0.6869367870884311,0.07463375859331518,0.6857011766441343,ridge::D_B_M_P_C_A_K,prevalence,ridge::D_B_P_A_K,-0.0031725609433304047,-0.028395304685019385,0.0004922193995711144
ridge|history_unavailable|budget=19,ridge,history_unavailable,19,D_B_A_K,ridge::D_B_A_K,False,17,0.6465315444142528,development_shared_id,641,382,0.5959438377535101,0.6485520816825072,0.2228694542232115,0.6606056318098202,0.6869367870884311,0.07463375859331518,0.6857011766441343,ridge::D_B_M_P_C_A_K,prevalence,ridge::D_B_P_A_K,-0.0031725609433304047,-0.028395304685019385,0.0004922193995711144
ridge|history_unavailable|budget=20,ridge,history_unavailable,20,D_B_A_K,ridge::D_B_A_K,False,17,0.6465315444142528,development_shared_id,641,382,0.5959438377535101,0.6485520816825072,0.2228694542232115,0.6606056318098202,0.6869367870884311,0.07463375859331518,0.6857011766441343,ridge::D_B_M_P_C_A_K,prevalence,ridge::D_B_P_A_K,-0.0031725609433304047,-0.028395304685019385,0.0004922193995711144
ridge|history_unavailable|budget=21,ridge,history_unavailable,21,D_B_A_K,ridge::D_B_A_K,False,17,0.6465315444142528,development_shared_id,641,382,0.5959438377535101,0.6485520816825072,0.2228694542232115,0.6606056318098202,0.6869367870884311,0.07463375859331518,0.6857011766441343,ridge::D_B_M_P_C_A_K,prevalence,ridge::D_B_P_A_K,-0.0031725609433304047,-0.028395304685019385,0.0004922193995711144
ridge|history_unavailable|budget=22,ridge,history_unavailable,22,D_B_A_K,ridge::D_B_A_K,False,17,0.6465315444142528,development_shared_id,641,382,0.5959438377535101,0.6485520816825072,0.2228694542232115,0.6606056318098202,0.6869367870884311,0.07463375859331518,0.6857011766441343,ridge::D_B_M_P_C_A_K,prevalence,ridge::D_B_P_A_K,-0.0031725609433304047,-0.028395304685019385,0.0004922193995711144
ridge|history_unavailable|budget=23,ridge,history_unavailable,23,D_B_A_K,ridge::D_B_A_K,False,17,0.6465315444142528,development_shared_id,641,382,0.5959438377535101,0.6485520816825072,0.2228694542232115,0.6606056318098202,0.6869367870884311,0.07463375859331518,0.6857011766441343,ridge::D_B_M_P_C_A_K,prevalence,ridge::D_B_P_A_K,-0.0031725609433304047,-0.028395304685019385,0.0004922193995711144
ridge|history_unavailable|budget=24,ridge,history_unavailable,24,D_B_A_K,ridge::D_B_A_K,False,17,0.6465315444142528,development_shared_id,641,382,0.5959438377535101,0.6485520816825072,0.2228694542232115,0.6606056318098202,0.6869367870884311,0.07463375859331518,0.6857011766441343,ridge::D_B_M_P_C_A_K,prevalence,ridge::D_B_P_A_K,-0.0031725609433304047,-0.028395304685019385,0.0004922193995711144
ridge|history_unavailable|budget=25,ridge,history_unavailable,25,D_B_A_K,ridge::D_B_A_K,False,17,0.6465315444142528,development_shared_id,641,382,0.5959438377535101,0.6485520816825072,0.2228694542232115,0.6606056318098202,0.6869367870884311,0.07463375859331518,0.6857011766441343,ridge::D_B_M_P_C_A_K,prevalence,ridge::D_B_P_A_K,-0.0031725609433304047,-0.028395304685019385,0.0004922193995711144
ridge|history_unavailable|budget=26,ridge,history_unavailable,26,D_B_A_K,ridge::D_B_A_K,False,17,0.6465315444142528,development_shared_id,641,382,0.5959438377535101,0.6485520816825072,0.2228694542232115,0.6606056318098202,0.6869367870884311,0.07463375859331518,0.6857011766441343,ridge::D_B_M_P_C_A_K,prevalence,ridge::D_B_P_A_K,-0.0031725609433304047,-0.028395304685019385,0.0004922193995711144
ridge|history_unavailable|budget=27,ridge,history_unavailable,27,D_B_A_K,ridge::D_B_A_K,False,17,0.6465315444142528,development_shared_id,641,382,0.5959438377535101,0.6485520816825072,0.2228694542232115,0.6606056318098202,0.6869367870884311,0.07463375859331518,0.6857011766441343,ridge::D_B_M_P_C_A_K,prevalence,ridge::D_B_P_A_K,-0.0031725609433304047,-0.028395304685019385,0.0004922193995711144
ridge|history_unavailable|budget=28,ridge,history_unavailable,28,D_B_P_A_K,ridge::D_B_P_A_K,False,28,0.645554504910448,development_shared_id,641,382,0.5959438377535101,0.6480598622829361,0.22361253854568333,0.6574976247751118,0.6921145926161999,0.08946719047166457,0.6839791898922424,ridge::D_B_M_P_C_A_K,prevalence,ridge::D_B_P_A_K,-0.003664780342901519,-0.0288875240845905,0.0
ridge|history_unavailable|budget=29,ridge,history_unavailable,29,D_B_P_A_K,ridge::D_B_P_A_K,False,28,0.645554504910448,development_shared_id,641,382,0.5959438377535101,0.6480598622829361,0.22361253854568333,0.6574976247751118,0.6921145926161999,0.08946719047166457,0.6839791898922424,ridge::D_B_M_P_C_A_K,prevalence,ridge::D_B_P_A_K,-0.003664780342901519,-0.0288875240845905,0.0
ridge|history_unavailable|budget=30,ridge,history_unavailable,30,D_B_P_A_K,ridge::D_B_P_A_K,False,28,0.645554504910448,development_shared_id,641,382,0.5959438377535101,0.6480598622829361,0.22361253854568333,0.6574976247751118,0.6921145926161999,0.08946719047166457,0.6839791898922424,ridge::D_B_M_P_C_A_K,prevalence,ridge::D_B_P_A_K,-0.003664780342901519,-0.0288875240845905,0.0
hgb|history_available|budget=00,hgb,history_available,0,H,hgb::H,True,0,0.6620826133717034,development_shared_id,641,382,0.5959438377535101,0.6350839198531965,0.2215171577499717,0.6442570094402555,0.6775742459495945,-0.02702674308613472,1.4502648623647858,hgb::H_D_B_M_P_C_A_K,P0,hgb::H_D_M_P_C_A_K,0.016341929649569487,6.389577865961726e-05,0.00884953482066908
hgb|history_available|budget=01,hgb,history_available,1,H_B,hgb::H_B,True,1,0.656149609502737,development_shared_id,641,382,0.5959438377535101,0.6345854479941623,0.22137880695348425,0.653752855323536,0.6868263075538501,0.036166724264571556,1.2098652600118165,hgb::H_D_B_M_P_C_A_K,P0,hgb::H_D_M_P_C_A_K,0.01584345779053531,-0.0004345760803745602,0.008351062961634903
hgb|history_available|budget=02,hgb,history_available,2,H_B_M,hgb::H_B_M,True,2,0.6526472365345142,development_shared_id,641,382,0.5959438377535101,0.6423157025931051,0.22484225458011653,0.6263316420384482,0.6689062260263686,0.08381291014399828,1.0053459477085107,hgb::H_D_B_M_P_C_A_K,P0,hgb::H_D_M_P_C_A_K,0.02357371238947814,0.0072956785185682715,0.016081317560577735
hgb|history_available|budget=03,hgb,history_available,3,H_B_M_A,hgb::H_B_M_A,True,3,0.6499456254601639,development_shared_id,641,382,0.5959438377535101,0.6762759529101746,0.23212119063546877,0.6218641977804281,0.6504513400192453,0.19823515775090622,0.4615206233522471,hgb::H_D_B_M_P_C_A_K,P0,hgb::H_D_M_P_C_A_K,0.05753396270654765,0.04125592883563778,0.05004156787764724
hgb|history_available|budget=04,hgb,history_available,4,H_D,hgb::H_D,True,4,0.6440872421067338,development_shared_id,641,382,0.5959438377535101,0.6379224432287729,0.2216857173179727,0.6567395742788413,0.6788889683804907,0.12295883656757113,0.8231924254324574,hgb::H_D_B_M_P_C_A_K,P0,hgb::H_D_M_P_C_A_K,0.019180453025145927,0.002902419154236058,0.011688058196245521
hgb|history_available|budget=05,hgb,history_available,5,H_D_M,hgb::H_D_M,True,5,0.6378678578039242,development_shared_id,641,382,0.5959438377535101,0.6360701275939076,0.22106852581737835,0.6628797832986314,0.6879767459860665,0.11477449421192965,0.8309739542916247,hgb::H_D_B_M_P_C_A_K,P0,hgb::H_D_M_P_C_A_K,0.017328137390280607,0.0010501035193707375,0.0098357425613802
hgb|history_available|budget=06,hgb,history_available,6,H_D_M_A,hgb::H_D_M_A,True,6,0.6353580028168152,development_shared_id,641,382,0.5959438377535101,0.6546795228508913,0.2263080597326623,0.646576643958843,0.6627766134454541,0.12593393082656304,0.6280952069504544,hgb::H_D_B_M_P_C_A_K,P0,hgb::H_D_M_P_C_A_K,0.03593753264726429,0.019659498776354423,0.028445137818363886
hgb|history_available|budget=07,hgb,history_available,7,H_D_M_C_A,hgb::H_D_M_C_A,True,7,0.6332706689577972,development_shared_id,641,382,0.5959438377535101,0.6541122737653828,0.226095440139269,0.6424477955891569,0.6527247572407114,0.12283209374308791,0.6384035083179922,hgb::H_D_B_M_P_C_A_K,P0,hgb::H_D_M_P_C_A_K,0.035370283561755866,0.019092249690845997,0.02787788873285546
hgb|history_available|budget=08,hgb,history_available,8,H_D_B_M_C_A,hgb::H_D_B_M_C_A,True,8,0.6314904390595096,development_shared_id,641,382,0.5959438377535101,0.6536670049644769,0.22640908590717995,0.6403707372293759,0.6572530143888561,0.12345340430261378,0.6449789372313242,hgb::H_D_B_M_P_C_A_K,P0,hgb::H_D_M_P_C_A_K,0.03492501476084997,0.0186469808899401,0.027432619931949564
hgb|history_available|budget=09,hgb,history_available,9,H_D_B_M_C_A,hgb::H_D_B_M_C_A,True,8,0.6314904390595096,development_shared_id,641,382,0.5959438377535101,0.6536670049644769,0.22640908590717995,0.6403707372293759,0.6572530143888561,0.12345340430261378,0.6449789372313242,hgb::H_D_B_M_P_C_A_K,P0,hgb::H_D_M_P_C_A_K,0.03492501476084997,0.0186469808899401,0.027432619931949564
hgb|history_available|budget=10,hgb,history_available,10,H_D_B_M_C_A,hgb::H_D_B_M_C_A,True,8,0.6314904390595096,development_shared_id,641,382,0.5959438377535101,0.6536670049644769,0.22640908590717995,0.6403707372293759,0.6572530143888561,0.12345340430261378,0.6449789372313242,hgb::H_D_B_M_P_C_A_K,P0,hgb::H_D_M_P_C_A_K,0.03492501476084997,0.0186469808899401,0.027432619931949564
hgb|history_available|budget=11,hgb,history_available,11,H_D_B_M_C_A,hgb::H_D_B_M_C_A,True,8,0.6314904390595096,development_shared_id,641,382,0.5959438377535101,0.6536670049644769,0.22640908590717995,0.6403707372293759,0.6572530143888561,0.12345340430261378,0.6449789372313242,hgb::H_D_B_M_P_C_A_K,P0,hgb::H_D_M_P_C_A_K,0.03492501476084997,0.0186469808899401,0.027432619931949564
hgb|history_available|budget=12,hgb,history_available,12,H_D_B_M_C_A,hgb::H_D_B_M_C_A,True,8,0.6314904390595096,development_shared_id,641,382,0.5959438377535101,0.6536670049644769,0.22640908590717995,0.6403707372293759,0.6572530143888561,0.12345340430261378,0.6449789372313242,hgb::H_D_B_M_P_C_A_K,P0,hgb::H_D_M_P_C_A_K,0.03492501476084997,0.0186469808899401,0.027432619931949564
hgb|history_available|budget=13,hgb,history_available,13,H_D_B_M_C_A,hgb::H_D_B_M_C_A,True,8,0.6314904390595096,development_shared_id,641,382,0.5959438377535101,0.6536670049644769,0.22640908590717995,0.6403707372293759,0.6572530143888561,0.12345340430261378,0.6449789372313242,hgb::H_D_B_M_P_C_A_K,P0,hgb::H_D_M_P_C_A_K,0.03492501476084997,0.0186469808899401,0.027432619931949564
hgb|history_available|budget=14,hgb,history_available,14,H_D_B_M_C_A,hgb::H_D_B_M_C_A,True,8,0.6314904390595096,development_shared_id,641,382,0.5959438377535101,0.6536670049644769,0.22640908590717995,0.6403707372293759,0.6572530143888561,0.12345340430261378,0.6449789372313242,hgb::H_D_B_M_P_C_A_K,P0,hgb::H_D_M_P_C_A_K,0.03492501476084997,0.0186469808899401,0.027432619931949564
hgb|history_available|budget=15,hgb,history_available,15,H_D_P,hgb::H_D_P,True,15,0.6284341422186445,development_shared_id,641,382,0.5959438377535101,0.6386994912323517,0.22231011082587993,0.6692019244375265,0.703154690136307,0.1323480158313457,0.8060304583894721,hgb::H_D_B_M_P_C_A_K,P0,hgb::H_D_M_P_C_A_K,0.019957501028724733,0.003679467157814864,0.012465106199824327
hgb|history_available|budget=16,hgb,history_available,16,H_D_M_P,hgb::H_D_M_P,True,16,0.6263444622412933,development_shared_id,641,382,0.5959438377535101,0.6375415233410983,0.2214525465425937,0.6683680688916291,0.6921810630468839,0.12953280780406717,0.811319915090319,hgb::H_D_B_M_P_C_A_K,P0,hgb::H_D_M_P_C_A_K,0.01879953313747129,0.002521499266561422,0.011307138308570885
hgb|history_available|budget=17,hgb,history_available,17,H_D_M_P_A,hgb::H_D_M_P_A,True,17,0.6241806893132597,development_shared_id,641,382,0.5959438377535101,0.6473528964325741,0.22480813626351348,0.6512512886858437,0.6773767650345284,0.12444703342418485,0.6953359738101372,hgb::H_D_B_M_P_C_A_K,P0,hgb::H_D_M_P_C_A_K,0.02861090622894713,0.012332872358037261,0.021118511400046724
hgb|history_available|budget=18,hgb,history_available,18,H_D_M_P_A,hgb::H_D_M_P_A,True,17,0.6241806893132597,development_shared_id,641,382,0.5959438377535101,0.6473528964325741,0.22480813626351348,0.6512512886858437,0.6773767650345284,0.12444703342418485,0.6953359738101372,hgb::H_D_B_M_P_C_A_K,P0,hgb::H_D_M_P_C_A_K,0.02861090622894713,0.012332872358037261,0.021118511400046724
hgb|history_available|budget=19,hgb,history_available,19,H_D_M_P_A,hgb::H_D_M_P_A,True,17,0.6241806893132597,development_shared_id,641,382,0.5959438377535101,0.6473528964325741,0.22480813626351348,0.6512512886858437,0.6773767650345284,0.12444703342418485,0.6953359738101372,hgb::H_D_B_M_P_C_A_K,P0,hgb::H_D_M_P_C_A_K,0.02861090622894713,0.012332872358037261,0.021118511400046724
hgb|history_available|budget=20,hgb,history_available,20,H_D_M_P_A,hgb::H_D_M_P_A,True,17,0.6241806893132597,development_shared_id,641,382,0.5959438377535101,0.6473528964325741,0.22480813626351348,0.6512512886858437,0.6773767650345284,0.12444703342418485,0.6953359738101372,hgb::H_D_B_M_P_C_A_K,P0,hgb::H_D_M_P_C_A_K,0.02861090622894713,0.012332872358037261,0.021118511400046724
hgb|history_available|budget=21,hgb,history_available,21,H_D_M_P_A,hgb::H_D_M_P_A,True,17,0.6241806893132597,development_shared_id,641,382,0.5959438377535101,0.6473528964325741,0.22480813626351348,0.6512512886858437,0.6773767650345284,0.12444703342418485,0.6953359738101372,hgb::H_D_B_M_P_C_A_K,P0,hgb::H_D_M_P_C_A_K,0.02861090622894713,0.012332872358037261,0.021118511400046724
hgb|history_available|budget=22,hgb,history_available,22,H_D_M_P_A,hgb::H_D_M_P_A,True,17,0.6241806893132597,development_shared_id,641,382,0.5959438377535101,0.6473528964325741,0.22480813626351348,0.6512512886858437,0.6773767650345284,0.12444703342418485,0.6953359738101372,hgb::H_D_B_M_P_C_A_K,P0,hgb::H_D_M_P_C_A_K,0.02861090622894713,0.012332872358037261,0.021118511400046724
hgb|history_available|budget=23,hgb,history_available,23,H_D_M_P_A,hgb::H_D_M_P_A,True,17,0.6241806893132597,development_shared_id,641,382,0.5959438377535101,0.6473528964325741,0.22480813626351348,0.6512512886858437,0.6773767650345284,0.12444703342418485,0.6953359738101372,hgb::H_D_B_M_P_C_A_K,P0,hgb::H_D_M_P_C_A_K,0.02861090622894713,0.012332872358037261,0.021118511400046724
hgb|history_available|budget=24,hgb,history_available,24,H_D_M_P_A,hgb::H_D_M_P_A,True,17,0.6241806893132597,development_shared_id,641,382,0.5959438377535101,0.6473528964325741,0.22480813626351348,0.6512512886858437,0.6773767650345284,0.12444703342418485,0.6953359738101372,hgb::H_D_B_M_P_C_A_K,P0,hgb::H_D_M_P_C_A_K,0.02861090622894713,0.012332872358037261,0.021118511400046724
hgb|history_available|budget=25,hgb,history_available,25,H_D_M_P_A,hgb::H_D_M_P_A,True,17,0.6241806893132597,development_shared_id,641,382,0.5959438377535101,0.6473528964325741,0.22480813626351348,0.6512512886858437,0.6773767650345284,0.12444703342418485,0.6953359738101372,hgb::H_D_B_M_P_C_A_K,P0,hgb::H_D_M_P_C_A_K,0.02861090622894713,0.012332872358037261,0.021118511400046724
hgb|history_available|budget=26,hgb,history_available,26,H_D_M_P_A,hgb::H_D_M_P_A,True,17,0.6241806893132597,development_shared_id,641,382,0.5959438377535101,0.6473528964325741,0.22480813626351348,0.6512512886858437,0.6773767650345284,0.12444703342418485,0.6953359738101372,hgb::H_D_B_M_P_C_A_K,P0,hgb::H_D_M_P_C_A_K,0.02861090622894713,0.012332872358037261,0.021118511400046724
hgb|history_available|budget=27,hgb,history_available,27,H_D_M_P_A,hgb::H_D_M_P_A,True,17,0.6241806893132597,development_shared_id,641,382,0.5959438377535101,0.6473528964325741,0.22480813626351348,0.6512512886858437,0.6773767650345284,0.12444703342418485,0.6953359738101372,hgb::H_D_B_M_P_C_A_K,P0,hgb::H_D_M_P_C_A_K,0.02861090622894713,0.012332872358037261,0.021118511400046724
hgb|history_available|budget=28,hgb,history_available,28,H_D_M_P_C_K,hgb::H_D_M_P_C_K,True,28,0.6221157681523305,development_shared_id,641,382,0.5959438377535101,0.6157633493804584,0.21273362709788574,0.703384948149346,0.7465554821957177,0.07817287372094084,1.0513484840904421,hgb::H_D_B_M_P_C_A_K,P0,hgb::H_D_M_P_C_A_K,-0.0029786408231685657,-0.019256674694078435,-0.010471035652068972
hgb|history_available|budget=29,hgb,history_available,29,H_D_M_P_C_A_K,hgb::H_D_M_P_C_A_K,True,29,0.620817620210149,development_shared_id,641,382,0.5959438377535101,0.6262343850325274,0.21655465610967478,0.681896743415068,0.714972847865029,0.058480675318815345,0.8901111115785443,hgb::H_D_B_M_P_C_A_K,P0,hgb::H_D_M_P_C_A_K,0.007492394828900406,-0.008785639042009463,0.0
hgb|history_available|budget=30,hgb,history_available,30,H_D_M_P_C_A_K,hgb::H_D_M_P_C_A_K,True,29,0.620817620210149,development_shared_id,641,382,0.5959438377535101,0.6262343850325274,0.21655465610967478,0.681896743415068,0.714972847865029,0.058480675318815345,0.8901111115785443,hgb::H_D_B_M_P_C_A_K,P0,hgb::H_D_M_P_C_A_K,0.007492394828900406,-0.008785639042009463,0.0
hgb|history_unavailable|budget=00,hgb,history_unavailable,0,NONE,hgb::NONE,False,0,0.6853643289188563,development_shared_id,641,382,0.5959438377535101,0.6769473863675266,0.24193202299698707,0.5,0.5959438377535101,,,hgb::D_B_M_P_C_A_K,prevalence,hgb::D_M_P_C_A_K,0.022806379143904154,0.0,0.014883089662904303
hgb|history_unavailable|budget=01,hgb,history_unavailable,1,B,hgb::B,False,1,0.6760966845523163,development_shared_id,641,382,0.5959438377535101,0.6720606865677117,0.2396064165523343,0.567436172148214,0.6315470882536127,0.19738121579854453,0.6940080591599218,hgb::D_B_M_P_C_A_K,prevalence,hgb::D_M_P_C_A_K,0.017919679344089223,-0.004886699799814931,0.009996389863089372
hgb|history_unavailable|budget=02,hgb,history_unavailable,2,B_A,hgb::B_A,False,2,0.6710019459030957,development_shared_id,641,382,0.5959438377535101,0.6665009995812599,0.2367545590446862,0.580368513614587,0.6407433576608559,0.13074804051792652,0.6985716148898439,hgb::D_B_M_P_C_A_K,prevalence,hgb::D_M_P_C_A_K,0.012359992357637406,-0.010446386786266748,0.004436702876637555
hgb|history_unavailable|budget=03,hgb,history_unavailable,3,B_M_A,hgb::B_M_A,False,3,0.6681826337714976,development_shared_id,641,382,0.5959438377535101,0.6786836245277696,0.2410662977719772,0.5782661869049304,0.6282204338237775,0.23266334497918503,0.41093936970603945,hgb::D_B_M_P_C_A_K,prevalence,hgb::D_M_P_C_A_K,0.024542617304147196,0.0017362381602430421,0.016619327823147345
hgb|history_unavailable|budget=04,hgb,history_unavailable,4,D,hgb::D,False,4,0.6641680792622449,development_shared_id,641,382,0.5959438377535101,0.6772533747219107,0.23725338315834102,0.6002850269865977,0.6448510454290158,0.22977102160169507,0.4510154395385617,hgb::D_B_M_P_C_A_K,prevalence,hgb::D_M_P_C_A_K,0.023112367498288267,0.0003059883543841124,0.015189078017288415
hgb|history_unavailable|budget=05,hgb,history_unavailable,5,D_C,hgb::D_C,False,5,0.6579254494910797,development_shared_id,641,382,0.5959438377535101,0.674474814481208,0.23601624502303187,0.6029533647334694,0.6403173075277089,0.21677530927462954,0.4875860575408373,hgb::D_B_M_P_C_A_K,prevalence,hgb::D_M_P_C_A_K,0.0203338072575856,-0.002472571886318553,0.01241051777658575
hgb|history_unavailable|budget=06,hgb,history_unavailable,6,D_B_C,hgb::D_B_C,False,6,0.6529262330125998,development_shared_id,641,382,0.5959438377535101,0.674751002955269,0.23515721788392568,0.6095888334108229,0.641474425368749,0.20549954200157652,0.4799787613421621,hgb::D_B_M_P_C_A_K,prevalence,hgb::D_M_P_C_A_K,0.02060999573164657,-0.0021963834122575854,0.012686706250646718
hgb|history_unavailable|budget=07,hgb,history_unavailable,7,D_M_C_A,hgb::D_M_C_A,False,7,0.650369538146649,development_shared_id,641,382,0.5959438377535101,0.6890422982961719,0.240334226273889,0.5951757666417351,0.6272353116039657,0.2247736616715187,0.34919745295893817,hgb::D_B_M_P_C_A_K,prevalence,hgb::D_M_P_C_A_K,0.03490129107254947,0.012094911928645313,0.026978001591549616
hgb|history_unavailable|budget=08,hgb,history_unavailable,8,D_B_M_C_A,hgb::D_B_M_C_A,False,8,0.6485929332417237,development_shared_id,641,382,0.5959438377535101,0.6907567912638808,0.24051976009537873,0.596171339626837,0.6261602564710033,0.22205312148729656,0.3421170124987925,hgb::D_B_M_P_C_A_K,prevalence,hgb::D_M_P_C_A_K,0.03661578404025834,0.013809404896354183,0.028692494559258486
hgb|history_unavailable|budget=09,hgb,history_unavailable,9,D_B_M_C_A,hgb::D_B_M_C_A,False,8,0.6485929332417237,development_shared_id,641,382,0.5959438377535101,0.6907567912638808,0.24051976009537873,0.596171339626837,0.6261602564710033,0.22205312148729656,0.3421170124987925,hgb::D_B_M_P_C_A_K,prevalence,hgb::D_M_P_C_A_K,0.03661578404025834,0.013809404896354183,0.028692494559258486
hgb|history_unavailable|budget=10,hgb,history_unavailable,10,D_B_M_C_A,hgb::D_B_M_C_A,False,8,0.6485929332417237,development_shared_id,641,382,0.5959438377535101,0.6907567912638808,0.24051976009537873,0.596171339626837,0.6261602564710033,0.22205312148729656,0.3421170124987925,hgb::D_B_M_P_C_A_K,prevalence,hgb::D_M_P_C_A_K,0.03661578404025834,0.013809404896354183,0.028692494559258486
hgb|history_unavailable|budget=11,hgb,history_unavailable,11,D_B_M_C_A,hgb::D_B_M_C_A,False,8,0.6485929332417237,development_shared_id,641,382,0.5959438377535101,0.6907567912638808,0.24051976009537873,0.596171339626837,0.6261602564710033,0.22205312148729656,0.3421170124987925,hgb::D_B_M_P_C_A_K,prevalence,hgb::D_M_P_C_A_K,0.03661578404025834,0.013809404896354183,0.028692494559258486
hgb|history_unavailable|budget=12,hgb,history_unavailable,12,D_B_M_C_A,hgb::D_B_M_C_A,False,8,0.6485929332417237,development_shared_id,641,382,0.5959438377535101,0.6907567912638808,0.24051976009537873,0.596171339626837,0.6261602564710033,0.22205312148729656,0.3421170124987925,hgb::D_B_M_P_C_A_K,prevalence,hgb::D_M_P_C_A_K,0.03661578404025834,0.013809404896354183,0.028692494559258486
hgb|history_unavailable|budget=13,hgb,history_unavailable,13,D_B_M_C_A,hgb::D_B_M_C_A,False,8,0.6485929332417237,development_shared_id,641,382,0.5959438377535101,0.6907567912638808,0.24051976009537873,0.596171339626837,0.6261602564710033,0.22205312148729656,0.3421170124987925,hgb::D_B_M_P_C_A_K,prevalence,hgb::D_M_P_C_A_K,0.03661578404025834,0.013809404896354183,0.028692494559258486
hgb|history_unavailable|budget=14,hgb,history_unavailable,14,D_B_M_C_A,hgb::D_B_M_C_A,False,8,0.6485929332417237,development_shared_id,641,382,0.5959438377535101,0.6907567912638808,0.24051976009537873,0.596171339626837,0.6261602564710033,0.22205312148729656,0.3421170124987925,hgb::D_B_M_P_C_A_K,prevalence,hgb::D_M_P_C_A_K,0.03661578404025834,0.013809404896354183,0.028692494559258486
hgb|history_unavailable|budget=15,hgb,history_unavailable,15,D_P,hgb::D_P,False,15,0.6465103724542357,development_shared_id,641,382,0.5959438377535101,0.6758900190714272,0.23742342840771785,0.6093715256018921,0.6552295681148361,0.2170878674726076,0.47366419157527173,hgb::D_B_M_P_C_A_K,prevalence,hgb::D_M_P_C_A_K,0.021749011847804756,-0.0010573672960993985,0.013825722366804905
hgb|history_unavailable|budget=16,hgb,history_unavailable,16,D_P_C,hgb::D_P_C,False,16,0.6441902261965382,development_shared_id,641,382,0.5959438377535101,0.6746846759326336,0.23682833872149947,0.6104631183165214,0.6520212114116157,0.21203759873371392,0.4866287479727025,hgb::D_B_M_P_C_A_K,prevalence,hgb::D_M_P_C_A_K,0.020543668709011143,-0.0022627104348930116,0.012620379228011291
hgb|history_unavailable|budget=17,hgb,history_unavailable,17,D_M_P_A,hgb::D_M_P_A,False,17,0.640925623536283,development_shared_id,641,382,0.5959438377535101,0.681907396062883,0.23911672231010203,0.6029836867533203,0.644157668786894,0.209332219097438,0.41411972206884046,hgb::D_B_M_P_C_A_K,prevalence,hgb::D_M_P_C_A_K,0.027766388839260525,0.004960009695356371,0.019843099358260674
hgb|history_unavailable|budget=18,hgb,history_unavailable,18,D_M_P_C_A,hgb::D_M_P_C_A,False,18,0.6379512231708448,development_shared_id,641,382,0.5959438377535101,0.6855436882547871,0.24034935773967347,0.5991782732620429,0.6409213863459557,0.21805041457769192,0.3815925811168751,hgb::D_B_M_P_C_A_K,prevalence,hgb::D_M_P_C_A_K,0.031402681031164614,0.00859630188726046,0.023479391550164763
hgb|history_unavailable|budget=19,hgb,history_unavailable,19,D_M_P_C_A,hgb::D_M_P_C_A,False,18,0.6379512231708448,development_shared_id,641,382,0.5959438377535101,0.6855436882547871,0.24034935773967347,0.5991782732620429,0.6409213863459557,0.21805041457769192,0.3815925811168751,hgb::D_B_M_P_C_A_K,prevalence,hgb::D_M_P_C_A_K,0.031402681031164614,0.00859630188726046,0.023479391550164763
hgb|history_unavailable|budget=20,hgb,history_unavailable,20,D_M_P_C_A,hgb::D_M_P_C_A,False,18,0.6379512231708448,development_shared_id,641,382,0.5959438377535101,0.6855436882547871,0.24034935773967347,0.5991782732620429,0.6409213863459557,0.21805041457769192,0.3815925811168751,hgb::D_B_M_P_C_A_K,prevalence,hgb::D_M_P_C_A_K,0.031402681031164614,0.00859630188726046,0.023479391550164763
hgb|history_unavailable|budget=21,hgb,history_unavailable,21,D_M_P_C_A,hgb::D_M_P_C_A,False,18,0.6379512231708448,development_shared_id,641,382,0.5959438377535101,0.6855436882547871,0.24034935773967347,0.5991782732620429,0.6409213863459557,0.21805041457769192,0.3815925811168751,hgb::D_B_M_P_C_A_K,prevalence,hgb::D_M_P_C_A_K,0.031402681031164614,0.00859630188726046,0.023479391550164763
hgb|history_unavailable|budget=22,hgb,history_unavailable,22,D_M_P_C_A,hgb::D_M_P_C_A,False,18,0.6379512231708448,development_shared_id,641,382,0.5959438377535101,0.6855436882547871,0.24034935773967347,0.5991782732620429,0.6409213863459557,0.21805041457769192,0.3815925811168751,hgb::D_B_M_P_C_A_K,prevalence,hgb::D_M_P_C_A_K,0.031402681031164614,0.00859630188726046,0.023479391550164763
hgb|history_unavailable|budget=23,hgb,history_unavailable,23,D_M_P_C_A,hgb::D_M_P_C_A,False,18,0.6379512231708448,development_shared_id,641,382,0.5959438377535101,0.6855436882547871,0.24034935773967347,0.5991782732620429,0.6409213863459557,0.21805041457769192,0.3815925811168751,hgb::D_B_M_P_C_A_K,prevalence,hgb::D_M_P_C_A_K,0.031402681031164614,0.00859630188726046,0.023479391550164763
hgb|history_unavailable|budget=24,hgb,history_unavailable,24,D_M_P_C_A,hgb::D_M_P_C_A,False,18,0.6379512231708448,development_shared_id,641,382,0.5959438377535101,0.6855436882547871,0.24034935773967347,0.5991782732620429,0.6409213863459557,0.21805041457769192,0.3815925811168751,hgb::D_B_M_P_C_A_K,prevalence,hgb::D_M_P_C_A_K,0.031402681031164614,0.00859630188726046,0.023479391550164763
hgb|history_unavailable|budget=25,hgb,history_unavailable,25,D_M_P_C_A,hgb::D_M_P_C_A,False,18,0.6379512231708448,development_shared_id,641,382,0.5959438377535101,0.6855436882547871,0.24034935773967347,0.5991782732620429,0.6409213863459557,0.21805041457769192,0.3815925811168751,hgb::D_B_M_P_C_A_K,prevalence,hgb::D_M_P_C_A_K,0.031402681031164614,0.00859630188726046,0.023479391550164763
hgb|history_unavailable|budget=26,hgb,history_unavailable,26,D_M_P_C_A,hgb::D_M_P_C_A,False,18,0.6379512231708448,development_shared_id,641,382,0.5959438377535101,0.6855436882547871,0.24034935773967347,0.5991782732620429,0.6409213863459557,0.21805041457769192,0.3815925811168751,hgb::D_B_M_P_C_A_K,prevalence,hgb::D_M_P_C_A_K,0.031402681031164614,0.00859630188726046,0.023479391550164763
hgb|history_unavailable|budget=27,hgb,history_unavailable,27,D_P_C_K,hgb::D_P_C_K,False,27,0.6370776595795395,development_shared_id,641,382,0.5959438377535101,0.6554540326653701,0.22954746663186393,0.6441862580606037,0.6949932797674875,0.17641115493379306,0.6930982838276236,hgb::D_B_M_P_C_A_K,prevalence,hgb::D_M_P_C_A_K,0.0013130254417476062,-0.021493353702156548,-0.006610264039252245
hgb|history_unavailable|budget=28,hgb,history_unavailable,28,D_M_P_A_K,hgb::D_M_P_A_K,False,28,0.6344975802563864,development_shared_id,641,382,0.5959438377535101,0.6618627147792588,0.2322060031484924,0.6305615638076372,0.6813773665389775,0.15490661012266466,0.5996848613116686,hgb::D_B_M_P_C_A_K,prevalence,hgb::D_M_P_C_A_K,0.007721707555636392,-0.015084671588267762,-0.00020158192536345876
hgb|history_unavailable|budget=29,hgb,history_unavailable,29,D_M_P_C_A_K,hgb::D_M_P_C_A_K,False,29,0.6317969039258379,development_shared_id,641,382,0.5959438377535101,0.6620642967046223,0.23223281772438514,0.6321736845297055,0.6828961330912706,0.1554902434332707,0.5973568591783945,hgb::D_B_M_P_C_A_K,prevalence,hgb::D_M_P_C_A_K,0.007923289480999851,-0.014883089662904303,0.0
hgb|history_unavailable|budget=30,hgb,history_unavailable,30,D_M_P_C_A_K,hgb::D_M_P_C_A_K,False,29,0.6317969039258379,development_shared_id,641,382,0.5959438377535101,0.6620642967046223,0.23223281772438514,0.6321736845297055,0.6828961330912706,0.1554902434332707,0.5973568591783945,hgb::D_B_M_P_C_A_K,prevalence,hgb::D_M_P_C_A_K,0.007923289480999851,-0.014883089662904303,0.0
