target,domain,policy_id,algorithm,availability,budget,selected_subset,source_model,uses_history,selected_additional_items,development_oof_log_loss,n,events,event_rate,log_loss,brier,roc_auc,average_precision,calibration_intercept,calibration_slope,family_unique_contrasts,joint_critical_value,delta_vs_baseline,joint_upper95_vs_baseline,paired_low95_vs_baseline,paired_high95_vs_baseline,bootstrap_se_vs_baseline,delta_vs_full,joint_upper95_vs_full,paired_low95_vs_full,paired_high95_vs_full,bootstrap_se_vs_full,joint_superior_to_baseline
monthly,whole,ridge|history_available|budget=00,ridge,history_available,0,H,ridge::H,True,0,0.669891877603961,1520,594,0.3907894736842105,0.6590370080025045,0.23343689714676394,0.5829079128215198,0.4362024870072966,-0.1852994347412281,1.1037900095458528,20,0.017569987635634766,-5.272060704397674e-05,0.01751726702859079,-0.0002469689129503405,0.00016874109722102846,0.00010173349213998299,-0.013696182199128715,0.003873805436506051,-0.03107703052723146,0.0031259415630673646,0.008641201320254812,False
monthly,whole,ridge|history_available|budget=01,ridge,history_available,1,H_A,ridge::H_A,True,1,0.6653264522853897,1520,594,0.3907894736842105,0.6831481996720719,0.24531972091346985,0.5563763989789907,0.4182903144332375,-0.3822329116247431,0.45266625486375267,20,0.017569987635634766,0.024058471062521236,0.041628458698156,0.016730996105720684,0.03158532328580459,0.003735504378097012,0.010415009470436498,0.027984997106071264,-0.004031059772112977,0.02474178307307793,0.0072269416365436795,False
monthly,whole,ridge|history_available|budget=02,ridge,history_available,2,H_B_A,ridge::H_B_A,True,2,0.6620537879990125,1520,594,0.3907894736842105,0.6823010516580171,0.24503294745018714,0.5665155878438816,0.4150462284605916,-0.3806722398647205,0.47771789509653834,20,0.017569987635634766,0.023211323048472288,0.04078131068410705,0.014492135339056309,0.032003798747426065,0.004479671682120353,0.00956786145638755,0.027137849092022315,-0.0037837045077269565,0.02279936387241513,0.0067553648827808725,False
monthly,whole,ridge|history_available|budget=03,ridge,history_available,3,H_B_A,ridge::H_B_A,True,2,0.6620537879990125,1520,594,0.3907894736842105,0.6823010516580171,0.24503294745018714,0.5665155878438816,0.4150462284605916,-0.3806722398647205,0.47771789509653834,20,0.017569987635634766,0.023211323048472288,0.04078131068410705,0.014492135339056309,0.032003798747426065,0.004479671682120353,0.00956786145638755,0.027137849092022315,-0.0037837045077269565,0.02279936387241513,0.0067553648827808725,False
monthly,whole,ridge|history_available|budget=04,ridge,history_available,4,H_D,ridge::H_D,True,4,0.6444425682898658,1520,594,0.3907894736842105,0.6563067308368015,0.23271682435732827,0.6186041480317939,0.47178680206010265,-0.29537613281916747,0.741188350895025,20,0.017569987635634766,-0.002782997772745266,0.0147869898628895,-0.013278213284369098,0.008061643988374079,0.005474208888589257,-0.016426459364830004,0.0011435282708047619,-0.027184998642570887,-0.0055015718225695275,0.005493763189979645,False
monthly,whole,ridge|history_available|budget=05,ridge,history_available,5,H_D_A,ridge::H_D_A,True,5,0.6403348738197754,1520,594,0.3907894736842105,0.6849988343616684,0.24551039903091912,0.5938806713644726,0.43284931641059776,-0.3949082138437349,0.4784326530120319,20,0.017569987635634766,0.02590910575211902,0.043479093387753784,0.011970007825878246,0.040848378144936325,0.007371458826631369,0.012265644160034284,0.02983563179566905,0.004403237692966452,0.020389094052087588,0.004102847187506076,False
monthly,whole,ridge|history_available|budget=06,ridge,history_available,6,H_D_B_A,ridge::H_D_B_A,True,6,0.6388268554551306,1520,594,0.3907894736842105,0.6837852129030157,0.2449093049158754,0.5995629440553846,0.4348160671529552,-0.3953916072248689,0.49050630595391886,20,0.017569987635634766,0.024695484293466574,0.042265471929101336,0.01006696962261262,0.04034637595151048,0.007772977406488157,0.011052022701381836,0.028622010337016602,0.0037187570452569484,0.017995610894755067,0.0036224351988873873,False
monthly,whole,ridge|history_available|budget=07,ridge,history_available,7,H_D_B_A,ridge::H_D_B_A,True,6,0.6388268554551306,1520,594,0.3907894736842105,0.6837852129030157,0.2449093049158754,0.5995629440553846,0.4348160671529552,-0.3953916072248689,0.49050630595391886,20,0.017569987635634766,0.024695484293466574,0.042265471929101336,0.01006696962261262,0.04034637595151048,0.007772977406488157,0.011052022701381836,0.028622010337016602,0.0037187570452569484,0.017995610894755067,0.0036224351988873873,False
monthly,whole,ridge|history_available|budget=08,ridge,history_available,8,H_D_B_A,ridge::H_D_B_A,True,6,0.6388268554551306,1520,594,0.3907894736842105,0.6837852129030157,0.2449093049158754,0.5995629440553846,0.4348160671529552,-0.3953916072248689,0.49050630595391886,20,0.017569987635634766,0.024695484293466574,0.042265471929101336,0.01006696962261262,0.04034637595151048,0.007772977406488157,0.011052022701381836,0.028622010337016602,0.0037187570452569484,0.017995610894755067,0.0036224351988873873,False
monthly,whole,ridge|history_available|budget=09,ridge,history_available,9,H_D_B_A,ridge::H_D_B_A,True,6,0.6388268554551306,1520,594,0.3907894736842105,0.6837852129030157,0.2449093049158754,0.5995629440553846,0.4348160671529552,-0.3953916072248689,0.49050630595391886,20,0.017569987635634766,0.024695484293466574,0.042265471929101336,0.01006696962261262,0.04034637595151048,0.007772977406488157,0.011052022701381836,0.028622010337016602,0.0037187570452569484,0.017995610894755067,0.0036224351988873873,False
monthly,whole,ridge|history_available|budget=10,ridge,history_available,10,H_D_B_A,ridge::H_D_B_A,True,6,0.6388268554551306,1520,594,0.3907894736842105,0.6837852129030157,0.2449093049158754,0.5995629440553846,0.4348160671529552,-0.3953916072248689,0.49050630595391886,20,0.017569987635634766,0.024695484293466574,0.042265471929101336,0.01006696962261262,0.04034637595151048,0.007772977406488157,0.011052022701381836,0.028622010337016602,0.0037187570452569484,0.017995610894755067,0.0036224351988873873,False
monthly,whole,ridge|history_available|budget=11,ridge,history_available,11,H_D_B_A,ridge::H_D_B_A,True,6,0.6388268554551306,1520,594,0.3907894736842105,0.6837852129030157,0.2449093049158754,0.5995629440553846,0.4348160671529552,-0.3953916072248689,0.49050630595391886,20,0.017569987635634766,0.024695484293466574,0.042265471929101336,0.01006696962261262,0.04034637595151048,0.007772977406488157,0.011052022701381836,0.028622010337016602,0.0037187570452569484,0.017995610894755067,0.0036224351988873873,False
monthly,whole,ridge|history_available|budget=12,ridge,history_available,12,H_D_B_A,ridge::H_D_B_A,True,6,0.6388268554551306,1520,594,0.3907894736842105,0.6837852129030157,0.2449093049158754,0.5995629440553846,0.4348160671529552,-0.3953916072248689,0.49050630595391886,20,0.017569987635634766,0.024695484293466574,0.042265471929101336,0.01006696962261262,0.04034637595151048,0.007772977406488157,0.011052022701381836,0.028622010337016602,0.0037187570452569484,0.017995610894755067,0.0036224351988873873,False
monthly,whole,ridge|history_available|budget=13,ridge,history_available,13,H_D_B_A,ridge::H_D_B_A,True,6,0.6388268554551306,1520,594,0.3907894736842105,0.6837852129030157,0.2449093049158754,0.5995629440553846,0.4348160671529552,-0.3953916072248689,0.49050630595391886,20,0.017569987635634766,0.024695484293466574,0.042265471929101336,0.01006696962261262,0.04034637595151048,0.007772977406488157,0.011052022701381836,0.028622010337016602,0.0037187570452569484,0.017995610894755067,0.0036224351988873873,False
monthly,whole,ridge|history_available|budget=14,ridge,history_available,14,H_D_B_A,ridge::H_D_B_A,True,6,0.6388268554551306,1520,594,0.3907894736842105,0.6837852129030157,0.2449093049158754,0.5995629440553846,0.4348160671529552,-0.3953916072248689,0.49050630595391886,20,0.017569987635634766,0.024695484293466574,0.042265471929101336,0.01006696962261262,0.04034637595151048,0.007772977406488157,0.011052022701381836,0.028622010337016602,0.0037187570452569484,0.017995610894755067,0.0036224351988873873,False
monthly,whole,ridge|history_available|budget=15,ridge,history_available,15,H_D_K,ridge::H_D_K,True,15,0.6375209814080348,1520,594,0.3907894736842105,0.6391747523501157,0.22445883780726208,0.6544167375700852,0.5227105208771339,-0.2356530032828801,0.8532633233090503,20,0.017569987635634766,-0.01991497625943195,-0.0023449886237971833,-0.03224570852690116,-0.007060841950788184,0.006474396205789233,-0.03355843785151669,-0.01598845021588192,-0.04225663140827693,-0.025106379771410305,0.004292626653731387,True
monthly,whole,ridge|history_available|budget=16,ridge,history_available,16,H_D_A_K,ridge::H_D_A_K,True,16,0.6334423649892521,1520,594,0.3907894736842105,0.6687309322740428,0.23789510421975363,0.6222783995462181,0.4779791203086516,-0.36120192858573136,0.573948719903327,20,0.017569987635634766,0.00964120366449328,0.027211191300128047,-0.00598956633857062,0.025795295462099403,0.008156054804587563,-0.004002257927591457,0.013567729708043309,-0.008212090494200417,3.057547373521933e-05,0.0021021589379922935,False
monthly,whole,ridge|history_available|budget=17,ridge,history_available,17,H_D_B_A_K,ridge::H_D_B_A_K,True,17,0.6322907917051597,1520,594,0.3907894736842105,0.6682746496092846,0.23760688218973305,0.6267816756477664,0.4759948512707868,-0.3639286600247223,0.5735753277154472,20,0.017569987635634766,0.009184920999735335,0.0267549086353701,-0.006847394860946245,0.026061900579494236,0.008471523273025775,-0.004458540592349403,0.013111447043285363,-0.007010110950384252,-0.002056230142785158,0.0012905847175966945,False
monthly,whole,ridge|history_available|budget=18,ridge,history_available,18,H_D_B_A_K,ridge::H_D_B_A_K,True,17,0.6322907917051597,1520,594,0.3907894736842105,0.6682746496092846,0.23760688218973305,0.6267816756477664,0.4759948512707868,-0.3639286600247223,0.5735753277154472,20,0.017569987635634766,0.009184920999735335,0.0267549086353701,-0.006847394860946245,0.026061900579494236,0.008471523273025775,-0.004458540592349403,0.013111447043285363,-0.007010110950384252,-0.002056230142785158,0.0012905847175966945,False
monthly,whole,ridge|history_available|budget=19,ridge,history_available,19,H_D_B_A_K,ridge::H_D_B_A_K,True,17,0.6322907917051597,1520,594,0.3907894736842105,0.6682746496092846,0.23760688218973305,0.6267816756477664,0.4759948512707868,-0.3639286600247223,0.5735753277154472,20,0.017569987635634766,0.009184920999735335,0.0267549086353701,-0.006847394860946245,0.026061900579494236,0.008471523273025775,-0.004458540592349403,0.013111447043285363,-0.007010110950384252,-0.002056230142785158,0.0012905847175966945,False
monthly,whole,ridge|history_available|budget=20,ridge,history_available,20,H_D_B_A_K,ridge::H_D_B_A_K,True,17,0.6322907917051597,1520,594,0.3907894736842105,0.6682746496092846,0.23760688218973305,0.6267816756477664,0.4759948512707868,-0.3639286600247223,0.5735753277154472,20,0.017569987635634766,0.009184920999735335,0.0267549086353701,-0.006847394860946245,0.026061900579494236,0.008471523273025775,-0.004458540592349403,0.013111447043285363,-0.007010110950384252,-0.002056230142785158,0.0012905847175966945,False
monthly,whole,ridge|history_available|budget=21,ridge,history_available,21,H_D_B_A_K,ridge::H_D_B_A_K,True,17,0.6322907917051597,1520,594,0.3907894736842105,0.6682746496092846,0.23760688218973305,0.6267816756477664,0.4759948512707868,-0.3639286600247223,0.5735753277154472,20,0.017569987635634766,0.009184920999735335,0.0267549086353701,-0.006847394860946245,0.026061900579494236,0.008471523273025775,-0.004458540592349403,0.013111447043285363,-0.007010110950384252,-0.002056230142785158,0.0012905847175966945,False
monthly,whole,ridge|history_available|budget=22,ridge,history_available,22,H_D_B_A_K,ridge::H_D_B_A_K,True,17,0.6322907917051597,1520,594,0.3907894736842105,0.6682746496092846,0.23760688218973305,0.6267816756477664,0.4759948512707868,-0.3639286600247223,0.5735753277154472,20,0.017569987635634766,0.009184920999735335,0.0267549086353701,-0.006847394860946245,0.026061900579494236,0.008471523273025775,-0.004458540592349403,0.013111447043285363,-0.007010110950384252,-0.002056230142785158,0.0012905847175966945,False
monthly,whole,ridge|history_available|budget=23,ridge,history_available,23,H_D_B_A_K,ridge::H_D_B_A_K,True,17,0.6322907917051597,1520,594,0.3907894736842105,0.6682746496092846,0.23760688218973305,0.6267816756477664,0.4759948512707868,-0.3639286600247223,0.5735753277154472,20,0.017569987635634766,0.009184920999735335,0.0267549086353701,-0.006847394860946245,0.026061900579494236,0.008471523273025775,-0.004458540592349403,0.013111447043285363,-0.007010110950384252,-0.002056230142785158,0.0012905847175966945,False
monthly,whole,ridge|history_available|budget=24,ridge,history_available,24,H_D_B_A_K,ridge::H_D_B_A_K,True,17,0.6322907917051597,1520,594,0.3907894736842105,0.6682746496092846,0.23760688218973305,0.6267816756477664,0.4759948512707868,-0.3639286600247223,0.5735753277154472,20,0.017569987635634766,0.009184920999735335,0.0267549086353701,-0.006847394860946245,0.026061900579494236,0.008471523273025775,-0.004458540592349403,0.013111447043285363,-0.007010110950384252,-0.002056230142785158,0.0012905847175966945,False
monthly,whole,ridge|history_available|budget=25,ridge,history_available,25,H_D_B_A_K,ridge::H_D_B_A_K,True,17,0.6322907917051597,1520,594,0.3907894736842105,0.6682746496092846,0.23760688218973305,0.6267816756477664,0.4759948512707868,-0.3639286600247223,0.5735753277154472,20,0.017569987635634766,0.009184920999735335,0.0267549086353701,-0.006847394860946245,0.026061900579494236,0.008471523273025775,-0.004458540592349403,0.013111447043285363,-0.007010110950384252,-0.002056230142785158,0.0012905847175966945,False
monthly,whole,ridge|history_available|budget=26,ridge,history_available,26,H_D_B_A_K,ridge::H_D_B_A_K,True,17,0.6322907917051597,1520,594,0.3907894736842105,0.6682746496092846,0.23760688218973305,0.6267816756477664,0.4759948512707868,-0.3639286600247223,0.5735753277154472,20,0.017569987635634766,0.009184920999735335,0.0267549086353701,-0.006847394860946245,0.026061900579494236,0.008471523273025775,-0.004458540592349403,0.013111447043285363,-0.007010110950384252,-0.002056230142785158,0.0012905847175966945,False
monthly,whole,ridge|history_available|budget=27,ridge,history_available,27,H_D_B_A_K,ridge::H_D_B_A_K,True,17,0.6322907917051597,1520,594,0.3907894736842105,0.6682746496092846,0.23760688218973305,0.6267816756477664,0.4759948512707868,-0.3639286600247223,0.5735753277154472,20,0.017569987635634766,0.009184920999735335,0.0267549086353701,-0.006847394860946245,0.026061900579494236,0.008471523273025775,-0.004458540592349403,0.013111447043285363,-0.007010110950384252,-0.002056230142785158,0.0012905847175966945,False
monthly,whole,ridge|history_available|budget=28,ridge,history_available,28,H_D_B_P_A_K,ridge::H_D_B_P_A_K,True,28,0.6319125986967781,1520,594,0.3907894736842105,0.6703690404524028,0.23848791329335803,0.6221984059457062,0.4751024665704646,-0.3584423536426468,0.5511378867984549,20,0.017569987635634766,0.011279311842854467,0.028849299478489233,-0.0053525703933384626,0.02826108985975323,0.008539812813426634,-0.002364149749230271,0.015205837886404495,-0.004073914518243677,-0.0007840039268014803,0.0008328567523209324,False
monthly,whole,ridge|history_available|budget=29,ridge,history_available,29,H_D_B_P_A_K,ridge::H_D_B_P_A_K,True,28,0.6319125986967781,1520,594,0.3907894736842105,0.6703690404524028,0.23848791329335803,0.6221984059457062,0.4751024665704646,-0.3584423536426468,0.5511378867984549,20,0.017569987635634766,0.011279311842854467,0.028849299478489233,-0.0053525703933384626,0.02826108985975323,0.008539812813426634,-0.002364149749230271,0.015205837886404495,-0.004073914518243677,-0.0007840039268014803,0.0008328567523209324,False
monthly,whole,ridge|history_available|budget=30,ridge,history_available,30,H_D_B_P_A_K,ridge::H_D_B_P_A_K,True,28,0.6319125986967781,1520,594,0.3907894736842105,0.6703690404524028,0.23848791329335803,0.6221984059457062,0.4751024665704646,-0.3584423536426468,0.5511378867984549,20,0.017569987635634766,0.011279311842854467,0.028849299478489233,-0.0053525703933384626,0.02826108985975323,0.008539812813426634,-0.002364149749230271,0.015205837886404495,-0.004073914518243677,-0.0007840039268014803,0.0008328567523209324,False
monthly,whole,ridge|history_unavailable|budget=00,ridge,history_unavailable,0,NONE,ridge::NONE,False,0,0.6835049913737833,1520,594,0.3907894736842105,0.6723860205485396,0.23967065698201265,0.5,0.3907894736842105,,,19,0.018794734309650656,0.0,0.0,0.0,0.0,0.0,-0.00664661284234902,0.012148121467301636,-0.024948943618955322,0.011589104547371663,0.009339129841909885,False
monthly,whole,ridge|history_unavailable|budget=01,ridge,history_unavailable,1,A,ridge::A,False,1,0.6768594110722397,1520,594,0.3907894736842105,0.6963022527318284,0.25152922678435136,0.48897179134760127,0.38577260190969687,-0.46660942835705266,-0.1464890070381136,19,0.018794734309650656,0.023916232183293196,0.042710966492943855,0.015181198996941866,0.03279976167939594,0.0044907386018272835,0.017269619340944176,0.036064353650594835,0.0021302025947092687,0.03204537095147668,0.007586039437799885,False
monthly,whole,ridge|history_unavailable|budget=02,ridge,history_unavailable,2,B_A,ridge::B_A,False,2,0.6713562513598216,1520,594,0.3907894736842105,0.6924798592336207,0.2496885304605445,0.527919584615049,0.39726764041301293,-0.4170420118146751,0.17869067018464743,19,0.018794734309650656,0.020093838685080634,0.038888572994731294,0.009382086621950383,0.030621909885882825,0.005424094172710044,0.013447225842731614,0.032241960152382274,-0.0001299207534057599,0.02696833311349952,0.0069344753187789805,False
monthly,whole,ridge|history_unavailable|budget=03,ridge,history_unavailable,3,B_A,ridge::B_A,False,2,0.6713562513598216,1520,594,0.3907894736842105,0.6924798592336207,0.2496885304605445,0.527919584615049,0.39726764041301293,-0.4170420118146751,0.17869067018464743,19,0.018794734309650656,0.020093838685080634,0.038888572994731294,0.009382086621950383,0.030621909885882825,0.005424094172710044,0.013447225842731614,0.032241960152382274,-0.0001299207534057599,0.02696833311349952,0.0069344753187789805,False
monthly,whole,ridge|history_unavailable|budget=04,ridge,history_unavailable,4,D,ridge::D,False,4,0.6568160240143509,1520,594,0.3907894736842105,0.665126417552721,0.23657643984763937,0.5850231981441485,0.45356069108646413,-0.2792768805402848,0.6639310453951359,19,0.018794734309650656,-0.007259602995819847,0.011535131313830809,-0.01836497273967475,0.004427456285402539,0.005719507774883122,-0.013906215838168867,0.004888518471481789,-0.026266783256431878,-0.0015707037039664217,0.006282597970595764,False
monthly,whole,ridge|history_unavailable|budget=05,ridge,history_unavailable,5,D_A,ridge::D_A,False,5,0.6508830703941177,1520,594,0.3907894736842105,0.6939097340180052,0.24995163088859487,0.5611632887550815,0.4187761628794696,-0.39929144850919873,0.3497834587879559,19,0.018794734309650656,0.021523713469465244,0.040318447779115904,0.0062041924695414195,0.03712531486157123,0.0079378210314895,0.014877100627116224,0.033671834936766884,0.006275651518007169,0.02392129468024841,0.0044870044742955344,False
monthly,whole,ridge|history_unavailable|budget=06,ridge,history_unavailable,6,D_B_A,ridge::D_B_A,False,6,0.6478313353133246,1520,594,0.3907894736842105,0.6903834059330525,0.248193215839968,0.5745667619317727,0.4257954364769639,-0.39392436698069394,0.40598720133660343,19,0.018794734309650656,0.017997385384511677,0.03679211969416234,0.001809271346596056,0.03484436900941571,0.008503153429308019,0.011350772542162657,0.030145506851813313,0.004105388429845791,0.018688994120790035,0.0038065809580134194,False
monthly,whole,ridge|history_unavailable|budget=07,ridge,history_unavailable,7,D_B_A,ridge::D_B_A,False,6,0.6478313353133246,1520,594,0.3907894736842105,0.6903834059330525,0.248193215839968,0.5745667619317727,0.4257954364769639,-0.39392436698069394,0.40598720133660343,19,0.018794734309650656,0.017997385384511677,0.03679211969416234,0.001809271346596056,0.03484436900941571,0.008503153429308019,0.011350772542162657,0.030145506851813313,0.004105388429845791,0.018688994120790035,0.0038065809580134194,False
monthly,whole,ridge|history_unavailable|budget=08,ridge,history_unavailable,8,D_B_A,ridge::D_B_A,False,6,0.6478313353133246,1520,594,0.3907894736842105,0.6903834059330525,0.248193215839968,0.5745667619317727,0.4257954364769639,-0.39392436698069394,0.40598720133660343,19,0.018794734309650656,0.017997385384511677,0.03679211969416234,0.001809271346596056,0.03484436900941571,0.008503153429308019,0.011350772542162657,0.030145506851813313,0.004105388429845791,0.018688994120790035,0.0038065809580134194,False
monthly,whole,ridge|history_unavailable|budget=09,ridge,history_unavailable,9,D_B_A,ridge::D_B_A,False,6,0.6478313353133246,1520,594,0.3907894736842105,0.6903834059330525,0.248193215839968,0.5745667619317727,0.4257954364769639,-0.39392436698069394,0.40598720133660343,19,0.018794734309650656,0.017997385384511677,0.03679211969416234,0.001809271346596056,0.03484436900941571,0.008503153429308019,0.011350772542162657,0.030145506851813313,0.004105388429845791,0.018688994120790035,0.0038065809580134194,False
monthly,whole,ridge|history_unavailable|budget=10,ridge,history_unavailable,10,D_B_A,ridge::D_B_A,False,6,0.6478313353133246,1520,594,0.3907894736842105,0.6903834059330525,0.248193215839968,0.5745667619317727,0.4257954364769639,-0.39392436698069394,0.40598720133660343,19,0.018794734309650656,0.017997385384511677,0.03679211969416234,0.001809271346596056,0.03484436900941571,0.008503153429308019,0.011350772542162657,0.030145506851813313,0.004105388429845791,0.018688994120790035,0.0038065809580134194,False
monthly,whole,ridge|history_unavailable|budget=11,ridge,history_unavailable,11,D_B_A,ridge::D_B_A,False,6,0.6478313353133246,1520,594,0.3907894736842105,0.6903834059330525,0.248193215839968,0.5745667619317727,0.4257954364769639,-0.39392436698069394,0.40598720133660343,19,0.018794734309650656,0.017997385384511677,0.03679211969416234,0.001809271346596056,0.03484436900941571,0.008503153429308019,0.011350772542162657,0.030145506851813313,0.004105388429845791,0.018688994120790035,0.0038065809580134194,False
monthly,whole,ridge|history_unavailable|budget=12,ridge,history_unavailable,12,D_B_A,ridge::D_B_A,False,6,0.6478313353133246,1520,594,0.3907894736842105,0.6903834059330525,0.248193215839968,0.5745667619317727,0.4257954364769639,-0.39392436698069394,0.40598720133660343,19,0.018794734309650656,0.017997385384511677,0.03679211969416234,0.001809271346596056,0.03484436900941571,0.008503153429308019,0.011350772542162657,0.030145506851813313,0.004105388429845791,0.018688994120790035,0.0038065809580134194,False
monthly,whole,ridge|history_unavailable|budget=13,ridge,history_unavailable,13,D_B_A,ridge::D_B_A,False,6,0.6478313353133246,1520,594,0.3907894736842105,0.6903834059330525,0.248193215839968,0.5745667619317727,0.4257954364769639,-0.39392436698069394,0.40598720133660343,19,0.018794734309650656,0.017997385384511677,0.03679211969416234,0.001809271346596056,0.03484436900941571,0.008503153429308019,0.011350772542162657,0.030145506851813313,0.004105388429845791,0.018688994120790035,0.0038065809580134194,False
monthly,whole,ridge|history_unavailable|budget=14,ridge,history_unavailable,14,D_B_A,ridge::D_B_A,False,6,0.6478313353133246,1520,594,0.3907894736842105,0.6903834059330525,0.248193215839968,0.5745667619317727,0.4257954364769639,-0.39392436698069394,0.40598720133660343,19,0.018794734309650656,0.017997385384511677,0.03679211969416234,0.001809271346596056,0.03484436900941571,0.008503153429308019,0.011350772542162657,0.030145506851813313,0.004105388429845791,0.018688994120790035,0.0038065809580134194,False
monthly,whole,ridge|history_unavailable|budget=15,ridge,history_unavailable,15,D_K,ridge::D_K,False,15,0.6476653957528373,1520,594,0.3907894736842105,0.6473487190138392,0.2279418105223644,0.6298096152307815,0.5182255072232157,-0.20278647681527964,0.8224651278344761,19,0.018794734309650656,-0.025037301534701073,-0.006242567225050417,-0.03818810000495682,-0.011472637872976092,0.00684401405429265,-0.03168391437705009,-0.012889180067399437,-0.041694118915393846,-0.021609077177585298,0.00503392139006733,True
monthly,whole,ridge|history_unavailable|budget=16,ridge,history_unavailable,16,D_A_K,ridge::D_A_K,False,16,0.6418943689389565,1520,594,0.3907894736842105,0.6767853465294392,0.24175794839278514,0.5955141770476544,0.47577142922269244,-0.35670520044523873,0.5042793339847021,19,0.018794734309650656,0.0043993259808983165,0.023194060290548973,-0.012844083985318569,0.021641339571836185,0.008784306026987978,-0.0022472868614507036,0.016547447448199953,-0.007059906189857601,0.0024056367211057607,0.0024840528456303184,False
monthly,whole,ridge|history_unavailable|budget=17,ridge,history_unavailable,17,D_B_A_K,ridge::D_B_A_K,False,17,0.6396683524051824,1520,594,0.3907894736842105,0.6747722145609071,0.24076122961311439,0.6047752543432889,0.4728029803191288,-0.35749686470978836,0.5221914471163087,19,0.018794734309650656,0.002386194012366172,0.021180928322016828,-0.015711884714691194,0.020746896774068116,0.009214180264877175,-0.004260418829982848,0.014534315479667808,-0.006840104268421734,-0.0017579227760173245,0.0012981027976758399,False
monthly,whole,ridge|history_unavailable|budget=18,ridge,history_unavailable,18,D_B_A_K,ridge::D_B_A_K,False,17,0.6396683524051824,1520,594,0.3907894736842105,0.6747722145609071,0.24076122961311439,0.6047752543432889,0.4728029803191288,-0.35749686470978836,0.5221914471163087,19,0.018794734309650656,0.002386194012366172,0.021180928322016828,-0.015711884714691194,0.020746896774068116,0.009214180264877175,-0.004260418829982848,0.014534315479667808,-0.006840104268421734,-0.0017579227760173245,0.0012981027976758399,False
monthly,whole,ridge|history_unavailable|budget=19,ridge,history_unavailable,19,D_B_A_K,ridge::D_B_A_K,False,17,0.6396683524051824,1520,594,0.3907894736842105,0.6747722145609071,0.24076122961311439,0.6047752543432889,0.4728029803191288,-0.35749686470978836,0.5221914471163087,19,0.018794734309650656,0.002386194012366172,0.021180928322016828,-0.015711884714691194,0.020746896774068116,0.009214180264877175,-0.004260418829982848,0.014534315479667808,-0.006840104268421734,-0.0017579227760173245,0.0012981027976758399,False
monthly,whole,ridge|history_unavailable|budget=20,ridge,history_unavailable,20,D_B_A_K,ridge::D_B_A_K,False,17,0.6396683524051824,1520,594,0.3907894736842105,0.6747722145609071,0.24076122961311439,0.6047752543432889,0.4728029803191288,-0.35749686470978836,0.5221914471163087,19,0.018794734309650656,0.002386194012366172,0.021180928322016828,-0.015711884714691194,0.020746896774068116,0.009214180264877175,-0.004260418829982848,0.014534315479667808,-0.006840104268421734,-0.0017579227760173245,0.0012981027976758399,False
monthly,whole,ridge|history_unavailable|budget=21,ridge,history_unavailable,21,D_B_A_K,ridge::D_B_A_K,False,17,0.6396683524051824,1520,594,0.3907894736842105,0.6747722145609071,0.24076122961311439,0.6047752543432889,0.4728029803191288,-0.35749686470978836,0.5221914471163087,19,0.018794734309650656,0.002386194012366172,0.021180928322016828,-0.015711884714691194,0.020746896774068116,0.009214180264877175,-0.004260418829982848,0.014534315479667808,-0.006840104268421734,-0.0017579227760173245,0.0012981027976758399,False
monthly,whole,ridge|history_unavailable|budget=22,ridge,history_unavailable,22,D_B_A_K,ridge::D_B_A_K,False,17,0.6396683524051824,1520,594,0.3907894736842105,0.6747722145609071,0.24076122961311439,0.6047752543432889,0.4728029803191288,-0.35749686470978836,0.5221914471163087,19,0.018794734309650656,0.002386194012366172,0.021180928322016828,-0.015711884714691194,0.020746896774068116,0.009214180264877175,-0.004260418829982848,0.014534315479667808,-0.006840104268421734,-0.0017579227760173245,0.0012981027976758399,False
monthly,whole,ridge|history_unavailable|budget=23,ridge,history_unavailable,23,D_B_A_K,ridge::D_B_A_K,False,17,0.6396683524051824,1520,594,0.3907894736842105,0.6747722145609071,0.24076122961311439,0.6047752543432889,0.4728029803191288,-0.35749686470978836,0.5221914471163087,19,0.018794734309650656,0.002386194012366172,0.021180928322016828,-0.015711884714691194,0.020746896774068116,0.009214180264877175,-0.004260418829982848,0.014534315479667808,-0.006840104268421734,-0.0017579227760173245,0.0012981027976758399,False
monthly,whole,ridge|history_unavailable|budget=24,ridge,history_unavailable,24,D_B_A_K,ridge::D_B_A_K,False,17,0.6396683524051824,1520,594,0.3907894736842105,0.6747722145609071,0.24076122961311439,0.6047752543432889,0.4728029803191288,-0.35749686470978836,0.5221914471163087,19,0.018794734309650656,0.002386194012366172,0.021180928322016828,-0.015711884714691194,0.020746896774068116,0.009214180264877175,-0.004260418829982848,0.014534315479667808,-0.006840104268421734,-0.0017579227760173245,0.0012981027976758399,False
monthly,whole,ridge|history_unavailable|budget=25,ridge,history_unavailable,25,D_B_A_K,ridge::D_B_A_K,False,17,0.6396683524051824,1520,594,0.3907894736842105,0.6747722145609071,0.24076122961311439,0.6047752543432889,0.4728029803191288,-0.35749686470978836,0.5221914471163087,19,0.018794734309650656,0.002386194012366172,0.021180928322016828,-0.015711884714691194,0.020746896774068116,0.009214180264877175,-0.004260418829982848,0.014534315479667808,-0.006840104268421734,-0.0017579227760173245,0.0012981027976758399,False
monthly,whole,ridge|history_unavailable|budget=26,ridge,history_unavailable,26,D_B_A_K,ridge::D_B_A_K,False,17,0.6396683524051824,1520,594,0.3907894736842105,0.6747722145609071,0.24076122961311439,0.6047752543432889,0.4728029803191288,-0.35749686470978836,0.5221914471163087,19,0.018794734309650656,0.002386194012366172,0.021180928322016828,-0.015711884714691194,0.020746896774068116,0.009214180264877175,-0.004260418829982848,0.014534315479667808,-0.006840104268421734,-0.0017579227760173245,0.0012981027976758399,False
monthly,whole,ridge|history_unavailable|budget=27,ridge,history_unavailable,27,D_B_A_K,ridge::D_B_A_K,False,17,0.6396683524051824,1520,594,0.3907894736842105,0.6747722145609071,0.24076122961311439,0.6047752543432889,0.4728029803191288,-0.35749686470978836,0.5221914471163087,19,0.018794734309650656,0.002386194012366172,0.021180928322016828,-0.015711884714691194,0.020746896774068116,0.009214180264877175,-0.004260418829982848,0.014534315479667808,-0.006840104268421734,-0.0017579227760173245,0.0012981027976758399,False
monthly,whole,ridge|history_unavailable|budget=28,ridge,history_unavailable,28,D_B_P_A_K,ridge::D_B_P_A_K,False,28,0.6392629600354856,1520,594,0.3907894736842105,0.6775465711736354,0.241864721833265,0.5999038258757482,0.47248756312154316,-0.3548639780082735,0.4918023116451985,19,0.018794734309650656,0.005160550625095572,0.02395528493474623,-0.01251531122746522,0.02347537926766969,0.009264553071500328,-0.0014860622172534477,0.01730867209239721,-0.002940721391395268,1.623604914434824e-05,0.0007697411359459587,False
monthly,whole,ridge|history_unavailable|budget=29,ridge,history_unavailable,29,D_B_P_A_K,ridge::D_B_P_A_K,False,28,0.6392629600354856,1520,594,0.3907894736842105,0.6775465711736354,0.241864721833265,0.5999038258757482,0.47248756312154316,-0.3548639780082735,0.4918023116451985,19,0.018794734309650656,0.005160550625095572,0.02395528493474623,-0.01251531122746522,0.02347537926766969,0.009264553071500328,-0.0014860622172534477,0.01730867209239721,-0.002940721391395268,1.623604914434824e-05,0.0007697411359459587,False
monthly,whole,ridge|history_unavailable|budget=30,ridge,history_unavailable,30,D_B_P_A_K,ridge::D_B_P_A_K,False,28,0.6392629600354856,1520,594,0.3907894736842105,0.6775465711736354,0.241864721833265,0.5999038258757482,0.47248756312154316,-0.3548639780082735,0.4918023116451985,19,0.018794734309650656,0.005160550625095572,0.02395528493474623,-0.01251531122746522,0.02347537926766969,0.009264553071500328,-0.0014860622172534477,0.01730867209239721,-0.002940721391395268,1.623604914434824e-05,0.0007697411359459587,False
monthly,whole,hgb|history_available|budget=00,hgb,history_available,0,H,hgb::H,True,0,0.66992805107656,1520,594,0.3907894736842105,0.6590426498845029,0.23345043609704455,0.5829079128215198,0.4362024870072966,-0.19174586589502912,1.0803681969566745,29,0.017467825682193797,-4.707872504872146e-05,0.017420746957145076,-7.974212189814368e-05,-1.0524044518076e-05,1.7440579007763687e-05,-0.004494016901197773,0.012973808780996025,-0.018920667808827892,0.009918170803796214,0.00744871280196642,False
monthly,whole,hgb|history_available|budget=01,hgb,history_available,1,H_B,hgb::H_B,True,1,0.661433159416462,1520,594,0.3907894736842105,0.6546860137671998,0.23226597082003808,0.5824415864912625,0.44024231969158595,-0.2260296970239161,0.891242064654498,29,0.017467825682193797,-0.004403714842345363,0.013064110839848434,-0.01070696351490193,0.0025088994799816002,0.0034412045264883254,-0.008850653018494414,0.008617172663699383,-0.023166166288719453,0.005299535632719314,0.007391947157730703,False
monthly,whole,hgb|history_available|budget=02,hgb,history_available,2,H_B_A,hgb::H_B_A,True,2,0.6581088289156036,1520,594,0.3907894736842105,0.6810579892483103,0.24505823921593275,0.5547401662412462,0.40820728925084593,-0.3758430231287126,0.48876327789867036,29,0.017467825682193797,0.021968260638770887,0.03943608632096468,0.01099587946960913,0.0326770031707106,0.005520691371645276,0.017521322462621836,0.03498914814481563,0.0037397577763244763,0.031504012768755404,0.007161707416508004,False
monthly,whole,hgb|history_available|budget=03,hgb,history_available,3,H_B_M_A,hgb::H_B_M_A,True,3,0.6562688329861406,1520,594,0.3907894736842105,0.6856541558486087,0.24668683136481892,0.5524821650631585,0.3948392326583401,-0.38399507403408073,0.4170890853382707,29,0.017467825682193797,0.026564427239059496,0.04403225292125329,0.016586206919744433,0.036941667781216686,0.00499817918742802,0.022117489062910445,0.03958531474510424,0.008636433561895838,0.036104413916430114,0.007012336738519086,False
monthly,whole,hgb|history_available|budget=04,hgb,history_available,4,H_D,hgb::H_D,True,4,0.6394616868840016,1520,594,0.3907894736842105,0.6560040796260069,0.23223516030264096,0.6254208754208754,0.4822826319044531,-0.2874252535915893,0.6941981139251056,29,0.017467825682193797,-0.003085648983541911,0.014382176698651886,-0.014854212851285348,0.009728207903883245,0.006254989819463308,-0.007532587159690962,0.009935238522502835,-0.01895559614618076,0.0036788721061500242,0.005892141789539957,False
monthly,whole,hgb|history_available|budget=05,hgb,history_available,5,H_D_B,hgb::H_D_B,True,5,0.6320526968305438,1520,594,0.3907894736842105,0.6545500332248899,0.23183121295873146,0.6248763735264815,0.46519044193354336,-0.2911756147005829,0.6947701593274641,29,0.017467825682193797,-0.004539695384659037,0.01292813029753476,-0.016753665774861558,0.008605127450123424,0.006661810569761897,-0.008986633560808088,0.008481192121385709,-0.019804128275592327,0.0021388589333493748,0.005598510095680221,False
monthly,whole,hgb|history_available|budget=06,hgb,history_available,6,H_D_B_M,hgb::H_D_B_M,True,6,0.6276883296665146,1520,594,0.3907894736842105,0.6552431469152415,0.23213359241357856,0.6260380987702803,0.46922933472888945,-0.29792562969588815,0.6864649047545023,29,0.017467825682193797,-0.0038465816943066278,0.01362124398788717,-0.0163548727797713,0.009654118028011072,0.006786220590822608,-0.008293519870455679,0.009174305811738118,-0.018896698901454345,0.0024412104071949276,0.005524286559951419,False
monthly,whole,hgb|history_available|budget=07,hgb,history_available,7,H_D_B_M_A,hgb::H_D_B_M_A,True,7,0.6262761272069579,1520,594,0.3907894736842105,0.6852434909662728,0.24602752824638768,0.5910209001461701,0.4265995383853064,-0.37859088855314654,0.45581476021175005,29,0.017467825682193797,0.02615376235672351,0.0436215880389173,0.011275052759556207,0.04196359468373485,0.007909600990537786,0.021706824180574458,0.03917464986276825,0.011423346113955766,0.033117021844402385,0.00556607293149585,False
monthly,whole,hgb|history_available|budget=08,hgb,history_available,8,H_D_B_M_C_A,hgb::H_D_B_M_C_A,True,8,0.6260258136310883,1520,594,0.3907894736842105,0.6840799246814431,0.24546005246682348,0.5921053588440198,0.4246595022381085,-0.37884977205910947,0.4655491655707554,29,0.017467825682193797,0.024990196071893123,0.042458021754086916,0.010386239189339851,0.04062392896024602,0.007812515075941445,0.02054325789574407,0.038011083577937865,0.010342646406236975,0.03210662200816152,0.005476922493902958,False
monthly,whole,hgb|history_available|budget=09,hgb,history_available,9,H_D_B_M_C_A,hgb::H_D_B_M_C_A,True,8,0.6260258136310883,1520,594,0.3907894736842105,0.6840799246814431,0.24546005246682348,0.5921053588440198,0.4246595022381085,-0.37884977205910947,0.4655491655707554,29,0.017467825682193797,0.024990196071893123,0.042458021754086916,0.010386239189339851,0.04062392896024602,0.007812515075941445,0.02054325789574407,0.038011083577937865,0.010342646406236975,0.03210662200816152,0.005476922493902958,False
monthly,whole,hgb|history_available|budget=10,hgb,history_available,10,H_D_B_M_C_A,hgb::H_D_B_M_C_A,True,8,0.6260258136310883,1520,594,0.3907894736842105,0.6840799246814431,0.24546005246682348,0.5921053588440198,0.4246595022381085,-0.37884977205910947,0.4655491655707554,29,0.017467825682193797,0.024990196071893123,0.042458021754086916,0.010386239189339851,0.04062392896024602,0.007812515075941445,0.02054325789574407,0.038011083577937865,0.010342646406236975,0.03210662200816152,0.005476922493902958,False
monthly,whole,hgb|history_available|budget=11,hgb,history_available,11,H_D_B_M_C_A,hgb::H_D_B_M_C_A,True,8,0.6260258136310883,1520,594,0.3907894736842105,0.6840799246814431,0.24546005246682348,0.5921053588440198,0.4246595022381085,-0.37884977205910947,0.4655491655707554,29,0.017467825682193797,0.024990196071893123,0.042458021754086916,0.010386239189339851,0.04062392896024602,0.007812515075941445,0.02054325789574407,0.038011083577937865,0.010342646406236975,0.03210662200816152,0.005476922493902958,False
monthly,whole,hgb|history_available|budget=12,hgb,history_available,12,H_D_B_M_C_A,hgb::H_D_B_M_C_A,True,8,0.6260258136310883,1520,594,0.3907894736842105,0.6840799246814431,0.24546005246682348,0.5921053588440198,0.4246595022381085,-0.37884977205910947,0.4655491655707554,29,0.017467825682193797,0.024990196071893123,0.042458021754086916,0.010386239189339851,0.04062392896024602,0.007812515075941445,0.02054325789574407,0.038011083577937865,0.010342646406236975,0.03210662200816152,0.005476922493902958,False
monthly,whole,hgb|history_available|budget=13,hgb,history_available,13,H_D_B_M_C_A,hgb::H_D_B_M_C_A,True,8,0.6260258136310883,1520,594,0.3907894736842105,0.6840799246814431,0.24546005246682348,0.5921053588440198,0.4246595022381085,-0.37884977205910947,0.4655491655707554,29,0.017467825682193797,0.024990196071893123,0.042458021754086916,0.010386239189339851,0.04062392896024602,0.007812515075941445,0.02054325789574407,0.038011083577937865,0.010342646406236975,0.03210662200816152,0.005476922493902958,False
monthly,whole,hgb|history_available|budget=14,hgb,history_available,14,H_D_B_M_C_A,hgb::H_D_B_M_C_A,True,8,0.6260258136310883,1520,594,0.3907894736842105,0.6840799246814431,0.24546005246682348,0.5921053588440198,0.4246595022381085,-0.37884977205910947,0.4655491655707554,29,0.017467825682193797,0.024990196071893123,0.042458021754086916,0.010386239189339851,0.04062392896024602,0.007812515075941445,0.02054325789574407,0.038011083577937865,0.010342646406236975,0.03210662200816152,0.005476922493902958,False
monthly,whole,hgb|history_available|budget=15,hgb,history_available,15,H_D_B_M_C_A,hgb::H_D_B_M_C_A,True,8,0.6260258136310883,1520,594,0.3907894736842105,0.6840799246814431,0.24546005246682348,0.5921053588440198,0.4246595022381085,-0.37884977205910947,0.4655491655707554,29,0.017467825682193797,0.024990196071893123,0.042458021754086916,0.010386239189339851,0.04062392896024602,0.007812515075941445,0.02054325789574407,0.038011083577937865,0.010342646406236975,0.03210662200816152,0.005476922493902958,False
monthly,whole,hgb|history_available|budget=16,hgb,history_available,16,H_D_B_K,hgb::H_D_B_K,True,16,0.6247425802646154,1520,594,0.3907894736842105,0.6397007249175615,0.22432119940806006,0.6590372770178387,0.5078114703200132,-0.23795460407550953,0.8145808350780293,29,0.017467825682193797,-0.019389003691985707,-0.0019211780097919094,-0.033506206645145975,-0.005437475400417077,0.007205559867250841,-0.023835941868134758,-0.006368116185940961,-0.03218407317093643,-0.01555124057269733,0.004250236924582832,True
monthly,whole,hgb|history_available|budget=17,hgb,history_available,17,H_D_B_A_K,hgb::H_D_B_A_K,True,17,0.6233891039998642,1520,594,0.3907894736842105,0.6567987365341936,0.23269409997644183,0.6346083222433114,0.49296019104735705,-0.3315038294077148,0.6684396062581305,29,0.017467825682193797,-0.0022909920753545476,0.01517683360683925,-0.01726271843723049,0.01242774486020223,0.00765935407066769,-0.006737930251503599,0.010729895430690198,-0.013334325188039304,5.3939269241645803e-05,0.0034368984471282744,False
monthly,whole,hgb|history_available|budget=18,hgb,history_available,18,H_D_B_C_A_K,hgb::H_D_B_C_A_K,True,18,0.622708136279347,1520,594,0.3907894736842105,0.6575740603424745,0.2327578756898731,0.6370517631316767,0.48969868991213983,-0.33640547309526053,0.6644424666574841,29,0.017467825682193797,-0.0015156682670735,0.015952157415120297,-0.0166703951595649,0.01362368709255094,0.007763523610804524,-0.005962606443222551,0.011505219238971246,-0.012398796715257907,0.0006292006277789048,0.0033883100151692104,False
monthly,whole,hgb|history_available|budget=19,hgb,history_available,19,H_D_B_C_A_K,hgb::H_D_B_C_A_K,True,18,0.622708136279347,1520,594,0.3907894736842105,0.6575740603424745,0.2327578756898731,0.6370517631316767,0.48969868991213983,-0.33640547309526053,0.6644424666574841,29,0.017467825682193797,-0.0015156682670735,0.015952157415120297,-0.0166703951595649,0.01362368709255094,0.007763523610804524,-0.005962606443222551,0.011505219238971246,-0.012398796715257907,0.0006292006277789048,0.0033883100151692104,False
monthly,whole,hgb|history_available|budget=20,hgb,history_available,20,H_D_B_C_A_K,hgb::H_D_B_C_A_K,True,18,0.622708136279347,1520,594,0.3907894736842105,0.6575740603424745,0.2327578756898731,0.6370517631316767,0.48969868991213983,-0.33640547309526053,0.6644424666574841,29,0.017467825682193797,-0.0015156682670735,0.015952157415120297,-0.0166703951595649,0.01362368709255094,0.007763523610804524,-0.005962606443222551,0.011505219238971246,-0.012398796715257907,0.0006292006277789048,0.0033883100151692104,False
monthly,whole,hgb|history_available|budget=21,hgb,history_available,21,H_D_B_C_A_K,hgb::H_D_B_C_A_K,True,18,0.622708136279347,1520,594,0.3907894736842105,0.6575740603424745,0.2327578756898731,0.6370517631316767,0.48969868991213983,-0.33640547309526053,0.6644424666574841,29,0.017467825682193797,-0.0015156682670735,0.015952157415120297,-0.0166703951595649,0.01362368709255094,0.007763523610804524,-0.005962606443222551,0.011505219238971246,-0.012398796715257907,0.0006292006277789048,0.0033883100151692104,False
monthly,whole,hgb|history_available|budget=22,hgb,history_available,22,H_D_B_C_A_K,hgb::H_D_B_C_A_K,True,18,0.622708136279347,1520,594,0.3907894736842105,0.6575740603424745,0.2327578756898731,0.6370517631316767,0.48969868991213983,-0.33640547309526053,0.6644424666574841,29,0.017467825682193797,-0.0015156682670735,0.015952157415120297,-0.0166703951595649,0.01362368709255094,0.007763523610804524,-0.005962606443222551,0.011505219238971246,-0.012398796715257907,0.0006292006277789048,0.0033883100151692104,False
monthly,whole,hgb|history_available|budget=23,hgb,history_available,23,H_D_B_C_A_K,hgb::H_D_B_C_A_K,True,18,0.622708136279347,1520,594,0.3907894736842105,0.6575740603424745,0.2327578756898731,0.6370517631316767,0.48969868991213983,-0.33640547309526053,0.6644424666574841,29,0.017467825682193797,-0.0015156682670735,0.015952157415120297,-0.0166703951595649,0.01362368709255094,0.007763523610804524,-0.005962606443222551,0.011505219238971246,-0.012398796715257907,0.0006292006277789048,0.0033883100151692104,False
monthly,whole,hgb|history_available|budget=24,hgb,history_available,24,H_D_B_C_A_K,hgb::H_D_B_C_A_K,True,18,0.622708136279347,1520,594,0.3907894736842105,0.6575740603424745,0.2327578756898731,0.6370517631316767,0.48969868991213983,-0.33640547309526053,0.6644424666574841,29,0.017467825682193797,-0.0015156682670735,0.015952157415120297,-0.0166703951595649,0.01362368709255094,0.007763523610804524,-0.005962606443222551,0.011505219238971246,-0.012398796715257907,0.0006292006277789048,0.0033883100151692104,False
monthly,whole,hgb|history_available|budget=25,hgb,history_available,25,H_D_B_C_A_K,hgb::H_D_B_C_A_K,True,18,0.622708136279347,1520,594,0.3907894736842105,0.6575740603424745,0.2327578756898731,0.6370517631316767,0.48969868991213983,-0.33640547309526053,0.6644424666574841,29,0.017467825682193797,-0.0015156682670735,0.015952157415120297,-0.0166703951595649,0.01362368709255094,0.007763523610804524,-0.005962606443222551,0.011505219238971246,-0.012398796715257907,0.0006292006277789048,0.0033883100151692104,False
monthly,whole,hgb|history_available|budget=26,hgb,history_available,26,H_D_B_C_A_K,hgb::H_D_B_C_A_K,True,18,0.622708136279347,1520,594,0.3907894736842105,0.6575740603424745,0.2327578756898731,0.6370517631316767,0.48969868991213983,-0.33640547309526053,0.6644424666574841,29,0.017467825682193797,-0.0015156682670735,0.015952157415120297,-0.0166703951595649,0.01362368709255094,0.007763523610804524,-0.005962606443222551,0.011505219238971246,-0.012398796715257907,0.0006292006277789048,0.0033883100151692104,False
monthly,whole,hgb|history_available|budget=27,hgb,history_available,27,H_D_B_P_K,hgb::H_D_B_P_K,True,27,0.6224189124890044,1520,594,0.3907894736842105,0.6481457873984171,0.22796133714104574,0.6399106253317917,0.5085916217440238,-0.24164480997441382,0.7362317017680903,29,0.017467825682193797,-0.010943941211131847,0.0065238844710619505,-0.025487789320900643,0.003141832913268608,0.00730550127232622,-0.015390879387280898,0.0020769462949128993,-0.02156566412014315,-0.009078772340133765,0.003234081996002672,False
monthly,whole,hgb|history_available|budget=28,hgb,history_available,28,H_D_B_P_C_K,hgb::H_D_B_P_C_K,True,28,0.6221233869574162,1520,594,0.3907894736842105,0.6482522705192727,0.22788569189096927,0.6405914799543309,0.5102282346867903,-0.24097296823614026,0.7261917108137451,29,0.017467825682193797,-0.010837458090275809,0.0066303675919179884,-0.025719700468876415,0.00374961288984882,0.007480358168117252,-0.01528439626642486,0.0021834294157689373,-0.021539268150657778,-0.009207318049343634,0.003154927193885457,False
monthly,whole,hgb|history_available|budget=29,hgb,history_available,29,H_D_B_P_C_K,hgb::H_D_B_P_C_K,True,28,0.6221233869574162,1520,594,0.3907894736842105,0.6482522705192727,0.22788569189096927,0.6405914799543309,0.5102282346867903,-0.24097296823614026,0.7261917108137451,29,0.017467825682193797,-0.010837458090275809,0.0066303675919179884,-0.025719700468876415,0.00374961288984882,0.007480358168117252,-0.01528439626642486,0.0021834294157689373,-0.021539268150657778,-0.009207318049343634,0.003154927193885457,False
monthly,whole,hgb|history_available|budget=30,hgb,history_available,30,H_D_B_M_P_C_A_K,hgb::H_D_B_M_P_C_A_K,True,30,0.6219650098551895,1520,594,0.3907894736842105,0.6635366667856973,0.23548231786259435,0.618903215015526,0.48572150560523997,-0.3216880181151608,0.6093800091084524,29,0.017467825682193797,0.004446938176149051,0.02191476385834285,-0.009959704509314105,0.018850332009790187,0.007447335479189859,0.0,0.0,0.0,0.0,0.0,False
monthly,whole,hgb|history_unavailable|budget=00,hgb,history_unavailable,0,NONE,hgb::NONE,False,0,0.6835049913737833,1520,594,0.3907894736842105,0.6723860205485396,0.23967065698201265,0.5,0.3907894736842105,,,23,0.018878012159260625,0.0,0.0,0.0,0.0,0.0,-0.005306127903996205,0.01357188425526442,-0.02207891517571466,0.010744972027876604,0.008299919097737899,False
monthly,whole,hgb|history_unavailable|budget=01,hgb,history_unavailable,1,B,hgb::B,False,1,0.6764592159223477,1520,594,0.3907894736842105,0.6718895605170169,0.23953759890943263,0.5449354960694054,0.4144469782827227,-0.29366835455137696,0.5671446208877378,23,0.018878012159260625,-0.0004964600315153778,0.018381552127745247,-0.006929038521113637,0.006173599811780555,0.003338895623302512,-0.005802587935511583,0.013075424223749042,-0.021196415392610846,0.009791980433872825,0.007978501915022005,False
monthly,whole,hgb|history_unavailable|budget=02,hgb,history_unavailable,2,B_A,hgb::B_A,False,2,0.6707577129357915,1520,594,0.3907894736842105,0.6897295704853585,0.24839295319212315,0.5258452051108639,0.396061172303632,-0.4060662969260085,0.254214872547924,23,0.018878012159260625,0.01734354993681353,0.036221562096074154,0.006747527390655236,0.027802353809778833,0.005426389519250969,0.012037422032817324,0.03091543419207795,-0.0024361683218198484,0.026865532399676383,0.007327786843928927,False
monthly,whole,hgb|history_unavailable|budget=03,hgb,history_unavailable,3,B_M_A,hgb::B_M_A,False,3,0.6700832563067912,1520,594,0.3907894736842105,0.6958291389376675,0.2512016610256332,0.5346317749125524,0.3880253971264461,-0.42037935414982386,0.1620815766693182,23,0.018878012159260625,0.023443118389127937,0.04232113054838856,0.011349141757079646,0.0354832214192541,0.00592739673342735,0.018136990485131732,0.03701500264439236,0.0034565602722831075,0.03337869753946932,0.007594700541129524,False
monthly,whole,hgb|history_unavailable|budget=04,hgb,history_unavailable,4,D,hgb::D,False,4,0.6582713689763009,1520,594,0.3907894736842105,0.6790279001503994,0.2423718553464324,0.5710043196544277,0.43891036766366714,-0.337259028145329,0.42362809523667216,23,0.018878012159260625,0.00664187960185969,0.025519891761120315,-0.006963282320063216,0.02049146331793738,0.007038988619472611,0.0013357516978634854,0.02021376385712411,-0.010701937838786327,0.013784505310424766,0.006138463548514181,False
monthly,whole,hgb|history_unavailable|budget=05,hgb,history_unavailable,5,D_B,hgb::D_B,False,5,0.6481134841701371,1520,594,0.3907894736842105,0.6750844007832872,0.2404270507726168,0.5901936935954215,0.44449790041157655,-0.32706143260403253,0.4837324435130929,23,0.018878012159260625,0.0026983802347451125,0.021576392394005738,-0.011739016098921615,0.01755588317385845,0.007568034516667765,-0.0026077476692510926,0.016270264490009533,-0.014174685595378956,0.009038753866785619,0.006044297860722353,False
monthly,whole,hgb|history_unavailable|budget=06,hgb,history_unavailable,6,D_B_A,hgb::D_B_A,False,6,0.642492702408009,1520,594,0.3907894736842105,0.6988573949181482,0.2519967234469022,0.5629904153122296,0.4197104604619162,-0.39847869509126393,0.3224051597650803,23,0.018878012159260625,0.026471374369608225,0.04534938652886885,0.009928570071680635,0.0437654995981183,0.008741995292660577,0.02116524646561202,0.040043258624872645,0.010113052316383108,0.03260451903212333,0.005872243458772136,False
monthly,whole,hgb|history_unavailable|budget=07,hgb,history_unavailable,7,D_B_M_A,hgb::D_B_M_A,False,7,0.642368337931568,1520,594,0.3907894736842105,0.7073885644245267,0.2555322489541738,0.5576072096050497,0.40523771678568876,-0.4087184894160896,0.2571852829940086,23,0.018878012159260625,0.03500254387598545,0.05388055603524607,0.01763577576731003,0.05322732773699993,0.009162904570042743,0.029696415971989243,0.04857442813124987,0.01767958481343853,0.04252044129294232,0.00624729176505389,False
monthly,whole,hgb|history_unavailable|budget=08,hgb,history_unavailable,8,D_B_M_A,hgb::D_B_M_A,False,7,0.642368337931568,1520,594,0.3907894736842105,0.7073885644245267,0.2555322489541738,0.5576072096050497,0.40523771678568876,-0.4087184894160896,0.2571852829940086,23,0.018878012159260625,0.03500254387598545,0.05388055603524607,0.01763577576731003,0.05322732773699993,0.009162904570042743,0.029696415971989243,0.04857442813124987,0.01767958481343853,0.04252044129294232,0.00624729176505389,False
monthly,whole,hgb|history_unavailable|budget=09,hgb,history_unavailable,9,D_B_M_A,hgb::D_B_M_A,False,7,0.642368337931568,1520,594,0.3907894736842105,0.7073885644245267,0.2555322489541738,0.5576072096050497,0.40523771678568876,-0.4087184894160896,0.2571852829940086,23,0.018878012159260625,0.03500254387598545,0.05388055603524607,0.01763577576731003,0.05322732773699993,0.009162904570042743,0.029696415971989243,0.04857442813124987,0.01767958481343853,0.04252044129294232,0.00624729176505389,False
monthly,whole,hgb|history_unavailable|budget=10,hgb,history_unavailable,10,D_B_M_A,hgb::D_B_M_A,False,7,0.642368337931568,1520,594,0.3907894736842105,0.7073885644245267,0.2555322489541738,0.5576072096050497,0.40523771678568876,-0.4087184894160896,0.2571852829940086,23,0.018878012159260625,0.03500254387598545,0.05388055603524607,0.01763577576731003,0.05322732773699993,0.009162904570042743,0.029696415971989243,0.04857442813124987,0.01767958481343853,0.04252044129294232,0.00624729176505389,False
monthly,whole,hgb|history_unavailable|budget=11,hgb,history_unavailable,11,D_B_M_A,hgb::D_B_M_A,False,7,0.642368337931568,1520,594,0.3907894736842105,0.7073885644245267,0.2555322489541738,0.5576072096050497,0.40523771678568876,-0.4087184894160896,0.2571852829940086,23,0.018878012159260625,0.03500254387598545,0.05388055603524607,0.01763577576731003,0.05322732773699993,0.009162904570042743,0.029696415971989243,0.04857442813124987,0.01767958481343853,0.04252044129294232,0.00624729176505389,False
monthly,whole,hgb|history_unavailable|budget=12,hgb,history_unavailable,12,D_B_M_A,hgb::D_B_M_A,False,7,0.642368337931568,1520,594,0.3907894736842105,0.7073885644245267,0.2555322489541738,0.5576072096050497,0.40523771678568876,-0.4087184894160896,0.2571852829940086,23,0.018878012159260625,0.03500254387598545,0.05388055603524607,0.01763577576731003,0.05322732773699993,0.009162904570042743,0.029696415971989243,0.04857442813124987,0.01767958481343853,0.04252044129294232,0.00624729176505389,False
monthly,whole,hgb|history_unavailable|budget=13,hgb,history_unavailable,13,D_B_M_A,hgb::D_B_M_A,False,7,0.642368337931568,1520,594,0.3907894736842105,0.7073885644245267,0.2555322489541738,0.5576072096050497,0.40523771678568876,-0.4087184894160896,0.2571852829940086,23,0.018878012159260625,0.03500254387598545,0.05388055603524607,0.01763577576731003,0.05322732773699993,0.009162904570042743,0.029696415971989243,0.04857442813124987,0.01767958481343853,0.04252044129294232,0.00624729176505389,False
monthly,whole,hgb|history_unavailable|budget=14,hgb,history_unavailable,14,D_B_M_A,hgb::D_B_M_A,False,7,0.642368337931568,1520,594,0.3907894736842105,0.7073885644245267,0.2555322489541738,0.5576072096050497,0.40523771678568876,-0.4087184894160896,0.2571852829940086,23,0.018878012159260625,0.03500254387598545,0.05388055603524607,0.01763577576731003,0.05322732773699993,0.009162904570042743,0.029696415971989243,0.04857442813124987,0.01767958481343853,0.04252044129294232,0.00624729176505389,False
monthly,whole,hgb|history_unavailable|budget=15,hgb,history_unavailable,15,D_B_M_A,hgb::D_B_M_A,False,7,0.642368337931568,1520,594,0.3907894736842105,0.7073885644245267,0.2555322489541738,0.5576072096050497,0.40523771678568876,-0.4087184894160896,0.2571852829940086,23,0.018878012159260625,0.03500254387598545,0.05388055603524607,0.01763577576731003,0.05322732773699993,0.009162904570042743,0.029696415971989243,0.04857442813124987,0.01767958481343853,0.04252044129294232,0.00624729176505389,False
monthly,whole,hgb|history_unavailable|budget=16,hgb,history_unavailable,16,D_B_K,hgb::D_B_K,False,16,0.6391291772665685,1520,594,0.3907894736842105,0.6557392152804669,0.23135293941222398,0.6229965239144506,0.49509467531717466,-0.2480102663733419,0.6781839783951992,23,0.018878012159260625,-0.01664680526807394,0.0022312068911866864,-0.0317626678344826,-0.0017882491228560422,0.007652358863792202,-0.021952933172070144,-0.0030749210128095186,-0.030583734933317792,-0.012768592648349985,0.00461536336651588,False
monthly,whole,hgb|history_unavailable|budget=17,hgb,history_unavailable,17,D_B_A_K,hgb::D_B_A_K,False,17,0.6358662556189094,1520,594,0.3907894736842105,0.6763792308991277,0.24121372753646972,0.5972458566951007,0.4708931037616009,-0.3465180949664687,0.4961571055192307,23,0.018878012159260625,0.003993210350587639,0.022871222509848264,-0.013092423560129402,0.020585145384751546,0.008527861929234427,-0.0013129175534085658,0.01756509460585206,-0.009221674760229406,0.006544991232716686,0.00398222965296446,False
monthly,whole,hgb|history_unavailable|budget=18,hgb,history_unavailable,18,D_B_A_K,hgb::D_B_A_K,False,17,0.6358662556189094,1520,594,0.3907894736842105,0.6763792308991277,0.24121372753646972,0.5972458566951007,0.4708931037616009,-0.3465180949664687,0.4961571055192307,23,0.018878012159260625,0.003993210350587639,0.022871222509848264,-0.013092423560129402,0.020585145384751546,0.008527861929234427,-0.0013129175534085658,0.01756509460585206,-0.009221674760229406,0.006544991232716686,0.00398222965296446,False
monthly,whole,hgb|history_unavailable|budget=19,hgb,history_unavailable,19,D_B_A_K,hgb::D_B_A_K,False,17,0.6358662556189094,1520,594,0.3907894736842105,0.6763792308991277,0.24121372753646972,0.5972458566951007,0.4708931037616009,-0.3465180949664687,0.4961571055192307,23,0.018878012159260625,0.003993210350587639,0.022871222509848264,-0.013092423560129402,0.020585145384751546,0.008527861929234427,-0.0013129175534085658,0.01756509460585206,-0.009221674760229406,0.006544991232716686,0.00398222965296446,False
monthly,whole,hgb|history_unavailable|budget=20,hgb,history_unavailable,20,D_B_A_K,hgb::D_B_A_K,False,17,0.6358662556189094,1520,594,0.3907894736842105,0.6763792308991277,0.24121372753646972,0.5972458566951007,0.4708931037616009,-0.3465180949664687,0.4961571055192307,23,0.018878012159260625,0.003993210350587639,0.022871222509848264,-0.013092423560129402,0.020585145384751546,0.008527861929234427,-0.0013129175534085658,0.01756509460585206,-0.009221674760229406,0.006544991232716686,0.00398222965296446,False
monthly,whole,hgb|history_unavailable|budget=21,hgb,history_unavailable,21,D_B_A_K,hgb::D_B_A_K,False,17,0.6358662556189094,1520,594,0.3907894736842105,0.6763792308991277,0.24121372753646972,0.5972458566951007,0.4708931037616009,-0.3465180949664687,0.4961571055192307,23,0.018878012159260625,0.003993210350587639,0.022871222509848264,-0.013092423560129402,0.020585145384751546,0.008527861929234427,-0.0013129175534085658,0.01756509460585206,-0.009221674760229406,0.006544991232716686,0.00398222965296446,False
monthly,whole,hgb|history_unavailable|budget=22,hgb,history_unavailable,22,D_B_A_K,hgb::D_B_A_K,False,17,0.6358662556189094,1520,594,0.3907894736842105,0.6763792308991277,0.24121372753646972,0.5972458566951007,0.4708931037616009,-0.3465180949664687,0.4961571055192307,23,0.018878012159260625,0.003993210350587639,0.022871222509848264,-0.013092423560129402,0.020585145384751546,0.008527861929234427,-0.0013129175534085658,0.01756509460585206,-0.009221674760229406,0.006544991232716686,0.00398222965296446,False
monthly,whole,hgb|history_unavailable|budget=23,hgb,history_unavailable,23,D_B_A_K,hgb::D_B_A_K,False,17,0.6358662556189094,1520,594,0.3907894736842105,0.6763792308991277,0.24121372753646972,0.5972458566951007,0.4708931037616009,-0.3465180949664687,0.4961571055192307,23,0.018878012159260625,0.003993210350587639,0.022871222509848264,-0.013092423560129402,0.020585145384751546,0.008527861929234427,-0.0013129175534085658,0.01756509460585206,-0.009221674760229406,0.006544991232716686,0.00398222965296446,False
monthly,whole,hgb|history_unavailable|budget=24,hgb,history_unavailable,24,D_B_A_K,hgb::D_B_A_K,False,17,0.6358662556189094,1520,594,0.3907894736842105,0.6763792308991277,0.24121372753646972,0.5972458566951007,0.4708931037616009,-0.3465180949664687,0.4961571055192307,23,0.018878012159260625,0.003993210350587639,0.022871222509848264,-0.013092423560129402,0.020585145384751546,0.008527861929234427,-0.0013129175534085658,0.01756509460585206,-0.009221674760229406,0.006544991232716686,0.00398222965296446,False
monthly,whole,hgb|history_unavailable|budget=25,hgb,history_unavailable,25,D_B_A_K,hgb::D_B_A_K,False,17,0.6358662556189094,1520,594,0.3907894736842105,0.6763792308991277,0.24121372753646972,0.5972458566951007,0.4708931037616009,-0.3465180949664687,0.4961571055192307,23,0.018878012159260625,0.003993210350587639,0.022871222509848264,-0.013092423560129402,0.020585145384751546,0.008527861929234427,-0.0013129175534085658,0.01756509460585206,-0.009221674760229406,0.006544991232716686,0.00398222965296446,False
monthly,whole,hgb|history_unavailable|budget=26,hgb,history_unavailable,26,D_B_A_K,hgb::D_B_A_K,False,17,0.6358662556189094,1520,594,0.3907894736842105,0.6763792308991277,0.24121372753646972,0.5972458566951007,0.4708931037616009,-0.3465180949664687,0.4961571055192307,23,0.018878012159260625,0.003993210350587639,0.022871222509848264,-0.013092423560129402,0.020585145384751546,0.008527861929234427,-0.0013129175534085658,0.01756509460585206,-0.009221674760229406,0.006544991232716686,0.00398222965296446,False
monthly,whole,hgb|history_unavailable|budget=27,hgb,history_unavailable,27,D_P_A_K,hgb::D_P_A_K,False,27,0.6346380484981019,1520,594,0.3907894736842105,0.6833371807032499,0.24331323197568455,0.5779401284260895,0.48153641496562904,-0.3437120838034771,0.40301376799517097,23,0.018878012159260625,0.010951160154709427,0.029829172313970052,-0.006065422603084616,0.027609351599414425,0.008587007083493223,0.005645032250713222,0.024523044409973847,0.0004946959859441963,0.011078537001449656,0.002640783662996789,False
monthly,whole,hgb|history_unavailable|budget=28,hgb,history_unavailable,28,D_B_P_A_K,hgb::D_B_P_A_K,False,28,0.6336998056962528,1520,594,0.3907894736842105,0.6790238938897681,0.2415135921282839,0.5873521027408717,0.4815995333352799,-0.3365338235388886,0.447675974280058,23,0.018878012159260625,0.006637873341226563,0.02551588550048719,-0.009900066410603672,0.023548932718615023,0.008546951729943917,0.0013317454372303583,0.020209757596490983,-0.0015998232141567425,0.004326705455898409,0.0015128793883376341,False
monthly,whole,hgb|history_unavailable|budget=29,hgb,history_unavailable,29,D_B_P_A_K,hgb::D_B_P_A_K,False,28,0.6336998056962528,1520,594,0.3907894736842105,0.6790238938897681,0.2415135921282839,0.5873521027408717,0.4815995333352799,-0.3365338235388886,0.447675974280058,23,0.018878012159260625,0.006637873341226563,0.02551588550048719,-0.009900066410603672,0.023548932718615023,0.008546951729943917,0.0013317454372303583,0.020209757596490983,-0.0015998232141567425,0.004326705455898409,0.0015128793883376341,False
monthly,whole,hgb|history_unavailable|budget=30,hgb,history_unavailable,30,D_B_P_A_K,hgb::D_B_P_A_K,False,28,0.6336998056962528,1520,594,0.3907894736842105,0.6790238938897681,0.2415135921282839,0.5873521027408717,0.4815995333352799,-0.3365338235388886,0.447675974280058,23,0.018878012159260625,0.006637873341226563,0.02551588550048719,-0.009900066410603672,0.023548932718615023,0.008546951729943917,0.0013317454372303583,0.020209757596490983,-0.0015998232141567425,0.004326705455898409,0.0015128793883376341,False
monthly,disjoint,ridge|history_available|budget=00,ridge,history_available,0,H,ridge::H,True,0,0.669891877603961,879,326,0.3708759954493743,0.6598574796974137,0.2338253268022983,0.5675290384850065,0.4063509668317139,-0.3189953142933277,0.8990385660269158,20,0.023084879858191822,-0.00022423388296111124,0.02286064597523071,-0.0004898252225802619,4.452471360527051e-05,0.0001338478104287813,-0.028189182105014865,-0.005104302246823043,-0.05062277798792102,-0.007077869356067861,0.011094989669574186,False
monthly,disjoint,ridge|history_available|budget=01,ridge,history_available,1,H_A,ridge::H_A,True,1,0.6653264522853897,879,326,0.3708759954493743,0.689135985255973,0.24824184802738192,0.5345383241438224,0.3864108094052714,-0.4891045283368856,0.28996746186050665,20,0.023084879858191822,0.02905427167560226,0.05213915153379409,0.019444964014863696,0.037990580966085596,0.004774917165505756,0.0010893234535485075,0.02417420331174033,-0.018276095747102428,0.019683338388607946,0.009693684218127266,False
monthly,disjoint,ridge|history_available|budget=02,ridge,history_available,2,H_B_A,ridge::H_B_A,True,2,0.6620537879990125,879,326,0.3708759954493743,0.6886632909320639,0.24819457020617353,0.5411808429203786,0.3789834313913654,-0.4835808942564924,0.32737038692266385,20,0.023084879858191822,0.02858157735169753,0.051666457209889355,0.01730231847491325,0.03972080298655504,0.005666578167461114,0.0006166291296437754,0.023701508987835598,-0.0178450465287798,0.017739497664349478,0.009137603575156963,False
monthly,disjoint,ridge|history_available|budget=03,ridge,history_available,3,H_B_A,ridge::H_B_A,True,2,0.6620537879990125,879,326,0.3708759954493743,0.6886632909320639,0.24819457020617353,0.5411808429203786,0.3789834313913654,-0.4835808942564924,0.32737038692266385,20,0.023084879858191822,0.02858157735169753,0.051666457209889355,0.01730231847491325,0.03972080298655504,0.005666578167461114,0.0006166291296437754,0.023701508987835598,-0.0178450465287798,0.017739497664349478,0.009137603575156963,False
monthly,disjoint,ridge|history_available|budget=04,ridge,history_available,4,H_D,ridge::H_D,True,4,0.6444425682898658,879,326,0.3708759954493743,0.6652054262799436,0.23704692433349997,0.5830162304884678,0.4197912221404238,-0.3911869935558086,0.5415688849090355,20,0.023084879858191822,0.005123712699573346,0.02820859255776517,-0.00881579429326258,0.019771549028813763,0.007201458633962476,-0.022841235522480408,0.00024364433571141472,-0.03633292018100859,-0.00875063863750447,0.0070555879138694865,False
monthly,disjoint,ridge|history_available|budget=05,ridge,history_available,5,H_D_A,ridge::H_D_A,True,5,0.6403348738197754,879,326,0.3708759954493743,0.6986221373133102,0.25224611687927284,0.5566458469696802,0.3831280355135036,-0.4815978929392856,0.29640265643758495,20,0.023084879858191822,0.03854042373293998,0.0616253035911318,0.019880310034258365,0.057507781273243,0.009443803550242047,0.010575475510886223,0.03366035536907805,-0.0008387409148370466,0.022005534917505065,0.005792593948670141,False
monthly,disjoint,ridge|history_available|budget=06,ridge,history_available,6,H_D_B_A,ridge::H_D_B_A,True,6,0.6388268554551306,879,326,0.3708759954493743,0.6976838906561225,0.2519205967732098,0.5591863677209643,0.38243169982506214,-0.47781359301878695,0.3166548148877339,20,0.023084879858191822,0.03760217707575175,0.06068705693394358,0.018520448529818136,0.05718650436131235,0.009871223224753312,0.009637228853697999,0.032722108711889825,-0.0007571875702120839,0.01935497033185348,0.005170574226625243,False
monthly,disjoint,ridge|history_available|budget=07,ridge,history_available,7,H_D_B_A,ridge::H_D_B_A,True,6,0.6388268554551306,879,326,0.3708759954493743,0.6976838906561225,0.2519205967732098,0.5591863677209643,0.38243169982506214,-0.47781359301878695,0.3166548148877339,20,0.023084879858191822,0.03760217707575175,0.06068705693394358,0.018520448529818136,0.05718650436131235,0.009871223224753312,0.009637228853697999,0.032722108711889825,-0.0007571875702120839,0.01935497033185348,0.005170574226625243,False
monthly,disjoint,ridge|history_available|budget=08,ridge,history_available,8,H_D_B_A,ridge::H_D_B_A,True,6,0.6388268554551306,879,326,0.3708759954493743,0.6976838906561225,0.2519205967732098,0.5591863677209643,0.38243169982506214,-0.47781359301878695,0.3166548148877339,20,0.023084879858191822,0.03760217707575175,0.06068705693394358,0.018520448529818136,0.05718650436131235,0.009871223224753312,0.009637228853697999,0.032722108711889825,-0.0007571875702120839,0.01935497033185348,0.005170574226625243,False
monthly,disjoint,ridge|history_available|budget=09,ridge,history_available,9,H_D_B_A,ridge::H_D_B_A,True,6,0.6388268554551306,879,326,0.3708759954493743,0.6976838906561225,0.2519205967732098,0.5591863677209643,0.38243169982506214,-0.47781359301878695,0.3166548148877339,20,0.023084879858191822,0.03760217707575175,0.06068705693394358,0.018520448529818136,0.05718650436131235,0.009871223224753312,0.009637228853697999,0.032722108711889825,-0.0007571875702120839,0.01935497033185348,0.005170574226625243,False
monthly,disjoint,ridge|history_available|budget=10,ridge,history_available,10,H_D_B_A,ridge::H_D_B_A,True,6,0.6388268554551306,879,326,0.3708759954493743,0.6976838906561225,0.2519205967732098,0.5591863677209643,0.38243169982506214,-0.47781359301878695,0.3166548148877339,20,0.023084879858191822,0.03760217707575175,0.06068705693394358,0.018520448529818136,0.05718650436131235,0.009871223224753312,0.009637228853697999,0.032722108711889825,-0.0007571875702120839,0.01935497033185348,0.005170574226625243,False
monthly,disjoint,ridge|history_available|budget=11,ridge,history_available,11,H_D_B_A,ridge::H_D_B_A,True,6,0.6388268554551306,879,326,0.3708759954493743,0.6976838906561225,0.2519205967732098,0.5591863677209643,0.38243169982506214,-0.47781359301878695,0.3166548148877339,20,0.023084879858191822,0.03760217707575175,0.06068705693394358,0.018520448529818136,0.05718650436131235,0.009871223224753312,0.009637228853697999,0.032722108711889825,-0.0007571875702120839,0.01935497033185348,0.005170574226625243,False
monthly,disjoint,ridge|history_available|budget=12,ridge,history_available,12,H_D_B_A,ridge::H_D_B_A,True,6,0.6388268554551306,879,326,0.3708759954493743,0.6976838906561225,0.2519205967732098,0.5591863677209643,0.38243169982506214,-0.47781359301878695,0.3166548148877339,20,0.023084879858191822,0.03760217707575175,0.06068705693394358,0.018520448529818136,0.05718650436131235,0.009871223224753312,0.009637228853697999,0.032722108711889825,-0.0007571875702120839,0.01935497033185348,0.005170574226625243,False
monthly,disjoint,ridge|history_available|budget=13,ridge,history_available,13,H_D_B_A,ridge::H_D_B_A,True,6,0.6388268554551306,879,326,0.3708759954493743,0.6976838906561225,0.2519205967732098,0.5591863677209643,0.38243169982506214,-0.47781359301878695,0.3166548148877339,20,0.023084879858191822,0.03760217707575175,0.06068705693394358,0.018520448529818136,0.05718650436131235,0.009871223224753312,0.009637228853697999,0.032722108711889825,-0.0007571875702120839,0.01935497033185348,0.005170574226625243,False
monthly,disjoint,ridge|history_available|budget=14,ridge,history_available,14,H_D_B_A,ridge::H_D_B_A,True,6,0.6388268554551306,879,326,0.3708759954493743,0.6976838906561225,0.2519205967732098,0.5591863677209643,0.38243169982506214,-0.47781359301878695,0.3166548148877339,20,0.023084879858191822,0.03760217707575175,0.06068705693394358,0.018520448529818136,0.05718650436131235,0.009871223224753312,0.009637228853697999,0.032722108711889825,-0.0007571875702120839,0.01935497033185348,0.005170574226625243,False
monthly,disjoint,ridge|history_available|budget=15,ridge,history_available,15,H_D_K,ridge::H_D_K,True,15,0.6375209814080348,879,326,0.3708759954493743,0.6494329466908221,0.2293684823534655,0.6142540964510367,0.46473315101488955,-0.3127227811080371,0.6532820200115153,20,0.023084879858191822,-0.010648766889548189,0.012436112968643633,-0.02714417189648809,0.006836251591916879,0.008703191159455025,-0.03861371511160194,-0.01552883525341012,-0.049390524942793654,-0.028029258451080518,0.005467932908506685,False
monthly,disjoint,ridge|history_available|budget=16,ridge,history_available,16,H_D_A_K,ridge::H_D_A_K,True,16,0.6334423649892521,879,326,0.3708759954493743,0.6829244586571656,0.24513224545234163,0.5778076082494814,0.4217497923840063,-0.4356888392208383,0.3956926614876334,20,0.023084879858191822,0.02284274507679407,0.045927624934985894,0.003083956254203657,0.04407620900600841,0.010453039652760437,-0.005122203145259685,0.017962676712932137,-0.010857383535029349,0.0007525539146169743,0.0029577381337816656,False
monthly,disjoint,ridge|history_available|budget=17,ridge,history_available,17,H_D_B_A_K,ridge::H_D_B_A_K,True,17,0.6322907917051597,879,326,0.3708759954493743,0.6825533711336079,0.24504559217789726,0.5812467411442328,0.42013749703585773,-0.434194204338213,0.40314091104880045,20,0.023084879858191822,0.022471657553237767,0.04555653741142959,0.0017408868662157101,0.0442225880327086,0.010765205406433349,-0.005493290668815987,0.017591589189375836,-0.009121955693967409,-0.0020289917426626536,0.0018075317546427975,False
monthly,disjoint,ridge|history_available|budget=18,ridge,history_available,18,H_D_B_A_K,ridge::H_D_B_A_K,True,17,0.6322907917051597,879,326,0.3708759954493743,0.6825533711336079,0.24504559217789726,0.5812467411442328,0.42013749703585773,-0.434194204338213,0.40314091104880045,20,0.023084879858191822,0.022471657553237767,0.04555653741142959,0.0017408868662157101,0.0442225880327086,0.010765205406433349,-0.005493290668815987,0.017591589189375836,-0.009121955693967409,-0.0020289917426626536,0.0018075317546427975,False
monthly,disjoint,ridge|history_available|budget=19,ridge,history_available,19,H_D_B_A_K,ridge::H_D_B_A_K,True,17,0.6322907917051597,879,326,0.3708759954493743,0.6825533711336079,0.24504559217789726,0.5812467411442328,0.42013749703585773,-0.434194204338213,0.40314091104880045,20,0.023084879858191822,0.022471657553237767,0.04555653741142959,0.0017408868662157101,0.0442225880327086,0.010765205406433349,-0.005493290668815987,0.017591589189375836,-0.009121955693967409,-0.0020289917426626536,0.0018075317546427975,False
monthly,disjoint,ridge|history_available|budget=20,ridge,history_available,20,H_D_B_A_K,ridge::H_D_B_A_K,True,17,0.6322907917051597,879,326,0.3708759954493743,0.6825533711336079,0.24504559217789726,0.5812467411442328,0.42013749703585773,-0.434194204338213,0.40314091104880045,20,0.023084879858191822,0.022471657553237767,0.04555653741142959,0.0017408868662157101,0.0442225880327086,0.010765205406433349,-0.005493290668815987,0.017591589189375836,-0.009121955693967409,-0.0020289917426626536,0.0018075317546427975,False
monthly,disjoint,ridge|history_available|budget=21,ridge,history_available,21,H_D_B_A_K,ridge::H_D_B_A_K,True,17,0.6322907917051597,879,326,0.3708759954493743,0.6825533711336079,0.24504559217789726,0.5812467411442328,0.42013749703585773,-0.434194204338213,0.40314091104880045,20,0.023084879858191822,0.022471657553237767,0.04555653741142959,0.0017408868662157101,0.0442225880327086,0.010765205406433349,-0.005493290668815987,0.017591589189375836,-0.009121955693967409,-0.0020289917426626536,0.0018075317546427975,False
monthly,disjoint,ridge|history_available|budget=22,ridge,history_available,22,H_D_B_A_K,ridge::H_D_B_A_K,True,17,0.6322907917051597,879,326,0.3708759954493743,0.6825533711336079,0.24504559217789726,0.5812467411442328,0.42013749703585773,-0.434194204338213,0.40314091104880045,20,0.023084879858191822,0.022471657553237767,0.04555653741142959,0.0017408868662157101,0.0442225880327086,0.010765205406433349,-0.005493290668815987,0.017591589189375836,-0.009121955693967409,-0.0020289917426626536,0.0018075317546427975,False
monthly,disjoint,ridge|history_available|budget=23,ridge,history_available,23,H_D_B_A_K,ridge::H_D_B_A_K,True,17,0.6322907917051597,879,326,0.3708759954493743,0.6825533711336079,0.24504559217789726,0.5812467411442328,0.42013749703585773,-0.434194204338213,0.40314091104880045,20,0.023084879858191822,0.022471657553237767,0.04555653741142959,0.0017408868662157101,0.0442225880327086,0.010765205406433349,-0.005493290668815987,0.017591589189375836,-0.009121955693967409,-0.0020289917426626536,0.0018075317546427975,False
monthly,disjoint,ridge|history_available|budget=24,ridge,history_available,24,H_D_B_A_K,ridge::H_D_B_A_K,True,17,0.6322907917051597,879,326,0.3708759954493743,0.6825533711336079,0.24504559217789726,0.5812467411442328,0.42013749703585773,-0.434194204338213,0.40314091104880045,20,0.023084879858191822,0.022471657553237767,0.04555653741142959,0.0017408868662157101,0.0442225880327086,0.010765205406433349,-0.005493290668815987,0.017591589189375836,-0.009121955693967409,-0.0020289917426626536,0.0018075317546427975,False
monthly,disjoint,ridge|history_available|budget=25,ridge,history_available,25,H_D_B_A_K,ridge::H_D_B_A_K,True,17,0.6322907917051597,879,326,0.3708759954493743,0.6825533711336079,0.24504559217789726,0.5812467411442328,0.42013749703585773,-0.434194204338213,0.40314091104880045,20,0.023084879858191822,0.022471657553237767,0.04555653741142959,0.0017408868662157101,0.0442225880327086,0.010765205406433349,-0.005493290668815987,0.017591589189375836,-0.009121955693967409,-0.0020289917426626536,0.0018075317546427975,False
monthly,disjoint,ridge|history_available|budget=26,ridge,history_available,26,H_D_B_A_K,ridge::H_D_B_A_K,True,17,0.6322907917051597,879,326,0.3708759954493743,0.6825533711336079,0.24504559217789726,0.5812467411442328,0.42013749703585773,-0.434194204338213,0.40314091104880045,20,0.023084879858191822,0.022471657553237767,0.04555653741142959,0.0017408868662157101,0.0442225880327086,0.010765205406433349,-0.005493290668815987,0.017591589189375836,-0.009121955693967409,-0.0020289917426626536,0.0018075317546427975,False
monthly,disjoint,ridge|history_available|budget=27,ridge,history_available,27,H_D_B_A_K,ridge::H_D_B_A_K,True,17,0.6322907917051597,879,326,0.3708759954493743,0.6825533711336079,0.24504559217789726,0.5812467411442328,0.42013749703585773,-0.434194204338213,0.40314091104880045,20,0.023084879858191822,0.022471657553237767,0.04555653741142959,0.0017408868662157101,0.0442225880327086,0.010765205406433349,-0.005493290668815987,0.017591589189375836,-0.009121955693967409,-0.0020289917426626536,0.0018075317546427975,False
monthly,disjoint,ridge|history_available|budget=28,ridge,history_available,28,H_D_B_P_A_K,ridge::H_D_B_P_A_K,True,28,0.6319125986967781,879,326,0.3708759954493743,0.6856309934138977,0.24624884193064656,0.5754002152231554,0.41990248714582845,-0.4355909489609826,0.37506942224263146,20,0.023084879858191822,0.025549279833526395,0.04863415969171822,0.004200531500370089,0.04792589783976563,0.011001699847027152,-0.002415668388527359,0.020669211469664463,-0.00469941984082004,-0.00017803392602845725,0.0011559835281208224,False
monthly,disjoint,ridge|history_available|budget=29,ridge,history_available,29,H_D_B_P_A_K,ridge::H_D_B_P_A_K,True,28,0.6319125986967781,879,326,0.3708759954493743,0.6856309934138977,0.24624884193064656,0.5754002152231554,0.41990248714582845,-0.4355909489609826,0.37506942224263146,20,0.023084879858191822,0.025549279833526395,0.04863415969171822,0.004200531500370089,0.04792589783976563,0.011001699847027152,-0.002415668388527359,0.020669211469664463,-0.00469941984082004,-0.00017803392602845725,0.0011559835281208224,False
monthly,disjoint,ridge|history_available|budget=30,ridge,history_available,30,H_D_B_P_A_K,ridge::H_D_B_P_A_K,True,28,0.6319125986967781,879,326,0.3708759954493743,0.6856309934138977,0.24624884193064656,0.5754002152231554,0.41990248714582845,-0.4355909489609826,0.37506942224263146,20,0.023084879858191822,0.025549279833526395,0.04863415969171822,0.004200531500370089,0.04792589783976563,0.011001699847027152,-0.002415668388527359,0.020669211469664463,-0.00469941984082004,-0.00017803392602845725,0.0011559835281208224,False
monthly,disjoint,ridge|history_unavailable|budget=00,ridge,history_unavailable,0,NONE,ridge::NONE,False,0,0.6835049913737833,879,326,0.3708759954493743,0.6668350699542119,0.23691301513328292,0.5,0.3708759954493743,,,19,0.024815826975098775,0.0,0.0,0.0,0.0,0.0,-0.028522969822303512,-0.003707142847204737,-0.05208537136211669,-0.0050230608177125186,0.011947357152817396,False
monthly,disjoint,ridge|history_unavailable|budget=01,ridge,history_unavailable,1,A,ridge::A,False,1,0.6768594110722397,879,326,0.3708759954493743,0.6974378010830362,0.25209360295313377,0.4764669011193823,0.36096873131970403,-0.5781295300588142,-0.315998731115766,19,0.024815826975098775,0.030602731128822724,0.0554185581039215,0.018801434183374828,0.041590708675574566,0.005693999775392142,0.002079761306519212,0.026895588281617987,-0.018145831853464765,0.02118300741470642,0.010158021993236288,False
monthly,disjoint,ridge|history_unavailable|budget=02,ridge,history_unavailable,2,B_A,ridge::B_A,False,2,0.6713562513598216,879,326,0.3708759954493743,0.6947736482566306,0.25083513544554975,0.5068338898811835,0.36654834523409957,-0.5256208190109911,0.01782848394251088,19,0.024815826975098775,0.027938578302417638,0.05275440527751642,0.014244076213775362,0.04084964986587106,0.006806903742121602,-0.000584391519885874,0.0242314354552129,-0.019204766178378727,0.017325446599420175,0.009398483757391836,False
monthly,disjoint,ridge|history_unavailable|budget=03,ridge,history_unavailable,3,B_A,ridge::B_A,False,2,0.6713562513598216,879,326,0.3708759954493743,0.6947736482566306,0.25083513544554975,0.5068338898811835,0.36654834523409957,-0.5256208190109911,0.01782848394251088,19,0.024815826975098775,0.027938578302417638,0.05275440527751642,0.014244076213775362,0.04084964986587106,0.006806903742121602,-0.000584391519885874,0.0242314354552129,-0.019204766178378727,0.017325446599420175,0.009398483757391836,False
monthly,disjoint,ridge|history_unavailable|budget=04,ridge,history_unavailable,4,D,ridge::D,False,4,0.6568160240143509,879,326,0.3708759954493743,0.6740580169863472,0.2409993872041384,0.540798100711124,0.3848708308111074,-0.423743828311056,0.34400284831773603,19,0.024815826975098775,0.007222947032133775,0.032038774007232554,-0.007411659359520572,0.022576062471946014,0.007604974754795373,-0.021300022790169737,0.003515804184929038,-0.03638526457400572,-0.005820134021289348,0.007961866415029724,False
monthly,disjoint,ridge|history_unavailable|budget=05,ridge,history_unavailable,5,D_A,ridge::D_A,False,5,0.6508830703941177,879,326,0.3708759954493743,0.7087137449800148,0.2571864441199937,0.5170569897602592,0.36220667157128006,-0.5094425256210872,0.1027736935839938,19,0.024815826975098775,0.041878675025801004,0.06669450200089978,0.02154609687818206,0.062115830448861424,0.010229116284059103,0.013355705203497492,0.03817153217859627,0.0010520109675300592,0.02544964102508319,0.00622604748674479,False
monthly,disjoint,ridge|history_unavailable|budget=06,ridge,history_unavailable,6,D_B_A,ridge::D_B_A,False,6,0.6478313353133246,879,326,0.3708759954493743,0.7056574846812447,0.25565702578179134,0.5293629838360754,0.36819616850195375,-0.4946480607388445,0.17772474888389575,19,0.024815826975098775,0.038822414727030186,0.06363824170212896,0.017499241029515316,0.060427618531844696,0.010834777806982072,0.010299444904726673,0.03511527187982545,-0.00023500399992596455,0.020345642781630157,0.005374452418497358,False
monthly,disjoint,ridge|history_unavailable|budget=07,ridge,history_unavailable,7,D_B_A,ridge::D_B_A,False,6,0.6478313353133246,879,326,0.3708759954493743,0.7056574846812447,0.25565702578179134,0.5293629838360754,0.36819616850195375,-0.4946480607388445,0.17772474888389575,19,0.024815826975098775,0.038822414727030186,0.06363824170212896,0.017499241029515316,0.060427618531844696,0.010834777806982072,0.010299444904726673,0.03511527187982545,-0.00023500399992596455,0.020345642781630157,0.005374452418497358,False
monthly,disjoint,ridge|history_unavailable|budget=08,ridge,history_unavailable,8,D_B_A,ridge::D_B_A,False,6,0.6478313353133246,879,326,0.3708759954493743,0.7056574846812447,0.25565702578179134,0.5293629838360754,0.36819616850195375,-0.4946480607388445,0.17772474888389575,19,0.024815826975098775,0.038822414727030186,0.06363824170212896,0.017499241029515316,0.060427618531844696,0.010834777806982072,0.010299444904726673,0.03511527187982545,-0.00023500399992596455,0.020345642781630157,0.005374452418497358,False
monthly,disjoint,ridge|history_unavailable|budget=09,ridge,history_unavailable,9,D_B_A,ridge::D_B_A,False,6,0.6478313353133246,879,326,0.3708759954493743,0.7056574846812447,0.25565702578179134,0.5293629838360754,0.36819616850195375,-0.4946480607388445,0.17772474888389575,19,0.024815826975098775,0.038822414727030186,0.06363824170212896,0.017499241029515316,0.060427618531844696,0.010834777806982072,0.010299444904726673,0.03511527187982545,-0.00023500399992596455,0.020345642781630157,0.005374452418497358,False
monthly,disjoint,ridge|history_unavailable|budget=10,ridge,history_unavailable,10,D_B_A,ridge::D_B_A,False,6,0.6478313353133246,879,326,0.3708759954493743,0.7056574846812447,0.25565702578179134,0.5293629838360754,0.36819616850195375,-0.4946480607388445,0.17772474888389575,19,0.024815826975098775,0.038822414727030186,0.06363824170212896,0.017499241029515316,0.060427618531844696,0.010834777806982072,0.010299444904726673,0.03511527187982545,-0.00023500399992596455,0.020345642781630157,0.005374452418497358,False
monthly,disjoint,ridge|history_unavailable|budget=11,ridge,history_unavailable,11,D_B_A,ridge::D_B_A,False,6,0.6478313353133246,879,326,0.3708759954493743,0.7056574846812447,0.25565702578179134,0.5293629838360754,0.36819616850195375,-0.4946480607388445,0.17772474888389575,19,0.024815826975098775,0.038822414727030186,0.06363824170212896,0.017499241029515316,0.060427618531844696,0.010834777806982072,0.010299444904726673,0.03511527187982545,-0.00023500399992596455,0.020345642781630157,0.005374452418497358,False
monthly,disjoint,ridge|history_unavailable|budget=12,ridge,history_unavailable,12,D_B_A,ridge::D_B_A,False,6,0.6478313353133246,879,326,0.3708759954493743,0.7056574846812447,0.25565702578179134,0.5293629838360754,0.36819616850195375,-0.4946480607388445,0.17772474888389575,19,0.024815826975098775,0.038822414727030186,0.06363824170212896,0.017499241029515316,0.060427618531844696,0.010834777806982072,0.010299444904726673,0.03511527187982545,-0.00023500399992596455,0.020345642781630157,0.005374452418497358,False
monthly,disjoint,ridge|history_unavailable|budget=13,ridge,history_unavailable,13,D_B_A,ridge::D_B_A,False,6,0.6478313353133246,879,326,0.3708759954493743,0.7056574846812447,0.25565702578179134,0.5293629838360754,0.36819616850195375,-0.4946480607388445,0.17772474888389575,19,0.024815826975098775,0.038822414727030186,0.06363824170212896,0.017499241029515316,0.060427618531844696,0.010834777806982072,0.010299444904726673,0.03511527187982545,-0.00023500399992596455,0.020345642781630157,0.005374452418497358,False
monthly,disjoint,ridge|history_unavailable|budget=14,ridge,history_unavailable,14,D_B_A,ridge::D_B_A,False,6,0.6478313353133246,879,326,0.3708759954493743,0.7056574846812447,0.25565702578179134,0.5293629838360754,0.36819616850195375,-0.4946480607388445,0.17772474888389575,19,0.024815826975098775,0.038822414727030186,0.06363824170212896,0.017499241029515316,0.060427618531844696,0.010834777806982072,0.010299444904726673,0.03511527187982545,-0.00023500399992596455,0.020345642781630157,0.005374452418497358,False
monthly,disjoint,ridge|history_unavailable|budget=15,ridge,history_unavailable,15,D_K,ridge::D_K,False,15,0.6476653957528373,879,326,0.3708759954493743,0.6588299054272841,0.2333818362306547,0.5821453532877001,0.4449477641126818,-0.32115486944816274,0.5365014899282613,19,0.024815826975098775,-0.00800516452693023,0.016810662448168544,-0.02570973654719226,0.00988712355189592,0.009262144231494279,-0.03652813434923374,-0.011712307374134968,-0.04934083316521166,-0.024207527306114755,0.00635616436733173,False
monthly,disjoint,ridge|history_unavailable|budget=16,ridge,history_unavailable,16,D_A_K,ridge::D_A_K,False,16,0.6418943689389565,879,326,0.3708759954493743,0.6929141726950467,0.24967138558445545,0.547099479692475,0.41673248233890403,-0.45396527239179774,0.27646303866039024,19,0.024815826975098775,0.02607910274083247,0.05089492971593125,0.004152057720812866,0.048684278497801714,0.011310458808465464,-0.0024438670814710406,0.022371959893627735,-0.009010353033591262,0.004387633784706625,0.0034404511325424867,False
monthly,disjoint,ridge|history_unavailable|budget=17,ridge,history_unavailable,17,D_B_A_K,ridge::D_B_A_K,False,17,0.6396683524051824,879,326,0.3708759954493743,0.6909538791653491,0.24877482670878723,0.556160485472437,0.4144741068262431,-0.4457305879809371,0.3098911966794937,19,0.024815826975098775,0.024118809211134296,0.048934636186233074,0.0016785248680355582,0.04746435641634847,0.011716554459357657,-0.004404160611169217,0.02041166636392956,-0.008026239226506849,-0.0007702142694346625,0.0018125792151595691,False
monthly,disjoint,ridge|history_unavailable|budget=18,ridge,history_unavailable,18,D_B_A_K,ridge::D_B_A_K,False,17,0.6396683524051824,879,326,0.3708759954493743,0.6909538791653491,0.24877482670878723,0.556160485472437,0.4144741068262431,-0.4457305879809371,0.3098911966794937,19,0.024815826975098775,0.024118809211134296,0.048934636186233074,0.0016785248680355582,0.04746435641634847,0.011716554459357657,-0.004404160611169217,0.02041166636392956,-0.008026239226506849,-0.0007702142694346625,0.0018125792151595691,False
monthly,disjoint,ridge|history_unavailable|budget=19,ridge,history_unavailable,19,D_B_A_K,ridge::D_B_A_K,False,17,0.6396683524051824,879,326,0.3708759954493743,0.6909538791653491,0.24877482670878723,0.556160485472437,0.4144741068262431,-0.4457305879809371,0.3098911966794937,19,0.024815826975098775,0.024118809211134296,0.048934636186233074,0.0016785248680355582,0.04746435641634847,0.011716554459357657,-0.004404160611169217,0.02041166636392956,-0.008026239226506849,-0.0007702142694346625,0.0018125792151595691,False
monthly,disjoint,ridge|history_unavailable|budget=20,ridge,history_unavailable,20,D_B_A_K,ridge::D_B_A_K,False,17,0.6396683524051824,879,326,0.3708759954493743,0.6909538791653491,0.24877482670878723,0.556160485472437,0.4144741068262431,-0.4457305879809371,0.3098911966794937,19,0.024815826975098775,0.024118809211134296,0.048934636186233074,0.0016785248680355582,0.04746435641634847,0.011716554459357657,-0.004404160611169217,0.02041166636392956,-0.008026239226506849,-0.0007702142694346625,0.0018125792151595691,False
monthly,disjoint,ridge|history_unavailable|budget=21,ridge,history_unavailable,21,D_B_A_K,ridge::D_B_A_K,False,17,0.6396683524051824,879,326,0.3708759954493743,0.6909538791653491,0.24877482670878723,0.556160485472437,0.4144741068262431,-0.4457305879809371,0.3098911966794937,19,0.024815826975098775,0.024118809211134296,0.048934636186233074,0.0016785248680355582,0.04746435641634847,0.011716554459357657,-0.004404160611169217,0.02041166636392956,-0.008026239226506849,-0.0007702142694346625,0.0018125792151595691,False
monthly,disjoint,ridge|history_unavailable|budget=22,ridge,history_unavailable,22,D_B_A_K,ridge::D_B_A_K,False,17,0.6396683524051824,879,326,0.3708759954493743,0.6909538791653491,0.24877482670878723,0.556160485472437,0.4144741068262431,-0.4457305879809371,0.3098911966794937,19,0.024815826975098775,0.024118809211134296,0.048934636186233074,0.0016785248680355582,0.04746435641634847,0.011716554459357657,-0.004404160611169217,0.02041166636392956,-0.008026239226506849,-0.0007702142694346625,0.0018125792151595691,False
monthly,disjoint,ridge|history_unavailable|budget=23,ridge,history_unavailable,23,D_B_A_K,ridge::D_B_A_K,False,17,0.6396683524051824,879,326,0.3708759954493743,0.6909538791653491,0.24877482670878723,0.556160485472437,0.4144741068262431,-0.4457305879809371,0.3098911966794937,19,0.024815826975098775,0.024118809211134296,0.048934636186233074,0.0016785248680355582,0.04746435641634847,0.011716554459357657,-0.004404160611169217,0.02041166636392956,-0.008026239226506849,-0.0007702142694346625,0.0018125792151595691,False
monthly,disjoint,ridge|history_unavailable|budget=24,ridge,history_unavailable,24,D_B_A_K,ridge::D_B_A_K,False,17,0.6396683524051824,879,326,0.3708759954493743,0.6909538791653491,0.24877482670878723,0.556160485472437,0.4144741068262431,-0.4457305879809371,0.3098911966794937,19,0.024815826975098775,0.024118809211134296,0.048934636186233074,0.0016785248680355582,0.04746435641634847,0.011716554459357657,-0.004404160611169217,0.02041166636392956,-0.008026239226506849,-0.0007702142694346625,0.0018125792151595691,False
monthly,disjoint,ridge|history_unavailable|budget=25,ridge,history_unavailable,25,D_B_A_K,ridge::D_B_A_K,False,17,0.6396683524051824,879,326,0.3708759954493743,0.6909538791653491,0.24877482670878723,0.556160485472437,0.4144741068262431,-0.4457305879809371,0.3098911966794937,19,0.024815826975098775,0.024118809211134296,0.048934636186233074,0.0016785248680355582,0.04746435641634847,0.011716554459357657,-0.004404160611169217,0.02041166636392956,-0.008026239226506849,-0.0007702142694346625,0.0018125792151595691,False
monthly,disjoint,ridge|history_unavailable|budget=26,ridge,history_unavailable,26,D_B_A_K,ridge::D_B_A_K,False,17,0.6396683524051824,879,326,0.3708759954493743,0.6909538791653491,0.24877482670878723,0.556160485472437,0.4144741068262431,-0.4457305879809371,0.3098911966794937,19,0.024815826975098775,0.024118809211134296,0.048934636186233074,0.0016785248680355582,0.04746435641634847,0.011716554459357657,-0.004404160611169217,0.02041166636392956,-0.008026239226506849,-0.0007702142694346625,0.0018125792151595691,False
monthly,disjoint,ridge|history_unavailable|budget=27,ridge,history_unavailable,27,D_B_A_K,ridge::D_B_A_K,False,17,0.6396683524051824,879,326,0.3708759954493743,0.6909538791653491,0.24877482670878723,0.556160485472437,0.4144741068262431,-0.4457305879809371,0.3098911966794937,19,0.024815826975098775,0.024118809211134296,0.048934636186233074,0.0016785248680355582,0.04746435641634847,0.011716554459357657,-0.004404160611169217,0.02041166636392956,-0.008026239226506849,-0.0007702142694346625,0.0018125792151595691,False
monthly,disjoint,ridge|history_unavailable|budget=28,ridge,history_unavailable,28,D_B_P_A_K,ridge::D_B_P_A_K,False,28,0.6392629600354856,879,326,0.3708759954493743,0.6950673430144002,0.25033006794585183,0.5505164246330667,0.41549927149924537,-0.4510753885752812,0.2750414793435124,19,0.024815826975098775,0.02823227306018561,0.05304810003528439,0.004831690093886587,0.05165091642101338,0.011921431092074686,-0.0002906967621179035,0.02452513021298087,-0.002417536769510209,0.0018611960774813743,0.001071792226657022,False
monthly,disjoint,ridge|history_unavailable|budget=29,ridge,history_unavailable,29,D_B_P_A_K,ridge::D_B_P_A_K,False,28,0.6392629600354856,879,326,0.3708759954493743,0.6950673430144002,0.25033006794585183,0.5505164246330667,0.41549927149924537,-0.4510753885752812,0.2750414793435124,19,0.024815826975098775,0.02823227306018561,0.05304810003528439,0.004831690093886587,0.05165091642101338,0.011921431092074686,-0.0002906967621179035,0.02452513021298087,-0.002417536769510209,0.0018611960774813743,0.001071792226657022,False
monthly,disjoint,ridge|history_unavailable|budget=30,ridge,history_unavailable,30,D_B_P_A_K,ridge::D_B_P_A_K,False,28,0.6392629600354856,879,326,0.3708759954493743,0.6950673430144002,0.25033006794585183,0.5505164246330667,0.41549927149924537,-0.4510753885752812,0.2750414793435124,19,0.024815826975098775,0.02823227306018561,0.05304810003528439,0.004831690093886587,0.05165091642101338,0.011921431092074686,-0.0002906967621179035,0.02452513021298087,-0.002417536769510209,0.0018611960774813743,0.001071792226657022,False
monthly,disjoint,hgb|history_available|budget=00,hgb,history_available,0,H,hgb::H,True,0,0.66992805107656,879,326,0.3708759954493743,0.6599982638796411,0.23390567867125348,0.5675290384850065,0.4063509668317139,-0.3242157502696072,0.880048641530538,29,0.02334929877282166,-8.344970072715618e-05,0.023265849072094502,-0.00012699758505865523,-3.756727131299934e-05,2.2781948164303708e-05,-0.020526888790060593,0.002822409982761065,-0.040018191286900644,-0.001285884842742994,0.009759764759747394,False
monthly,disjoint,hgb|history_available|budget=01,hgb,history_available,1,H_B,hgb::H_B,True,1,0.661433159416462,879,326,0.3708759954493743,0.6548787899647571,0.2324536989346317,0.5730566125650385,0.4154111488565394,-0.3349055125872712,0.7994273922747641,29,0.02334929877282166,-0.005202923615610255,0.018146375157211403,-0.01386495435090956,0.0040010012027741565,0.004488620192987447,-0.025646362704943693,-0.0022970639321220343,-0.044028833228230306,-0.0071434975680676575,0.009755427839039772,False
monthly,disjoint,hgb|history_available|budget=02,hgb,history_available,2,H_B_A,hgb::H_B_A,True,2,0.6581088289156036,879,326,0.3708759954493743,0.6848399998809932,0.24701406296460954,0.5370011870555476,0.3766668581941247,-0.47160721997809646,0.41272265961227106,29,0.02334929877282166,0.02475828630062782,0.04810758507344948,0.011232447090402248,0.0385419858711845,0.0070248842286983635,0.004314847211294381,0.02766414598411604,-0.015808279617500295,0.023422022035525684,0.009792324965116717,False
monthly,disjoint,hgb|history_available|budget=03,hgb,history_available,3,H_B_M_A,hgb::H_B_M_A,True,3,0.6562688329861406,879,326,0.3708759954493743,0.6948265950506193,0.25108278478741713,0.5283423379447297,0.36147273519350825,-0.49259465822562326,0.26190063454045415,29,0.02334929877282166,0.03474488147024968,0.058094180243071336,0.02189883051331823,0.04802151085275391,0.006650894298917754,0.01430144238091624,0.0376507411537379,-0.005456936223724293,0.032487024923200776,0.009703892016671262,False
monthly,disjoint,hgb|history_available|budget=04,hgb,history_available,4,H_D,hgb::H_D,True,4,0.6394616868840016,879,326,0.3708759954493743,0.6679649332948887,0.23760815440609898,0.5905296264657918,0.42781691018463874,-0.39561880512854025,0.49596166996316604,29,0.02334929877282166,0.007883219714519774,0.031232518487341432,-0.007877096010579671,0.02495653346169601,0.008488893356830349,-0.012560219374813664,0.010789079398007995,-0.027776916598620745,0.002970012099640589,0.007935202399236549,False
monthly,disjoint,hgb|history_available|budget=05,hgb,history_available,5,H_D_B,hgb::H_D_B,True,5,0.6320526968305438,879,326,0.3708759954493743,0.6661690742787705,0.23710374720519298,0.5913810892066697,0.4172629190826225,-0.3922064274250991,0.5146524036639344,29,0.02334929877282166,0.006087360698400213,0.02943665947122187,-0.010651087748149024,0.02388938642675343,0.008872876724867416,-0.014356078390933225,0.008993220381888434,-0.029347623996659033,0.0005772558414529563,0.007712583486481762,False
monthly,disjoint,hgb|history_available|budget=06,hgb,history_available,6,H_D_B_M,hgb::H_D_B_M,True,6,0.6276883296665146,879,326,0.3708759954493743,0.6660933577221892,0.23708532131270244,0.5926818580192813,0.4209788440700085,-0.3925622209257297,0.5158425557784961,29,0.02334929877282166,0.006011644141818651,0.02936094291464031,-0.010621189219734251,0.02412426124309318,0.008914724199390643,-0.014431794947514787,0.008917503825306872,-0.029207378444777714,0.0005908745608061991,0.007609535912384236,False
monthly,disjoint,hgb|history_available|budget=07,hgb,history_available,7,H_D_B_M_A,hgb::H_D_B_M_A,True,7,0.6262761272069579,879,326,0.3708759954493743,0.7032944882406597,0.25448720126656155,0.5522526320460622,0.37277207254078804,-0.47532104819824234,0.2666754616615911,29,0.02334929877282166,0.043212774660288944,0.0665620734331106,0.023456615452461322,0.0636503819349337,0.010284444178542535,0.022769335570955507,0.046118634343777165,0.007582992919947168,0.038888227831616995,0.007892554232716762,False
monthly,disjoint,hgb|history_available|budget=08,hgb,history_available,8,H_D_B_M_C_A,hgb::H_D_B_M_C_A,True,8,0.6260258136310883,879,326,0.3708759954493743,0.6997079558660056,0.2528383278665139,0.556798389154528,0.37511106072932177,-0.473088860166035,0.2869569409255222,29,0.02334929877282166,0.03962624228563627,0.06297554105845793,0.02045016722857092,0.05996433444523929,0.010109338131696479,0.019182803196302833,0.04253210196912449,0.004078649503605603,0.03522152004834048,0.00775336699102034,False
monthly,disjoint,hgb|history_available|budget=09,hgb,history_available,9,H_D_B_M_C_A,hgb::H_D_B_M_C_A,True,8,0.6260258136310883,879,326,0.3708759954493743,0.6997079558660056,0.2528383278665139,0.556798389154528,0.37511106072932177,-0.473088860166035,0.2869569409255222,29,0.02334929877282166,0.03962624228563627,0.06297554105845793,0.02045016722857092,0.05996433444523929,0.010109338131696479,0.019182803196302833,0.04253210196912449,0.004078649503605603,0.03522152004834048,0.00775336699102034,False
monthly,disjoint,hgb|history_available|budget=10,hgb,history_available,10,H_D_B_M_C_A,hgb::H_D_B_M_C_A,True,8,0.6260258136310883,879,326,0.3708759954493743,0.6997079558660056,0.2528383278665139,0.556798389154528,0.37511106072932177,-0.473088860166035,0.2869569409255222,29,0.02334929877282166,0.03962624228563627,0.06297554105845793,0.02045016722857092,0.05996433444523929,0.010109338131696479,0.019182803196302833,0.04253210196912449,0.004078649503605603,0.03522152004834048,0.00775336699102034,False
monthly,disjoint,hgb|history_available|budget=11,hgb,history_available,11,H_D_B_M_C_A,hgb::H_D_B_M_C_A,True,8,0.6260258136310883,879,326,0.3708759954493743,0.6997079558660056,0.2528383278665139,0.556798389154528,0.37511106072932177,-0.473088860166035,0.2869569409255222,29,0.02334929877282166,0.03962624228563627,0.06297554105845793,0.02045016722857092,0.05996433444523929,0.010109338131696479,0.019182803196302833,0.04253210196912449,0.004078649503605603,0.03522152004834048,0.00775336699102034,False
monthly,disjoint,hgb|history_available|budget=12,hgb,history_available,12,H_D_B_M_C_A,hgb::H_D_B_M_C_A,True,8,0.6260258136310883,879,326,0.3708759954493743,0.6997079558660056,0.2528383278665139,0.556798389154528,0.37511106072932177,-0.473088860166035,0.2869569409255222,29,0.02334929877282166,0.03962624228563627,0.06297554105845793,0.02045016722857092,0.05996433444523929,0.010109338131696479,0.019182803196302833,0.04253210196912449,0.004078649503605603,0.03522152004834048,0.00775336699102034,False
monthly,disjoint,hgb|history_available|budget=13,hgb,history_available,13,H_D_B_M_C_A,hgb::H_D_B_M_C_A,True,8,0.6260258136310883,879,326,0.3708759954493743,0.6997079558660056,0.2528383278665139,0.556798389154528,0.37511106072932177,-0.473088860166035,0.2869569409255222,29,0.02334929877282166,0.03962624228563627,0.06297554105845793,0.02045016722857092,0.05996433444523929,0.010109338131696479,0.019182803196302833,0.04253210196912449,0.004078649503605603,0.03522152004834048,0.00775336699102034,False
monthly,disjoint,hgb|history_available|budget=14,hgb,history_available,14,H_D_B_M_C_A,hgb::H_D_B_M_C_A,True,8,0.6260258136310883,879,326,0.3708759954493743,0.6997079558660056,0.2528383278665139,0.556798389154528,0.37511106072932177,-0.473088860166035,0.2869569409255222,29,0.02334929877282166,0.03962624228563627,0.06297554105845793,0.02045016722857092,0.05996433444523929,0.010109338131696479,0.019182803196302833,0.04253210196912449,0.004078649503605603,0.03522152004834048,0.00775336699102034,False
monthly,disjoint,hgb|history_available|budget=15,hgb,history_available,15,H_D_B_M_C_A,hgb::H_D_B_M_C_A,True,8,0.6260258136310883,879,326,0.3708759954493743,0.6997079558660056,0.2528383278665139,0.556798389154528,0.37511106072932177,-0.473088860166035,0.2869569409255222,29,0.02334929877282166,0.03962624228563627,0.06297554105845793,0.02045016722857092,0.05996433444523929,0.010109338131696479,0.019182803196302833,0.04253210196912449,0.004078649503605603,0.03522152004834048,0.00775336699102034,False
monthly,disjoint,hgb|history_available|budget=16,hgb,history_available,16,H_D_B_K,hgb::H_D_B_K,True,16,0.6247425802646154,879,326,0.3708759954493743,0.645462443779969,0.2272075306231521,0.6294500715561522,0.45925485276707056,-0.2986622115143403,0.6935977102990539,29,0.02334929877282166,-0.014619269800401069,0.00873002897242059,-0.0327735208603745,0.0040177153839108665,0.00931858009806198,-0.035062708889734506,-0.011713410116912848,-0.045649175399555604,-0.02435243413335932,0.005487373688015917,False
monthly,disjoint,hgb|history_available|budget=17,hgb,history_available,17,H_D_B_A_K,hgb::H_D_B_A_K,True,17,0.6233891039998642,879,326,0.3708759954493743,0.6701744415236432,0.23936425832719455,0.591494802471738,0.4281560217776582,-0.40778820937586296,0.48526757986414587,29,0.02334929877282166,0.01009272794327254,0.0334420267160942,-0.008471851658449265,0.02965456659518354,0.009824116232579486,-0.010350711146060898,0.01299858762676076,-0.01986784452243876,-0.0014751635636475284,0.004716133835095514,False
monthly,disjoint,hgb|history_available|budget=18,hgb,history_available,18,H_D_B_C_A_K,hgb::H_D_B_C_A_K,True,18,0.622708136279347,879,326,0.3708759954493743,0.6672560012301526,0.23781087543625617,0.599005424954792,0.43324643850862493,-0.40364964490327976,0.5137118083535147,29,0.02334929877282166,0.00717428764978334,0.030523586422604998,-0.011694869081791426,0.02679171775950232,0.009859911279753024,-0.013269151439550098,0.01008014733327156,-0.02207982208324477,-0.004283612748555499,0.004566679721391464,False
monthly,disjoint,hgb|history_available|budget=19,hgb,history_available,19,H_D_B_C_A_K,hgb::H_D_B_C_A_K,True,18,0.622708136279347,879,326,0.3708759954493743,0.6672560012301526,0.23781087543625617,0.599005424954792,0.43324643850862493,-0.40364964490327976,0.5137118083535147,29,0.02334929877282166,0.00717428764978334,0.030523586422604998,-0.011694869081791426,0.02679171775950232,0.009859911279753024,-0.013269151439550098,0.01008014733327156,-0.02207982208324477,-0.004283612748555499,0.004566679721391464,False
monthly,disjoint,hgb|history_available|budget=20,hgb,history_available,20,H_D_B_C_A_K,hgb::H_D_B_C_A_K,True,18,0.622708136279347,879,326,0.3708759954493743,0.6672560012301526,0.23781087543625617,0.599005424954792,0.43324643850862493,-0.40364964490327976,0.5137118083535147,29,0.02334929877282166,0.00717428764978334,0.030523586422604998,-0.011694869081791426,0.02679171775950232,0.009859911279753024,-0.013269151439550098,0.01008014733327156,-0.02207982208324477,-0.004283612748555499,0.004566679721391464,False
monthly,disjoint,hgb|history_available|budget=21,hgb,history_available,21,H_D_B_C_A_K,hgb::H_D_B_C_A_K,True,18,0.622708136279347,879,326,0.3708759954493743,0.6672560012301526,0.23781087543625617,0.599005424954792,0.43324643850862493,-0.40364964490327976,0.5137118083535147,29,0.02334929877282166,0.00717428764978334,0.030523586422604998,-0.011694869081791426,0.02679171775950232,0.009859911279753024,-0.013269151439550098,0.01008014733327156,-0.02207982208324477,-0.004283612748555499,0.004566679721391464,False
monthly,disjoint,hgb|history_available|budget=22,hgb,history_available,22,H_D_B_C_A_K,hgb::H_D_B_C_A_K,True,18,0.622708136279347,879,326,0.3708759954493743,0.6672560012301526,0.23781087543625617,0.599005424954792,0.43324643850862493,-0.40364964490327976,0.5137118083535147,29,0.02334929877282166,0.00717428764978334,0.030523586422604998,-0.011694869081791426,0.02679171775950232,0.009859911279753024,-0.013269151439550098,0.01008014733327156,-0.02207982208324477,-0.004283612748555499,0.004566679721391464,False
monthly,disjoint,hgb|history_available|budget=23,hgb,history_available,23,H_D_B_C_A_K,hgb::H_D_B_C_A_K,True,18,0.622708136279347,879,326,0.3708759954493743,0.6672560012301526,0.23781087543625617,0.599005424954792,0.43324643850862493,-0.40364964490327976,0.5137118083535147,29,0.02334929877282166,0.00717428764978334,0.030523586422604998,-0.011694869081791426,0.02679171775950232,0.009859911279753024,-0.013269151439550098,0.01008014733327156,-0.02207982208324477,-0.004283612748555499,0.004566679721391464,False
monthly,disjoint,hgb|history_available|budget=24,hgb,history_available,24,H_D_B_C_A_K,hgb::H_D_B_C_A_K,True,18,0.622708136279347,879,326,0.3708759954493743,0.6672560012301526,0.23781087543625617,0.599005424954792,0.43324643850862493,-0.40364964490327976,0.5137118083535147,29,0.02334929877282166,0.00717428764978334,0.030523586422604998,-0.011694869081791426,0.02679171775950232,0.009859911279753024,-0.013269151439550098,0.01008014733327156,-0.02207982208324477,-0.004283612748555499,0.004566679721391464,False
monthly,disjoint,hgb|history_available|budget=25,hgb,history_available,25,H_D_B_C_A_K,hgb::H_D_B_C_A_K,True,18,0.622708136279347,879,326,0.3708759954493743,0.6672560012301526,0.23781087543625617,0.599005424954792,0.43324643850862493,-0.40364964490327976,0.5137118083535147,29,0.02334929877282166,0.00717428764978334,0.030523586422604998,-0.011694869081791426,0.02679171775950232,0.009859911279753024,-0.013269151439550098,0.01008014733327156,-0.02207982208324477,-0.004283612748555499,0.004566679721391464,False
monthly,disjoint,hgb|history_available|budget=26,hgb,history_available,26,H_D_B_C_A_K,hgb::H_D_B_C_A_K,True,18,0.622708136279347,879,326,0.3708759954493743,0.6672560012301526,0.23781087543625617,0.599005424954792,0.43324643850862493,-0.40364964490327976,0.5137118083535147,29,0.02334929877282166,0.00717428764978334,0.030523586422604998,-0.011694869081791426,0.02679171775950232,0.009859911279753024,-0.013269151439550098,0.01008014733327156,-0.02207982208324477,-0.004283612748555499,0.004566679721391464,False
monthly,disjoint,hgb|history_available|budget=27,hgb,history_available,27,H_D_B_P_K,hgb::H_D_B_P_K,True,27,0.6224189124890044,879,326,0.3708759954493743,0.6611003222480567,0.2337833676013,0.5963456439498996,0.44811301486733607,-0.34360245160884195,0.5159101750712878,29,0.02334929877282166,0.001018608667685883,0.02436790744050754,-0.017353574739087604,0.021036570429357915,0.009752211097570117,-0.019424830421647554,0.003924468351174104,-0.02729132946961414,-0.01151331620875018,0.004037245869630739,False
monthly,disjoint,hgb|history_available|budget=28,hgb,history_available,28,H_D_B_P_C_K,hgb::H_D_B_P_C_K,True,28,0.6221233869574162,879,326,0.3708759954493743,0.6610677313856002,0.23358246044975492,0.5975021910604733,0.45079346288791344,-0.34049546279696785,0.5112512234323859,29,0.02334929877282166,0.0009860178052302215,0.02433531657805188,-0.018079812654579485,0.021768909783933067,0.009954128447445334,-0.019457421284103216,0.0038918774887184426,-0.02751588306240652,-0.011737371406134116,0.004011436176041243,False
monthly,disjoint,hgb|history_available|budget=29,hgb,history_available,29,H_D_B_P_C_K,hgb::H_D_B_P_C_K,True,28,0.6221233869574162,879,326,0.3708759954493743,0.6610677313856002,0.23358246044975492,0.5975021910604733,0.45079346288791344,-0.34049546279696785,0.5112512234323859,29,0.02334929877282166,0.0009860178052302215,0.02433531657805188,-0.018079812654579485,0.021768909783933067,0.009954128447445334,-0.019457421284103216,0.0038918774887184426,-0.02751588306240652,-0.011737371406134116,0.004011436176041243,False
monthly,disjoint,hgb|history_available|budget=30,hgb,history_available,30,H_D_B_M_P_C_A_K,hgb::H_D_B_M_P_C_A_K,True,30,0.6219650098551895,879,326,0.3708759954493743,0.6805251526697038,0.24342491972817157,0.5672128601382309,0.4181545978383948,-0.4256365157660521,0.3602708353010966,29,0.02334929877282166,0.020443439089333437,0.043792737862155096,0.0012082418775788085,0.03992766094481458,0.009761898885779604,0.0,0.0,0.0,0.0,0.0,False
monthly,disjoint,hgb|history_unavailable|budget=00,hgb,history_unavailable,0,NONE,hgb::NONE,False,0,0.6835049913737833,879,326,0.3708759954493743,0.6668350699542119,0.23691301513328292,0.5,0.3708759954493743,,,23,0.025410669369209615,0.0,0.0,0.0,0.0,0.0,-0.028077223754423786,-0.002666554385214171,-0.049420881690036444,-0.007266538022242732,0.010728223959173087,False
monthly,disjoint,hgb|history_unavailable|budget=01,hgb,history_unavailable,1,B,hgb::B,False,1,0.6764592159223477,879,326,0.3708759954493743,0.6690652216341283,0.23815255546348524,0.5330212227781538,0.38756517514319233,-0.4191553924503773,0.4026296416130029,23,0.025410669369209615,0.002230151679917136,0.02764082104912675,-0.006607421191094453,0.010599402081998926,0.004376854046211559,-0.02584707207450665,-0.000436402705297035,-0.04611243782454624,-0.005731130713768063,0.010537984813480923,False
monthly,disjoint,hgb|history_unavailable|budget=02,hgb,history_unavailable,2,B_A,hgb::B_A,False,2,0.6707577129357915,879,326,0.3708759954493743,0.6938953504592981,0.2504517063162109,0.5055996849310509,0.3655340290512615,-0.5176190342760755,0.07255761685260291,23,0.025410669369209615,0.027060280505079137,0.052470949874288755,0.013698464686580291,0.04091668425068313,0.00695510722219633,-0.0010169432493446484,0.024393726119864966,-0.02109512711596782,0.018710702414539926,0.010024751931684395,False
monthly,disjoint,hgb|history_unavailable|budget=03,hgb,history_unavailable,3,B_M_A,hgb::B_M_A,False,3,0.6700832563067912,879,326,0.3708759954493743,0.701067704847418,0.2537606426846367,0.518479792320749,0.3588032616191663,-0.5279596546206228,0.003181279229397996,23,0.025410669369209615,0.03423263489320283,0.05964330426241245,0.019239603360090566,0.04962426014591677,0.007763526409179757,0.006155411138779043,0.03156608050798866,-0.015007777765214794,0.02628161329005887,0.010465051345743014,False
monthly,disjoint,hgb|history_unavailable|budget=04,hgb,history_unavailable,4,D,hgb::D,False,4,0.6582713689763009,879,326,0.3708759954493743,0.6909396927309317,0.2478902963674336,0.5201161539400259,0.37345768239216837,-0.4799223019465788,0.14953555254082304,23,0.025410669369209615,0.02410462277671588,0.049515292145925496,0.006355273292552768,0.04346065749933508,0.009431757044250675,-0.003972600977707907,0.021438068391501707,-0.01986265285006831,0.012263439409961534,0.008171087126168939,False
monthly,disjoint,hgb|history_unavailable|budget=05,hgb,history_unavailable,5,D_B,hgb::D_B,False,5,0.6481134841701371,879,326,0.3708759954493743,0.6871916841537392,0.2460708730797813,0.5455712843497266,0.38940780254124474,-0.45403762110127627,0.23812504136136095,23,0.025410669369209615,0.020356614199524503,0.04576728356873412,0.0010551466218786916,0.04011302568770631,0.009941508588172906,-0.007720609554899283,0.017690059814310332,-0.024127204479211344,0.008522938662846601,0.00825217576594857,False
monthly,disjoint,hgb|history_unavailable|budget=06,hgb,history_unavailable,6,D_B_A,hgb::D_B_A,False,6,0.642492702408009,879,326,0.3708759954493743,0.7190759676833627,0.26156315541896097,0.5122061482820977,0.35633679740513763,-0.514431129993074,0.06566707242557455,23,0.025410669369209615,0.05224089772914853,0.07765156709835815,0.030660120653850407,0.07477559104674719,0.011227588558484408,0.024163673974724742,0.04957434334393436,0.008447258332853225,0.040879107546703396,0.008224700735895511,False
monthly,disjoint,hgb|history_unavailable|budget=07,hgb,history_unavailable,7,D_B_M_A,hgb::D_B_M_A,False,7,0.642368337931568,879,326,0.3708759954493743,0.7287618224576828,0.2655238276516093,0.5113824204839192,0.35300099893927506,-0.5257386207781994,0.012986336775621136,23,0.025410669369209615,0.06192675250346735,0.08733742187267697,0.039414843516878954,0.08569348104744988,0.011887510187953709,0.03384952874904357,0.059260198118253185,0.01631328575652876,0.051495791584536085,0.008852707801986609,False
monthly,disjoint,hgb|history_unavailable|budget=08,hgb,history_unavailable,8,D_B_M_A,hgb::D_B_M_A,False,7,0.642368337931568,879,326,0.3708759954493743,0.7287618224576828,0.2655238276516093,0.5113824204839192,0.35300099893927506,-0.5257386207781994,0.012986336775621136,23,0.025410669369209615,0.06192675250346735,0.08733742187267697,0.039414843516878954,0.08569348104744988,0.011887510187953709,0.03384952874904357,0.059260198118253185,0.01631328575652876,0.051495791584536085,0.008852707801986609,False
monthly,disjoint,hgb|history_unavailable|budget=09,hgb,history_unavailable,9,D_B_M_A,hgb::D_B_M_A,False,7,0.642368337931568,879,326,0.3708759954493743,0.7287618224576828,0.2655238276516093,0.5113824204839192,0.35300099893927506,-0.5257386207781994,0.012986336775621136,23,0.025410669369209615,0.06192675250346735,0.08733742187267697,0.039414843516878954,0.08569348104744988,0.011887510187953709,0.03384952874904357,0.059260198118253185,0.01631328575652876,0.051495791584536085,0.008852707801986609,False
monthly,disjoint,hgb|history_unavailable|budget=10,hgb,history_unavailable,10,D_B_M_A,hgb::D_B_M_A,False,7,0.642368337931568,879,326,0.3708759954493743,0.7287618224576828,0.2655238276516093,0.5113824204839192,0.35300099893927506,-0.5257386207781994,0.012986336775621136,23,0.025410669369209615,0.06192675250346735,0.08733742187267697,0.039414843516878954,0.08569348104744988,0.011887510187953709,0.03384952874904357,0.059260198118253185,0.01631328575652876,0.051495791584536085,0.008852707801986609,False
monthly,disjoint,hgb|history_unavailable|budget=11,hgb,history_unavailable,11,D_B_M_A,hgb::D_B_M_A,False,7,0.642368337931568,879,326,0.3708759954493743,0.7287618224576828,0.2655238276516093,0.5113824204839192,0.35300099893927506,-0.5257386207781994,0.012986336775621136,23,0.025410669369209615,0.06192675250346735,0.08733742187267697,0.039414843516878954,0.08569348104744988,0.011887510187953709,0.03384952874904357,0.059260198118253185,0.01631328575652876,0.051495791584536085,0.008852707801986609,False
monthly,disjoint,hgb|history_unavailable|budget=12,hgb,history_unavailable,12,D_B_M_A,hgb::D_B_M_A,False,7,0.642368337931568,879,326,0.3708759954493743,0.7287618224576828,0.2655238276516093,0.5113824204839192,0.35300099893927506,-0.5257386207781994,0.012986336775621136,23,0.025410669369209615,0.06192675250346735,0.08733742187267697,0.039414843516878954,0.08569348104744988,0.011887510187953709,0.03384952874904357,0.059260198118253185,0.01631328575652876,0.051495791584536085,0.008852707801986609,False
monthly,disjoint,hgb|history_unavailable|budget=13,hgb,history_unavailable,13,D_B_M_A,hgb::D_B_M_A,False,7,0.642368337931568,879,326,0.3708759954493743,0.7287618224576828,0.2655238276516093,0.5113824204839192,0.35300099893927506,-0.5257386207781994,0.012986336775621136,23,0.025410669369209615,0.06192675250346735,0.08733742187267697,0.039414843516878954,0.08569348104744988,0.011887510187953709,0.03384952874904357,0.059260198118253185,0.01631328575652876,0.051495791584536085,0.008852707801986609,False
monthly,disjoint,hgb|history_unavailable|budget=14,hgb,history_unavailable,14,D_B_M_A,hgb::D_B_M_A,False,7,0.642368337931568,879,326,0.3708759954493743,0.7287618224576828,0.2655238276516093,0.5113824204839192,0.35300099893927506,-0.5257386207781994,0.012986336775621136,23,0.025410669369209615,0.06192675250346735,0.08733742187267697,0.039414843516878954,0.08569348104744988,0.011887510187953709,0.03384952874904357,0.059260198118253185,0.01631328575652876,0.051495791584536085,0.008852707801986609,False
monthly,disjoint,hgb|history_unavailable|budget=15,hgb,history_unavailable,15,D_B_M_A,hgb::D_B_M_A,False,7,0.642368337931568,879,326,0.3708759954493743,0.7287618224576828,0.2655238276516093,0.5113824204839192,0.35300099893927506,-0.5257386207781994,0.012986336775621136,23,0.025410669369209615,0.06192675250346735,0.08733742187267697,0.039414843516878954,0.08569348104744988,0.011887510187953709,0.03384952874904357,0.059260198118253185,0.01631328575652876,0.051495791584536085,0.008852707801986609,False
monthly,disjoint,hgb|history_unavailable|budget=16,hgb,history_unavailable,16,D_B_K,hgb::D_B_K,False,16,0.6391291772665685,879,326,0.3708759954493743,0.663888994267988,0.23506496520275258,0.5858895705521473,0.4395246033852944,-0.3469346074051983,0.4731844438107587,23,0.025410669369209615,-0.0029460756862260684,0.022464593682983546,-0.021764145952377346,0.016372491693425695,0.009905495801169782,-0.031023299440649854,-0.0056126300714402395,-0.042607312425294766,-0.01855356595752357,0.0062464967792858405,False
monthly,disjoint,hgb|history_unavailable|budget=17,hgb,history_unavailable,17,D_B_A_K,hgb::D_B_A_K,False,17,0.6358662556189094,879,326,0.3708759954493743,0.690994221030474,0.24804361746263215,0.5506467788637548,0.4078564205635833,-0.452398663100169,0.2595838194458204,23,0.025410669369209615,0.024159151076260654,0.04956982044547027,0.0031032427952485788,0.04602410960230712,0.010888791318470656,-0.003918072678163131,0.021492596691046483,-0.014930094806078398,0.007132560289266356,0.005605105014927245,False
monthly,disjoint,hgb|history_unavailable|budget=18,hgb,history_unavailable,18,D_B_A_K,hgb::D_B_A_K,False,17,0.6358662556189094,879,326,0.3708759954493743,0.690994221030474,0.24804361746263215,0.5506467788637548,0.4078564205635833,-0.452398663100169,0.2595838194458204,23,0.025410669369209615,0.024159151076260654,0.04956982044547027,0.0031032427952485788,0.04602410960230712,0.010888791318470656,-0.003918072678163131,0.021492596691046483,-0.014930094806078398,0.007132560289266356,0.005605105014927245,False
monthly,disjoint,hgb|history_unavailable|budget=19,hgb,history_unavailable,19,D_B_A_K,hgb::D_B_A_K,False,17,0.6358662556189094,879,326,0.3708759954493743,0.690994221030474,0.24804361746263215,0.5506467788637548,0.4078564205635833,-0.452398663100169,0.2595838194458204,23,0.025410669369209615,0.024159151076260654,0.04956982044547027,0.0031032427952485788,0.04602410960230712,0.010888791318470656,-0.003918072678163131,0.021492596691046483,-0.014930094806078398,0.007132560289266356,0.005605105014927245,False
monthly,disjoint,hgb|history_unavailable|budget=20,hgb,history_unavailable,20,D_B_A_K,hgb::D_B_A_K,False,17,0.6358662556189094,879,326,0.3708759954493743,0.690994221030474,0.24804361746263215,0.5506467788637548,0.4078564205635833,-0.452398663100169,0.2595838194458204,23,0.025410669369209615,0.024159151076260654,0.04956982044547027,0.0031032427952485788,0.04602410960230712,0.010888791318470656,-0.003918072678163131,0.021492596691046483,-0.014930094806078398,0.007132560289266356,0.005605105014927245,False
monthly,disjoint,hgb|history_unavailable|budget=21,hgb,history_unavailable,21,D_B_A_K,hgb::D_B_A_K,False,17,0.6358662556189094,879,326,0.3708759954493743,0.690994221030474,0.24804361746263215,0.5506467788637548,0.4078564205635833,-0.452398663100169,0.2595838194458204,23,0.025410669369209615,0.024159151076260654,0.04956982044547027,0.0031032427952485788,0.04602410960230712,0.010888791318470656,-0.003918072678163131,0.021492596691046483,-0.014930094806078398,0.007132560289266356,0.005605105014927245,False
monthly,disjoint,hgb|history_unavailable|budget=22,hgb,history_unavailable,22,D_B_A_K,hgb::D_B_A_K,False,17,0.6358662556189094,879,326,0.3708759954493743,0.690994221030474,0.24804361746263215,0.5506467788637548,0.4078564205635833,-0.452398663100169,0.2595838194458204,23,0.025410669369209615,0.024159151076260654,0.04956982044547027,0.0031032427952485788,0.04602410960230712,0.010888791318470656,-0.003918072678163131,0.021492596691046483,-0.014930094806078398,0.007132560289266356,0.005605105014927245,False
monthly,disjoint,hgb|history_unavailable|budget=23,hgb,history_unavailable,23,D_B_A_K,hgb::D_B_A_K,False,17,0.6358662556189094,879,326,0.3708759954493743,0.690994221030474,0.24804361746263215,0.5506467788637548,0.4078564205635833,-0.452398663100169,0.2595838194458204,23,0.025410669369209615,0.024159151076260654,0.04956982044547027,0.0031032427952485788,0.04602410960230712,0.010888791318470656,-0.003918072678163131,0.021492596691046483,-0.014930094806078398,0.007132560289266356,0.005605105014927245,False
monthly,disjoint,hgb|history_unavailable|budget=24,hgb,history_unavailable,24,D_B_A_K,hgb::D_B_A_K,False,17,0.6358662556189094,879,326,0.3708759954493743,0.690994221030474,0.24804361746263215,0.5506467788637548,0.4078564205635833,-0.452398663100169,0.2595838194458204,23,0.025410669369209615,0.024159151076260654,0.04956982044547027,0.0031032427952485788,0.04602410960230712,0.010888791318470656,-0.003918072678163131,0.021492596691046483,-0.014930094806078398,0.007132560289266356,0.005605105014927245,False
monthly,disjoint,hgb|history_unavailable|budget=25,hgb,history_unavailable,25,D_B_A_K,hgb::D_B_A_K,False,17,0.6358662556189094,879,326,0.3708759954493743,0.690994221030474,0.24804361746263215,0.5506467788637548,0.4078564205635833,-0.452398663100169,0.2595838194458204,23,0.025410669369209615,0.024159151076260654,0.04956982044547027,0.0031032427952485788,0.04602410960230712,0.010888791318470656,-0.003918072678163131,0.021492596691046483,-0.014930094806078398,0.007132560289266356,0.005605105014927245,False
monthly,disjoint,hgb|history_unavailable|budget=26,hgb,history_unavailable,26,D_B_A_K,hgb::D_B_A_K,False,17,0.6358662556189094,879,326,0.3708759954493743,0.690994221030474,0.24804361746263215,0.5506467788637548,0.4078564205635833,-0.452398663100169,0.2595838194458204,23,0.025410669369209615,0.024159151076260654,0.04956982044547027,0.0031032427952485788,0.04602410960230712,0.010888791318470656,-0.003918072678163131,0.021492596691046483,-0.014930094806078398,0.007132560289266356,0.005605105014927245,False
monthly,disjoint,hgb|history_unavailable|budget=27,hgb,history_unavailable,27,D_P_A_K,hgb::D_P_A_K,False,27,0.6346380484981019,879,326,0.3708759954493743,0.7012218342890807,0.2511423934160939,0.5217636095363827,0.4143119945049088,-0.4885047280734757,0.11304429336385949,23,0.025410669369209615,0.03438676433486598,0.0597974337040756,0.013066101733357288,0.05601232487383515,0.011141895939943818,0.006309540580442197,0.031720209949651815,-0.0001732282697528924,0.012902053483704342,0.0032947030266881824,False
monthly,disjoint,hgb|history_unavailable|budget=28,hgb,history_unavailable,28,D_B_P_A_K,hgb::D_B_P_A_K,False,28,0.6336998056962528,879,326,0.3708759954493743,0.6990493542662962,0.2503048515948133,0.5291272368231287,0.41200517021832106,-0.48012701169519256,0.13958389400061616,23,0.025410669369209615,0.0322142843120814,0.057624953681291016,0.011182342887321875,0.05414369569171735,0.011105617381613093,0.0041370605576576125,0.029547729926867227,0.0002683148251648643,0.008054908537363138,0.0019954959019732304,False
monthly,disjoint,hgb|history_unavailable|budget=29,hgb,history_unavailable,29,D_B_P_A_K,hgb::D_B_P_A_K,False,28,0.6336998056962528,879,326,0.3708759954493743,0.6990493542662962,0.2503048515948133,0.5291272368231287,0.41200517021832106,-0.48012701169519256,0.13958389400061616,23,0.025410669369209615,0.0322142843120814,0.057624953681291016,0.011182342887321875,0.05414369569171735,0.011105617381613093,0.0041370605576576125,0.029547729926867227,0.0002683148251648643,0.008054908537363138,0.0019954959019732304,False
monthly,disjoint,hgb|history_unavailable|budget=30,hgb,history_unavailable,30,D_B_P_A_K,hgb::D_B_P_A_K,False,28,0.6336998056962528,879,326,0.3708759954493743,0.6990493542662962,0.2503048515948133,0.5291272368231287,0.41200517021832106,-0.48012701169519256,0.13958389400061616,23,0.025410669369209615,0.0322142843120814,0.057624953681291016,0.011182342887321875,0.05414369569171735,0.011105617381613093,0.0041370605576576125,0.029547729926867227,0.0002683148251648643,0.008054908537363138,0.0019954959019732304,False
