target,algorithm,subset,config_json,oof_log_loss,fold_mean,fold_se
monthly,ridge,H,0.001,0.6776147623144768,0.6776147623144769,0.0010855448934580716
monthly,ridge,H,0.01,0.6704272422577383,0.6704272422577383,0.004214971401004536
monthly,ridge,H,0.1,0.669891877603961,0.669891877603961,0.005854185265160294
monthly,ridge,H,1.0,0.6699352847021528,0.6699352847021528,0.0060919991923183816
monthly,ridge,H,10.0,0.6699416147189476,0.6699416147189476,0.006116858494588808
monthly,ridge,H_D,0.001,0.6742156258627364,0.6742156258627363,0.0008226672329840391
monthly,ridge,H_D,0.01,0.6557314414225943,0.6557314414225944,0.0032234711117251577
monthly,ridge,H_D,0.1,0.6444425682898658,0.6444425682898658,0.006726255692921304
monthly,ridge,H_D,1.0,0.6458970906996319,0.6458970906996319,0.010130513623642666
monthly,ridge,H_D,10.0,0.6491181624331167,0.6491181624331168,0.011263606945961954
monthly,ridge,H_B,0.001,0.6753261659982502,0.6753261659982502,0.001243062368287958
monthly,ridge,H_B,0.01,0.6667366464662993,0.6667366464662992,0.004817261334097367
monthly,ridge,H_B,0.1,0.6663256974450219,0.6663256974450219,0.006586786730724796
monthly,ridge,H_B,1.0,0.6664006319530509,0.6664006319530508,0.006837419808492139
monthly,ridge,H_B,10.0,0.6664101097516685,0.6664101097516685,0.0068635502791053165
monthly,ridge,H_D_B,0.001,0.672026928748075,0.6720269287480749,0.0010886252353860082
monthly,ridge,H_D_B,0.01,0.652878818005485,0.6528788180054851,0.004510272033136346
monthly,ridge,H_D_B,0.1,0.6427607667307733,0.6427607667307733,0.008897270390522563
monthly,ridge,H_D_B,1.0,0.6448517687060248,0.6448517687060248,0.012280411357179428
monthly,ridge,H_D_B,10.0,0.6481730006412881,0.6481730006412881,0.01339975460285747
monthly,ridge,H_M,0.001,0.6776173340424417,0.6776173340424417,0.001114083105019292
monthly,ridge,H_M,0.01,0.6708900544426899,0.6708900544426898,0.004279272998850726
monthly,ridge,H_M,0.1,0.6706186892392774,0.6706186892392771,0.005911368841850864
monthly,ridge,H_M,1.0,0.670700188948571,0.670700188948571,0.006146669218898212
monthly,ridge,H_M,10.0,0.6707102285163157,0.6707102285163157,0.006171279349812254
monthly,ridge,H_D_M,0.001,0.674228257926136,0.6742282579261362,0.0008383566271217064
monthly,ridge,H_D_M,0.01,0.6562952492804269,0.656295249280427,0.00324541711902873
monthly,ridge,H_D_M,0.1,0.645500392064976,0.645500392064976,0.006773320060717768
monthly,ridge,H_D_M,1.0,0.6470682868759692,0.6470682868759693,0.010136785777883942
monthly,ridge,H_D_M,10.0,0.6504901111684717,0.6504901111684716,0.011366449433655678
monthly,ridge,H_B_M,0.001,0.6753650736537548,0.675365073653755,0.0012956271580468266
monthly,ridge,H_B_M,0.01,0.6672750299427721,0.6672750299427723,0.004893142398771852
monthly,ridge,H_B_M,0.1,0.6671045456653181,0.6671045456653178,0.006632413567706352
monthly,ridge,H_B_M,1.0,0.6672081390938921,0.667208139093892,0.006877873474471604
monthly,ridge,H_B_M,10.0,0.6672211110729082,0.6672211110729082,0.0069034449378888845
monthly,ridge,H_D_B_M,0.001,0.6720740676111295,0.6720740676111294,0.0011330120857354633
monthly,ridge,H_D_B_M,0.01,0.653466814240118,0.6534668142401181,0.004560655200997895
monthly,ridge,H_D_B_M,0.1,0.6437630222162938,0.6437630222162938,0.008927666038647197
monthly,ridge,H_D_B_M,1.0,0.6459915252894524,0.6459915252894524,0.01232802300288269
monthly,ridge,H_D_B_M,10.0,0.6494064988503029,0.6494064988503028,0.013519105004523505
monthly,ridge,H_P,0.001,0.6776870568149584,0.6776870568149586,0.0010978374372193418
monthly,ridge,H_P,0.01,0.6707290224176761,0.6707290224176761,0.004258830207714468
monthly,ridge,H_P,0.1,0.6703168318573332,0.6703168318573332,0.005910721638564195
monthly,ridge,H_P,1.0,0.6703781068977066,0.6703781068977067,0.00615110643956367
monthly,ridge,H_P,10.0,0.6703875260125228,0.6703875260125227,0.0061764968252644116
monthly,ridge,H_D_P,0.001,0.6742967262579662,0.6742967262579661,0.0008258890764401826
monthly,ridge,H_D_P,0.01,0.6561444266932258,0.6561444266932258,0.003220589784254832
monthly,ridge,H_D_P,0.1,0.6449179105246161,0.6449179105246162,0.006652041067495117
monthly,ridge,H_D_P,1.0,0.6464228319585101,0.64642283195851,0.009947935145409596
monthly,ridge,H_D_P,10.0,0.6497925426309675,0.6497925426309674,0.011153011360468755
monthly,ridge,H_B_P,0.001,0.6754158549390623,0.6754158549390623,0.0012635405269130746
monthly,ridge,H_B_P,0.01,0.6670774393469253,0.6670774393469253,0.004857543092667685
monthly,ridge,H_B_P,0.1,0.6667681030479351,0.6667681030479351,0.006621727159759631
monthly,ridge,H_B_P,1.0,0.6668581044320814,0.6668581044320814,0.0068707277667388765
monthly,ridge,H_B_P,10.0,0.6668691557259537,0.6668691557259536,0.006896680819221891
monthly,ridge,H_D_B_P,0.001,0.6721242164298632,0.6721242164298632,0.0011000846349566308
monthly,ridge,H_D_B_P,0.01,0.653208169004347,0.653208169004347,0.004481455164192366
monthly,ridge,H_D_B_P,0.1,0.6428695281766731,0.6428695281766731,0.00873671652458004
monthly,ridge,H_D_B_P,1.0,0.6450378163237209,0.6450378163237209,0.012121314978377873
monthly,ridge,H_D_B_P,10.0,0.6485514294183974,0.6485514294183974,0.013331076952859271
monthly,ridge,H_M_P,0.001,0.6776909753707473,0.6776909753707472,0.001138111071765608
monthly,ridge,H_M_P,0.01,0.6711869715869299,0.6711869715869299,0.004350357508124773
monthly,ridge,H_M_P,0.1,0.6710100588163189,0.6710100588163188,0.005992660791277948
monthly,ridge,H_M_P,1.0,0.6711052948467208,0.6711052948467207,0.006228770803028738
monthly,ridge,H_M_P,10.0,0.6711167290236502,0.67111672902365,0.006253468887676734
monthly,ridge,H_D_M_P,0.001,0.674311840066648,0.674311840066648,0.0008562977393497244
monthly,ridge,H_D_M_P,0.01,0.6566663681354605,0.6566663681354605,0.003270858885329546
monthly,ridge,H_D_M_P,0.1,0.6457503090027357,0.6457503090027357,0.00666574631253539
monthly,ridge,H_D_M_P,1.0,0.647411954159219,0.6474119541592191,0.009958458269827436
monthly,ridge,H_D_M_P,10.0,0.6508787235277445,0.6508787235277446,0.011233651864464919
monthly,ridge,H_B_M_P,0.001,0.675455672616114,0.6754556726161138,0.0013231093565253087
monthly,ridge,H_B_M_P,0.01,0.6675829687640178,0.6675829687640177,0.004942753998923241
monthly,ridge,H_B_M_P,0.1,0.6674841372438735,0.6674841372438733,0.006674907857087226
monthly,ridge,H_B_M_P,1.0,0.6676034155987878,0.6676034155987878,0.006916206212802577
monthly,ridge,H_B_M_P,10.0,0.6676174604579573,0.6676174604579573,0.006941487687426025
monthly,ridge,H_D_B_M_P,0.001,0.6721715960574525,0.6721715960574525,0.001152972298622194
monthly,ridge,H_D_B_M_P,0.01,0.6537362923290704,0.6537362923290704,0.004540449256674836
monthly,ridge,H_D_B_M_P,0.1,0.6436697795988043,0.6436697795988043,0.008738070498786624
monthly,ridge,H_D_B_M_P,1.0,0.6459565644462663,0.6459565644462664,0.012177331481482397
monthly,ridge,H_D_B_M_P,10.0,0.6494975677909653,0.6494975677909653,0.01336088884526259
monthly,ridge,H_C,0.001,0.6775415681395914,0.6775415681395913,0.0011232452159288771
monthly,ridge,H_C,0.01,0.6703928162319935,0.6703928162319935,0.004419684161106585
monthly,ridge,H_C,0.1,0.6704959795268562,0.6704959795268562,0.006468616711664367
monthly,ridge,H_C,1.0,0.6712606369768234,0.6712606369768234,0.006829472181132023
monthly,ridge,H_C,10.0,0.6718228111074592,0.6718228111074592,0.006797668366281891
monthly,ridge,H_D_C,0.001,0.6741622257128217,0.6741622257128217,0.0008525104959160913
monthly,ridge,H_D_C,0.01,0.6557895570713413,0.6557895570713413,0.003301834160551928
monthly,ridge,H_D_C,0.1,0.6450085460577362,0.6450085460577362,0.006725075055189439
monthly,ridge,H_D_C,1.0,0.6468123904122308,0.6468123904122308,0.010221675451659865
monthly,ridge,H_D_C,10.0,0.650408479216308,0.6504084792163081,0.01156779536541946
monthly,ridge,H_B_C,0.001,0.6752569965741536,0.6752569965741536,0.001266194595530184
monthly,ridge,H_B_C,0.01,0.666718410201472,0.666718410201472,0.004937746673497623
monthly,ridge,H_B_C,0.1,0.6669729015270829,0.6669729015270828,0.006978491863534075
monthly,ridge,H_B_C,1.0,0.6678099619319213,0.6678099619319212,0.007324655046785957
monthly,ridge,H_B_C,10.0,0.6684632778672898,0.6684632778672899,0.007322570690618529
monthly,ridge,H_D_B_C,0.001,0.6719701260620423,0.6719701260620423,0.0011008971894543858
monthly,ridge,H_D_B_C,0.01,0.6529525394697647,0.6529525394697647,0.004523787079757454
monthly,ridge,H_D_B_C,0.1,0.6433258640993289,0.6433258640993289,0.008837408116453142
monthly,ridge,H_D_B_C,1.0,0.6457715734683533,0.6457715734683533,0.012391320152162617
monthly,ridge,H_D_B_C,10.0,0.6495408607736015,0.6495408607736015,0.013613984158618232
monthly,ridge,H_M_C,0.001,0.6775457155948195,0.6775457155948195,0.0011501409162046638
monthly,ridge,H_M_C,0.01,0.6708321330920051,0.6708321330920051,0.004490970129354435
monthly,ridge,H_M_C,0.1,0.6711931498704841,0.6711931498704841,0.00654107655569019
monthly,ridge,H_M_C,1.0,0.6719967655504251,0.6719967655504252,0.006901772945807154
monthly,ridge,H_M_C,10.0,0.6726162056792678,0.6726162056792678,0.006875174856796994
monthly,ridge,H_D_M_C,0.001,0.6741697080199858,0.674169708019986,0.0008695105145582433
monthly,ridge,H_D_M_C,0.01,0.6563400822533322,0.6563400822533321,0.003344769820386829
monthly,ridge,H_D_M_C,0.1,0.6460109451278053,0.6460109451278053,0.006793075952630027
monthly,ridge,H_D_M_C,1.0,0.6480834608148939,0.6480834608148939,0.010291860102267783
monthly,ridge,H_D_M_C,10.0,0.651549840081463,0.651549840081463,0.011572136330236746
monthly,ridge,H_B_M_C,0.001,0.6752968435267387,0.6752968435267388,0.001317577431050415
monthly,ridge,H_B_M_C,0.01,0.6672406173612907,0.6672406173612908,0.00502109309955112
monthly,ridge,H_B_M_C,0.1,0.6677015357448175,0.6677015357448173,0.007049301255191264
monthly,ridge,H_B_M_C,1.0,0.6685747809995096,0.6685747809995096,0.007399374075831062
monthly,ridge,H_B_M_C,10.0,0.6692497740293705,0.6692497740293704,0.007411034842800465
monthly,ridge,H_D_B_M_C,0.001,0.6720142592052739,0.6720142592052739,0.001146165739378913
monthly,ridge,H_D_B_M_C,0.01,0.6535156788954639,0.6535156788954638,0.004583678212433792
monthly,ridge,H_D_B_M_C,0.1,0.6442418234916629,0.644241823491663,0.008881241494876237
monthly,ridge,H_D_B_M_C,1.0,0.6469278088640609,0.6469278088640608,0.012447495744732417
monthly,ridge,H_D_B_M_C,10.0,0.6508885034893164,0.6508885034893163,0.013782964546789397
monthly,ridge,H_P_C,0.001,0.6776118251173494,0.6776118251173494,0.0011371117406787465
monthly,ridge,H_P_C,0.01,0.6706930623805585,0.6706930623805587,0.004475935724040465
monthly,ridge,H_P_C,0.1,0.6709354581023783,0.6709354581023785,0.006543143000708119
monthly,ridge,H_P_C,1.0,0.6717143443397423,0.6717143443397423,0.006911160881726604
monthly,ridge,H_P_C,10.0,0.672292979755385,0.672292979755385,0.006884552187496651
monthly,ridge,H_D_P_C,0.001,0.674244638539607,0.674244638539607,0.0008573123140467358
monthly,ridge,H_D_P_C,0.01,0.6562126659741361,0.6562126659741361,0.003315853832716466
monthly,ridge,H_D_P_C,0.1,0.6455036345699805,0.6455036345699805,0.006665446080516847
monthly,ridge,H_D_P_C,1.0,0.6474415386169546,0.6474415386169545,0.010114128020888704
monthly,ridge,H_D_P_C,10.0,0.6511008419648842,0.651100841964884,0.011431688296874081
monthly,ridge,H_B_P_C,0.001,0.6753484123464037,0.6753484123464039,0.0012867148633355723
monthly,ridge,H_B_P_C,0.01,0.6670712551215339,0.6670712551215339,0.0049885159538628
monthly,ridge,H_B_P_C,0.1,0.6674345736721379,0.6674345736721379,0.007036281567764406
monthly,ridge,H_B_P_C,1.0,0.6682866817492243,0.6682866817492242,0.007386030692305158
monthly,ridge,H_B_P_C,10.0,0.6689307109268633,0.6689307109268633,0.007384110356654043
monthly,ridge,H_D_B_P_C,0.001,0.6720655365959438,0.6720655365959438,0.001113871617851827
monthly,ridge,H_D_B_P_C,0.01,0.653278882993168,0.6532788829931679,0.004502552821557727
monthly,ridge,H_D_B_P_C,0.1,0.6434589157639726,0.6434589157639727,0.008685779713228096
monthly,ridge,H_D_B_P_C,1.0,0.6461578664271537,0.6461578664271537,0.012234994862426202
monthly,ridge,H_D_B_P_C,10.0,0.6500116295879956,0.6500116295879955,0.013630210983034623
monthly,ridge,H_M_P_C,0.001,0.677618663576851,0.6776186635768509,0.001174809603759698
monthly,ridge,H_M_P_C,0.01,0.6711265389170951,0.671126538917095,0.004566761529261233
monthly,ridge,H_M_P_C,0.1,0.6716011517253132,0.6716011517253133,0.006627847241716371
monthly,ridge,H_M_P_C,1.0,0.672417713055841,0.6724177130558411,0.006991910937762526
monthly,ridge,H_M_P_C,10.0,0.673026119913324,0.6730261199133241,0.006970990897757423
monthly,ridge,H_D_M_P_C,0.001,0.6742503953530703,0.6742503953530703,0.0008881146891461352
monthly,ridge,H_D_M_P_C,0.01,0.6567112520393572,0.6567112520393572,0.003379168239661177
monthly,ridge,H_D_M_P_C,0.1,0.6463191240837259,0.6463191240837259,0.006707209464977161
monthly,ridge,H_D_M_P_C,1.0,0.6484382234205566,0.6484382234205567,0.010134812878121843
monthly,ridge,H_D_M_P_C,10.0,0.6521860457648496,0.6521860457648496,0.011505722721863697
monthly,ridge,H_B_M_P_C,0.001,0.6753873936825169,0.6753873936825169,0.00134590979505461
monthly,ridge,H_B_M_P_C,0.01,0.6675633634905543,0.6675633634905543,0.005085193578803723
monthly,ridge,H_B_M_P_C,0.1,0.6681147604134986,0.6681147604134985,0.0071133152529862685
monthly,ridge,H_B_M_P_C,1.0,0.6690080684217558,0.6690080684217559,0.007466182540263313
monthly,ridge,H_B_M_P_C,10.0,0.6696614457472446,0.6696614457472446,0.0074809383411665225
monthly,ridge,H_D_B_M_P_C,0.001,0.6721115044334685,0.6721115044334683,0.001167349731959992
monthly,ridge,H_D_B_M_P_C,0.01,0.6537981627232784,0.6537981627232784,0.004573663894580267
monthly,ridge,H_D_B_M_P_C,0.1,0.6442228378301376,0.6442228378301376,0.00871106085312494
monthly,ridge,H_D_B_M_P_C,1.0,0.6470358202793036,0.6470358202793036,0.012303161817890637
monthly,ridge,H_D_B_M_P_C,10.0,0.650806281976679,0.6508062819766789,0.013606882945482332
monthly,ridge,H_A,0.001,0.6751378612157841,0.6751378612157841,0.000979507262240678
monthly,ridge,H_A,0.01,0.6659415795798533,0.6659415795798532,0.0037411898951529706
monthly,ridge,H_A,0.1,0.6653264522853897,0.6653264522853897,0.005184666101211364
monthly,ridge,H_A,1.0,0.6653783199995518,0.6653783199995518,0.0053926697410178245
monthly,ridge,H_A,10.0,0.6653854677622434,0.6653854677622432,0.0054144277555694224
monthly,ridge,H_D_A,0.001,0.671841698338756,0.6718416983387558,0.0006644346551081404
monthly,ridge,H_D_A,0.01,0.6518497777508366,0.6518497777508367,0.002594256551302758
monthly,ridge,H_D_A,0.1,0.6403348738197754,0.6403348738197753,0.005907265021733242
monthly,ridge,H_D_A,1.0,0.6415285104423833,0.6415285104423833,0.009168691547628475
monthly,ridge,H_D_A,10.0,0.6447068561807756,0.6447068561807756,0.010281896600342918
monthly,ridge,H_B_A,0.001,0.6729156625405409,0.672915662540541,0.0010520871502259325
monthly,ridge,H_B_A,0.01,0.6624959409972812,0.6624959409972812,0.004244372287539905
monthly,ridge,H_B_A,0.1,0.6620537879990125,0.6620537879990127,0.005869930344014692
monthly,ridge,H_B_A,1.0,0.6621397088127831,0.6621397088127832,0.006103698650886666
monthly,ridge,H_B_A,10.0,0.662150774619342,0.662150774619342,0.0061279578844406464
monthly,ridge,H_D_B_A,0.001,0.6697165807980859,0.6697165807980859,0.0008610739802122306
monthly,ridge,H_D_B_A,0.01,0.6491603419658124,0.6491603419658124,0.004002908100207717
monthly,ridge,H_D_B_A,0.1,0.6388268554551306,0.6388268554551306,0.00841288115092224
monthly,ridge,H_D_B_A,1.0,0.6406943213826881,0.6406943213826881,0.011717279943687159
monthly,ridge,H_D_B_A,10.0,0.6440333516902506,0.6440333516902506,0.012725894097840784
monthly,ridge,H_M_A,0.001,0.6751270442730816,0.6751270442730816,0.0010102903326764682
monthly,ridge,H_M_A,0.01,0.6663478096059909,0.6663478096059909,0.003825797259061438
monthly,ridge,H_M_A,0.1,0.6660033643088011,0.666003364308801,0.0052681135424640655
monthly,ridge,H_M_A,1.0,0.6660954142083203,0.6660954142083202,0.005474386093186646
monthly,ridge,H_M_A,10.0,0.6661067786509315,0.6661067786509316,0.005495933473040798
monthly,ridge,H_D_M_A,0.001,0.6718438430230205,0.6718438430230201,0.0006812687258249001
monthly,ridge,H_D_M_A,0.01,0.65238386774155,0.6523838677415499,0.002630576365204949
monthly,ridge,H_D_M_A,0.1,0.6414200870242132,0.641420087024213,0.005936826246073652
monthly,ridge,H_D_M_A,1.0,0.6429249693832405,0.6429249693832404,0.00921262368009676
monthly,ridge,H_D_M_A,10.0,0.646156040894815,0.6461560408948149,0.01036860767932853
monthly,ridge,H_B_M_A,0.001,0.6729441090043974,0.6729441090043975,0.0011095907162395643
monthly,ridge,H_B_M_A,0.01,0.6630004232987466,0.6630004232987465,0.004307991518395508
monthly,ridge,H_B_M_A,0.1,0.6628134793655274,0.6628134793655274,0.005894755155325761
monthly,ridge,H_B_M_A,1.0,0.6629387936672984,0.6629387936672984,0.006119892775163868
monthly,ridge,H_B_M_A,10.0,0.6629537140218343,0.6629537140218343,0.0061433785000199245
monthly,ridge,H_D_B_M_A,0.001,0.6697540705211665,0.6697540705211664,0.0009111392429070767
monthly,ridge,H_D_B_M_A,0.01,0.6497468956891961,0.649746895689196,0.004032759233706672
monthly,ridge,H_D_B_M_A,0.1,0.6398232960383338,0.6398232960383339,0.008397451119056723
monthly,ridge,H_D_B_M_A,1.0,0.6420009991794825,0.6420009991794825,0.011736663154479483
monthly,ridge,H_D_B_M_A,10.0,0.6453784455038326,0.6453784455038326,0.012825655726758818
monthly,ridge,H_P_A,0.001,0.675198223700576,0.675198223700576,0.000995789048486404
monthly,ridge,H_P_A,0.01,0.666214072291423,0.666214072291423,0.0038042881826783658
monthly,ridge,H_P_A,0.1,0.6657279990735719,0.6657279990735718,0.005275567143498092
monthly,ridge,H_P_A,1.0,0.6658003398208122,0.6658003398208123,0.005487733289810054
monthly,ridge,H_P_A,10.0,0.6658096623291103,0.6658096623291103,0.005509922175454739
monthly,ridge,H_D_P_A,0.001,0.6719161333889547,0.6719161333889547,0.0006703937492331641
monthly,ridge,H_D_P_A,0.01,0.6522897910005735,0.6522897910005734,0.0026261738092975126
monthly,ridge,H_D_P_A,0.1,0.6409247043613758,0.6409247043613758,0.005836549106478893
monthly,ridge,H_D_P_A,1.0,0.6423063147494532,0.6423063147494533,0.009040138426723006
monthly,ridge,H_D_P_A,10.0,0.6455415445897908,0.6455415445897908,0.010145262302368119
monthly,ridge,H_B_P_A,0.001,0.6730004361325994,0.6730004361325994,0.001078112706844025
monthly,ridge,H_B_P_A,0.01,0.6628496533729885,0.6628496533729885,0.004310015281919212
monthly,ridge,H_B_P_A,0.1,0.6625389849670755,0.6625389849670755,0.005948608131638575
monthly,ridge,H_B_P_A,1.0,0.6626468553751539,0.6626468553751537,0.006182053754739514
monthly,ridge,H_B_P_A,10.0,0.6626599629962513,0.6626599629962513,0.006206413471826236
monthly,ridge,H_D_B_P_A,0.001,0.6698101587421728,0.6698101587421726,0.0008780258910282635
monthly,ridge,H_D_B_P_A,0.01,0.6495617106534362,0.6495617106534362,0.003991727033487955
monthly,ridge,H_D_B_P_A,0.1,0.6391106200819383,0.6391106200819382,0.008252017495474141
monthly,ridge,H_D_B_P_A,1.0,0.6411460605490023,0.6411460605490021,0.011563646425065091
monthly,ridge,H_D_B_P_A,10.0,0.6443921103287662,0.6443921103287662,0.012609829882203253
monthly,ridge,H_M_P_A,0.001,0.6751934635065002,0.6751934635065002,0.0010389889304020313
monthly,ridge,H_M_P_A,0.01,0.6666227358849558,0.6666227358849557,0.003931963217870256
monthly,ridge,H_M_P_A,0.1,0.6663952216591236,0.6663952216591235,0.005413707566256438
monthly,ridge,H_M_P_A,1.0,0.6665046733250217,0.6665046733250217,0.005625333693646407
monthly,ridge,H_M_P_A,10.0,0.6665178633966246,0.6665178633966247,0.005647439199521555
monthly,ridge,H_D_M_P_A,0.001,0.6719215271715595,0.6719215271715596,0.0007069964288926902
monthly,ridge,H_D_M_P_A,0.01,0.6527855201746589,0.6527855201746589,0.002719060569218987
monthly,ridge,H_D_M_P_A,0.1,0.6418356261658046,0.6418356261658045,0.005885648197910528
monthly,ridge,H_D_M_P_A,1.0,0.6433733954573418,0.6433733954573418,0.009064233560716334
monthly,ridge,H_D_M_P_A,10.0,0.6466504490907988,0.6466504490907988,0.010203715391615086
monthly,ridge,H_B_M_P_A,0.001,0.6730303219581565,0.6730303219581565,0.0011444567513312206
monthly,ridge,H_B_M_P_A,0.01,0.6633324140295526,0.6633324140295527,0.00439767065414184
monthly,ridge,H_B_M_P_A,0.1,0.6632537561313187,0.6632537561313188,0.006001869612328951
monthly,ridge,H_B_M_P_A,1.0,0.6633936663688559,0.6633936663688559,0.006228928689034339
monthly,ridge,H_B_M_P_A,10.0,0.6634101017133114,0.6634101017133113,0.006252612427339205
monthly,ridge,H_D_B_M_P_A,0.001,0.6698487466818998,0.6698487466818996,0.0009395747862903226
monthly,ridge,H_D_B_M_P_A,0.01,0.6500890066622566,0.6500890066622566,0.0040503999068959165
monthly,ridge,H_D_B_M_P_A,0.1,0.6399839571017887,0.6399839571017887,0.008250602619716215
monthly,ridge,H_D_B_M_P_A,1.0,0.6421186733054982,0.6421186733054982,0.011570367420575689
monthly,ridge,H_D_B_M_P_A,10.0,0.6457518753023352,0.6457518753023354,0.01273627847645584
monthly,ridge,H_C_A,0.001,0.6750605852346667,0.6750605852346666,0.0010184501719681489
monthly,ridge,H_C_A,0.01,0.6658744264149054,0.6658744264149054,0.003988419019022832
monthly,ridge,H_C_A,0.1,0.6659150814913716,0.6659150814913716,0.0059792802059967665
monthly,ridge,H_C_A,1.0,0.6667254460339338,0.6667254460339337,0.006338806807519745
monthly,ridge,H_C_A,10.0,0.6673087263302321,0.667308726330232,0.006264720450425331
monthly,ridge,H_D_C_A,0.001,0.6717798862577001,0.6717798862577002,0.0006964573147820581
monthly,ridge,H_D_C_A,0.01,0.65188995204922,0.6518899520492198,0.00270303067234174
monthly,ridge,H_D_C_A,0.1,0.64091768327278,0.64091768327278,0.005894958245707647
monthly,ridge,H_D_C_A,1.0,0.6426404416220755,0.6426404416220755,0.009234605757855414
monthly,ridge,H_D_C_A,10.0,0.6460010228821721,0.646001022882172,0.010368850262795288
monthly,ridge,H_B_C_A,0.001,0.6728415716402876,0.6728415716402875,0.00107615732122704
monthly,ridge,H_B_C_A,0.01,0.6624587657879033,0.6624587657879033,0.00436897659058583
monthly,ridge,H_B_C_A,0.1,0.6626821737288658,0.6626821737288656,0.006321964648009532
monthly,ridge,H_B_C_A,1.0,0.663577924250261,0.663577924250261,0.0066500642061740715
monthly,ridge,H_B_C_A,10.0,0.6642380095168422,0.6642380095168421,0.006601281704336358
monthly,ridge,H_D_B_C_A,0.001,0.6696539318476211,0.6696539318476212,0.0008724914177555721
monthly,ridge,H_D_B_C_A,0.01,0.6492038890098,0.6492038890097999,0.003993944458162722
monthly,ridge,H_D_B_C_A,0.1,0.6394148533442134,0.6394148533442136,0.0082991975470628
monthly,ridge,H_D_B_C_A,1.0,0.6417970218561599,0.6417970218561599,0.011745178459439733
monthly,ridge,H_D_B_C_A,10.0,0.6452340433442535,0.6452340433442535,0.012726798882717006
monthly,ridge,H_M_C_A,0.001,0.6750499460257497,0.6750499460257496,0.0010487871376345466
monthly,ridge,H_M_C_A,0.01,0.666270890652198,0.6662708906521981,0.004076067398164974
monthly,ridge,H_M_C_A,0.1,0.6665638069760427,0.6665638069760428,0.006053285455120954
monthly,ridge,H_M_C_A,1.0,0.6674284498528004,0.6674284498528004,0.006410091628073405
monthly,ridge,H_M_C_A,10.0,0.6680402547436901,0.6680402547436902,0.006336503925263504
monthly,ridge,H_D_M_C_A,0.001,0.6717796360968321,0.6717796360968321,0.0007148823018881033
monthly,ridge,H_D_M_C_A,0.01,0.6524072721342454,0.6524072721342454,0.002759992804520745
monthly,ridge,H_D_M_C_A,0.1,0.6419380946161629,0.641938094616163,0.0059737088439852
monthly,ridge,H_D_M_C_A,1.0,0.6438887647211105,0.6438887647211105,0.00930746170538233
monthly,ridge,H_D_M_C_A,10.0,0.6473763956780733,0.6473763956780733,0.010477282428065062
monthly,ridge,H_B_M_C_A,0.001,0.6728728991969721,0.6728728991969721,0.00113147766322776
monthly,ridge,H_B_M_C_A,0.01,0.6629421924728911,0.6629421924728912,0.004442845870079019
monthly,ridge,H_B_M_C_A,0.1,0.663415605558917,0.663415605558917,0.0063634695778510735
monthly,ridge,H_B_M_C_A,1.0,0.6643570699447016,0.6643570699447015,0.006699512494105833
monthly,ridge,H_B_M_C_A,10.0,0.6650416195101146,0.6650416195101145,0.006654969895592161
monthly,ridge,H_D_B_M_C_A,0.001,0.6696903694662983,0.6696903694662983,0.0009244231321159202
monthly,ridge,H_D_B_M_C_A,0.01,0.6497704303908651,0.6497704303908651,0.00404064976771944
monthly,ridge,H_D_B_M_C_A,0.1,0.6403965235190248,0.6403965235190248,0.008289433800982465
monthly,ridge,H_D_B_M_C_A,1.0,0.6430131797678539,0.643013179767854,0.01175832219441748
monthly,ridge,H_D_B_M_C_A,10.0,0.6467957713691834,0.6467957713691834,0.012899462986022263
monthly,ridge,H_P_C_A,0.001,0.6751231616947685,0.6751231616947685,0.0010347001362415948
monthly,ridge,H_P_C_A,0.01,0.6661433272576484,0.6661433272576485,0.004061229379071028
monthly,ridge,H_P_C_A,0.1,0.6663458683553525,0.6663458683553524,0.006080051013596688
monthly,ridge,H_P_C_A,1.0,0.6671725254835362,0.6671725254835363,0.00643962908781262
monthly,ridge,H_P_C_A,10.0,0.6677635237224968,0.6677635237224968,0.0063662600808722224
monthly,ridge,H_D_P_C_A,0.001,0.6718539301390568,0.6718539301390567,0.0007042331861695226
monthly,ridge,H_D_P_C_A,0.01,0.6523275602905892,0.6523275602905892,0.0027547305916435154
monthly,ridge,H_D_P_C_A,0.1,0.6415354318003765,0.6415354318003764,0.005854437906241835
monthly,ridge,H_D_P_C_A,1.0,0.6434410586986115,0.6434410586986115,0.009139943784136418
monthly,ridge,H_D_P_C_A,10.0,0.646830971716029,0.646830971716029,0.010338709136159042
monthly,ridge,H_B_P_C_A,0.001,0.6729303136409526,0.6729303136409526,0.001101452791441934
monthly,ridge,H_B_P_C_A,0.01,0.662816118223681,0.6628161182236811,0.004448306520256523
monthly,ridge,H_B_P_C_A,0.1,0.6631871509479949,0.6631871509479949,0.006428952763450632
monthly,ridge,H_B_P_C_A,1.0,0.6641091755735766,0.6641091755735766,0.006768097867687609
monthly,ridge,H_B_P_C_A,10.0,0.6647628502707982,0.6647628502707981,0.0067185973192563685
monthly,ridge,H_D_B_P_C_A,0.001,0.6697482008991857,0.6697482008991857,0.0008922405853260919
monthly,ridge,H_D_B_P_C_A,0.01,0.6496134884329374,0.6496134884329374,0.004002667052787904
monthly,ridge,H_D_B_P_C_A,0.1,0.6397373888923306,0.6397373888923306,0.008167277512170942
monthly,ridge,H_D_B_P_C_A,1.0,0.6422085071072796,0.6422085071072797,0.011516701729736473
monthly,ridge,H_D_B_P_C_A,10.0,0.6462037611093601,0.6462037611093601,0.01272848672137338
monthly,ridge,H_M_P_C_A,0.001,0.6751159359351081,0.675115935935108,0.0010781091373409182
monthly,ridge,H_M_P_C_A,0.01,0.6665442616035352,0.6665442616035352,0.00418651301551174
monthly,ridge,H_M_P_C_A,0.1,0.6669779957711529,0.6669779957711528,0.006202403682463881
monthly,ridge,H_M_P_C_A,1.0,0.6678559903813438,0.6678559903813439,0.006564828958628377
monthly,ridge,H_M_P_C_A,10.0,0.6684664789158049,0.6684664789158049,0.006492227955067287
monthly,ridge,H_D_M_P_C_A,0.001,0.6718574096469905,0.6718574096469905,0.0007414792487865885
monthly,ridge,H_D_M_P_C_A,0.01,0.6528116676797048,0.6528116676797048,0.002859701515076615
monthly,ridge,H_D_M_P_C_A,0.1,0.642393051737808,0.642393051737808,0.005933237386124753
monthly,ridge,H_D_M_P_C_A,1.0,0.64427222851609,0.6442722285160899,0.009043580969448937
monthly,ridge,H_D_M_P_C_A,10.0,0.6479688356911288,0.647968835691129,0.01039866099208782
monthly,ridge,H_B_M_P_C_A,0.001,0.6729586803459487,0.6729586803459489,0.001167245627157019
monthly,ridge,H_B_M_P_C_A,0.01,0.6632850023904246,0.6632850023904246,0.004546704720098513
monthly,ridge,H_B_M_P_C_A,0.1,0.6638725273940653,0.6638725273940654,0.006487614011473374
monthly,ridge,H_B_M_P_C_A,1.0,0.6648101939978673,0.6648101939978673,0.006820150082258943
monthly,ridge,H_B_M_P_C_A,10.0,0.6655257921354913,0.6655257921354913,0.006792394557668771
monthly,ridge,H_D_B_M_P_C_A,0.001,0.6697863902448564,0.6697863902448564,0.0009537742840721048
monthly,ridge,H_D_B_M_P_C_A,0.01,0.6501353013840753,0.6501353013840753,0.004066222436127079
monthly,ridge,H_D_B_M_P_C_A,0.1,0.6405574752604877,0.6405574752604878,0.008160152432492435
monthly,ridge,H_D_B_M_P_C_A,1.0,0.6432168240975568,0.6432168240975568,0.011501105880055625
monthly,ridge,H_D_B_M_P_C_A,10.0,0.6470655795067354,0.6470655795067355,0.012811779151964124
monthly,ridge,H_K,0.001,0.6703297963363734,0.6703297963363732,0.0007705027957985137
monthly,ridge,H_K,0.01,0.6553665186201884,0.6553665186201882,0.003384227238927529
monthly,ridge,H_K,0.1,0.6542201064456871,0.6542201064456872,0.004976705595361738
monthly,ridge,H_K,1.0,0.6543020674473929,0.6543020674473929,0.005219076275508347
monthly,ridge,H_K,10.0,0.654313885001061,0.654313885001061,0.005244618481080894
monthly,ridge,H_D_K,0.001,0.6674100444747919,0.6674100444747919,0.000453538435114222
monthly,ridge,H_D_K,0.01,0.6454210240060889,0.6454210240060888,0.002230348535784423
monthly,ridge,H_D_K,0.1,0.6375209814080348,0.6375209814080349,0.005078096144419017
monthly,ridge,H_D_K,1.0,0.6397425945950496,0.6397425945950495,0.007906141577595099
monthly,ridge,H_D_K,10.0,0.6429928869995007,0.6429928869995007,0.008907880878924558
monthly,ridge,H_B_K,0.001,0.6682919772405997,0.6682919772405997,0.0008027678294350616
monthly,ridge,H_B_K,0.01,0.6526892637217188,0.6526892637217188,0.0035856869574361285
monthly,ridge,H_B_K,0.1,0.651724097244364,0.6517240972443641,0.005154514392070333
monthly,ridge,H_B_K,1.0,0.651828001071154,0.651828001071154,0.005387763823907673
monthly,ridge,H_B_K,10.0,0.6518419597970594,0.6518419597970594,0.005412251194713811
monthly,ridge,H_D_B_K,0.001,0.6654547713358192,0.6654547713358192,0.0006322826950709151
monthly,ridge,H_D_B_K,0.01,0.643236113264101,0.6432361132641009,0.0032689200213902895
monthly,ridge,H_D_B_K,0.1,0.6362300320805641,0.6362300320805641,0.006991430057797311
monthly,ridge,H_D_B_K,1.0,0.639000620096191,0.6390006200961909,0.009930452320222063
monthly,ridge,H_D_B_K,10.0,0.6424405518905805,0.6424405518905806,0.010893438424593017
monthly,ridge,H_M_K,0.001,0.6704474554521024,0.6704474554521024,0.0007824083675256574
monthly,ridge,H_M_K,0.01,0.6558706098223988,0.6558706098223988,0.0032864806604399714
monthly,ridge,H_M_K,0.1,0.6548271489693251,0.6548271489693251,0.0048274341021721165
monthly,ridge,H_M_K,1.0,0.6549415473740173,0.6549415473740173,0.00506943737827676
monthly,ridge,H_M_K,10.0,0.6549571727036769,0.6549571727036769,0.005095079016884486
monthly,ridge,H_D_M_K,0.001,0.667531627467745,0.667531627467745,0.0004515956266992923
monthly,ridge,H_D_M_K,0.01,0.6459181751802219,0.6459181751802218,0.002123063415385652
monthly,ridge,H_D_M_K,0.1,0.6382349003385751,0.638234900338575,0.004928137209203923
monthly,ridge,H_D_M_K,1.0,0.6405547992182054,0.6405547992182054,0.007820526856997025
monthly,ridge,H_D_M_K,10.0,0.6439884230287174,0.6439884230287174,0.008949379837104046
monthly,ridge,H_B_M_K,0.001,0.6684255062637793,0.6684255062637792,0.0008477703271573244
monthly,ridge,H_B_M_K,0.01,0.6530862051297189,0.6530862051297189,0.0034525635167520817
monthly,ridge,H_B_M_K,0.1,0.6521631766863405,0.6521631766863405,0.004891395839500525
monthly,ridge,H_B_M_K,1.0,0.6522995787139346,0.6522995787139346,0.005109136416322861
monthly,ridge,H_B_M_K,10.0,0.6523170442558927,0.6523170442558925,0.00513241834335703
monthly,ridge,H_D_B_M_K,0.001,0.6655920430518174,0.6655920430518175,0.0006760180994028963
monthly,ridge,H_D_B_M_K,0.01,0.6436359909800999,0.6436359909800999,0.0031677808437898768
monthly,ridge,H_D_B_M_K,0.1,0.6367882869380271,0.636788286938027,0.006810019515012285
monthly,ridge,H_D_B_M_K,1.0,0.6395627598565641,0.6395627598565642,0.00983392801641711
monthly,ridge,H_D_B_M_K,10.0,0.6432757020247815,0.6432757020247815,0.010891189529015232
monthly,ridge,H_P_K,0.001,0.6704253546322958,0.6704253546322959,0.0007866117251623641
monthly,ridge,H_P_K,0.01,0.6556111346309704,0.6556111346309703,0.003429418826158204
monthly,ridge,H_P_K,0.1,0.6545063957471151,0.6545063957471152,0.005020218697794932
monthly,ridge,H_P_K,1.0,0.6545987046724598,0.6545987046724598,0.005259519178606257
monthly,ridge,H_P_K,10.0,0.6546120351734609,0.6546120351734609,0.005284894334717927
monthly,ridge,H_D_P_K,0.001,0.6675114351357707,0.6675114351357706,0.00045922687852881737
monthly,ridge,H_D_P_K,0.01,0.6455974274159125,0.6455974274159124,0.002192549547390584
monthly,ridge,H_D_P_K,0.1,0.6373805588000568,0.6373805588000567,0.004702497582830124
monthly,ridge,H_D_P_K,1.0,0.6397615550479009,0.6397615550479009,0.0073847575256898714
monthly,ridge,H_D_P_K,10.0,0.6433831619035741,0.6433831619035741,0.00843483911360487
monthly,ridge,H_B_P_K,0.001,0.6683882030593885,0.6683882030593884,0.0008247605180360395
monthly,ridge,H_B_P_K,0.01,0.6527749174551318,0.6527749174551318,0.0035574943091877718
monthly,ridge,H_B_P_K,0.1,0.6517865353026099,0.6517865353026097,0.0050423805284001135
monthly,ridge,H_B_P_K,1.0,0.6519014596471535,0.6519014596471535,0.005261495256455598
monthly,ridge,H_B_P_K,10.0,0.6519168877082937,0.6519168877082937,0.005284478431225543
monthly,ridge,H_D_B_P_K,0.001,0.6655565906117481,0.6655565906117482,0.0006436589547387096
monthly,ridge,H_D_B_P_K,0.01,0.6431921645399568,0.6431921645399568,0.003136348415662349
monthly,ridge,H_D_B_P_K,0.1,0.6356375434319913,0.6356375434319912,0.006523675052570402
monthly,ridge,H_D_B_P_K,1.0,0.6384921018320554,0.6384921018320554,0.009371138220264235
monthly,ridge,H_D_B_P_K,10.0,0.642205777740108,0.6422057777401081,0.010399139126357983
monthly,ridge,H_M_P_K,0.001,0.6705429633893616,0.6705429633893615,0.0008084498877248935
monthly,ridge,H_M_P_K,0.01,0.6560875087271661,0.6560875087271661,0.003326819262739132
monthly,ridge,H_M_P_K,0.1,0.655053754190561,0.6550537541905609,0.004853259400140568
monthly,ridge,H_M_P_K,1.0,0.6551721539357264,0.6551721539357265,0.0050919867726327015
monthly,ridge,H_M_P_K,10.0,0.6551882804391765,0.6551882804391767,0.00511727090842292
monthly,ridge,H_D_M_P_K,0.001,0.6676314217630764,0.6676314217630764,0.0004744855943131893
monthly,ridge,H_D_M_P_K,0.01,0.6460643868095901,0.6460643868095902,0.0020846800862737848
monthly,ridge,H_D_M_P_K,0.1,0.6379910704550936,0.6379910704550937,0.004575109330612571
monthly,ridge,H_D_M_P_K,1.0,0.6404267295471606,0.6404267295471607,0.007296041555587206
monthly,ridge,H_D_M_P_K,10.0,0.6439675629503858,0.6439675629503857,0.00845012926398155
monthly,ridge,H_B_M_P_K,0.001,0.6685230335785207,0.6685230335785207,0.0008759439326506017
monthly,ridge,H_B_M_P_K,0.01,0.6531502520831496,0.6531502520831497,0.0034221385104122744
monthly,ridge,H_B_M_P_K,0.1,0.6521794971575687,0.6521794971575687,0.004783480996550667
monthly,ridge,H_B_M_P_K,1.0,0.6523135936809119,0.652313593680912,0.004990736970955665
monthly,ridge,H_B_M_P_K,10.0,0.652331458927785,0.652331458927785,0.005012622489285716
monthly,ridge,H_D_B_M_P_K,0.001,0.6656910351239227,0.6656910351239226,0.0006950094650188274
monthly,ridge,H_D_B_M_P_K,0.01,0.6435683406722278,0.6435683406722278,0.0030458929572197767
monthly,ridge,H_D_B_M_P_K,0.1,0.6361154845272701,0.63611548452727,0.006399617851297721
monthly,ridge,H_D_B_M_P_K,1.0,0.6391254433581375,0.6391254433581375,0.009370415788637483
monthly,ridge,H_D_B_M_P_K,10.0,0.6429036583196959,0.6429036583196959,0.010461559403860126
monthly,ridge,H_C_K,0.001,0.6702707963855756,0.6702707963855755,0.0008081382696844925
monthly,ridge,H_C_K,0.01,0.6554390401096385,0.6554390401096384,0.003571804422294819
monthly,ridge,H_C_K,0.1,0.6549130373404778,0.654913037340478,0.005482028211154867
monthly,ridge,H_C_K,1.0,0.6556313175183155,0.6556313175183155,0.00576219889173068
monthly,ridge,H_C_K,10.0,0.6561766321376868,0.6561766321376868,0.005655242959202022
monthly,ridge,H_D_C_K,0.001,0.6673654100312965,0.6673654100312966,0.0004881520213545464
monthly,ridge,H_D_C_K,0.01,0.645550068481666,0.645550068481666,0.002342525639546749
monthly,ridge,H_D_C_K,0.1,0.6380937742900706,0.6380937742900705,0.005190302225668421
monthly,ridge,H_D_C_K,1.0,0.6406989496291305,0.6406989496291307,0.00803627329892756
monthly,ridge,H_D_C_K,10.0,0.6441727094533707,0.6441727094533707,0.009039968054823
monthly,ridge,H_B_C_K,0.001,0.6682420714247882,0.6682420714247882,0.0008252040218570759
monthly,ridge,H_B_C_K,0.01,0.6527780630163775,0.6527780630163776,0.003706483633351651
monthly,ridge,H_B_C_K,0.1,0.652456244554131,0.6524562445541311,0.005495299415211276
monthly,ridge,H_B_C_K,1.0,0.6532644425114552,0.6532644425114553,0.0057331996525970125
monthly,ridge,H_B_C_K,10.0,0.6538911621742554,0.6538911621742554,0.00560321122441022
monthly,ridge,H_D_B_C_K,0.001,0.6654117762408994,0.6654117762408993,0.0006425297354951989
monthly,ridge,H_D_B_C_K,0.01,0.643375832838298,0.643375832838298,0.0032926475037582
monthly,ridge,H_D_B_C_K,0.1,0.6368420019632393,0.6368420019632393,0.007002252007926315
monthly,ridge,H_D_B_C_K,1.0,0.6398537005692903,0.6398537005692901,0.009932317886524683
monthly,ridge,H_D_B_C_K,10.0,0.6436178914930535,0.6436178914930535,0.010976280387621107
monthly,ridge,H_M_C_K,0.001,0.6703957386758651,0.6703957386758652,0.0008205890890641375
monthly,ridge,H_M_C_K,0.01,0.655934474920833,0.6559344749208331,0.003495988208633491
monthly,ridge,H_M_C_K,0.1,0.6555135862129384,0.6555135862129384,0.005462952703211542
monthly,ridge,H_M_C_K,1.0,0.6562768358701487,0.6562768358701486,0.005818757674785903
monthly,ridge,H_M_C_K,10.0,0.6568531689126498,0.6568531689126498,0.0057498071320477824
monthly,ridge,H_D_M_C_K,0.001,0.6674844763878895,0.6674844763878895,0.0004877365657372449
monthly,ridge,H_D_M_C_K,0.01,0.6460348453254815,0.6460348453254815,0.002256774856586668
monthly,ridge,H_D_M_C_K,0.1,0.6387681937289436,0.6387681937289436,0.005036487893446193
monthly,ridge,H_D_M_C_K,1.0,0.6414688853865349,0.6414688853865348,0.007992793891764337
monthly,ridge,H_D_M_C_K,10.0,0.6450929159139531,0.6450929159139531,0.009082023557155884
monthly,ridge,H_B_M_C_K,0.001,0.6683781437782441,0.6683781437782441,0.0008707848943981762
monthly,ridge,H_B_M_C_K,0.01,0.6531745130389816,0.6531745130389814,0.00359602495078586
monthly,ridge,H_B_M_C_K,0.1,0.6528841860004165,0.6528841860004165,0.005372590465324076
monthly,ridge,H_B_M_C_K,1.0,0.6537318916634347,0.6537318916634346,0.005660016582091236
monthly,ridge,H_B_M_C_K,10.0,0.6543707917283179,0.6543707917283179,0.005564678799266443
monthly,ridge,H_D_B_M_C_K,0.001,0.6655465953476731,0.665546595347673,0.0006856971704203516
monthly,ridge,H_D_B_M_C_K,0.01,0.6437603269049816,0.6437603269049818,0.0032024447736187745
monthly,ridge,H_D_B_M_C_K,0.1,0.637353656175289,0.637353656175289,0.006812950515866607
monthly,ridge,H_D_B_M_C_K,1.0,0.6404593438542494,0.6404593438542495,0.009848034403512016
monthly,ridge,H_D_B_M_C_K,10.0,0.6442422947716304,0.6442422947716305,0.010912847866782894
monthly,ridge,H_P_C_K,0.001,0.670372518384789,0.6703725183847888,0.0008251272415766154
monthly,ridge,H_P_C_K,0.01,0.655690226718732,0.6556902267187319,0.003613031464770381
monthly,ridge,H_P_C_K,0.1,0.6552101937489355,0.6552101937489356,0.005531443080117635
monthly,ridge,H_P_C_K,1.0,0.6559511486511254,0.6559511486511254,0.005817156613429911
monthly,ridge,H_P_C_K,10.0,0.6564982081565395,0.6564982081565395,0.005710864550704926
monthly,ridge,H_D_P_C_K,0.001,0.6674655642250937,0.667465564225094,0.0004951064089619662
monthly,ridge,H_D_P_C_K,0.01,0.6457346023618554,0.6457346023618553,0.0023093783658214607
monthly,ridge,H_D_P_C_K,0.1,0.637951699405082,0.6379516994050821,0.004809607393855014
monthly,ridge,H_D_P_C_K,1.0,0.6406053821021666,0.6406053821021667,0.007429648551657173
monthly,ridge,H_D_P_C_K,10.0,0.6443875780057483,0.6443875780057484,0.008532879357859891
monthly,ridge,H_B_P_C_K,0.001,0.6683414197880468,0.6683414197880467,0.0008486595527310568
monthly,ridge,H_B_P_C_K,0.01,0.6528771940372659,0.6528771940372659,0.003681653783948095
monthly,ridge,H_B_P_C_K,0.1,0.652544485204637,0.652544485204637,0.005405598056378287
monthly,ridge,H_B_P_C_K,1.0,0.6533530363884238,0.6533530363884237,0.005631792915423306
monthly,ridge,H_B_P_C_K,10.0,0.6539755702088434,0.6539755702088434,0.005511065911549681
monthly,ridge,H_D_B_P_C_K,0.001,0.6655121683839651,0.6655121683839651,0.000654383285019619
monthly,ridge,H_D_B_P_C_K,0.01,0.6433320626174529,0.6433320626174528,0.0031653872835404615
monthly,ridge,H_D_B_P_C_K,0.1,0.6362534021043038,0.6362534021043037,0.006518489908228971
monthly,ridge,H_D_B_P_C_K,1.0,0.6394831274751905,0.6394831274751905,0.00939399939052396
monthly,ridge,H_D_B_P_C_K,10.0,0.6434653879388665,0.6434653879388664,0.010440184390758861
monthly,ridge,H_M_P_C_K,0.001,0.6704911487127361,0.670491148712736,0.0008468422382441125
monthly,ridge,H_M_P_C_K,0.01,0.6561628368686123,0.6561628368686123,0.0035416196914872583
monthly,ridge,H_M_P_C_K,0.1,0.6557473689776193,0.6557473689776194,0.0054825463504966
monthly,ridge,H_M_P_C_K,1.0,0.6565229905921993,0.6565229905921993,0.005839114268016463
monthly,ridge,H_M_P_C_K,10.0,0.6570835767353408,0.6570835767353408,0.0057675584145827725
monthly,ridge,H_D_M_P_C_K,0.001,0.6675849992845629,0.6675849992845629,0.0005108100177388466
monthly,ridge,H_D_M_P_C_K,0.01,0.6461978334922103,0.6461978334922103,0.002223630682233286
monthly,ridge,H_D_M_P_C_K,0.1,0.6385734478857991,0.6385734478857991,0.0047204884327265405
monthly,ridge,H_D_M_P_C_K,1.0,0.6413280621381071,0.6413280621381071,0.00750454643497498
monthly,ridge,H_D_M_P_C_K,10.0,0.6449792744974585,0.6449792744974585,0.008597866329431032
monthly,ridge,H_B_M_P_C_K,0.001,0.668475721765946,0.668475721765946,0.000900030916587188
monthly,ridge,H_B_M_P_C_K,0.01,0.6532420682363341,0.6532420682363342,0.0035719034578846538
monthly,ridge,H_B_M_P_C_K,0.1,0.6529103227472451,0.6529103227472451,0.005270911259355194
monthly,ridge,H_B_M_P_C_K,1.0,0.653769495441224,0.653769495441224,0.005545344772072307
monthly,ridge,H_B_M_P_C_K,10.0,0.6543995382033231,0.654399538203323,0.005457127920820376
monthly,ridge,H_D_B_M_P_C_K,0.001,0.6656464438647642,0.6656464438647643,0.0007068318983015431
monthly,ridge,H_D_B_M_P_C_K,0.01,0.6437063614211549,0.6437063614211549,0.0030809551436040278
monthly,ridge,H_D_B_M_P_C_K,0.1,0.6367325972369098,0.6367325972369099,0.006407329733675034
monthly,ridge,H_D_B_M_P_C_K,1.0,0.6399691955405754,0.6399691955405753,0.009359268369022442
monthly,ridge,H_D_B_M_P_C_K,10.0,0.6438593865819303,0.6438593865819304,0.010610298630942669
monthly,ridge,H_A_K,0.001,0.6678539401841976,0.6678539401841975,0.0008353385721280879
monthly,ridge,H_A_K,0.01,0.650728711178431,0.650728711178431,0.003416332927745976
monthly,ridge,H_A_K,0.1,0.6494914544180808,0.6494914544180806,0.004947665623366596
monthly,ridge,H_A_K,1.0,0.649593728398562,0.6495937283985619,0.005178872894865627
monthly,ridge,H_A_K,10.0,0.6496081121539716,0.6496081121539715,0.0052032045415422775
monthly,ridge,H_D_A_K,0.001,0.6650339353090425,0.6650339353090425,0.0005244649347604925
monthly,ridge,H_D_A_K,0.01,0.6413857274942185,0.6413857274942184,0.002178830884607469
monthly,ridge,H_D_A_K,0.1,0.6334423649892521,0.6334423649892521,0.004690496877515797
monthly,ridge,H_D_A_K,1.0,0.635619392369505,0.635619392369505,0.00725407490920838
monthly,ridge,H_D_A_K,10.0,0.6388289104703546,0.6388289104703546,0.008130365406121163
monthly,ridge,H_B_A_K,0.001,0.6658794835533796,0.6658794835533794,0.0007295993728171075
monthly,ridge,H_B_A_K,0.01,0.6482702288495837,0.6482702288495837,0.0033962165881951654
monthly,ridge,H_B_A_K,0.1,0.6472455210948708,0.6472455210948708,0.004920931647578343
monthly,ridge,H_B_A_K,1.0,0.6473738617844423,0.6473738617844426,0.005147885858198648
monthly,ridge,H_B_A_K,10.0,0.6473908376410625,0.6473908376410625,0.0051717138535161584
monthly,ridge,H_D_B_A_K,0.001,0.663135997326505,0.663135997326505,0.0005174342705332661
monthly,ridge,H_D_B_A_K,0.01,0.6393527215484385,0.6393527215484386,0.003090308128673612
monthly,ridge,H_D_B_A_K,0.1,0.6322907917051597,0.6322907917051597,0.006735522419500639
monthly,ridge,H_D_B_A_K,1.0,0.6349584489148427,0.6349584489148427,0.00950749752326003
monthly,ridge,H_D_B_A_K,10.0,0.6385500195302759,0.6385500195302758,0.010304223662245144
monthly,ridge,H_M_A_K,0.001,0.6679647053568992,0.6679647053568992,0.0008478452897595366
monthly,ridge,H_M_A_K,0.01,0.6512463117561365,0.6512463117561363,0.003319147439313997
monthly,ridge,H_M_A_K,0.1,0.6501139069160567,0.6501139069160569,0.004745223497633747
monthly,ridge,H_M_A_K,1.0,0.650243785195176,0.6502437851951761,0.004963236735257998
monthly,ridge,H_M_A_K,10.0,0.6502613908530488,0.6502613908530489,0.004986244861844167
monthly,ridge,H_D_M_A_K,0.001,0.6651483248214702,0.6651483248214702,0.0005230787586341566
monthly,ridge,H_D_M_A_K,0.01,0.641899011185458,0.641899011185458,0.002064233997954989
monthly,ridge,H_D_M_A_K,0.1,0.6341989066564235,0.6341989066564235,0.00447961434097321
monthly,ridge,H_D_M_A_K,1.0,0.6364807215590516,0.6364807215590516,0.007163849216337332
monthly,ridge,H_D_M_A_K,10.0,0.6396925820246936,0.6396925820246937,0.008145132379840709
monthly,ridge,H_B_M_A_K,0.001,0.6660108987747491,0.6660108987747491,0.0007770397176326727
monthly,ridge,H_B_M_A_K,0.01,0.6487035910915578,0.6487035910915578,0.003240589015663184
monthly,ridge,H_B_M_A_K,0.1,0.6477481669267366,0.6477481669267365,0.004591517721174007
monthly,ridge,H_B_M_A_K,1.0,0.6479044739820401,0.6479044739820401,0.004796206951118042
monthly,ridge,H_B_M_A_K,10.0,0.6479248519084416,0.6479248519084415,0.004817795334855728
monthly,ridge,H_D_B_M_A_K,0.001,0.6632695609363766,0.6632695609363767,0.0005629354484248332
monthly,ridge,H_D_B_M_A_K,0.01,0.6397852535392289,0.6397852535392288,0.002960551935555496
monthly,ridge,H_D_B_M_A_K,0.1,0.6329030016533328,0.6329030016533329,0.006512753998765001
monthly,ridge,H_D_B_M_A_K,1.0,0.6356540951893161,0.6356540951893164,0.009436173780243294
monthly,ridge,H_D_B_M_A_K,10.0,0.6392631909984592,0.6392631909984592,0.010344436474788506
monthly,ridge,H_P_A_K,0.001,0.6679466979740328,0.6679466979740328,0.00085427976638701
monthly,ridge,H_P_A_K,0.01,0.6510158103581637,0.6510158103581636,0.0034935011404851816
monthly,ridge,H_P_A_K,0.1,0.6498365408254,0.6498365408254,0.00503880020643668
monthly,ridge,H_P_A_K,1.0,0.6499503983931482,0.6499503983931482,0.005271259394463497
monthly,ridge,H_P_A_K,10.0,0.6499660901927083,0.6499660901927085,0.0052957084310485784
monthly,ridge,H_D_P_A_K,0.001,0.6651330038463795,0.6651330038463795,0.0005359425879421301
monthly,ridge,H_D_P_A_K,0.01,0.6416399865565271,0.641639986556527,0.00218909024737679
monthly,ridge,H_D_P_A_K,0.1,0.633448988618216,0.633448988618216,0.004281245964083836
monthly,ridge,H_D_P_A_K,1.0,0.6357587184851186,0.6357587184851186,0.006665956246668417
monthly,ridge,H_D_P_A_K,10.0,0.6391068661194048,0.6391068661194049,0.007559866319711322
monthly,ridge,H_B_P_A_K,0.001,0.665975903401614,0.6659759034016138,0.0007593168708525771
monthly,ridge,H_B_P_A_K,0.01,0.6484407219534585,0.6484407219534585,0.003406121823683753
monthly,ridge,H_B_P_A_K,0.1,0.6474328761060794,0.6474328761060792,0.004863121745653588
monthly,ridge,H_B_P_A_K,1.0,0.6475777556993608,0.6475777556993607,0.0050767276366074495
monthly,ridge,H_B_P_A_K,10.0,0.6475962760973714,0.6475962760973714,0.0050992179092089855
monthly,ridge,H_D_B_P_A_K,0.001,0.66324053925281,0.6632405392528099,0.0005368064156329358
monthly,ridge,H_D_B_P_A_K,0.01,0.6394341138214397,0.6394341138214397,0.0029855625655363072
monthly,ridge,H_D_B_P_A_K,0.1,0.6319125986967781,0.6319125986967781,0.006232429316539286
monthly,ridge,H_D_B_P_A_K,1.0,0.6347979928877175,0.6347979928877175,0.00884920077721687
monthly,ridge,H_D_B_P_A_K,10.0,0.6383272480318268,0.6383272480318268,0.009718926703441717
monthly,ridge,H_M_P_A_K,0.001,0.6680591969176919,0.6680591969176919,0.0008767118627877384
monthly,ridge,H_M_P_A_K,0.01,0.6515058045590846,0.6515058045590847,0.0033982220174659343
monthly,ridge,H_M_P_A_K,0.1,0.6504051509681571,0.6504051509681571,0.004827761774100626
monthly,ridge,H_M_P_A_K,1.0,0.6505383750821442,0.6505383750821442,0.005044873555141724
monthly,ridge,H_M_P_A_K,10.0,0.6505564910112231,0.6505564910112231,0.005067804768344668
monthly,ridge,H_D_M_P_A_K,0.001,0.6652470909994352,0.6652470909994354,0.0005512072095780276
monthly,ridge,H_D_M_P_A_K,0.01,0.6421268736423541,0.642126873642354,0.002087232017825521
monthly,ridge,H_D_M_P_A_K,0.1,0.6341059087751212,0.6341059087751212,0.004108700527151831
monthly,ridge,H_D_M_P_A_K,1.0,0.6363871075887567,0.6363871075887567,0.006630312862147165
monthly,ridge,H_D_M_P_A_K,10.0,0.6399146756325784,0.6399146756325784,0.007610623867935904
monthly,ridge,H_B_M_P_A_K,0.001,0.6661095541410379,0.6661095541410379,0.0008143027136457947
monthly,ridge,H_B_M_P_A_K,0.01,0.6488502865466603,0.6488502865466604,0.003253982076000295
monthly,ridge,H_B_M_P_A_K,0.1,0.6478815107111909,0.6478815107111909,0.004543608494524682
monthly,ridge,H_B_M_P_A_K,1.0,0.6480418106916466,0.6480418106916466,0.004736694010579031
monthly,ridge,H_B_M_P_A_K,10.0,0.6480627559210366,0.6480627559210366,0.004757030833976321
monthly,ridge,H_D_B_M_P_A_K,0.001,0.6633688971458159,0.663368897145816,0.0005956053302572937
monthly,ridge,H_D_B_M_P_A_K,0.01,0.639836687548445,0.639836687548445,0.0028699759842401424
monthly,ridge,H_D_B_M_P_A_K,0.1,0.6325030900405897,0.6325030900405897,0.006092572827277291
monthly,ridge,H_D_B_M_P_A_K,1.0,0.6354022628133399,0.6354022628133399,0.008869398485621668
monthly,ridge,H_D_B_M_P_A_K,10.0,0.6390439471222934,0.6390439471222934,0.009855092533791559
monthly,ridge,H_C_A_K,0.001,0.6677979425197017,0.6677979425197018,0.0008665298823791295
monthly,ridge,H_C_A_K,0.01,0.6507720211073167,0.6507720211073168,0.0036127857816917325
monthly,ridge,H_C_A_K,0.1,0.6501641652948317,0.6501641652948316,0.0055484009441265835
monthly,ridge,H_C_A_K,1.0,0.65091534727244,0.6509153472724399,0.005823681139336486
monthly,ridge,H_C_A_K,10.0,0.6514711762050405,0.6514711762050405,0.005649462688770056
monthly,ridge,H_D_C_A_K,0.001,0.6649856784161793,0.6649856784161793,0.0005489915953626194
monthly,ridge,H_D_C_A_K,0.01,0.6414829729923643,0.6414829729923642,0.002293183608176572
monthly,ridge,H_D_C_A_K,0.1,0.6340384314070577,0.6340384314070577,0.004784133763993887
monthly,ridge,H_D_C_A_K,1.0,0.6365275595106319,0.6365275595106319,0.007287078339359658
monthly,ridge,H_D_C_A_K,10.0,0.6398913972078101,0.63989139720781,0.00799658015007394
monthly,ridge,H_B_C_A_K,0.001,0.6658274754000257,0.6658274754000256,0.000748915290337185
monthly,ridge,H_B_C_A_K,0.01,0.6483298766896273,0.6483298766896273,0.0035150152249203348
monthly,ridge,H_B_C_A_K,0.1,0.6479507987607389,0.6479507987607389,0.005301919691009882
monthly,ridge,H_B_C_A_K,1.0,0.6488013144945707,0.6488013144945706,0.005513746746267608
monthly,ridge,H_B_C_A_K,10.0,0.6494358205590247,0.6494358205590247,0.005290409059719579
monthly,ridge,H_D_B_C_A_K,0.001,0.6630915422191201,0.6630915422191201,0.0005197843750583862
monthly,ridge,H_D_B_C_A_K,0.01,0.6394625468034926,0.6394625468034925,0.003092413041919107
monthly,ridge,H_D_B_C_A_K,0.1,0.6329083357453044,0.6329083357453044,0.006679927899649616
monthly,ridge,H_D_B_C_A_K,1.0,0.6358343596507174,0.6358343596507174,0.009375798191482609
monthly,ridge,H_D_B_C_A_K,10.0,0.639452604133547,0.639452604133547,0.010187465138794418
monthly,ridge,H_M_C_A_K,0.001,0.667909466874416,0.6679094668744159,0.0008790410426333841
monthly,ridge,H_M_C_A_K,0.01,0.6512793227876226,0.6512793227876225,0.0035399486864291408
monthly,ridge,H_M_C_A_K,0.1,0.6507649217596919,0.6507649217596919,0.005471487098850447
monthly,ridge,H_M_C_A_K,1.0,0.6515692664855698,0.6515692664855697,0.005806637805506573
monthly,ridge,H_M_C_A_K,10.0,0.6521333955042031,0.6521333955042031,0.005669766335620568
monthly,ridge,H_D_M_C_A_K,0.001,0.6650978351362576,0.6650978351362576,0.000549445576319461
monthly,ridge,H_D_M_C_A_K,0.01,0.6419890533467969,0.6419890533467968,0.0021986364111003017
monthly,ridge,H_D_M_C_A_K,0.1,0.6347433684119531,0.6347433684119531,0.004581203421550303
monthly,ridge,H_D_M_C_A_K,1.0,0.6373135371005404,0.6373135371005404,0.007116686886496193
monthly,ridge,H_D_M_C_A_K,10.0,0.6408857236230323,0.6408857236230323,0.008020679303089423
monthly,ridge,H_B_M_C_A_K,0.001,0.6659568708428742,0.6659568708428742,0.0007960912789065617
monthly,ridge,H_B_M_C_A_K,0.01,0.6487549758240747,0.6487549758240746,0.0033817263661779623
monthly,ridge,H_B_M_C_A_K,0.1,0.648430634049306,0.648430634049306,0.005110218916770139
monthly,ridge,H_B_M_C_A_K,1.0,0.6493063927249435,0.6493063927249435,0.005357762229054983
monthly,ridge,H_B_M_C_A_K,10.0,0.6499609742168787,0.6499609742168786,0.005174172702027644
monthly,ridge,H_D_B_M_C_A_K,0.001,0.6632204992211519,0.663220499221152,0.0005678808055806934
monthly,ridge,H_D_B_M_C_A_K,0.01,0.639887790502112,0.6398877905021119,0.002972884189498862
monthly,ridge,H_D_B_M_C_A_K,0.1,0.6334903571799585,0.6334903571799584,0.006454023775819314
monthly,ridge,H_D_B_M_C_A_K,1.0,0.6366262869061035,0.6366262869061035,0.009318053668608155
monthly,ridge,H_D_B_M_C_A_K,10.0,0.6403333636643112,0.6403333636643113,0.010140595611370786
monthly,ridge,H_P_C_A_K,0.001,0.6678912806260925,0.6678912806260924,0.000886475540031654
monthly,ridge,H_P_C_A_K,0.01,0.6510666751772742,0.6510666751772742,0.0036939572076656996
monthly,ridge,H_P_C_A_K,0.1,0.6505233640850235,0.6505233640850235,0.005647466758278113
monthly,ridge,H_P_C_A_K,1.0,0.6512935387336881,0.651293538733688,0.005926556861216365
monthly,ridge,H_P_C_A_K,10.0,0.6518443637666242,0.6518443637666242,0.0057626681162364825
monthly,ridge,H_D_P_C_A_K,0.001,0.6650836417009669,0.665083641700967,0.0005617500533613807
monthly,ridge,H_D_P_C_A_K,0.01,0.64174604275922,0.64174604275922,0.00231166773460582
monthly,ridge,H_D_P_C_A_K,0.1,0.6340374308974004,0.6340374308974004,0.00439391826589727
monthly,ridge,H_D_P_C_A_K,1.0,0.6365573317502323,0.6365573317502322,0.006605965059238251
monthly,ridge,H_D_P_C_A_K,10.0,0.640310202961002,0.6403102029610022,0.0074692536583811356
monthly,ridge,H_B_P_C_A_K,0.001,0.6659266981813715,0.6659266981813714,0.0007803145305774207
monthly,ridge,H_B_P_C_A_K,0.01,0.6485124452271894,0.6485124452271894,0.0035307068096070305
monthly,ridge,H_B_P_C_A_K,0.1,0.6481641121030511,0.6481641121030511,0.005276060817817663
monthly,ridge,H_B_P_C_A_K,1.0,0.6490262711406962,0.6490262711406963,0.005467114662600149
monthly,ridge,H_B_P_C_A_K,10.0,0.6496378270959622,0.6496378270959621,0.005269241631786188
monthly,ridge,H_D_B_P_C_A_K,0.001,0.6631929825166364,0.6631929825166363,0.0005423721249731414
monthly,ridge,H_D_B_P_C_A_K,0.01,0.6395466978975685,0.6395466978975686,0.002990459852514556
monthly,ridge,H_D_B_P_C_A_K,0.1,0.6325350462160381,0.6325350462160382,0.00615724319750212
monthly,ridge,H_D_B_P_C_A_K,1.0,0.6356799542472071,0.6356799542472071,0.008718463290527131
monthly,ridge,H_D_B_P_C_A_K,10.0,0.639448711095163,0.639448711095163,0.009691504610294426
monthly,ridge,H_M_P_C_A_K,0.001,0.6680022585741205,0.6680022585741204,0.0009088326256367962
monthly,ridge,H_M_P_C_A_K,0.01,0.651542547789562,0.651542547789562,0.0036210202922661978
monthly,ridge,H_M_P_C_A_K,0.1,0.651065852015348,0.6510658520153478,0.005553704455285052
monthly,ridge,H_M_P_C_A_K,1.0,0.6518714130054332,0.6518714130054333,0.005885806738516407
monthly,ridge,H_M_P_C_A_K,10.0,0.652423963202346,0.6524239632023461,0.0057536368612364965
monthly,ridge,H_D_M_P_C_A_K,0.001,0.6651960518257235,0.6651960518257234,0.0005783263203456523
monthly,ridge,H_D_M_P_C_A_K,0.01,0.6422243477846228,0.6422243477846228,0.0022278706635541373
monthly,ridge,H_D_M_P_C_A_K,0.1,0.6346752364148515,0.6346752364148516,0.0042490990212417
monthly,ridge,H_D_M_P_C_A_K,1.0,0.6373387781746195,0.6373387781746194,0.006661080555436735
monthly,ridge,H_D_M_P_C_A_K,10.0,0.6410434130088803,0.6410434130088802,0.007583022926283615
monthly,ridge,H_B_M_P_C_A_K,0.001,0.666054912705033,0.666054912705033,0.0008345828084297938
monthly,ridge,H_B_M_P_C_A_K,0.01,0.6489109826770207,0.6489109826770207,0.0034056811677247506
monthly,ridge,H_B_M_P_C_A_K,0.1,0.6485863128248976,0.6485863128248978,0.005073528480626434
monthly,ridge,H_B_M_P_C_A_K,1.0,0.6494699523623243,0.6494699523623244,0.005310659816606651
monthly,ridge,H_B_M_P_C_A_K,10.0,0.6501060455315474,0.6501060455315474,0.005149719594933499
monthly,ridge,H_D_B_M_P_C_A_K,0.001,0.663321328132768,0.6633213281327681,0.000602095973959437
monthly,ridge,H_D_B_M_P_C_A_K,0.01,0.6399416635300015,0.6399416635300014,0.002885289336600773
monthly,ridge,H_D_B_M_P_C_A_K,0.1,0.6330683077251237,0.6330683077251237,0.006019954380411081
monthly,ridge,H_D_B_M_P_C_A_K,1.0,0.6363772502624038,0.6363772502624038,0.008790944499458386
monthly,ridge,H_D_B_M_P_C_A_K,10.0,0.6402544597308736,0.6402544597308737,0.009737883920408183
monthly,ridge,NONE,0.001,0.6835049913737833,0.6835049913737832,0.00017658561199248579
monthly,ridge,NONE,0.01,0.6835049913737833,0.6835049913737832,0.00017658561199248579
monthly,ridge,NONE,0.1,0.6835049913737833,0.6835049913737832,0.00017658561199248579
monthly,ridge,NONE,1.0,0.6835049913737833,0.6835049913737832,0.00017658561199248579
monthly,ridge,NONE,10.0,0.6835049913737833,0.6835049913737832,0.00017658561199248579
monthly,ridge,D,0.001,0.6799589312685874,0.6799589312685873,0.00035108770564172385
monthly,ridge,D,0.01,0.6674882431217787,0.6674882431217787,0.001956033467171862
monthly,ridge,D,0.1,0.6568160240143509,0.6568160240143508,0.004999767040354843
monthly,ridge,D,1.0,0.6594399236220587,0.6594399236220588,0.008492413097648602
monthly,ridge,D,10.0,0.6630709651484934,0.6630709651484933,0.010185952642756877
monthly,ridge,B,0.001,0.6808013049634876,0.6808013049634877,0.0004336103484426829
monthly,ridge,B,0.01,0.6775567390932327,0.6775567390932326,0.002047586624215127
monthly,ridge,B,0.1,0.6773457188203921,0.6773457188203922,0.0028774363088726372
monthly,ridge,B,1.0,0.6773710033966391,0.6773710033966391,0.0029964226921757554
monthly,ridge,B,10.0,0.677374395628399,0.6773743956283987,0.003008789986517156
monthly,ridge,D_B,0.001,0.6773724456422321,0.6773724456422322,0.0006474117746135072
monthly,ridge,D_B,0.01,0.6627660287436913,0.6627660287436913,0.0035681043996780215
monthly,ridge,D_B,0.1,0.6532764675868407,0.6532764675868405,0.008013211593180667
monthly,ridge,D_B,1.0,0.6565791936024026,0.6565791936024026,0.01162925105472035
monthly,ridge,D_B,10.0,0.6603084749651987,0.6603084749651986,0.01308335154684216
monthly,ridge,M,0.001,0.6834332692943599,0.6834332692943599,0.0002120390221906484
monthly,ridge,M,0.01,0.6835425636837301,0.68354256368373,0.0006105928616056392
monthly,ridge,M,0.1,0.683694515194543,0.683694515194543,0.0008304105764496639
monthly,ridge,M,1.0,0.6837196147144295,0.6837196147144297,0.0008616913727149373
monthly,ridge,M,10.0,0.6837222212333015,0.6837222212333014,0.0008648720537617837
monthly,ridge,D_M,0.001,0.6799025508123988,0.6799025508123988,0.0003109450162104704
monthly,ridge,D_M,0.01,0.6677077549616779,0.6677077549616779,0.0019129289152165674
monthly,ridge,D_M,0.1,0.6574723308073789,0.6574723308073789,0.005119514475247355
monthly,ridge,D_M,1.0,0.6602609251908419,0.6602609251908419,0.008585893777844382
monthly,ridge,D_M,10.0,0.6637587947429832,0.6637587947429832,0.010174925615487208
monthly,ridge,B_M,0.001,0.6807804097346406,0.6807804097346407,0.0005355771430793214
monthly,ridge,B_M,0.01,0.6778452886477427,0.6778452886477427,0.0022762870332170525
monthly,ridge,B_M,0.1,0.6778056535208201,0.6778056535208201,0.003121677628334999
monthly,ridge,B_M,1.0,0.6778529760912095,0.6778529760912095,0.0032417641341056336
monthly,ridge,B_M,10.0,0.6778585569692396,0.6778585569692395,0.0032543587220388963
monthly,ridge,D_B_M,0.001,0.6773621089808914,0.6773621089808912,0.0006940200467567011
monthly,ridge,D_B_M,0.01,0.6631681377715647,0.6631681377715646,0.0036513192107462075
monthly,ridge,D_B_M,0.1,0.654030750066495,0.654030750066495,0.008098106335401955
monthly,ridge,D_B_M,1.0,0.6575181189949924,0.6575181189949926,0.011714880044321103
monthly,ridge,D_B_M,10.0,0.6612026024761604,0.6612026024761603,0.013152691315581782
monthly,ridge,P,0.001,0.6835701634913571,0.6835701634913571,0.00019764631211381716
monthly,ridge,P,0.01,0.6837774211379498,0.6837774211379497,0.00035666222502900215
monthly,ridge,P,0.1,0.6838856444073851,0.6838856444073852,0.0004532460768746426
monthly,ridge,P,1.0,0.6839013430807225,0.6839013430807224,0.0004671141685272402
monthly,ridge,P,10.0,0.6839029336139199,0.6839029336139199,0.0004685196584935497
monthly,ridge,D_P,0.001,0.6800382034971995,0.6800382034971995,0.0003234991097583948
monthly,ridge,D_P,0.01,0.667917047729111,0.6679170477291111,0.0018670440935355918
monthly,ridge,D_P,0.1,0.6573073931395061,0.6573073931395061,0.004941019470541504
monthly,ridge,D_P,1.0,0.6599500835009966,0.6599500835009965,0.008509535767284415
monthly,ridge,D_P,10.0,0.6637393790864753,0.6637393790864752,0.010194882613147056
monthly,ridge,B_P,0.001,0.6808903011235495,0.6808903011235495,0.00046423366369099554
monthly,ridge,B_P,0.01,0.6779155895490909,0.6779155895490907,0.0020659899492397175
monthly,ridge,B_P,0.1,0.6778289389012989,0.6778289389012988,0.002864293733523342
monthly,ridge,B_P,1.0,0.6778723272646834,0.6778723272646833,0.00298082145005248
monthly,ridge,B_P,10.0,0.6778776275053163,0.6778776275053164,0.0029930615451584236
monthly,ridge,D_B_P,0.001,0.6774697459409879,0.6774697459409877,0.0006478469925696265
monthly,ridge,D_B_P,0.01,0.6631273422738786,0.6631273422738786,0.003502438280594783
monthly,ridge,D_B_P,0.1,0.6534189540571188,0.6534189540571188,0.007921794487561565
monthly,ridge,D_B_P,1.0,0.656824110367968,0.656824110367968,0.011624366159522547
monthly,ridge,D_B_P,10.0,0.660658299178893,0.6606582991788927,0.013254984494917656
monthly,ridge,M_P,0.001,0.6835037361994892,0.6835037361994892,0.00028023588375655724
monthly,ridge,M_P,0.01,0.6838371700575259,0.6838371700575256,0.0008754774781518156
monthly,ridge,M_P,0.1,0.6841015401212409,0.6841015401212409,0.0011668221680805962
monthly,ridge,M_P,1.0,0.684140123490457,0.6841401234904572,0.0012074308519775187
monthly,ridge,M_P,10.0,0.6841442001348792,0.6841442001348791,0.0012116399469123548
monthly,ridge,D_M_P,0.001,0.679983277662858,0.6799832776628582,0.0003219348775015432
monthly,ridge,D_M_P,0.01,0.6680969148641369,0.6680969148641369,0.0018725615278503732
monthly,ridge,D_M_P,0.1,0.6577675971973668,0.6577675971973669,0.004978927362454744
monthly,ridge,D_M_P,1.0,0.6605415934271629,0.6605415934271629,0.00844195295236045
monthly,ridge,D_M_P,10.0,0.6643881807104439,0.6643881807104439,0.0101978939445115
monthly,ridge,B_M_P,0.001,0.6808708927440766,0.6808708927440767,0.0005792098914083128
monthly,ridge,B_M_P,0.01,0.6781829686474166,0.6781829686474167,0.002314915128087463
monthly,ridge,B_M_P,0.1,0.6782580916649729,0.6782580916649729,0.0031208548171875695
monthly,ridge,B_M_P,1.0,0.6783208095869769,0.6783208095869769,0.00323363758184898
monthly,ridge,B_M_P,10.0,0.678328131617489,0.6783281316174888,0.003245359830299104
monthly,ridge,D_B_M_P,0.001,0.6774595309483432,0.6774595309483431,0.0007081349847343002
monthly,ridge,D_B_M_P,0.01,0.663464426339271,0.6634644263392712,0.003587816757011785
monthly,ridge,D_B_M_P,0.1,0.6540015999880101,0.65400159998801,0.007969943929285992
monthly,ridge,D_B_M_P,1.0,0.6574744300825646,0.6574744300825646,0.01160514966002263
monthly,ridge,D_B_M_P,10.0,0.6612823592106296,0.6612823592106296,0.013151534602123899
monthly,ridge,C,0.001,0.6834128475572385,0.6834128475572385,0.00021478714156881695
monthly,ridge,C,0.01,0.6831930860205437,0.6831930860205437,0.0005339421504295843
monthly,ridge,C,0.1,0.6836362822773664,0.6836362822773662,0.0013665471601438258
monthly,ridge,C,1.0,0.6844617041409693,0.6844617041409693,0.0016649153534681511
monthly,ridge,C,10.0,0.6851229542978795,0.6851229542978796,0.0016836001387630201
monthly,ridge,D_C,0.001,0.6798819319217331,0.679881931921733,0.0003253678163339339
monthly,ridge,D_C,0.01,0.667364109946426,0.667364109946426,0.0016476552465571955
monthly,ridge,D_C,0.1,0.6572203823068679,0.6572203823068679,0.0044954947965825266
monthly,ridge,D_C,1.0,0.6604961909152804,0.6604961909152804,0.00833552887149692
monthly,ridge,D_C,10.0,0.6646126662644319,0.664612666264432,0.010268392172907955
monthly,ridge,B_C,0.001,0.6807113229595088,0.6807113229595088,0.0004227712790820103
monthly,ridge,B_C,0.01,0.6772944706875803,0.6772944706875805,0.0019455905795706867
monthly,ridge,B_C,0.1,0.6775595856500995,0.6775595856500994,0.002731991233369895
monthly,ridge,B_C,1.0,0.6784372477739595,0.6784372477739595,0.0029916599460100596
monthly,ridge,B_C,10.0,0.6791474555292545,0.6791474555292545,0.003148889771700532
monthly,ridge,D_B_C,0.001,0.6772994758247928,0.6772994758247928,0.0006170156016056255
monthly,ridge,D_B_C,0.01,0.6626658732605084,0.6626658732605085,0.0033321444761562056
monthly,ridge,D_B_C,0.1,0.6536971797387524,0.6536971797387524,0.007584078599779221
monthly,ridge,D_B_C,1.0,0.6576597464118447,0.6576597464118445,0.011467561558868166
monthly,ridge,D_B_C,10.0,0.6617070312287906,0.6617070312287906,0.013145897585174452
monthly,ridge,M_C,0.001,0.6833412366584286,0.6833412366584286,0.00024592693052757
monthly,ridge,M_C,0.01,0.6832208937381617,0.6832208937381617,0.0007872459964106948
monthly,ridge,M_C,0.1,0.6838081706580985,0.6838081706580985,0.001515608234795108
monthly,ridge,M_C,1.0,0.6846645452654556,0.6846645452654556,0.0017523907478501173
monthly,ridge,M_C,10.0,0.6853665629467304,0.6853665629467305,0.0017716995856311586
monthly,ridge,D_M_C,0.001,0.6798233572652115,0.6798233572652115,0.0002851206907949712
monthly,ridge,D_M_C,0.01,0.6675698203899509,0.6675698203899509,0.0016195194743066567
monthly,ridge,D_M_C,0.1,0.6578635663601501,0.6578635663601502,0.004647468312263559
monthly,ridge,D_M_C,1.0,0.6612277118039566,0.6612277118039563,0.008448770646183124
monthly,ridge,D_M_C,10.0,0.665316654371036,0.665316654371036,0.010289828408170566
monthly,ridge,B_M_C,0.001,0.6806920383290342,0.6806920383290342,0.0005280256739743718
monthly,ridge,B_M_C,0.01,0.6775728623892979,0.6775728623892979,0.0021902746347198564
monthly,ridge,B_M_C,0.1,0.6779919047043158,0.6779919047043157,0.0029792918909185818
monthly,ridge,B_M_C,1.0,0.678898671750011,0.6788986717500108,0.003241282594835005
monthly,ridge,B_M_C,10.0,0.6796384173936131,0.679638417393613,0.003410438417480906
monthly,ridge,D_B_M_C,0.001,0.6772851409437883,0.6772851409437883,0.0006660292406240327
monthly,ridge,D_B_M_C,0.01,0.663043997741747,0.6630439977417469,0.003433664215009999
monthly,ridge,D_B_M_C,0.1,0.6543980951383732,0.654398095138373,0.007692358387805854
monthly,ridge,D_B_M_C,1.0,0.6585373009169562,0.6585373009169563,0.011583805183300534
monthly,ridge,D_B_M_C,10.0,0.6628214100520683,0.6628214100520684,0.013287543380009122
monthly,ridge,P_C,0.001,0.6834773151678919,0.6834773151678919,0.00023682702496316226
monthly,ridge,P_C,0.01,0.6834572497306652,0.6834572497306652,0.0006617382628263608
monthly,ridge,P_C,0.1,0.684016080158302,0.684016080158302,0.0014844392512055732
monthly,ridge,P_C,1.0,0.6848547305524445,0.6848547305524443,0.0017758308363120762
monthly,ridge,P_C,10.0,0.6855054308458409,0.685505430845841,0.0018015604881586656
monthly,ridge,D_P_C,0.001,0.6799566222001008,0.6799566222001007,0.0002996683437029887
monthly,ridge,D_P_C,0.01,0.6677864431109647,0.6677864431109646,0.0015587697091580999
monthly,ridge,D_P_C,0.1,0.6576900088685426,0.6576900088685426,0.004427090569471586
monthly,ridge,D_P_C,1.0,0.6610278260440514,0.6610278260440515,0.008362853193873039
monthly,ridge,D_P_C,10.0,0.6651413443619859,0.6651413443619859,0.01032878258584143
monthly,ridge,B_P_C,0.001,0.6808032365474256,0.6808032365474255,0.00045647174360080264
monthly,ridge,B_P_C,0.01,0.6776559990798295,0.6776559990798294,0.0019894195402550153
monthly,ridge,B_P_C,0.1,0.6780412296050722,0.678041229605072,0.0027844993840586657
monthly,ridge,B_P_C,1.0,0.6789383483717969,0.678938348371797,0.003045576749542393
monthly,ridge,B_P_C,10.0,0.6796540269200457,0.6796540269200457,0.0032091908488352684
monthly,ridge,D_B_P_C,0.001,0.6773921882580434,0.6773921882580434,0.0006183286603723727
monthly,ridge,D_B_P_C,0.01,0.6630338640300198,0.66303386403002,0.003273470837240657
monthly,ridge,D_B_P_C,0.1,0.6538058270261251,0.6538058270261249,0.007521812282703684
monthly,ridge,D_B_P_C,1.0,0.6578234174248795,0.6578234174248794,0.011549504124342814
monthly,ridge,D_B_P_C,10.0,0.6620854630532683,0.6620854630532683,0.01331736459254538
monthly,ridge,M_P_C,0.001,0.6834115414052043,0.6834115414052043,0.0003111815478982315
monthly,ridge,M_P_C,0.01,0.6835116498619048,0.6835116498619047,0.0010406920406307873
monthly,ridge,M_P_C,0.1,0.6842207310032964,0.6842207310032964,0.0017766424352915822
monthly,ridge,M_P_C,1.0,0.685094393574637,0.685094393574637,0.0020119132088548524
monthly,ridge,M_P_C,10.0,0.6857696178590006,0.6857696178590006,0.002019975761056405
monthly,ridge,D_M_P_C,0.001,0.6799038026825573,0.6799038026825572,0.0003014481652673122
monthly,ridge,D_M_P_C,0.01,0.6679606254228507,0.6679606254228507,0.001592381030009213
monthly,ridge,D_M_P_C,0.1,0.6581556948938474,0.6581556948938475,0.004543344432687127
monthly,ridge,D_M_P_C,1.0,0.661573829633189,0.6615738296331891,0.00834585215901762
monthly,ridge,D_M_P_C,10.0,0.6658452550107898,0.6658452550107898,0.010346252404730359
monthly,ridge,B_M_P_C,0.001,0.6807821579233383,0.6807821579233384,0.0005743159182306634
monthly,ridge,B_M_P_C,0.01,0.677912510055073,0.6779125100550731,0.002254608044780258
monthly,ridge,B_M_P_C,0.1,0.6784249608608703,0.6784249608608703,0.003049225730274326
monthly,ridge,B_M_P_C,1.0,0.6793536835431837,0.6793536835431837,0.0033066366362259404
monthly,ridge,B_M_P_C,10.0,0.6800784341497201,0.68007843414972,0.003470016856892203
monthly,ridge,D_B_M_P_C,0.001,0.6773810153006553,0.6773810153006552,0.0006827731369882814
monthly,ridge,D_B_M_P_C,0.01,0.6633559639613632,0.6633559639613631,0.0033793182533046412
monthly,ridge,D_B_M_P_C,0.1,0.6543450119660662,0.6543450119660662,0.007588057916997921
monthly,ridge,D_B_M_P_C,1.0,0.6583825039568119,0.6583825039568119,0.011537091537475536
monthly,ridge,D_B_M_P_C,10.0,0.6629039442600101,0.66290394426001,0.013394109578806664
monthly,ridge,A,0.001,0.6807004225320631,0.6807004225320631,0.0004508327038622277
monthly,ridge,A,0.01,0.6772303688619912,0.6772303688619912,0.001235239085124289
monthly,ridge,A,0.1,0.6768619733157196,0.6768619733157196,0.0015790654719479403
monthly,ridge,A,1.0,0.6768594110722397,0.6768594110722399,0.0016255570621533197
monthly,ridge,A,10.0,0.6768597683058156,0.6768597683058155,0.0016303584528857059
monthly,ridge,D_A,0.001,0.6772720960696946,0.6772720960696946,0.0004956006815628376
monthly,ridge,D_A,0.01,0.6620488359253295,0.6620488359253294,0.0017970163320613654
monthly,ridge,D_A,0.1,0.6508830703941177,0.6508830703941177,0.004134444798971677
monthly,ridge,D_A,1.0,0.6533070006698574,0.6533070006698573,0.007348141447492305
monthly,ridge,D_A,10.0,0.6566994097071202,0.6566994097071202,0.008808316490975224
monthly,ridge,B_A,0.001,0.6780887880716221,0.678088788071622,0.0003167658972880055
monthly,ridge,B_A,0.01,0.6718097249476513,0.6718097249476512,0.001651222104091868
monthly,ridge,B_A,0.1,0.6713562513598216,0.6713562513598216,0.0024265915853888473
monthly,ridge,B_A,1.0,0.6713902527076984,0.6713902527076984,0.0025421482312614455
monthly,ridge,B_A,10.0,0.671395051519214,0.671395051519214,0.002554315011717621
monthly,ridge,D_B_A,0.001,0.6747693941747046,0.6747693941747045,0.0005456438927365808
monthly,ridge,D_B_A,0.01,0.657724515975209,0.657724515975209,0.0032097703172238303
monthly,ridge,D_B_A,0.1,0.6478313353133246,0.6478313353133246,0.00749441741085566
monthly,ridge,D_B_A,1.0,0.6508918865835445,0.6508918865835446,0.01085887406037949
monthly,ridge,D_B_A,10.0,0.6546221289019281,0.6546221289019282,0.012150696854068237
monthly,ridge,M_A,0.001,0.6806193969788554,0.6806193969788554,0.00046321638200696276
monthly,ridge,M_A,0.01,0.677198429960093,0.677198429960093,0.0014262047882026396
monthly,ridge,M_A,0.1,0.6769800631063325,0.6769800631063324,0.001908632298463008
monthly,ridge,M_A,1.0,0.677004803071086,0.677004803071086,0.001974731173839053
monthly,ridge,M_A,10.0,0.6770080718478007,0.6770080718478007,0.001981585748669104
monthly,ridge,D_M_A,0.001,0.6772027724886339,0.6772027724886338,0.0004650214879967413
monthly,ridge,D_M_A,0.01,0.6622345414901472,0.662234541490147,0.0017686834571026646
monthly,ridge,D_M_A,0.1,0.6515814161047664,0.6515814161047665,0.0042708661018836715
monthly,ridge,D_M_A,1.0,0.6540868831936517,0.6540868831936517,0.007408708263526836
monthly,ridge,D_M_A,10.0,0.6576448308017798,0.6576448308017799,0.008891895077887225
monthly,ridge,B_M_A,0.001,0.6780547668087992,0.6780547668087992,0.00043629996310147614
monthly,ridge,B_M_A,0.01,0.6720521866040292,0.6720521866040292,0.0018688971112091161
monthly,ridge,B_M_A,0.1,0.6717857500475873,0.6717857500475872,0.0026142088341731683
monthly,ridge,B_M_A,1.0,0.6718510613917981,0.6718510613917982,0.0027227324445548927
monthly,ridge,B_M_A,10.0,0.671858852308836,0.671858852308836,0.002734277326846396
monthly,ridge,D_B_M_A,0.001,0.6747480139473235,0.6747480139473234,0.0005909340499178756
monthly,ridge,D_B_M_A,0.01,0.6581014883077559,0.658101488307756,0.003259549358625697
monthly,ridge,D_B_M_A,0.1,0.6486415403888798,0.6486415403888798,0.007528006658131878
monthly,ridge,D_B_M_A,1.0,0.6518715392410162,0.6518715392410163,0.010921454648061081
monthly,ridge,D_B_M_A,10.0,0.6557062373452209,0.6557062373452209,0.012240306244201922
monthly,ridge,P_A,0.001,0.680758978726878,0.680758978726878,0.0004598261530593981
monthly,ridge,P_A,0.01,0.6774517583059059,0.6774517583059059,0.0012999361452881654
monthly,ridge,P_A,0.1,0.6772007196898376,0.6772007196898377,0.0016891863062368654
monthly,ridge,P_A,1.0,0.6772206691491326,0.6772206691491326,0.0017445260544173837
monthly,ridge,P_A,10.0,0.677223268968381,0.6772232689683811,0.0017501656058475992
monthly,ridge,D_P_A,0.001,0.677341194406444,0.6773411944064438,0.000478371715249663
monthly,ridge,D_P_A,0.01,0.6624865032861025,0.6624865032861024,0.0017336110393261172
monthly,ridge,D_P_A,0.1,0.6515381495646934,0.6515381495646934,0.004040185711192191
monthly,ridge,D_P_A,1.0,0.6539949694168766,0.6539949694168766,0.007252505991611258
monthly,ridge,D_P_A,10.0,0.6575993220148106,0.6575993220148104,0.008804851997835112
monthly,ridge,B_P_A,0.001,0.6781700504851512,0.6781700504851511,0.00036249479579729616
monthly,ridge,B_P_A,0.01,0.6721849234481831,0.6721849234481831,0.0017047394116975043
monthly,ridge,B_P_A,0.1,0.6718899126772655,0.6718899126772656,0.0024573434274745205
monthly,ridge,B_P_A,1.0,0.6719515384968013,0.6719515384968014,0.0025706708401560946
monthly,ridge,B_P_A,10.0,0.6719593173543721,0.6719593173543721,0.0025826329778546623
monthly,ridge,D_B_P_A,0.001,0.6748614070331864,0.6748614070331864,0.0005480753521217945
monthly,ridge,D_B_P_A,0.01,0.658157135930836,0.6581571359308361,0.003151700974954844
monthly,ridge,D_B_P_A,0.1,0.6482182716809487,0.6482182716809487,0.0073731351293087185
monthly,ridge,D_B_P_A,1.0,0.6513619578141028,0.6513619578141028,0.01077217738021615
monthly,ridge,D_B_P_A,10.0,0.6552037405541229,0.6552037405541229,0.01219624311507584
monthly,ridge,M_P_A,0.001,0.6806813731383208,0.6806813731383208,0.0005014839452579853
monthly,ridge,M_P_A,0.01,0.6774638431027195,0.6774638431027193,0.0016176599421736002
monthly,ridge,M_P_A,0.1,0.6773690649465853,0.6773690649465853,0.00219753137690204
monthly,ridge,M_P_A,1.0,0.677413596409744,0.6774135964097439,0.0022798704138688734
monthly,ridge,M_P_A,10.0,0.6774190153081885,0.6774190153081885,0.0022884398379948595
monthly,ridge,D_M_P_A,0.001,0.677276738415599,0.6772767384155991,0.0004768669493957733
monthly,ridge,D_M_P_A,0.01,0.6626492424469836,0.6626492424469838,0.0017957931443805875
monthly,ridge,D_M_P_A,0.1,0.6520611864850249,0.6520611864850248,0.00416043777416798
monthly,ridge,D_M_P_A,1.0,0.6546024368115634,0.6546024368115635,0.007259971428717206
monthly,ridge,D_M_P_A,10.0,0.6582200919801664,0.6582200919801664,0.008812258799007587
monthly,ridge,B_M_P_A,0.001,0.6781403690211328,0.678140369021133,0.0004944930284542661
monthly,ridge,B_M_P_A,0.01,0.6724193132283726,0.6724193132283725,0.0019750133803195956
monthly,ridge,B_M_P_A,0.1,0.6723043959732631,0.6723043959732632,0.0027128017278944074
monthly,ridge,B_M_P_A,1.0,0.6723899735717159,0.6723899735717161,0.0028193538030725222
monthly,ridge,B_M_P_A,10.0,0.6724001810480501,0.6724001810480502,0.0028305108823006428
monthly,ridge,D_B_M_P_A,0.001,0.6748420157174487,0.6748420157174488,0.0006120804788246432
monthly,ridge,D_B_M_P_A,0.01,0.6584897557016806,0.6584897557016804,0.0032162549577910943
monthly,ridge,D_B_M_P_A,0.1,0.6488552281116959,0.6488552281116959,0.00739129067657885
monthly,ridge,D_B_M_P_A,1.0,0.6521758657473454,0.6521758657473453,0.010752182497183278
monthly,ridge,D_B_M_P_A,10.0,0.655990817628793,0.655990817628793,0.012174088219332904
monthly,ridge,C_A,0.001,0.680604685624375,0.6806046856243751,0.00045859039606515516
monthly,ridge,C_A,0.01,0.6768672539772136,0.6768672539772137,0.0013084376897793304
monthly,ridge,C_A,0.1,0.6769509896062316,0.6769509896062316,0.0021692061014895185
monthly,ridge,C_A,1.0,0.677815086840869,0.677815086840869,0.0023719760073312424
monthly,ridge,C_A,10.0,0.6784806353453641,0.6784806353453641,0.0022356605714064872
monthly,ridge,D_C_A,0.001,0.6771930688657227,0.6771930688657228,0.0004682876933370276
monthly,ridge,D_C_A,0.01,0.6618754803191151,0.6618754803191151,0.0014129961870165226
monthly,ridge,D_C_A,0.1,0.6512390995204921,0.6512390995204921,0.0033734421095558643
monthly,ridge,D_C_A,1.0,0.6542543580688863,0.6542543580688862,0.006911869368238637
monthly,ridge,D_C_A,10.0,0.6581039370497934,0.6581039370497933,0.008480079725415871
monthly,ridge,B_C_A,0.001,0.6779947199075739,0.6779947199075739,0.0002834303002277499
monthly,ridge,B_C_A,0.01,0.6715104713017639,0.6715104713017639,0.0014138709610359546
monthly,ridge,B_C_A,0.1,0.6715465541677291,0.6715465541677291,0.002007396097941276
monthly,ridge,B_C_A,1.0,0.6724794581235908,0.6724794581235907,0.0021589614097892985
monthly,ridge,B_C_A,10.0,0.6732283679247135,0.6732283679247135,0.002161783306407428
monthly,ridge,D_B_C_A,0.001,0.6746930209320032,0.6746930209320031,0.0004971242970607503
monthly,ridge,D_B_C_A,0.01,0.6575841444527502,0.65758414445275,0.002881139282872035
monthly,ridge,D_B_C_A,0.1,0.6482089858863045,0.6482089858863046,0.006863264729222371
monthly,ridge,D_B_C_A,1.0,0.6519248147092813,0.6519248147092813,0.010407475062278326
monthly,ridge,D_B_C_A,10.0,0.655996734019511,0.655996734019511,0.011824342126983982
monthly,ridge,M_C_A,0.001,0.6805213909250152,0.6805213909250151,0.0004720344566496624
monthly,ridge,M_C_A,0.01,0.6768417432580461,0.6768417432580462,0.0015006730594424246
monthly,ridge,M_C_A,0.1,0.6770840194225345,0.6770840194225344,0.002386117428006031
monthly,ridge,M_C_A,1.0,0.6779800918976071,0.6779800918976072,0.0025358951624833257
monthly,ridge,M_C_A,10.0,0.6786831384881142,0.678683138488114,0.002372146117807861
monthly,ridge,D_M_C_A,0.001,0.6771242690909784,0.6771242690909784,0.0004388484577425174
monthly,ridge,D_M_C_A,0.01,0.6620540023159102,0.6620540023159103,0.0014128332382048042
monthly,ridge,D_M_C_A,0.1,0.6519006298612926,0.6519006298612926,0.0036013983019060405
monthly,ridge,D_M_C_A,1.0,0.6550877275004244,0.6550877275004244,0.007032713794765714
monthly,ridge,D_M_C_A,10.0,0.6589042872408162,0.6589042872408161,0.008598520587788474
monthly,ridge,B_M_C_A,0.001,0.6779632222756721,0.6779632222756721,0.0004141088562377119
monthly,ridge,B_M_C_A,0.01,0.6717392553736772,0.6717392553736773,0.0016818603177986198
monthly,ridge,B_M_C_A,0.1,0.6719545497286252,0.6719545497286251,0.002240396212960543
monthly,ridge,B_M_C_A,1.0,0.6729279375825349,0.6729279375825348,0.0023686675084998625
monthly,ridge,B_M_C_A,10.0,0.6736786316877428,0.6736786316877428,0.0023861083983560743
monthly,ridge,D_B_M_C_A,0.001,0.674668509253771,0.6746685092537709,0.0005480171077025486
monthly,ridge,D_B_M_C_A,0.01,0.6579434458990077,0.6579434458990077,0.00295498588532424
monthly,ridge,D_B_M_C_A,0.1,0.648993025424973,0.648993025424973,0.006928947550114759
monthly,ridge,D_B_M_C_A,1.0,0.6528456239207165,0.6528456239207167,0.01047800501202255
monthly,ridge,D_B_M_C_A,10.0,0.6570174714153313,0.6570174714153312,0.011898450554452112
monthly,ridge,P_C_A,0.001,0.6806603103712086,0.6806603103712086,0.0004710033481553739
monthly,ridge,P_C_A,0.01,0.677091058482105,0.677091058482105,0.0013947053851215345
monthly,ridge,P_C_A,0.1,0.6773012782636756,0.6773012782636757,0.002285091581951582
monthly,ridge,P_C_A,1.0,0.6781745714338593,0.6781745714338594,0.0024846936163705814
monthly,ridge,P_C_A,10.0,0.6788483131718867,0.6788483131718867,0.00235663628536773
monthly,ridge,D_P_C_A,0.001,0.6772620262743955,0.6772620262743955,0.0004527347886284928
monthly,ridge,D_P_C_A,0.01,0.66230744670607,0.66230744670607,0.0013527707716743484
monthly,ridge,D_P_C_A,0.1,0.6518956427367435,0.6518956427367435,0.0033160284331538786
monthly,ridge,D_P_C_A,1.0,0.6549027191356405,0.6549027191356404,0.006819822019942766
monthly,ridge,D_P_C_A,10.0,0.6588822192667764,0.6588822192667764,0.00848595587117784
monthly,ridge,B_P_C_A,0.001,0.6780787769928398,0.6780787769928397,0.00033737302019065814
monthly,ridge,B_P_C_A,0.01,0.6718834847539669,0.6718834847539669,0.0015186033710503613
monthly,ridge,B_P_C_A,0.1,0.672083658067904,0.672083658067904,0.002134715296756443
monthly,ridge,B_P_C_A,1.0,0.6730434540768767,0.6730434540768766,0.0022924467378085877
monthly,ridge,B_P_C_A,10.0,0.6737832859705398,0.6737832859705397,0.0023030325622677298
monthly,ridge,D_B_P_C_A,0.001,0.6747814185543501,0.67478141855435,0.0005027336660756029
monthly,ridge,D_B_P_C_A,0.01,0.6580115989397807,0.6580115989397809,0.0028327875012392656
monthly,ridge,D_B_P_C_A,0.1,0.6485918588781728,0.6485918588781729,0.006760298110075152
monthly,ridge,D_B_P_C_A,1.0,0.6524326881026702,0.6524326881026703,0.01046768533803098
monthly,ridge,D_B_P_C_A,10.0,0.6565355847880596,0.6565355847880598,0.011987026397075773
monthly,ridge,M_P_C_A,0.001,0.6805833588250386,0.6805833588250387,0.0005122037116762447
monthly,ridge,M_P_C_A,0.01,0.6771003874585425,0.6771003874585426,0.001712918531840291
monthly,ridge,M_P_C_A,0.1,0.6774744385983112,0.6774744385983114,0.00265574792087606
monthly,ridge,M_P_C_A,1.0,0.6783859848791115,0.6783859848791117,0.002816520078332787
monthly,ridge,M_P_C_A,10.0,0.6790758254609217,0.6790758254609215,0.00267143461328846
monthly,ridge,D_M_P_C_A,0.001,0.6771982089484238,0.6771982089484239,0.0004541209102254532
monthly,ridge,D_M_P_C_A,0.01,0.6624750526204961,0.662475052620496,0.0014778836671063263
monthly,ridge,D_M_P_C_A,0.1,0.6523786969030733,0.6523786969030734,0.0035129031383042903
monthly,ridge,D_M_P_C_A,1.0,0.6556374150170784,0.6556374150170784,0.006986366073297312
monthly,ridge,D_M_P_C_A,10.0,0.6596076962066325,0.6596076962066325,0.008631344848849738
monthly,ridge,B_M_P_C_A,0.001,0.6780481398828815,0.6780481398828815,0.0004782358084744471
monthly,ridge,B_M_P_C_A,0.01,0.6721159293348643,0.6721159293348641,0.001835970075483803
monthly,ridge,B_M_P_C_A,0.1,0.6724603043826485,0.6724603043826485,0.0024410687847552497
monthly,ridge,B_M_P_C_A,1.0,0.6734519053108625,0.6734519053108625,0.002590415354043306
monthly,ridge,B_M_P_C_A,10.0,0.6742093478612393,0.6742093478612393,0.0026047969569192677
monthly,ridge,D_B_M_P_C_A,0.001,0.6747614112205969,0.6747614112205966,0.0005748800297234548
monthly,ridge,D_B_M_P_C_A,0.01,0.6583341312968944,0.6583341312968944,0.002930836171044667
monthly,ridge,D_B_M_P_C_A,0.1,0.6492106327804115,0.6492106327804116,0.006819094307117398
monthly,ridge,D_B_M_P_C_A,1.0,0.6531409049611844,0.6531409049611842,0.0104601345342381
monthly,ridge,D_B_M_P_C_A,10.0,0.6573692253287784,0.6573692253287784,0.011992504277473268
monthly,ridge,K,0.001,0.6757405075278559,0.6757405075278557,0.0006220554673595511
monthly,ridge,K,0.01,0.6656841533907626,0.6656841533907624,0.00201240858565351
monthly,ridge,K,0.1,0.6644790732752873,0.6644790732752874,0.002751536634491735
monthly,ridge,K,1.0,0.664468288982364,0.664468288982364,0.002860549126291619
monthly,ridge,K,10.0,0.6644693437855523,0.6644693437855522,0.002871987663374691
monthly,ridge,D_K,0.001,0.6727022240535141,0.672702224053514,0.0007365076761711276
monthly,ridge,D_K,0.01,0.6550663419668467,0.6550663419668465,0.002386994819648069
monthly,ridge,D_K,0.1,0.6476653957528373,0.6476653957528373,0.003667231617147111
monthly,ridge,D_K,1.0,0.6511376654074861,0.6511376654074861,0.006177646157759671
monthly,ridge,D_K,10.0,0.6547479725633097,0.6547479725633097,0.007760733234233359
monthly,ridge,B_K,0.001,0.6733328987808818,0.6733328987808818,0.0004242190702622029
monthly,ridge,B_K,0.01,0.6613690286109398,0.6613690286109397,0.0014729616380347384
monthly,ridge,B_K,0.1,0.6601814264948616,0.6601814264948617,0.001962839475186309
monthly,ridge,B_K,1.0,0.6601951896156405,0.6601951896156405,0.00203330512916018
monthly,ridge,B_K,10.0,0.6601990345763518,0.6601990345763518,0.002040691973971535
monthly,ridge,D_B_K,0.001,0.6703893491277481,0.6703893491277482,0.0006929568776915713
monthly,ridge,D_B_K,0.01,0.6514694774159162,0.6514694774159163,0.0029266333774349796
monthly,ridge,D_B_K,0.1,0.6450303615462901,0.6450303615462901,0.005999232824075679
monthly,ridge,D_B_K,1.0,0.6489946684247769,0.6489946684247768,0.008927612851242458
monthly,ridge,D_B_K,10.0,0.6529918565597834,0.6529918565597834,0.010356361784614796
monthly,ridge,M_K,0.001,0.675818466392469,0.6758184663924689,0.0006108462796752829
monthly,ridge,M_K,0.01,0.666189669359197,0.6661896693591972,0.0020203597338955236
monthly,ridge,M_K,0.1,0.6650761223379621,0.665076122337962,0.002775036785963695
monthly,ridge,M_K,1.0,0.6650827044853014,0.6650827044853012,0.0028867209303430658
monthly,ridge,M_K,10.0,0.665085306475857,0.665085306475857,0.0028986877673946245
monthly,ridge,D_M_K,0.001,0.6727829188936899,0.67278291889369,0.0007108083499310704
monthly,ridge,D_M_K,0.01,0.6555652043337076,0.6555652043337077,0.0024304949993606754
monthly,ridge,D_M_K,0.1,0.6483487117778933,0.6483487117778933,0.0037664366218037653
monthly,ridge,D_M_K,1.0,0.651836193781056,0.6518361937810561,0.0063828513227073514
monthly,ridge,D_M_K,10.0,0.6554562086898957,0.6554562086898958,0.00786583311701061
monthly,ridge,B_M_K,0.001,0.6734359578189327,0.6734359578189327,0.0004877055224715103
monthly,ridge,B_M_K,0.01,0.6618025894846494,0.6618025894846494,0.001525908647041165
monthly,ridge,B_M_K,0.1,0.6606453472448819,0.6606453472448819,0.0018913353952942288
monthly,ridge,B_M_K,1.0,0.6606730572816062,0.6606730572816064,0.001937056609847395
monthly,ridge,B_M_K,10.0,0.6606786248732248,0.6606786248732248,0.0019417552907270348
monthly,ridge,D_B_M_K,0.001,0.6704951925102753,0.6704951925102751,0.0007185870076799924
monthly,ridge,D_B_M_K,0.01,0.6519063061477535,0.6519063061477535,0.002989737218417931
monthly,ridge,D_B_M_K,0.1,0.6456157561155226,0.6456157561155227,0.006006907831558742
monthly,ridge,D_B_M_K,1.0,0.6496781906362866,0.6496781906362866,0.008989631963513984
monthly,ridge,D_B_M_K,10.0,0.653554991378969,0.6535549913789691,0.010405895219582491
monthly,ridge,P_K,0.001,0.6758355203114401,0.6758355203114401,0.0006264176742838835
monthly,ridge,P_K,0.01,0.6659260290437898,0.6659260290437898,0.0020785404960477314
monthly,ridge,P_K,0.1,0.6647475801799645,0.6647475801799645,0.002883176595069393
monthly,ridge,P_K,1.0,0.6647471082284124,0.6647471082284123,0.003006310447422027
monthly,ridge,P_K,10.0,0.6647505282983059,0.664750528298306,0.003020238686671433
monthly,ridge,D_P_K,0.001,0.6728027187901429,0.6728027187901431,0.0007250324165307046
monthly,ridge,D_P_K,0.01,0.6552468154269654,0.6552468154269654,0.0023778264438959946
monthly,ridge,D_P_K,0.1,0.6474378271482145,0.6474378271482145,0.003382244852742346
monthly,ridge,D_P_K,1.0,0.6510281793030935,0.6510281793030933,0.005839470482258162
monthly,ridge,D_P_K,10.0,0.6547965819754271,0.6547965819754271,0.007539426330132711
monthly,ridge,B_P_K,0.001,0.6734315602613699,0.6734315602613697,0.0004416410796049412
monthly,ridge,B_P_K,0.01,0.6614367620686815,0.6614367620686815,0.0013861555470471372
monthly,ridge,B_P_K,0.1,0.6602181123818294,0.6602181123818294,0.0017454044232421092
monthly,ridge,B_P_K,1.0,0.6602445140016638,0.660244514001664,0.0017937512630057553
monthly,ridge,B_P_K,10.0,0.6602500614087715,0.6602500614087715,0.0017987881765380602
monthly,ridge,D_B_P_K,0.001,0.6704922931383183,0.6704922931383182,0.0006863762934674706
monthly,ridge,D_B_P_K,0.01,0.6514111052247434,0.6514111052247434,0.002802059442855134
monthly,ridge,D_B_P_K,0.1,0.6443366746732496,0.6443366746732495,0.00559871394942345
monthly,ridge,D_B_P_K,1.0,0.6484252115045932,0.6484252115045932,0.008538977832846234
monthly,ridge,D_B_P_K,10.0,0.6525735592807542,0.6525735592807542,0.01018966603978702
monthly,ridge,M_P_K,0.001,0.6759134999241823,0.6759134999241821,0.0006287244695814791
monthly,ridge,M_P_K,0.01,0.6664162840605264,0.6664162840605264,0.0020784245539264973
monthly,ridge,M_P_K,0.1,0.6653039871824514,0.6653039871824514,0.0028913690306176403
monthly,ridge,M_P_K,1.0,0.6653124436919535,0.6653124436919534,0.003017488585691735
monthly,ridge,M_P_K,10.0,0.6653159097835353,0.6653159097835354,0.0030308196401686535
monthly,ridge,D_M_P_K,0.001,0.6728828014022189,0.6728828014022189,0.0007103478748131242
monthly,ridge,D_M_P_K,0.01,0.655705281835216,0.6557052818352161,0.0024040449454537996
monthly,ridge,D_M_P_K,0.1,0.6480176172964781,0.648017617296478,0.003482439016323378
monthly,ridge,D_M_P_K,1.0,0.6515014896543609,0.6515014896543609,0.006020192849463537
monthly,ridge,D_M_P_K,10.0,0.6553608936340213,0.6553608936340213,0.0076946365932264215
monthly,ridge,B_M_P_K,0.001,0.6735346723335588,0.6735346723335589,0.0005154118900817566
monthly,ridge,B_M_P_K,0.01,0.6618576236349752,0.6618576236349754,0.0014366279837561375
monthly,ridge,B_M_P_K,0.1,0.6606404513179812,0.6606404513179812,0.0017064894540082351
monthly,ridge,B_M_P_K,1.0,0.660675176345488,0.6606751763454879,0.001742008155424878
monthly,ridge,B_M_P_K,10.0,0.6606818151224508,0.6606818151224508,0.0017457351475949207
monthly,ridge,D_B_M_P_K,0.001,0.6705958236262263,0.6705958236262262,0.0007210093502129916
monthly,ridge,D_B_M_P_K,0.01,0.6518154753171425,0.6518154753171425,0.0028636895731739627
monthly,ridge,D_B_M_P_K,0.1,0.6448437701114579,0.6448437701114578,0.005661266398639762
monthly,ridge,D_B_M_P_K,1.0,0.6488218968690493,0.6488218968690493,0.00862600815305484
monthly,ridge,D_B_M_P_K,10.0,0.6528418451968986,0.6528418451968985,0.010137701597288284
monthly,ridge,C_K,0.001,0.6756646228836392,0.6756646228836393,0.0006154735532209932
monthly,ridge,C_K,0.01,0.6655701074606697,0.6655701074606697,0.0019206320094703085
monthly,ridge,C_K,0.1,0.6648558992141279,0.6648558992141279,0.002600200732371198
monthly,ridge,C_K,1.0,0.6655719604418114,0.6655719604418115,0.0026539392590538926
monthly,ridge,C_K,10.0,0.6661859017016685,0.6661859017016685,0.00258341784390505
monthly,ridge,D_C_K,0.001,0.6726428674464975,0.6726428674464976,0.0007094326079919484
monthly,ridge,D_C_K,0.01,0.6550552969644208,0.6550552969644208,0.00209758945574408
monthly,ridge,D_C_K,0.1,0.6481019598536958,0.6481019598536957,0.002951190649579622
monthly,ridge,D_C_K,1.0,0.651950758303824,0.6519507583038239,0.005760287487698994
monthly,ridge,D_C_K,10.0,0.6559036320281065,0.6559036320281064,0.0073263598161010515
monthly,ridge,B_C_K,0.001,0.6732611583830029,0.6732611583830029,0.00038669155517324184
monthly,ridge,B_C_K,0.01,0.6612789389110725,0.6612789389110725,0.0011858622791508647
monthly,ridge,B_C_K,0.1,0.660619108733516,0.660619108733516,0.0012310033525508748
monthly,ridge,B_C_K,1.0,0.6614048839354717,0.6614048839354718,0.0010569965908180292
monthly,ridge,B_C_K,10.0,0.6621040379735755,0.6621040379735756,0.0009011226672651285
monthly,ridge,D_B_C_K,0.001,0.6703309571448506,0.6703309571448507,0.0006485138033819174
monthly,ridge,D_B_C_K,0.01,0.6514733911853104,0.6514733911853104,0.0026250932974545968
monthly,ridge,D_B_C_K,0.1,0.6454990224630672,0.6454990224630672,0.005454017578081855
monthly,ridge,D_B_C_K,1.0,0.6498889850208611,0.6498889850208611,0.00850141689188973
monthly,ridge,D_B_C_K,10.0,0.6541652551470021,0.6541652551470021,0.009935261218936188
monthly,ridge,M_C_K,0.001,0.6757458454931009,0.6757458454931008,0.0006039146917191976
monthly,ridge,M_C_K,0.01,0.6660653057507794,0.6660653057507794,0.001918810426401946
monthly,ridge,M_C_K,0.1,0.6654040226358542,0.665404022635854,0.0025940566214962294
monthly,ridge,M_C_K,1.0,0.6661443984924679,0.6661443984924678,0.002669919820643264
monthly,ridge,M_C_K,10.0,0.6667863593493727,0.6667863593493727,0.0026327480822835145
monthly,ridge,D_M_C_K,0.001,0.672718733644825,0.6727187336448253,0.0006841820161811408
monthly,ridge,D_M_C_K,0.01,0.6555454865082948,0.6555454865082949,0.0021355842271901467
monthly,ridge,D_M_C_K,0.1,0.648746789722984,0.6487467897229839,0.0030365610845626
monthly,ridge,D_M_C_K,1.0,0.6527250568206251,0.652725056820625,0.005862738874448059
monthly,ridge,D_M_C_K,10.0,0.656592023570556,0.656592023570556,0.007466262328140369
monthly,ridge,B_M_C_K,0.001,0.673367828179454,0.673367828179454,0.00045625559952027
monthly,ridge,B_M_C_K,0.01,0.6617008223959284,0.6617008223959284,0.001245219363519818
monthly,ridge,B_M_C_K,0.1,0.6610105781196425,0.6610105781196424,0.0010384526632063254
monthly,ridge,B_M_C_K,1.0,0.6618190718990123,0.6618190718990125,0.0008366672596250926
monthly,ridge,B_M_C_K,10.0,0.6625317388181912,0.6625317388181913,0.0008071759304939923
monthly,ridge,D_B_M_C_K,0.001,0.6704333734146404,0.6704333734146404,0.0006775085133767332
monthly,ridge,D_B_M_C_K,0.01,0.6518908415596032,0.6518908415596032,0.0026931339968936474
monthly,ridge,D_B_M_C_K,0.1,0.6460156635759333,0.6460156635759332,0.0054305489714933
monthly,ridge,D_B_M_C_K,1.0,0.6504932427022664,0.6504932427022663,0.008615209028182821
monthly,ridge,D_B_M_C_K,10.0,0.6551027125579313,0.6551027125579313,0.010158776847700562
monthly,ridge,P_C_K,0.001,0.6757632041482329,0.6757632041482329,0.0006207536284162502
monthly,ridge,P_C_K,0.01,0.6658167518965351,0.6658167518965351,0.0019984016807554432
monthly,ridge,P_C_K,0.1,0.6651205281551379,0.6651205281551379,0.002774514854553408
monthly,ridge,P_C_K,1.0,0.665839582180793,0.6658395821807929,0.00285387794493019
monthly,ridge,P_C_K,10.0,0.6664672291597901,0.6664672291597902,0.002783360441988183
monthly,ridge,D_P_C_K,0.001,0.6727397804792494,0.6727397804792494,0.0006997113201074472
monthly,ridge,D_P_C_K,0.01,0.655246867249422,0.655246867249422,0.0020959748054592033
monthly,ridge,D_P_C_K,0.1,0.6478672378196904,0.6478672378196902,0.0026504838549193167
monthly,ridge,D_P_C_K,1.0,0.651762042850475,0.6517620428504749,0.005430042774735508
monthly,ridge,D_P_C_K,10.0,0.655995895244824,0.6559958952448242,0.00716071870496721
monthly,ridge,B_P_C_K,0.001,0.6733643080644622,0.6733643080644622,0.0004081054848013677
monthly,ridge,B_P_C_K,0.01,0.6613606197517041,0.6613606197517041,0.0011115677431933083
monthly,ridge,B_P_C_K,0.1,0.6606511416926333,0.6606511416926333,0.0010389623094247836
monthly,ridge,B_P_C_K,1.0,0.6614505362455234,0.6614505362455232,0.0008323607802805983
monthly,ridge,B_P_C_K,10.0,0.662149681692062,0.6621496816920619,0.00065080849187722
monthly,ridge,D_B_P_C_K,0.001,0.6704317389075929,0.6704317389075929,0.0006442616678932209
monthly,ridge,D_B_P_C_K,0.01,0.6514084043661962,0.6514084043661962,0.002503607397392065
monthly,ridge,D_B_P_C_K,0.1,0.6447556103774,0.6447556103773999,0.005056099715611292
monthly,ridge,D_B_P_C_K,1.0,0.6493299880265353,0.6493299880265352,0.008215435231611262
monthly,ridge,D_B_P_C_K,10.0,0.6536219119782434,0.6536219119782434,0.009921504532698223
monthly,ridge,M_P_C_K,0.001,0.6758409476863215,0.6758409476863216,0.0006235615053033044
monthly,ridge,M_P_C_K,0.01,0.6662921101894357,0.6662921101894356,0.0019934748210743737
monthly,ridge,M_P_C_K,0.1,0.6656221277785358,0.6656221277785359,0.002757110123687588
monthly,ridge,M_P_C_K,1.0,0.666360474063644,0.6663604740636438,0.0028502152571533326
monthly,ridge,M_P_C_K,10.0,0.6669981551651128,0.666998155165113,0.0028046697839581303
monthly,ridge,D_M_P_C_K,0.001,0.6728183611060508,0.6728183611060506,0.0006853072414010493
monthly,ridge,D_M_P_C_K,0.01,0.655684726065049,0.655684726065049,0.002120343323455548
monthly,ridge,D_M_P_C_K,0.1,0.6484240731725199,0.6484240731725199,0.002749236638358745
monthly,ridge,D_M_P_C_K,1.0,0.6523733939516484,0.6523733939516484,0.005556766576274444
monthly,ridge,D_M_P_C_K,10.0,0.6566503324605445,0.6566503324605446,0.00732620953228521
monthly,ridge,B_M_P_C_K,0.001,0.6734665875378721,0.6734665875378723,0.0004883738121243384
monthly,ridge,B_M_P_C_K,0.01,0.661759412208573,0.661759412208573,0.0011684750594801471
monthly,ridge,B_M_P_C_K,0.1,0.6610001875388947,0.6610001875388947,0.0008908957680910583
monthly,ridge,B_M_P_C_K,1.0,0.6618112519998226,0.6618112519998225,0.0006809013618909633
monthly,ridge,B_M_P_C_K,10.0,0.662523506218788,0.662523506218788,0.000651634223167801
monthly,ridge,D_B_M_P_C_K,0.001,0.6705346619168264,0.6705346619168264,0.0006822173473198228
monthly,ridge,D_B_M_P_C_K,0.01,0.6517920728051559,0.6517920728051559,0.0025666039848112523
monthly,ridge,D_B_M_P_C_K,0.1,0.6452341887899725,0.6452341887899725,0.005105530089125919
monthly,ridge,D_B_M_P_C_K,1.0,0.6497305719660442,0.6497305719660442,0.0082492664162696
monthly,ridge,D_B_M_P_C_K,10.0,0.6540379995242235,0.6540379995242235,0.009965867782175042
monthly,ridge,A_K,0.001,0.6729546833729244,0.6729546833729245,0.0009416197880231134
monthly,ridge,A_K,0.01,0.6594225999479362,0.6594225999479361,0.0031792982607431342
monthly,ridge,A_K,0.1,0.6578500060305627,0.6578500060305627,0.0043962250295126615
monthly,ridge,A_K,1.0,0.6578488543974729,0.6578488543974729,0.004580315591069695
monthly,ridge,A_K,10.0,0.6578518107550945,0.6578518107550945,0.004599713529824434
monthly,ridge,D_A_K,0.001,0.6700259881950102,0.6700259881950104,0.000987720663040884
monthly,ridge,D_A_K,0.01,0.6495793001242582,0.6495793001242582,0.003046350571680544
monthly,ridge,D_A_K,0.1,0.6418943689389565,0.6418943689389565,0.003926228945378442
monthly,ridge,D_A_K,1.0,0.6452079086571125,0.6452079086571126,0.0057570271419488716
monthly,ridge,D_A_K,10.0,0.6488594514578455,0.6488594514578454,0.006963892098704977
monthly,ridge,B_A_K,0.001,0.6706304572669848,0.6706304572669847,0.000652891627903846
monthly,ridge,B_A_K,0.01,0.6555523456601878,0.6555523456601879,0.0022864287099256253
monthly,ridge,B_A_K,0.1,0.654100726470202,0.6541007264702019,0.0031811814322861157
monthly,ridge,B_A_K,1.0,0.6541341297822967,0.6541341297822966,0.0033166770957335522
monthly,ridge,B_A_K,10.0,0.6541408541698611,0.6541408541698612,0.0033309754690060756
monthly,ridge,D_B_A_K,0.001,0.6677914968024892,0.6677914968024891,0.0008210916400964894
monthly,ridge,D_B_A_K,0.01,0.6463322531768939,0.646332253176894,0.00317018584025747
monthly,ridge,D_B_A_K,0.1,0.6396683524051824,0.6396683524051824,0.005978737638553319
monthly,ridge,D_B_A_K,1.0,0.6435391586575967,0.6435391586575966,0.008477346204999505
monthly,ridge,D_B_A_K,10.0,0.6472050163025667,0.6472050163025667,0.009626552091527994
monthly,ridge,M_A_K,0.001,0.6730238043110418,0.6730238043110417,0.0009350376463781651
monthly,ridge,M_A_K,0.01,0.6599218553564643,0.6599218553564643,0.0031924117974927537
monthly,ridge,M_A_K,0.1,0.6584325919939127,0.6584325919939127,0.004384370107898571
monthly,ridge,M_A_K,1.0,0.6584434866573007,0.6584434866573008,0.004561980041340716
monthly,ridge,M_A_K,10.0,0.6584478020068882,0.6584478020068883,0.004580669281205691
monthly,ridge,D_M_A_K,0.001,0.6700994353957821,0.670099435395782,0.0009689694792917755
monthly,ridge,D_M_A_K,0.01,0.6500771867140414,0.6500771867140414,0.003074762940544835
monthly,ridge,D_M_A_K,0.1,0.6426040781293589,0.6426040781293589,0.004005023886727394
monthly,ridge,D_M_A_K,1.0,0.6459760479714067,0.6459760479714067,0.005884696498092144
monthly,ridge,D_M_A_K,10.0,0.6495097419341543,0.6495097419341543,0.007121363925326731
monthly,ridge,B_M_A_K,0.001,0.6707256523455309,0.670725652345531,0.0006923484165090788
monthly,ridge,B_M_A_K,0.01,0.6560062967050774,0.6560062967050774,0.0022903459004277728
monthly,ridge,B_M_A_K,0.1,0.6546028009449488,0.6546028009449488,0.0030404023489598335
monthly,ridge,B_M_A_K,1.0,0.654650452957638,0.654650452957638,0.0031481102949068467
monthly,ridge,B_M_A_K,10.0,0.6546588912266653,0.6546588912266652,0.0031593889779365737
monthly,ridge,D_B_M_A_K,0.001,0.667890920207557,0.6678909202075571,0.0008391518193233708
monthly,ridge,D_B_M_A_K,0.01,0.6467809116148965,0.6467809116148965,0.0031976460987453476
monthly,ridge,D_B_M_A_K,0.1,0.6402908221742184,0.6402908221742184,0.005958327226282647
monthly,ridge,D_B_M_A_K,1.0,0.6442565090587818,0.6442565090587818,0.008577160044794141
monthly,ridge,D_B_M_A_K,10.0,0.6482187945825006,0.6482187945825006,0.009790478517780232
monthly,ridge,P_A_K,0.001,0.6730460567977042,0.6730460567977044,0.000947625008999494
monthly,ridge,P_A_K,0.01,0.6597125595508643,0.6597125595508643,0.003238219203089759
monthly,ridge,P_A_K,0.1,0.6581886134778497,0.6581886134778497,0.0044832478950881495
monthly,ridge,P_A_K,1.0,0.6582006076176885,0.6582006076176886,0.004670915395284524
monthly,ridge,P_A_K,10.0,0.658204814002897,0.658204814002897,0.004690791680881068
monthly,ridge,D_P_A_K,0.001,0.6701241067532847,0.6701241067532846,0.0009822021100164037
monthly,ridge,D_P_A_K,0.01,0.6498530259744041,0.649853025974404,0.0030416045274974275
monthly,ridge,D_P_A_K,0.1,0.6419017954611047,0.6419017954611047,0.0035556509969801517
monthly,ridge,D_P_A_K,1.0,0.6452039928580096,0.6452039928580096,0.00516379681676887
monthly,ridge,D_P_A_K,10.0,0.6488514096502503,0.6488514096502505,0.00649103747578546
monthly,ridge,B_P_A_K,0.001,0.6707288667825956,0.6707288667825957,0.000669905690123173
monthly,ridge,B_P_A_K,0.01,0.6557257728554072,0.6557257728554071,0.002259923496601887
monthly,ridge,B_P_A_K,0.1,0.654287829829907,0.654287829829907,0.0030439589091359287
monthly,ridge,B_P_A_K,1.0,0.6543348809781981,0.6543348809781981,0.003158294337641823
monthly,ridge,B_P_A_K,10.0,0.6543432968315073,0.6543432968315073,0.003170292817408353
monthly,ridge,D_B_P_A_K,0.001,0.6678954980929361,0.667895498092936,0.0008197322446072489
monthly,ridge,D_B_P_A_K,0.01,0.6464095643602127,0.6464095643602128,0.003056907019350758
monthly,ridge,D_B_P_A_K,0.1,0.6392629600354856,0.6392629600354856,0.005469644325683713
monthly,ridge,D_B_P_A_K,1.0,0.6432600722896005,0.6432600722896005,0.00800808639739931
monthly,ridge,D_B_P_A_K,10.0,0.647209664745171,0.647209664745171,0.009255918868308366
monthly,ridge,M_P_A_K,0.001,0.6731157753121894,0.6731157753121894,0.0009510070620793846
monthly,ridge,M_P_A_K,0.01,0.6601914066068478,0.6601914066068478,0.0032535413785993346
monthly,ridge,M_P_A_K,0.1,0.6587353130158909,0.6587353130158908,0.004467427265308858
monthly,ridge,M_P_A_K,1.0,0.6587529651467745,0.6587529651467745,0.0046480604775423155
monthly,ridge,M_P_A_K,10.0,0.6587580493056154,0.6587580493056155,0.0046670593372047505
monthly,ridge,D_M_P_A_K,0.001,0.6701975633595637,0.6701975633595636,0.0009727039272183747
monthly,ridge,D_M_P_A_K,0.01,0.6503137252635599,0.6503137252635599,0.0030684301427721114
monthly,ridge,D_M_P_A_K,0.1,0.6424656551643446,0.6424656551643446,0.0036319126310497556
monthly,ridge,D_M_P_A_K,1.0,0.6458299813415775,0.6458299813415775,0.005296931257537939
monthly,ridge,D_M_P_A_K,10.0,0.6496752312887512,0.6496752312887513,0.006755376331288268
monthly,ridge,B_M_P_A_K,0.001,0.670824495209239,0.6708244952092391,0.0007186376163404788
monthly,ridge,B_M_P_A_K,0.01,0.6561610629871467,0.6561610629871466,0.0022621089114290747
monthly,ridge,B_M_P_A_K,0.1,0.6547580968473073,0.6547580968473073,0.002920482157480169
monthly,ridge,B_M_P_A_K,1.0,0.6548124345251204,0.6548124345251203,0.0030123698614609186
monthly,ridge,B_M_P_A_K,10.0,0.6548220281472585,0.6548220281472587,0.003021977609448101
monthly,ridge,D_B_M_P_A_K,0.001,0.6679930210993352,0.6679930210993353,0.0008466325416854139
monthly,ridge,D_B_M_P_A_K,0.01,0.646827806054765,0.6468278060547651,0.0030860855182221207
monthly,ridge,D_B_M_P_A_K,0.1,0.6398132605216017,0.6398132605216017,0.005511703176979731
monthly,ridge,D_B_M_P_A_K,1.0,0.6437952046614364,0.6437952046614364,0.008075679014664525
monthly,ridge,D_B_M_P_A_K,10.0,0.6476524471902984,0.6476524471902985,0.009374437639146558
monthly,ridge,C_A_K,0.001,0.6728751632984095,0.6728751632984095,0.000933023452253505
monthly,ridge,C_A_K,0.01,0.6592545731524012,0.6592545731524012,0.003098916933823594
monthly,ridge,C_A_K,0.1,0.6581718048965597,0.6581718048965596,0.004272489864924271
monthly,ridge,C_A_K,1.0,0.6589138652183069,0.6589138652183067,0.004377755031307868
monthly,ridge,C_A_K,10.0,0.6595336255283805,0.6595336255283806,0.004238268624524023
monthly,ridge,D_C_A_K,0.001,0.6699624132242693,0.6699624132242693,0.0009626677055883092
monthly,ridge,D_C_A_K,0.01,0.649514399273716,0.649514399273716,0.002779897118885492
monthly,ridge,D_C_A_K,0.1,0.6422636620736945,0.6422636620736945,0.003101886912119696
monthly,ridge,D_C_A_K,1.0,0.6459589156094183,0.6459589156094182,0.004945145541922358
monthly,ridge,D_C_A_K,10.0,0.649976103936123,0.649976103936123,0.006049295004621015
monthly,ridge,B_C_A_K,0.001,0.6705589277977141,0.670558927797714,0.00062041160588708
monthly,ridge,B_C_A_K,0.01,0.6554197644458134,0.6554197644458133,0.002039894129328267
monthly,ridge,B_C_A_K,0.1,0.6544921672200656,0.6544921672200656,0.0025742295238200814
monthly,ridge,B_C_A_K,1.0,0.6553152205488478,0.6553152205488477,0.0024316521134516217
monthly,ridge,B_C_A_K,10.0,0.6560065586584062,0.6560065586584062,0.0021350513621899788
monthly,ridge,D_B_C_A_K,0.001,0.6677306938766936,0.6677306938766936,0.0007774979131670452
monthly,ridge,D_B_C_A_K,0.01,0.6462882622614434,0.6462882622614435,0.0028268607347880594
monthly,ridge,D_B_C_A_K,0.1,0.6400749913623309,0.6400749913623309,0.005231736528328424
monthly,ridge,D_B_C_A_K,1.0,0.6444051719825732,0.6444051719825732,0.007815887776538081
monthly,ridge,D_B_C_A_K,10.0,0.6486106815094153,0.6486106815094151,0.008852269723830535
monthly,ridge,M_C_A_K,0.001,0.6729484215243069,0.6729484215243069,0.0009261189534220283
monthly,ridge,M_C_A_K,0.01,0.6597421154488685,0.6597421154488685,0.0031062660848555066
monthly,ridge,M_C_A_K,0.1,0.6587016791113915,0.6587016791113914,0.004235075662595263
monthly,ridge,M_C_A_K,1.0,0.6594540805377354,0.6594540805377352,0.004339940921434679
monthly,ridge,M_C_A_K,10.0,0.6600848843683617,0.6600848843683618,0.004224845754281548
monthly,ridge,D_M_C_A_K,0.001,0.6700320179415515,0.6700320179415515,0.0009452873591392989
monthly,ridge,D_M_C_A_K,0.01,0.6499968481854386,0.6499968481854387,0.002813445970805431
monthly,ridge,D_M_C_A_K,0.1,0.6429393488983899,0.6429393488983898,0.0031321240676308185
monthly,ridge,D_M_C_A_K,1.0,0.6467661711202369,0.6467661711202369,0.0050492135541828475
monthly,ridge,D_M_C_A_K,10.0,0.6506967059168878,0.6506967059168878,0.006240221873985021
monthly,ridge,B_M_C_A_K,0.001,0.6706547763772812,0.6706547763772812,0.0006627536860899652
monthly,ridge,B_M_C_A_K,0.01,0.6558538309935399,0.6558538309935397,0.0020373535359382976
monthly,ridge,B_M_C_A_K,0.1,0.6549145484614093,0.6549145484614093,0.002355279689886541
monthly,ridge,B_M_C_A_K,1.0,0.6557550501330884,0.6557550501330885,0.00218078545809743
monthly,ridge,B_M_C_A_K,10.0,0.6564517572562326,0.6564517572562327,0.0019052010731084531
monthly,ridge,D_B_M_C_A_K,0.001,0.6678256761567404,0.6678256761567404,0.0007978362611656543
monthly,ridge,D_B_M_C_A_K,0.01,0.6467150642501227,0.6467150642501227,0.0028565487550758616
monthly,ridge,D_B_M_C_A_K,0.1,0.6406461154546376,0.6406461154546378,0.005159654144356731
monthly,ridge,D_B_M_C_A_K,1.0,0.6450887805694083,0.6450887805694083,0.007800798038668614
monthly,ridge,D_B_M_C_A_K,10.0,0.6492655531651478,0.6492655531651478,0.00888430839881285
monthly,ridge,P_C_A_K,0.001,0.6729702633787105,0.6729702633787105,0.0009395017154248602
monthly,ridge,P_C_A_K,0.01,0.6595495481547449,0.6595495481547448,0.0031669481526920068
monthly,ridge,P_C_A_K,0.1,0.658505300714926,0.6585053007149261,0.004394187123507483
monthly,ridge,P_C_A_K,1.0,0.6592496548186184,0.6592496548186184,0.004514344862450991
monthly,ridge,P_C_A_K,10.0,0.6598697221430023,0.6598697221430024,0.004380984824961333
monthly,ridge,D_P_C_A_K,0.001,0.6700579423915711,0.6700579423915712,0.0009590697148864791
monthly,ridge,D_P_C_A_K,0.01,0.6497906060977664,0.6497906060977663,0.002791293465538942
monthly,ridge,D_P_C_A_K,0.1,0.6422449833271013,0.6422449833271013,0.0027040792198693873
monthly,ridge,D_P_C_A_K,1.0,0.645965214222881,0.645965214222881,0.004351756237793528
monthly,ridge,D_P_C_A_K,10.0,0.6500858377727365,0.6500858377727365,0.005724102592407914
monthly,ridge,B_P_C_A_K,0.001,0.6706582952598241,0.6706582952598239,0.0006401101432902369
monthly,ridge,B_P_C_A_K,0.01,0.6556017657978295,0.6556017657978295,0.0020287375593590713
monthly,ridge,B_P_C_A_K,0.1,0.6546691254934026,0.6546691254934027,0.002498768286206739
monthly,ridge,B_P_C_A_K,1.0,0.6555183909956173,0.6555183909956174,0.002357565386537486
monthly,ridge,B_P_C_A_K,10.0,0.656198468286958,0.656198468286958,0.0020607097863864854
monthly,ridge,D_B_P_C_A_K,0.001,0.6678313322845976,0.6678313322845975,0.0007779468973925306
monthly,ridge,D_B_P_C_A_K,0.01,0.6463683489064845,0.6463683489064845,0.002723040140860118
monthly,ridge,D_B_P_C_A_K,0.1,0.639655868876447,0.6396558688764471,0.004728370323785782
monthly,ridge,D_B_P_C_A_K,1.0,0.6440309480716855,0.6440309480716855,0.007331029693357383
monthly,ridge,D_B_P_C_A_K,10.0,0.6483471255975031,0.648347125597503,0.008602206703025481
monthly,ridge,M_P_C_A_K,0.001,0.6730405281478341,0.6730405281478341,0.0009433820930388205
monthly,ridge,M_P_C_A_K,0.01,0.6600104808912662,0.6600104808912663,0.0031804547391718076
monthly,ridge,M_P_C_A_K,0.1,0.6589923058306902,0.6589923058306904,0.004356459768319858
monthly,ridge,M_P_C_A_K,1.0,0.6597504832346616,0.6597504832346616,0.0044746615822878425
monthly,ridge,M_P_C_A_K,10.0,0.6603690083866034,0.6603690083866034,0.004353707155866394
monthly,ridge,D_M_P_C_A_K,0.001,0.6701298191536634,0.6701298191536635,0.000950425991955037
monthly,ridge,D_M_P_C_A_K,0.01,0.6502265001953274,0.6502265001953275,0.002824455878904929
monthly,ridge,D_M_P_C_A_K,0.1,0.6428038833151303,0.6428038833151302,0.0027731198876097237
monthly,ridge,D_M_P_C_A_K,1.0,0.6465080731018984,0.6465080731018983,0.0044494155788690655
monthly,ridge,D_M_P_C_A_K,10.0,0.6505736894965265,0.6505736894965265,0.005826975371179117
monthly,ridge,B_M_P_C_A_K,0.001,0.6707538395137691,0.6707538395137691,0.0006922554286934565
monthly,ridge,B_M_P_C_A_K,0.01,0.6560157905560062,0.6560157905560062,0.002030421087541348
monthly,ridge,B_M_P_C_A_K,0.1,0.6550583768572235,0.6550583768572236,0.002301268857687711
monthly,ridge,B_M_P_C_A_K,1.0,0.6558996743299755,0.6558996743299755,0.0021361538285509032
monthly,ridge,B_M_P_C_A_K,10.0,0.6565980247554264,0.6565980247554264,0.0018641200521645048
monthly,ridge,D_B_M_P_C_A_K,0.001,0.6679275517968217,0.6679275517968217,0.0008075800564099501
monthly,ridge,D_B_M_P_C_A_K,0.01,0.6467677342224292,0.6467677342224292,0.0027510137833899146
monthly,ridge,D_B_M_P_C_A_K,0.1,0.640162723698598,0.6401627236985978,0.004721928856830873
monthly,ridge,D_B_M_P_C_A_K,1.0,0.6445553658934002,0.6445553658934002,0.007318717815335905
monthly,ridge,D_B_M_P_C_A_K,10.0,0.6489196398991256,0.6489196398991256,0.00872545795524023
monthly,hgb,H,"{""learning_rate"": 0.05, ""max_leaf_nodes"": 3}",0.66992805107656,0.6699280510765601,0.006068782115655776
monthly,hgb,H,"{""learning_rate"": 0.05, ""max_leaf_nodes"": 7}",0.66992805107656,0.6699280510765601,0.006068782115655776
monthly,hgb,H_D,"{""learning_rate"": 0.05, ""max_leaf_nodes"": 3}",0.6456213248830273,0.6456213248830274,0.005911527102359713
monthly,hgb,H_D,"{""learning_rate"": 0.05, ""max_leaf_nodes"": 7}",0.6394616868840016,0.6394616868840016,0.007023866225117886
monthly,hgb,H_B,"{""learning_rate"": 0.05, ""max_leaf_nodes"": 3}",0.661536133800505,0.661536133800505,0.0072071499109926
monthly,hgb,H_B,"{""learning_rate"": 0.05, ""max_leaf_nodes"": 7}",0.661433159416462,0.6614331594164619,0.007519349666619966
monthly,hgb,H_D_B,"{""learning_rate"": 0.05, ""max_leaf_nodes"": 3}",0.6434977502807464,0.6434977502807465,0.006785736337723911
monthly,hgb,H_D_B,"{""learning_rate"": 0.05, ""max_leaf_nodes"": 7}",0.6320526968305438,0.6320526968305437,0.007328786195785039
monthly,hgb,H_M,"{""learning_rate"": 0.05, ""max_leaf_nodes"": 3}",0.6648357490958882,0.6648357490958883,0.006909550650590982
monthly,hgb,H_M,"{""learning_rate"": 0.05, ""max_leaf_nodes"": 7}",0.6649939647304243,0.6649939647304242,0.007183163381813561
monthly,hgb,H_D_M,"{""learning_rate"": 0.05, ""max_leaf_nodes"": 3}",0.6458956907705686,0.6458956907705687,0.005966806849183687
monthly,hgb,H_D_M,"{""learning_rate"": 0.05, ""max_leaf_nodes"": 7}",0.6336908901631011,0.6336908901631011,0.006695317667673496
monthly,hgb,H_B_M,"{""learning_rate"": 0.05, ""max_leaf_nodes"": 3}",0.6599046612839466,0.6599046612839468,0.00640016054105875
monthly,hgb,H_B_M,"{""learning_rate"": 0.05, ""max_leaf_nodes"": 7}",0.6598514544344525,0.6598514544344523,0.008916033738931737
monthly,hgb,H_D_B_M,"{""learning_rate"": 0.05, ""max_leaf_nodes"": 3}",0.6437483646419361,0.643748364641936,0.007016984366691679
monthly,hgb,H_D_B_M,"{""learning_rate"": 0.05, ""max_leaf_nodes"": 7}",0.6276883296665146,0.6276883296665147,0.007100885537266779
monthly,hgb,H_P,"{""learning_rate"": 0.05, ""max_leaf_nodes"": 3}",0.6639021754810217,0.6639021754810217,0.00888568158385284
monthly,hgb,H_P,"{""learning_rate"": 0.05, ""max_leaf_nodes"": 7}",0.6649343190391316,0.6649343190391317,0.007687770861741763
monthly,hgb,H_D_P,"{""learning_rate"": 0.05, ""max_leaf_nodes"": 3}",0.6449716448546603,0.6449716448546603,0.006675125129327884
monthly,hgb,H_D_P,"{""learning_rate"": 0.05, ""max_leaf_nodes"": 7}",0.6332845983720798,0.63328459837208,0.008405340504350373
monthly,hgb,H_B_P,"{""learning_rate"": 0.05, ""max_leaf_nodes"": 3}",0.656771769480335,0.6567717694803348,0.00779879142128057
monthly,hgb,H_B_P,"{""learning_rate"": 0.05, ""max_leaf_nodes"": 7}",0.653950414497221,0.653950414497221,0.007012152453736713
monthly,hgb,H_D_B_P,"{""learning_rate"": 0.05, ""max_leaf_nodes"": 3}",0.6433965358202566,0.6433965358202568,0.007126952046043477
monthly,hgb,H_D_B_P,"{""learning_rate"": 0.05, ""max_leaf_nodes"": 7}",0.6276604277893275,0.6276604277893275,0.009002157581053641
monthly,hgb,H_M_P,"{""learning_rate"": 0.05, ""max_leaf_nodes"": 3}",0.6600585487114121,0.660058548711412,0.008769149556425696
monthly,hgb,H_M_P,"{""learning_rate"": 0.05, ""max_leaf_nodes"": 7}",0.660810105289088,0.660810105289088,0.01010665904705674
monthly,hgb,H_D_M_P,"{""learning_rate"": 0.05, ""max_leaf_nodes"": 3}",0.6450270140341323,0.6450270140341322,0.006709167900825155
monthly,hgb,H_D_M_P,"{""learning_rate"": 0.05, ""max_leaf_nodes"": 7}",0.6305474205055432,0.6305474205055432,0.00803804496264252
monthly,hgb,H_B_M_P,"{""learning_rate"": 0.05, ""max_leaf_nodes"": 3}",0.65648654467646,0.65648654467646,0.0075389937055102794
monthly,hgb,H_B_M_P,"{""learning_rate"": 0.05, ""max_leaf_nodes"": 7}",0.6524626454631519,0.652462645463152,0.009529874904222984
monthly,hgb,H_D_B_M_P,"{""learning_rate"": 0.05, ""max_leaf_nodes"": 3}",0.6433965358202566,0.6433965358202568,0.007126952046043477
monthly,hgb,H_D_B_M_P,"{""learning_rate"": 0.05, ""max_leaf_nodes"": 7}",0.6278357966470182,0.6278357966470182,0.008990273615457853
monthly,hgb,H_C,"{""learning_rate"": 0.05, ""max_leaf_nodes"": 3}",0.6706699605743076,0.6706699605743076,0.006810700596657147
monthly,hgb,H_C,"{""learning_rate"": 0.05, ""max_leaf_nodes"": 7}",0.6708039714603008,0.6708039714603007,0.006894193028115172
monthly,hgb,H_D_C,"{""learning_rate"": 0.05, ""max_leaf_nodes"": 3}",0.6445757027699415,0.6445757027699417,0.00590376286721008
monthly,hgb,H_D_C,"{""learning_rate"": 0.05, ""max_leaf_nodes"": 7}",0.6368522402202577,0.6368522402202577,0.007418273552871632
monthly,hgb,H_B_C,"{""learning_rate"": 0.05, ""max_leaf_nodes"": 3}",0.6612263153654416,0.6612263153654416,0.007505816043809857
monthly,hgb,H_B_C,"{""learning_rate"": 0.05, ""max_leaf_nodes"": 7}",0.6639781802593319,0.663978180259332,0.008160243174452044
monthly,hgb,H_D_B_C,"{""learning_rate"": 0.05, ""max_leaf_nodes"": 3}",0.6428121559244685,0.6428121559244686,0.006887378066919585
monthly,hgb,H_D_B_C,"{""learning_rate"": 0.05, ""max_leaf_nodes"": 7}",0.6304851108556314,0.6304851108556314,0.00727165602876076
monthly,hgb,H_M_C,"{""learning_rate"": 0.05, ""max_leaf_nodes"": 3}",0.664503599989981,0.6645035999899809,0.008158876569646359
monthly,hgb,H_M_C,"{""learning_rate"": 0.05, ""max_leaf_nodes"": 7}",0.6664746534388528,0.6664746534388527,0.00904929908194931
monthly,hgb,H_D_M_C,"{""learning_rate"": 0.05, ""max_leaf_nodes"": 3}",0.6448562534300681,0.6448562534300681,0.00605624012701466
monthly,hgb,H_D_M_C,"{""learning_rate"": 0.05, ""max_leaf_nodes"": 7}",0.633166083223469,0.6331660832234689,0.006338476383491174
monthly,hgb,H_B_M_C,"{""learning_rate"": 0.05, ""max_leaf_nodes"": 3}",0.6595328680475938,0.6595328680475938,0.007571083385927895
monthly,hgb,H_B_M_C,"{""learning_rate"": 0.05, ""max_leaf_nodes"": 7}",0.6607939653806252,0.6607939653806252,0.009665093261876588
monthly,hgb,H_D_B_M_C,"{""learning_rate"": 0.05, ""max_leaf_nodes"": 3}",0.6429876318473305,0.6429876318473304,0.006920887533723277
monthly,hgb,H_D_B_M_C,"{""learning_rate"": 0.05, ""max_leaf_nodes"": 7}",0.6264191880628076,0.6264191880628076,0.00709276719015103
monthly,hgb,H_P_C,"{""learning_rate"": 0.05, ""max_leaf_nodes"": 3}",0.6629239336435057,0.6629239336435057,0.009088720316621626
monthly,hgb,H_P_C,"{""learning_rate"": 0.05, ""max_leaf_nodes"": 7}",0.6654523712177929,0.6654523712177928,0.008976402886026363
monthly,hgb,H_D_P_C,"{""learning_rate"": 0.05, ""max_leaf_nodes"": 3}",0.6443130361621315,0.6443130361621315,0.006495756848312638
monthly,hgb,H_D_P_C,"{""learning_rate"": 0.05, ""max_leaf_nodes"": 7}",0.6335136436376856,0.6335136436376856,0.008042824615962039
monthly,hgb,H_B_P_C,"{""learning_rate"": 0.05, ""max_leaf_nodes"": 3}",0.6562754056540987,0.6562754056540987,0.007734538119001288
monthly,hgb,H_B_P_C,"{""learning_rate"": 0.05, ""max_leaf_nodes"": 7}",0.6545800711141471,0.6545800711141471,0.007602817670872448
monthly,hgb,H_D_B_P_C,"{""learning_rate"": 0.05, ""max_leaf_nodes"": 3}",0.6432616037926223,0.6432616037926223,0.007105298652525162
monthly,hgb,H_D_B_P_C,"{""learning_rate"": 0.05, ""max_leaf_nodes"": 7}",0.6285637634175336,0.6285637634175336,0.008966297913087062
monthly,hgb,H_M_P_C,"{""learning_rate"": 0.05, ""max_leaf_nodes"": 3}",0.6601768249738198,0.6601768249738198,0.009273657537111823
monthly,hgb,H_M_P_C,"{""learning_rate"": 0.05, ""max_leaf_nodes"": 7}",0.6599562741983555,0.6599562741983556,0.011110958559694122
monthly,hgb,H_D_M_P_C,"{""learning_rate"": 0.05, ""max_leaf_nodes"": 3}",0.6444935499361657,0.6444935499361658,0.0065937135281831545
monthly,hgb,H_D_M_P_C,"{""learning_rate"": 0.05, ""max_leaf_nodes"": 7}",0.6315421783404952,0.6315421783404952,0.007745924050249697
monthly,hgb,H_B_M_P_C,"{""learning_rate"": 0.05, ""max_leaf_nodes"": 3}",0.6562717958768901,0.6562717958768902,0.007567252130251976
monthly,hgb,H_B_M_P_C,"{""learning_rate"": 0.05, ""max_leaf_nodes"": 7}",0.6525162616191555,0.6525162616191553,0.009752024818309333
monthly,hgb,H_D_B_M_P_C,"{""learning_rate"": 0.05, ""max_leaf_nodes"": 3}",0.6432616037926223,0.6432616037926223,0.007105298652525162
monthly,hgb,H_D_B_M_P_C,"{""learning_rate"": 0.05, ""max_leaf_nodes"": 7}",0.6271183542247475,0.6271183542247474,0.008375365020484018
monthly,hgb,H_A,"{""learning_rate"": 0.05, ""max_leaf_nodes"": 3}",0.6660344327759217,0.6660344327759218,0.005213573278020665
monthly,hgb,H_A,"{""learning_rate"": 0.05, ""max_leaf_nodes"": 7}",0.6660144976667117,0.6660144976667117,0.005222318855676599
monthly,hgb,H_D_A,"{""learning_rate"": 0.05, ""max_leaf_nodes"": 3}",0.6433096803316286,0.6433096803316286,0.005326453763575977
monthly,hgb,H_D_A,"{""learning_rate"": 0.05, ""max_leaf_nodes"": 7}",0.6368196026362195,0.6368196026362195,0.005552020247925038
monthly,hgb,H_B_A,"{""learning_rate"": 0.05, ""max_leaf_nodes"": 3}",0.6581187043608543,0.6581187043608542,0.006111055493276747
monthly,hgb,H_B_A,"{""learning_rate"": 0.05, ""max_leaf_nodes"": 7}",0.6581088289156036,0.6581088289156036,0.00711139158883223
monthly,hgb,H_D_B_A,"{""learning_rate"": 0.05, ""max_leaf_nodes"": 3}",0.641268410264694,0.6412684102646942,0.006238206445738316
monthly,hgb,H_D_B_A,"{""learning_rate"": 0.05, ""max_leaf_nodes"": 7}",0.6280642371478525,0.6280642371478524,0.006491585825644441
monthly,hgb,H_M_A,"{""learning_rate"": 0.05, ""max_leaf_nodes"": 3}",0.6616996949991834,0.6616996949991835,0.006038185570242165
monthly,hgb,H_M_A,"{""learning_rate"": 0.05, ""max_leaf_nodes"": 7}",0.6628300867586764,0.6628300867586764,0.007626356406206748
monthly,hgb,H_D_M_A,"{""learning_rate"": 0.05, ""max_leaf_nodes"": 3}",0.6435360146010926,0.6435360146010926,0.005348326755415101
monthly,hgb,H_D_M_A,"{""learning_rate"": 0.05, ""max_leaf_nodes"": 7}",0.6314936416080655,0.6314936416080655,0.005000305188047093
monthly,hgb,H_B_M_A,"{""learning_rate"": 0.05, ""max_leaf_nodes"": 3}",0.6562688329861406,0.6562688329861406,0.005898545251662867
monthly,hgb,H_B_M_A,"{""learning_rate"": 0.05, ""max_leaf_nodes"": 7}",0.6573753491144824,0.6573753491144825,0.00831763791388931
monthly,hgb,H_D_B_M_A,"{""learning_rate"": 0.05, ""max_leaf_nodes"": 3}",0.6415667770835727,0.6415667770835728,0.006435729860605462
monthly,hgb,H_D_B_M_A,"{""learning_rate"": 0.05, ""max_leaf_nodes"": 7}",0.6262761272069579,0.6262761272069579,0.006534086410049187
monthly,hgb,H_P_A,"{""learning_rate"": 0.05, ""max_leaf_nodes"": 3}",0.659106692419448,0.6591066924194481,0.008637089312692244
monthly,hgb,H_P_A,"{""learning_rate"": 0.05, ""max_leaf_nodes"": 7}",0.6632088141413351,0.6632088141413351,0.008643346356246744
monthly,hgb,H_D_P_A,"{""learning_rate"": 0.05, ""max_leaf_nodes"": 3}",0.6431904921873686,0.6431904921873686,0.005976201829671124
monthly,hgb,H_D_P_A,"{""learning_rate"": 0.05, ""max_leaf_nodes"": 7}",0.6302690513211757,0.6302690513211757,0.007538593248195027
monthly,hgb,H_B_P_A,"{""learning_rate"": 0.05, ""max_leaf_nodes"": 3}",0.6533300231896612,0.653330023189661,0.007493846427946664
monthly,hgb,H_B_P_A,"{""learning_rate"": 0.05, ""max_leaf_nodes"": 7}",0.6526778284432841,0.6526778284432841,0.007405889875626336
monthly,hgb,H_D_B_P_A,"{""learning_rate"": 0.05, ""max_leaf_nodes"": 3}",0.6425245467104655,0.6425245467104657,0.0065798477754653575
monthly,hgb,H_D_B_P_A,"{""learning_rate"": 0.05, ""max_leaf_nodes"": 7}",0.6268045213673745,0.6268045213673745,0.007642757260015738
monthly,hgb,H_M_P_A,"{""learning_rate"": 0.05, ""max_leaf_nodes"": 3}",0.6561675956306606,0.6561675956306606,0.008308116017957416
monthly,hgb,H_M_P_A,"{""learning_rate"": 0.05, ""max_leaf_nodes"": 7}",0.6593320262121398,0.6593320262121398,0.011548454653956876
monthly,hgb,H_D_M_P_A,"{""learning_rate"": 0.05, ""max_leaf_nodes"": 3}",0.6429411436394261,0.642941143639426,0.005814581705556148
monthly,hgb,H_D_M_P_A,"{""learning_rate"": 0.05, ""max_leaf_nodes"": 7}",0.6291283010845334,0.6291283010845334,0.007075840189286657
monthly,hgb,H_B_M_P_A,"{""learning_rate"": 0.05, ""max_leaf_nodes"": 3}",0.6531842286425542,0.6531842286425542,0.00730009355444233
monthly,hgb,H_B_M_P_A,"{""learning_rate"": 0.05, ""max_leaf_nodes"": 7}",0.6517172955614114,0.6517172955614114,0.009012039406932909
monthly,hgb,H_D_B_M_P_A,"{""learning_rate"": 0.05, ""max_leaf_nodes"": 3}",0.6425245467104655,0.6425245467104657,0.0065798477754653575
monthly,hgb,H_D_B_M_P_A,"{""learning_rate"": 0.05, ""max_leaf_nodes"": 7}",0.6266932839303956,0.6266932839303956,0.007691820668194912
monthly,hgb,H_C_A,"{""learning_rate"": 0.05, ""max_leaf_nodes"": 3}",0.6678732294575164,0.6678732294575165,0.006704792455586748
monthly,hgb,H_C_A,"{""learning_rate"": 0.05, ""max_leaf_nodes"": 7}",0.6680969399662362,0.6680969399662363,0.00777032890657148
monthly,hgb,H_D_C_A,"{""learning_rate"": 0.05, ""max_leaf_nodes"": 3}",0.6425598169748623,0.6425598169748623,0.005361670160461107
monthly,hgb,H_D_C_A,"{""learning_rate"": 0.05, ""max_leaf_nodes"": 7}",0.6356527595518302,0.6356527595518301,0.005783550564703563
monthly,hgb,H_B_C_A,"{""learning_rate"": 0.05, ""max_leaf_nodes"": 3}",0.6587624960843623,0.6587624960843624,0.00668967902871213
monthly,hgb,H_B_C_A,"{""learning_rate"": 0.05, ""max_leaf_nodes"": 7}",0.6610110244102108,0.6610110244102106,0.008270488556125348
monthly,hgb,H_D_B_C_A,"{""learning_rate"": 0.05, ""max_leaf_nodes"": 3}",0.6409258597218738,0.6409258597218738,0.0061741891177149255
monthly,hgb,H_D_B_C_A,"{""learning_rate"": 0.05, ""max_leaf_nodes"": 7}",0.6280659167549617,0.6280659167549617,0.0066504774367266845
monthly,hgb,H_M_C_A,"{""learning_rate"": 0.05, ""max_leaf_nodes"": 3}",0.6614821694256037,0.6614821694256038,0.00757247551308267
monthly,hgb,H_M_C_A,"{""learning_rate"": 0.05, ""max_leaf_nodes"": 7}",0.6640983332730013,0.6640983332730013,0.010361484224359464
monthly,hgb,H_D_M_C_A,"{""learning_rate"": 0.05, ""max_leaf_nodes"": 3}",0.6427936466361661,0.6427936466361661,0.005368655206393405
monthly,hgb,H_D_M_C_A,"{""learning_rate"": 0.05, ""max_leaf_nodes"": 7}",0.6309056471945916,0.6309056471945915,0.004918634611451511
monthly,hgb,H_B_M_C_A,"{""learning_rate"": 0.05, ""max_leaf_nodes"": 3}",0.6570914452892971,0.657091445289297,0.0068572532304719035
monthly,hgb,H_B_M_C_A,"{""learning_rate"": 0.05, ""max_leaf_nodes"": 7}",0.6594097909000174,0.6594097909000174,0.009689973421312085
monthly,hgb,H_D_B_M_C_A,"{""learning_rate"": 0.05, ""max_leaf_nodes"": 3}",0.6410639018035823,0.6410639018035823,0.006324946468290255
monthly,hgb,H_D_B_M_C_A,"{""learning_rate"": 0.05, ""max_leaf_nodes"": 7}",0.6260258136310883,0.6260258136310883,0.005632531236594458
monthly,hgb,H_P_C_A,"{""learning_rate"": 0.05, ""max_leaf_nodes"": 3}",0.6603176924983389,0.660317692498339,0.008856381576900035
monthly,hgb,H_P_C_A,"{""learning_rate"": 0.05, ""max_leaf_nodes"": 7}",0.6638332566419604,0.6638332566419602,0.010347497798770925
monthly,hgb,H_D_P_C_A,"{""learning_rate"": 0.05, ""max_leaf_nodes"": 3}",0.6426877370993437,0.6426877370993436,0.0060653201374435495
monthly,hgb,H_D_P_C_A,"{""learning_rate"": 0.05, ""max_leaf_nodes"": 7}",0.6311895902597245,0.6311895902597247,0.007158852161219592
monthly,hgb,H_B_P_C_A,"{""learning_rate"": 0.05, ""max_leaf_nodes"": 3}",0.6543540525829519,0.6543540525829518,0.007440393606736503
monthly,hgb,H_B_P_C_A,"{""learning_rate"": 0.05, ""max_leaf_nodes"": 7}",0.6551428229939111,0.6551428229939111,0.008455024436993173
monthly,hgb,H_D_B_P_C_A,"{""learning_rate"": 0.05, ""max_leaf_nodes"": 3}",0.6417048336624724,0.6417048336624726,0.006551813963862727
monthly,hgb,H_D_B_P_C_A,"{""learning_rate"": 0.05, ""max_leaf_nodes"": 7}",0.626457069677531,0.6264570696775309,0.007465220117220049
monthly,hgb,H_M_P_C_A,"{""learning_rate"": 0.05, ""max_leaf_nodes"": 3}",0.6575283139377682,0.6575283139377681,0.0088829716601076
monthly,hgb,H_M_P_C_A,"{""learning_rate"": 0.05, ""max_leaf_nodes"": 7}",0.6596514312681878,0.6596514312681878,0.012356470695476508
monthly,hgb,H_D_M_P_C_A,"{""learning_rate"": 0.05, ""max_leaf_nodes"": 3}",0.6424920972453894,0.6424920972453892,0.0059406667371552134
monthly,hgb,H_D_M_P_C_A,"{""learning_rate"": 0.05, ""max_leaf_nodes"": 7}",0.6283556533982287,0.6283556533982289,0.0062910083970172444
monthly,hgb,H_B_M_P_C_A,"{""learning_rate"": 0.05, ""max_leaf_nodes"": 3}",0.6539223587445311,0.6539223587445312,0.007410278738507502
monthly,hgb,H_B_M_P_C_A,"{""learning_rate"": 0.05, ""max_leaf_nodes"": 7}",0.65280373641554,0.65280373641554,0.009825015548814892
monthly,hgb,H_D_B_M_P_C_A,"{""learning_rate"": 0.05, ""max_leaf_nodes"": 3}",0.6417048336624724,0.6417048336624726,0.006551813963862727
monthly,hgb,H_D_B_M_P_C_A,"{""learning_rate"": 0.05, ""max_leaf_nodes"": 7}",0.6262522624565653,0.6262522624565653,0.007547098967631949
monthly,hgb,H_K,"{""learning_rate"": 0.05, ""max_leaf_nodes"": 3}",0.6591831168161393,0.6591831168161393,0.005309804889661494
monthly,hgb,H_K,"{""learning_rate"": 0.05, ""max_leaf_nodes"": 7}",0.6647983129369749,0.6647983129369749,0.005486951591290712
monthly,hgb,H_D_K,"{""learning_rate"": 0.05, ""max_leaf_nodes"": 3}",0.6409192144683632,0.6409192144683632,0.004398027472567583
monthly,hgb,H_D_K,"{""learning_rate"": 0.05, ""max_leaf_nodes"": 7}",0.6287397214514823,0.6287397214514823,0.00437090437924592
monthly,hgb,H_B_K,"{""learning_rate"": 0.05, ""max_leaf_nodes"": 3}",0.6537965578566609,0.6537965578566609,0.0055297266861739965
monthly,hgb,H_B_K,"{""learning_rate"": 0.05, ""max_leaf_nodes"": 7}",0.6592122115782895,0.6592122115782895,0.005831885441017849
monthly,hgb,H_D_B_K,"{""learning_rate"": 0.05, ""max_leaf_nodes"": 3}",0.6400322993476107,0.6400322993476109,0.005027185362158454
monthly,hgb,H_D_B_K,"{""learning_rate"": 0.05, ""max_leaf_nodes"": 7}",0.6247425802646154,0.6247425802646155,0.005915420976790597
monthly,hgb,H_M_K,"{""learning_rate"": 0.05, ""max_leaf_nodes"": 3}",0.6572442310433633,0.6572442310433633,0.006350120114919844
monthly,hgb,H_M_K,"{""learning_rate"": 0.05, ""max_leaf_nodes"": 7}",0.6599406021679918,0.6599406021679918,0.008529178680316088
monthly,hgb,H_D_M_K,"{""learning_rate"": 0.05, ""max_leaf_nodes"": 3}",0.6407383802534172,0.6407383802534172,0.004341972222167456
monthly,hgb,H_D_M_K,"{""learning_rate"": 0.05, ""max_leaf_nodes"": 7}",0.6260717251695485,0.6260717251695485,0.004552234667556465
monthly,hgb,H_B_M_K,"{""learning_rate"": 0.05, ""max_leaf_nodes"": 3}",0.6547984062352409,0.654798406235241,0.005849951824260383
monthly,hgb,H_B_M_K,"{""learning_rate"": 0.05, ""max_leaf_nodes"": 7}",0.657108029342297,0.657108029342297,0.009208961816771213
monthly,hgb,H_D_B_M_K,"{""learning_rate"": 0.05, ""max_leaf_nodes"": 3}",0.6399038788506299,0.6399038788506299,0.004942674668250835
monthly,hgb,H_D_B_M_K,"{""learning_rate"": 0.05, ""max_leaf_nodes"": 7}",0.6234217895787767,0.6234217895787768,0.0047359923528280355
monthly,hgb,H_P_K,"{""learning_rate"": 0.05, ""max_leaf_nodes"": 3}",0.6556277326166678,0.6556277326166676,0.006934595592140861
monthly,hgb,H_P_K,"{""learning_rate"": 0.05, ""max_leaf_nodes"": 7}",0.6588324166288893,0.6588324166288894,0.008255654981201656
monthly,hgb,H_D_P_K,"{""learning_rate"": 0.05, ""max_leaf_nodes"": 3}",0.6434896421064953,0.6434896421064954,0.004681760937183618
monthly,hgb,H_D_P_K,"{""learning_rate"": 0.05, ""max_leaf_nodes"": 7}",0.6249377632746063,0.6249377632746064,0.007211487129644374
monthly,hgb,H_B_P_K,"{""learning_rate"": 0.05, ""max_leaf_nodes"": 3}",0.6512201656939292,0.6512201656939292,0.0064989807953618394
monthly,hgb,H_B_P_K,"{""learning_rate"": 0.05, ""max_leaf_nodes"": 7}",0.650747011382557,0.650747011382557,0.007503236263466096
monthly,hgb,H_D_B_P_K,"{""learning_rate"": 0.05, ""max_leaf_nodes"": 3}",0.6420063978825467,0.6420063978825468,0.005327301528535295
monthly,hgb,H_D_B_P_K,"{""learning_rate"": 0.05, ""max_leaf_nodes"": 7}",0.6224189124890044,0.6224189124890043,0.00700080418774103
monthly,hgb,H_M_P_K,"{""learning_rate"": 0.05, ""max_leaf_nodes"": 3}",0.6544179206795069,0.654417920679507,0.007120585882104124
monthly,hgb,H_M_P_K,"{""learning_rate"": 0.05, ""max_leaf_nodes"": 7}",0.6543121630172557,0.6543121630172557,0.01111595163595093
monthly,hgb,H_D_M_P_K,"{""learning_rate"": 0.05, ""max_leaf_nodes"": 3}",0.6436447586556824,0.6436447586556825,0.0046102226530109714
monthly,hgb,H_D_M_P_K,"{""learning_rate"": 0.05, ""max_leaf_nodes"": 7}",0.6246584179341842,0.6246584179341842,0.006569825181448783
monthly,hgb,H_B_M_P_K,"{""learning_rate"": 0.05, ""max_leaf_nodes"": 3}",0.6512110500053854,0.6512110500053854,0.006442073093194308
monthly,hgb,H_B_M_P_K,"{""learning_rate"": 0.05, ""max_leaf_nodes"": 7}",0.6497942060216706,0.6497942060216705,0.00940984108777047
monthly,hgb,H_D_B_M_P_K,"{""learning_rate"": 0.05, ""max_leaf_nodes"": 3}",0.6419095696042636,0.6419095696042636,0.0053276761481018805
monthly,hgb,H_D_B_M_P_K,"{""learning_rate"": 0.05, ""max_leaf_nodes"": 7}",0.6230329347922839,0.623032934792284,0.006174920777982018
monthly,hgb,H_C_K,"{""learning_rate"": 0.05, ""max_leaf_nodes"": 3}",0.6596790657546836,0.6596790657546836,0.005442584730159278
monthly,hgb,H_C_K,"{""learning_rate"": 0.05, ""max_leaf_nodes"": 7}",0.6630402579899605,0.6630402579899604,0.005339203597160792
monthly,hgb,H_D_C_K,"{""learning_rate"": 0.05, ""max_leaf_nodes"": 3}",0.6400866005936817,0.6400866005936818,0.0042871718506691855
monthly,hgb,H_D_C_K,"{""learning_rate"": 0.05, ""max_leaf_nodes"": 7}",0.6288111672628032,0.6288111672628032,0.0048409807828858975
monthly,hgb,H_B_C_K,"{""learning_rate"": 0.05, ""max_leaf_nodes"": 3}",0.6538567076917341,0.653856707691734,0.005902015561896434
monthly,hgb,H_B_C_K,"{""learning_rate"": 0.05, ""max_leaf_nodes"": 7}",0.6569586878054463,0.6569586878054462,0.0055551272940727115
monthly,hgb,H_D_B_C_K,"{""learning_rate"": 0.05, ""max_leaf_nodes"": 3}",0.6392552114463695,0.6392552114463695,0.0048537595128102145
monthly,hgb,H_D_B_C_K,"{""learning_rate"": 0.05, ""max_leaf_nodes"": 7}",0.6253894539932635,0.6253894539932634,0.005008660011223686
monthly,hgb,H_M_C_K,"{""learning_rate"": 0.05, ""max_leaf_nodes"": 3}",0.6570897282746205,0.6570897282746205,0.006134508196776688
monthly,hgb,H_M_C_K,"{""learning_rate"": 0.05, ""max_leaf_nodes"": 7}",0.6603903776017376,0.6603903776017376,0.008843017640373188
monthly,hgb,H_D_M_C_K,"{""learning_rate"": 0.05, ""max_leaf_nodes"": 3}",0.6403381116572435,0.6403381116572434,0.004304613849664563
monthly,hgb,H_D_M_C_K,"{""learning_rate"": 0.05, ""max_leaf_nodes"": 7}",0.6271296114482257,0.6271296114482257,0.004589743902624221
monthly,hgb,H_B_M_C_K,"{""learning_rate"": 0.05, ""max_leaf_nodes"": 3}",0.6551012894412303,0.6551012894412303,0.0060252308143213164
monthly,hgb,H_B_M_C_K,"{""learning_rate"": 0.05, ""max_leaf_nodes"": 7}",0.6550996637135689,0.655099663713569,0.007736009339773578
monthly,hgb,H_D_B_M_C_K,"{""learning_rate"": 0.05, ""max_leaf_nodes"": 3}",0.6397544112343736,0.6397544112343735,0.005047934562808785
monthly,hgb,H_D_B_M_C_K,"{""learning_rate"": 0.05, ""max_leaf_nodes"": 7}",0.6250469712396644,0.6250469712396641,0.005470025603672884
monthly,hgb,H_P_C_K,"{""learning_rate"": 0.05, ""max_leaf_nodes"": 3}",0.6555500956388066,0.6555500956388067,0.007071969747923218
monthly,hgb,H_P_C_K,"{""learning_rate"": 0.05, ""max_leaf_nodes"": 7}",0.6562070394879169,0.6562070394879168,0.008335613621415968
monthly,hgb,H_D_P_C_K,"{""learning_rate"": 0.05, ""max_leaf_nodes"": 3}",0.643137436855331,0.643137436855331,0.004610127453890674
monthly,hgb,H_D_P_C_K,"{""learning_rate"": 0.05, ""max_leaf_nodes"": 7}",0.6255459514276799,0.6255459514276799,0.007165910817273785
monthly,hgb,H_B_P_C_K,"{""learning_rate"": 0.05, ""max_leaf_nodes"": 3}",0.6511663512442903,0.6511663512442902,0.006231567913611531
monthly,hgb,H_B_P_C_K,"{""learning_rate"": 0.05, ""max_leaf_nodes"": 7}",0.6489845892203232,0.6489845892203232,0.007468364490953256
monthly,hgb,H_D_B_P_C_K,"{""learning_rate"": 0.05, ""max_leaf_nodes"": 3}",0.6418819268364937,0.6418819268364937,0.0051878079104458125
monthly,hgb,H_D_B_P_C_K,"{""learning_rate"": 0.05, ""max_leaf_nodes"": 7}",0.6221233869574162,0.6221233869574162,0.007000143685352278
monthly,hgb,H_M_P_C_K,"{""learning_rate"": 0.05, ""max_leaf_nodes"": 3}",0.6547776265555707,0.6547776265555708,0.00729922042430016
monthly,hgb,H_M_P_C_K,"{""learning_rate"": 0.05, ""max_leaf_nodes"": 7}",0.653171618442709,0.653171618442709,0.011447109817353933
monthly,hgb,H_D_M_P_C_K,"{""learning_rate"": 0.05, ""max_leaf_nodes"": 3}",0.6433070482988414,0.6433070482988414,0.004558379235610772
monthly,hgb,H_D_M_P_C_K,"{""learning_rate"": 0.05, ""max_leaf_nodes"": 7}",0.6232629548870832,0.6232629548870834,0.005757136139010178
monthly,hgb,H_B_M_P_C_K,"{""learning_rate"": 0.05, ""max_leaf_nodes"": 3}",0.6516858256014203,0.6516858256014204,0.006351740531420626
monthly,hgb,H_B_M_P_C_K,"{""learning_rate"": 0.05, ""max_leaf_nodes"": 7}",0.6489507426270698,0.6489507426270699,0.009625323034879896
monthly,hgb,H_D_B_M_P_C_K,"{""learning_rate"": 0.05, ""max_leaf_nodes"": 3}",0.6419603796294431,0.6419603796294431,0.005191673119507532
monthly,hgb,H_D_B_M_P_C_K,"{""learning_rate"": 0.05, ""max_leaf_nodes"": 7}",0.6228995672012915,0.6228995672012914,0.005811785547190192
monthly,hgb,H_A_K,"{""learning_rate"": 0.05, ""max_leaf_nodes"": 3}",0.6542907531577831,0.6542907531577832,0.004984546429546102
monthly,hgb,H_A_K,"{""learning_rate"": 0.05, ""max_leaf_nodes"": 7}",0.6596420095345094,0.6596420095345092,0.005844137777391347
monthly,hgb,H_D_A_K,"{""learning_rate"": 0.05, ""max_leaf_nodes"": 3}",0.6389803405333635,0.6389803405333635,0.00414188710516409
monthly,hgb,H_D_A_K,"{""learning_rate"": 0.05, ""max_leaf_nodes"": 7}",0.6266165678150952,0.6266165678150952,0.005408825182632385
monthly,hgb,H_B_A_K,"{""learning_rate"": 0.05, ""max_leaf_nodes"": 3}",0.6483950977311617,0.6483950977311617,0.0055055319759264405
monthly,hgb,H_B_A_K,"{""learning_rate"": 0.05, ""max_leaf_nodes"": 7}",0.6546161197373442,0.6546161197373443,0.006552772744932995
monthly,hgb,H_D_B_A_K,"{""learning_rate"": 0.05, ""max_leaf_nodes"": 3}",0.6380141870101421,0.6380141870101422,0.004649268736944322
monthly,hgb,H_D_B_A_K,"{""learning_rate"": 0.05, ""max_leaf_nodes"": 7}",0.6233891039998642,0.6233891039998642,0.005654708050723367
monthly,hgb,H_M_A_K,"{""learning_rate"": 0.05, ""max_leaf_nodes"": 3}",0.6526217387836146,0.6526217387836145,0.006062470741909768
monthly,hgb,H_M_A_K,"{""learning_rate"": 0.05, ""max_leaf_nodes"": 7}",0.6550660368048931,0.6550660368048931,0.009082447207659798
monthly,hgb,H_D_M_A_K,"{""learning_rate"": 0.05, ""max_leaf_nodes"": 3}",0.6393442714930091,0.6393442714930091,0.004148874187971067
monthly,hgb,H_D_M_A_K,"{""learning_rate"": 0.05, ""max_leaf_nodes"": 7}",0.62473161853398,0.62473161853398,0.005059739900532238
monthly,hgb,H_B_M_A_K,"{""learning_rate"": 0.05, ""max_leaf_nodes"": 3}",0.6493923250498342,0.6493923250498341,0.005385026893226511
monthly,hgb,H_B_M_A_K,"{""learning_rate"": 0.05, ""max_leaf_nodes"": 7}",0.6524056276823206,0.6524056276823208,0.009125456441206103
monthly,hgb,H_D_B_M_A_K,"{""learning_rate"": 0.05, ""max_leaf_nodes"": 3}",0.6379105753783795,0.6379105753783796,0.004646135714132896
monthly,hgb,H_D_B_M_A_K,"{""learning_rate"": 0.05, ""max_leaf_nodes"": 7}",0.6230479227811638,0.6230479227811638,0.0058589219691392
monthly,hgb,H_P_A_K,"{""learning_rate"": 0.05, ""max_leaf_nodes"": 3}",0.6511347529150907,0.6511347529150907,0.00721466787022985
monthly,hgb,H_P_A_K,"{""learning_rate"": 0.05, ""max_leaf_nodes"": 7}",0.6558684953003947,0.6558684953003947,0.009669946252810672
monthly,hgb,H_D_P_A_K,"{""learning_rate"": 0.05, ""max_leaf_nodes"": 3}",0.6418229797288484,0.6418229797288484,0.004871689327048105
monthly,hgb,H_D_P_A_K,"{""learning_rate"": 0.05, ""max_leaf_nodes"": 7}",0.625167173849037,0.625167173849037,0.007519532037621948
monthly,hgb,H_B_P_A_K,"{""learning_rate"": 0.05, ""max_leaf_nodes"": 3}",0.6474719253253082,0.6474719253253081,0.0066419694032876665
monthly,hgb,H_B_P_A_K,"{""learning_rate"": 0.05, ""max_leaf_nodes"": 7}",0.6471383031755931,0.647138303175593,0.009263255428537141
monthly,hgb,H_D_B_P_A_K,"{""learning_rate"": 0.05, ""max_leaf_nodes"": 3}",0.6406415902533725,0.6406415902533726,0.005184077801049422
monthly,hgb,H_D_B_P_A_K,"{""learning_rate"": 0.05, ""max_leaf_nodes"": 7}",0.6231674002994686,0.6231674002994685,0.00826390956569607
monthly,hgb,H_M_P_A_K,"{""learning_rate"": 0.05, ""max_leaf_nodes"": 3}",0.6505208100483756,0.6505208100483755,0.007318361912035097
monthly,hgb,H_M_P_A_K,"{""learning_rate"": 0.05, ""max_leaf_nodes"": 7}",0.6521545873401097,0.6521545873401097,0.01232535670946596
monthly,hgb,H_D_M_P_A_K,"{""learning_rate"": 0.05, ""max_leaf_nodes"": 3}",0.6418465834660801,0.6418465834660803,0.0048822403221906825
monthly,hgb,H_D_M_P_A_K,"{""learning_rate"": 0.05, ""max_leaf_nodes"": 7}",0.6243703941369042,0.6243703941369042,0.007973822118575965
monthly,hgb,H_B_M_P_A_K,"{""learning_rate"": 0.05, ""max_leaf_nodes"": 3}",0.6475033333378124,0.6475033333378125,0.006590513046601949
monthly,hgb,H_B_M_P_A_K,"{""learning_rate"": 0.05, ""max_leaf_nodes"": 7}",0.6474094090433578,0.6474094090433578,0.01053332777360101
monthly,hgb,H_D_B_M_P_A_K,"{""learning_rate"": 0.05, ""max_leaf_nodes"": 3}",0.6407035755475581,0.6407035755475581,0.0051778454187341085
monthly,hgb,H_D_B_M_P_A_K,"{""learning_rate"": 0.05, ""max_leaf_nodes"": 7}",0.623385450939071,0.623385450939071,0.0074818317317826375
monthly,hgb,H_C_A_K,"{""learning_rate"": 0.05, ""max_leaf_nodes"": 3}",0.6553042164970948,0.6553042164970948,0.005516683187841084
monthly,hgb,H_C_A_K,"{""learning_rate"": 0.05, ""max_leaf_nodes"": 7}",0.6578424649080898,0.6578424649080898,0.006504101024413939
monthly,hgb,H_D_C_A_K,"{""learning_rate"": 0.05, ""max_leaf_nodes"": 3}",0.6386358101310102,0.6386358101310103,0.0037765539272505443
monthly,hgb,H_D_C_A_K,"{""learning_rate"": 0.05, ""max_leaf_nodes"": 7}",0.6276709506365052,0.6276709506365051,0.004353374648187893
monthly,hgb,H_B_C_A_K,"{""learning_rate"": 0.05, ""max_leaf_nodes"": 3}",0.6489098318183747,0.6489098318183746,0.005742993600799582
monthly,hgb,H_B_C_A_K,"{""learning_rate"": 0.05, ""max_leaf_nodes"": 7}",0.6523423351433039,0.6523423351433039,0.005950339359490985
monthly,hgb,H_D_B_C_A_K,"{""learning_rate"": 0.05, ""max_leaf_nodes"": 3}",0.6375956720688041,0.6375956720688041,0.004410181414791602
monthly,hgb,H_D_B_C_A_K,"{""learning_rate"": 0.05, ""max_leaf_nodes"": 7}",0.622708136279347,0.622708136279347,0.005639558163346806
monthly,hgb,H_M_C_A_K,"{""learning_rate"": 0.05, ""max_leaf_nodes"": 3}",0.6533628284929199,0.65336282849292,0.006431943997642365
monthly,hgb,H_M_C_A_K,"{""learning_rate"": 0.05, ""max_leaf_nodes"": 7}",0.6565507103647072,0.6565507103647071,0.010026811407772495
monthly,hgb,H_D_M_C_A_K,"{""learning_rate"": 0.05, ""max_leaf_nodes"": 3}",0.6393930075736473,0.6393930075736473,0.003994292950086132
monthly,hgb,H_D_M_C_A_K,"{""learning_rate"": 0.05, ""max_leaf_nodes"": 7}",0.6269843451889828,0.6269843451889829,0.004242904358447577
monthly,hgb,H_B_M_C_A_K,"{""learning_rate"": 0.05, ""max_leaf_nodes"": 3}",0.6496151566856986,0.6496151566856987,0.005616689640506164
monthly,hgb,H_B_M_C_A_K,"{""learning_rate"": 0.05, ""max_leaf_nodes"": 7}",0.6527186399273007,0.6527186399273007,0.008769929314752628
monthly,hgb,H_D_B_M_C_A_K,"{""learning_rate"": 0.05, ""max_leaf_nodes"": 3}",0.6381100164833544,0.6381100164833543,0.004493441817714939
monthly,hgb,H_D_B_M_C_A_K,"{""learning_rate"": 0.05, ""max_leaf_nodes"": 7}",0.6236862457048994,0.6236862457048994,0.005430012904588907
monthly,hgb,H_P_C_A_K,"{""learning_rate"": 0.05, ""max_leaf_nodes"": 3}",0.651483544072399,0.651483544072399,0.007248731706359259
monthly,hgb,H_P_C_A_K,"{""learning_rate"": 0.05, ""max_leaf_nodes"": 7}",0.654138795380956,0.654138795380956,0.010914815348840843
monthly,hgb,H_D_P_C_A_K,"{""learning_rate"": 0.05, ""max_leaf_nodes"": 3}",0.6414536758384993,0.6414536758384993,0.004889901484464793
monthly,hgb,H_D_P_C_A_K,"{""learning_rate"": 0.05, ""max_leaf_nodes"": 7}",0.6243605485185284,0.6243605485185285,0.00763357964536725
monthly,hgb,H_B_P_C_A_K,"{""learning_rate"": 0.05, ""max_leaf_nodes"": 3}",0.6480105786157654,0.6480105786157654,0.0065968479908819705
monthly,hgb,H_B_P_C_A_K,"{""learning_rate"": 0.05, ""max_leaf_nodes"": 7}",0.6481625402566193,0.6481625402566193,0.008461120120280783
monthly,hgb,H_D_B_P_C_A_K,"{""learning_rate"": 0.05, ""max_leaf_nodes"": 3}",0.6405930254824487,0.6405930254824487,0.004991937118679952
monthly,hgb,H_D_B_P_C_A_K,"{""learning_rate"": 0.05, ""max_leaf_nodes"": 7}",0.6227839777547591,0.622783977754759,0.008107010917464613
monthly,hgb,H_M_P_C_A_K,"{""learning_rate"": 0.05, ""max_leaf_nodes"": 3}",0.6511281039055722,0.6511281039055723,0.007490104373857394
monthly,hgb,H_M_P_C_A_K,"{""learning_rate"": 0.05, ""max_leaf_nodes"": 7}",0.6516374784072076,0.6516374784072078,0.012361769969808947
monthly,hgb,H_D_M_P_C_A_K,"{""learning_rate"": 0.05, ""max_leaf_nodes"": 3}",0.6414340364260948,0.6414340364260946,0.004881098208163785
monthly,hgb,H_D_M_P_C_A_K,"{""learning_rate"": 0.05, ""max_leaf_nodes"": 7}",0.6243789752554486,0.6243789752554485,0.006957189487537984
monthly,hgb,H_B_M_P_C_A_K,"{""learning_rate"": 0.05, ""max_leaf_nodes"": 3}",0.6483711490173045,0.6483711490173046,0.0066745798038217
monthly,hgb,H_B_M_P_C_A_K,"{""learning_rate"": 0.05, ""max_leaf_nodes"": 7}",0.6471038126178451,0.6471038126178452,0.010366662565393495
monthly,hgb,H_D_B_M_P_C_A_K,"{""learning_rate"": 0.05, ""max_leaf_nodes"": 3}",0.6406179518139378,0.6406179518139378,0.0049912046766991324
monthly,hgb,H_D_B_M_P_C_A_K,"{""learning_rate"": 0.05, ""max_leaf_nodes"": 7}",0.6219650098551895,0.6219650098551894,0.006638511671820482
monthly,hgb,NONE,"{""learning_rate"": 0.05, ""max_leaf_nodes"": 3}",0.6835049913737833,0.6835049913737832,0.00017658561199248579
monthly,hgb,NONE,"{""learning_rate"": 0.05, ""max_leaf_nodes"": 7}",0.6835049913737833,0.6835049913737832,0.00017658561199248579
monthly,hgb,D,"{""learning_rate"": 0.05, ""max_leaf_nodes"": 3}",0.6585258325224,0.6585258325224002,0.0045449967460581666
monthly,hgb,D,"{""learning_rate"": 0.05, ""max_leaf_nodes"": 7}",0.6582713689763009,0.6582713689763009,0.007129986549059172
monthly,hgb,B,"{""learning_rate"": 0.05, ""max_leaf_nodes"": 3}",0.6764592159223477,0.6764592159223477,0.0024549003532473145
monthly,hgb,B,"{""learning_rate"": 0.05, ""max_leaf_nodes"": 7}",0.6764592159223477,0.6764592159223477,0.0024549003532473145
monthly,hgb,D_B,"{""learning_rate"": 0.05, ""max_leaf_nodes"": 3}",0.6546186369917062,0.6546186369917062,0.005781563579841974
monthly,hgb,D_B,"{""learning_rate"": 0.05, ""max_leaf_nodes"": 7}",0.6481134841701371,0.648113484170137,0.006720657849192528
monthly,hgb,M,"{""learning_rate"": 0.05, ""max_leaf_nodes"": 3}",0.6843702248322894,0.6843702248322894,0.0009500278411858649
monthly,hgb,M,"{""learning_rate"": 0.05, ""max_leaf_nodes"": 7}",0.6843687593210044,0.6843687593210044,0.0009558521644451105
monthly,hgb,D_M,"{""learning_rate"": 0.05, ""max_leaf_nodes"": 3}",0.6591662358306923,0.6591662358306923,0.004744932648432446
monthly,hgb,D_M,"{""learning_rate"": 0.05, ""max_leaf_nodes"": 7}",0.6549581437905809,0.6549581437905808,0.007387126251652419
monthly,hgb,B_M,"{""learning_rate"": 0.05, ""max_leaf_nodes"": 3}",0.6774976601927116,0.6774976601927116,0.0028856942404674618
monthly,hgb,B_M,"{""learning_rate"": 0.05, ""max_leaf_nodes"": 7}",0.6786067015203715,0.6786067015203715,0.003934836268650718
monthly,hgb,D_B_M,"{""learning_rate"": 0.05, ""max_leaf_nodes"": 3}",0.6552251277534378,0.6552251277534378,0.005826495666626365
monthly,hgb,D_B_M,"{""learning_rate"": 0.05, ""max_leaf_nodes"": 7}",0.6479455335646769,0.6479455335646768,0.006732808230399512
monthly,hgb,P,"{""learning_rate"": 0.05, ""max_leaf_nodes"": 3}",0.676295230627746,0.6762952306277459,0.008160223523377648
monthly,hgb,P,"{""learning_rate"": 0.05, ""max_leaf_nodes"": 7}",0.6786441759394007,0.6786441759394007,0.009204864837985077
monthly,hgb,D_P,"{""learning_rate"": 0.05, ""max_leaf_nodes"": 3}",0.655579114392674,0.6555791143926741,0.005313594365182909
monthly,hgb,D_P,"{""learning_rate"": 0.05, ""max_leaf_nodes"": 7}",0.6494310292844062,0.6494310292844062,0.008292280504907672
monthly,hgb,B_P,"{""learning_rate"": 0.05, ""max_leaf_nodes"": 3}",0.669022125506133,0.6690221255061329,0.006589425874650523
monthly,hgb,B_P,"{""learning_rate"": 0.05, ""max_leaf_nodes"": 7}",0.6697682649569543,0.6697682649569543,0.007330936445503133
monthly,hgb,D_B_P,"{""learning_rate"": 0.05, ""max_leaf_nodes"": 3}",0.6529909245789932,0.6529909245789933,0.006634807807495246
monthly,hgb,D_B_P,"{""learning_rate"": 0.05, ""max_leaf_nodes"": 7}",0.6446404302070816,0.6446404302070816,0.009190216019646636
monthly,hgb,M_P,"{""learning_rate"": 0.05, ""max_leaf_nodes"": 3}",0.6754977157412296,0.6754977157412296,0.00800660567853421
monthly,hgb,M_P,"{""learning_rate"": 0.05, ""max_leaf_nodes"": 7}",0.6788717533916541,0.6788717533916541,0.009245474156566635
monthly,hgb,D_M_P,"{""learning_rate"": 0.05, ""max_leaf_nodes"": 3}",0.6557372331380308,0.6557372331380308,0.005374502334973984
monthly,hgb,D_M_P,"{""learning_rate"": 0.05, ""max_leaf_nodes"": 7}",0.6484414917981995,0.6484414917981994,0.008045484026513925
monthly,hgb,B_M_P,"{""learning_rate"": 0.05, ""max_leaf_nodes"": 3}",0.6699033470722805,0.6699033470722806,0.00665212517440559
monthly,hgb,B_M_P,"{""learning_rate"": 0.05, ""max_leaf_nodes"": 7}",0.6699743578037214,0.6699743578037214,0.00836823120431227
monthly,hgb,D_B_M_P,"{""learning_rate"": 0.05, ""max_leaf_nodes"": 3}",0.653032568866624,0.6530325688666239,0.006659153099291793
monthly,hgb,D_B_M_P,"{""learning_rate"": 0.05, ""max_leaf_nodes"": 7}",0.6469951584987315,0.6469951584987313,0.009403273668456807
monthly,hgb,C,"{""learning_rate"": 0.05, ""max_leaf_nodes"": 3}",0.6838359952142464,0.6838359952142465,0.0017977909293685223
monthly,hgb,C,"{""learning_rate"": 0.05, ""max_leaf_nodes"": 7}",0.6838359952142464,0.6838359952142465,0.0017977909293685223
monthly,hgb,D_C,"{""learning_rate"": 0.05, ""max_leaf_nodes"": 3}",0.6572333367175114,0.6572333367175115,0.004357208151613985
monthly,hgb,D_C,"{""learning_rate"": 0.05, ""max_leaf_nodes"": 7}",0.6569670374181898,0.6569670374181898,0.006357067744040584
monthly,hgb,B_C,"{""learning_rate"": 0.05, ""max_leaf_nodes"": 3}",0.6763225149381868,0.6763225149381868,0.002946884966872743
monthly,hgb,B_C,"{""learning_rate"": 0.05, ""max_leaf_nodes"": 7}",0.6769999893437364,0.6769999893437364,0.0035163853945083625
monthly,hgb,D_B_C,"{""learning_rate"": 0.05, ""max_leaf_nodes"": 3}",0.6533982734574818,0.6533982734574818,0.005611189042081931
monthly,hgb,D_B_C,"{""learning_rate"": 0.05, ""max_leaf_nodes"": 7}",0.6466543078046516,0.6466543078046516,0.006454034540099941
monthly,hgb,M_C,"{""learning_rate"": 0.05, ""max_leaf_nodes"": 3}",0.6833385355201584,0.6833385355201583,0.0027511829355608246
monthly,hgb,M_C,"{""learning_rate"": 0.05, ""max_leaf_nodes"": 7}",0.683840650539892,0.6838406505398917,0.005195275038771848
monthly,hgb,D_M_C,"{""learning_rate"": 0.05, ""max_leaf_nodes"": 3}",0.6581249026587547,0.6581249026587546,0.004201536209351072
monthly,hgb,D_M_C,"{""learning_rate"": 0.05, ""max_leaf_nodes"": 7}",0.6533400902613601,0.65334009026136,0.006183977228403738
monthly,hgb,B_M_C,"{""learning_rate"": 0.05, ""max_leaf_nodes"": 3}",0.6779996238321292,0.6779996238321293,0.0029166413524999994
monthly,hgb,B_M_C,"{""learning_rate"": 0.05, ""max_leaf_nodes"": 7}",0.6786320591327236,0.6786320591327236,0.005338726984852331
monthly,hgb,D_B_M_C,"{""learning_rate"": 0.05, ""max_leaf_nodes"": 3}",0.6538845289956925,0.6538845289956925,0.005534378305222735
monthly,hgb,D_B_M_C,"{""learning_rate"": 0.05, ""max_leaf_nodes"": 7}",0.6464792950711277,0.6464792950711278,0.007315312890911592
monthly,hgb,P_C,"{""learning_rate"": 0.05, ""max_leaf_nodes"": 3}",0.6757633861136082,0.6757633861136082,0.008271985775679462
monthly,hgb,P_C,"{""learning_rate"": 0.05, ""max_leaf_nodes"": 7}",0.6772581700445619,0.6772581700445619,0.010228232170832165
monthly,hgb,D_P_C,"{""learning_rate"": 0.05, ""max_leaf_nodes"": 3}",0.6540953438981872,0.6540953438981871,0.004719904868091206
monthly,hgb,D_P_C,"{""learning_rate"": 0.05, ""max_leaf_nodes"": 7}",0.6481631776288537,0.6481631776288538,0.006613219245012524
monthly,hgb,B_P_C,"{""learning_rate"": 0.05, ""max_leaf_nodes"": 3}",0.6694771801527711,0.6694771801527711,0.006513090485697747
monthly,hgb,B_P_C,"{""learning_rate"": 0.05, ""max_leaf_nodes"": 7}",0.6707538314089452,0.6707538314089452,0.008445950570110819
monthly,hgb,D_B_P_C,"{""learning_rate"": 0.05, ""max_leaf_nodes"": 3}",0.6528703091662112,0.6528703091662112,0.006097943540251779
monthly,hgb,D_B_P_C,"{""learning_rate"": 0.05, ""max_leaf_nodes"": 7}",0.6434789436712898,0.6434789436712899,0.008323771320450826
monthly,hgb,M_P_C,"{""learning_rate"": 0.05, ""max_leaf_nodes"": 3}",0.6751968387873398,0.6751968387873398,0.007723894646925181
monthly,hgb,M_P_C,"{""learning_rate"": 0.05, ""max_leaf_nodes"": 7}",0.6776440728189956,0.6776440728189956,0.009898713063593117
monthly,hgb,D_M_P_C,"{""learning_rate"": 0.05, ""max_leaf_nodes"": 3}",0.6541342694172045,0.6541342694172044,0.0047336595674383935
monthly,hgb,D_M_P_C,"{""learning_rate"": 0.05, ""max_leaf_nodes"": 7}",0.6474406594563313,0.6474406594563314,0.006726966552817545
monthly,hgb,B_M_P_C,"{""learning_rate"": 0.05, ""max_leaf_nodes"": 3}",0.6707281887694687,0.6707281887694687,0.006726968085429283
monthly,hgb,B_M_P_C,"{""learning_rate"": 0.05, ""max_leaf_nodes"": 7}",0.6703230775405458,0.6703230775405457,0.0079967491363726
monthly,hgb,D_B_M_P_C,"{""learning_rate"": 0.05, ""max_leaf_nodes"": 3}",0.6528525088514758,0.6528525088514758,0.006087763338421434
monthly,hgb,D_B_M_P_C,"{""learning_rate"": 0.05, ""max_leaf_nodes"": 7}",0.6430229347736638,0.6430229347736637,0.007851479722325382
monthly,hgb,A,"{""learning_rate"": 0.05, ""max_leaf_nodes"": 3}",0.6768591669112052,0.6768591669112052,0.00162005557845137
monthly,hgb,A,"{""learning_rate"": 0.05, ""max_leaf_nodes"": 7}",0.6768591669112052,0.6768591669112052,0.00162005557845137
monthly,hgb,D_A,"{""learning_rate"": 0.05, ""max_leaf_nodes"": 3}",0.6546657112938649,0.6546657112938649,0.003469775081719405
monthly,hgb,D_A,"{""learning_rate"": 0.05, ""max_leaf_nodes"": 7}",0.6540862325841168,0.6540862325841168,0.004559904871477254
monthly,hgb,B_A,"{""learning_rate"": 0.05, ""max_leaf_nodes"": 3}",0.6707577129357915,0.6707577129357913,0.0027564832208586223
monthly,hgb,B_A,"{""learning_rate"": 0.05, ""max_leaf_nodes"": 7}",0.6708661175573291,0.6708661175573291,0.0028294344059010884
monthly,hgb,D_B_A,"{""learning_rate"": 0.05, ""max_leaf_nodes"": 3}",0.651100247708757,0.6511002477087569,0.0055547953148584175
monthly,hgb,D_B_A,"{""learning_rate"": 0.05, ""max_leaf_nodes"": 7}",0.642492702408009,0.6424927024080089,0.0055499223438054855
monthly,hgb,M_A,"{""learning_rate"": 0.05, ""max_leaf_nodes"": 3}",0.6760831328031685,0.6760831328031685,0.0022283132727802576
monthly,hgb,M_A,"{""learning_rate"": 0.05, ""max_leaf_nodes"": 7}",0.6761264782977527,0.6761264782977527,0.0025430441745668605
monthly,hgb,D_M_A,"{""learning_rate"": 0.05, ""max_leaf_nodes"": 3}",0.6551870214736137,0.6551870214736137,0.003705581240478688
monthly,hgb,D_M_A,"{""learning_rate"": 0.05, ""max_leaf_nodes"": 7}",0.6511345429862628,0.6511345429862628,0.004172648595097302
monthly,hgb,B_M_A,"{""learning_rate"": 0.05, ""max_leaf_nodes"": 3}",0.6700832563067912,0.6700832563067911,0.0027024293500215522
monthly,hgb,B_M_A,"{""learning_rate"": 0.05, ""max_leaf_nodes"": 7}",0.6723259677112512,0.6723259677112512,0.0033858620454922336
monthly,hgb,D_B_M_A,"{""learning_rate"": 0.05, ""max_leaf_nodes"": 3}",0.6517168132587883,0.6517168132587883,0.005462531706418769
monthly,hgb,D_B_M_A,"{""learning_rate"": 0.05, ""max_leaf_nodes"": 7}",0.642368337931568,0.642368337931568,0.005795031494392815
monthly,hgb,P_A,"{""learning_rate"": 0.05, ""max_leaf_nodes"": 3}",0.6706373405559803,0.6706373405559803,0.008305031545009618
monthly,hgb,P_A,"{""learning_rate"": 0.05, ""max_leaf_nodes"": 7}",0.6739572502590028,0.6739572502590028,0.010887426992000274
monthly,hgb,D_P_A,"{""learning_rate"": 0.05, ""max_leaf_nodes"": 3}",0.6532614202470094,0.6532614202470095,0.00481163141688304
monthly,hgb,D_P_A,"{""learning_rate"": 0.05, ""max_leaf_nodes"": 7}",0.646261232964126,0.646261232964126,0.007363592607461913
monthly,hgb,B_P_A,"{""learning_rate"": 0.05, ""max_leaf_nodes"": 3}",0.6643167323717605,0.6643167323717605,0.00641315909006394
monthly,hgb,B_P_A,"{""learning_rate"": 0.05, ""max_leaf_nodes"": 7}",0.665287236966359,0.6652872369663589,0.008171867254116692
monthly,hgb,D_B_P_A,"{""learning_rate"": 0.05, ""max_leaf_nodes"": 3}",0.6504031752586599,0.6504031752586598,0.0059422345574756666
monthly,hgb,D_B_P_A,"{""learning_rate"": 0.05, ""max_leaf_nodes"": 7}",0.6407861884373235,0.6407861884373235,0.008871477803274805
monthly,hgb,M_P_A,"{""learning_rate"": 0.05, ""max_leaf_nodes"": 3}",0.6687535033033553,0.6687535033033551,0.007920194924248768
monthly,hgb,M_P_A,"{""learning_rate"": 0.05, ""max_leaf_nodes"": 7}",0.6714218896249361,0.6714218896249362,0.01055949163683211
monthly,hgb,D_M_P_A,"{""learning_rate"": 0.05, ""max_leaf_nodes"": 3}",0.6531866633881055,0.6531866633881055,0.004762616341680899
monthly,hgb,D_M_P_A,"{""learning_rate"": 0.05, ""max_leaf_nodes"": 7}",0.6453156279733444,0.6453156279733443,0.007380392452822745
monthly,hgb,B_M_P_A,"{""learning_rate"": 0.05, ""max_leaf_nodes"": 3}",0.6648236397165412,0.6648236397165412,0.006700408308361698
monthly,hgb,B_M_P_A,"{""learning_rate"": 0.05, ""max_leaf_nodes"": 7}",0.6664265776243118,0.6664265776243118,0.008545000541964075
monthly,hgb,D_B_M_P_A,"{""learning_rate"": 0.05, ""max_leaf_nodes"": 3}",0.6504749749335629,0.6504749749335629,0.005905462324623951
monthly,hgb,D_B_M_P_A,"{""learning_rate"": 0.05, ""max_leaf_nodes"": 7}",0.6416068132555657,0.6416068132555657,0.00866880525459223
monthly,hgb,C_A,"{""learning_rate"": 0.05, ""max_leaf_nodes"": 3}",0.6780495650082836,0.6780495650082835,0.0038415465216390487
monthly,hgb,C_A,"{""learning_rate"": 0.05, ""max_leaf_nodes"": 7}",0.6782309681256411,0.678230968125641,0.0039272362066370544
monthly,hgb,D_C_A,"{""learning_rate"": 0.05, ""max_leaf_nodes"": 3}",0.6538460999965373,0.6538460999965372,0.0031900644804987886
monthly,hgb,D_C_A,"{""learning_rate"": 0.05, ""max_leaf_nodes"": 7}",0.6545826697229963,0.6545826697229962,0.0039191591969206995
monthly,hgb,B_C_A,"{""learning_rate"": 0.05, ""max_leaf_nodes"": 3}",0.6703318579715842,0.6703318579715841,0.0021641866170806173
monthly,hgb,B_C_A,"{""learning_rate"": 0.05, ""max_leaf_nodes"": 7}",0.6720506960951388,0.6720506960951387,0.002107559186574139
monthly,hgb,D_B_C_A,"{""learning_rate"": 0.05, ""max_leaf_nodes"": 3}",0.6505237063470046,0.6505237063470044,0.00509672244992384
monthly,hgb,D_B_C_A,"{""learning_rate"": 0.05, ""max_leaf_nodes"": 7}",0.6438309123101804,0.6438309123101804,0.004233763756548645
monthly,hgb,M_C_A,"{""learning_rate"": 0.05, ""max_leaf_nodes"": 3}",0.6754440618166452,0.6754440618166453,0.004119816685442368
monthly,hgb,M_C_A,"{""learning_rate"": 0.05, ""max_leaf_nodes"": 7}",0.6767700935063599,0.6767700935063597,0.005597605339416357
monthly,hgb,D_M_C_A,"{""learning_rate"": 0.05, ""max_leaf_nodes"": 3}",0.6540917936504583,0.6540917936504583,0.00325542668169564
monthly,hgb,D_M_C_A,"{""learning_rate"": 0.05, ""max_leaf_nodes"": 7}",0.6508612209837084,0.6508612209837082,0.0033944913301671804
monthly,hgb,B_M_C_A,"{""learning_rate"": 0.05, ""max_leaf_nodes"": 3}",0.6705879659647836,0.6705879659647835,0.002302309414170599
monthly,hgb,B_M_C_A,"{""learning_rate"": 0.05, ""max_leaf_nodes"": 7}",0.6735035307142626,0.6735035307142626,0.0040894656964134074
monthly,hgb,D_B_M_C_A,"{""learning_rate"": 0.05, ""max_leaf_nodes"": 3}",0.6508049212806974,0.6508049212806976,0.0051201372365402694
monthly,hgb,D_B_M_C_A,"{""learning_rate"": 0.05, ""max_leaf_nodes"": 7}",0.6429831322173901,0.6429831322173902,0.004113192630361706
monthly,hgb,P_C_A,"{""learning_rate"": 0.05, ""max_leaf_nodes"": 3}",0.6710519156048226,0.6710519156048225,0.008593005436494562
monthly,hgb,P_C_A,"{""learning_rate"": 0.05, ""max_leaf_nodes"": 7}",0.6740424426203934,0.6740424426203936,0.012130826902051473
monthly,hgb,D_P_C_A,"{""learning_rate"": 0.05, ""max_leaf_nodes"": 3}",0.6520443412065784,0.6520443412065784,0.004341817905728998
monthly,hgb,D_P_C_A,"{""learning_rate"": 0.05, ""max_leaf_nodes"": 7}",0.6447294028759332,0.6447294028759332,0.005690312397104112
monthly,hgb,B_P_C_A,"{""learning_rate"": 0.05, ""max_leaf_nodes"": 3}",0.6657166492743515,0.6657166492743515,0.006123776257013767
monthly,hgb,B_P_C_A,"{""learning_rate"": 0.05, ""max_leaf_nodes"": 7}",0.6680788457448442,0.6680788457448441,0.008606884633432895
monthly,hgb,D_B_P_C_A,"{""learning_rate"": 0.05, ""max_leaf_nodes"": 3}",0.6501489220155946,0.6501489220155946,0.005456724742436553
monthly,hgb,D_B_P_C_A,"{""learning_rate"": 0.05, ""max_leaf_nodes"": 7}",0.6395033476906337,0.6395033476906337,0.007296727541548374
monthly,hgb,M_P_C_A,"{""learning_rate"": 0.05, ""max_leaf_nodes"": 3}",0.6693804527146231,0.6693804527146231,0.008071005192252335
monthly,hgb,M_P_C_A,"{""learning_rate"": 0.05, ""max_leaf_nodes"": 7}",0.6714888542473578,0.6714888542473579,0.011817106132449863
monthly,hgb,D_M_P_C_A,"{""learning_rate"": 0.05, ""max_leaf_nodes"": 3}",0.6520320800121643,0.6520320800121643,0.004356330244784438
monthly,hgb,D_M_P_C_A,"{""learning_rate"": 0.05, ""max_leaf_nodes"": 7}",0.6452222421168203,0.6452222421168202,0.006148192972679105
monthly,hgb,B_M_P_C_A,"{""learning_rate"": 0.05, ""max_leaf_nodes"": 3}",0.6656628626940387,0.6656628626940385,0.006528869334649846
monthly,hgb,B_M_P_C_A,"{""learning_rate"": 0.05, ""max_leaf_nodes"": 7}",0.6665123423999919,0.666512342399992,0.008755834558215495
monthly,hgb,D_B_M_P_C_A,"{""learning_rate"": 0.05, ""max_leaf_nodes"": 3}",0.6501118654560092,0.6501118654560092,0.005436578282736479
monthly,hgb,D_B_M_P_C_A,"{""learning_rate"": 0.05, ""max_leaf_nodes"": 7}",0.640455500800442,0.6404555008004419,0.00648226397179024
monthly,hgb,K,"{""learning_rate"": 0.05, ""max_leaf_nodes"": 3}",0.6674450198626233,0.6674450198626232,0.0028263744495649838
monthly,hgb,K,"{""learning_rate"": 0.05, ""max_leaf_nodes"": 7}",0.6710679885233195,0.6710679885233194,0.003270615561309249
monthly,hgb,D_K,"{""learning_rate"": 0.05, ""max_leaf_nodes"": 3}",0.651125803540708,0.651125803540708,0.0034022291908401025
monthly,hgb,D_K,"{""learning_rate"": 0.05, ""max_leaf_nodes"": 7}",0.6429867933722225,0.6429867933722226,0.003525515381620422
monthly,hgb,B_K,"{""learning_rate"": 0.05, ""max_leaf_nodes"": 3}",0.6623307580809762,0.6623307580809763,0.0023985638098892007
monthly,hgb,B_K,"{""learning_rate"": 0.05, ""max_leaf_nodes"": 7}",0.6649122987619481,0.6649122987619481,0.004450025716498619
monthly,hgb,D_B_K,"{""learning_rate"": 0.05, ""max_leaf_nodes"": 3}",0.648307576684882,0.648307576684882,0.003841389294354006
monthly,hgb,D_B_K,"{""learning_rate"": 0.05, ""max_leaf_nodes"": 7}",0.6391291772665685,0.6391291772665684,0.00457345555817971
monthly,hgb,M_K,"{""learning_rate"": 0.05, ""max_leaf_nodes"": 3}",0.668051100460578,0.668051100460578,0.002827268555328483
monthly,hgb,M_K,"{""learning_rate"": 0.05, ""max_leaf_nodes"": 7}",0.6721703494451772,0.6721703494451771,0.004944895538308339
monthly,hgb,D_M_K,"{""learning_rate"": 0.05, ""max_leaf_nodes"": 3}",0.6516130009219003,0.6516130009219003,0.003648024689650936
monthly,hgb,D_M_K,"{""learning_rate"": 0.05, ""max_leaf_nodes"": 7}",0.6425239803940094,0.6425239803940093,0.003624256008899414
monthly,hgb,B_M_K,"{""learning_rate"": 0.05, ""max_leaf_nodes"": 3}",0.6627595180630195,0.6627595180630196,0.002108728464986698
monthly,hgb,B_M_K,"{""learning_rate"": 0.05, ""max_leaf_nodes"": 7}",0.6665283723465311,0.666528372346531,0.006380456670867589
monthly,hgb,D_B_M_K,"{""learning_rate"": 0.05, ""max_leaf_nodes"": 3}",0.6482307588697476,0.6482307588697476,0.003677535525659812
monthly,hgb,D_B_M_K,"{""learning_rate"": 0.05, ""max_leaf_nodes"": 7}",0.6399418838800482,0.6399418838800482,0.0041021709440385275
monthly,hgb,P_K,"{""learning_rate"": 0.05, ""max_leaf_nodes"": 3}",0.6632751363809166,0.6632751363809166,0.0069309773198530785
monthly,hgb,P_K,"{""learning_rate"": 0.05, ""max_leaf_nodes"": 7}",0.6641006824684794,0.6641006824684795,0.010082544672575508
monthly,hgb,D_P_K,"{""learning_rate"": 0.05, ""max_leaf_nodes"": 3}",0.6515633354226167,0.6515633354226167,0.0039816826063182945
monthly,hgb,D_P_K,"{""learning_rate"": 0.05, ""max_leaf_nodes"": 7}",0.636894657282063,0.636894657282063,0.0060598296299818255
monthly,hgb,B_P_K,"{""learning_rate"": 0.05, ""max_leaf_nodes"": 3}",0.6593442795080269,0.659344279508027,0.005629953720323364
monthly,hgb,B_P_K,"{""learning_rate"": 0.05, ""max_leaf_nodes"": 7}",0.6575379322304957,0.6575379322304957,0.008768921545736724
monthly,hgb,D_B_P_K,"{""learning_rate"": 0.05, ""max_leaf_nodes"": 3}",0.6495823643787824,0.6495823643787824,0.004111177296767957
monthly,hgb,D_B_P_K,"{""learning_rate"": 0.05, ""max_leaf_nodes"": 7}",0.6367839968821472,0.6367839968821472,0.0067384867568957224
monthly,hgb,M_P_K,"{""learning_rate"": 0.05, ""max_leaf_nodes"": 3}",0.6638203671813552,0.6638203671813553,0.006728186603902443
monthly,hgb,M_P_K,"{""learning_rate"": 0.05, ""max_leaf_nodes"": 7}",0.6637587030528452,0.6637587030528452,0.010561341153252779
monthly,hgb,D_M_P_K,"{""learning_rate"": 0.05, ""max_leaf_nodes"": 3}",0.6515351374616779,0.6515351374616778,0.003980856400243602
monthly,hgb,D_M_P_K,"{""learning_rate"": 0.05, ""max_leaf_nodes"": 7}",0.6375884375512316,0.6375884375512317,0.005878953504681606
monthly,hgb,B_M_P_K,"{""learning_rate"": 0.05, ""max_leaf_nodes"": 3}",0.6601563519784811,0.660156351978481,0.005673760129382307
monthly,hgb,B_M_P_K,"{""learning_rate"": 0.05, ""max_leaf_nodes"": 7}",0.6599591334310483,0.6599591334310481,0.009290617119158469
monthly,hgb,D_B_M_P_K,"{""learning_rate"": 0.05, ""max_leaf_nodes"": 3}",0.6497617672578044,0.6497617672578044,0.004170001557800852
monthly,hgb,D_B_M_P_K,"{""learning_rate"": 0.05, ""max_leaf_nodes"": 7}",0.6367089613465411,0.6367089613465411,0.0063718651202350025
monthly,hgb,C_K,"{""learning_rate"": 0.05, ""max_leaf_nodes"": 3}",0.6681663148413856,0.6681663148413854,0.0030050315552562447
monthly,hgb,C_K,"{""learning_rate"": 0.05, ""max_leaf_nodes"": 7}",0.6727906759139173,0.6727906759139175,0.003914408233181759
monthly,hgb,D_C_K,"{""learning_rate"": 0.05, ""max_leaf_nodes"": 3}",0.6497902943354463,0.6497902943354463,0.002901957736828384
monthly,hgb,D_C_K,"{""learning_rate"": 0.05, ""max_leaf_nodes"": 7}",0.6433089573804018,0.6433089573804018,0.0036595254569029654
monthly,hgb,B_C_K,"{""learning_rate"": 0.05, ""max_leaf_nodes"": 3}",0.6628453088624137,0.6628453088624137,0.0019037471104393462
monthly,hgb,B_C_K,"{""learning_rate"": 0.05, ""max_leaf_nodes"": 7}",0.666902121146406,0.6669021211464061,0.004408084213449733
monthly,hgb,D_B_C_K,"{""learning_rate"": 0.05, ""max_leaf_nodes"": 3}",0.6475311174278078,0.6475311174278078,0.0031116316826752285
monthly,hgb,D_B_C_K,"{""learning_rate"": 0.05, ""max_leaf_nodes"": 7}",0.6390794321401596,0.6390794321401595,0.004063259424297921
monthly,hgb,M_C_K,"{""learning_rate"": 0.05, ""max_leaf_nodes"": 3}",0.6688686443523211,0.6688686443523211,0.002771978489706845
monthly,hgb,M_C_K,"{""learning_rate"": 0.05, ""max_leaf_nodes"": 7}",0.6732346203068202,0.6732346203068202,0.004746590088714276
monthly,hgb,D_M_C_K,"{""learning_rate"": 0.05, ""max_leaf_nodes"": 3}",0.6503757400537914,0.6503757400537914,0.003014644772272582
monthly,hgb,D_M_C_K,"{""learning_rate"": 0.05, ""max_leaf_nodes"": 7}",0.6431016336450406,0.6431016336450406,0.003179665402043561
monthly,hgb,B_M_C_K,"{""learning_rate"": 0.05, ""max_leaf_nodes"": 3}",0.6633957385124338,0.6633957385124338,0.0020443494873095135
monthly,hgb,B_M_C_K,"{""learning_rate"": 0.05, ""max_leaf_nodes"": 7}",0.6681167694554386,0.6681167694554386,0.0051233297055703906
monthly,hgb,D_B_M_C_K,"{""learning_rate"": 0.05, ""max_leaf_nodes"": 3}",0.6478916533130391,0.6478916533130391,0.003292800413769044
monthly,hgb,D_B_M_C_K,"{""learning_rate"": 0.05, ""max_leaf_nodes"": 7}",0.6395355976639396,0.6395355976639397,0.004581737078415153
monthly,hgb,P_C_K,"{""learning_rate"": 0.05, ""max_leaf_nodes"": 3}",0.6632096754919381,0.6632096754919379,0.006930236421340008
monthly,hgb,P_C_K,"{""learning_rate"": 0.05, ""max_leaf_nodes"": 7}",0.6634978353610276,0.6634978353610277,0.010788966657018272
monthly,hgb,D_P_C_K,"{""learning_rate"": 0.05, ""max_leaf_nodes"": 3}",0.6507597045755853,0.6507597045755853,0.003377630870606359
monthly,hgb,D_P_C_K,"{""learning_rate"": 0.05, ""max_leaf_nodes"": 7}",0.6372474778494928,0.6372474778494928,0.005043040865029975
monthly,hgb,B_P_C_K,"{""learning_rate"": 0.05, ""max_leaf_nodes"": 3}",0.6599002081812338,0.659900208181234,0.0055913557363984605
monthly,hgb,B_P_C_K,"{""learning_rate"": 0.05, ""max_leaf_nodes"": 7}",0.65752818754509,0.65752818754509,0.008782108615838176
monthly,hgb,D_B_P_C_K,"{""learning_rate"": 0.05, ""max_leaf_nodes"": 3}",0.6496352195913307,0.6496352195913306,0.0036457233877100364
monthly,hgb,D_B_P_C_K,"{""learning_rate"": 0.05, ""max_leaf_nodes"": 7}",0.6355367079861938,0.6355367079861938,0.005284235465316018
monthly,hgb,M_P_C_K,"{""learning_rate"": 0.05, ""max_leaf_nodes"": 3}",0.6634121235524688,0.6634121235524688,0.006674576383411957
monthly,hgb,M_P_C_K,"{""learning_rate"": 0.05, ""max_leaf_nodes"": 7}",0.6626073554593505,0.6626073554593506,0.010815410037548639
monthly,hgb,D_M_P_C_K,"{""learning_rate"": 0.05, ""max_leaf_nodes"": 3}",0.6510914871253348,0.6510914871253348,0.0034191680028675038
monthly,hgb,D_M_P_C_K,"{""learning_rate"": 0.05, ""max_leaf_nodes"": 7}",0.637567484213459,0.637567484213459,0.004585011495808877
monthly,hgb,B_M_P_C_K,"{""learning_rate"": 0.05, ""max_leaf_nodes"": 3}",0.6605327011119158,0.6605327011119156,0.00573600378479806
monthly,hgb,B_M_P_C_K,"{""learning_rate"": 0.05, ""max_leaf_nodes"": 7}",0.6608907178350023,0.6608907178350022,0.00933938177295632
monthly,hgb,D_B_M_P_C_K,"{""learning_rate"": 0.05, ""max_leaf_nodes"": 3}",0.6500126210339972,0.6500126210339972,0.0037975345999435458
monthly,hgb,D_B_M_P_C_K,"{""learning_rate"": 0.05, ""max_leaf_nodes"": 7}",0.6362536141096137,0.6362536141096136,0.0058883617143104085
monthly,hgb,A_K,"{""learning_rate"": 0.05, ""max_leaf_nodes"": 3}",0.6620231668505336,0.6620231668505336,0.0038843174794732124
monthly,hgb,A_K,"{""learning_rate"": 0.05, ""max_leaf_nodes"": 7}",0.6650724511200918,0.6650724511200918,0.005157730392807003
monthly,hgb,D_A_K,"{""learning_rate"": 0.05, ""max_leaf_nodes"": 3}",0.6469023399255773,0.6469023399255773,0.0031434037727652102
monthly,hgb,D_A_K,"{""learning_rate"": 0.05, ""max_leaf_nodes"": 7}",0.6397408576381677,0.6397408576381677,0.004048893879297076
monthly,hgb,B_A_K,"{""learning_rate"": 0.05, ""max_leaf_nodes"": 3}",0.6572000508828277,0.6572000508828277,0.00376975649601849
monthly,hgb,B_A_K,"{""learning_rate"": 0.05, ""max_leaf_nodes"": 7}",0.6599964110282572,0.6599964110282572,0.005939205926171205
monthly,hgb,D_B_A_K,"{""learning_rate"": 0.05, ""max_leaf_nodes"": 3}",0.6452636699289687,0.6452636699289686,0.003967879695287426
monthly,hgb,D_B_A_K,"{""learning_rate"": 0.05, ""max_leaf_nodes"": 7}",0.6358662556189094,0.6358662556189094,0.005810995994187092
monthly,hgb,M_A_K,"{""learning_rate"": 0.05, ""max_leaf_nodes"": 3}",0.6621757540174193,0.6621757540174196,0.0037988505153669
monthly,hgb,M_A_K,"{""learning_rate"": 0.05, ""max_leaf_nodes"": 7}",0.6649695190611041,0.6649695190611041,0.006150769516094608
monthly,hgb,D_M_A_K,"{""learning_rate"": 0.05, ""max_leaf_nodes"": 3}",0.6473909922715797,0.6473909922715797,0.003225898728347749
monthly,hgb,D_M_A_K,"{""learning_rate"": 0.05, ""max_leaf_nodes"": 7}",0.6396232067786213,0.6396232067786213,0.0038598153464196225
monthly,hgb,B_M_A_K,"{""learning_rate"": 0.05, ""max_leaf_nodes"": 3}",0.6576861451526064,0.6576861451526065,0.003228412072131462
monthly,hgb,B_M_A_K,"{""learning_rate"": 0.05, ""max_leaf_nodes"": 7}",0.6604933869928805,0.6604933869928805,0.0064992686367820055
monthly,hgb,D_B_M_A_K,"{""learning_rate"": 0.05, ""max_leaf_nodes"": 3}",0.6452168267865407,0.6452168267865407,0.003913049602010818
monthly,hgb,D_B_M_A_K,"{""learning_rate"": 0.05, ""max_leaf_nodes"": 7}",0.6363950866265823,0.6363950866265823,0.005072018900322111
monthly,hgb,P_A_K,"{""learning_rate"": 0.05, ""max_leaf_nodes"": 3}",0.6582184728673525,0.6582184728673527,0.007527206369203727
monthly,hgb,P_A_K,"{""learning_rate"": 0.05, ""max_leaf_nodes"": 7}",0.6600540866855737,0.6600540866855737,0.011957394974545987
monthly,hgb,D_P_A_K,"{""learning_rate"": 0.05, ""max_leaf_nodes"": 3}",0.649012073748905,0.649012073748905,0.004678722414257892
monthly,hgb,D_P_A_K,"{""learning_rate"": 0.05, ""max_leaf_nodes"": 7}",0.6346380484981019,0.6346380484981019,0.006540044873410563
monthly,hgb,B_P_A_K,"{""learning_rate"": 0.05, ""max_leaf_nodes"": 3}",0.6552081064228352,0.6552081064228352,0.0065702664592313925
monthly,hgb,B_P_A_K,"{""learning_rate"": 0.05, ""max_leaf_nodes"": 7}",0.6546493615435107,0.6546493615435107,0.010419233887311927
monthly,hgb,D_B_P_A_K,"{""learning_rate"": 0.05, ""max_leaf_nodes"": 3}",0.646862851242978,0.6468628512429779,0.004493770933502362
monthly,hgb,D_B_P_A_K,"{""learning_rate"": 0.05, ""max_leaf_nodes"": 7}",0.6336998056962528,0.6336998056962527,0.0073766237406310275
monthly,hgb,M_P_A_K,"{""learning_rate"": 0.05, ""max_leaf_nodes"": 3}",0.6585801665074421,0.658580166507442,0.007307105090717242
monthly,hgb,M_P_A_K,"{""learning_rate"": 0.05, ""max_leaf_nodes"": 7}",0.6582469304204535,0.6582469304204536,0.011813628538873858
monthly,hgb,D_M_P_A_K,"{""learning_rate"": 0.05, ""max_leaf_nodes"": 3}",0.6489689709342122,0.6489689709342121,0.004650065753422237
monthly,hgb,D_M_P_A_K,"{""learning_rate"": 0.05, ""max_leaf_nodes"": 7}",0.6338599506403536,0.6338599506403536,0.006374587931676878
monthly,hgb,B_M_P_A_K,"{""learning_rate"": 0.05, ""max_leaf_nodes"": 3}",0.6555157846775208,0.6555157846775207,0.006289943613905096
monthly,hgb,B_M_P_A_K,"{""learning_rate"": 0.05, ""max_leaf_nodes"": 7}",0.6563658690595293,0.6563658690595294,0.010796382021576236
monthly,hgb,D_B_M_P_A_K,"{""learning_rate"": 0.05, ""max_leaf_nodes"": 3}",0.6468766849691476,0.6468766849691476,0.004428258293589299
monthly,hgb,D_B_M_P_A_K,"{""learning_rate"": 0.05, ""max_leaf_nodes"": 7}",0.6350891302968769,0.6350891302968769,0.007477930424905711
monthly,hgb,C_A_K,"{""learning_rate"": 0.05, ""max_leaf_nodes"": 3}",0.6631389457752315,0.6631389457752314,0.003826356282887679
monthly,hgb,C_A_K,"{""learning_rate"": 0.05, ""max_leaf_nodes"": 7}",0.666650694516866,0.6666506945168661,0.0054469325079896285
monthly,hgb,D_C_A_K,"{""learning_rate"": 0.05, ""max_leaf_nodes"": 3}",0.6462943643842706,0.6462943643842706,0.00279810307162286
monthly,hgb,D_C_A_K,"{""learning_rate"": 0.05, ""max_leaf_nodes"": 7}",0.6407286678435437,0.6407286678435435,0.002541420206969524
monthly,hgb,B_C_A_K,"{""learning_rate"": 0.05, ""max_leaf_nodes"": 3}",0.6577747755375806,0.6577747755375806,0.0032261778644941622
monthly,hgb,B_C_A_K,"{""learning_rate"": 0.05, ""max_leaf_nodes"": 7}",0.661763302069112,0.661763302069112,0.004700902052372489
monthly,hgb,D_B_C_A_K,"{""learning_rate"": 0.05, ""max_leaf_nodes"": 3}",0.6446140250079763,0.6446140250079763,0.003342363324037532
monthly,hgb,D_B_C_A_K,"{""learning_rate"": 0.05, ""max_leaf_nodes"": 7}",0.6360351913905232,0.6360351913905232,0.004532237432316199
monthly,hgb,M_C_A_K,"{""learning_rate"": 0.05, ""max_leaf_nodes"": 3}",0.6633783475063064,0.6633783475063065,0.0036951106078928716
monthly,hgb,M_C_A_K,"{""learning_rate"": 0.05, ""max_leaf_nodes"": 7}",0.667180251386368,0.6671802513863679,0.006582171478454438
monthly,hgb,D_M_C_A_K,"{""learning_rate"": 0.05, ""max_leaf_nodes"": 3}",0.6464752577057978,0.646475257705798,0.00299088478909124
monthly,hgb,D_M_C_A_K,"{""learning_rate"": 0.05, ""max_leaf_nodes"": 7}",0.6406817623737592,0.6406817623737592,0.003069126817038719
monthly,hgb,B_M_C_A_K,"{""learning_rate"": 0.05, ""max_leaf_nodes"": 3}",0.6583646790864476,0.6583646790864476,0.0028926728837410792
monthly,hgb,B_M_C_A_K,"{""learning_rate"": 0.05, ""max_leaf_nodes"": 7}",0.6615680018140405,0.6615680018140404,0.005500856579903975
monthly,hgb,D_B_M_C_A_K,"{""learning_rate"": 0.05, ""max_leaf_nodes"": 3}",0.6449717802066722,0.6449717802066723,0.0035508544333581254
monthly,hgb,D_B_M_C_A_K,"{""learning_rate"": 0.05, ""max_leaf_nodes"": 7}",0.6366253430486233,0.6366253430486232,0.003521113567796405
monthly,hgb,P_C_A_K,"{""learning_rate"": 0.05, ""max_leaf_nodes"": 3}",0.6587793159494253,0.6587793159494253,0.0074631045353466905
monthly,hgb,P_C_A_K,"{""learning_rate"": 0.05, ""max_leaf_nodes"": 7}",0.6598015198455756,0.6598015198455754,0.012074682146903647
monthly,hgb,D_P_C_A_K,"{""learning_rate"": 0.05, ""max_leaf_nodes"": 3}",0.6484645187244222,0.6484645187244222,0.003767035932002085
monthly,hgb,D_P_C_A_K,"{""learning_rate"": 0.05, ""max_leaf_nodes"": 7}",0.6354893441213885,0.6354893441213886,0.005420266416551198
monthly,hgb,B_P_C_A_K,"{""learning_rate"": 0.05, ""max_leaf_nodes"": 3}",0.6555685664363877,0.6555685664363876,0.006083354530705594
monthly,hgb,B_P_C_A_K,"{""learning_rate"": 0.05, ""max_leaf_nodes"": 7}",0.6549601142965952,0.654960114296595,0.00967835244528286
monthly,hgb,D_B_P_C_A_K,"{""learning_rate"": 0.05, ""max_leaf_nodes"": 3}",0.6468956599722512,0.6468956599722512,0.004149523113597389
monthly,hgb,D_B_P_C_A_K,"{""learning_rate"": 0.05, ""max_leaf_nodes"": 7}",0.6351635594473909,0.6351635594473908,0.006410949417638531
monthly,hgb,M_P_C_A_K,"{""learning_rate"": 0.05, ""max_leaf_nodes"": 3}",0.6589950607373454,0.6589950607373454,0.007460757483582286
monthly,hgb,M_P_C_A_K,"{""learning_rate"": 0.05, ""max_leaf_nodes"": 7}",0.6577136152645925,0.6577136152645925,0.012095350140735994
monthly,hgb,D_M_P_C_A_K,"{""learning_rate"": 0.05, ""max_leaf_nodes"": 3}",0.6484890126768943,0.6484890126768943,0.0037380793766731858
monthly,hgb,D_M_P_C_A_K,"{""learning_rate"": 0.05, ""max_leaf_nodes"": 7}",0.6340182480768777,0.6340182480768777,0.00584603605417011
monthly,hgb,B_M_P_C_A_K,"{""learning_rate"": 0.05, ""max_leaf_nodes"": 3}",0.6559709439434126,0.6559709439434125,0.005831448741886052
monthly,hgb,B_M_P_C_A_K,"{""learning_rate"": 0.05, ""max_leaf_nodes"": 7}",0.6559037948465313,0.6559037948465313,0.010246442222143312
monthly,hgb,D_B_M_P_C_A_K,"{""learning_rate"": 0.05, ""max_leaf_nodes"": 3}",0.6468541096797545,0.6468541096797547,0.004120574253864293
monthly,hgb,D_B_M_P_C_A_K,"{""learning_rate"": 0.05, ""max_leaf_nodes"": 7}",0.6340787915722524,0.6340787915722526,0.005967477575585023
